ticker,p0,p1,ret,rel_spy,ma200,px_vs_ma200,ma200_slope_40d,med_dollar_vol_60d,name,entity_id,sic,sic_description,approx_mcap_usd,shares_outstanding,mcap_now_usd,buildable,name_sec,cik,asof,rev_ttm,ebit_ttm,cash,investments,debt,lease_debt,short_debt,net_debt,ocf_ttm,capex_ttm,sbc_ttm,diluted_shares,fin_notes,gate_ocf,net_debt_to_ocf,debt_label,refi_cover_label,transparent_label,note,gate_liquidity,in_pool
PL,46.459999084472656,18.1200008392334,-0.6099870599160373,-0.6279613490083755,26.977649993896485,-0.3283328665271834,0.0525724923038268,150125919.2492485,Planet Labs PBC,1836833,3663.0,Radio & Tv Broadcasting & Communications Equipment,,,,True,Planet Labs PBC,0001836833,2026-04-30,335612000.0,-107190000.0,368090000.0,362745000.0,0.0,40466000.0,0.0,-690369000.0,132456000.0,85905000.0,58914000.0,345524328.0,取數標籤:有息負債 0M = (無)(其中融資租賃 0M = (無));現金 368M = CashAndCashEquivalentsAtCarryingValue@2026-04-30 368M;投資 363M = AvailableForSaleSecuritiesDebtSecuritiesCurrent@2026-04-30 363M;經營租賃 40M;稀釋股數 345.5M(XBRL 未拆季 2026-02-01→2026-04-30)。,True,-5.212062873709005,淨現金,充裕,齊,,True,True
MX,7.829999923706055,3.0899999141693115,-0.6053639917908493,-0.6233382808831875,3.605650008916855,-0.1430116881761483,0.0271602070413914,3317260.0353240967,MAGNACHIP SEMICONDUCTOR Corp,1325702,3674.0,Semiconductors & Related Devices,111355836.80906224,36510111.0,112816239.85631204,True,Magnachip Semiconductor Corporation,0001325702,2018-09-30,749067000.0,47195000.0,133482000.0,0.0,305039000.0,0.0,0.0,171557000.0,29075000.0,32267000.0,4615000.0,36454812.0,取數標籤:有息負債 305M = LongTermDebtNoncurrent@2018-09-30 305M(其中融資租賃 0M = (無));現金 133M = CashAndCashEquivalentsAtCarryingValue@2018-09-30 133M;投資 0M = (無);經營租賃 0M;稀釋股數 36.5M(XBRL 未拆季 2026-04-01→2026-06-30)。,True,5.900498710232158,中(3–6 倍),充裕,齊,,True,True
ADTN,17.8700008392334,7.099999904632568,-0.6026860900283455,-0.6206603791206837,11.40980000257492,-0.3777279266042992,-0.0086033551937377,18708499.975585938,"ADTRAN Holdings, Inc.",926282,3661.0,Telephone & Telegraph Apparatus,612740179.0858655,81481407.0,578517981.9293275,True,"ADTRAN Holdings, Inc.",0000926282,2026-06-30,1138227000.0,-2006000.0,79236000.0,1016000.0,218822000.0,34092000.0,0.0,172662000.0,93011000.0,36093000.0,8844000.0,80948000.0,"警告:少數股東權益 的候選標籤(MinorityInterest)全部缺 asof(2026-06-30)前後 200 日內的資料,最新只到 2022-12-31,用這筆舊值代替 —— 可能失真,建議人手核對資產負債表。; 取數標籤:有息負債 219M = ConvertibleLongTermNotesPayable@2026-06-30 194M+LongTermLineOfCredit@2026-06-30 25M(其中融資租賃 0M = (無));現金 79M = CashAndCashEquivalentsAtCarryingValue@2026-06-30 79M;投資 1M = LongTermInvestments@2026-06-30 1M;經營租賃 34M;稀釋股數 80.9M(XBRL 未拆季 2026-04-01→2026-06-30)。",True,1.8563610755717066,低(≤3 倍),充裕,齊,,True,True
SSTK,13.335745811462402,5.739999771118164,-0.5695778959595577,-0.5875521850518959,14.214164035320282,-0.5961774637709936,-0.1742313759575552,6731176.958036423,"Shutterstock, Inc.",1549346,7374.0,Services-Computer Processing & Data Preparation,212449183.0,36947684.0,212079697.70334625,True,"SHUTTERSTOCK, INC.",0001549346,2026-06-30,901286000.0,-156063000.0,133208000.0,0.0,273269000.0,21853000.0,158112000.0,161914000.0,132594000.0,42446000.0,53475000.0,36703000.0,取數標籤:有息負債 273M = LongTermDebtCurrent@2026-06-30 158M; LongTermDebtNoncurrent@2026-06-30 115M(其中融資租賃 0M = (無));現金 133M = CashAndCashEquivalentsAtCarryingValue@2026-06-30 133M;投資 0M = (無);經營租賃 22M;稀釋股數 36.7M(XBRL 未拆季 2026-04-01→2026-06-30)。,True,1.2211261444710921,低(≤3 倍),不足(現金投資 < 短債 ×2),齊,,True,True
TE,10.40999984741211,4.599999904632568,-0.5581171976889017,-0.5760914867812399,6.511350013017655,-0.2935412939811048,0.0312441533275433,212873642.0208931,T1 Energy Inc.,1992243,3674.0,Semiconductors & Related Devices,1260575904.2742376,294527066.0,1354824475.5117102,True,T1 Energy Inc.,0001992243,2026-06-30,996851000.0,-227031000.0,79109000.0,0.0,549947000.0,228554000.0,49593000.0,699392000.0,3867000.0,188677000.0,14707000.0,280129000.0,"警告:少數股東權益 的候選標籤(MinorityInterest)全部缺 asof(2026-06-30)前後 200 日內的資料,最新只到 2024-12-31,用這筆舊值代替 —— 可能失真,建議人手核對資產負債表。; 取數標籤:有息負債 550M = LongTermDebt@2026-06-30 550M(其中融資租賃 0M = (無));現金 79M = CashAndCashEquivalentsAtCarryingValue@2026-06-30 79M;投資 0M = (無);經營租賃 229M;稀釋股數 280.1M(XBRL 未拆季 2026-04-01→2026-06-30)。",True,180.86164985777089,高(>6 倍),不足(現金投資 < 短債 ×2),齊,,True,True
SEDG,75.80000305175781,34.20000076293945,-0.5488126730075857,-0.566786962099924,42.04325002670288,-0.1865519259044424,0.0001938119945608,104235397.37625122,"SOLAREDGE TECHNOLOGIES, INC.",1419612,3674.0,Semiconductors & Related Devices,1998971655.7889247,61525748.0,2104180628.5404203,True,"SOLAREDGE TECHNOLOGIES, INC.",0001419612,2026-06-30,1332281000.0,-154549000.0,527257000.0,19685000.0,351503000.0,42377000.0,0.0,-153062000.0,114081000.0,24085000.0,81407000.0,61045194.0,"警告:短期經營租賃負債 的候選標籤(OperatingLeaseLiabilityCurrent)全部缺 asof(2026-06-30)前後 200 日內的資料,最新只到 2024-12-31,用這筆舊值代替 —— 可能失真,建議人手核對資產負債表。; 警告:少數股東權益 的候選標籤(MinorityInterest)全部缺 asof(2026-06-30)前後 200 日內的資料,最新只到 2019-09-30,用這筆舊值代替 —— 可能失真,建議人手核對資產負債表。; 取數標籤:有息負債 352M = ConvertibleDebtNoncurrent@2026-06-30 332M(其中融資租賃 19M = FinanceLeaseLiabilityNoncurrent@2026-06-30 19M);現金 527M = CashAndCashEquivalentsAtCarryingValue@2026-06-30 527M;投資 20M = MarketableSecuritiesCurrent@2026-06-30 20M;經營租賃 42M;稀釋股數 61.0M(XBRL 未拆季 2026-04-01→2026-06-30)。",True,-1.3416958126243634,淨現金,充裕,齊,,True,True
MVST,1.4600000381469729,0.6909999847412109,-0.5267123515844384,-0.5446866406767766,1.9018349972367288,-0.636666700452353,-0.2872412750876376,4453026.585543156,"Microvast Holdings, Inc.",1760689,3690.0,"Miscellaneous Electrical Machinery, Equipment & Supplies",265328794.42319837,384534486.0,265713323.9584694,True,"Microvast Holdings, Inc.",0001760689,2025-09-30,432505000.0,35869000.0,90748000.0,0.0,175983000.0,17925000.0,0.0,103160000.0,65587000.0,19546000.0,2828000.0,348949000.0,"警告:少數股東權益 的候選標籤(MinorityInterest)全部缺 asof(2025-09-30)前後 200 日內的資料,最新只到 2023-09-30,用這筆舊值代替 —— 可能失真,建議人手核對資產負債表。; 取數標籤:有息負債 176M = NotesPayableCurrent@2025-09-30 57M+ShortTermBorrowings@2025-09-30 84M; LongTermDebt@2025-09-30 34M(其中融資租賃 0M = (無));現金 91M = CashAndCashEquivalentsAtCarryingValue@2025-09-30 91M;投資 0M = (無);經營租賃 18M;稀釋股數 348.9M(XBRL 未拆季 2026-04-01→2026-06-30)。",True,1.5728726729382347,低(≤3 倍),充裕,齊,,True,True
INOD,115.31999969482422,55.65999984741211,-0.5173430454846746,-0.5353173345770128,60.75250009536743,-0.0838237149082139,-0.0385694360598594,76894227.76565552,INNODATA INC,903651,7374.0,Services-Computer Processing & Data Preparation,1878668029.6544952,34382651.0,1913738349.413624,True,INNODATA INC,0000903651,2026-06-30,317164000.0,39873000.0,240278000.0,10093000.0,0.0,3832000.0,0.0,-246622000.0,196203000.0,12355000.0,18646000.0,34771000.0,取數標籤:有息負債 0M = (無)(其中融資租賃 0M = (無));現金 240M = CashAndCashEquivalentsAtCarryingValue@2026-06-30 240M;投資 10M = ShortTermInvestments@2026-06-30 10M;經營租賃 4M;稀釋股數 34.8M(XBRL 未拆季 2026-04-01→2026-06-30)。,True,-1.256973644643558,淨現金,充裕,齊,,True,True
ABTC,16.200000762939453,7.989999771118164,-0.5067901608130296,-0.5247644499053679,18.197799963951116,-0.5609359490187861,-0.4281976911750598,9715604.389381409,American Bitcoin Corp.,1755953,6199.0,Finance Services,651654925.7440166,82802406.0,661591204.9880333,True,American Bitcoin Corp.,0001755953,2023-09-30,,-12894026.0,1405000.0,0.0,7733271.0,0.0,7733271.0,6328271.0,2614177.0,0.0,-455556.0,71487408.0,"缺資本開支標籤。; 警告:少數股東權益 的候選標籤(MinorityInterest)全部缺 asof(2023-09-30)前後 200 日內的資料,最新只到 2020-06-30,用這筆舊值代替 —— 可能失真,建議人手核對資產負債表。; 取數標籤:有息負債 8M = LongTermDebt@2023-09-30 8M(其中融資租賃 0M = (無));現金 1M = CashAndCashEquivalentsAtCarryingValue@2023-09-30 1M;投資 0M = (無);經營租賃 0M;稀釋股數 71.5M(XBRL 未拆季 2026-04-01→2026-06-30)。",True,2.420750775483068,低(≤3 倍),不足(現金投資 < 短債 ×2),資料不足(缺收入或營業利潤),,True,True
CABO,51.34000015258789,25.46999931335449,-0.5038956128232378,-0.521869901915576,77.0565500831604,-0.6694635396229529,-0.22000988636588,8450871.801757812,"Cable One, Inc.",1632127,4841.0,Cable & Other Pay Television Services,161763603.0486584,5673925.0,144514865.8540249,True,"Cable One, Inc.",0001632127,2026-06-30,1441634000.0,-252017000.0,166191000.0,0.0,3076411000.0,7656000.0,0.0,2917876000.0,541129000.0,288173000.0,33796000.0,5698814.0,取數標籤:有息負債 3076M = LongTermDebtAndCapitalLeaseObligationsCurrent@2026-06-30 18M; LongTermDebt@2026-06-30 3055M(其中融資租賃 3M = FinanceLeaseLiability@2026-06-30 3M);現金 166M = CashAndCashEquivalentsAtCarryingValue@2026-06-30 166M;投資 0M = (無);經營租賃 8M;稀釋股數 5.7M(XBRL 未拆季 2026-04-01→2026-06-30)。,True,5.392200381055164,中(3–6 倍),充裕,齊,,True,True
VPG,126.23999786376952,63.0099983215332,-0.5008713609966176,-0.5188456500889558,68.37044974327087,-0.0784030446174628,0.1428998708365643,52425028.14331055,"Vishay Precision Group, Inc.",1487952,3670.0,Electronic Components & Accessories,740887118.0007362,12256197.0,772262952.3983803,True,"Vishay Precision Group, Inc.",0001487952,2026-07-04,328589000.0,11245000.0,75702000.0,0.0,15640000.0,23613000.0,0.0,-36593000.0,2846000.0,0.0,2290000.0,13310.0,缺資本開支標籤。; 取數標籤:有息負債 16M = LongTermDebtNoncurrent@2026-07-04 16M(其中融資租賃 0M = (無));現金 76M = CashAndCashEquivalentsAtCarryingValue@2026-07-04 76M;投資 0M = (無);經營租賃 24M;稀釋股數 0.0M(XBRL 未拆季 2026-04-05→2026-07-04)。,True,-12.85769501054111,淨現金,充裕,齊,,True,True
LINC,49.38999938964844,25.63999938964844,-0.4808665781230546,-0.4988408672153929,35.88620011329651,-0.2855192439238408,0.0712314990097502,25649250.2368927,LINCOLN EDUCATIONAL SERVICES CORP,1286613,8200.0,Services-Educational Services,770831915.4984322,31721479.0,813338702.1987457,True,LINCOLN EDUCATIONAL SERVICES CORPORATION,0001286613,2026-06-30,570778000.0,33739000.0,44178000.0,0.0,56898000.0,171201000.0,0.0,183921000.0,94023000.0,69489000.0,5999000.0,31418794.0,取數標籤:有息負債 57M = LongTermDebtNoncurrent@2026-06-30 26M(其中融資租賃 31M = FinanceLeaseLiabilityCurrent@2026-06-30 1M+FinanceLeaseLiabilityNoncurrent@2026-06-30 30M);現金 44M = CashAndCashEquivalentsAtCarryingValue@2026-06-30 44M;投資 0M = (無);經營租賃 171M;稀釋股數 31.4M(XBRL 未拆季 2026-04-01→2026-06-30)。,True,1.956127755974602,低(≤3 倍),充裕,齊,,True,True
QUIK,20.649999618530277,10.760000228881836,-0.4789346039877719,-0.4969088930801101,11.90224995136261,-0.0959692265872811,0.0963877711652851,3957331.009864807,QUICKLOGIC Corp,882508,3674.0,Semiconductors & Related Devices,193435352.64643,18317741.0,197098897.3525982,True,QUICKLOGIC Corp,0000882508,2026-06-28,16295000.0,-11251000.0,18475000.0,0.0,7568000.0,0.0,0.0,-10907000.0,2949000.0,3867000.0,3284000.0,18110000.0,"警告:短期經營租賃負債 的候選標籤(OperatingLeaseLiabilityCurrent)全部缺 asof(2026-06-28)前後 200 日內的資料,最新只到 2024-12-29,用這筆舊值代替 —— 可能失真,建議人手核對資產負債表。; 警告:長期經營租賃負債 的候選標籤(OperatingLeaseLiabilityNoncurrent)全部缺 asof(2026-06-28)前後 200 日內的資料,最新只到 2024-12-29,用這筆舊值代替 —— 可能失真,建議人手核對資產負債表。; 取數標籤:有息負債 8M = NotesPayableCurrent@2026-06-28 2M+LinesOfCreditCurrent@2026-06-28 5M; LongTermNotesPayable@2026-06-28 1M(其中融資租賃 0M = (無));現金 18M = CashCashEquivalentsRestrictedCashAndRestrictedCashEquivalents@2026-06-28 18M;投資 0M = (無);經營租賃 0M;稀釋股數 18.1M(XBRL 未拆季 2026-03-30→2026-06-28)。",True,-3.6985418786029163,淨現金,充裕,齊,,True,True
ARRY,8.819999694824219,4.599999904632568,-0.4784580426536799,-0.4964323317460182,7.835849988460541,-0.4129545727130107,-0.0811942633505844,36744933.32643509,"Array Technologies, Inc.",1820721,3674.0,Semiconductors & Related Devices,703815178.8771725,154007692.0,708435368.512682,True,"ARRAY TECHNOLOGIES, INC.",0001820721,2026-06-30,1185012000.0,-60781000.0,307302000.0,0.0,701427000.0,51459000.0,0.0,445584000.0,162861000.0,28133000.0,17395000.0,155685000.0,取數標籤:有息負債 701M = LongTermDebtNoncurrent@2026-06-30 658M(其中融資租賃 44M = FinanceLeaseLiabilityCurrent@2026-06-30 1M+FinanceLeaseLiabilityNoncurrent@2026-06-30 43M);現金 307M = CashAndCashEquivalentsAtCarryingValue@2026-06-30 307M;投資 0M = (無);經營租賃 51M;稀釋股數 155.7M(XBRL 未拆季 2026-04-01→2026-06-30)。,True,2.735977305800652,低(≤3 倍),充裕,齊,,True,True
APP,613.7000122070312,320.5599975585937,-0.4776601088766916,-0.4956343979690298,486.0418759155273,-0.3404683558288583,-0.0884837340170837,2287989014.781189,AppLovin Corp,1751008,7370.0,"Services-Computer Programming, Data Processing, Etc.",,,,True,AppLovin Corporation,0001751008,2026-06-30,6829124000.0,5288460000.0,3053306000.0,0.0,3515072000.0,31754000.0,0.0,493520000.0,4527589000.0,4246000.0,282376000.0,337031000.0,取數標籤:有息負債 3515M = LongTermDebtNoncurrent@2026-06-30 3515M(其中融資租賃 0M = (無));現金 3053M = CashAndCashEquivalentsAtCarryingValue@2026-06-30 3053M;投資 0M = (無);經營租賃 32M;稀釋股數 337.0M(XBRL 未拆季 2026-04-01→2026-06-30)。,True,0.1090028268908684,低(≤3 倍),充裕,齊,,True,True
UTI,41.38999938964844,22.200000762939453,-0.4636385336963394,-0.4816128227886777,33.32245011329651,-0.3337824593491976,0.0002251715640704,36796646.80767059,UNIVERSAL TECHNICAL INSTITUTE INC,1261654,8200.0,Services-Educational Services,1148735587.3671627,55095231.0,1223114170.2343254,True,"UNIVERSAL TECHNICAL INSTITUTE, INC",0001261654,2026-06-30,883595000.0,44257000.0,130060000.0,40060000.0,163106000.0,199437000.0,2993000.0,192423000.0,74506000.0,97379000.0,12175000.0,55935000.0,取數標籤:有息負債 163M = LongTermDebt@2026-06-30 160M(其中融資租賃 3M = FinanceLeaseLiabilityCurrent@2026-06-30 1M+FinanceLeaseLiabilityNoncurrent@2026-06-30 2M);現金 130M = CashAndCashEquivalentsAtCarryingValue@2026-06-30 130M;投資 40M = ShortTermInvestments@2026-06-30 40M;經營租賃 199M;稀釋股數 55.9M(XBRL 未拆季 2026-04-01→2026-06-30)。,True,2.5826510616594636,低(≤3 倍),充裕,齊,,True,True
RXT,5.920000076293945,3.190000057220459,-0.4611486459274724,-0.4791229350198106,2.737595005184412,0.1652563842275025,0.2123372544145552,39335767.23217964,"Rackspace Technology, Inc.",1810019,7370.0,"Services-Computer Programming, Data Processing, Etc.",764618550.0,254872850.0,813044406.0839415,True,"RACKSPACE TECHNOLOGY, INC.",0001810019,2026-06-30,2702200000.0,-88200000.0,110600000.0,0.0,3170000000.0,115900000.0,24800000.0,3175300000.0,104000000.0,63000000.0,40100000.0,250100000.0,取數標籤:有息負債 3170M = LongTermDebtCurrent@2026-06-30 25M; LongTermDebt@2026-06-30 2787M(其中融資租賃 358M = FinanceLeaseLiabilityCurrent@2026-06-30 62M+FinanceLeaseLiabilityNoncurrent@2026-06-30 297M);現金 111M = CashAndCashEquivalentsAtCarryingValue@2026-06-30 111M;投資 0M = (無);經營租賃 116M;稀釋股數 250.1M(XBRL 未拆季 2026-04-01→2026-06-30)。,True,30.53173076923077,高(>6 倍),充裕,齊,,True,True
MRAM,30.11000061035156,16.3700008392334,-0.4563267848754034,-0.4743010739677417,15.522749981880189,0.0545812345326834,0.0747812634489724,20470073.90604019,EVERSPIN TECHNOLOGIES INC.,1438423,3674.0,Semiconductors & Related Devices,386191134.3800879,24350009.0,398609667.7653408,True,"Everspin Technologies, Inc.",0001438423,2026-06-30,62471000.0,-9714000.0,43896000.0,0.0,905000.0,0.0,889000.0,-42991000.0,4234000.0,9614000.0,5454000.0,23882618.0,"缺折舊攤銷標籤。; 警告:短期經營租賃負債 的候選標籤(OperatingLeaseLiabilityCurrent)全部缺 asof(2026-06-30)前後 200 日內的資料,最新只到 2021-12-31,用這筆舊值代替 —— 可能失真,建議人手核對資產負債表。; 警告:長期經營租賃負債 的候選標籤(OperatingLeaseLiabilityNoncurrent)全部缺 asof(2026-06-30)前後 200 日內的資料,最新只到 2021-12-31,用這筆舊值代替 —— 可能失真,建議人手核對資產負債表。; 取數標籤:有息負債 1M = LongTermDebtCurrent@2026-06-30 1M; LongTermDebtNoncurrent@2026-06-30 0M(其中融資租賃 0M = (無));現金 44M = CashAndCashEquivalentsAtCarryingValue@2026-06-30 44M;投資 0M = (無);經營租賃 0M;稀釋股數 23.9M(XBRL 未拆季 2026-04-01→2026-06-30)。",True,-10.15375531412376,淨現金,充裕,齊,,True,True
CIEN,569.6099853515625,321.0,-0.436456508391651,-0.4544307974839893,377.16464973449706,-0.1489128150637496,0.112149879934037,841441774.2370605,CIENA CORP,936395,3661.0,Telephone & Telegraph Apparatus,51005762483.52496,141552922.0,45438487962.0,True,Ciena Corp,0000936395,2026-08-01,6020894000.0,738953000.0,2445708000.0,499338000.0,3234983000.0,50894000.0,0.0,340831000.0,1054683000.0,240321000.0,212007000.0,145967000.0,取數標籤:有息負債 3235M = LongTermDebtNoncurrent@2026-08-01 3230M(其中融資租賃 5M = FinanceLeaseLiabilityCurrent@2026-08-01 5M);現金 2446M = CashAndCashEquivalentsAtCarryingValue@2026-08-01 2446M;投資 499M = AvailableForSaleSecuritiesDebtSecurities@2026-08-01 499M(合計標籤);經營租賃 51M;稀釋股數 146.0M(XBRL 未拆季 2026-05-03→2026-08-01)。,True,0.3231596602960321,低(≤3 倍),充裕,齊,,True,True
LASR,70.58000183105469,40.060001373291016,-0.4324171105976806,-0.4503913996900188,57.30917510032654,-0.3009845054799478,0.0869476551440109,66212956.6368103,"NLIGHT, INC.",1124796,3674.0,Semiconductors & Related Devices,2326068725.434349,57690197.0,2311069371.045429,True,"NLIGHT, INC.",0001124796,2026-06-30,310699000.0,-16990000.0,295761000.0,34686000.0,0.0,14843000.0,0.0,-315604000.0,53151000.0,11321000.0,42833000.0,56983000.0,取數標籤:有息負債 0M = (無)(其中融資租賃 0M = (無));現金 296M = CashAndCashEquivalentsAtCarryingValue@2026-06-30 296M;投資 35M = AvailableForSaleSecuritiesDebtSecuritiesCurrent@2026-06-30 35M;經營租賃 15M;稀釋股數 57.0M(XBRL 未拆季 2026-04-01→2026-06-30)。,True,-5.937875110534138,淨現金,充裕,齊,,True,True
VSH,55.897193908691406,31.799999237060547,-0.4310984682163805,-0.4490727573087187,28.78579074859619,0.104711679272224,0.1374660000343075,196083973.97708893,VISHAY INTERTECHNOLOGY INC,103730,3670.0,Electronic Components & Accessories,,,,True,"Vishay Intertechnology, Inc.",0000103730,2026-07-04,3319379000.0,109585000.0,1297309000.0,5263000.0,975744000.0,124824000.0,737744000.0,-202004000.0,346029000.0,352988000.0,0.0,147901000.0,"companyfacts 沒有可用的股權薪酬季度標籤,SBC 當 0 處理 —— 這會高估自由現金流。; 警告:少數股東權益 的候選標籤(MinorityInterest)全部缺 asof(2026-07-04)前後 200 日內的資料,最新只到 2024-12-31,用這筆舊值代替 —— 可能失真,建議人手核對資產負債表。; 取數標籤:有息負債 976M = LongTermDebtCurrent@2026-07-04 738M; LongTermLineOfCredit@2026-07-04 238M(其中融資租賃 0M = (無));現金 1297M = CashAndCashEquivalentsAtCarryingValue@2026-07-04 1297M;投資 5M = OtherShortTermInvestments@2026-07-04 5M;經營租賃 125M;稀釋股數 147.9M(XBRL 未拆季 2026-04-05→2026-07-04)。",True,-0.5837776602539093,淨現金,不足(現金投資 < 短債 ×2),齊,,True,True
CCOI,17.65465545654297,10.050000190734863,-0.4307450397164083,-0.4487193288087465,18.179462323188783,-0.4471783591797651,-0.2070295511647214,16266251.93567276,"COGENT COMMUNICATIONS HOLDINGS, INC.",1158324,4899.0,"Communications Services, NEC",461453793.0823517,51215736.0,514718156.5686264,True,"COGENT COMMUNICATIONS HOLDINGS, INC.",0001158324,2026-06-30,957219000.0,76114000.0,183703000.0,0.0,630210000.0,309476000.0,0.0,755983000.0,15137000.0,158055000.0,16984000.0,48429166.0,取數標籤:有息負債 630M = (無)(其中融資租賃 630M = FinanceLeaseLiabilityCurrent@2026-06-30 21M+FinanceLeaseLiabilityNoncurrent@2026-06-30 609M);現金 184M = CashAndCashEquivalentsAtCarryingValue@2026-06-30 184M;投資 0M = (無);經營租賃 309M;稀釋股數 48.4M(XBRL 未拆季 2026-04-01→2026-06-30)。,True,49.94272312875735,高(>6 倍),充裕,齊,,True,True
ENPH,63.7400016784668,36.369998931884766,-0.4294007220873419,-0.4473750111796801,40.74095000267029,-0.1072864297592235,0.0211621899299221,167921313.74893188,"Enphase Energy, Inc.",1463101,3674.0,Semiconductors & Related Devices,4693777957.451019,132144648.0,4806100706.614288,True,"Enphase Energy, Inc.",0001463101,2026-03-31,1399801000.0,95961000.0,497546000.0,474719000.0,572510000.0,39617000.0,0.0,-360138000.0,190997000.0,45929000.0,207448000.0,131337000.0,取數標籤:有息負債 573M = LongTermDebtNoncurrent@2026-03-31 573M(其中融資租賃 0M = (無));現金 498M = CashAndCashEquivalentsAtCarryingValue@2026-03-31 498M;投資 475M = DebtSecuritiesAvailableForSaleExcludingAccruedInterest@2026-03-31 475M(合計標籤);經營租賃 40M;稀釋股數 131.3M(XBRL 未拆季 2026-01-01→2026-03-31)。,True,-1.8855688832808892,淨現金,充裕,齊,,True,True
VICR,328.8500061035156,188.5500030517578,-0.4266382862939467,-0.4446125753862849,202.3829502105713,-0.0683503582906606,0.1400273832370799,188028219.3008423,VICOR CORP,751978,3679.0,"Electronic Components, NEC",,,,True,VICOR CORPORATION,0000751978,2026-03-31,723980000.0,98861000.0,404245000.0,2508000.0,0.0,7146000.0,0.0,-399342000.0,115478000.0,28155000.0,1819000.0,47254000.0,取數標籤:有息負債 0M = (無)(其中融資租賃 0M = (無));現金 404M = CashAndCashEquivalentsAtCarryingValue@2026-03-31 404M;投資 3M = LongTermInvestments@2026-03-31 3M;經營租賃 7M;稀釋股數 47.3M(XBRL 未拆季 2026-01-01→2026-03-31)。,True,-3.4581651916382343,淨現金,充裕,齊,,True,True
AAON,138.3857879638672,79.4000015258789,-0.4262416488417841,-0.4442159379341224,98.33342136383057,-0.1925430802198837,-0.0184458097959795,98316216.42532349,"AAON, INC.",824142,3585.0,Air-Cond & Warm Air Heatg Equip & Comm & Indl Refrig Equip,6152690768.645683,82453639.0,6546819062.4142685,True,"AAON, INC.",0000824142,2026-06-30,1932367000.0,213498000.0,13000.0,0.0,435000000.0,17084000.0,0.0,452071000.0,86542000.0,95338000.0,19901000.0,83721199.0,取數標籤:有息負債 435M = LineOfCredit@2026-06-30 435M(其中融資租賃 0M = (無));現金 0M = CashAndCashEquivalentsAtCarryingValue@2026-06-30 0M;投資 0M = (無);經營租賃 17M;稀釋股數 83.7M(XBRL 未拆季 2026-04-01→2026-06-30)。,True,5.223717963532158,中(3–6 倍),充裕,齊,,True,True
STRL,845.3900146484375,486.489990234375,-0.4245378088163415,-0.4425120979086797,522.6645501708985,-0.0692118107583444,0.0748143617477039,374157571.3928223,"STERLING INFRASTRUCTURE, INC.",874238,1600.0,Heavy Construction Other Than Bldg Const - Contractors,13951423246.497498,30588518.0,14881007823.104004,True,"STERLING INFRASTRUCTURE, INC.",0000874238,2026-06-30,3438486000.0,602351000.0,464451000.0,0.0,284180000.0,52940000.0,15141000.0,-94097000.0,597698000.0,115696000.0,27542000.0,31143000.0,取數標籤:有息負債 284M = LongTermDebtCurrent@2026-06-30 15M; LongTermDebtNoncurrent@2026-06-30 269M(其中融資租賃 0M = FinanceLeaseLiabilityCurrent@2026-06-30 0M+FinanceLeaseLiabilityNoncurrent@2026-06-30 0M);現金 464M = CashAndCashEquivalentsAtCarryingValue@2026-06-30 464M;投資 0M = (無);經營租賃 53M;稀釋股數 31.1M(XBRL 未拆季 2026-04-01→2026-06-30)。,True,-0.1574323487781455,淨現金,充裕,齊,,True,True
AMSC,51.150001525878906,29.549999237060547,-0.4222874221790594,-0.4402617112713977,35.832099962234494,-0.1753204733128958,-0.1036673232262905,24964222.81551361,AMERICAN SUPERCONDUCTOR CORP /DE/,880807,3621.0,Motors & Generators,1380116642.9824734,48442143.0,1431465288.691578,True,AMERICAN SUPERCONDUCTOR CORP /DE/,0000880807,2018-12-31,56550000.0,34556000.0,80042000.0,0.0,0.0,0.0,0.0,-80042000.0,43193000.0,1118000.0,3530000.0,47124000.0,取數標籤:有息負債 0M = (無)(其中融資租賃 0M = (無));現金 80M = CashAndCashEquivalentsAtCarryingValue@2018-12-31 80M;投資 0M = (無);經營租賃 0M;稀釋股數 47.1M(XBRL 未拆季 2026-04-01→2026-06-30)。,True,-1.8531243488528233,淨現金,充裕,齊,,True,True
RMBS,147.47999572753906,85.45999908447266,-0.4205315869254894,-0.4385058760178276,107.9716499710083,-0.2084959421531512,-0.0137876170805856,258430197.1046448,RAMBUS INC,917273,3674.0,Semiconductors & Related Devices,9154159458.699272,108461603.0,9269128493.080437,True,RAMBUS INC,0000917273,2026-03-31,721155000.0,258832000.0,134324000.0,651815000.0,0.0,23404000.0,0.0,-762735000.0,365814000.0,30605000.0,54337000.0,109716000.0,取數標籤:有息負債 0M = (無)(其中融資租賃 0M = (無));現金 134M = CashAndCashEquivalentsAtCarryingValue@2026-03-31 134M;投資 652M = AvailableForSaleSecuritiesDebtSecuritiesCurrent@2026-03-31 652M;經營租賃 23M;稀釋股數 109.7M(XBRL 未拆季 2026-01-01→2026-03-31)。,True,-2.085035017795929,淨現金,充裕,齊,,True,True
NXT,145.02000427246094,84.5,-0.4173217658907047,-0.4352960549830429,108.47370010375975,-0.22100933296115,0.0021407180425123,250241338.84277344,Nextpower Inc.,1852131,3674.0,Semiconductors & Related Devices,,,,True,Nextpower Inc.,0001852131,2026-07-03,3630307000.0,701943000.0,1213898000.0,0.0,0.0,38400000.0,0.0,-1175498000.0,602646000.0,53918000.0,0.0,155141856.0,"companyfacts 沒有可用的股權薪酬季度標籤,SBC 當 0 處理 —— 這會高估自由現金流。; 警告:少數股東權益 的候選標籤(MinorityInterest)全部缺 asof(2026-07-03)前後 200 日內的資料,最新只到 2025-03-31,用這筆舊值代替 —— 可能失真,建議人手核對資產負債表。; 取數標籤:有息負債 0M = (無)(其中融資租賃 0M = (無));現金 1214M = CashAndCashEquivalentsAtCarryingValue@2026-07-03 1214M;投資 0M = (無);經營租賃 38M;稀釋股數 155.1M(XBRL 未拆季 2026-04-01→2026-07-03)。",True,-1.9505613577456749,淨現金,充裕,齊,,True,True
TDUP,4.599999904632568,2.720000028610229,-0.408695633695346,-0.4266699227876842,5.089075003862381,-0.4655217251571512,-0.1324843255394328,7821592.409896851,ThredUp Inc.,1484778,5961.0,Retail-Catalog & Mail-Order Houses,,,,True,ThredUp Inc.,0001484778,2026-06-30,334303000.0,-23769000.0,42169000.0,10261000.0,17722000.0,32887000.0,0.0,-1821000.0,15291000.0,12156000.0,20411000.0,129854000.0,取數標籤:有息負債 18M = LongTermDebtNoncurrent@2026-06-30 18M(其中融資租賃 0M = (無));現金 42M = CashAndCashEquivalentsAtCarryingValue@2026-06-30 42M;投資 10M = AvailableForSaleSecuritiesDebtSecuritiesCurrent@2026-06-30 10M;經營租賃 33M;稀釋股數 129.9M(XBRL 未拆季 2026-04-01→2026-06-30)。,True,-0.11908966058465764,淨現金,充裕,齊,,True,True
AIP,36.0099983215332,21.3700008392334,-0.4065536841068221,-0.4245279731991603,23.88470000267029,-0.1052849381887044,0.1223007313071504,19558257.01675415,"Arteris, Inc.",1667011,3674.0,Semiconductors & Related Devices,1024329813.1800156,49152102.0,1050380460.9900856,True,"Arteris, Inc.",0001667011,2026-06-30,84615000.0,-40389000.0,93270000.0,29992000.0,0.0,5191000.0,0.0,-118071000.0,8506000.0,1740000.0,21425000.0,47276533.0,取數標籤:有息負債 0M = (無)(其中融資租賃 0M = (無));現金 93M = CashAndCashEquivalentsAtCarryingValue@2026-06-30 93M;投資 30M = DebtSecuritiesAvailableForSaleExcludingAccruedInterestCurrent@2026-06-30 29M+DebtSecuritiesAvailableForSaleExcludingAccruedInterestNoncurrent@2026-06-30 1M;經營租賃 5M;稀釋股數 47.3M(XBRL 未拆季 2026-04-01→2026-06-30)。,True,-13.880907594639078,淨現金,充裕,齊,,True,True
CLFD,48.2400016784668,28.649999618530277,-0.4060945559353295,-0.4240688450276677,32.23580002784729,-0.1112365880858976,-0.0274657727282741,6041799.854755402,"Clearfield, Inc.",796505,3661.0,Telephone & Telegraph Apparatus,383746728.75,13583955.0,389180305.5681324,True,"CLEARFIELD, INC.",0000796505,2026-06-30,153656000.0,-368000.0,20449000.0,134670000.0,0.0,10276000.0,0.0,-144843000.0,31208000.0,8829000.0,4796000.0,13592072.0,取數標籤:有息負債 0M = (無)(其中融資租賃 0M = (無));現金 20M = CashAndCashEquivalentsAtCarryingValue@2026-06-30 20M;投資 135M = ShortTermInvestments@2026-06-30 81M+LongTermInvestments@2026-06-30 54M;經營租賃 10M;稀釋股數 13.6M(XBRL 未拆季 2026-04-01→2026-06-30)。,True,-4.641213791335555,淨現金,充裕,齊,,True,True
RFIL,17.59000015258789,10.510000228881836,-0.4025014134331559,-0.4204757025254941,12.09010003566742,-0.1306936917084289,0.0715480585264749,3349261.042165756,R F INDUSTRIES LTD,740664,3678.0,Electronic Connectors,109163730.453372,10851265.0,114046797.63365746,True,R F INDUSTRIES LTD,0000740664,2020-01-31,57092000.0,3674000.0,14390000.0,0.0,0.0,1191000.0,0.0,-13199000.0,5297000.0,518000.0,390000.0,11424572.0,"缺折舊攤銷標籤。; 警告:少數股東權益 的候選標籤(MinorityInterest)全部缺 asof(2020-01-31)前後 200 日內的資料,最新只到 2011-10-31,用這筆舊值代替 —— 可能失真,建議人手核對資產負債表。; 取數標籤:有息負債 0M = (無)(其中融資租賃 0M = (無));現金 14M = CashAndCashEquivalentsAtCarryingValue@2020-01-31 14M;投資 0M = (無);經營租賃 1M;稀釋股數 11.4M(XBRL 未拆季 2026-02-01→2026-04-30)。",True,-2.4917878044175947,淨現金,充裕,齊,,True,True
CEVA,44.709999084472656,26.950000762939453,-0.3972265418296793,-0.4152008309220175,28.67934998512268,-0.0602994566850476,0.0391709304094107,28326658.51650238,CEVA INC,1173489,7370.0,"Services-Computer Programming, Data Processing, Etc.",739044390.0,28154072.0,758752261.8798523,True,"Ceva, Inc.",0001173489,2026-06-30,105980000.0,-9643000.0,44301000.0,171271000.0,0.0,17424000.0,0.0,-198148000.0,3805000.0,4868000.0,21114000.0,24295000.0,取數標籤:有息負債 0M = (無)(其中融資租賃 0M = (無));現金 44M = CashAndCashEquivalentsAtCarryingValue@2026-06-30 44M;投資 171M = AvailableForSaleSecuritiesDebtSecuritiesCurrent@2026-06-30 171M;經營租賃 17M;稀釋股數 24.3M(XBRL 未拆季 2025-01-01→2025-12-31)。,True,-52.07568988173456,淨現金,充裕,齊,,True,True
TROX,7.978249073028564,4.809999942779541,-0.3971108323704349,-0.4150851214627731,6.653227788209915,-0.2770426481860023,0.0614608771896361,15835648.470830915,Tronox Holdings plc,1530804,2810.0,Industrial Inorganic Chemicals,804888140.0679274,159700029.0,768157130.351891,True,TRONOX HOLDINGS PLC,0001530804,2026-06-30,3057000000.0,-219000000.0,194000000.0,0.0,3232000000.0,180000000.0,39000000.0,3248000000.0,101000000.0,260000000.0,1000000.0,159841000.0,"注意:有息負債取自合計標籤 LongTermDebtAndCapitalLeaseObligationsIncludingCurrentMaturities(按定義已含資本 / 融資租賃),而融資租賃 41M 另外再加了一次,可能重覆計數 1.3%。; 取數標籤:有息負債 3232M = LongTermDebtAndCapitalLeaseObligationsIncludingCurrentMaturities@2026-06-30 3191M(其中融資租賃 41M = FinanceLeaseLiability@2026-06-30 41M);現金 194M = CashAndCashEquivalentsAtCarryingValue@2026-06-30 194M;投資 0M = (無);經營租賃 180M;稀釋股數 159.8M(XBRL 未拆季 2026-04-01→2026-06-30)。",True,32.15841584158416,高(>6 倍),充裕,齊,,True,True
LMB,81.88999938964844,49.86000061035156,-0.3911344366592549,-0.4091087257515932,76.75125007629394,-0.3503688791936464,-0.0751063589499391,15693127.23827362,"Limbach Holdings, Inc.",1606163,1700.0,Construction - Special Trade Contractors,534120447.3876572,11924993.0,594580158.2584381,True,"LIMBACH HOLDINGS, INC.",0001606163,2026-06-30,683771000.0,39286000.0,17529000.0,0.0,64254000.0,18882000.0,4862000.0,65607000.0,52386000.0,1778000.0,7654000.0,12040218.0,取數標籤:有息負債 64M = LongTermDebtCurrent@2026-06-30 5M; LongTermDebtAndCapitalLeaseObligations@2026-06-30 36M(其中融資租賃 24M = FinanceLeaseLiabilityCurrent@2026-06-30 5M+FinanceLeaseLiabilityNoncurrent@2026-06-30 19M);現金 18M = CashAndCashEquivalentsAtCarryingValue@2026-06-30 18M;投資 0M = (無);經營租賃 19M;稀釋股數 12.0M(XBRL 未拆季 2026-04-01→2026-06-30)。,True,1.252376589165044,低(≤3 倍),充裕,齊,,True,True
PLTK,3.609999895095825,2.200000047683716,-0.3905816865334512,-0.4085559756257895,3.426373828649521,-0.3579217686965497,-0.0299660494105009,4442843.504059315,Playtika Holding Corp.,1828016,7374.0,Services-Computer Processing & Data Preparation,839120027.3874364,381418186.0,839120027.3874364,True,PLAYTIKA HOLDING CORP.,0001828016,2026-06-30,2829200000.0,-97600000.0,438500000.0,0.0,2394700000.0,126400000.0,11000000.0,2082600000.0,454300000.0,35200000.0,0.0,382200000.0,"companyfacts 沒有可用的股權薪酬季度標籤,SBC 當 0 處理 —— 這會高估自由現金流。; 取數標籤:有息負債 2395M = LongTermDebtCurrent@2026-06-30 11M; LongTermDebt@2026-06-30 2384M(其中融資租賃 0M = (無));現金 438M = CashAndCashEquivalentsAtCarryingValue@2026-06-30 438M;投資 0M = (無);經營租賃 126M;稀釋股數 382.2M(XBRL 未拆季 2026-04-01→2026-06-30)。",True,4.584195465551398,中(3–6 倍),充裕,齊,,True,True
LGN,86.55000305175781,52.970001220703125,-0.3879838318546735,-0.4059581209470118,62.510825099945066,-0.1526267468712443,0.0848127530316658,79438787.77999878,Legence Corp.,2052568,1700.0,Construction - Special Trade Contractors,,,,True,Legence Corp.,0002052568,2026-06-30,3745668000.0,29448000.0,291980000.0,0.0,1056323000.0,161031000.0,0.0,1302451000.0,388825000.0,65643000.0,160787000.0,76032000.0,"缺折舊攤銷標籤。; 注意:有息負債取自合計標籤 LongTermDebtAndCapitalLeaseObligationsIncludingCurrentMaturities(按定義已含資本 / 融資租賃),而融資租賃 15M 另外再加了一次,可能重覆計數 1.4%。; 取數標籤:有息負債 1056M = LongTermDebtAndCapitalLeaseObligationsIncludingCurrentMaturities@2026-06-30 1041M(其中融資租賃 15M = FinanceLeaseLiability@2026-06-30 15M);現金 292M = CashAndCashEquivalentsAtCarryingValue@2026-06-30 292M;投資 0M = (無);經營租賃 161M;稀釋股數 76.0M(XBRL 未拆季 2026-04-01→2026-06-30)。",True,3.3497100237896227,中(3–6 倍),充裕,齊,,True,True
PRIM,121.340087890625,74.43000030517578,-0.3866000791736166,-0.4045743682659548,123.65441612243652,-0.3980805325102271,-0.0782807634314892,103394904.93240356,Primoris Services Corp,1361538,1623.0,"Water, Sewer, Pipeline, Comm & Power Line Construction",3889385625.75,53832327.0,4006740115.0383215,True,Primoris Services Corporation,0001361538,2026-06-30,7284200000.0,212092000.0,218200000.0,0.0,797000000.0,482100000.0,45000000.0,1060900000.0,194500000.0,106500000.0,21100000.0,54000000.0,"警告:少數股東權益 的候選標籤(MinorityInterest)全部缺 asof(2026-06-30)前後 200 日內的資料,最新只到 2021-09-30,用這筆舊值代替 —— 可能失真,建議人手核對資產負債表。; 取數標籤:有息負債 797M = LongTermDebt@2026-06-30 797M(其中融資租賃 0M = (無));現金 218M = CashAndCashEquivalentsAtCarryingValue@2026-06-30 218M;投資 0M = (無);經營租賃 482M;稀釋股數 54.0M(XBRL 未拆季 2026-04-01→2026-06-30)。",True,5.454498714652956,中(3–6 倍),充裕,齊,,True,True
ON,120.91999816894533,74.37999725341797,-0.3848825803859443,-0.4028568694782826,78.34924997329712,-0.0506610174472882,0.0758991510252711,827194231.5376282,ON SEMICONDUCTOR CORP,1097864,3674.0,Semiconductors & Related Devices,28283497124.692543,389311721.0,28957004738.703423,True,ON SEMICONDUCTOR CORPORATION,0001097864,2026-07-03,6197800000.0,669700000.0,3514500000.0,350000000.0,5330300000.0,226300000.0,802100000.0,1711900000.0,1672000000.0,171600000.0,150700000.0,404400000.0,取數標籤:有息負債 5330M = LongTermDebtCurrent@2026-07-03 802M; LongTermDebt@2026-07-03 4505M(其中融資租賃 23M = FinanceLeaseLiabilityCurrent@2026-07-03 0M+FinanceLeaseLiabilityNoncurrent@2026-07-03 23M);現金 3514M = CashAndCashEquivalentsAtCarryingValue@2026-07-03 3514M;投資 350M = ShortTermInvestments@2026-07-03 350M;經營租賃 226M;稀釋股數 404.4M(XBRL 未拆季 2026-04-04→2026-07-03)。,True,1.0238636363636364,低(≤3 倍),充裕,齊,,True,True
DUOT,14.239999771118164,8.760000228881836,-0.3848314347132903,-0.4028057238056285,9.458800003528594,-0.073878269377307,-0.0008699764761003,6808407.3932647705,"DUOS TECHNOLOGIES GROUP, INC.",1396536,7372.0,Services-Prepackaged Software,270978205.584775,31472499.0,275699098.4434833,True,"Duos Technologies Group, Inc.",0001396536,2026-06-30,25232875.0,-8115020.0,112308012.0,0.0,0.0,4271000.0,0.0,-108037012.0,5488279.0,23663033.0,3682788.0,35538098.0,取數標籤:有息負債 0M = (無)(其中融資租賃 0M = (無));現金 112M = CashCashEquivalentsRestrictedCashAndRestrictedCashEquivalents@2026-06-30 112M;投資 0M = (無);經營租賃 4M;稀釋股數 35.5M(XBRL 未拆季 2026-04-01→2026-06-30)。,True,-19.685043708601548,淨現金,充裕,齊,,True,True
ARM,408.8500061035156,252.08999633789065,-0.3834169192257156,-0.4013912083180538,201.77247493743897,0.2493775298937726,0.1051164508990702,1467058563.8275146,ARM HOLDINGS PLC /UK,1973239,3674.0,Semiconductors & Related Devices,249904017134.16785,1064055252.0,268237684579.9933,True,ARM HOLDINGS PLC /UK,0001973239,2026-06-30,5156000000.0,877000000.0,3058000000.0,847800000.0,21000000.0,464000000.0,0.0,-3420800000.0,2094000000.0,588000000.0,1154000000.0,1078000000.0,取數標籤:有息負債 21M = (無)(其中融資租賃 21M = FinanceLeaseLiabilityCurrent@2026-06-30 21M);現金 3058M = CashAndCashEquivalentsAtCarryingValue@2026-06-30 3058M;投資 848M = ShortTermInvestments@2026-06-30 830M+AvailableForSaleSecuritiesDebtSecuritiesNoncurrent@2026-06-30 18M;經營租賃 464M;稀釋股數 1078.0M(XBRL 未拆季 2026-04-01→2026-06-30)。,True,-1.6336198662846226,淨現金,充裕,齊,,True,True
BAND,70.88999938964844,43.77000045776367,-0.3825645248326086,-0.4005388139249468,33.652199959754945,0.3006579216249969,0.2738402461865237,53243093.840408325,Bandwidth Inc.,1514416,7372.0,Services-Prepackaged Software,,,,True,BANDWIDTH INC.,0001514416,2026-03-31,788360000.0,-14303000.0,47283000.0,2990000.0,199199000.0,224022000.0,0.0,372948000.0,101342000.0,15416000.0,51747000.0,32957834.0,取數標籤:有息負債 199M = LinesOfCreditCurrent@2026-03-31 50M; LongTermDebtNoncurrent@2026-03-31 149M(其中融資租賃 0M = (無));現金 47M = CashAndCashEquivalentsAtCarryingValue@2026-03-31 47M;投資 3M = AvailableForSaleSecuritiesDebtSecuritiesCurrent@2026-03-31 3M;經營租賃 224M;稀釋股數 33.0M(XBRL 未拆季 2026-01-01→2026-03-31)。,True,3.6800931499279668,中(3–6 倍),充裕,齊,,True,True
POWI,81.568115234375,50.45000076293945,-0.3814985105641074,-0.3994727996564456,55.99178855895996,-0.0989750093477536,0.0743325789250126,43704214.0914917,POWER INTEGRATIONS INC,833640,3674.0,Semiconductors & Related Devices,2781372706.235291,55873298.0,2818807926.7279434,True,"POWER INTEGRATIONS, INC.",0000833640,2026-06-30,,15175000.0,70612000.0,192001000.0,0.0,18883000.0,0.0,-243730000.0,98085000.0,19044000.0,38495000.0,56696000.0,取數標籤:有息負債 0M = (無)(其中融資租賃 0M = (無));現金 71M = CashAndCashEquivalentsAtCarryingValue@2026-06-30 71M;投資 192M = ShortTermInvestments@2026-06-30 192M;經營租賃 19M;稀釋股數 56.7M(XBRL 未拆季 2026-04-01→2026-06-30)。,True,-2.4848855584442067,淨現金,充裕,資料不足(缺收入或營業利潤),,True,True
WYFI,31.559999465942383,19.540000915527344,-0.3808618109574522,-0.3988361000497904,21.53820000171661,-0.0927746555436392,-0.0470725013877443,59456741.12482071,"WhiteFiber, Inc.",2042022,6199.0,Finance Services,679842065.0,38848118.0,759092261.2865143,True,"WHITEFIBER,     INC.",0002042022,2026-06-30,94503192.0,-39976258.0,56056000.0,0.0,271900000.0,15376000.0,28436000.0,231220000.0,141593356.0,482153549.0,0.0,38662914.0,"companyfacts 沒有可用的股權薪酬季度標籤,SBC 當 0 處理 —— 這會高估自由現金流。; 取數標籤:有息負債 272M = ShortTermBorrowings@2026-06-30 29M; ConvertibleLongTermNotesPayable@2026-06-30 223M+LineOfCredit@2026-05-26 20M(其中融資租賃 0M = (無));現金 56M = CashAndCashEquivalentsAtCarryingValue@2026-06-30 56M;投資 0M = (無);經營租賃 15M;稀釋股數 38.7M(XBRL 未拆季 2026-04-01→2026-06-30)。",True,1.6329862257096301,低(≤3 倍),不足(現金投資 < 短債 ×2),齊,,True,True
TTD,23.21999931335449,14.43000030517578,-0.3785529400564336,-0.3965272291487718,25.032225093841557,-0.4235430429743994,-0.1972786149262898,293922798.40745926,"Trade Desk, Inc.",1671933,7370.0,"Services-Computer Programming, Data Processing, Etc.",,,,True,"The Trade Desk, Inc.",0001671933,2026-06-30,2990138000.0,586316000.0,1122979000.0,362354000.0,0.0,434110000.0,0.0,-1051223000.0,1081674000.0,218625000.0,452091000.0,469948000.0,取數標籤:有息負債 0M = (無)(其中融資租賃 0M = (無));現金 1123M = CashAndCashEquivalentsAtCarryingValue@2026-06-30 1123M;投資 362M = ShortTermInvestments@2026-06-30 362M;經營租賃 434M;稀釋股數 469.9M(XBRL 未拆季 2026-04-01→2026-06-30)。,True,-0.97184826481916,淨現金,充裕,齊,,True,True
CORZ,28.549999237060547,17.889999389648438,-0.3733800396594912,-0.3913543287518294,19.69349998474121,-0.0915784698753472,0.011721603024378,235399485.22586825,"Core Scientific, Inc./tx",1839341,6199.0,Finance Services,5163940788.80468,321340441.0,5748780293.35936,True,"Core Scientific, Inc./tx",0001839341,2026-06-30,440311000.0,-561157000.0,1769735000.0,0.0,4298843000.0,108499000.0,993944000.0,2637607000.0,520240000.0,1477985000.0,93882000.0,325329000.0,取數標籤:有息負債 4299M = LongTermDebtNoncurrent@2026-06-30 4298M(其中融資租賃 1M = FinanceLeaseLiabilityNoncurrent@2026-06-30 1M);現金 1770M = CashAndCashEquivalentsAtCarryingValue@2026-06-30 1770M;投資 0M = (無);經營租賃 108M;稀釋股數 325.3M(XBRL 未拆季 2026-04-01→2026-06-30)。,True,5.069981162540366,中(3–6 倍),不足(現金投資 < 短債 ×2),齊,,True,True
POWL,287.9926147460937,181.1699981689453,-0.370921374741945,-0.3888956638342832,200.2654045104981,-0.0953504994446095,0.0902021005917439,142174854.43954468,POWELL INDUSTRIES INC,80420,3613.0,Switchgear & Switchboard Apparatus,6271501544.723328,36432564.0,6600487553.169983,True,"Powell Industries, Inc.",0000080420,2026-06-30,1157522000.0,227673000.0,633561000.0,0.0,0.0,2524000.0,0.0,-631037000.0,256113000.0,12155000.0,5240000.0,36604000.0,取數標籤:有息負債 0M = (無)(其中融資租賃 0M = (無));現金 634M = CashAndCashEquivalentsAtCarryingValue@2026-06-30 634M;投資 0M = (無);經營租賃 3M;稀釋股數 36.6M(XBRL 未拆季 2026-04-01→2026-06-30)。,True,-2.4639007000816044,淨現金,充裕,齊,,True,True
ARKO,7.730340480804443,4.889999866485596,-0.3674276212505549,-0.3854019103428932,6.038812191486358,-0.1902381277265721,0.0615609381937525,5059570.764827728,ARKO Corp.,1823794,5412.0,Retail-Convenience Stores,531760291.8627262,112185721.0,548588160.7115903,True,ARKO Corp.,0001823794,2023-06-30,72088000.0,148084000.0,220142000.0,3319000.0,1052458000.0,1486547000.0,13369000.0,2315544000.0,183080000.0,103465000.0,14903000.0,115882000.0,缺折舊攤銷標籤。; 取數標籤:有息負債 1052M = LongTermDebt@2023-06-30 824M(其中融資租賃 229M = FinanceLeaseLiabilityCurrent@2023-06-30 5M+FinanceLeaseLiabilityNoncurrent@2023-06-30 224M);現金 220M = CashAndCashEquivalentsAtCarryingValue@2023-06-30 220M;投資 3M = ShortTermInvestments@2023-06-30 3M;經營租賃 1487M;稀釋股數 115.9M(XBRL 未拆季 2026-04-01→2026-06-30)。,True,12.64771684509504,高(>6 倍),充裕,齊,,True,True
MEC,30.8799991607666,19.65999984741211,-0.3633419565506216,-0.3813162456429598,23.001100029945373,-0.1452582780033759,0.0853692313784169,14750630.834388733,"Mayville Engineering Company, Inc.",1766368,3460.0,Metal Forgings & Stampings,489606374.6552086,25500331.0,501336503.5689583,True,"Mayville Engineering Company, Inc.",0001766368,2026-06-30,586341000.0,-12798000.0,2203000.0,0.0,125718000.0,29028000.0,0.0,152543000.0,13930000.0,18503000.0,3472000.0,22767889.0,取數標籤:有息負債 126M = LongTermLineOfCredit@2026-06-30 126M(其中融資租賃 0M = (無));現金 2M = CashAndCashEquivalentsAtCarryingValue@2026-06-30 2M;投資 0M = (無);經營租賃 29M;稀釋股數 22.8M(XBRL 未拆季 2026-04-01→2026-06-30)。,True,10.950681981335247,高(>6 倍),充裕,齊,,True,True
MYRG,449.8500061035156,286.5899963378906,-0.3629209904424387,-0.380895279534777,322.9117505645752,-0.1124819835858559,0.0750873841226025,99686529.9911499,MYR GROUP INC.,700923,1623.0,"Water, Sewer, Pipeline, Comm & Power Line Construction",4459967221.961975,15569250.0,4461991300.483704,True,MYR GROUP INC.,0000700923,2026-06-30,4006051000.0,225462000.0,137872000.0,0.0,10939000.0,56165000.0,4650000.0,-70768000.0,298494000.0,105131000.0,17961000.0,15731000.0,"警告:少數股東權益 的候選標籤(MinorityInterest)全部缺 asof(2026-06-30)前後 200 日內的資料,最新只到 2021-12-31,用這筆舊值代替 —— 可能失真,建議人手核對資產負債表。; 取數標籤:有息負債 11M = LongTermDebt@2026-06-30 9M(其中融資租賃 2M = FinanceLeaseLiabilityCurrent@2026-06-30 1M+FinanceLeaseLiabilityNoncurrent@2026-06-30 1M);現金 138M = CashAndCashEquivalentsAtCarryingValue@2026-06-30 138M;投資 0M = (無);經營租賃 56M;稀釋股數 15.7M(XBRL 未拆季 2026-04-01→2026-06-30)。",True,-0.2370834924655102,淨現金,充裕,齊,,True,True
LUMN,10.600000381469728,6.769999980926514,-0.3613207795009692,-0.3792950685933074,7.7432499957084655,-0.125690119177523,-0.0484575813314092,82532958.979249,"Lumen Technologies, Inc.",18926,4813.0,Telephone Communications (No Radiotelephone),6580621795.559559,1031445404.0,6982885365.40674,True,"LUMEN TECHNOLOGIES, INC.",0000018926,2026-06-30,10656000000.0,198000000.0,1876000000.0,0.0,13350000000.0,1402000000.0,0.0,12876000000.0,5367000000.0,3055000000.0,57000000.0,1004104000.0,"警告:少數股東權益 的候選標籤(MinorityInterest)全部缺 asof(2026-06-30)前後 200 日內的資料,最新只到 2011-03-31,用這筆舊值代替 —— 可能失真,建議人手核對資產負債表。; 取數標籤:有息負債 13350M = LongTermDebtAndCapitalLeaseObligationsIncludingCurrentMaturities@2026-06-30 13350M(其中融資租賃 0M = (無));現金 1876M = CashAndCashEquivalentsAtCarryingValue@2026-06-30 1876M;投資 0M = (無);經營租賃 1402M;稀釋股數 1004.1M(XBRL 未拆季 2026-04-01→2026-06-30)。",True,2.3991056456120736,低(≤3 倍),充裕,齊,,True,True
ORCL,247.2896881103516,158.77999877929688,-0.3579190463112144,-0.3758933354035526,167.91714565277098,-0.0544146152434513,-0.1224025646965051,4196866469.760895,ORACLE CORP,1341439,7372.0,Services-Prepackaged Software,407068182817.1997,2880471000.0,457361181863.8001,True,Oracle Corporation,0001341439,2026-05-31,67358000000.0,20605000000.0,31289000000.0,605000000.0,137242000000.0,30190000000.0,7199000000.0,136086000000.0,31977000000.0,55663000000.0,4811000000.0,2914000000.0,取數標籤:有息負債 137242M = DebtLongtermAndShorttermCombinedAmount@2026-05-31 129541M(其中融資租賃 7701M = FinanceLeaseLiabilityCurrent@2026-05-31 620M+FinanceLeaseLiabilityNoncurrent@2026-05-31 7081M);現金 31289M = CashAndCashEquivalentsAtCarryingValue@2026-05-31 31289M;投資 605M = AvailableForSaleSecuritiesDebtSecuritiesCurrent@2026-05-31 605M;經營租賃 30190M;稀釋股數 2914.0M(XBRL 未拆季 2025-06-01→2026-05-31)。,True,4.255746317665822,中(3–6 倍),充裕,齊,,True,True
WULF,25.65999984741211,16.510000228881836,-0.3565861135206936,-0.3745604026130318,17.87170000553131,-0.076193074874132,0.0369484698857984,621222827.8436661,TERAWULF INC.,1083301,6199.0,Finance Services,7309890927.708554,498968677.0,8237972971.474867,True,TERAWULF INC.,0001083301,2021-09-30,16295813.0,-10336673.0,1500847.0,0.0,0.0,0.0,0.0,-1500847.0,796757.0,1325601.0,216391.0,485734901.0,取數標籤:有息負債 0M = (無)(其中融資租賃 0M = (無));現金 2M = CashAndCashEquivalentsAtCarryingValue@2021-09-30 2M;投資 0M = (無);經營租賃 0M;稀釋股數 485.7M(XBRL 未拆季 2026-04-01→2026-06-30)。,True,-1.883694777705122,淨現金,充裕,齊,,True,True
HUN,14.916136741638184,9.619999885559082,-0.3550608946413726,-0.3730351837337108,11.88608344078064,-0.1906501469985245,0.0328920270104775,40049830.19871712,Huntsman CORP,1307954,2800.0,Chemicals & Allied Products,1646528221.88134,175349112.0,1686858437.372887,True,Huntsman Corporation,0001307954,2026-03-31,5693000000.0,-189000000.0,369000000.0,0.0,2056000000.0,431000000.0,376000000.0,2339000000.0,310000000.0,175000000.0,31000000.0,173000000.0,取數標籤:有息負債 2056M = LongTermDebt@2026-03-31 2056M(其中融資租賃 0M = (無));現金 369M = CashAndCashEquivalentsAtCarryingValue@2026-03-31 369M;投資 0M = (無);經營租賃 431M;稀釋股數 173.0M(XBRL 未拆季 2026-01-01→2026-03-31)。,True,7.54516129032258,高(>6 倍),不足(現金投資 < 短債 ×2),齊,,True,True
DKS,215.7490234375,139.14999389648438,-0.3550376651563638,-0.373011954248702,205.88733253479003,-0.3241449477083717,-0.0298582922791565,279462444.96765137,"DICK'S SPORTING GOODS, INC.",1089063,5940.0,Retail-Miscellaneous Shopping Goods Stores,,,,True,"DICK'S Sporting Goods, Inc.",0001089063,2026-05-02,19204947000.0,1180442000.0,998228000.0,0.0,0.0,5883616000.0,0.0,4885388000.0,1635814000.0,1233195000.0,134345000.0,90408000.0,取數標籤:有息負債 0M = (無)(其中融資租賃 0M = (無));現金 998M = CashAndCashEquivalentsAtCarryingValue@2026-05-02 998M;投資 0M = (無);經營租賃 5884M;稀釋股數 90.4M(XBRL 未拆季 2026-02-01→2026-05-02)。,True,2.986518027110662,低(≤3 倍),充裕,齊,,True,True
DBI,8.13460922241211,5.260000228881836,-0.3533800966874082,-0.3713543857797464,6.447412952184677,-0.1841688646452359,0.0641860683113109,3003287.480664253,Designer Brands Inc.,1319947,5661.0,Retail-Shoe Stores,,,,True,DESIGNER BRANDS INC.,0001319947,2026-05-02,2902112000.0,73896000.0,50104000.0,0.0,475271000.0,751190000.0,6750000.0,1176357000.0,108193000.0,34245000.0,19355000.0,55920000.0,"警告:少數股東權益 的候選標籤(MinorityInterest)全部缺 asof(2026-05-02)前後 200 日內的資料,最新只到 2012-01-28,用這筆舊值代替 —— 可能失真,建議人手核對資產負債表。; 取數標籤:有息負債 475M = LongTermDebtCurrent@2026-05-02 7M; LongTermDebt@2026-05-02 469M(其中融資租賃 0M = (無));現金 50M = CashAndCashEquivalentsAtCarryingValue@2026-05-02 50M;投資 0M = (無);經營租賃 751M;稀釋股數 55.9M(XBRL 未拆季 2026-02-01→2026-05-02)。",True,10.872764411745676,高(>6 倍),充裕,齊,,True,True
AGX,646.360107421875,417.989990234375,-0.3533171595295319,-0.3712914486218701,512.3882009887695,-0.1842318198823308,0.0909228772714185,183914749.1394043,ARGAN INC,100591,1700.0,Construction - Special Trade Contractors,5757847071.16864,14029842.0,5864333520.569824,True,ARGAN INC,0000100591,2026-07-31,1188133000.0,182504000.0,364481000.0,480557000.0,0.0,6387000.0,0.0,-838651000.0,555177000.0,9476000.0,8890000.0,14164000.0,"警告:少數股東權益 的候選標籤(MinorityInterest)全部缺 asof(2026-07-31)前後 200 日內的資料,最新只到 2022-10-31,用這筆舊值代替 —— 可能失真,建議人手核對資產負債表。; 取數標籤:有息負債 0M = (無)(其中融資租賃 0M = (無));現金 364M = CashAndCashEquivalentsAtCarryingValue@2026-07-31 364M;投資 481M = AvailableForSaleSecuritiesDebtSecurities@2026-07-31 481M(合計標籤);經營租賃 6M;稀釋股數 14.2M(XBRL 未拆季 2026-05-01→2026-07-31)。",True,-1.510601123605625,淨現金,充裕,齊,,True,True
DOCN,173.4499969482422,112.47000122070312,-0.3515710394952362,-0.3695453285875745,97.10609972000124,0.1582176767989103,0.1771179182877718,340446594.5831299,"DigitalOcean Holdings, Inc.",1582961,7370.0,"Services-Computer Programming, Data Processing, Etc.",12806764370.705416,117579550.0,13224172132.029724,True,"DigitalOcean Holdings, Inc.",0001582961,2026-06-30,1011113000.0,149670000.0,767026000.0,0.0,1330887000.0,479087000.0,311654000.0,1042948000.0,309956000.0,115502000.0,95033000.0,126548000.0,取數標籤:有息負債 1331M = LongTermDebt@2026-06-30 921M(其中融資租賃 410M = FinanceLeaseLiabilityCurrent@2026-06-30 90M+FinanceLeaseLiabilityNoncurrent@2026-06-30 320M);現金 767M = CashAndCashEquivalentsAtCarryingValue@2026-06-30 767M;投資 0M = (無);經營租賃 479M;稀釋股數 126.5M(XBRL 未拆季 2026-04-01→2026-06-30)。,True,3.36482597529972,中(3–6 倍),充裕,齊,,True,True
GOGO,4.349999904632568,2.8399999141693115,-0.3471264421994975,-0.3651007312918357,4.313499999046326,-0.3416019671271105,-0.1835912174139009,6121446.897912025,Gogo Inc.,1537054,4899.0,"Communications Services, NEC",345545041.6384816,135507862.0,384842316.4492669,True,Gogo Inc.,0001537054,2026-06-30,903276000.0,104272000.0,63132000.0,0.0,816607000.0,64087000.0,2500000.0,817562000.0,80371000.0,88729000.0,22282000.0,136250000.0,取數標籤:有息負債 817M = LongTermDebtCurrent@2026-06-30 2M; LongTermDebtNoncurrent@2026-06-30 814M(其中融資租賃 0M = FinanceLeaseLiabilityCurrent@2026-06-30 0M);現金 63M = CashAndCashEquivalentsAtCarryingValue@2026-06-30 63M;投資 0M = (無);經營租賃 64M;稀釋股數 136.2M(XBRL 未拆季 2026-04-01→2026-06-30)。,True,10.172350723519678,高(>6 倍),充裕,齊,,True,True
AHCO,9.93000030517578,6.489999771118164,-0.3464250179594251,-0.3643993070517634,9.980749986171723,-0.349748287442324,-0.031731691137142,13991425.193095207,AdaptHealth Corp.,1725255,8082.0,Services-Home Health Care Services,823518938.6388817,136344196.0,884873800.8332901,True,AdaptHealth Corp.,0001725255,2026-06-30,3226709000.0,-143862000.0,43289000.0,0.0,1940831000.0,132382000.0,8125000.0,2037714000.0,583274000.0,485594000.0,22538000.0,136120000.0,現金標籤退用前綴比對:CashCashEquivalentsRestrictedCashAndRestrictedCashEquivalentsIncludingDisposalGroupAndDiscontinuedOperations@2026-06-30 = 43M(三個標準標籤都對不上).; 取數標籤:有息負債 1941M = LongTermDebtCurrent@2026-06-30 8M; LongTermDebt@2026-06-30 1888M(其中融資租賃 45M = FinanceLeaseLiability@2026-06-30 45M);現金 43M = CashCashEquivalentsRestrictedCashAndRestrictedCashEquivalentsIncludingDisposalGroupAndDiscontinuedOperations@2026-06-30 43M;投資 0M = (無);經營租賃 132M;稀釋股數 136.1M(XBRL 未拆季 2026-04-01→2026-06-30)。,True,3.493579346927859,中(3–6 倍),充裕,齊,,True,True
FN,622.3599853515625,407.3999938964844,-0.3453949426611196,-0.3633692317534578,536.1079508972168,-0.2400784334299277,0.0171759827949549,397423330.2001953,Fabrinet,1408710,3661.0,Telephone & Telegraph Apparatus,14167313701.118652,35834864.0,14599123374.881348,True,FABRINET,0001408710,2026-06-26,4641097000.0,462887000.0,346711000.0,528344000.0,0.0,4013000.0,0.0,-871042000.0,256725000.0,252503000.0,34630000.0,36252000.0,取數標籤:有息負債 0M = (無)(其中融資租賃 0M = (無));現金 347M = CashAndCashEquivalentsAtCarryingValue@2026-06-26 347M;投資 528M = ShortTermInvestments@2026-06-26 528M;經營租賃 4M;稀釋股數 36.3M(XBRL 未拆季 2025-06-28→2026-06-26)。,True,-3.3928990164572985,淨現金,充裕,齊,,True,True
STUB,10.079999923706056,6.599999904632568,-0.3452380997433594,-0.3632123888356976,9.872949981689452,-0.3315068022350924,-0.1587044696068884,55530313.533592224,"StubHub Holdings, Inc.",1337634,7990.0,Services-Miscellaneous Amusement & Recreation,,,,True,"STUBHUB HOLDINGS, INC.",0001337634,2026-06-30,1936399000.0,-1350583000.0,1693051000.0,0.0,1396271000.0,0.0,0.0,-296780000.0,635203000.0,1180000.0,1540151000.0,378710978.0,取數標籤:有息負債 1396M = LongTermDebtNoncurrent@2026-06-30 1396M(其中融資租賃 0M = (無));現金 1693M = CashAndCashEquivalentsAtCarryingValue@2026-06-30 1693M;投資 0M = (無);經營租賃 0M;稀釋股數 378.7M(XBRL 未拆季 2026-04-01→2026-06-30)。,True,-0.4672207152674027,淨現金,充裕,齊,,True,True
MTZ,362.0899963378906,237.19000244140625,-0.3449418519144388,-0.362916141006777,304.4516490936279,-0.2209271877897981,0.0492448706257695,380248164.1998291,MASTEC INC,15615,1623.0,"Water, Sewer, Pipeline, Comm & Power Line Construction",19091698778.64826,80304948.0,19047530812.177,True,MASTEC INC,0000015615,2026-06-30,16109103000.0,562295000.0,315641000.0,0.0,3128535000.0,495216000.0,0.0,3431125000.0,582025000.0,65045000.0,37438000.0,78870000.0,取數標籤:有息負債 3129M = LongTermDebtAndCapitalLeaseObligationsCurrent@2026-06-30 166M; LongTermDebtAndCapitalLeaseObligations@2026-06-30 2574M(其中融資租賃 388M = FinanceLeaseLiabilityCurrent@2026-06-30 140M+FinanceLeaseLiabilityNoncurrent@2026-06-30 248M);現金 316M = CashAndCashEquivalentsAtCarryingValue@2026-06-30 316M;投資 0M = (無);經營租賃 495M;稀釋股數 78.9M(XBRL 未拆季 2026-04-01→2026-06-30)。,True,5.895150551952236,中(3–6 倍),充裕,齊,,True,True
AMKR,72.53475189208984,47.77000045776367,-0.341419123776266,-0.3593934128686042,55.92810244560242,-0.1458676699388039,0.0770407864911355,283362126.4038086,"AMKOR TECHNOLOGY, INC.",1047127,3674.0,Semiconductors & Related Devices,11719502649.309937,248452472.0,11868574701.172516,True,"AMKOR TECHNOLOGY, INC.",0001047127,2026-03-31,7071107000.0,536149000.0,1121183000.0,727317000.0,1560027000.0,67764000.0,0.0,-185078000.0,1216544000.0,1049322000.0,0.0,249570000.0,"companyfacts 沒有可用的股權薪酬季度標籤,SBC 當 0 處理 —— 這會高估自由現金流。; 取數標籤:有息負債 1560M = DebtLongtermAndShorttermCombinedAmount@2026-03-31 1425M(其中融資租賃 136M = FinanceLeaseLiabilityCurrent@2026-03-31 41M+FinanceLeaseLiabilityNoncurrent@2026-03-31 95M);現金 1121M = CashAndCashEquivalentsAtCarryingValue@2026-03-31 1121M;投資 727M = ShortTermInvestments@2026-03-31 727M;經營租賃 68M;稀釋股數 249.6M(XBRL 未拆季 2026-01-01→2026-03-31)。",True,-0.15213424257568983,淨現金,充裕,齊,,True,True
PZZA,34.08000183105469,22.68000030517578,-0.3345070690545237,-0.352481358146862,33.60700901985169,-0.3251407677553606,-0.0920248623714796,28233789.934158325,PAPA JOHNS INTERNATIONAL INC,901491,5812.0,Retail-Eating  Places,747651481.6292953,32921687.0,746663871.2069016,True,"PAPA JOHN’S INTERNATIONAL, INC.",0000901491,2026-06-28,1967339000.0,84637000.0,28490000.0,0.0,765300000.0,170220000.0,12270000.0,917810000.0,94985000.0,60746000.0,14953000.0,33129000.0,取數標籤:有息負債 765M = LongTermDebtCurrent@2026-06-28 12M; LongTermDebtNoncurrent@2026-06-28 715M(其中融資租賃 38M = FinanceLeaseLiabilityCurrent@2026-06-28 10M+FinanceLeaseLiabilityNoncurrent@2026-06-28 28M);現金 28M = CashCashEquivalentsRestrictedCashAndRestrictedCashEquivalents@2026-06-28 28M;投資 0M = (無);經營租賃 170M;稀釋股數 33.1M(XBRL 未拆季 2026-03-30→2026-06-28)。,True,9.66268358161815,高(>6 倍),充裕,齊,,True,True
TTI,10.359999656677246,6.909999847412109,-0.3330115756366397,-0.3509858647289779,9.300849976539611,-0.2570571652223359,0.0141610406855094,13669925.33607483,TETRA TECHNOLOGIES INC,844965,1311.0,Crude Petroleum & Natural Gas,966915277.9369054,148072779.0,1023182880.295887,True,"TETRA Technologies, Inc.",0000844965,2018-06-30,0.0,-70140000.0,70157000.0,0.0,810739000.0,0.0,0.0,877686000.0,53029000.0,102721000.0,5705000.0,140619000.0,缺折舊攤銷標籤。; 取數標籤:有息負債 811M = LongTermDebtNoncurrent@2018-06-30 811M(其中融資租賃 0M = (無));現金 70M = CashAndCashEquivalentsAtCarryingValue@2018-06-30 70M;投資 0M = (無);經營租賃 0M;稀釋股數 140.6M(XBRL 未拆季 2026-04-01→2026-06-30)。,True,16.551056968828377,高(>6 倍),充裕,資料不足(缺收入或營業利潤),,True,True
CRNC,12.739999771118164,8.529999732971191,-0.330455267957785,-0.3484295570501232,9.549825012683868,-0.1067899441464286,-0.0423395047267074,6245009.881305695,Cerence Inc.,1768267,7372.0,Services-Prepackaged Software,380838767.3907948,45230257.0,385814080.1322184,True,CERENCE INC.,0001768267,2026-06-30,309494000.0,26980000.0,127607000.0,0.0,173458000.0,13594000.0,0.0,59445000.0,84713000.0,6074000.0,26920000.0,47744000.0,缺折舊攤銷標籤。; 現金標籤退用前綴比對:CashCashEquivalentsRestrictedCashAndRestrictedCashEquivalentsIncludingDisposalGroupAndDiscontinuedOperations@2026-06-30 = 128M(三個標準標籤都對不上).; 取數標籤:有息負債 173M = LongTermDebtNoncurrent@2026-06-30 173M(其中融資租賃 0M = (無));現金 128M = CashCashEquivalentsRestrictedCashAndRestrictedCashEquivalentsIncludingDisposalGroupAndDiscontinuedOperations@2026-06-30 128M;投資 0M = (無);經營租賃 14M;稀釋股數 47.7M(XBRL 未拆季 2026-04-01→2026-06-30)。,True,0.7017222858357041,低(≤3 倍),充裕,齊,,True,True
ORN,13.829999923706056,9.279999732971191,-0.3289949541457112,-0.3469692432380494,12.08930003643036,-0.2323790703343877,0.01597797803632,4859353.34854126,Orion Group Holdings Inc,1402829,1600.0,Heavy Construction Other Than Bldg Const - Contractors,366482382.2238636,40495290.0,375796280.38659096,True,"ORION GROUP HOLDINGS, INC.",0001402829,2026-03-31,879907000.0,12983000.0,6254000.0,0.0,83646000.0,33012000.0,5849000.0,110404000.0,36434000.0,38404000.0,5714000.0,40133155.0,"警告:少數股東權益 的候選標籤(MinorityInterest)全部缺 asof(2026-03-31)前後 200 日內的資料,最新只到 2014-12-31,用這筆舊值代替 —— 可能失真,建議人手核對資產負債表。; 取數標籤:有息負債 84M = LongTermDebtCurrent@2026-03-31 6M; LongTermDebtNoncurrent@2026-03-31 66M(其中融資租賃 11M = FinanceLeaseLiabilityCurrent@2026-03-31 6M+FinanceLeaseLiabilityNoncurrent@2026-03-31 5M);現金 6M = CashAndCashEquivalentsAtCarryingValue@2026-03-31 6M;投資 0M = (無);經營租賃 33M;稀釋股數 40.1M(XBRL 未拆季 2026-01-01→2026-03-31)。",True,3.030246473074601,中(3–6 倍),不足(現金投資 < 短債 ×2),齊,,True,True
CDNL,54.2400016784668,36.43000030517578,-0.3283554723849051,-0.3463297614772433,45.15945938728951,-0.1933030023067704,,35808573.778533936,Cardinal Infrastructure Group Inc.,2079999,1600.0,Heavy Construction Other Than Bldg Const - Contractors,,,,True,Cardinal Infrastructure Group Inc,0002079999,2026-06-30,582355328.0,49913597.0,339092289.0,0.0,207005505.0,23073744.0,0.0,239419646.0,38317506.0,56606408.0,461517.0,43127603.0,現金標籤退用前綴比對:CashCashEquivalentsRestrictedCashAndRestrictedCashEquivalentsIncludingDisposalGroupAndDiscontinuedOperations@2026-06-30 = 339M(三個標準標籤都對不上).; 取數標籤:有息負債 207M = NotesPayable@2026-06-30 200M(其中融資租賃 8M = FinanceLeaseLiabilityCurrent@2026-06-30 3M+FinanceLeaseLiabilityNoncurrent@2026-06-30 4M);現金 339M = CashCashEquivalentsRestrictedCashAndRestrictedCashEquivalentsIncludingDisposalGroupAndDiscontinuedOperations@2026-06-30 339M;投資 0M = (無);經營租賃 23M;稀釋股數 43.1M(XBRL 未拆季 2026-04-01→2026-06-30)。,True,6.248309741244642,高(>6 倍),充裕,齊,,True,True
MOD,288.5199890136719,194.66000366210935,-0.3253153643615133,-0.3432896534538515,210.4566501235962,-0.0750589085790819,0.04624522861739,291238994.46258545,MODINE MANUFACTURING CO,67347,3714.0,Motor Vehicle Parts & Accessories,9608620198.784542,53112708.0,10338919933.784546,True,MODINE MANUFACTURING CO,0000067347,2026-06-30,3372400000.0,341500000.0,95300000.0,0.0,523800000.0,143200000.0,0.0,580000000.0,262400000.0,162200000.0,24800000.0,54000000.0,"注意:有息負債取自合計標籤 LongTermDebtAndCapitalLeaseObligationsIncludingCurrentMaturities(按定義已含資本 / 融資租賃),而融資租賃 2M 另外再加了一次,可能重覆計數 0.4%。; 取數標籤:有息負債 524M = LongTermDebtAndCapitalLeaseObligationsIncludingCurrentMaturities@2026-06-30 522M(其中融資租賃 2M = FinanceLeaseLiabilityCurrent@2026-06-30 0M+FinanceLeaseLiabilityNoncurrent@2026-06-30 2M);現金 95M = CashAndCashEquivalentsAtCarryingValue@2026-06-30 95M;投資 0M = (無);經營租賃 143M;稀釋股數 54.0M(XBRL 未拆季 2026-04-01→2026-06-30)。",True,2.2103658536585367,低(≤3 倍),充裕,齊,,True,True
FSLR,303.0,204.4499969482422,-0.3252475348242832,-0.3432218239166215,230.59720108032224,-0.1133890784865702,-0.0224961052002327,416426753.58047485,"FIRST SOLAR, INC.",1274494,3674.0,Semiconductors & Related Devices,21456342518.256477,107469788.0,21972197828.628235,True,"First Solar, Inc.",0001274494,2026-06-30,5378071000.0,1809702000.0,1688279000.0,38685000.0,74501000.0,119509000.0,0.0,-1532954000.0,2155743000.0,655624000.0,23655000.0,107732000.0,取數標籤:有息負債 75M = DebtLongtermAndShorttermCombinedAmount@2026-06-30 38M(其中融資租賃 37M = FinanceLeaseLiabilityCurrent@2026-06-30 3M+FinanceLeaseLiabilityNoncurrent@2026-06-30 34M);現金 1688M = CashAndCashEquivalentsAtCarryingValue@2026-06-30 1688M;投資 39M = AvailableForSaleSecuritiesDebtSecuritiesCurrent@2026-06-30 39M;經營租賃 120M;稀釋股數 107.7M(XBRL 未拆季 2026-04-01→2026-06-30)。,True,-0.7111023902199844,淨現金,充裕,齊,,True,True
CRUS,167.72999572753906,113.20999908447266,-0.3250461934765013,-0.3430204825688395,140.0026998901367,-0.1913727437162918,-0.0039907894757882,92034623.12164308,"CIRRUS LOGIC, INC.",772406,3674.0,Semiconductors & Related Devices,5666291324.302674,50117561.0,5673809034.9260025,True,"CIRRUS LOGIC, INC.",0000772406,2026-06-27,2049830000.0,472422000.0,810666000.0,356652000.0,0.0,130464000.0,0.0,-1036854000.0,598595000.0,26493000.0,81591000.0,52353000.0,取數標籤:有息負債 0M = (無)(其中融資租賃 0M = (無));現金 811M = CashAndCashEquivalentsAtCarryingValue@2026-06-27 811M;投資 357M = DebtSecuritiesAvailableForSaleExcludingAccruedInterestCurrent@2026-06-27 81M+DebtSecuritiesAvailableForSaleExcludingAccruedInterestNoncurrent@2026-06-27 276M;經營租賃 130M;稀釋股數 52.4M(XBRL 未拆季 2026-03-29→2026-06-27)。,True,-1.7321461088047845,淨現金,充裕,齊,,True,True
IPGP,115.16000366210938,78.0,-0.3226815081661549,-0.3406557972584931,101.37759994506835,-0.2305992641149085,-0.0020750609356764,36372282.89794922,IPG PHOTONICS CORP,1111928,3674.0,Semiconductors & Related Devices,3198597202.9948883,42534539.0,3317694042.0,True,IPG PHOTONICS CORP,0001111928,2026-06-30,1069340000.0,7968000.0,399225000.0,504787000.0,0.0,16254000.0,0.0,-887758000.0,96444000.0,75646000.0,41431000.0,42912927.0,"警告:少數股東權益 的候選標籤(MinorityInterest)全部缺 asof(2026-06-30)前後 200 日內的資料,最新只到 2022-12-31,用這筆舊值代替 —— 可能失真,建議人手核對資產負債表。; 取數標籤:有息負債 0M = (無)(其中融資租賃 0M = (無));現金 399M = CashAndCashEquivalentsAtCarryingValue@2026-06-30 399M;投資 505M = ShortTermInvestments@2026-06-30 472M+LongTermInvestments@2026-06-30 33M;經營租賃 16M;稀釋股數 42.9M(XBRL 未拆季 2026-04-01→2026-06-30)。",True,-9.204906474223383,淨現金,充裕,齊,,True,True
CTRI,30.21999931335449,20.540000915527344,-0.3203176246780875,-0.3382919137704258,28.281600017547607,-0.2737327130437071,0.0164887934512194,37925025.476932526,"Centuri Holdings, Inc.",1981599,4923.0,Natural Gas Transmisison & Distribution,2071761893.7772176,100963053.0,2073781201.054436,True,"Centuri Holdings, Inc.",0001981599,2026-06-28,3393808000.0,92782000.0,40458000.0,0.0,731741000.0,197479000.0,22915000.0,888762000.0,74092000.0,89310000.0,10640000.0,101476000.0,取數標籤:有息負債 732M = LongTermDebtCurrent@2026-06-28 23M; LongTermDebtNoncurrent@2026-06-28 695M(其中融資租賃 14M = FinanceLeaseLiabilityCurrent@2026-06-28 7M+FinanceLeaseLiabilityNoncurrent@2026-06-28 7M);現金 40M = CashAndCashEquivalentsAtCarryingValue@2026-06-28 40M;投資 0M = (無);經營租賃 197M;稀釋股數 101.5M(XBRL 未拆季 2026-03-30→2026-06-28)。,True,11.995384117043676,高(>6 倍),不足(現金投資 < 短債 ×2),齊,,True,True
PLAY,12.779999732971191,8.720000267028809,-0.3176838459133898,-0.335658135005728,13.491475009918211,-0.3536659067582803,-0.0844102195227768,15976002.385950089,"Dave & Buster's Entertainment, Inc.",1525769,5812.0,Retail-Eating  Places,293964457.6645832,34788694.0,303357420.9695835,True,"Dave & Buster’s Entertainment, Inc.",0001525769,2026-05-05,2094400000.0,69800000.0,19600000.0,0.0,1563500000.0,1645200000.0,7000000.0,3189100000.0,308800000.0,342100000.0,19100000.0,34940000.0,缺折舊攤銷標籤。; 取數標籤:有息負債 1564M = LongTermDebt@2026-05-05 1530M(其中融資租賃 33M = FinanceLeaseLiabilityCurrent@2026-05-05 0M+FinanceLeaseLiabilityNoncurrent@2026-05-05 33M);現金 20M = CashAndCashEquivalentsAtCarryingValue@2026-05-05 20M;投資 0M = (無);經營租賃 1645M;稀釋股數 34.9M(XBRL 未拆季 2026-02-04→2026-05-05)。,True,10.327396373056995,高(>6 倍),充裕,齊,,True,True
OLN,25.446163177490234,17.3700008392334,-0.3173823213316905,-0.3353566104240287,22.86148186683655,-0.2402066961183838,-0.0205988888742542,57684112.80412674,OLIN Corp,74303,2800.0,Chemicals & Allied Products,1952519958.042088,113982490.0,1979875946.9579124,True,OLIN CORPORATION,0000074303,2026-06-30,6703200000.0,-105500000.0,177400000.0,0.0,3029100000.0,378400000.0,0.0,3230500000.0,307200000.0,212200000.0,21300000.0,113900000.0,取數標籤:有息負債 3029M = DebtLongtermAndShorttermCombinedAmount@2026-06-30 3029M(其中融資租賃 0M = (無));現金 177M = CashCashEquivalentsRestrictedCashAndRestrictedCashEquivalents@2026-06-30 177M;投資 0M = (無);經營租賃 378M;稀釋股數 113.9M(XBRL 未拆季 2026-04-01→2026-06-30)。,True,10.515950520833334,高(>6 倍),充裕,齊,,True,True
AKAM,154.00999450683594,105.22000122070312,-0.3167975782504635,-0.3347718673428017,109.58425003051758,-0.0398255115000474,0.0664962610332169,370618371.4935303,AKAMAI TECHNOLOGIES INC,1086222,7389.0,"Services-Business Services, NEC",15103177913.50406,143716609.0,15121861774.415314,True,"Akamai Technologies, Inc",0001086222,2018-03-31,2562483000.0,277512000.0,363703000.0,960120000.0,668745000.0,0.0,0.0,-655078000.0,850375000.0,260506000.0,170008000.0,153686000.0,取數標籤:有息負債 669M = ConvertibleNotesPayableCurrent@2018-03-31 669M(其中融資租賃 0M = (無));現金 364M = CashAndCashEquivalentsAtCarryingValue@2018-03-31 364M;投資 960M = AvailableForSaleSecuritiesCurrent@2018-03-31 448M+MarketableSecuritiesNoncurrent@2018-03-31 512M;經營租賃 0M;稀釋股數 153.7M(XBRL 未拆季 2026-04-01→2026-06-30)。,True,-0.7703401440540938,淨現金,充裕,齊,,True,True
IREN,65.33000183105469,44.68000030517578,-0.3160875699847739,-0.3340618590771121,45.6600750541687,-0.0214645890929923,-0.0744858223179282,1736923631.8925858,IREN Ltd,1878848,6199.0,Finance Services,13158682667.616684,357378674.0,15967679263.383316,True,IREN Limited,0001878848,2026-06-30,707007000.0,-1046714000.0,5895591000.0,0.0,7836740000.0,2786000.0,169370000.0,1943935000.0,2100418000.0,2998006000.0,205023000.0,316123145.0,取數標籤:有息負債 7837M = LongTermDebt@2026-06-30 7593M(其中融資租賃 244M = FinanceLeaseLiabilityCurrent@2026-06-30 125M+FinanceLeaseLiabilityNoncurrent@2026-06-30 118M);現金 5896M = CashAndCashEquivalentsAtCarryingValue@2026-06-30 5896M;投資 0M = (無);經營租賃 3M;稀釋股數 316.1M(XBRL 未拆季 2025-07-01→2026-06-30)。,True,0.9254991149380742,低(≤3 倍),充裕,齊,,True,True
LTRX,7.579999923706055,5.21999979019165,-0.3113456671857775,-0.3293199562781157,5.999649991989136,-0.129949280847798,0.0188481270063254,4739616.510486603,LANTRONIX INC,1114925,3576.0,Computer Communications Equipment,240532361.25416565,46705312.0,243801718.8408356,True,"LANTRONIX, INC.",0001114925,2026-06-30,120899000.0,-4121000.0,60466000.0,0.0,0.0,0.0,0.0,-60466000.0,9877000.0,612000.0,6270000.0,40145000.0,"警告:短期經營租賃負債 的候選標籤(OperatingLeaseLiabilityCurrent)全部缺 asof(2026-06-30)前後 200 日內的資料,最新只到 2020-06-30,用這筆舊值代替 —— 可能失真,建議人手核對資產負債表。; 警告:長期經營租賃負債 的候選標籤(OperatingLeaseLiabilityNoncurrent)全部缺 asof(2026-06-30)前後 200 日內的資料,最新只到 2020-06-30,用這筆舊值代替 —— 可能失真,建議人手核對資產負債表。; 取數標籤:有息負債 0M = (無)(其中融資租賃 0M = (無));現金 60M = CashAndCashEquivalentsAtCarryingValue@2026-06-30 60M;投資 0M = (無);經營租賃 0M;稀釋股數 40.1M(XBRL 未拆季 2025-07-01→2026-06-30)。",True,-6.1218993621545,淨現金,充裕,齊,,True,True
WING,157.70176696777344,109.20500183105467,-0.3075220149348683,-0.3254963040272065,189.36874488830568,-0.4233208764441751,-0.1080976843096067,151785719.39849854,Wingstop Inc.,1636222,5812.0,Retail-Eating  Places,2985783000.0311737,27242546.0,2975022285.812592,True,WINGSTOP INC.,0001636222,2026-06-27,720719000.0,200835000.0,127455000.0,90693000.0,1210589000.0,61886000.0,0.0,1054327000.0,189490000.0,60996000.0,22065000.0,27252000.0,取數標籤:有息負債 1211M = DebtLongtermAndShorttermCombinedAmount@2026-06-27 1211M(其中融資租賃 0M = (無));現金 127M = CashAndCashEquivalentsAtCarryingValue@2026-06-27 127M;投資 91M = LongTermInvestments@2026-06-27 91M;經營租賃 62M;稀釋股數 27.3M(XBRL 未拆季 2026-03-29→2026-06-27)。,True,5.564024486780305,中(3–6 倍),充裕,齊,,True,True
GNRC,269.260009765625,187.3500061035156,-0.3042041175494542,-0.3221784066417924,208.5038503265381,-0.1014554128851501,0.029462586879805,205079919.0185547,GENERAC HOLDINGS INC.,1474735,3621.0,Motors & Generators,10665989490.228382,59006361.0,11054842093.496246,True,GENERAC HOLDINGS INC.,0001474735,2026-06-30,4438732000.0,421488000.0,264921000.0,0.0,1387641000.0,51881000.0,21277000.0,1174606000.0,548133000.0,168884000.0,51034000.0,59635447.0,取數標籤:有息負債 1388M = ShortTermBorrowings@2026-06-30 48M; LongTermDebtAndCapitalLeaseObligations@2026-06-30 1249M(其中融資租賃 90M = FinanceLeaseLiability@2026-06-30 90M);現金 265M = CashAndCashEquivalentsAtCarryingValue@2026-06-30 265M;投資 0M = (無);經營租賃 52M;稀釋股數 59.6M(XBRL 未拆季 2026-04-01→2026-06-30)。,True,2.1429215172230096,低(≤3 倍),充裕,齊,,True,True
OPTX,10.84000015258789,7.570000171661377,-0.3016605105993333,-0.3196347996916715,7.157424998283386,0.0576429614668601,0.1633652832913319,3274651.4659404755,"SYNTEC OPTICS HOLDINGS, INC.",1866816,3827.0,Optical Instruments & Lenses,293237520.2910547,40279878.0,304918683.3744993,True,"SYNTEC OPTICS HOLDINGS, INC.",0001866816,2026-06-30,29242712.0,-1354461.0,14047104.0,0.0,4336683.0,0.0,568924.0,-9710421.0,702011.0,1110005.0,0.0,39191966.0,"companyfacts 沒有可用的股權薪酬季度標籤,SBC 當 0 處理 —— 這會高估自由現金流。; 現金標籤退用前綴比對:CashCashEquivalentsRestrictedCashAndRestrictedCashEquivalentsIncludingDisposalGroupAndDiscontinuedOperations@2026-06-30 = 14M(三個標準標籤都對不上).; 警告:短期經營租賃負債 的候選標籤(OperatingLeaseLiabilityCurrent)全部缺 asof(2026-06-30)前後 200 日內的資料,最新只到 2022-12-31,用這筆舊值代替 —— 可能失真,建議人手核對資產負債表。; 警告:長期經營租賃負債 的候選標籤(OperatingLeaseLiabilityNoncurrent)全部缺 asof(2026-06-30)前後 200 日內的資料,最新只到 2022-12-31,用這筆舊值代替 —— 可能失真,建議人手核對資產負債表。; 取數標籤:有息負債 4M = LongTermDebt@2026-06-30 3M(其中融資租賃 2M = FinanceLeaseLiabilityCurrent@2026-06-30 0M+FinanceLeaseLiabilityNoncurrent@2026-06-30 1M);現金 14M = CashCashEquivalentsRestrictedCashAndRestrictedCashEquivalentsIncludingDisposalGroupAndDiscontinuedOperations@2026-06-30 14M;投資 0M = (無);經營租賃 0M;稀釋股數 39.2M(XBRL 未拆季 2026-04-01→2026-06-30)。",True,-13.832291801695416,淨現金,充裕,齊,,True,True
APTV,68.5999984741211,47.95000076293945,-0.3010203814942025,-0.3189946705865407,66.37519987106323,-0.2775916177113673,-0.0833903656826233,166871631.74705505,Aptiv PLC,1521332,3714.0,Motor Vehicle Parts & Accessories,9349728641.471346,207633331.0,9956018379.86166,True,APTIV PLC,0001521332,2026-06-30,18725000000.0,995000000.0,761000000.0,60000000.0,5354000000.0,330000000.0,0.0,4863000000.0,1351000000.0,0.0,125000000.0,212100000.0,缺資本開支標籤。; 取數標籤:有息負債 5354M = DebtLongtermAndShorttermCombinedAmount@2026-06-30 5354M(其中融資租賃 0M = (無));現金 761M = CashAndCashEquivalentsAtCarryingValue@2026-06-30 761M;投資 60M = AvailableForSaleSecuritiesDebtSecurities@2026-06-30 60M(合計標籤);經營租賃 330M;稀釋股數 212.1M(XBRL 未拆季 2026-04-01→2026-06-30)。,True,3.5995558845299778,中(3–6 倍),充裕,齊,,True,True
OXM,43.90956497192383,30.8700008392334,-0.2969640929266333,-0.3149383820189715,37.70722016334534,-0.181323876289303,0.0085587056889946,12716707.704925535,OXFORD INDUSTRIES INC,75288,2320.0,"Men's & Boys' Furnishgs, Work Clothg, & Allied Garments",563493398.7410736,14930932.0,460917883.3705368,True,"OXFORD INDUSTRIES, INC.",0000075288,2026-05-02,1476375000.0,-45127000.0,9360000.0,0.0,142717000.0,449712000.0,0.0,583069000.0,131490000.0,107683000.0,15801000.0,15005000.0,取數標籤:有息負債 143M = LongTermDebtNoncurrent@2026-05-02 143M(其中融資租賃 0M = (無));現金 9M = CashAndCashEquivalentsAtCarryingValue@2026-05-02 9M;投資 0M = (無);經營租賃 450M;稀釋股數 15.0M(XBRL 未拆季 2026-02-01→2026-05-02)。,True,4.434322001673131,中(3–6 倍),充裕,齊,,True,True
SHAZ,79.55000305175781,55.93999862670898,-0.2967945131276411,-0.3147688022199794,,,,126419346.14543916,SharonAI Holdings Inc.,2068385,7374.0,Services-Computer Processing & Data Preparation,,,,True,SHARONAI HOLDINGS INC.,0002068385,2026-06-30,2927471.0,-31374882.0,1861347822.0,0.0,1011351489.0,0.0,0.0,-852281732.0,21532729.0,12579295.0,4009714.0,18755220.0,缺折舊攤銷標籤。; 取數標籤:有息負債 1011M = ConvertibleNotesPayableCurrent@2026-06-30 0M; ConvertibleLongTermNotesPayable@2026-06-30 1007M(其中融資租賃 5M = FinanceLeaseLiabilityCurrent@2026-06-30 1M+FinanceLeaseLiabilityNoncurrent@2026-06-30 4M);現金 1861M = CashAndCashEquivalentsAtCarryingValue@2026-06-30 1861M;投資 0M = (無);經營租賃 0M;稀釋股數 18.8M(XBRL 未拆季 2026-04-01→2026-06-30)。,True,-39.58075783148527,淨現金,充裕,齊,,True,True
LBRT,29.15557289123535,20.59000015258789,-0.29378852443069,-0.3117628135230282,24.56677005290985,-0.1618759768482843,0.0349772643084123,77794627.92377472,Liberty Energy Inc.,1694028,1389.0,"Oil & Gas Field Services, NEC",,,,True,Liberty Energy Inc.,0001694028,2026-06-30,4195914000.0,52457000.0,555359000.0,191330000.0,1567968000.0,57040000.0,11906000.0,878319000.0,388333000.0,704913000.0,33740000.0,167663000.0,"警告:少數股東權益 的候選標籤(MinorityInterest)全部缺 asof(2026-06-30)前後 200 日內的資料,最新只到 2023-12-31,用這筆舊值代替 —— 可能失真,建議人手核對資產負債表。; 取數標籤:有息負債 1568M = LongTermDebtCurrent@2026-06-30 12M; LongTermDebt@2026-06-30 1292M(其中融資租賃 264M = FinanceLeaseLiability@2026-06-30 264M);現金 555M = CashAndCashEquivalentsAtCarryingValue@2026-06-30 555M;投資 191M = LongTermInvestments@2026-06-30 191M;經營租賃 57M;稀釋股數 167.7M(XBRL 未拆季 2026-04-01→2026-06-30)。",True,2.2617676066674735,低(≤3 倍),充裕,齊,,True,True
CDNS,414.1600036621094,292.70001220703125,-0.2932682788803786,-0.3112425679727169,327.1298002624512,-0.1052480942665493,0.0002030119881815,708320242.6452637,CADENCE DESIGN SYSTEMS INC,813672,7372.0,Services-Prepackaged Software,86209027073.21167,275393000.0,80607534461.73096,True,"CADENCE DESIGN SYSTEMS, INC.",0000813672,2026-03-31,5528613000.0,1561851000.0,1406668000.0,79640000.0,425000000.0,227073000.0,0.0,-834235000.0,1597542000.0,167630000.0,485745000.0,273725000.0,取數標籤:有息負債 425M = LinesOfCreditCurrent@2026-03-31 425M(其中融資租賃 0M = (無));現金 1407M = CashAndCashEquivalentsAtCarryingValue@2026-03-31 1407M;投資 80M = AvailableForSaleSecuritiesDebtSecurities@2026-03-31 80M(合計標籤);經營租賃 227M;稀釋股數 273.7M(XBRL 未拆季 2026-01-01→2026-03-31)。,True,-0.522199103372556,淨現金,充裕,齊,,True,True
ALTO,5.710000038146973,4.039999961853027,-0.2924693634215629,-0.3104436525139011,4.052799990177155,-0.0031583173004221,0.1719929645131461,9759396.154165268,"Alto Ingredients, Inc.",778164,2860.0,Industrial Organic Chemicals,318802698.3963871,77567564.0,313372955.60103226,True,"ALTO INGREDIENTS, INC.",0000778164,2026-06-30,943329000.0,35606000.0,23962000.0,0.0,64528000.0,22469000.0,16600000.0,63035000.0,65012000.0,15068000.0,3066000.0,77071000.0,"警告:少數股東權益 的候選標籤(MinorityInterest)全部缺 asof(2026-06-30)前後 200 日內的資料,最新只到 2020-03-31,用這筆舊值代替 —— 可能失真,建議人手核對資產負債表。; 取數標籤:有息負債 65M = LongTermDebt@2026-06-30 65M(其中融資租賃 0M = (無));現金 24M = CashAndCashEquivalentsAtCarryingValue@2026-06-30 24M;投資 0M = (無);經營租賃 22M;稀釋股數 77.1M(XBRL 未拆季 2026-04-01→2026-06-30)。",True,0.9695902294960931,低(≤3 倍),不足(現金投資 < 短債 ×2),齊,,True,True
TREE,39.88999938964844,28.350000381469727,-0.2892955423602581,-0.3072698314525963,43.6868498802185,-0.3510632957239916,-0.0916190364433979,11216109.868621826,"LendingTree, Inc.",1434621,6163.0,Loan Brokers,384262796.3524685,14039561.0,398021559.7056675,True,"LendingTree, Inc.",0001434621,2026-06-30,1268169000.0,103910000.0,110766000.0,0.0,390283000.0,45779000.0,3932000.0,325296000.0,86077000.0,12200000.0,24644000.0,14054000.0,取數標籤:有息負債 390M = LongTermDebtCurrent@2026-06-30 4M; LongTermDebtNoncurrent@2026-06-30 386M(其中融資租賃 0M = (無));現金 111M = CashAndCashEquivalentsAtCarryingValue@2026-06-30 111M;投資 0M = (無);經營租賃 46M;稀釋股數 14.1M(XBRL 未拆季 2026-04-01→2026-06-30)。,True,3.7791279900554153,中(3–6 倍),充裕,齊,,True,True
CRWV,124.81999969482422,89.36000061035156,-0.2840890816469297,-0.3020633707392679,91.47082500457763,-0.0230764770528792,-0.0700216474759876,1995700633.359528,"CoreWeave, Inc.",1769628,7372.0,Services-Prepackaged Software,,,,True,"CoreWeave, Inc.",0001769628,2026-06-30,7589580000.0,-230739000.0,5524000000.0,15000000.0,35772000000.0,16319000000.0,7547000000.0,46552000000.0,6911000000.0,20566000000.0,619000000.0,551000000.0,"警告:有息負債取不到任何資產負債表口徑的標籤,退用債務附註的本金總額 DebtInstrumentCarryingAmount = 35551M —— 本金不等於帳面值(未扣未攤銷折價與發行成本),可能高估。; 取數標籤:有息負債 35772M = DebtInstrumentCarryingAmount@2026-06-30 35551M(債務附註本金)(其中融資租賃 221M = FinanceLeaseLiabilityCurrent@2026-06-30 7M+FinanceLeaseLiabilityNoncurrent@2026-06-30 214M);現金 5524M = CashAndCashEquivalentsAtCarryingValue@2026-06-30 5524M;投資 15M = MarketableSecuritiesCurrent@2026-06-30 15M;經營租賃 16319M;稀釋股數 551.0M(XBRL 未拆季 2026-04-01→2026-06-30)。",True,6.735928230357401,高(>6 倍),不足(現金投資 < 短債 ×2),齊,,True,True
FICO,1284.75,932.260009765625,-0.2743646547844911,-0.2923389438768293,1304.5791961669922,-0.2853940853075727,-0.0700375338444256,318498468.92089844,FAIR ISAAC CORP,814547,7389.0,"Services-Business Services, NEC",23836878956.829224,21597635.0,20134611416.014404,True,FAIR ISAAC CORP,0000814547,2026-06-30,2393575000.0,1236298000.0,248444000.0,56093000.0,5582389000.0,15621000.0,300000000.0,5293473000.0,1001549000.0,5526000.0,174289000.0,22703000.0,"警告:短期經營租賃負債 的候選標籤(OperatingLeaseLiabilityCurrent)全部缺 asof(2026-06-30)前後 200 日內的資料,最新只到 2025-09-30,用這筆舊值代替 —— 可能失真,建議人手核對資產負債表。; 取數標籤:有息負債 5582M = LongTermDebt@2026-06-30 5582M(其中融資租賃 0M = (無));現金 248M = CashAndCashEquivalentsAtCarryingValue@2026-06-30 248M;投資 56M = MarketableSecuritiesNoncurrent@2026-06-30 56M;經營租賃 16M;稀釋股數 22.7M(XBRL 未拆季 2026-04-01→2026-06-30)。",True,5.285286091843734,中(3–6 倍),不足(現金投資 < 短債 ×2),齊,,True,True
MXL,86.2300033569336,62.7400016784668,-0.2724110027136861,-0.2903852918060243,47.44739996910095,0.3223064218339637,0.2813428690379855,221217023.71063232,"MAXLINEAR, INC",1288469,3674.0,Semiconductors & Related Devices,5223020883.528683,90693191.0,5690090955.56551,True,"MaxLinear, Inc.",0001288469,2026-06-30,568930000.0,-77575000.0,64814000.0,0.0,123926000.0,24271000.0,0.0,83383000.0,16467000.0,13159000.0,88610000.0,97333000.0,取數標籤:有息負債 124M = LongTermDebtNoncurrent@2026-06-30 124M(其中融資租賃 0M = (無));現金 65M = CashAndCashEquivalentsAtCarryingValue@2026-06-30 65M;投資 0M = (無);經營租賃 24M;稀釋股數 97.3M(XBRL 未拆季 2026-04-01→2026-06-30)。,True,5.063642436387927,中(3–6 倍),充裕,齊,,True,True
TTMI,172.44000244140625,125.5999984741211,-0.2716307312927638,-0.289605020385102,120.15420013427736,0.0453234121966426,0.107180016264289,341887614.3123627,TTM TECHNOLOGIES INC,1116942,3672.0,Printed Circuit Boards,12149884678.01953,105348864.0,13231817157.65039,True,"TTM TECHNOLOGIES, INC.",0001116942,2026-06-29,3377086000.0,334159000.0,507905000.0,0.0,992669000.0,114528000.0,4000000.0,599292000.0,322905000.0,338044000.0,61341000.0,107583000.0,"警告:少數股東權益 的候選標籤(MinorityInterest)全部缺 asof(2026-06-29)前後 200 日內的資料,最新只到 2017-10-02,用這筆舊值代替 —— 可能失真,建議人手核對資產負債表。; 取數標籤:有息負債 993M = LongTermDebtCurrent@2026-06-29 4M; LongTermDebt@2026-06-29 973M(其中融資租賃 15M = FinanceLeaseLiabilityNoncurrent@2026-06-29 15M);現金 508M = CashAndCashEquivalentsAtCarryingValue@2026-06-29 508M;投資 0M = (無);經營租賃 115M;稀釋股數 107.6M(XBRL 未拆季 2026-03-31→2026-06-29)。",True,1.855939053281925,低(≤3 倍),充裕,齊,,True,True
MWH,34.630001068115234,25.270000457763672,-0.2702858885837449,-0.2882601776760831,,,,50599573.21834564,"SOLV Energy, Inc.",2065636,1600.0,Heavy Construction Other Than Bldg Const - Contractors,,,,True,"SOLV Energy, Inc.",0002065636,2026-06-30,2571847000.0,129899000.0,363968000.0,0.0,0.0,0.0,0.0,-9574000.0,96875000.0,21273000.0,81642000.0,201682563.0,取數標籤:有息負債 0M = (無)(其中融資租賃 0M = (無));現金 364M = CashAndCashEquivalentsAtCarryingValue@2026-06-30 364M;投資 0M = (無);經營租賃 0M;稀釋股數 201.7M(XBRL 未拆季 2026-04-01→2026-06-30)。,True,-0.09882838709677419,淨現金,充裕,齊,,True,True
EBS,8.489999771118164,6.210000038146973,-0.2685512125368299,-0.2865255016291681,9.034700000286104,-0.3126501114646507,-0.0744552811228714,6161448.060846329,Emergent BioSolutions Inc.,1367644,2834.0,Pharmaceutical Preparations,318920139.162426,51273336.0,318407418.51592255,True,EMERGENT BIOSOLUTIONS INC.,0001367644,2026-06-30,770200000.0,-66000000.0,139700000.0,0.0,589700000.0,6400000.0,0.0,456400000.0,97700000.0,11800000.0,18900000.0,51600000.0,"警告:少數股東權益 的候選標籤(MinorityInterest)全部缺 asof(2026-06-30)前後 200 日內的資料,最新只到 2014-12-31,用這筆舊值代替 —— 可能失真,建議人手核對資產負債表。; 取數標籤:有息負債 590M = LongTermDebt@2026-06-30 590M(其中融資租賃 0M = (無));現金 140M = CashAndCashEquivalentsAtCarryingValue@2026-06-30 140M;投資 0M = (無);經營租賃 6M;稀釋股數 51.6M(XBRL 未拆季 2026-04-01→2026-06-30)。",True,4.671443193449335,中(3–6 倍),充裕,齊,,True,True
CENX,63.90999984741211,46.77999877929688,-0.2680331890003732,-0.2860074780927114,49.50709987640381,-0.0550850505061947,0.0553031625700637,84382052.2972107,CENTURY ALUMINUM CO,949157,3334.0,Primary Production of  Aluminum,4630906219.258576,98993295.0,4630906219.258575,True,Century Aluminum Company,0000949157,2026-06-30,2667200000.0,674500000.0,343400000.0,0.0,480000000.0,24600000.0,0.0,292600000.0,340800000.0,189600000.0,54200000.0,104800000.0,取數標籤:有息負債 480M = DebtLongtermAndShorttermCombinedAmount@2026-06-30 480M(其中融資租賃 0M = (無));現金 343M = CashAndCashEquivalentsAtCarryingValue@2026-06-30 343M;投資 0M = (無);經營租賃 25M;稀釋股數 104.8M(XBRL 未拆季 2026-04-01→2026-06-30)。,True,0.8585680751173709,低(≤3 倍),充裕,齊,,True,True
CLS,426.5499877929688,312.3500061035156,-0.2677294220082863,-0.2857037111006245,328.0592491912841,-0.0478853838948122,0.0146981962093617,670644447.9919434,CELESTICA INC,1030894,3672.0,Printed Circuit Boards,33642608121.663025,114982086.0,35914655263.89496,True,CELESTICA INC,0001030894,2026-06-30,15594500000.0,1369800000.0,535700000.0,0.0,885900000.0,170800000.0,0.0,521000000.0,1144000000.0,625300000.0,78400000.0,116200000.0,"注意:有息負債取自合計標籤 LongTermDebtAndCapitalLeaseObligationsIncludingCurrentMaturities(按定義已含資本 / 融資租賃),而融資租賃 76M 另外再加了一次,可能重覆計數 9.3%。; 取數標籤:有息負債 886M = LongTermDebtAndCapitalLeaseObligationsIncludingCurrentMaturities@2026-06-30 810M(其中融資租賃 76M = FinanceLeaseLiabilityCurrent@2026-06-30 10M+FinanceLeaseLiabilityNoncurrent@2026-06-30 66M);現金 536M = CashAndCashEquivalentsAtCarryingValue@2026-06-30 536M;投資 0M = (無);經營租賃 171M;稀釋股數 116.2M(XBRL 未拆季 2026-04-01→2026-06-30)。",True,0.4554195804195804,低(≤3 倍),充裕,齊,,True,True
SYNA,134.92999267578125,98.98999786376952,-0.2663603109975017,-0.2843346000898399,96.2083002281189,0.0289132811727779,0.0779330168459273,76461460.07843018,SYNAPTICS Inc,817720,3674.0,Semiconductors & Related Devices,3721811786.0129695,39106986.0,3871200460.598465,True,SYNAPTICS INCORPORATED,0000817720,2026-06-27,1197200000.0,-67100000.0,442500000.0,0.0,837300000.0,39500000.0,439600000.0,434300000.0,149400000.0,48000000.0,149300000.0,38900000.0,取數標籤:有息負債 837M = LongTermDebt@2026-06-27 837M(其中融資租賃 0M = (無));現金 442M = CashAndCashEquivalentsAtCarryingValue@2026-06-27 442M;投資 0M = (無);經營租賃 40M;稀釋股數 38.9M(XBRL 未拆季 2025-06-29→2026-06-27)。,True,2.9069611780455156,低(≤3 倍),不足(現金投資 < 短債 ×2),齊,,True,True
VIAV,47.4900016784668,34.86000061035156,-0.2659507395604495,-0.2839250286527878,34.81340000629425,0.0013385823863478,0.1419614125189601,194443925.33721924,VIAVI SOLUTIONS INC.,912093,3674.0,Semiconductors & Related Devices,8589361851.539322,246749828.0,8601699154.684143,True,Viavi Solutions Inc.,0000912093,2026-06-27,1518300000.0,105100000.0,647800000.0,5000000.0,641900000.0,43000000.0,0.0,32100000.0,113900000.0,31100000.0,55400000.0,229500000.0,取數標籤:有息負債 642M = DebtCurrent@2026-06-27 245M; ConvertibleDebtNoncurrent@2026-06-27 397M(其中融資租賃 0M = (無));現金 648M = CashAndCashEquivalentsAtCarryingValue@2026-06-27 648M;投資 5M = ShortTermInvestments@2026-06-27 2M+LongTermInvestments@2026-06-27 3M;經營租賃 43M;稀釋股數 229.5M(XBRL 未拆季 2025-06-29→2026-06-27)。,True,0.28182616330114135,低(≤3 倍),充裕,齊,,True,True
NXPI,310.32733154296875,227.83999633789065,-0.2658075097508989,-0.2837817988432372,242.53924255371092,-0.0606056408070341,0.0236089629632416,1027434139.8742676,NXP Semiconductors N.V.,1413447,3674.0,Semiconductors & Related Devices,56081310758.51203,252164174.0,57453084480.707214,True,NXP Semiconductors N.V.,0001413447,2026-03-29,12615000000.0,3829000000.0,3708000000.0,2000000.0,11724000000.0,274000000.0,1250000000.0,8635000000.0,3048000000.0,337000000.0,444000000.0,253525000.0,取數標籤:有息負債 11724M = DebtCurrent@2026-03-29 750M; LongTermDebtAndCapitalLeaseObligations@2026-03-29 10974M(其中融資租賃 0M = (無));現金 3708M = CashAndCashEquivalentsAtCarryingValue@2026-03-29 3708M;投資 2M = MarketableSecurities@2026-03-29 2M(合計標籤);經營租賃 274M;稀釋股數 253.5M(XBRL 未拆季 2026-01-01→2026-03-29)。,True,2.833005249343832,低(≤3 倍),充裕,齊,,True,True
CPRI,18.399999618530277,13.5600004196167,-0.2630434401769936,-0.2810177292693319,19.84160002231598,-0.3165873516064391,-0.0590030391553919,54673920.75347901,Capri Holdings Ltd,1530721,3100.0,Leather & Leather Products,1453604189.8845348,113651618.0,1541115987.7701168,True,CAPRI HOLDINGS LIMITED,0001530721,2026-06-27,3446000000.0,24000000.0,114000000.0,0.0,338000000.0,1054000000.0,14000000.0,1283000000.0,158000000.0,75000000.0,33000000.0,116039226.0,取數標籤:有息負債 338M = LongTermDebtCurrent@2026-06-27 14M; LongTermDebtNoncurrent@2026-06-27 324M(其中融資租賃 0M = (無));現金 114M = CashAndCashEquivalentsAtCarryingValue@2026-06-27 114M;投資 0M = (無);經營租賃 1054M;稀釋股數 116.0M(XBRL 未拆季 2026-03-29→2026-06-27)。,True,8.120253164556962,高(>6 倍),充裕,齊,,True,True
FUN,21.0,15.510000228881836,-0.2614285605294364,-0.2794028496217746,17.740199971199036,-0.125714464658679,-0.0411397320989751,36910955.80992699,Six Flags Entertainment Corporation/NEW,1999001,7900.0,Services-Amusement & Recreation Services,1456984259.461655,102316312.0,1586926022.538345,True,Six Flags Entertainment Corporation/NEW,0001999001,2024-06-30,,332355000.0,52858000.0,0.0,2553790000.0,80165000.0,10000000.0,2581097000.0,381167000.0,0.0,29410000.0,101731000.0,缺折舊攤銷標籤。; 缺資本開支標籤。; 取數標籤:有息負債 2554M = ShortTermBorrowings@2024-06-30 205M; LongTermDebtNoncurrent@2024-06-30 2349M(其中融資租賃 0M = (無));現金 53M = CashAndCashEquivalentsAtCarryingValue@2024-06-30 53M;投資 0M = (無);經營租賃 80M;稀釋股數 101.7M(XBRL 未拆季 2026-03-30→2026-06-28)。,True,6.771564694740101,高(>6 倍),充裕,資料不足(缺收入或營業利潤),,True,True
ALB,170.69427490234375,126.27999877929688,-0.2601978077381729,-0.2781720968305111,156.0947352981567,-0.1910041133796773,0.0296868259309146,279877905.0312042,ALBEMARLE CORP,915913,2821.0,"Plastic Materials, Synth Resins & Nonvulcan Elastomers",16255196601.75,118005057.0,14901678453.910858,True,ALBEMARLE CORPORATION,0000915913,2026-06-30,5907904000.0,252078000.0,1631688000.0,1109241000.0,1981633000.0,122154000.0,74677000.0,-378457000.0,1800328000.0,457956000.0,37864000.0,136212000.0,取數標籤:有息負債 1982M = LongTermDebt@2026-06-30 1877M(其中融資租賃 105M = FinanceLeaseLiabilityCurrent@2026-06-30 4M+FinanceLeaseLiabilityNoncurrent@2026-06-30 101M);現金 1632M = CashAndCashEquivalentsAtCarryingValue@2026-06-30 1632M;投資 1109M = LongTermInvestments@2026-06-30 1109M;經營租賃 122M;稀釋股數 136.2M(XBRL 未拆季 2026-04-01→2026-06-30)。,True,-0.21021558293822015,淨現金,充裕,齊,,True,True
FLEX,148.00999450683594,109.51000213623048,-0.2601175177317321,-0.2780918068240703,94.8387000656128,0.1546974184638501,0.1257390660669919,497137913.3743286,FLEX LTD.,866374,3672.0,Printed Circuit Boards,39474402454.545685,369402978.0,40453320909.9099,True,FLEX LTD.,0000866374,2026-06-26,29267000000.0,1449000000.0,2840000000.0,0.0,5219000000.0,860000000.0,0.0,3239000000.0,1562000000.0,736000000.0,55237000.0,374000000.0,"警告:少數股東權益 的候選標籤(MinorityInterest)全部缺 asof(2026-06-26)前後 200 日內的資料,最新只到 2024-03-31,用這筆舊值代替 —— 可能失真,建議人手核對資產負債表。; 取數標籤:有息負債 5219M = LongTermDebtNoncurrent@2026-06-26 5219M(其中融資租賃 0M = (無));現金 2840M = CashAndCashEquivalentsAtCarryingValue@2026-06-26 2840M;投資 0M = (無);經營租賃 860M;稀釋股數 374.0M(XBRL 未拆季 2026-04-01→2026-06-26)。",True,2.0736235595390524,低(≤3 倍),充裕,齊,,True,True
ULS,99.74530792236328,73.83000183105469,-0.259814788596169,-0.2777890776885072,84.66922744750977,-0.1280184778250729,0.0032511165487767,58417464.656066895,UL Solutions Inc.,1901440,8734.0,Services-Testing Laboratories,,,,True,UL Solutions Inc.,0001901440,2026-06-30,3146000000.0,562000000.0,434000000.0,0.0,301000000.0,175000000.0,0.0,67000000.0,678000000.0,242000000.0,61000000.0,204000000.0,取數標籤:有息負債 301M = LongTermDebtNoncurrent@2026-06-30 301M(其中融資租賃 0M = (無));現金 434M = CashAndCashEquivalentsAtCarryingValue@2026-06-30 434M;投資 0M = (無);經營租賃 175M;稀釋股數 204.0M(XBRL 未拆季 2026-04-01→2026-06-30)。,True,0.09882005899705015,低(≤3 倍),充裕,齊,,True,True
COLL,31.780000686645508,23.530000686645508,-0.2595972253539563,-0.2775715144462946,38.05554996490479,-0.3816933217797373,-0.0327241146122756,16331944.5022583,"COLLEGIUM PHARMACEUTICAL, INC",1267565,2834.0,Pharmaceutical Preparations,781334712.0,32555613.0,766033596.2441654,True,"Collegium Pharmaceutical, Inc.",0001267565,2026-06-30,808208000.0,157438000.0,129467000.0,0.0,1091557000.0,4968000.0,0.0,967058000.0,329922000.0,1643000.0,44928000.0,32460783.0,取數標籤:有息負債 1092M = LoansPayableCurrent@2026-06-30 55M; LongTermLoansPayable@2026-06-30 798M+ConvertibleLongTermNotesPayable@2026-06-30 239M(其中融資租賃 0M = (無));現金 129M = CashAndCashEquivalentsAtCarryingValue@2026-06-30 129M;投資 0M = (無);經營租賃 5M;稀釋股數 32.5M(XBRL 未拆季 2026-04-01→2026-06-30)。,True,2.9311716102593945,低(≤3 倍),充裕,齊,,True,True
MRCY,111.27999877929688,82.41999816894531,-0.2593458027222842,-0.2773200918146224,90.61075042724607,-0.0903949279713488,0.0462194773828785,62170969.689941406,MERCURY SYSTEMS INC,1049521,3670.0,Electronic Components & Accessories,4979271995.920914,60136133.0,4956419971.747452,True,"MERCURY SYSTEMS, INC",0001049521,2026-07-03,983622000.0,280000.0,214306000.0,0.0,441500000.0,59415000.0,0.0,286609000.0,102388000.0,34301000.0,41132000.0,59460000.0,取數標籤:有息負債 442M = SecuredLongTermDebt@2026-07-03 442M(其中融資租賃 0M = (無));現金 214M = CashAndCashEquivalentsAtCarryingValue@2026-07-03 214M;投資 0M = (無);經營租賃 59M;稀釋股數 59.5M(XBRL 未拆季 2025-06-28→2026-07-03)。,True,2.799244052037348,低(≤3 倍),充裕,齊,,True,True
SAIA,482.2200012207031,357.94000244140625,-0.2577246867916958,-0.275698975884034,384.9972501373291,-0.0702790674122256,0.040881132041352,151976565.77301025,SAIA INC,1177702,4213.0,Trucking (No Local),8845847302.752686,26674650.0,9547924286.123655,True,"Saia, Inc.",0001177702,2026-06-30,3392316000.0,374651000.0,84014000.0,0.0,100248000.0,169067000.0,0.0,185301000.0,606389000.0,351162000.0,0.0,26833000.0,"companyfacts 沒有可用的股權薪酬季度標籤,SBC 當 0 處理 —— 這會高估自由現金流。; 取數標籤:有息負債 100M = LongTermDebtAndCapitalLeaseObligationsCurrent@2026-06-30 0M; LongTermDebtAndCapitalLeaseObligations@2026-06-30 100M(其中融資租賃 0M = FinanceLeaseLiability@2026-06-30 0M);現金 84M = CashAndCashEquivalentsAtCarryingValue@2026-06-30 84M;投資 0M = (無);經營租賃 169M;稀釋股數 26.8M(XBRL 未拆季 2026-04-01→2026-06-30)。",True,0.3055810708967346,低(≤3 倍),充裕,齊,,True,True
QCOM,226.91238403320312,168.74000549316406,-0.2563649348090536,-0.2743392239013918,166.11623596191407,0.0157947807814013,-0.003344032595095,2088593613.899231,QUALCOMM INC/DE,804328,3663.0,Radio & Tv Broadcasting & Communications Equipment,174940500640.86914,1050000000.0,177177005767.82227,True,QUALCOMM INC/DE,0000804328,2026-06-28,44069000000.0,10219000000.0,4533000000.0,3771000000.0,15270000000.0,0.0,1991000000.0,6966000000.0,12401000000.0,1985000000.0,3242000000.0,1069000000.0,"警告:短期經營租賃負債 的候選標籤(OperatingLeaseLiabilityCurrent)全部缺 asof(2026-06-28)前後 200 日內的資料,最新只到 2025-09-28,用這筆舊值代替 —— 可能失真,建議人手核對資產負債表。; 警告:長期經營租賃負債 的候選標籤(OperatingLeaseLiabilityNoncurrent)全部缺 asof(2026-06-28)前後 200 日內的資料,最新只到 2025-09-28,用這筆舊值代替 —— 可能失真,建議人手核對資產負債表。; 警告:少數股東權益 的候選標籤(MinorityInterest)全部缺 asof(2026-06-28)前後 200 日內的資料,最新只到 2017-09-24,用這筆舊值代替 —— 可能失真,建議人手核對資產負債表。; 取數標籤:有息負債 15270M = DebtCurrent@2026-06-28 2489M; LongTermDebt@2026-06-28 12781M(其中融資租賃 0M = (無));現金 4533M = CashAndCashEquivalentsAtCarryingValue@2026-06-28 4533M;投資 3771M = MarketableSecuritiesCurrent@2026-06-28 3771M;經營租賃 0M;稀釋股數 1069.0M(XBRL 未拆季 2026-03-30→2026-06-28)。",True,0.5617288928312233,低(≤3 倍),充裕,齊,,True,True
HLIT,15.8100004196167,11.779999732971191,-0.254901997449992,-0.2728762865423302,11.380400018692017,0.0351129761364137,0.0313389485900585,17301672.71938324,HARMONIC INC.,851310,3663.0,Radio & Tv Broadcasting & Communications Equipment,1278258764.5238829,109066445.0,1284802692.9761171,True,HARMONIC INC.,0000851310,2026-07-03,344518000.0,44163000.0,231862000.0,0.0,110611000.0,19512000.0,2944000.0,-101739000.0,9798000.0,8413000.0,37187000.0,109682000.0,取數標籤:有息負債 111M = LongTermDebt@2026-07-03 111M(其中融資租賃 0M = (無));現金 232M = CashAndCashEquivalentsAtCarryingValue@2026-07-03 232M;投資 0M = (無);經營租賃 20M;稀釋股數 109.7M(XBRL 未拆季 2026-04-04→2026-07-03)。,True,-10.383649724433559,淨現金,充裕,齊,,True,True
KRMN,53.650001525878906,39.97999954223633,-0.2547996569403384,-0.2727739460326767,71.6363000869751,-0.4419030645958014,-0.0667633957600737,133300674.75700378,Karman Holdings Inc.,2040127,3728.0,"Aircraft Parts & Auxiliary Equipment, NEC",5445810081.943039,132533708.0,5298697585.170883,True,KARMAN HOLDINGS INC.,0002040127,2026-06-30,589552000.0,99156000.0,51741000.0,0.0,864686000.0,16189000.0,5610000.0,829134000.0,5861000.0,33532000.0,1444000.0,132531000.0,取數標籤:有息負債 865M = LongTermDebtCurrent@2026-06-30 6M; NotesPayable@2026-06-30 757M(其中融資租賃 102M = FinanceLeaseLiabilityCurrent@2026-06-30 5M+FinanceLeaseLiabilityNoncurrent@2026-06-30 97M);現金 52M = CashAndCashEquivalentsAtCarryingValue@2026-06-30 52M;投資 0M = (無);經營租賃 16M;稀釋股數 132.5M(XBRL 未拆季 2026-04-01→2026-06-30)。,True,141.46630267872376,高(>6 倍),充裕,齊,,True,True
MYGN,4.28000020980835,3.190000057220459,-0.2546729203634078,-0.272647209455746,5.062850003242493,-0.3699200933905943,-0.1111215599334255,5508888.033151627,MYRIAD GENETICS INC,899923,2835.0,In Vitro & In Vivo Diagnostic Substances,304165877.4853027,95649645.0,305122373.0231166,True,"MYRIAD GENETICS, INC.",0000899923,2026-06-30,806600000.0,-98600000.0,115200000.0,0.0,120700000.0,89800000.0,0.0,95300000.0,7700000.0,74600000.0,28700000.0,94800000.0,"警告:少數股東權益 的候選標籤(MinorityInterest)全部缺 asof(2026-06-30)前後 200 日內的資料,最新只到 2022-12-31,用這筆舊值代替 —— 可能失真,建議人手核對資產負債表。; 取數標籤:有息負債 121M = LongTermDebtNoncurrent@2026-06-30 121M(其中融資租賃 0M = (無));現金 115M = CashAndCashEquivalentsAtCarryingValue@2026-06-30 115M;投資 0M = (無);經營租賃 90M;稀釋股數 94.8M(XBRL 未拆季 2026-04-01→2026-06-30)。",True,12.376623376623376,高(>6 倍),充裕,齊,,True,True
ANGI,6.570000171661377,4.900000095367432,-0.2541856975129495,-0.2721599866052877,8.094049985408782,-0.3946170206261752,-0.1564757489788271,3661948.4009742737,Angi Inc.,1705110,7310.0,Services-Advertising,,,,True,Angi Inc.,0001705110,2026-06-30,992554000.0,-215483000.0,188701000.0,0.0,398475000.0,37628000.0,0.0,247402000.0,87440000.0,65507000.0,19699000.0,40459000.0,"警告:少數股東權益 的候選標籤(MinorityInterest)全部缺 asof(2026-06-30)前後 200 日內的資料,最新只到 2024-12-31,用這筆舊值代替 —— 可能失真,建議人手核對資產負債表。; 取數標籤:有息負債 398M = LongTermDebtNoncurrent@2026-06-30 398M(其中融資租賃 0M = (無));現金 189M = CashAndCashEquivalentsAtCarryingValue@2026-06-30 189M;投資 0M = (無);經營租賃 38M;稀釋股數 40.5M(XBRL 未拆季 2026-04-01→2026-06-30)。",True,2.829391582799634,低(≤3 倍),充裕,齊,,True,True
PUMP,15.34000015258789,11.470000267028809,-0.2522816067186417,-0.27025589581098,12.720949997901917,-0.0983377602364153,0.0558295426926098,38813309.65356827,ProPetro Holding Corp.,1680247,1389.0,"Oil & Gas Field Services, NEC",1394051504.8036065,122823917.0,1408790360.7875242,True,ProPetro Holding Corp.,0001680247,2026-06-30,1160087000.0,-11205000.0,783958000.0,0.0,800296000.0,57595000.0,21387000.0,73933000.0,191483000.0,212994000.0,19497000.0,122714000.0,取數標籤:有息負債 800M = DebtLongtermAndShorttermCombinedAmount@2026-06-30 797M(其中融資租賃 3M = FinanceLeaseLiabilityCurrent@2026-06-30 3M+FinanceLeaseLiabilityNoncurrent@2026-06-30 0M);現金 784M = CashAndCashEquivalentsAtCarryingValue@2026-06-30 784M;投資 0M = (無);經營租賃 58M;稀釋股數 122.7M(XBRL 未拆季 2026-04-01→2026-06-30)。,True,0.3861073829008319,低(≤3 倍),充裕,齊,,True,True
SSYS,10.6899995803833,8.0,-0.2516370145906823,-0.2696113036830205,8.97644999742508,-0.1087790827894298,-0.0500437481816545,4813836.131858826,STRATASYS LTD.,1517396,3577.0,"Computer Peripheral Equipment, NEC",653574427.3793335,86109936.0,688879488.0,True,STRATASYS LTD.,0001517396,2025-12-31,551102000.0,-72489000.0,94527000.0,213104000.0,0.0,26500000.0,0.0,-281131000.0,15144000.0,22113000.0,24274000.0,85151000.0,"警告:少數股東權益 的候選標籤(MinorityInterest)全部缺 asof(2025-12-31)前後 200 日內的資料,最新只到 2018-03-31,用這筆舊值代替 —— 可能失真,建議人手核對資產負債表。; 取數標籤:有息負債 0M = (無)(其中融資租賃 0M = (無));現金 95M = CashAndCashEquivalentsAtCarryingValue@2025-12-31 95M;投資 213M = OtherShortTermInvestments@2025-12-31 150M+LongTermInvestments@2025-12-31 63M;經營租賃 26M;稀釋股數 85.2M(XBRL 未拆季 2025-07-01→2025-09-30)。",True,-18.563853671421025,淨現金,充裕,齊,,True,True
AAP,59.03045272827149,44.18000030517578,-0.2515727346943313,-0.2695470237866695,51.96964790344239,-0.1498884043382297,-0.0003869912301215,82320504.08973694,ADVANCE AUTO PARTS INC,1158449,5531.0,Retail-Auto & Home Supply Stores,2585119953.918457,60400000.0,2668472018.432617,True,"ADVANCE AUTO PARTS, INC.",0001158449,2026-07-18,8019000000.0,189000000.0,3120000000.0,0.0,3387000000.0,2259000000.0,0.0,2526000000.0,381000000.0,286000000.0,34000000.0,61000000.0,取數標籤:有息負債 3387M = LongTermDebtNoncurrent@2026-07-18 3387M(其中融資租賃 0M = (無));現金 3120M = CashAndCashEquivalentsAtCarryingValue@2026-07-18 3120M;投資 0M = (無);經營租賃 2259M;稀釋股數 61.0M(XBRL 未拆季 2026-04-26→2026-07-18)。,True,6.6299212598425195,高(>6 倍),充裕,齊,,True,True
SANM,264.8800048828125,198.47000122070312,-0.2507173151536686,-0.2686916042460068,183.38969982147216,0.0822309072642109,0.0615109742796788,152220927.7633667,SANMINA CORP,897723,3672.0,Printed Circuit Boards,10038784942.36615,53597356.0,10637467310.74646,True,Sanmina Corporation,0000897723,2026-06-27,12763372000.0,530296000.0,1844942000.0,0.0,2172310000.0,260593000.0,0.0,587961000.0,901056000.0,306908000.0,88735000.0,55133000.0,取數標籤:有息負債 2172M = LongTermDebt@2026-06-27 2172M(其中融資租賃 0M = (無));現金 1845M = CashAndCashEquivalentsAtCarryingValue@2026-06-27 1845M;投資 0M = (無);經營租賃 261M;稀釋股數 55.1M(XBRL 未拆季 2026-03-29→2026-06-27)。,True,0.652524371404219,低(≤3 倍),充裕,齊,,True,True
CRDO,226.1000061035156,170.57000732421875,-0.2455992803196719,-0.2635735694120101,175.34477546691895,-0.0272307408645946,0.0863898340816615,1406644802.0225525,Credo Technology Group Holding Ltd,1807794,3674.0,Semiconductors & Related Devices,38836505734.073975,187951918.0,32058960029.86096,True,Credo Technology Group Holding Ltd,0001807794,2026-08-01,1591045000.0,504963000.0,466869000.0,297389000.0,0.0,26205000.0,0.0,-738053000.0,500355000.0,61757000.0,235162000.0,194378000.0,取數標籤:有息負債 0M = (無)(其中融資租賃 0M = (無));現金 467M = CashAndCashEquivalentsAtCarryingValue@2026-08-01 467M;投資 297M = ShortTermInvestments@2026-08-01 297M;經營租賃 26M;稀釋股數 194.4M(XBRL 未拆季 2026-05-03→2026-08-01)。,True,-1.475058708317095,淨現金,充裕,齊,,True,True
CMP,33.5099983215332,25.31999969482422,-0.2444046265871093,-0.2623789156794476,25.29240001678467,0.0010912241630385,0.0710334625609598,11782671.639537811,COMPASS MINERALS INTERNATIONAL INC,1227654,1400.0,Mining & Quarrying of  Nonmetallic Minerals (No Fuels),1025592764.631546,41980874.0,1062955716.868454,True,"Compass Minerals International, Inc.",0001227654,2026-06-30,1292100000.0,115500000.0,56300000.0,0.0,734000000.0,46500000.0,0.0,724200000.0,155900000.0,78000000.0,10800000.0,42246000.0,取數標籤:有息負債 734M = LongTermDebtAndCapitalLeaseObligations@2026-06-30 722M(其中融資租賃 12M = FinanceLeaseLiabilityCurrent@2026-06-30 6M+FinanceLeaseLiabilityNoncurrent@2026-06-30 6M);現金 56M = CashAndCashEquivalentsAtCarryingValue@2026-06-30 56M;投資 0M = (無);經營租賃 46M;稀釋股數 42.2M(XBRL 未拆季 2026-04-01→2026-06-30)。,True,4.645285439384221,中(3–6 倍),充裕,齊,,True,True
CLVT,2.7300000190734863,2.069999933242798,-0.24175827150898,-0.2597325606013182,2.562350002527237,-0.1921478598937834,-0.0989579296448178,9639055.909347534,CLARIVATE PLC,1764046,7374.0,Services-Computer Processing & Data Preparation,1304914541.718755,639664003.0,1324104443.5078208,True,CLARIVATE PLC,0001764046,2026-03-31,2447000000.0,122500000.0,242200000.0,0.0,4354400000.0,51300000.0,0.0,4163500000.0,592000000.0,258100000.0,66600000.0,640700000.0,"注意:有息負債取自合計標籤 LongTermDebtAndCapitalLeaseObligationsIncludingCurrentMaturities(按定義已含資本 / 融資租賃),而融資租賃 28M 另外再加了一次,可能重覆計數 0.6%。; 取數標籤:有息負債 4354M = LongTermDebtAndCapitalLeaseObligationsIncludingCurrentMaturities@2026-03-31 4327M(其中融資租賃 28M = FinanceLeaseLiability@2026-03-31 28M);現金 242M = CashAndCashEquivalentsAtCarryingValue@2026-03-31 242M;投資 0M = (無);經營租賃 51M;稀釋股數 640.7M(XBRL 未拆季 2026-01-01→2026-03-31)。",True,7.0329391891891895,高(>6 倍),充裕,齊,,True,True
MTSI,353.7900085449219,268.95001220703125,-0.2398032569851904,-0.2577775460775287,263.5796994781494,0.0203745308895726,0.0978507298422806,424823123.7854004,"MACOM Technology Solutions Holdings, Inc.",1493594,3674.0,Semiconductors & Related Devices,20009948377.119877,76370931.0,20539962824.71234,True,"MACOM Technology Solutions Holdings, Inc.",0001493594,2026-07-03,1163974000.0,210838000.0,89604000.0,994301000.0,371132000.0,6361000.0,340465000.0,-706412000.0,271186000.0,67108000.0,83642000.0,78409000.0,"警告:長期經營租賃負債 的候選標籤(OperatingLeaseLiabilityNoncurrent)全部缺 asof(2026-07-03)前後 200 日內的資料,最新只到 2025-10-03,用這筆舊值代替 —— 可能失真,建議人手核對資產負債表。; 取數標籤:有息負債 371M = LongTermDebtCurrent@2026-07-03 340M(其中融資租賃 31M = FinanceLeaseLiabilityCurrent@2026-07-03 1M+FinanceLeaseLiabilityNoncurrent@2026-07-03 30M);現金 90M = CashAndCashEquivalentsAtCarryingValue@2026-07-03 90M;投資 994M = ShortTermInvestments@2026-07-03 573M+AvailableForSaleSecuritiesDebtSecuritiesNoncurrent@2026-07-03 421M;經營租賃 6M;稀釋股數 78.4M(XBRL 未拆季 2026-04-04→2026-07-03)。",True,-2.604898482960035,淨現金,充裕,齊,,True,True
TDC,36.83000183105469,28.049999237060547,-0.2383926732957947,-0.2563669623881329,29.817550039291383,-0.0592788743509002,0.0354242577743242,79309961.48395538,TERADATA CORP /DE/,816761,7372.0,Services-Prepackaged Software,2664449964.523316,93000000.0,2608649929.046631,True,TERADATA CORPORATION,0000816761,2026-06-30,1691000000.0,127000000.0,414000000.0,0.0,91000000.0,8000000.0,0.0,-315000000.0,761000000.0,25000000.0,121000000.0,96200000.0,缺折舊攤銷標籤。; 取數標籤:有息負債 91M = (無)(其中融資租賃 91M = FinanceLeaseLiabilityCurrent@2026-06-30 46M+FinanceLeaseLiabilityNoncurrent@2026-06-30 45M);現金 414M = CashAndCashEquivalentsAtCarryingValue@2026-06-30 414M;投資 0M = (無);經營租賃 8M;稀釋股數 96.2M(XBRL 未拆季 2026-04-01→2026-06-30)。,True,-0.41392904073587383,淨現金,充裕,齊,,True,True
LULU,132.08999633789062,100.61000061035156,-0.2383223302316716,-0.2562966193240098,152.7701495361328,-0.3414289315298763,-0.0628786522469042,337527984.0457916,lululemon athletica inc.,1397187,2300.0,Apparel & Other Finishd Prods of  Fabrics & Similar Matl,12795678926.0,108437957.0,10909942919.955276,True,lululemon athletica inc.,0001397187,2026-08-02,11093955000.0,1978775000.0,1389737000.0,0.0,0.0,2141127000.0,0.0,751390000.0,1982033000.0,627697000.0,91231000.0,112919000.0,"警告:少數股東權益 的候選標籤(MinorityInterest)全部缺 asof(2026-08-02)前後 200 日內的資料,最新只到 2012-08-31,用這筆舊值代替 —— 可能失真,建議人手核對資產負債表。; 取數標籤:有息負債 0M = (無)(其中融資租賃 0M = (無));現金 1390M = CashCashEquivalentsRestrictedCashAndRestrictedCashEquivalents@2026-08-02 1390M;投資 0M = (無);經營租賃 2141M;稀釋股數 112.9M(XBRL 未拆季 2026-05-04→2026-08-02)。",True,0.37910065069552323,低(≤3 倍),充裕,齊,,True,True
ELMD,36.630001068115234,28.0,-0.2355992578888364,-0.2535735469811746,31.40815004348755,-0.1085116455050247,0.0934650858314192,3197874.017715454,"Electromed, Inc.",1488917,3845.0,Electromedical & Electrotherapeutic Apparatus,226723020.4914379,8366163.0,234252564.0,True,"Electromed, Inc.",0001488917,2026-06-30,73776000.0,13881000.0,20450000.0,0.0,0.0,0.0,0.0,-20450000.0,9665000.0,1252000.0,2722000.0,8688563.0,取數標籤:有息負債 0M = (無)(其中融資租賃 0M = (無));現金 20M = CashAndCashEquivalentsAtCarryingValue@2026-06-30 20M;投資 0M = (無);經營租賃 0M;稀釋股數 8.7M(XBRL 未拆季 2025-07-01→2026-06-30)。,True,-2.115882048629074,淨現金,充裕,齊,,True,True
DRS,47.86444091796875,36.59999847412109,-0.2353405205996855,-0.2533148096920238,41.761275691986086,-0.1235900276594144,0.0180394381405524,34952909.227371216,"Leonardo DRS, Inc.",1833756,3812.0,"Search, Detection, Navigation, Guidance, Aeronautical Sys",10061810319.122066,266891515.0,9768229041.755869,True,"Leonardo DRS, Inc.",0001833756,2026-06-30,3779000000.0,398000000.0,270000000.0,0.0,149000000.0,118000000.0,10000000.0,-3000000.0,501000000.0,138000000.0,29000000.0,268900000.0,取數標籤:有息負債 149M = DebtCurrent@2026-06-30 10M; LongTermDebtAndCapitalLeaseObligations@2026-06-30 139M(其中融資租賃 0M = (無));現金 270M = CashAndCashEquivalentsAtCarryingValue@2026-06-30 270M;投資 0M = (無);經營租賃 118M;稀釋股數 268.9M(XBRL 未拆季 2026-04-01→2026-06-30)。,True,-0.005988023952095809,淨現金,充裕,齊,,True,True
ACLS,150.4199981689453,115.08000183105467,-0.2349421404605939,-0.2529164295529321,116.6675,-0.0136070299693171,0.0790778000039968,53870538.05923462,AXCELIS TECHNOLOGIES INC,1113232,3559.0,"Special Industry Machinery, NEC",3420742432.862892,30881489.0,3553841810.665695,True,AXCELIS TECHNOLOGIES INC,0001113232,2026-06-30,866072000.0,89423000.0,154996000.0,422049000.0,41567000.0,28242000.0,0.0,-507236000.0,75295000.0,9743000.0,21773000.0,31134000.0,取數標籤:有息負債 42M = (無)(其中融資租賃 42M = FinanceLeaseLiabilityCurrent@2026-06-30 2M+FinanceLeaseLiabilityNoncurrent@2026-06-30 40M);現金 155M = CashAndCashEquivalentsAtCarryingValue@2026-06-30 155M;投資 422M = ShortTermInvestments@2026-06-30 247M+AvailableForSaleSecuritiesDebtSecuritiesNoncurrent@2026-06-30 175M;經營租賃 28M;稀釋股數 31.1M(XBRL 未拆季 2026-04-01→2026-06-30)。,True,-6.7366491798924235,淨現金,充裕,齊,,True,True
ACDC,6.730000019073486,5.150000095367432,-0.2347696759625822,-0.2527439650549204,5.424400013685227,-0.0505862247668886,0.0111009060477766,7347530.143451691,ProFrac Holding Corp.,1881487,1389.0,"Oil & Gas Field Services, NEC",919719982.83716,182122762.0,937932241.66858,True,ProFrac Holding Corp.,0001881487,2026-06-30,1787300000.0,-268100000.0,18800000.0,0.0,1078100000.0,134000000.0,159900000.0,1296400000.0,86300000.0,147000000.0,10800000.0,182000000.0,取數標籤:有息負債 1078M = LongTermDebtCurrent@2026-06-30 160M; LongTermDebtNoncurrent@2026-06-30 918M(其中融資租賃 0M = (無));現金 19M = CashAndCashEquivalentsAtCarryingValue@2026-06-30 19M;投資 0M = (無);經營租賃 134M;稀釋股數 182.0M(XBRL 未拆季 2026-04-01→2026-06-30)。,True,15.022016222479722,高(>6 倍),不足(現金投資 < 短債 ×2),齊,,True,True
DDOG,277.489990234375,212.92999267578125,-0.2326570320755164,-0.2506313211678547,176.3685752105713,0.2073012010306159,0.1038576713011401,1026470980.6060792,"Datadog, Inc.",1561550,7372.0,Services-Prepackaged Software,,,,True,"Datadog, Inc.",0001561550,2026-06-30,3966725000.0,16329000.0,434957000.0,4550481000.0,985545000.0,292256000.0,0.0,-3707637000.0,1229034000.0,46925000.0,823037000.0,371023000.0,取數標籤:有息負債 986M = ConvertibleLongTermNotesPayable@2026-06-30 986M(其中融資租賃 0M = (無));現金 435M = CashAndCashEquivalentsAtCarryingValue@2026-06-30 435M;投資 4550M = AvailableForSaleSecuritiesDebtSecuritiesCurrent@2026-06-30 4550M;經營租賃 292M;稀釋股數 371.0M(XBRL 未拆季 2026-04-01→2026-06-30)。,True,-3.0167082440355597,淨現金,充裕,齊,,True,True
FFAI,60.29999923706055,1.850000023841858,-0.9693200655514296,-0.987294354643768,74.47495001316071,-0.9751594324868302,-0.3276119332597469,3601590.7051677704,FARADAY FUTURE INTELLIGENT ELECTRIC INC.,1805521,3711.0,Motor Vehicles & Passenger Car Bodies,,,,True,FARADAY FUTURE INTELLIGENT ELECTRIC INC.,0001805521,2026-06-30,1514000.0,-309843000.0,11196000.0,0.0,49650000.0,13247000.0,0.0,80403000.0,-94212000.0,4304000.0,1652000.0,988638662.0,取數標籤:有息負債 50M = (無)(其中融資租賃 50M = FinanceLeaseLiabilityCurrent@2026-06-30 1M+FinanceLeaseLiabilityNoncurrent@2026-06-30 49M);現金 11M = CashAndCashEquivalentsAtCarryingValue@2026-06-30 11M;投資 0M = (無);經營租賃 13M;稀釋股數 988.6M(XBRL 未拆季 2023-01-01→2023-03-31)。,False,,算不出(經營現金流不正),充裕,齊,,True,False
NCT,3.25,0.4000000059604645,-0.8769230750890878,-0.8948973641814261,4.87281000122428,-0.9179118402195108,-0.4751255430787832,3160214.940905571,Intercont (Cayman) Ltd,2018529,4412.0,Deep Sea Foreign Transportation of  Freight,139243499.62336206,26675001.0,10670000.558995396,False,,,,,,,,,,,,,,,,,False,,,,,建帳失敗:ValueError: max() iterable argument is empty,True,False
TENX,11.970000267028809,1.940000057220459,-0.8379281525528315,-0.8559024416451697,11.885474972724914,-0.8367755548960037,0.0069401381750058,19634460.99526286,"TENAX THERAPEUTICS, INC.",34956,2834.0,Pharmaceutical Preparations,67363048.81548858,37423917.0,72602401.12141371,True,"TENAX THERAPEUTICS, INC.",0000034956,2026-06-30,0.0,-68612000.0,118000000.0,0.0,0.0,0.0,0.0,-118000000.0,-46029000.0,-1157.0,16580000.0,50869259.0,"警告:短期經營租賃負債 的候選標籤(OperatingLeaseLiabilityCurrent)全部缺 asof(2026-06-30)前後 200 日內的資料,最新只到 2022-09-30,用這筆舊值代替 —— 可能失真,建議人手核對資產負債表。; 警告:長期經營租賃負債 的候選標籤(OperatingLeaseLiabilityNoncurrent)全部缺 asof(2026-06-30)前後 200 日內的資料,最新只到 2023-12-31,用這筆舊值代替 —— 可能失真,建議人手核對資產負債表。; 取數標籤:有息負債 0M = (無)(其中融資租賃 0M = (無));現金 118M = CashAndCashEquivalentsAtCarryingValue@2026-06-30 118M;投資 0M = (無);經營租賃 0M;稀釋股數 50.9M(XBRL 未拆季 2026-04-01→2026-06-30)。",False,,淨現金,充裕,資料不足(缺收入或營業利潤),,True,False
SION,40.900001525878906,7.179999828338623,-0.8244498884970559,-0.8424241775893941,37.13582498311997,-0.8066557069459941,-0.0448636346446932,18251623.524665836,"Sionna Therapeutics, Inc.",2036042,2834.0,Pharmaceutical Preparations,292072099.26471615,45212399.0,324625017.05877733,False,,,,,,,,,,,,,,,,,False,,,,,建帳失敗:ValueError: max() iterable argument is empty,True,False
KPTI,9.81999969482422,1.7899999618530271,-0.8177189391567421,-0.8356932282490803,7.138400003910065,-0.7492435334427108,-0.0542485920077762,3208013.9798641205,Karyopharm Therapeutics Inc.,1503802,2834.0,Pharmaceutical Preparations,41960701.54076815,22681460.0,40599812.534770966,True,Karyopharm Therapeutics Inc.,0001503802,2026-06-30,146621000.0,-82350000.0,54980000.0,10125000.0,125354000.0,6251000.0,0.0,66500000.0,-65347000.0,0.0,11642000.0,28938.0,取數標籤:有息負債 125M = SecuredDebtCurrent@2026-06-30 40M; SecuredLongTermDebt@2026-06-30 85M(其中融資租賃 0M = (無));現金 55M = CashAndCashEquivalentsAtCarryingValue@2026-06-30 55M;投資 10M = AvailableForSaleSecuritiesDebtSecuritiesCurrent@2026-06-30 10M;經營租賃 6M;稀釋股數 0.0M(XBRL 未拆季 2026-04-01→2026-06-30)。,False,,算不出(經營現金流不正),充裕,齊,,True,False
DFNS,47.0,10.239999771118164,-0.7821276644442944,-0.8001019535366326,201.1327500462532,-0.949088352002529,-0.462428613127693,5666145.094013214,T3 Defense Inc.,1787518,8742.0,Services-Management Consulting Services,607526887.401724,60270525.0,617170162.2051716,True,T3 DEFENSE INC.,0001787518,2026-06-30,7885099.0,-37233593.0,4085000.0,2175000.0,6567000.0,4047000.0,0.0,10019000.0,-13295000.0,196000.0,20555000.0,480024.0,缺折舊攤銷標籤。; 取數標籤:有息負債 7M = NotesPayableCurrent@2026-06-30 2M+ShortTermBorrowings@2026-06-30 5M(其中融資租賃 0M = (無));現金 4M = CashAndCashEquivalentsAtCarryingValue@2026-06-30 4M;投資 2M = MarketableSecuritiesCurrent@2026-06-30 2M;經營租賃 4M;稀釋股數 0.5M(XBRL 未拆季 2026-04-01→2026-06-30)。,False,,算不出(經營現金流不正),充裕,齊,,True,False
EVTL,2.700000047683716,0.5979999899864197,-0.7785185261387555,-0.7964928152310937,3.206070003509521,-0.8134788107147319,-0.1849971436741343,3522913.7545764446,Vertical Aerospace Ltd.,1867102,3721.0,Aircraft,60961575.02239525,101602621.0,60758366.34059399,False,,,,,,,,,,,,,,,,,False,,,,,建帳失敗:ValueError: max() iterable argument is empty,True,False
SMJF,4.829999923706055,1.100000023841858,-0.7722567202448672,-0.7902310093372055,4.665910050351783,-0.7642474861342592,,5142118.615651131,SMJ International Holdings Inc.,2070954,5030.0,Wholesale-Lumber & Other Construction Materials,,,,False,,,,,,,,,,,,,,,,,False,,,,,建帳失敗:ValueError: max() iterable argument is empty,True,False
BZAI,1.8899999856948853,0.4600000083446502,-0.7566137503564452,-0.7745880394487834,1.535349997282028,-0.7003940409945806,-0.2823392925660154,3179509.285390377,"Blaize Holdings, Inc.",1871638,3674.0,Semiconductors & Related Devices,69026948.53048438,144832039.0,66622739.14857271,True,"Blaize Holdings, Inc.",0001871638,2026-06-30,50366000.0,-97929000.0,36847000.0,0.0,0.0,1236000.0,0.0,-35611000.0,-82675000.0,746000.0,37546000.0,134813711.0,缺折舊攤銷標籤。; 取數標籤:有息負債 0M = (無)(其中融資租賃 0M = (無));現金 37M = CashAndCashEquivalentsAtCarryingValue@2026-06-30 37M;投資 0M = (無);經營租賃 1M;稀釋股數 134.8M(XBRL 未拆季 2026-04-01→2026-06-30)。,False,,淨現金,充裕,齊,,True,False
MNTS,16.709999084472656,4.179999828338623,-0.7498503855561081,-0.7678246746484463,7.107042821645737,-0.4118510422354984,-0.3044212245257781,5576790.91501236,Momentus Inc.,1781162,3760.0,Guided Missiles & Space Vehicles & Parts,89391045.84026766,21963401.0,91807012.40973234,True,Momentus Inc.,0001781162,2026-06-30,3837000.0,-31923000.0,107598000.0,0.0,0.0,7853000.0,0.0,-99745000.0,-30736000.0,228000.0,1760000.0,11887008.0,取數標籤:有息負債 0M = (無)(其中融資租賃 0M = (無));現金 108M = CashAndCashEquivalentsAtCarryingValue@2026-06-30 108M;投資 0M = (無);經營租賃 8M;稀釋股數 11.9M(XBRL 未拆季 2026-04-01→2026-06-30)。,False,,淨現金,充裕,齊,,True,False
YSS,29.780000686645508,8.960000038146973,-0.6991269364824098,-0.717101225574748,24.01381586099926,-0.6268814548253918,,28924941.59517288,York Space Systems Inc.,2086587,3760.0,Guided Missiles & Space Vehicles & Parts,1211494034.1817856,137357605.0,1230724146.0397768,True,York Space Systems Inc.,0002086587,2026-06-30,398981000.0,-179642000.0,534000000.0,0.0,147044000.0,30272000.0,5625000.0,-356684000.0,-286459000.0,4702000.0,95589000.0,128095949.0,取數標籤:有息負債 147M = LongTermDebt@2026-06-30 147M(其中融資租賃 0M = (無));現金 534M = CashAndCashEquivalentsAtCarryingValue@2026-06-30 534M;投資 0M = (無);經營租賃 30M;稀釋股數 128.1M(XBRL 未拆季 2026-04-01→2026-06-30)。,False,,淨現金,充裕,齊,,True,False
TOYO,14.470000267028809,4.449999809265137,-0.6924671923189345,-0.7104414814112727,8.347505002021789,-0.4669066016507526,-0.0516065434351067,4586561.982727051,"TOYO Co., Ltd",1985273,3674.0,Semiconductors & Related Devices,157832600.97823858,37758997.0,168027529.44804287,False,,,,,,,,,,,,,,,,,False,,,,,建帳失敗:ValueError: max() iterable argument is empty,True,False
CAPR,28.530000686645508,9.399999618530272,-0.670522278573576,-0.6884965676659143,23.370650050640105,-0.5977861292620393,0.0079513099086443,37855751.70760155,"CAPRICOR THERAPEUTICS, INC.",1133869,2834.0,Pharmaceutical Preparations,574994621.1704378,58138989.0,546506474.4217358,True,"CAPRICOR THERAPEUTICS, INC.",0001133869,2024-12-31,22270466.0,-42563242.0,11286996.0,140228881.0,0.0,1451114.0,0.0,-150064763.0,-39995742.0,1166871.0,9765164.0,57926347.0,取數標籤:有息負債 0M = (無)(其中融資租賃 0M = (無));現金 11M = CashAndCashEquivalentsAtCarryingValue@2024-12-31 11M;投資 140M = AvailableForSaleSecuritiesDebtSecuritiesCurrent@2024-12-31 140M;經營租賃 1M;稀釋股數 57.9M(XBRL 未拆季 2026-04-01→2026-06-30)。,False,,淨現金,充裕,齊,,True,False
EYPT,13.149999618530272,4.579999923706055,-0.651711022314239,-0.6696853114065773,13.63194998025894,-0.6640245944022267,-0.0375754497544273,20613288.25521469,"EyePoint, Inc.",1314102,3826.0,Laboratory Analytical Instruments,394851585.4625359,86212138.0,394851585.4625359,True,"EyePoint, Inc.",0001314102,2026-06-30,2789000.0,-316976000.0,110458000.0,70014000.0,0.0,22367000.0,0.0,-158105000.0,-267298000.0,3981000.0,35213000.0,86543.0,取數標籤:有息負債 0M = (無)(其中融資租賃 0M = (無));現金 110M = CashAndCashEquivalentsAtCarryingValue@2026-06-30 110M;投資 70M = MarketableSecuritiesCurrent@2026-06-30 70M;經營租賃 22M;稀釋股數 0.1M(XBRL 未拆季 2026-04-01→2026-06-30)。,False,,淨現金,充裕,齊,,True,False
DVLT,0.5600000023841858,0.2000000029802322,-0.6428571390558262,-0.6608314281481644,0.7010000025480986,-0.7146932920781133,-0.3087979667540342,5549634.474402666,Datavault AI Inc.,1682149,7389.0,"Services-Business Services, NEC",271052546.9012014,949728605.0,189945723.8304118,True,Datavault AI Inc.,0001682149,2026-06-30,46858000.0,-67991000.0,1400000.0,0.0,0.0,4433000.0,0.0,3033000.0,-90742000.0,910000.0,15351000.0,727623511.0,取數標籤:有息負債 0M = (無)(其中融資租賃 0M = (無));現金 1M = CashAndCashEquivalentsAtCarryingValue@2026-06-30 1M;投資 0M = (無);經營租賃 4M;稀釋股數 727.6M(XBRL 未拆季 2026-04-01→2026-06-30)。,False,,算不出(經營現金流不正),充裕,齊,,True,False
SOC,13.020000457763672,4.739999771118164,-0.6359447308397168,-0.653919019932055,9.48865000486374,-0.5004558321058832,-0.1379529175157772,36900888.11898232,Sable Offshore Corp.,1831481,1311.0,Crude Petroleum & Natural Gas,915217854.7803783,191869572.0,909461727.36454,True,SABLE OFFSHORE CORP.,0001831481,2026-06-30,138396000.0,-405247000.0,21599000.0,0.0,968836000.0,21111000.0,0.0,968348000.0,-281561000.0,277201000.0,56567000.0,153470125.0,取數標籤:有息負債 969M = DebtLongtermAndShorttermCombinedAmount@2026-06-30 969M(其中融資租賃 0M = (無));現金 22M = CashAndCashEquivalentsAtCarryingValue@2026-06-30 22M;投資 0M = (無);經營租賃 21M;稀釋股數 153.5M(XBRL 未拆季 2026-04-01→2026-06-30)。,False,,算不出(經營現金流不正),充裕,齊,,True,False
BLDP,6.300000190734863,2.3399999141693115,-0.628571453440486,-0.6465457425328243,3.035150003433228,-0.2290331906092262,-0.05064395580692,15760155.02500534,Ballard Power Systems Inc.,1453015,3620.0,Electrical Industrial Apparatus,673757990.7085075,300784816.0,703836443.6234322,False,,,,,,,,,,,,,,,,,False,,,,,建帳失敗:ValueError: max() iterable argument is empty,True,False
SES,1.3300000429153442,0.503000020980835,-0.6218045077064321,-0.6397787967987704,1.2906149992346765,-0.6102633075866082,-0.218870606173829,8642055.902406573,SES AI Corp,1819142,3690.0,"Miscellaneous Electrical Machinery, Equipment & Supplies",,,,True,SES AI Corporation,0001819142,2026-06-30,23463000.0,-73399000.0,64136000.0,98862000.0,442000.0,6703000.0,0.0,-155851000.0,-58335000.0,2124000.0,8387000.0,336324962.0,缺折舊攤銷標籤。; 取數標籤:有息負債 0M = ShortTermBorrowings@2026-06-30 0M(其中融資租賃 0M = (無));現金 64M = CashAndCashEquivalentsAtCarryingValue@2026-06-30 64M;投資 99M = AvailableForSaleSecuritiesDebtSecuritiesCurrent@2026-06-30 99M;經營租賃 7M;稀釋股數 336.3M(XBRL 未拆季 2026-04-01→2026-06-30)。,False,,淨現金,充裕,齊,,True,False
FLNC,27.149999618530277,10.350000381469728,-0.6187845109800407,-0.636758800072379,18.05639999866485,-0.4267960179086065,-0.0533818324749093,102615750.47521593,"Fluence Energy, Inc.",1868941,3690.0,"Miscellaneous Electrical Machinery, Equipment & Supplies",,,,False,,,,,,,,,,,,,,,,,False,,,,,"建帳失敗:RuntimeError: FLNC 缺 OperatingIncomeLoss,無法建模",True,False
ENVX,8.579999923706055,3.319999933242798,-0.6130536173934191,-0.6310279064857574,6.158550007343292,-0.4609120768226096,-0.1761193931948205,26449221.28047943,Enovix Corp,1828318,3690.0,"Miscellaneous Electrical Machinery, Equipment & Supplies",735152571.3217568,219448535.0,728569121.5502298,True,Enovix Corporation,0001828318,2026-07-05,35879000.0,-178152000.0,33741000.0,516470000.0,531803000.0,9042000.0,216000.0,-7322000.0,-107378000.0,16824000.0,48030000.0,218502098.0,取數標籤:有息負債 532M = DebtCurrent@2026-07-05 11M; LongTermDebt@2026-07-05 521M(其中融資租賃 0M = (無));現金 34M = CashAndCashEquivalentsAtCarryingValue@2026-07-05 34M;投資 516M = ShortTermInvestments@2026-07-05 442M+LongTermInvestments@2026-07-05 74M;經營租賃 9M;稀釋股數 218.5M(XBRL 未拆季 2026-04-06→2026-07-05)。,False,,淨現金,充裕,齊,,True,False
LUNR,38.209999084472656,14.8100004196167,-0.6124051092784502,-0.6303793983707884,19.7820250415802,-0.2513405281568854,0.0280464589162052,151623582.19718933,"Intuitive Machines, Inc.",1844452,3812.0,"Search, Detection, Navigation, Guidance, Aeronautical Sys",,,,True,"INTUITIVE MACHINES, INC.",0001844452,2026-06-30,481337000.0,-134851000.0,367354000.0,0.0,336398000.0,93402000.0,0.0,63013000.0,-126352000.0,61399000.0,22578000.0,162172470.0,取數標籤:有息負債 336M = LongTermDebtNoncurrent@2026-06-30 336M(其中融資租賃 0M = FinanceLeaseLiabilityCurrent@2026-06-30 0M+FinanceLeaseLiabilityNoncurrent@2026-06-30 0M);現金 367M = CashAndCashEquivalentsAtCarryingValue@2026-06-30 367M;投資 0M = (無);經營租賃 93M;稀釋股數 162.2M(XBRL 未拆季 2026-04-01→2026-06-30)。,False,,算不出(經營現金流不正),充裕,齊,,True,False
SPCE,7.519999980926514,3.039999961853028,-0.5957446848984593,-0.6137189739907976,3.0432000041007994,-0.0010515385920938,-0.0593190031298341,25612982.153749462,"Virgin Galactic Holdings, Inc",1706946,4700.0,Transportation Services,441144090.7415807,151595903.0,460851539.3370752,True,"Virgin Galactic Holdings, Inc.",0001706946,2026-06-30,1038000.0,-257471000.0,187340000.0,67714000.0,219283000.0,0.0,29983000.0,-35771000.0,-212451000.0,174010000.0,20041000.0,110757000.0,"警告:短期經營租賃負債 的候選標籤(OperatingLeaseLiabilityCurrent)全部缺 asof(2026-06-30)前後 200 日內的資料,最新只到 2021-12-31,用這筆舊值代替 —— 可能失真,建議人手核對資產負債表。; 警告:長期經營租賃負債 的候選標籤(OperatingLeaseLiabilityNoncurrent)全部缺 asof(2026-06-30)前後 200 日內的資料,最新只到 2021-12-31,用這筆舊值代替 —— 可能失真,建議人手核對資產負債表。; 取數標籤:有息負債 219M = LongTermDebt@2026-06-30 219M(其中融資租賃 0M = FinanceLeaseLiability@2026-06-30 0M);現金 187M = CashAndCashEquivalentsAtCarryingValue@2026-06-30 187M;投資 68M = MarketableSecuritiesCurrent@2026-06-30 68M;經營租賃 0M;稀釋股數 110.8M(XBRL 未拆季 2026-04-01→2026-06-30)。",False,,淨現金,充裕,齊,,True,False
HUMA,1.4500000476837158,0.6050000190734863,-0.5827586212566435,-0.6007329103489817,0.939644999206066,-0.3561397979187153,-0.1581525099824444,5432128.595948219,"Humacyte, Inc.",1818382,2836.0,"Biological Products, (No Diagnostic Substances)",158344917.86303312,277798105.0,168067858.82357836,True,"Humacyte, Inc.",0001818382,2026-06-30,2121000.0,-111157000.0,79903000.0,0.0,66180000.0,0.0,0.0,-13723000.0,-97193000.0,367000.0,10709000.0,234182284.0,"警告:有息負債取自 LongTermDebt = 36M,但申報歷史裡沒有一個結算日可以判斷它是「全部有息負債的總額」還是「資產負債表非流動那一行」。當成總額處理;若實為非流動,流動到期部分會漏計。; 警告:短期經營租賃負債 的候選標籤(OperatingLeaseLiabilityCurrent)全部缺 asof(2026-06-30)前後 200 日內的資料,最新只到 2024-09-30,用這筆舊值代替 —— 可能失真,建議人手核對資產負債表。; 警告:長期經營租賃負債 的候選標籤(OperatingLeaseLiabilityNoncurrent)全部缺 asof(2026-06-30)前後 200 日內的資料,最新只到 2024-12-31,用這筆舊值代替 —— 可能失真,建議人手核對資產負債表。; 取數標籤:有息負債 66M = LongTermDebt@2026-06-30 36M(其中融資租賃 30M = FinanceLeaseLiabilityCurrent@2026-06-30 2M+FinanceLeaseLiabilityNoncurrent@2026-06-30 28M);現金 80M = CashAndCashEquivalentsAtCarryingValue@2026-06-30 80M;投資 0M = (無);經營租賃 0M;稀釋股數 234.2M(XBRL 未拆季 2026-04-01→2026-06-30)。",False,,淨現金,充裕,齊,,True,False
BW,17.010000228881836,7.099999904632568,-0.5825984827103502,-0.6005727718026884,11.564300026893616,-0.3860415340209951,0.0736997722290153,40204042.64016152,"Babcock & Wilcox Enterprises, Inc.",1630805,3433.0,"Heating Equipment, Except Electric & Warm Air Furnaces",1047224445.2341146,148965066.0,1057651954.3935844,True,"BABCOCK & WILCOX ENTERPRISES, INC",0001630805,2026-06-30,821946000.0,22488000.0,308634000.0,7141000.0,243296000.0,17623000.0,0.0,-54856000.0,-34729000.0,23440000.0,16311000.0,154513000.0,取數標籤:有息負債 243M = LoansPayableCurrent@2026-06-30 0M; LongTermLoansPayable@2026-06-30 67M+SecuredLongTermDebt@2026-06-30 148M(其中融資租賃 28M = FinanceLeaseLiabilityCurrent@2026-06-30 2M+FinanceLeaseLiabilityNoncurrent@2026-06-30 26M);現金 309M = CashAndCashEquivalentsAtCarryingValue@2026-06-30 309M;投資 7M = AvailableForSaleSecuritiesDebtSecurities@2026-06-30 7M(合計標籤);經營租賃 18M;稀釋股數 154.5M(XBRL 未拆季 2026-04-01→2026-06-30)。,False,,淨現金,充裕,齊,,True,False
ATOM,9.670000076293944,4.039999961853027,-0.5822130372307743,-0.6001873263231126,5.201150020360947,-0.223248714988486,0.0512518883760875,3474279.9909591675,Atomera Inc,1420520,3674.0,Semiconductors & Related Devices,156096168.0,39024042.0,157657128.19135094,True,ATOMERA INCORPORATED,0001420520,2026-06-30,230000.0,-23488000.0,15146000.0,23206000.0,0.0,1164000.0,0.0,-37188000.0,-15088000.0,51000.0,5823000.0,38647000.0,取數標籤:有息負債 0M = (無)(其中融資租賃 0M = (無));現金 15M = CashAndCashEquivalentsAtCarryingValue@2026-06-30 15M;投資 23M = ShortTermInvestments@2026-06-30 23M;經營租賃 1M;稀釋股數 38.6M(XBRL 未拆季 2026-04-01→2026-06-30)。,False,,淨現金,充裕,齊,,True,False
EOSE,8.970000267028809,3.880000114440918,-0.5674470458264417,-0.5854213349187799,8.368150000572205,-0.5363371696043202,-0.2043204048086708,97566985.42971613,"Eos Energy Enterprises, Inc.",1805077,3690.0,"Miscellaneous Electrical Machinery, Equipment & Supplies",1314645517.637283,364167744.0,1412970888.395691,True,"Eos Energy Enterprises, Inc.",0001805077,2026-06-30,214248000.0,-305614000.0,305491000.0,0.0,617118000.0,23707000.0,0.0,335334000.0,-307897000.0,112294000.0,22260000.0,339799132.0,取數標籤:有息負債 617M = LongTermDebtNoncurrent@2026-06-30 617M(其中融資租賃 0M = (無));現金 305M = CashAndCashEquivalentsAtCarryingValue@2026-06-30 305M;投資 0M = (無);經營租賃 24M;稀釋股數 339.8M(XBRL 未拆季 2026-04-01→2026-06-30)。,False,,算不出(經營現金流不正),充裕,齊,,True,False
HTZ,5.170000076293945,2.299999952316284,-0.5551257411266786,-0.5731000302190168,4.423449995517731,-0.4800438674231951,-0.1397387604124145,39978882.14946985,"HERTZ GLOBAL HOLDINGS, INC",1657853,7510.0,Services-Auto Rental & Leasing (No Drivers),707312534.5313652,315764523.0,726258387.8431742,False,,,,,,,,,,,,,,,,,False,,,,,"建帳失敗:RuntimeError: HTZ 缺 OperatingIncomeLoss,無法建模",True,False
AMPX,21.75,9.890000343322754,-0.5452873405368849,-0.5632616296292231,13.58325003862381,-0.2718973503984204,-0.0324077161930556,60420428.60889435,"Amprius Technologies, Inc.",1899287,3690.0,"Miscellaneous Electrical Machinery, Equipment & Supplies",1390687550.2304,146080618.0,1444737362.1728,False,,,,,,,,,,,,,,,,,False,,,,,建帳失敗:ValueError: max() iterable argument is empty,True,False
BAK,4.099999904632568,1.8899999856948853,-0.539024383010501,-0.5569986721028393,3.279075003862381,-0.4236179460766593,-0.0325373561666549,4124380.023896694,BRASKEM SA,1071438,2860.0,Industrial Organic Chemicals,889787257.3623437,451668652.0,853653745.8188281,False,,,,,,,,,,,,,,,,,False,,,,,建帳失敗:ValueError: max() iterable argument is empty,True,False
MPLT,29.76000022888184,13.770000457763672,-0.5372983752735325,-0.5552726643658707,21.96702499866485,-0.373151327564811,-0.0106880675189191,11580673.877620695,"MapLight Therapeutics, Inc.",1770069,2834.0,Pharmaceutical Preparations,564827516.866991,42436326.0,584348228.4458084,False,,,,,,,,,,,,,,,,,False,,,,,建帳失敗:ValueError: max() iterable argument is empty,True,False
SIDU,4.440000057220459,2.069999933242798,-0.5337838048275465,-0.5517580939198847,2.7100349867343905,-0.2361722474523618,0.0631843537368888,12807441.061377523,Sidus Space Inc.,1879726,4812.0,Radiotelephone Communications,,,,True,"SIDUS SPACE, INC.",0001879726,2026-06-30,1706430.0,-27806762.0,166520694.0,0.0,0.0,1149039.0,0.0,-165371655.0,-19418488.0,8883641.0,613735.0,85267410.0,缺折舊攤銷標籤。; 現金標籤退用前綴比對:CashCashEquivalentsRestrictedCashAndRestrictedCashEquivalentsIncludingDisposalGroupAndDiscontinuedOperations@2026-06-30 = 167M(三個標準標籤都對不上).; 取數標籤:有息負債 0M = (無)(其中融資租賃 0M = (無));現金 167M = CashCashEquivalentsRestrictedCashAndRestrictedCashEquivalentsIncludingDisposalGroupAndDiscontinuedOperations@2026-06-30 167M;投資 0M = (無);經營租賃 1M;稀釋股數 85.3M(XBRL 未拆季 2026-04-01→2026-06-30)。,False,,淨現金,充裕,齊,,True,False
DGXX,8.039999961853027,3.75,-0.5335820873392498,-0.5515563764315881,3.920250006318093,-0.0434283543252874,-0.0124866091184129,14284144.692826273,Digi Power X Inc.,1854368,6199.0,Finance Services,346765281.8356991,101393355.0,380225081.25,False,,,,,,,,,,,,,,,,,False,,,,,"建帳失敗:RuntimeError: DGXX 缺 OperatingIncomeLoss,無法建模",True,False
MRLN,7.179999828338623,3.3499999046325684,-0.5334261859714107,-0.5514004750637489,8.270799998044968,-0.5949605956588924,-0.14666453910081,6369214.906716347,"Merlin, Inc.",2028707,7373.0,Services-Computer Integrated Systems Design,284000467.256855,101067784.0,338577066.761425,True,"MERLIN, INC.",0002028707,2026-06-30,,-63809157.0,183550000.0,321000.0,0.0,2190000.0,0.0,-181681000.0,-27004713.0,3931000.0,6849000.0,91309267.0,缺折舊攤銷標籤。; 取數標籤:有息負債 0M = (無)(其中融資租賃 0M = (無));現金 184M = CashAndCashEquivalentsAtCarryingValue@2026-06-30 184M;投資 0M = ShortTermInvestments@2026-06-30 0M;經營租賃 2M;稀釋股數 91.3M(XBRL 未拆季 2026-04-01→2026-06-30)。,False,,淨現金,充裕,資料不足(缺收入或營業利潤),,True,False
NVTS,24.86000061035156,11.800000190734863,-0.5253419187036781,-0.5433162077960163,12.909574999809266,-0.0859497550531908,0.0174166451086987,187917683.00657272,Navitas Semiconductor Corp,1821769,3674.0,Semiconductors & Related Devices,,,,True,Navitas Semiconductor Corporation,0001821769,2026-06-30,36535000.0,-115763000.0,557409000.0,0.0,620000.0,4516000.0,0.0,-552273000.0,-66474000.0,1373000.0,27149000.0,240643000.0,"警告:少數股東權益 的候選標籤(MinorityInterest)全部缺 asof(2026-06-30)前後 200 日內的資料,最新只到 2023-12-31,用這筆舊值代替 —— 可能失真,建議人手核對資產負債表。; 取數標籤:有息負債 1M = (無)(其中融資租賃 1M = FinanceLeaseLiabilityCurrent@2026-06-30 0M+FinanceLeaseLiabilityNoncurrent@2026-06-30 0M);現金 557M = CashAndCashEquivalentsAtCarryingValue@2026-06-30 557M;投資 0M = (無);經營租賃 5M;稀釋股數 240.6M(XBRL 未拆季 2026-04-01→2026-06-30)。",False,,淨現金,充裕,齊,,True,False
EH,9.829999923706056,4.690000057220459,-0.5228891054302003,-0.5408633945225385,9.962474989891051,-0.5292334422942679,-0.1881407928403979,4212084.04712677,EHang Holdings Ltd,1759783,3728.0,"Aircraft Parts & Auxiliary Equipment, NEC",,,,False,,,,,,,,,,,,,,,,,False,,,,,建帳失敗:ValueError: max() iterable argument is empty,True,False
BKSY,42.380001068115234,20.5,-0.5162812769388234,-0.5342555660311616,27.113049993515016,-0.2439065319134787,0.0138591532585987,28408807.16743469,BlackSky Technology Inc.,1753539,3663.0,Radio & Tv Broadcasting & Communications Equipment,890524658.326954,40924846.0,838959343.0,True,BLACKSKY TECHNOLOGY INC,0001753539,2026-06-30,108922000.0,-47318000.0,36897000.0,197283000.0,217150000.0,10493000.0,0.0,-6537000.0,-54157000.0,0.0,16298000.0,38424000.0,缺資本開支標籤。; 取數標籤:有息負債 217M = DebtLongtermAndShorttermCombinedAmount@2026-06-30 217M(其中融資租賃 0M = (無));現金 37M = CashAndCashEquivalentsAtCarryingValue@2026-06-30 37M;投資 197M = ShortTermInvestments@2026-06-30 197M;經營租賃 10M;稀釋股數 38.4M(XBRL 未拆季 2026-04-01→2026-06-30)。,False,,淨現金,充裕,齊,,True,False
LWLG,11.020000457763672,5.349999904632568,-0.5145190850819381,-0.5324933741742763,7.191850024461746,-0.2561024094724536,0.0335184478533445,20540194.664621357,"Lightwave Logic, Inc.",1325964,3080.0,Miscellaneous Plastics Products,790878035.7930422,154167255.0,824794799.5474648,True,"Lightwave Logic, Inc.",0001325964,2023-09-30,,-21015279.0,30876646.0,0.0,0.0,2942791.0,0.0,-27933855.0,-12680162.0,1949470.0,495375.0,153479343.0,取數標籤:有息負債 0M = (無)(其中融資租賃 0M = (無));現金 31M = CashAndCashEquivalentsAtCarryingValue@2023-09-30 31M;投資 0M = (無);經營租賃 3M;稀釋股數 153.5M(XBRL 未拆季 2026-04-01→2026-06-30)。,False,,淨現金,充裕,資料不足(缺收入或營業利潤),,True,False
IPX,44.56999969482422,21.75,-0.5120035865172832,-0.5299778756096214,34.03067500114441,-0.3608707438430599,-0.1189504538873267,6275741.0309791565,IPERIONX Ltd,1898601,1090.0,Miscellaneous Metal Ores,6632104266.968651,319927854.0,6958430824.5,False,,,,,,,,,,,,,,,,,False,,,,,建帳失敗:ValueError: max() iterable argument is empty,True,False
FLY,44.2400016784668,21.670000076293945,-0.5101718070946295,-0.5281460961869677,27.530149993896483,-0.2128629854505606,-0.0238927142408695,76657896.17404938,Firefly Aerospace Inc.,1860160,3760.0,Guided Missiles & Space Vehicles & Parts,3527215819.0621567,167404645.0,3627658669.921961,True,Firefly Aerospace Inc.,0001860160,2026-06-30,287013000.0,-338659000.0,459817000.0,175447000.0,29526000.0,23871000.0,7410000.0,-581867000.0,-264415000.0,62078000.0,46188000.0,161784000.0,取數標籤:有息負債 30M = DebtCurrent@2026-06-30 7M; LongTermNotesPayable@2026-06-30 20M(其中融資租賃 3M = FinanceLeaseLiabilityCurrent@2026-06-30 1M+FinanceLeaseLiabilityNoncurrent@2026-06-30 1M);現金 460M = CashAndCashEquivalentsAtCarryingValue@2026-06-30 460M;投資 175M = ShortTermInvestments@2026-06-30 175M;經營租賃 24M;稀釋股數 161.8M(XBRL 未拆季 2026-04-01→2026-06-30)。,False,,淨現金,充裕,齊,,True,False
GSIT,10.90999984741211,5.349999904632568,-0.5096241998663632,-0.5275984889587014,7.070050008296967,-0.2432868369595484,-0.0472292620372586,3750572.493338585,GSI TECHNOLOGY INC,1126741,3674.0,Semiconductors & Related Devices,204236705.6559639,38246573.0,204619161.90252256,True,GSI TECHNOLOGY INC,0001126741,2026-06-30,25151000.0,-20686000.0,77045000.0,0.0,0.0,8165000.0,0.0,-68880000.0,-18069000.0,823000.0,3349000.0,37346000.0,取數標籤:有息負債 0M = (無)(其中融資租賃 0M = (無));現金 77M = CashAndCashEquivalentsAtCarryingValue@2026-06-30 77M;投資 0M = (無);經營租賃 8M;稀釋股數 37.3M(XBRL 未拆季 2026-04-01→2026-06-30)。,False,,淨現金,充裕,齊,,True,False
ALMU,26.209999084472656,12.9399995803833,-0.5062953058991435,-0.5242695949914817,17.73099998474121,-0.2702047492234452,-0.0108498945182253,8275789.249038696,"Aeluma, Inc.",1828805,3674.0,Semiconductors & Related Devices,235223561.7329312,18305335.0,236871027.21877572,True,"AELUMA, INC.",0001828805,2026-03-31,5196000.0,-4656000.0,37780000.0,0.0,0.0,1089000.0,0.0,-36691000.0,-1708000.0,515000.0,3955000.0,18061402000.0,取數標籤:有息負債 0M = (無)(其中融資租賃 0M = (無));現金 38M = CashAndCashEquivalentsAtCarryingValue@2026-03-31 38M;投資 0M = (無);經營租賃 1M;稀釋股數 18061.4M(XBRL 未拆季 2026-01-01→2026-03-31)。,False,,淨現金,充裕,齊,,True,False
BETR,29.01000022888184,14.475000381469728,-0.501034116950517,-0.5190084060428553,30.647075085639955,-0.5276873782890897,-0.2188144982185519,8353149.75271225,Better Home & Finance Holding Co,1835856,6163.0,Loan Brokers,,,,True,Better Home & Finance Holding Company,0001835856,2023-12-31,1729000.0,-248775939.0,503591000.0,25597000.0,0.0,0.0,0.0,-529188000.0,-159720000.0,456000.0,54160000.0,18653890.0,缺折舊攤銷標籤。; 取數標籤:有息負債 0M = (無)(其中融資租賃 0M = (無));現金 504M = CashAndCashEquivalentsAtCarryingValue@2023-12-31 504M;投資 26M = ShortTermInvestments@2023-12-31 26M;經營租賃 0M;稀釋股數 18.7M(XBRL 未拆季 2026-04-01→2026-06-30)。,False,,淨現金,充裕,齊,,True,False
BYND,23.280000686645508,11.789999961853027,-0.4935567176071296,-0.5115310066994678,23.07145003795624,-0.488978805300205,-0.2180125976492967,17973472.1789999,"BEYOND MEAT, INC.",1655210,2000.0,Food and Kindred Products,5968025418.044541,515818978.0,6081505730.943068,True,"BEYOND MEAT, INC.",0001655210,2026-06-27,258845000.0,-314420000.0,171369000.0,0.0,402593000.0,5220000.0,29459000.0,236444000.0,-110113000.0,9900000.0,34752000.0,591868891.0,取數標籤:有息負債 403M = LongTermDebt@2026-06-27 324M(其中融資租賃 79M = FinanceLeaseLiabilityCurrent@2026-06-27 4M+FinanceLeaseLiabilityNoncurrent@2026-06-27 75M);現金 171M = CashAndCashEquivalentsAtCarryingValue@2026-06-27 171M;投資 0M = (無);經營租賃 5M;稀釋股數 591.9M(XBRL 未拆季 2026-03-29→2026-06-27)。,False,,算不出(經營現金流不正),充裕,齊,,True,False
RDW,20.68000030517578,10.529999732971191,-0.4908123995367762,-0.5087866886291145,10.580600016117096,-0.0047823642391572,0.0464252623914196,179811475.13074875,Redwire Corp,1819810,3760.0,Guided Missiles & Space Vehicles & Parts,2564924225.558768,249992609.0,2632422106.0147715,True,Redwire Corporation,0001819810,2026-06-30,426272000.0,-215260000.0,556967000.0,0.0,49861000.0,37243000.0,4500000.0,-469863000.0,-76189000.0,22014000.0,74027000.0,220466669.0,"警告:少數股東權益 的候選標籤(MinorityInterest)全部缺 asof(2026-06-30)前後 200 日內的資料,最新只到 2024-12-31,用這筆舊值代替 —— 可能失真,建議人手核對資產負債表。; 取數標籤:有息負債 50M = LongTermDebt@2026-06-30 48M(其中融資租賃 2M = FinanceLeaseLiabilityCurrent@2026-06-30 1M+FinanceLeaseLiabilityNoncurrent@2026-06-30 1M);現金 557M = CashAndCashEquivalentsAtCarryingValue@2026-06-30 557M;投資 0M = (無);經營租賃 37M;稀釋股數 220.5M(XBRL 未拆季 2026-04-01→2026-06-30)。",False,,淨現金,充裕,齊,,True,False
UWMC,2.877982378005981,1.4700000286102295,-0.4892254935804286,-0.5071997826727669,3.3547226017713547,-0.5618117492534129,-0.1615458801456658,31237984.562444687,UWM Holdings Corp,1783398,6162.0,Mortgage Bankers & Loan Correspondents,,,,True,UWM HOLDINGS CORPORATION,0001783398,2026-06-30,3577929000.0,-6609009.0,498407000.0,0.0,3006769000.0,0.0,0.0,3359832000.0,-4861421000.0,60618000.0,55980000.0,337525247.0,"警告:有息負債取自 LongTermDebt = 2984M,但申報歷史裡沒有一個結算日可以判斷它是「全部有息負債的總額」還是「資產負債表非流動那一行」。當成總額處理;若實為非流動,流動到期部分會漏計。; 取數標籤:有息負債 3007M = LongTermDebt@2026-06-30 2984M(其中融資租賃 22M = FinanceLeaseLiability@2026-06-30 22M);現金 498M = CashAndCashEquivalentsAtCarryingValue@2026-06-30 498M;投資 0M = (無);經營租賃 0M;稀釋股數 337.5M(XBRL 未拆季 2026-04-01→2026-06-30)。",False,,算不出(經營現金流不正),充裕,齊,,True,False
GCTS,3.400000095367432,1.7699999809265137,-0.4794117849178374,-0.4973860740101756,1.7116799977421762,0.0340717793403355,0.0712978815640759,4355012.969815731,"GCT Semiconductor Holding, Inc.",1851961,3674.0,Semiconductors & Related Devices,160027324.11709166,91969726.0,162786413.2658167,True,"GCT Semiconductor Holding, Inc.",0001851961,2026-06-30,4079000.0,-34755000.0,30228000.0,0.0,55081000.0,347000.0,56589000.0,25200000.0,-38071000.0,2588000.0,6096000.0,82556000.0,取數標籤:有息負債 55M = LongTermDebt@2026-06-30 55M(其中融資租賃 0M = (無));現金 30M = CashAndCashEquivalentsAtCarryingValue@2026-06-30 30M;投資 0M = (無);經營租賃 0M;稀釋股數 82.6M(XBRL 未拆季 2026-04-01→2026-06-30)。,False,,算不出(經營現金流不正),不足(現金投資 < 短債 ×2),齊,,True,False
PCT,12.229999542236328,6.389999866485596,-0.4775143004365848,-0.495488589528923,8.217325010299682,-0.222374695113519,-0.1123874300282404,29098808.34827423,"PureCycle Technologies, Inc.",1830033,2821.0,"Plastic Materials, Synth Resins & Nonvulcan Elastomers",1263691247.2360897,200904810.0,1283781709.076314,True,"PureCycle Technologies, Inc.",0001830033,2026-06-30,13764000.0,-181246000.0,165223000.0,59593000.0,0.0,67942000.0,0.0,-156874000.0,-159834000.0,52414000.0,9676000.0,184240000.0,取數標籤:有息負債 0M = (無)(其中融資租賃 0M = (無));現金 165M = CashAndCashEquivalentsAtCarryingValue@2026-06-30 165M;投資 60M = AvailableForSaleSecuritiesDebtSecuritiesCurrent@2026-06-30 60M;經營租賃 68M;稀釋股數 184.2M(XBRL 未拆季 2026-04-01→2026-06-30)。,False,,淨現金,充裕,齊,,True,False
ASPI,8.010000228881836,4.199999809265137,-0.475655469506592,-0.4936297585989302,5.542925004959106,-0.2422773525697155,-0.1546998524862528,15436131.944906712,ASP Isotopes Inc.,1921865,2890.0,Miscellaneous Chemical Products,494800555.11496186,125903447.0,528794453.3858233,True,ASP Isotopes Inc.,0001921865,2026-06-30,30852050.0,-99070078.0,219596000.0,35300000.0,258427000.0,5861000.0,54513000.0,19489000.0,-67803000.0,15773000.0,18659000.0,122715677.0,取數標籤:有息負債 258M = LongTermDebtCurrent@2026-06-30 55M; ConvertibleLongTermNotesPayable@2026-06-30 203M(其中融資租賃 1M = FinanceLeaseLiabilityCurrent@2026-06-30 0M+FinanceLeaseLiabilityNoncurrent@2026-06-30 0M);現金 220M = CashAndCashEquivalentsAtCarryingValue@2026-06-30 220M;投資 35M = ShortTermInvestments@2026-06-30 35M;經營租賃 6M;稀釋股數 122.7M(XBRL 未拆季 2026-04-01→2026-06-30)。,False,,算不出(經營現金流不正),充裕,齊,,True,False
SERV,9.420000076293944,4.945000171661377,-0.4750530645848084,-0.4930273536771467,8.717050023078919,-0.432720913775969,-0.1498382723487791,21266167.582583427,Serve Robotics Inc. /DE/,1832483,3569.0,"General Industrial Machinery & Equipment, NEC",406658212.79144335,86707507.0,428768636.9993301,True,SERVE ROBOTICS INC.,0001832483,2026-06-30,7791000.0,-192965000.0,79112000.0,161296000.0,0.0,9697000.0,0.0,-230711000.0,-139553000.0,30253000.0,35013000.0,80310583.0,取數標籤:有息負債 0M = (無)(其中融資租賃 0M = (無));現金 79M = CashAndCashEquivalentsAtCarryingValue@2026-06-30 79M;投資 161M = AvailableForSaleSecuritiesDebtSecuritiesCurrent@2026-06-30 156M+MarketableSecuritiesNoncurrent@2026-06-30 5M;經營租賃 10M;稀釋股數 80.3M(XBRL 未拆季 2026-04-01→2026-06-30)。,False,,淨現金,充裕,齊,,True,False
RKLB,122.38999938964844,64.26000213623047,-0.4749570842659431,-0.4929313733582813,79.47357513427734,-0.1914293269472557,0.0231266173519604,1386424940.3461456,Rocket Lab Corp,1819994,3760.0,Guided Missiles & Space Vehicles & Parts,37420839692.08623,598350482.0,38450003251.53453,True,Rocket Lab Corp,0001819994,2026-06-30,769146000.0,-223494000.0,2129485000.0,258105000.0,27597000.0,115194000.0,0.0,-2244799000.0,-222461000.0,148678000.0,81609000.0,629681803.0,"警告:有息負債取自 LongTermDebt = 13M,但申報歷史裡沒有一個結算日可以判斷它是「全部有息負債的總額」還是「資產負債表非流動那一行」。當成總額處理;若實為非流動,流動到期部分會漏計。; 取數標籤:有息負債 28M = LongTermDebt@2026-06-30 13M(其中融資租賃 14M = FinanceLeaseLiabilityNoncurrent@2026-06-30 14M);現金 2129M = CashAndCashEquivalentsAtCarryingValue@2026-06-30 2129M;投資 258M = MarketableSecuritiesCurrent@2026-06-30 173M+MarketableSecuritiesNoncurrent@2026-06-30 85M;經營租賃 115M;稀釋股數 629.7M(XBRL 未拆季 2026-04-01→2026-06-30)。",False,,淨現金,充裕,齊,,True,False
OSS,18.959999084472656,9.970000267028809,-0.4741560786680751,-0.4921303677604133,11.100074994564055,-0.1018078461711898,0.1238675668165307,13724697.113990784,"ONE STOP SYSTEMS, INC.",1394056,3571.0,Electronic Computers,248653102.7597332,24940130.0,248653102.7597332,True,"ONE STOP SYSTEMS, INC.",0001394056,2026-06-30,23265989.0,-7953368.0,17279139.0,14128617.0,0.0,1367134.0,0.0,-30040622.0,-7177258.0,183792.0,2208711.0,24841334.0,"警告:少數股東權益 的候選標籤(MinorityInterest)全部缺 asof(2026-06-30)前後 200 日內的資料,最新只到 2019-12-31,用這筆舊值代替 —— 可能失真,建議人手核對資產負債表。; 取數標籤:有息負債 0M = (無)(其中融資租賃 0M = (無));現金 17M = CashAndCashEquivalentsAtCarryingValue@2026-06-30 17M;投資 14M = ShortTermInvestments@2026-06-30 14M;經營租賃 1M;稀釋股數 24.8M(XBRL 未拆季 2026-04-01→2026-06-30)。",False,,淨現金,充裕,齊,,True,False
SATL,8.670000076293945,4.639999866485596,-0.4648212427157212,-0.4827955318080594,4.764474999308586,-0.0261256765626965,0.0851680320821965,24056165.56460857,Satellogic Inc.,1874315,3663.0,Radio & Tv Broadcasting & Communications Equipment,,,,True,Satellogic Inc.,0001874315,2026-06-30,31906000.0,-21314000.0,112809000.0,0.0,89730000.0,6756000.0,0.0,-16323000.0,-26294000.0,15872000.0,5257000.0,150594308.0,取數標籤:有息負債 90M = ConvertibleDebtNoncurrent@2026-06-30 90M(其中融資租賃 0M = (無));現金 113M = CashAndCashEquivalentsAtCarryingValue@2026-06-30 113M;投資 0M = (無);經營租賃 7M;稀釋股數 150.6M(XBRL 未拆季 2026-04-01→2026-06-30)。,False,,淨現金,充裕,齊,,True,False
WOLF,52.95000076293945,28.350000381469727,-0.464589235637701,-0.4825635247300393,28.83269998073578,-0.0167413943053741,0.0103981227562306,130187373.87971878,"WOLFSPEED, INC.",895419,3674.0,Semiconductors & Related Devices,1394308840.457405,52995396.0,1502419496.8161392,True,"WOLFSPEED, INC.",0000895419,2026-06-28,665100000.0,-549400000.0,576300000.0,512300000.0,1689600000.0,106600000.0,0.0,707600000.0,-203200000.0,176900000.0,40700000.0,39094000.0,"警告:少數股東權益 的候選標籤(MinorityInterest)全部缺 asof(2026-06-28)前後 200 日內的資料,最新只到 2021-06-27,用這筆舊值代替 —— 可能失真,建議人手核對資產負債表。; 取數標籤:有息負債 1690M = LongTermDebt@2026-06-28 1688M(其中融資租賃 2M = FinanceLeaseLiabilityCurrent@2026-06-28 0M+FinanceLeaseLiabilityNoncurrent@2026-06-28 2M);現金 576M = CashAndCashEquivalentsAtCarryingValue@2026-06-28 576M;投資 512M = ShortTermInvestments@2026-06-28 512M;經營租賃 107M;稀釋股數 39.1M(XBRL 未拆季 2025-09-30→2026-06-28)。",False,,算不出(經營現金流不正),充裕,齊,,True,False
QFIN,16.90999984741211,9.0600004196167,-0.4642223239875881,-0.4821966130799263,14.390400671958924,-0.3704136093117283,-0.1292086025503058,16535769.926309586,"Qfin Holdings, Inc.",1741530,6199.0,Finance Services,2043244309.903431,243823900.0,2209044636.31258,False,,,,,,,,,,,,,,,,,False,,,,,"建帳失敗:RuntimeError: QFIN 缺 OperatingIncomeLoss,無法建模",True,False
TSSI,15.65999984741211,8.420000076293945,-0.4623243832479736,-0.4802986723403118,10.792399988174438,-0.21982134784478,-0.1114802952265713,7410938.093233108,"TSS, Inc.",1320760,8742.0,Services-Management Consulting Services,221801893.96765232,28219070.0,237604571.55294415,True,"TSS, INC.",0001320760,2026-06-30,192988000.0,3849000.0,67679000.0,0.0,16080000.0,22685000.0,4161000.0,-28914000.0,-9405000.0,57278.0,4204000.0,29564000.0,取數標籤:有息負債 16M = LongTermDebtCurrent@2026-06-30 4M; LongTermDebtNoncurrent@2026-06-30 12M(其中融資租賃 0M = (無));現金 68M = CashAndCashEquivalentsAtCarryingValue@2026-06-30 68M;投資 0M = (無);經營租賃 23M;稀釋股數 29.6M(XBRL 未拆季 2026-04-01→2026-06-30)。,False,,淨現金,充裕,齊,,True,False
VELO,21.51000022888184,11.609999656677246,-0.460251067729497,-0.4782253568218352,13.818199970722198,-0.1598037601658432,0.0928621716362314,22090849.968481064,"Velo3D, Inc.",1825079,3559.0,"Special Industry Machinery, NEC",361677577.5,32149118.0,373251248.9424763,True,"Velo3D, Inc.",0001825079,2026-06-30,57561000.0,-49808000.0,91144000.0,0.0,8387000.0,22428000.0,0.0,-60329000.0,-53295000.0,5374000.0,8461000.0,29448322.0,取數標籤:有息負債 8M = LongTermDebt@2026-06-30 8M(其中融資租賃 0M = FinanceLeaseLiabilityCurrent@2026-06-30 0M+FinanceLeaseLiabilityNoncurrent@2026-06-30 0M);現金 91M = CashAndCashEquivalentsAtCarryingValue@2026-06-30 91M;投資 0M = (無);經營租賃 22M;稀釋股數 29.4M(XBRL 未拆季 2026-04-01→2026-06-30)。,False,,淨現金,充裕,齊,,True,False
IMSR,9.489999771118164,5.150000095367432,-0.457323475281746,-0.4752977643740842,7.280524997711182,-0.2926334162733505,-0.2329880355332785,8827647.453665733,Terrestrial Energy Inc. /DE/,2019804,3443.0,Fabricated Plate Work (Boiler Shops),527557566.9405546,105935254.0,545566568.2027731,False,,,,,,,,,,,,,,,,,False,,,,,建帳失敗:ValueError: max() iterable argument is empty,True,False
LAC,5.510000228881836,3.0,-0.4555354128163438,-0.473509701908682,4.459550014734268,-0.3272863876202627,-0.1260289314267416,27373112.98263073,LITHIUM AMERICAS CORP.,1966983,1000.0,Metal Mining,1078237551.0967417,363042943.0,1089128829.0,False,,,,,,,,,,,,,,,,,False,,,,,建帳失敗:ValueError: max() iterable argument is empty,True,False
ALMS,20.32999992370605,11.100000381469728,-0.4540088330976121,-0.4719831221899503,22.19862495660782,-0.4999690114515128,0.1921892345726941,28890398.01416397,ALUMIS INC.,1847367,2834.0,Pharmaceutical Preparations,,,,True,Alumis Inc.,0001847367,2026-06-30,7398000.0,-459001000.0,63706000.0,438587000.0,0.0,36427000.0,0.0,-465866000.0,-351398000.0,401000.0,44506000.0,127690254.0,取數標籤:有息負債 0M = (無)(其中融資租賃 0M = (無));現金 64M = CashAndCashEquivalentsAtCarryingValue@2026-06-30 64M;投資 439M = DebtSecuritiesAvailableForSaleExcludingAccruedInterestCurrent@2026-06-30 439M;經營租賃 36M;稀釋股數 127.7M(XBRL 未拆季 2026-04-01→2026-06-30)。,False,,淨現金,充裕,齊,,True,False
BBAI,5.340000152587891,2.9200000762939453,-0.4531835219370089,-0.4711578110293472,4.29359999537468,-0.3199179990125903,-0.1442970162670209,73616664.0427351,"BigBear.ai Holdings, Inc.",1836981,7372.0,Services-Prepackaged Software,1414508777.2140791,479494493.0,1400123956.1425266,True,"BigBear.ai Holdings, Inc.",0001836981,2026-06-30,131627000.0,-155200000.0,36278000.0,373525000.0,16643000.0,6107000.0,16643000.0,-387053000.0,-71627000.0,1075000.0,19777000.0,479119921.0,缺折舊攤銷標籤。; 取數標籤:有息負債 17M = LongTermDebt@2026-06-30 17M(其中融資租賃 0M = (無));現金 36M = CashAndCashEquivalentsAtCarryingValue@2026-06-30 36M;投資 374M = DebtSecuritiesAvailableForSaleExcludingAccruedInterestCurrent@2026-06-30 283M+DebtSecuritiesAvailableForSaleExcludingAccruedInterestNoncurrent@2026-06-30 91M;經營租賃 6M;稀釋股數 479.1M(XBRL 未拆季 2026-04-01→2026-06-30)。,False,,淨現金,充裕,齊,,True,False
APLD,47.93999862670898,26.3700008392334,-0.449937388514196,-0.4679116776065343,32.20065003395081,-0.1810724065684964,-0.0198301824904449,533176000.5317688,Applied Digital Corp.,1144879,7374.0,Services-Computer Processing & Data Preparation,7260495535.445343,291469112.0,7686040728.050613,True,APPLIED DIGITAL CORPORATION,0001144879,2026-02-28,284142000.0,-183018000.0,1730440000.0,0.0,2764328000.0,63152000.0,0.0,1097040000.0,-36005000.0,171873000.0,107212000.0,275194755.0,取數標籤:有息負債 2764M = NotesPayableCurrent@2026-02-28 98M; LongTermNotesPayable@2026-02-28 2595M(其中融資租賃 72M = FinanceLeaseLiabilityCurrent@2026-02-28 51M+FinanceLeaseLiabilityNoncurrent@2026-02-28 21M);現金 1730M = CashAndCashEquivalentsAtCarryingValue@2026-02-28 1730M;投資 0M = (無);經營租賃 63M;稀釋股數 275.2M(XBRL 未拆季 2025-06-01→2026-05-31)。,False,,算不出(經營現金流不正),充裕,齊,,True,False
PLUG,3.940000057220459,2.1700000762939453,-0.4492385673149432,-0.4672128564072815,2.472249998450279,-0.1222570218812005,-0.0628280296415365,117439793.65530014,PLUG POWER INC,1093691,3620.0,Electrical Industrial Apparatus,2920138011.097768,1397195278.0,3031913859.85754,True,PLUG POWER INC,0001093691,2026-06-30,744087000.0,-1285580000.0,161894000.0,0.0,606864000.0,214712000.0,0.0,665219000.0,-482562000.0,40806000.0,53266000.0,1391212670.0,取數標籤:有息負債 607M = ConvertibleLongTermNotesPayable@2026-06-30 578M(其中融資租賃 29M = FinanceLeaseLiabilityCurrent@2026-06-30 10M+FinanceLeaseLiabilityNoncurrent@2026-06-30 19M);現金 162M = CashAndCashEquivalentsAtCarryingValue@2026-06-30 162M;投資 0M = (無);經營租賃 215M;稀釋股數 1391.2M(XBRL 未拆季 2026-04-01→2026-06-30)。,False,,算不出(經營現金流不正),充裕,齊,,True,False
EVMN,22.170000076293945,12.270000457763672,-0.4465493723257221,-0.4645236614180603,19.91994994163513,-0.3840345736954955,-0.0767573201664906,7650443.023490906,"Evommune, Inc.",2044725,2834.0,Pharmaceutical Preparations,452925553.6267891,36292113.0,445304243.1232109,True,"Evommune, Inc.",0002044725,2026-06-30,10000000.0,-101893000.0,60034000.0,227973000.0,952000.0,7677000.0,0.0,-279378000.0,-74153000.0,501000.0,12808000.0,36135644.0,取數標籤:有息負債 1M = (無)(其中融資租賃 1M = FinanceLeaseLiabilityCurrent@2026-06-30 1M+FinanceLeaseLiabilityNoncurrent@2026-06-30 0M);現金 60M = CashAndCashEquivalentsAtCarryingValue@2026-06-30 60M;投資 228M = ShortTermInvestments@2026-06-30 141M+LongTermInvestments@2026-06-30 87M;經營租賃 8M;稀釋股數 36.1M(XBRL 未拆季 2026-04-01→2026-06-30)。,False,,淨現金,充裕,齊,,True,False
KDK,6.900000095367432,3.819999933242798,-0.4463768289209887,-0.4643511180133269,7.1873499715328215,-0.4685106543617884,-0.0983569466787901,3956842.054247856,"Kodiak AI, Inc.",1853138,7373.0,Services-Computer Integrated Systems Design,702163595.0,200618170.0,766361396.0072923,True,"Kodiak AI, Inc.",0001853138,2026-06-30,7152000.0,-150207000.0,46750000.0,104306000.0,42160000.0,5662000.0,12700000.0,-103234000.0,-121199000.0,26254000.0,26594000.0,193203000.0,取數標籤:有息負債 42M = LongTermDebtCurrent@2026-06-30 13M; LongTermDebtNoncurrent@2026-06-30 29M(其中融資租賃 0M = (無));現金 47M = CashAndCashEquivalentsAtCarryingValue@2026-06-30 47M;投資 104M = AvailableForSaleSecuritiesDebtSecuritiesCurrent@2026-06-30 104M;經營租賃 6M;稀釋股數 193.2M(XBRL 未拆季 2026-04-01→2026-06-30)。,False,,淨現金,充裕,齊,,True,False
KULR,4.599999904632568,2.549999952316284,-0.4456521727863015,-0.4636264618786397,3.1269000017642976,-0.1844958422471162,-0.0746982104652543,3259917.5251603127,"KULR Technology Group, Inc.",1662684,3670.0,Electronic Components & Accessories,112923988.32818128,46280322.0,118014818.89318228,True,"KULR Technology Group, Inc.",0001662684,2026-06-30,16675408.0,-42695415.0,12783933.0,0.0,20000000.0,2767740.0,0.0,9983807.0,-41114052.0,3049416.0,5667937.0,46303656.0,取數標籤:有息負債 20M = LinesOfCreditCurrent@2026-06-30 20M(其中融資租賃 0M = (無));現金 13M = CashAndCashEquivalentsAtCarryingValue@2026-06-30 13M;投資 0M = (無);經營租賃 3M;稀釋股數 46.3M(XBRL 未拆季 2026-04-01→2026-06-30)。,False,,算不出(經營現金流不正),充裕,齊,,True,False
BIOA,17.200000762939453,9.59000015258789,-0.4424418763253023,-0.4604161654176405,16.926625027656556,-0.4334369588196874,0.0824897882650528,10419863.66891861,"BioAge Labs, Inc.",1709941,2834.0,Pharmaceutical Preparations,446576903.5600624,45896909.0,440151364.3133125,True,"BIOAGE LABS, INC.",0001709941,2026-06-30,10355000.0,-106271000.0,73964000.0,307281000.0,0.0,2835000.0,0.0,-378410000.0,-87601000.0,488000.0,14038000.0,44838893.0,缺折舊攤銷標籤。; 取數標籤:有息負債 0M = (無)(其中融資租賃 0M = (無));現金 74M = CashAndCashEquivalentsAtCarryingValue@2026-06-30 74M;投資 307M = MarketableSecuritiesCurrent@2026-06-30 245M+MarketableSecuritiesNoncurrent@2026-06-30 62M;經營租賃 3M;稀釋股數 44.8M(XBRL 未拆季 2026-04-01→2026-06-30)。,False,,淨現金,充裕,齊,,True,False
UAMY,9.260000228881836,5.199999809265137,-0.4384449588838673,-0.4564192479762056,7.671649951934814,-0.3221797342364818,-0.0947575259442671,35944274.25160408,UNITED STATES ANTIMONY CORP,101538,3330.0,Primary Smelting & Refining of  Nonferrous Metals,700452691.4275475,149669384.0,778280768.2528305,True,UNITED STATES ANTIMONY CORPORATION,0000101538,2026-06-30,32234798.0,-23334959.0,42254998.0,0.0,334775.0,29306.0,175913.0,-41890917.0,-28054190.0,43227753.0,13988300.0,151754172.0,取數標籤:有息負債 0M = LongTermDebt@2026-06-30 0M(其中融資租賃 0M = (無));現金 42M = CashCashEquivalentsRestrictedCashAndRestrictedCashEquivalents@2026-06-30 42M;投資 0M = (無);經營租賃 0M;稀釋股數 151.8M(XBRL 未拆季 2026-04-01→2026-06-30)。,False,,淨現金,充裕,齊,,True,False
AXTI,109.5500030517578,61.63999938964844,-0.4373345716793261,-0.4553088607716643,54.61909997463226,0.1285429349490749,0.2253345912567881,582923159.4875336,AXT INC,1051627,3674.0,Semiconductors & Related Devices,3734394473.428391,65573212.0,4041932747.657288,True,AXT INC,0001051627,2026-06-30,125509000.0,3882000.0,412167000.0,303631000.0,99733000.0,1797000.0,5200000.0,-589429000.0,-5761000.0,13804000.0,3810000.0,63474000.0,取數標籤:有息負債 100M = DebtCurrent@2026-06-30 84M; LongTermLoansPayable@2026-06-30 16M(其中融資租賃 0M = (無));現金 412M = CashAndCashEquivalentsAtCarryingValue@2026-06-30 412M;投資 304M = ShortTermInvestments@2026-06-30 5M+LongTermInvestments@2026-06-30 299M;經營租賃 2M;稀釋股數 63.5M(XBRL 未拆季 2026-04-01→2026-06-30)。,False,,淨現金,充裕,齊,,True,False
JOBY,11.970000267028809,6.739999771118164,-0.4369256791344111,-0.4548999682267494,10.352250022888184,-0.3489338302092355,-0.1368008090458026,279505095.9405184,"Joby Aviation, Inc.",1819848,3721.0,Aircraft,6617241202.128143,989124237.0,6666697130.987429,True,"Joby Aviation, Inc.",0001819848,2026-06-30,116295000.0,-882906000.0,629861000.0,1633965000.0,714155000.0,33558000.0,0.0,-1516113000.0,-609942000.0,133388000.0,170326000.0,969905441.0,取數標籤:有息負債 714M = LongTermDebtNoncurrent@2026-06-30 702M(其中融資租賃 12M = FinanceLeaseLiabilityCurrent@2026-06-30 3M+FinanceLeaseLiabilityNoncurrent@2026-06-30 9M);現金 630M = CashAndCashEquivalentsAtCarryingValue@2026-06-30 630M;投資 1634M = ShortTermInvestments@2026-06-30 1634M;經營租賃 34M;稀釋股數 969.9M(XBRL 未拆季 2026-04-01→2026-06-30)。,False,,淨現金,充裕,齊,,True,False
RCAT,14.84000015258789,8.369999885559082,-0.4359838410042421,-0.4539581300965803,10.982399957180023,-0.2378715109453848,-0.0434673540133515,77273243.08490753,"Red Cat Holdings, Inc.",748268,7372.0,Services-Prepackaged Software,1259893486.5,152714362.0,1278219192.4632282,True,"Red Cat Holdings, Inc.",0000748268,2026-06-30,71540761.0,-107419254.0,325553000.0,0.0,892000.0,13981000.0,0.0,-310680000.0,-107554000.0,3000.0,15515420.0,136888000.0,"警告:有息負債取自 LongTermDebt = 1M,但申報歷史裡沒有一個結算日可以判斷它是「全部有息負債的總額」還是「資產負債表非流動那一行」。當成總額處理;若實為非流動,流動到期部分會漏計。; 現金標籤退用前綴比對:CashCashEquivalentsRestrictedCashAndRestrictedCashEquivalentsIncludingDisposalGroupAndDiscontinuedOperations@2026-06-30 = 326M(三個標準標籤都對不上).; 取數標籤:有息負債 1M = LongTermDebt@2026-06-30 1M(其中融資租賃 0M = (無));現金 326M = CashCashEquivalentsRestrictedCashAndRestrictedCashEquivalentsIncludingDisposalGroupAndDiscontinuedOperations@2026-06-30 326M;投資 0M = (無);經營租賃 14M;稀釋股數 136.9M(XBRL 未拆季 2026-04-01→2026-06-30)。",False,,淨現金,充裕,齊,,True,False
AEVA,27.809999465942383,15.6899995803833,-0.4358144594861242,-0.4537887485784624,17.082800011634827,-0.0815323266854913,0.0356528413110761,30661993.369483948,"Aeva Technologies, Inc.",1789029,3714.0,Motor Vehicle Parts & Accessories,1057436354.1781272,69705758.0,1093683313.7703,True,"AEVA TECHNOLOGIES, INC.",0001789029,2026-06-30,21598000.0,-131952000.0,43235000.0,134654000.0,0.0,5475000.0,0.0,-172414000.0,-111476000.0,5194000.0,29133000.0,64672666.0,取數標籤:有息負債 0M = (無)(其中融資租賃 0M = (無));現金 43M = CashAndCashEquivalentsAtCarryingValue@2026-06-30 43M;投資 135M = MarketableSecuritiesCurrent@2026-06-30 135M;經營租賃 5M;稀釋股數 64.7M(XBRL 未拆季 2026-04-01→2026-06-30)。,False,,淨現金,充裕,齊,,True,False
RR,3.0999999046325684,1.75,-0.4354838536011435,-0.4534581426934817,2.634300000071525,-0.3356868997637001,-0.194232197472619,10873513.377922771,RICHTECH ROBOTICS INC.,1963685,3569.0,"General Industrial Machinery & Equipment, NEC",,,,True,RICHTECH ROBOTICS INC.,0001963685,2026-06-30,5389000.0,-37062000.0,301962000.0,37633000.0,102000.0,629000.0,0.0,-338911000.0,-7070000.0,22054000.0,9302000.0,224320751.0,取數標籤:有息負債 0M = LongTermDebtNoncurrent@2026-06-30 0M(其中融資租賃 0M = (無));現金 302M = CashCashEquivalentsRestrictedCashAndRestrictedCashEquivalents@2026-06-30 302M;投資 38M = ShortTermInvestments@2026-06-30 38M;經營租賃 1M;稀釋股數 224.3M(XBRL 未拆季 2026-04-01→2026-06-30)。,False,,淨現金,充裕,齊,,True,False
ONDS,13.460000038146973,7.619999885559082,-0.433878167610457,-0.4518524567027953,9.5225000166893,-0.19978998454144,0.0028390965823159,584367805.5963516,Ondas Inc.,1646188,3663.0,Radio & Tv Broadcasting & Communications Equipment,4016688458.875155,570552341.0,4347608773.125466,True,Ondas Inc.,0001646188,2026-06-30,174103430.0,-244441458.0,657906000.0,775869000.0,10400000.0,34688000.0,0.0,-1383102000.0,-161062000.0,10860000.0,101018000.0,503593000.0,"警告:有息負債取自 NotesPayable = 10M,但申報歷史裡沒有一個結算日可以判斷它是「全部有息負債的總額」還是「資產負債表非流動那一行」。當成總額處理;若實為非流動,流動到期部分會漏計。; 取數標籤:有息負債 10M = NotesPayable@2026-06-30 10M(其中融資租賃 0M = (無));現金 658M = CashAndCashEquivalentsAtCarryingValue@2026-06-30 658M;投資 776M = ShortTermInvestments@2026-06-30 727M+LongTermInvestments@2026-06-30 49M;經營租賃 35M;稀釋股數 503.6M(XBRL 未拆季 2026-04-01→2026-06-30)。",False,,淨現金,充裕,齊,,True,False
GFS,79.81497955322266,45.209999084472656,-0.4335649857013935,-0.4515392747937318,53.23353145599365,-0.1507232782058386,0.0565549773853344,212886483.32309723,GLOBALFOUNDRIES Inc.,1709048,3674.0,Semiconductors & Related Devices,24420179997.793694,555888455.0,25131716541.61892,False,,,,,,,,,,,,,,,,,False,,,,,建帳失敗:ValueError: max() iterable argument is empty,True,False
QBTS,29.18000030517578,16.579999923706055,-0.4318026130806726,-0.4497769021730108,21.516999936103826,-0.2294464854328447,-0.1053797695493509,324534565.35072327,D-Wave Quantum Inc.,1907982,7374.0,Services-Computer Processing & Data Preparation,6107624202.05114,369263837.0,6122394389.287405,True,D-WAVE QUANTUM INC.,0001907982,2026-06-30,12425000.0,-170580000.0,296642000.0,253805000.0,34886000.0,13076000.0,0.0,-502485000.0,-110880000.0,8196000.0,31125000.0,370840115.0,取數標籤:有息負債 35M = LongTermDebtNoncurrent@2026-06-30 35M(其中融資租賃 0M = (無));現金 297M = CashAndCashEquivalentsAtCarryingValue@2026-06-30 297M;投資 254M = MarketableSecuritiesCurrent@2026-06-30 250M+LongTermInvestments@2026-06-30 4M;經營租賃 13M;稀釋股數 370.8M(XBRL 未拆季 2026-04-01→2026-06-30)。,False,,淨現金,充裕,齊,,True,False
AAOI,185.6699981689453,105.52999877929688,-0.4316260040931721,-0.4496002931855103,101.51035020828247,0.0395984110267253,0.1767237814041673,1221661832.4977877,"APPLIED OPTOELECTRONICS, INC.",1158114,3674.0,Semiconductors & Related Devices,8721625179.533651,84569237.0,8924591477.376068,True,"APPLIED OPTOELECTRONICS, INC.",0001158114,2026-06-30,595970000.0,-67406000.0,499737000.0,0.0,186400000.0,78143000.0,57258000.0,-235194000.0,-131820000.0,208984000.0,15238000.0,81568000.0,缺折舊攤銷標籤。; 取數標籤:有息負債 186M = LongTermDebtCurrent@2026-06-30 57M; ConvertibleLongTermNotesPayable@2026-06-30 129M(其中融資租賃 0M = (無));現金 500M = CashAndCashEquivalentsAtCarryingValue@2026-06-30 500M;投資 0M = (無);經營租賃 78M;稀釋股數 81.6M(XBRL 未拆季 2026-04-01→2026-06-30)。,False,,淨現金,充裕,齊,,True,False
KEEL,6.099999904632568,3.470000028610229,-0.4311475273999625,-0.4491218164923007,3.374450000524521,0.0283157338442876,-0.0110157339340762,137717997.53346443,Keel Infrastructure Corp.,1812477,6199.0,Finance Services,1895949719.61254,617573212.0,2142979063.3089116,True,Keel Infrastructure Corp.,0001812477,2026-06-30,,-263194000.0,768893000.0,0.0,1034490000.0,10619000.0,6754000.0,276216000.0,-211337000.0,115476000.0,21280000.0,602578453.0,取數標籤:有息負債 1034M = LongTermDebtCurrent@2026-06-30 7M; LongTermDebt@2026-06-30 1026M(其中融資租賃 2M = FinanceLeaseLiabilityCurrent@2026-06-30 0M+FinanceLeaseLiabilityNoncurrent@2026-06-30 2M);現金 769M = CashCashEquivalentsRestrictedCashAndRestrictedCashEquivalents@2026-06-30 769M;投資 0M = (無);經營租賃 11M;稀釋股數 602.6M(XBRL 未拆季 2026-01-01→2026-03-31)。,False,,算不出(經營現金流不正),充裕,資料不足(缺收入或營業利潤),,True,False
POET,13.890000343322754,7.920000076293945,-0.4298056241516744,-0.4477799132440127,8.13269998073578,-0.0261536642130736,0.026201526647575,97486276.13563538,POET TECHNOLOGIES INC.,1437424,3674.0,Semiconductors & Related Devices,939264234.283772,132290739.0,1047742662.9729824,False,,,,,,,,,,,,,,,,,False,,,,,建帳失敗:ValueError: max() iterable argument is empty,True,False
IONQ,69.27999877929688,39.52000045776367,-0.4295611842652985,-0.4475354733576367,44.218849983215335,-0.1062634945783361,-0.087124340361505,789105013.2225037,"IonQ, Inc.",1824920,7373.0,Services-Computer Integrated Systems Design,14394266957.829288,381002314.0,15057211623.689018,True,"IONQ, INC.",0001824920,2026-06-30,246474000.0,-1006194000.0,1235729000.0,2966895000.0,0.0,54498000.0,0.0,-4135755000.0,-452369000.0,31499000.0,449973000.0,367660636.0,取數標籤:有息負債 0M = (無)(其中融資租賃 0M = (無));現金 1236M = CashAndCashEquivalentsAtCarryingValue@2026-06-30 1236M;投資 2967M = AvailableForSaleSecuritiesDebtSecurities@2026-06-30 2967M(合計標籤);經營租賃 54M;稀釋股數 367.7M(XBRL 未拆季 2026-04-01→2026-06-30)。,False,,淨現金,充裕,齊,,True,False
RUN,15.579999923706056,8.890000343322754,-0.4293966375573597,-0.4473709266496979,14.49689998626709,-0.3867654221423718,-0.1119760158824423,90095128.4292698,Sunrun Inc.,1469367,3690.0,"Miscellaneous Electrical Machinery, Equipment & Supplies",2015889211.7772503,240846982.0,2141129752.668249,True,Sunrun Inc.,0001469367,2026-06-30,3475609000.0,92286000.0,1136385000.0,0.0,15205974000.0,24713000.0,0.0,14995807000.0,-200131000.0,10157000.0,105344000.0,273999000.0,"缺折舊攤銷標籤。; 警告:長期經營租賃負債 的候選標籤(OperatingLeaseLiabilityNoncurrent)全部缺 asof(2026-06-30)前後 200 日內的資料,最新只到 2020-12-31,用這筆舊值代替 —— 可能失真,建議人手核對資產負債表。; 取數標籤:有息負債 15206M = LongTermDebt@2026-06-30 15158M(其中融資租賃 48M = FinanceLeaseLiabilityCurrent@2026-06-30 23M+FinanceLeaseLiabilityNoncurrent@2026-06-30 25M);現金 1136M = CashCashEquivalentsRestrictedCashAndRestrictedCashEquivalents@2026-06-30 1136M;投資 0M = (無);經營租賃 25M;稀釋股數 274.0M(XBRL 未拆季 2026-04-01→2026-06-30)。",False,,算不出(經營現金流不正),充裕,齊,,True,False
AOSL,43.880001068115234,25.200000762939453,-0.4257064687892483,-0.4436807578815865,29.49800004005432,-0.1457047688412354,0.0229837489071123,19944385.27994156,ALPHA & OMEGA SEMICONDUCTOR Ltd,1387467,3674.0,Semiconductors & Related Devices,744982883.4945774,30259255.0,762533249.0859795,True,ALPHA AND OMEGA SEMICONDUCTOR LIMITED,0001387467,2026-06-30,678927000.0,-43195000.0,180771000.0,0.0,4905000.0,23077000.0,3036000.0,-152789000.0,-16320000.0,51752000.0,26678000.0,29951000.0,"警告:少數股東權益 的候選標籤(MinorityInterest)全部缺 asof(2026-06-30)前後 200 日內的資料,最新只到 2022-06-30,用這筆舊值代替 —— 可能失真,建議人手核對資產負債表。; 取數標籤:有息負債 5M = DebtLongtermAndShorttermCombinedAmount@2026-06-30 4M(其中融資租賃 1M = FinanceLeaseLiabilityCurrent@2026-06-30 1M+FinanceLeaseLiabilityNoncurrent@2026-06-30 0M);現金 181M = CashAndCashEquivalentsAtCarryingValue@2026-06-30 181M;投資 0M = (無);經營租賃 23M;稀釋股數 30.0M(XBRL 未拆季 2025-07-01→2026-06-30)。",False,,淨現金,充裕,齊,,True,False
SPIR,20.559999465942383,11.979999542236328,-0.4173151822264789,-0.4352894713188171,13.441599977016448,-0.1087370876442748,0.0231494846044242,9864596.36068344,"Spire Global, Inc.",1816017,4899.0,"Communications Services, NEC",,,,True,"SPIRE GLOBAL, INC.",0001816017,2026-06-30,62377000.0,-88634000.0,38814000.0,52858000.0,0.0,9692000.0,0.0,-81980000.0,-65909000.0,33691000.0,14581000.0,38295060.0,取數標籤:有息負債 0M = (無)(其中融資租賃 0M = (無));現金 39M = CashAndCashEquivalentsAtCarryingValue@2026-06-30 39M;投資 53M = MarketableSecuritiesCurrent@2026-06-30 53M;經營租賃 10M;稀釋股數 38.3M(XBRL 未拆季 2026-04-01→2026-06-30)。,False,,淨現金,充裕,齊,,True,False
LPTH,16.559999465942383,9.670000076293944,-0.4160627784933535,-0.4340370675856917,11.890199997425078,-0.186725195674752,0.0591049476130514,35127063.10391426,LIGHTPATH TECHNOLOGIES INC,889971,3674.0,Semiconductors & Related Devices,594615701.0565805,62789407.0,607173570.4804516,True,LIGHTPATH TECHNOLOGIES INC,0000889971,2025-09-30,43860530.0,-12951851.0,11507418.0,0.0,5584191.0,9779325.0,0.0,3856098.0,-7774031.0,1259584.0,1138650.0,58628741.0,取數標籤:有息負債 6M = LoansPayableCurrent@2025-09-30 0M; LongTermDebtNoncurrent@2025-09-30 5M(其中融資租賃 1M = FinanceLeaseLiabilityCurrent@2025-09-30 0M+FinanceLeaseLiabilityNoncurrent@2025-09-30 0M);現金 12M = CashCashEquivalentsRestrictedCashAndRestrictedCashEquivalents@2025-09-30 12M;投資 0M = (無);經營租賃 10M;稀釋股數 58.6M(XBRL 未拆季 2026-01-01→2026-03-31)。,False,,算不出(經營現金流不正),充裕,齊,,True,False
SHLS,12.18000030517578,7.130000114440918,-0.4146141267819928,-0.432588415874331,8.635674986839295,-0.1743552038136004,-0.019554845510848,43945220.616817474,"Shoals Technologies Group, Inc.",1831651,3674.0,Semiconductors & Related Devices,,,,True,"Shoals Technologies Group, Inc.",0001831651,2026-06-30,588058000.0,62515000.0,15724000.0,0.0,196750000.0,40278000.0,0.0,221304000.0,-19310000.0,32276000.0,12345000.0,170023000.0,"警告:少數股東權益 的候選標籤(MinorityInterest)全部缺 asof(2026-06-30)前後 200 日內的資料,最新只到 2023-12-31,用這筆舊值代替 —— 可能失真,建議人手核對資產負債表。; 取數標籤:有息負債 197M = LongTermLineOfCredit@2026-06-30 197M(其中融資租賃 0M = (無));現金 16M = CashAndCashEquivalentsAtCarryingValue@2026-06-30 16M;投資 0M = (無);經營租賃 40M;稀釋股數 170.0M(XBRL 未拆季 2026-04-01→2026-06-30)。",False,,算不出(經營現金流不正),充裕,齊,,True,False
SLI,4.110000133514404,2.4200000762939453,-0.4111922146764903,-0.4291665037688286,3.723600007891655,-0.350091290373539,-0.083136517551321,4193218.634748459,STANDARD LITHIUM LTD.,1537137,2800.0,Chemicals & Allied Products,596866874.0760105,239705571.0,580087500.1080837,False,,,,,,,,,,,,,,,,,False,,,,,建帳失敗:ValueError: max() iterable argument is empty,True,False
ASTS,105.6500015258789,62.310001373291016,-0.4102224280798688,-0.4281967171722071,81.40442485809326,-0.2345624764020905,-0.0299848068080391,842996371.7567444,"AST SpaceMobile, Inc.",1780312,4899.0,"Communications Services, NEC",,,,True,"AST SPACEMOBILE, INC.",0001780312,2023-03-31,13826000.0,-2374272.0,185043000.0,178500000.0,4940000.0,13057000.0,244000.0,-147287000.0,-146689000.0,68012000.0,9611000.0,299061662.0,取數標籤:有息負債 5M = LongTermDebtCurrent@2023-03-31 0M; LongTermDebtNoncurrent@2023-03-31 5M(其中融資租賃 0M = (無));現金 185M = CashAndCashEquivalentsAtCarryingValue@2023-03-31 185M;投資 178M = ShortTermInvestments@2023-03-31 178M;經營租賃 13M;稀釋股數 299.1M(XBRL 未拆季 2026-04-01→2026-06-30)。,False,,淨現金,充裕,齊,,True,False
HYLN,6.25,3.690000057220459,-0.4095999908447265,-0.4275742799370647,3.0739000022411345,0.2004294396467469,0.10573992908925,10286154.826641085,Hyliion Holdings Corp.,1759631,3713.0,Truck & Bus Bodies,610802499.1858864,178597218.0,659023744.6394148,True,HYLIION HOLDINGS CORP.,0001759631,2026-06-30,9247000.0,-58733000.0,13166000.0,0.0,0.0,3046000.0,0.0,-10120000.0,-42366000.0,14251000.0,5991000.0,178441616.0,取數標籤:有息負債 0M = (無)(其中融資租賃 0M = (無));現金 13M = CashAndCashEquivalentsAtCarryingValue@2026-06-30 13M;投資 0M = (無);經營租賃 3M;稀釋股數 178.4M(XBRL 未拆季 2026-04-01→2026-06-30)。,False,,淨現金,充裕,齊,,True,False
RGTI,25.6299991607666,15.199999809265137,-0.4069449743668856,-0.4249192634592238,19.29105001449585,-0.2120698563404572,-0.1777642230655203,339209470.4055786,"Rigetti Computing, Inc.",1838359,7371.0,Services-Computer Programming Services,5003193441.136396,333768747.0,5073284890.738664,True,"RIGETTI COMPUTING, INC.",0001838359,2023-03-31,13199000.0,-105828000.0,26117000.0,95849000.0,27531000.0,9829000.0,9685000.0,-84606000.0,-62516000.0,24705000.0,35034000.0,333215000.0,缺折舊攤銷標籤。; 取數標籤:有息負債 28M = DebtCurrent@2023-03-31 10M; LongTermLoansPayable@2023-03-31 18M(其中融資租賃 0M = (無));現金 26M = CashAndCashEquivalentsAtCarryingValue@2023-03-31 26M;投資 96M = MarketableSecuritiesCurrent@2023-03-31 96M;經營租賃 10M;稀釋股數 333.2M(XBRL 未拆季 2026-04-01→2026-06-30)。,False,,淨現金,充裕,齊,,True,False
OPEN,5.309999942779541,3.150000095367432,-0.4067796366644495,-0.4247539257567877,5.064950015544891,-0.3780787400271013,-0.1281739206546236,159575940.20383358,Opendoor Technologies Inc.,1801169,6531.0,Real Estate Agents & Managers (For Others),2952116754.9558167,971091050.0,3058936900.11046,True,Opendoor Technologies Inc.,0001801169,2026-06-30,3254000000.0,-521000000.0,896000000.0,0.0,1762000000.0,8000000.0,0.0,874000000.0,-459000000.0,15000000.0,371000000.0,965780000.0,取數標籤:有息負債 1762M = LinesOfCreditCurrent@2026-06-30 691M; LongTermLineOfCredit@2026-06-30 1071M(其中融資租賃 0M = (無));現金 896M = CashAndCashEquivalentsAtCarryingValue@2026-06-30 896M;投資 0M = (無);經營租賃 8M;稀釋股數 965.8M(XBRL 未拆季 2026-04-01→2026-06-30)。,False,,算不出(經營現金流不正),充裕,齊,,True,False
JKS,20.16230583190918,11.979999542236328,-0.4058219510153152,-0.4237962401076535,20.992052574157714,-0.4293078535357558,-0.0669851029681405,10983082.069683077,"JinkoSolar Holding Co., Ltd.",1481513,3674.0,Semiconductors & Related Devices,2607395404.904521,209429353.0,2508963553.0708504,False,,,,,,,,,,,,,,,,,False,,,,,建帳失敗:ValueError: max() iterable argument is empty,True,False
SPRY,9.43000030517578,5.619999885559082,-0.4040297238935962,-0.4220040129859345,8.564475016593933,-0.3438010065216887,-0.0755249556288094,10761920.95899582,"ARS Pharmaceuticals, Inc.",1671858,2834.0,Pharmaceutical Preparations,573811167.2131925,99447343.0,558894056.2791548,True,"ARS Pharmaceuticals, Inc.",0001671858,2026-06-30,116927000.0,-216267000.0,8163000.0,135682000.0,96676000.0,0.0,0.0,-47169000.0,-196405000.0,197000.0,31244000.0,99312526.0,"缺折舊攤銷標籤。; 警告:有息負債取自 LongTermDebt = 97M,但申報歷史裡沒有一個結算日可以判斷它是「全部有息負債的總額」還是「資產負債表非流動那一行」。當成總額處理;若實為非流動,流動到期部分會漏計。; 警告:短期經營租賃負債 的候選標籤(OperatingLeaseLiabilityCurrent)全部缺 asof(2026-06-30)前後 200 日內的資料,最新只到 2025-09-30,用這筆舊值代替 —— 可能失真,建議人手核對資產負債表。; 警告:長期經營租賃負債 的候選標籤(OperatingLeaseLiabilityNoncurrent)全部缺 asof(2026-06-30)前後 200 日內的資料,最新只到 2025-09-30,用這筆舊值代替 —— 可能失真,建議人手核對資產負債表。; 取數標籤:有息負債 97M = LongTermDebt@2026-06-30 97M(其中融資租賃 0M = (無));現金 8M = CashAndCashEquivalentsAtCarryingValue@2026-06-30 8M;投資 136M = ShortTermInvestments@2026-06-30 136M;經營租賃 0M;稀釋股數 99.3M(XBRL 未拆季 2026-04-01→2026-06-30)。",False,,淨現金,充裕,齊,,True,False
NNE,29.700000762939453,17.719999313354492,-0.4033670418128057,-0.4213413309051439,24.9915499830246,-0.2909603715899684,-0.1609582696978319,34864704.182720184,Nano Nuclear Energy Inc.,1923891,4911.0,Electric Services,938106573.7484092,53698146.0,951531110.2484092,False,,,,,,,,,,,,,,,,,False,,,,,"建帳失敗:RuntimeError: NNE 缺 OperatingIncomeLoss,無法建模",True,False
CRML,12.170000076293944,7.28000020980835,-0.4018077104215366,-0.4197819995138748,9.700625004768373,-0.2495328696625378,-0.1148690124627151,41624352.18291283,Critical Metals Corp.,1951089,1000.0,Metal Mining,725996950.7642155,104912853.0,763765591.8515925,False,,,,,,,,,,,,,,,,,False,,,,,建帳失敗:ValueError: max() iterable argument is empty,True,False
USAR,29.43000030517578,17.610000610351562,-0.4016309742526732,-0.4196052633450114,19.238550033569336,-0.0846503203399485,-0.054689737543634,208426583.25328827,"USA Rare Earth, Inc.",1970622,1000.0,Metal Mining,2289341593.2185574,132638561.0,2335765140.166153,True,"USA Rare Earth, Inc.",0001970622,2026-06-30,11519000.0,-124970000.0,1530147000.0,0.0,735000.0,2461000.0,0.0,-1528007000.0,-106071000.0,0.0,18481000.0,230081000.0,缺資本開支標籤。; 取數標籤:有息負債 1M = (無)(其中融資租賃 1M = FinanceLeaseLiabilityCurrent@2026-06-30 0M+FinanceLeaseLiabilityNoncurrent@2026-06-30 0M);現金 1530M = CashAndCashEquivalentsAtCarryingValue@2026-06-30 1530M;投資 0M = (無);經營租賃 2M;稀釋股數 230.1M(XBRL 未拆季 2026-04-01→2026-06-30)。,False,,淨現金,充裕,齊,,True,False
LPL,5.510000228881836,3.299999952316284,-0.4010889627520098,-0.419063251844348,4.140849997997284,-0.2030621843553076,-0.0734857685862008,9707741.4804101,"LG Display Co., Ltd.",1290109,3679.0,"Electronic Components, NEC",1634999990.4632568,500000000.0,1649999976.158142,False,,,,,,,,,,,,,,,,,False,,,,,建帳失敗:ValueError: max() iterable argument is empty,True,False
QS,9.140000343322754,5.480000019073486,-0.4004376571958324,-0.4184119462881707,8.011500027179718,-0.3159832739833857,-0.1832067238532505,123776992.15049744,QuantumScape Corp,1811414,3690.0,"Miscellaneous Electrical Machinery, Equipment & Supplies",,,,False,,,,,,,,,,,,,,,,,False,,,,,建帳失敗:ValueError: max() iterable argument is empty,True,False
FULC,6.420000076293945,3.849999904632568,-0.4003115484610637,-0.418285837553402,7.32734998345375,-0.4745713097741417,-0.1225651359535383,5736523.518884182,"Fulcrum Therapeutics, Inc.",1680581,2834.0,Pharmaceutical Preparations,295270375.8584719,76297257.0,293744432.17372656,False,,,,,,,,,,,,,,,,,False,,,,,建帳失敗:ValueError: max() iterable argument is empty,True,False
VNET,10.600000381469728,6.369999885559082,-0.3990566361964734,-0.4170309252888117,9.064899995326996,-0.297289557651728,-0.0540176764363835,26679306.47947788,"VNET Group, Inc.",1508475,7370.0,"Services-Computer Programming, Data Processing, Etc.",,,,False,,,,,,,,,,,,,,,,,False,,,,,建帳失敗:ValueError: max() iterable argument is empty,True,False
DY,493.8900146484375,300.2300109863281,-0.3921115995834844,-0.4100858886758226,394.3433001708984,-0.2386582684269873,0.0447949170139627,189918864.1769409,DYCOM INDUSTRIES INC,67215,1623.0,"Water, Sewer, Pipeline, Comm & Power Line Construction",8665242577.924255,30160957.0,9055224451.46817,False,,,,,,,,,,,,,,,,,False,,,,,"建帳失敗:RuntimeError: DY 缺 OperatingIncomeLoss,無法建模",True,False
ELVA,11.329999923706056,6.900000095367432,-0.39099733964425,-0.4089716287365882,8.533949992656709,-0.1914646674394926,0.0383106303297062,3832330.000877381,Electrovaya Inc.,1844450,3690.0,"Miscellaneous Electrical Machinery, Equipment & Supplies",,,,False,,,,,,,,,,,,,,,,,False,,,,,建帳失敗:ValueError: max() iterable argument is empty,True,False
SVCO,10.670000076293944,6.539999961853027,-0.3870665496635505,-0.4050408387558887,7.151649996042251,-0.0855257226692739,0.0558150038587286,3185539.4762039185,"Silvaco Group, Inc.",1943289,7372.0,Services-Prepackaged Software,221274006.84951496,33885758.0,221612856.0273609,True,"Silvaco Group, Inc.",0001943289,2026-06-30,72485000.0,-25776000.0,13000000.0,0.0,0.0,1749000.0,0.0,-11251000.0,-33817000.0,410000.0,12247000.0,33017435.0,取數標籤:有息負債 0M = (無)(其中融資租賃 0M = (無));現金 13M = CashAndCashEquivalentsAtCarryingValue@2026-06-30 13M;投資 0M = (無);經營租賃 2M;稀釋股數 33.0M(XBRL 未拆季 2026-04-01→2026-06-30)。,False,,淨現金,充裕,齊,,True,False
OKLO,66.88999938964844,41.27000045776367,-0.3830168809337676,-0.4009911700261058,64.84944984436035,-0.3636029209682998,-0.2008150601784323,410020977.6275635,Oklo Inc.,1849056,4911.0,Electric Services,7167259827.427674,186017650.0,7676948500.652122,True,Oklo Inc.,0001849056,2026-06-30,,-217844000.0,1644704000.0,1377572000.0,887000.0,3259000.0,0.0,-3018130000.0,-116919000.0,158897000.0,58063000.0,176224404.0,取數標籤:有息負債 1M = LongTermDebtNoncurrent@2026-06-30 1M(其中融資租賃 0M = FinanceLeaseLiabilityNoncurrent@2026-06-30 0M);現金 1645M = CashAndCashEquivalentsAtCarryingValue@2026-06-30 1645M;投資 1378M = DebtSecuritiesAvailableForSaleExcludingAccruedInterest@2026-06-30 1378M(合計標籤);經營租賃 3M;稀釋股數 176.2M(XBRL 未拆季 2026-04-01→2026-06-30)。,False,,淨現金,充裕,資料不足(缺收入或營業利潤),,True,False
NOK,16.25,10.029999732971191,-0.3827692472017728,-0.4007435362941111,9.606049997806547,0.0441336173829458,0.0777335239381105,923857743.2306768,NOKIA CORP,924613,3663.0,Radio & Tv Broadcasting & Communications Equipment,57020441933.67248,5742239696.0,57594662617.536575,False,,,,,,,,,,,,,,,,,False,,,,,建帳失敗:ValueError: max() iterable argument is empty,True,False
EVGO,2.430000066757202,1.5099999904632568,-0.3786008440409927,-0.3965751331333309,2.2840999978780747,-0.3389081074094635,-0.1694337511982062,5478609.92937088,EVgo Inc.,1821159,7500.0,"Services-Automotive Repair, Services & Parking",,,,True,EVgo Inc.,0001821159,2026-06-30,402948000.0,-122945000.0,121822000.0,0.0,297250000.0,118305000.0,3580000.0,293733000.0,-53423000.0,139914000.0,22126000.0,140364000.0,取數標籤:有息負債 297M = LongTermDebt@2026-06-30 297M(其中融資租賃 0M = (無));現金 122M = CashAndCashEquivalentsAtCarryingValue@2026-06-30 122M;投資 0M = (無);經營租賃 118M;稀釋股數 140.4M(XBRL 未拆季 2026-04-01→2026-06-30)。,False,,算不出(經營現金流不正),充裕,齊,,True,False
NXH,6.309999942779541,3.950000047683716,-0.3740094954828558,-0.391983784575194,5.413200005292892,-0.2703022160974092,-0.1145953035537622,10458174.933552742,"NEIGHBORHOOD INTELLIGENCE, INC.",1130713,5961.0,Retail-Catalog & Mail-Order Houses,351769103.96484804,95330379.0,376555001.5957067,True,"Neighborhood Intelligence, Inc.",0001130713,2026-06-30,1139531000.0,-86666000.0,99485000.0,55928000.0,36455000.0,116633000.0,0.0,-2001000.0,-71649000.0,9062000.0,9981000.0,74308000.0,取數標籤:有息負債 36M = ShortTermBorrowings@2026-06-30 23M; LongTermDebtNoncurrent@2026-06-30 13M(其中融資租賃 0M = (無));現金 99M = CashAndCashEquivalentsAtCarryingValue@2026-06-30 99M;投資 56M = LongTermInvestments@2026-06-30 56M;經營租賃 117M;稀釋股數 74.3M(XBRL 未拆季 2026-04-01→2026-06-30)。,False,,淨現金,充裕,齊,,True,False
GILT,16.15999984741211,10.119999885559082,-0.3737623774062277,-0.391736666498566,14.574849977493288,-0.3056532382023454,-0.0385590563004593,6204820.071935654,GILAT SATELLITE NETWORKS LTD,897322,3663.0,Radio & Tv Broadcasting & Communications Equipment,747172929.7106762,73831318.0,747172929.7106762,False,,,,,,,,,,,,,,,,,False,,,,,"建帳失敗:RuntimeError: GILT 缺 OperatingIncomeLoss,無法建模",True,False
HIMX,21.53104782104492,13.68000030517578,-0.3646384319575637,-0.3826127210499019,11.627769634723665,0.1764939223016255,0.0887931459494271,20445066.40191078,"Himax Technologies, Inc.",1342338,3674.0,Semiconductors & Related Devices,4678102960.249435,348851828.0,4772293113.501129,False,,,,,,,,,,,,,,,,,False,,,,,建帳失敗:ValueError: max() iterable argument is empty,True,False
NIO,5.980000019073486,3.799999952316284,-0.364548504983945,-0.3825227940762832,5.212200003862381,-0.270941262902348,-0.0792340053276775,120064684.04378892,NIO Inc.,1736541,3711.0,Motor Vehicles & Passenger Car Bodies,,,,False,,,,,,,,,,,,,,,,,False,,,,,"建帳失敗:RuntimeError: NIO 缺 OperatingIncomeLoss,無法建模",True,False
XPEV,17.200000762939453,10.949999809265137,-0.3633721323513593,-0.3813464214436975,16.497150001525878,-0.3362490000847217,-0.1101563976238461,87635756.82640076,XPENG INC.,1810997,3711.0,Motor Vehicles & Passenger Car Bodies,,,,False,,,,,,,,,,,,,,,,,False,,,,,建帳失敗:ValueError: max() iterable argument is empty,True,False
ELVR,88.58000183105469,56.84000015258789,-0.3583201741066038,-0.376294463198942,62.20865006446839,-0.0863006978340926,0.0974341703687597,3000456.025886536,Elevra Lithium Ltd,1739016,1400.0,Mining & Quarrying of  Nonmetallic Minerals (No Fuels),696176198456.6447,11543296014.0,656120947197.1272,False,,,,,,,,,,,,,,,,,False,,,,,建帳失敗:ValueError: max() iterable argument is empty,True,False
NAK,2.289999961853028,1.4700000286102295,-0.3580785794333675,-0.3760528685257057,1.8334000021219252,-0.1982109594693504,-0.028702039584642,7597126.691401005,NORTHERN DYNASTY MINERALS LTD,1164771,1040.0,Gold and Silver Ores,871199380.764596,558461162.0,820937924.117702,False,,,,,,,,,,,,,,,,,False,,,,,建帳失敗:ValueError: max() iterable argument is empty,True,False
AA,77.60939025878906,49.970001220703125,-0.3561345984799288,-0.374108887572267,57.47591432571412,-0.130592321898095,0.0316489467504634,258174982.2257996,Alcoa Corp,1675149,3334.0,Primary Production of  Aluminum,13472576965.903072,263909445.0,13187555288.805084,False,,,,,,,,,,,,,,,,,False,,,,,"建帳失敗:RuntimeError: AA 缺 OperatingIncomeLoss,無法建模",True,False
QUBT,12.390000343322754,8.010000228881836,-0.3535108953246637,-0.3714851844170019,9.510500013828278,-0.1577729649087549,-0.1356399628051067,74864369.68641281,Quantum Computing Inc.,1758009,7372.0,Services-Prepackaged Software,1788140223.4861188,226346861.0,1813038408.416685,True,QUANTUM COMPUTING INC.,0001758009,2026-06-30,9824000.0,-76183000.0,189150000.0,1134304000.0,0.0,23389000.0,0.0,-1300065000.0,-43057000.0,8421000.0,8499000.0,224727000.0,取數標籤:有息負債 0M = (無)(其中融資租賃 0M = (無));現金 189M = CashAndCashEquivalentsAtCarryingValue@2026-06-30 189M;投資 1134M = ShortTermInvestments@2026-06-30 765M+LongTermInvestments@2026-06-30 369M;經營租賃 23M;稀釋股數 224.7M(XBRL 未拆季 2026-04-01→2026-06-30)。,False,,淨現金,充裕,齊,,True,False
RLMD,6.849999904632568,4.429999828338623,-0.3532846875891676,-0.3712589766815058,5.478099994659424,-0.1913254901047058,0.0833126728699578,7796193.825554848,"RELMADA THERAPEUTICS, INC.",1553643,2834.0,Pharmaceutical Preparations,475747517.2291317,106669846.0,472547399.46890736,True,"RELMADA THERAPEUTICS, INC.",0001553643,2014-02-28,3166.0,-5554521.0,2459132.0,0.0,844292.0,0.0,0.0,-1614840.0,-841945.0,0.0,0.0,112375941.0,"companyfacts 沒有可用的股權薪酬季度標籤,SBC 當 0 處理 —— 這會高估自由現金流。; 缺折舊攤銷標籤。; 缺資本開支標籤。; 取數標籤:有息負債 1M = NotesPayableCurrent@2014-03-31 1M(其中融資租賃 0M = (無));現金 2M = CashAndCashEquivalentsAtCarryingValue@2014-03-31 2M;投資 0M = (無);經營租賃 0M;稀釋股數 112.4M(XBRL 未拆季 2026-04-01→2026-06-30)。",False,,淨現金,充裕,齊,,True,False
LAR,10.449999809265137,6.789999961853027,-0.3502392262406641,-0.3682135153330024,7.4125,-0.0839797690586134,0.0506272232131199,12068354.93376255,Lithium Argentina AG,1440972,1000.0,Metal Mining,1076757792.1059952,162406904.0,1102742871.9646685,False,,,,,,,,,,,,,,,,,False,,,,,建帳失敗:ValueError: max() iterable argument is empty,True,False
GRRR,21.13999938964844,13.789999961853027,-0.3476821021761459,-0.3656563912684841,13.70852499961853,0.005943379191909,-0.0360158802198872,15486161.05542183,Gorilla Technology Group Inc.,1903145,7372.0,Services-Prepackaged Software,369002619.47612,26188972.0,361145922.88097,False,,,,,,,,,,,,,,,,,False,,,,,建帳失敗:ValueError: max() iterable argument is empty,True,False
HIVE,4.760000228881836,3.109999895095825,-0.3466387089173753,-0.3646129980097136,2.902049998641014,0.0716562073541775,-0.1264717394237111,56750411.3877058,HIVE Digital Technologies Ltd.,1720424,6199.0,Finance Services,722405790.1458259,273638546.0,851015849.3541741,False,,,,,,,,,,,,,,,,,False,,,,,"建帳失敗:RuntimeError: HIVE 缺 OperatingIncomeLoss,無法建模",True,False
AMPG,5.150000095367432,3.369999885559082,-0.3456311023002717,-0.3636053913926099,3.869649994373322,-0.1291202329773383,0.0707097779957082,12586241.870188711,"AmpliTech Group, Inc.",1518461,3669.0,"Communications Equipment, NEC",99745702.83435416,30043887.0,101247895.75175,True,"AmpliTech Group, Inc.",0001518461,2026-06-30,23990729.0,-8319855.0,8892838.0,4408357.0,30346.0,3895878.0,0.0,-9374971.0,-13101856.0,1015710.0,1873162.0,25447746.0,取數標籤:有息負債 0M = (無)(其中融資租賃 0M = FinanceLeaseLiabilityCurrent@2026-06-30 0M+FinanceLeaseLiabilityNoncurrent@2026-06-30 0M);現金 9M = CashAndCashEquivalentsAtCarryingValue@2026-06-30 9M;投資 4M = MarketableSecuritiesCurrent@2026-06-30 4M+LongTermInvestments@2026-06-30 0M;經營租賃 4M;稀釋股數 25.4M(XBRL 未拆季 2026-04-01→2026-06-30)。,False,,淨現金,充裕,齊,,True,False
LTBR,11.5600004196167,7.579999923706055,-0.3442906878408757,-0.3622649769332139,11.921350004673004,-0.3641659777848314,-0.1847528956631715,5986726.436185837,LIGHTBRIDGE Corp,1084554,2810.0,Industrial Inorganic Chemicals,278313609.6998925,37458091.0,283932326.92217445,True,LIGHTBRIDGE CORPORATION,0001084554,2026-06-30,0.0,-29238940.0,192100000.0,0.0,0.0,0.0,0.0,-192100000.0,-16973187.0,87765.0,7623956.0,31906688.0,"警告:少數股東權益 的候選標籤(MinorityInterest)全部缺 asof(2026-06-30)前後 200 日內的資料,最新只到 2019-01-01,用這筆舊值代替 —— 可能失真,建議人手核對資產負債表。; 取數標籤:有息負債 0M = (無)(其中融資租賃 0M = (無));現金 192M = CashAndCashEquivalentsAtCarryingValue@2026-06-30 192M;投資 0M = (無);經營租賃 0M;稀釋股數 31.9M(XBRL 未拆季 2026-04-01→2026-06-30)。",False,,淨現金,充裕,資料不足(缺收入或營業利潤),,True,False
ARDX,5.730000019073486,3.7799999713897705,-0.340314143314614,-0.3582884324069523,5.854575009346008,-0.3543510903258511,-0.0339601443361211,15475214.120960236,"ARDELYX, INC.",1437402,2834.0,Pharmaceutical Preparations,946912761.7178106,249187572.0,941929015.0306864,True,"ARDELYX, INC.",0001437402,2026-06-30,450894000.0,-35451000.0,97191000.0,184639000.0,251823000.0,4367000.0,0.0,-25640000.0,-17320000.0,599000.0,54661000.0,248067253.0,取數標籤:有息負債 252M = LongTermDebt@2026-06-30 252M(其中融資租賃 0M = (無));現金 97M = CashAndCashEquivalentsAtCarryingValue@2026-06-30 97M;投資 185M = AvailableForSaleSecuritiesDebtSecuritiesCurrent@2026-06-30 185M;經營租賃 4M;稀釋股數 248.1M(XBRL 未拆季 2026-04-01→2026-06-30)。,False,,淨現金,充裕,齊,,True,False
CYD,56.66573333740234,37.43000030517578,-0.3394597034100319,-0.3574339925023702,43.35995973587036,-0.1367611839775051,0.0294734522468171,5823603.951072693,CHINA YUCHAI INTERNATIONAL LTD,932695,3510.0,Engines & Turbines,1418192542.975792,37518322.0,1404310803.9096832,False,,,,,,,,,,,,,,,,,False,,,,,建帳失敗:ValueError: max() iterable argument is empty,True,False
PDYN,8.600000381469727,5.710000038146973,-0.3360465366431597,-0.354020825735498,6.200850005149841,-0.079158497076242,-0.0700247009053128,5789598.149466515,Palladyne AI Corp.,1826681,7372.0,Services-Prepackaged Software,267908100.83048344,49338510.0,281722893.9821148,True,Palladyne AI Corp.,0001826681,2026-06-30,11842000.0,-42711000.0,33774000.0,9972000.0,0.0,10557000.0,0.0,-33189000.0,-35196000.0,1509000.0,5696000.0,45986936.0,"警告:少數股東權益 的候選標籤(MinorityInterest)全部缺 asof(2026-06-30)前後 200 日內的資料,最新只到 2020-12-31,用這筆舊值代替 —— 可能失真,建議人手核對資產負債表。; 取數標籤:有息負債 0M = (無)(其中融資租賃 0M = (無));現金 34M = CashAndCashEquivalentsAtCarryingValue@2026-06-30 34M;投資 10M = MarketableSecuritiesCurrent@2026-06-30 10M;經營租賃 11M;稀釋股數 46.0M(XBRL 未拆季 2026-04-01→2026-06-30)。",False,,淨現金,充裕,齊,,True,False
ATS,29.5,19.649999618530277,-0.3338983180159229,-0.3518726071082612,28.29070004463196,-0.3054254724156683,-0.0280107164047317,4525883.035945892,ATS Corp /ATS,1394832,3569.0,"General Industrial Machinery & Equipment, NEC",1841797274.2253785,96885705.0,1903804066.2910368,False,,,,,,,,,,,,,,,,,False,,,,,建帳失敗:ValueError: max() iterable argument is empty,True,False
BTQ,4.539999961853027,3.025000095367432,-0.3337004139240652,-0.3516747030164034,4.050650000572205,-0.2532062520977836,-0.1836717949421999,7437722.293186188,BTQ Technologies Corp.,1821866,7370.0,"Services-Computer Programming, Data Processing, Etc.",,,,False,,,,,,,,,,,,,,,,,False,,,,,建帳失敗:FileNotFoundError: [Errno 2] No such file or directory: 'C:\\projects\\Karst\\data\\sec\\companyfacts\\CIK0001821866.json',True,False
BTDR,18.51000022888184,12.380000114440918,-0.3311723413636728,-0.349146630456011,11.99392498254776,0.032189223498974,-0.1248948543610146,138612205.4810524,Bitdeer Technologies Group,1899123,6199.0,Finance Services,2529829328.2464066,235552084.0,2916134826.8767967,False,,,,,,,,,,,,,,,,,False,,,,,建帳失敗:ValueError: max() iterable argument is empty,True,False
AMRC,34.599998474121094,23.149999618530277,-0.3309248370098858,-0.348899126102224,28.460750026702883,-0.1865991023845076,-0.0869804165479926,14070048.654937744,"Ameresco, Inc.",1488139,1700.0,Construction - Special Trade Contractors,,,,True,"Ameresco, Inc.",0001488139,2026-06-30,1915195000.0,124521000.0,138333000.0,0.0,1970733000.0,62485000.0,164343000.0,2009238000.0,-80974000.0,1199000.0,15052000.0,53835000.0,取數標籤:有息負債 1971M = LongTermDebtCurrent@2026-06-30 164M; LongTermDebtAndCapitalLeaseObligations@2026-06-30 1794M(其中融資租賃 12M = FinanceLeaseLiabilityCurrent@2026-06-30 1M+FinanceLeaseLiabilityNoncurrent@2026-06-30 11M);現金 138M = CashAndCashEquivalentsAtCarryingValue@2026-06-30 138M;投資 0M = (無);經營租賃 62M;稀釋股數 53.8M(XBRL 未拆季 2026-04-01→2026-06-30)。,False,,算不出(經營現金流不正),不足(現金投資 < 短債 ×2),齊,,True,False
RARE,22.850000381469727,15.300000190734863,-0.3304157577545407,-0.3483900468468789,25.996450028419492,-0.411458096239725,-0.040613738518881,52855406.35166168,Ultragenyx Pharmaceutical Inc.,1515673,2834.0,Pharmaceutical Preparations,2544578759.4778614,98588873.0,1508409775.7043352,True,ULTRAGENYX PHARMACEUTICAL INC.,0001515673,2026-06-30,717212000.0,-528173000.0,125000000.0,371000000.0,0.0,36000000.0,0.0,-460000000.0,-485000000.0,4000000.0,75081000.0,101900000.0,取數標籤:有息負債 0M = (無)(其中融資租賃 0M = (無));現金 125M = CashAndCashEquivalentsAtCarryingValue@2026-06-30 125M;投資 371M = AvailableForSaleSecuritiesDebtSecurities@2026-06-30 371M(合計標籤);經營租賃 36M;稀釋股數 101.9M(XBRL 未拆季 2026-04-01→2026-06-30)。,False,,淨現金,充裕,齊,,True,False
NB,6.130000114440918,4.130000114440918,-0.3262642679709654,-0.3442385570633036,5.396000021696091,-0.2346182175991243,-0.0990993789539675,13517703.708648682,NIOCORP DEVELOPMENTS LTD,1512228,1000.0,Metal Mining,582348192.0,145587048.0,601274524.9011154,False,,,,,,,,,,,,,,,,,False,,,,,建帳失敗:ValueError: max() iterable argument is empty,True,False
CLSK,18.809999465942383,12.6899995803833,-0.325358854828254,-0.3433331439205922,12.52642499446869,0.0130583615027306,-0.0570049821005759,281416842.05999374,"CLEANSPARK, INC.",827876,6199.0,Finance Services,2840396935.1447325,256817073.0,3259008548.6052675,True,"CleanSpark, Inc.",0000827876,2024-09-30,378968000.0,-149043000.0,121222000.0,0.0,65957000.0,1195000.0,0.0,-54070000.0,-233662000.0,102044.0,29555000.0,268426611.0,取數標籤:有息負債 66M = LoansPayableCurrent@2024-09-30 59M; LongTermDebt@2024-09-30 7M(其中融資租賃 0M = (無));現金 121M = CashAndCashEquivalentsAtCarryingValue@2024-09-30 121M;投資 0M = (無);經營租賃 1M;稀釋股數 268.4M(XBRL 未拆季 2026-01-01→2026-03-31)。,False,,淨現金,充裕,齊,,True,False
UNCY,7.599999904632568,5.159999847412109,-0.3210526431366348,-0.339026932228973,6.420550010204315,-0.1963305574738592,0.0073772422397104,4755855.958628655,"Unicycive Therapeutics, Inc.",1766140,2834.0,Pharmaceutical Preparations,140669053.16296864,27855257.0,143733121.8696251,True,"UNICYCIVE THERAPEUTICS, INC.",0001766140,2023-12-31,675000.0,-20775000.0,9701000.0,0.0,2200000.0,793000.0,0.0,-6708000.0,-18283000.0,0.0,1767000.0,26917266.0,"缺折舊攤銷標籤。; 警告:有息負債取不到任何資產負債表口徑的標籤,退用債務附註的本金總額 DebtInstrumentFaceAmount = 2M —— 本金不等於帳面值(未扣未攤銷折價與發行成本),可能高估。; 取數標籤:有息負債 2M = DebtInstrumentFaceAmount@2023-12-31 2M(債務附註本金)(其中融資租賃 0M = (無));現金 10M = CashCashEquivalentsRestrictedCashAndRestrictedCashEquivalents@2023-12-31 10M;投資 0M = (無);經營租賃 1M;稀釋股數 26.9M(XBRL 未拆季 2026-04-01→2026-06-30)。",False,,淨現金,充裕,齊,,True,False
PONY,10.789999961853027,7.349999904632568,-0.318813722834313,-0.3367880119266512,10.94172498703003,-0.3282594916848099,-0.160075636679488,24790616.79494381,Pony AI Inc.,1969302,7373.0,Services-Computer Integrated Systems Design,3043461693.790851,433541553.0,3186530373.204256,False,,,,,,,,,,,,,,,,,False,,,,,建帳失敗:ValueError: max() iterable argument is empty,True,False
LAES,3.549999952316284,2.4200000762939453,-0.3183098285071928,-0.336284117599531,3.366349990367889,-0.2811204767126792,-0.1517555302873542,35173500.99996328,SEALSQ Corp,1951222,3674.0,Semiconductors & Related Devices,457745078.4017856,191525129.0,463490826.7922077,False,,,,,,,,,,,,,,,,,False,,,,,建帳失敗:ValueError: max() iterable argument is empty,True,False
CC,22.19128799438477,15.300000190734863,-0.31054023567238,-0.3285145247647182,17.969382133483887,-0.1485516821290664,0.0273182322770721,37925204.70428467,Chemours Co,1627223,2800.0,Chemicals & Allied Products,2359824287.528648,150498995.0,2302634652.205405,False,,,,,,,,,,,,,,,,,False,,,,,"建帳失敗:RuntimeError: CC 缺 OperatingIncomeLoss,無法建模",True,False
HYMC,32.84000015258789,22.690000534057617,-0.3090742865824993,-0.3270485756748376,29.89914990901947,-0.2411155299364253,0.0914891121316316,40212951.37844086,HYCROFT MINING HOLDING CORP,1718405,1040.0,Gold and Silver Ores,2015519681.8288207,93181681.0,2114292391.6543863,True,HYCROFT MINING HOLDING CORPORATION,0001718405,2023-12-31,0.0,-45013000.0,106210000.0,0.0,147230000.0,33000.0,2330000.0,41053000.0,-41448000.0,1070000.0,2920000.0,91504140.0,取數標籤:有息負債 147M = LongTermDebtCurrent@2023-12-31 2M; LongTermDebt@2023-12-31 145M(其中融資租賃 0M = (無));現金 106M = CashAndCashEquivalentsAtCarryingValue@2023-12-31 106M;投資 0M = (無);經營租賃 0M;稀釋股數 91.5M(XBRL 未拆季 2026-04-01→2026-06-30)。,False,,算不出(經營現金流不正),充裕,資料不足(缺收入或營業利潤),,True,False
CGNT,12.239999771118164,8.470000267028809,-0.3080065011917033,-0.3259807902840416,8.884149947166442,-0.0466166918163875,0.0090069303829023,4610495.947360992,Cognyte Software Ltd.,1824814,7372.0,Services-Prepackaged Software,616781462.7750931,73078376.0,618973864.2340317,False,,,,,,,,,,,,,,,,,False,,,,,建帳失敗:ValueError: max() iterable argument is empty,True,False
TMQ,4.760000228881836,3.299999952316284,-0.3067227324290524,-0.3246970215213907,4.134450018405914,-0.2018285533444088,-0.0650947032049842,4483238.927149773,Trilogy Metals Inc.,1543418,1040.0,Gold and Silver Ores,578697874.1756921,172745639.0,570060600.462846,False,,,,,,,,,,,,,,,,,False,,,,,建帳失敗:ValueError: max() iterable argument is empty,True,False
TMC,6.360000133514404,4.440000057220459,-0.301886798111275,-0.3198610872036133,5.566899996995926,-0.2024286300065705,-0.0963467399364269,19112893.674325943,TMC the metals Co Inc.,1798562,1000.0,Metal Mining,1965258538.6540337,441135482.0,1958641565.3219748,True,TMC the metals Co Inc.,0001798562,2024-06-30,,-90754000.0,474000.0,8290000.0,5875000.0,0.0,0.0,-2889000.0,-51656000.0,918000.0,17995000.0,433243064.0,缺折舊攤銷標籤。; 取數標籤:有息負債 6M = ShortTermBorrowings@2024-06-30 6M(其中融資租賃 0M = (無));現金 0M = CashAndCashEquivalentsAtCarryingValue@2024-06-30 0M;投資 8M = LongTermInvestments@2024-06-30 8M;經營租賃 0M;稀釋股數 433.2M(XBRL 未拆季 2026-04-01→2026-06-30)。,False,,淨現金,充裕,資料不足(缺收入或營業利潤),,True,False
FCEL,21.309999465942383,14.949999809265137,-0.2984514226216566,-0.3164257117139948,13.423250002861025,0.1137392066808486,0.1929318141170175,193662821.57506943,FUELCELL ENERGY INC,886128,3620.0,Electrical Industrial Apparatus,1365617661.579979,79954196.0,1195315214.9499474,True,"FUELCELL ENERGY, INC.",0000886128,2026-07-31,154137000.0,-179186000.0,658082000.0,0.0,153581000.0,12645000.0,0.0,-484068000.0,-96301000.0,0.0,9903000.0,70405692.0,缺資本開支標籤。; 取數標籤:有息負債 154M = LongTermDebtAndCapitalLeaseObligationsIncludingCurrentMaturities@2026-07-31 154M(其中融資租賃 0M = (無));現金 658M = CashAndCashEquivalentsAtCarryingValue@2026-07-31 658M;投資 0M = (無);經營租賃 13M;稀釋股數 70.4M(XBRL 未拆季 2026-05-01→2026-07-31)。,False,,淨現金,充裕,齊,,True,False
GLUE,19.670000076293945,13.84000015258789,-0.2963904372696115,-0.3143647263619498,18.519600014686585,-0.2526836356286115,0.0667608085206645,21784466.613960262,"Monte Rosa Therapeutics, Inc.",1826457,2836.0,"Biological Products, (No Diagnostic Substances)",1220834804.1089275,85313401.0,1180737482.857792,True,"Monte Rosa Therapeutics, Inc.",0001826457,2026-06-30,28727000.0,-181854000.0,90104000.0,531000000.0,0.0,37987000.0,0.0,-583117000.0,-24069000.0,8009000.0,20592000.0,101478945.0,取數標籤:有息負債 0M = (無)(其中融資租賃 0M = (無));現金 90M = CashAndCashEquivalentsAtCarryingValue@2026-06-30 90M;投資 531M = MarketableSecurities@2026-06-30 531M(合計標籤);經營租賃 38M;稀釋股數 101.5M(XBRL 未拆季 2026-04-01→2026-06-30)。,False,,淨現金,充裕,齊,,True,False
LCID,6.650000095367432,4.679999828338623,-0.2962406374100902,-0.3142149265024284,8.474175007343293,-0.4477338709333744,-0.2168996614860143,62700963.80319595,"Lucid Group, Inc.",1811210,3711.0,Motor Vehicles & Passenger Car Bodies,1793019375.9629211,394070176.0,1844248356.033371,True,"Lucid Group, Inc.",0001811210,2026-06-30,1547122000.0,-4078426000.0,732601000.0,42903000.0,3361430000.0,295239000.0,707142000.0,2881165000.0,-4080948000.0,1031248000.0,295080000.0,382098609.0,取數標籤:有息負債 3361M = DebtLongtermAndShorttermCombinedAmount@2026-06-30 3254M(其中融資租賃 108M = FinanceLeaseLiabilityCurrent@2026-06-30 5M+FinanceLeaseLiabilityNoncurrent@2026-06-30 103M);現金 733M = CashAndCashEquivalentsAtCarryingValue@2026-06-30 733M;投資 43M = ShortTermInvestments@2026-06-30 29M+LongTermInvestments@2026-06-30 14M;經營租賃 295M;稀釋股數 382.1M(XBRL 未拆季 2026-04-01→2026-06-30)。,False,,算不出(經營現金流不正),不足(現金投資 < 短債 ×2),齊,,True,False
ECHO,127.41999816894533,89.80000305175781,-0.2952440406356575,-0.3132183297279958,107.66784984588622,-0.1659534096733994,0.0199334002764985,445005149.4903565,EchoStar CORP,1415404,4899.0,"Communications Services, NEC",,,,True,EchoStar Corporation,0001415404,2026-06-30,14653925000.0,-16515821000.0,439988000.0,163634000.0,17556344000.0,143523000.0,0.0,17142551000.0,-85317000.0,639864000.0,43512000.0,351622000.0,取數標籤:有息負債 17556M = LongTermDebtAndCapitalLeaseObligationsCurrent@2026-06-30 1446M; LongTermDebtAndCapitalLeaseObligations@2026-06-30 15985M(其中融資租賃 125M = FinanceLeaseLiabilityCurrent@2026-06-30 11M+FinanceLeaseLiabilityNoncurrent@2026-06-30 113M);現金 440M = CashAndCashEquivalentsAtCarryingValue@2026-06-30 440M;投資 164M = MarketableSecurities@2026-06-30 164M(合計標籤);經營租賃 144M;稀釋股數 351.6M(XBRL 未拆季 2026-04-01→2026-06-30)。,False,,算不出(經營現金流不正),充裕,齊,,True,False
CCB,71.33999633789062,50.33000183105469,-0.2945051245492839,-0.3124794136416221,81.7364001083374,-0.3842400477101407,-0.1041943624909257,8401007.53993988,COASTAL FINANCIAL CORP,1437958,6022.0,State Commercial Banks,741692593.0375252,15286327.0,769360865.9001007,False,,,,,,,,,,,,,,,,,False,,,,,建帳失敗:ValueError: max() iterable argument is empty,True,False
ONON,39.630001068115234,27.989999771118164,-0.2937169059619876,-0.3116911950543258,39.59619998931885,-0.2931139912752102,-0.0330841705394822,171347201.62963867,On Holding AG,1858985,3021.0,Rubber & Plastics Footwear,8232297942.792164,296873353.0,8309485082.521082,False,,,,,,,,,,,,,,,,,False,,,,,建帳失敗:ValueError: max() iterable argument is empty,True,False
MNSO,13.529999732971191,9.5600004196167,-0.2934219801704815,-0.3113962692628197,15.427637825012209,-0.38033284628205,-0.1036205456235648,7683070.147609711,MINISO Group Holding Ltd,1815846,5331.0,Retail-Variety Stores,11831114051.422596,1237564177.0,11831114051.422596,False,,,,,,,,,,,,,,,,,False,,,,,建帳失敗:ValueError: max() iterable argument is empty,True,False
HUT,132.3800048828125,93.54499816894533,-0.2933600640689303,-0.3113343531612685,75.12112489700317,0.2452555562393759,0.1342166159215791,427513569.184494,Hut 8 Corp.,1964789,6199.0,Finance Services,9561236895.144196,123259468.0,11530306708.365171,True,Hut 8 Corp.,0001964789,2026-06-30,317953000.0,-938903000.0,233579000.0,0.0,7735104000.0,30402000.0,0.0,7843337000.0,-89435000.0,0.0,148482000.0,118483238.0,"缺折舊攤銷標籤。; 缺資本開支標籤。; 警告:有息負債取不到任何資產負債表口徑的標籤,退用債務附註的本金總額 DebtInstrumentCarryingAmount = 7735M —— 本金不等於帳面值(未扣未攤銷折價與發行成本),可能高估。; 取數標籤:有息負債 7735M = DebtInstrumentCarryingAmount@2026-06-30 7735M(債務附註本金)(其中融資租賃 0M = (無));現金 234M = CashAndCashEquivalentsAtCarryingValue@2026-06-30 234M;投資 0M = (無);經營租賃 30M;稀釋股數 118.5M(XBRL 未拆季 2026-04-01→2026-06-30)。",False,,算不出(經營現金流不正),充裕,齊,,True,False
AVAV,204.08999633789065,144.64999389648438,-0.2912440761819487,-0.3092183652742869,212.46820014953613,-0.319192265973548,-0.1490908456277185,188672665.7775879,AeroVironment Inc,1368622,3721.0,Aircraft,7357901450.81131,50608030.0,7320451230.613098,True,"AEROVIRONMENT, INC.",0001368622,2026-04-30,1976845000.0,-310995000.0,377325000.0,336100000.0,747500000.0,105822000.0,0.0,139897000.0,-78404000.0,62544000.0,38334000.0,49087346.0,"警告:少數股東權益 的候選標籤(MinorityInterest)全部缺 asof(2026-04-30)前後 200 日內的資料,最新只到 2022-07-30,用這筆舊值代替 —— 可能失真,建議人手核對資產負債表。; 取數標籤:有息負債 748M = LongTermDebt@2026-04-30 748M(其中融資租賃 0M = (無));現金 377M = CashAndCashEquivalentsAtCarryingValue@2026-04-30 377M;投資 336M = ShortTermInvestments@2026-04-30 255M+LongTermInvestments@2026-04-30 81M;經營租賃 106M;稀釋股數 49.1M(XBRL 未拆季 2025-05-01→2026-04-30)。",False,,算不出(經營現金流不正),充裕,齊,,True,False
STRO,28.25,20.06999969482422,-0.2895575329265764,-0.3075318220189146,22.25610002040863,-0.0982247708978563,0.1191855102698435,6240475.995063782,"SUTRO BIOPHARMA, INC.",1382101,2836.0,"Biological Products, (No Diagnostic Substances)",345219975.1598282,16581171.0,332784096.9098282,True,"SUTRO BIOPHARMA, INC.",0001382101,2026-06-30,45702000.0,-146052000.0,54335000.0,162672000.0,0.0,10783000.0,0.0,-206224000.0,-145173000.0,2195000.0,6779000.0,16571602.0,取數標籤:有息負債 0M = (無)(其中融資租賃 0M = (無));現金 54M = CashAndCashEquivalentsAtCarryingValue@2026-06-30 54M;投資 163M = AvailableForSaleSecuritiesDebtSecurities@2026-06-30 163M(合計標籤);經營租賃 11M;稀釋股數 16.6M(XBRL 未拆季 2026-04-01→2026-06-30)。,False,,淨現金,充裕,齊,,True,False
STLA,7.820000171661377,5.559999942779541,-0.2890025804694699,-0.3069768695618081,7.815199997425079,-0.288565878722051,-0.1066816712461686,113035558.80565643,Stellantis N.V.,1605484,3711.0,Motor Vehicles & Passenger Car Bodies,15501534822.27447,2897483196.0,16110006403.964682,False,,,,,,,,,,,,,,,,,False,,,,,建帳失敗:ValueError: max() iterable argument is empty,True,False
VOYG,47.4900016784668,33.939998626708984,-0.2853232801190178,-0.3032975692113561,30.865349960327148,0.0996148972985513,0.0210415764834657,56056014.11361694,"Voyager Technologies, Inc./TX",1788060,3760.0,Guided Missiles & Space Vehicles & Parts,,,,True,"Voyager Technologies, Inc./TX",0001788060,2026-06-30,174230000.0,-154127000.0,373436000.0,0.0,448903000.0,42162000.0,0.0,168497000.0,-114067000.0,173460000.0,13520000.0,58521968.0,取數標籤:有息負債 449M = ConvertibleDebtNoncurrent@2026-06-30 449M(其中融資租賃 0M = (無));現金 373M = CashAndCashEquivalentsAtCarryingValue@2026-06-30 373M;投資 0M = (無);經營租賃 42M;稀釋股數 58.5M(XBRL 未拆季 2026-04-01→2026-06-30)。,False,,算不出(經營現金流不正),充裕,齊,,True,False
SG,9.56999969482422,6.840000152587891,-0.2852664189438589,-0.3032407080361972,6.804749987125397,0.0051802293293929,-0.0161929408746822,37076723.97685051,"Sweetgreen, Inc.",1477815,5812.0,Retail-Eating  Places,,,,True,"SWEETGREEN, INC.",0001477815,2026-06-28,681770000.0,-146114000.0,142631000.0,0.0,0.0,355395000.0,0.0,212764000.0,-27636000.0,88681000.0,29236000.0,118898524.0,取數標籤:有息負債 0M = (無)(其中融資租賃 0M = (無));現金 143M = CashAndCashEquivalentsAtCarryingValue@2026-06-28 143M;投資 0M = (無);經營租賃 355M;稀釋股數 118.9M(XBRL 未拆季 2026-03-30→2026-06-28)。,False,,算不出(經營現金流不正),充裕,齊,,True,False
RILY,9.81999969482422,7.03000020980835,-0.2841140093401816,-0.3020882984325198,7.2570500087738035,-0.0312867899064978,0.0410219687752166,4116900.946378708,"BRC Group Holdings, Inc.",1464790,6282.0,Investment Advice,271348346.25,40199755.0,282604286.08424425,True,"BRC Group Holdings, Inc.",0001464790,2026-06-30,771500000.0,317366000.0,154112000.0,0.0,31316000.0,0.0,0.0,-63730000.0,-14453000.0,3461000.0,11034000.0,38422185.0,"警告:短期經營租賃負債 的候選標籤(OperatingLeaseLiabilityCurrent)全部缺 asof(2026-06-30)前後 200 日內的資料,最新只到 2021-12-31,用這筆舊值代替 —— 可能失真,建議人手核對資產負債表。; 取數標籤:有息負債 31M = LinesOfCreditCurrent@2026-06-30 31M(其中融資租賃 0M = (無));現金 154M = CashAndCashEquivalentsAtCarryingValue@2026-06-30 154M;投資 0M = (無);經營租賃 0M;稀釋股數 38.4M(XBRL 未拆季 2026-04-01→2026-06-30)。",False,,淨現金,充裕,齊,,True,False
DBVT,18.799999237060547,13.470000267028809,-0.2835105950177211,-0.3014848841100593,18.14685001373291,-0.2577224004807898,-0.0105497009687144,3592864.132785797,DBV Technologies S.A.,1613780,2836.0,"Biological Products, (No Diagnostic Substances)",4029396872.525352,296061497.0,3987948443.646949,True,DBV Technologies S.A.,0001613780,2026-06-30,5019000.0,-177828000.0,174900000.0,0.0,0.0,7700000.0,0.0,-167200000.0,-169281000.0,1332000.0,8487000.0,433535486.0,缺折舊攤銷標籤。; 取數標籤:有息負債 0M = (無)(其中融資租賃 0M = (無));現金 175M = CashAndCashEquivalentsAtCarryingValue@2026-06-30 175M;投資 0M = (無);經營租賃 8M;稀釋股數 433.5M(XBRL 未拆季 2026-04-01→2026-06-30)。,False,,淨現金,充裕,齊,,True,False
NRGV,5.349999904632568,3.839999914169312,-0.2822429939028124,-0.3002172829951506,4.088700006008148,-0.0608262018424887,-0.0096909994221813,14941985.294377804,"Energy Vault Holdings, Inc.",1828536,3690.0,"Miscellaneous Electrical Machinery, Equipment & Supplies",594615390.4316854,181839570.0,698263933.1925845,True,"ENERGY VAULT HOLDINGS, INC.",0001828536,2025-03-31,46974000.0,-126262000.0,17822000.0,6816000.0,26304000.0,2177000.0,13303000.0,3742000.0,-59537000.0,56868000.0,38301000.0,178394000.0,取數標籤:有息負債 26M = LongTermDebtCurrent@2025-03-31 13M; LongTermDebtNoncurrent@2025-03-31 13M(其中融資租賃 0M = FinanceLeaseLiabilityCurrent@2025-03-31 0M+FinanceLeaseLiabilityNoncurrent@2025-03-31 0M);現金 18M = CashAndCashEquivalentsAtCarryingValue@2025-03-31 18M;投資 7M = ShortTermInvestments@2025-03-31 3M+LongTermInvestments@2025-03-31 3M;經營租賃 2M;稀釋股數 178.4M(XBRL 未拆季 2026-04-01→2026-06-30)。,False,,算不出(經營現金流不正),不足(現金投資 < 短債 ×2),齊,,True,False
SLNH,1.6699999570846558,1.2000000476837158,-0.2814370787298856,-0.2994113678222239,1.2978999996185303,-0.0754295030153237,-0.1856379560632804,14031029.81878519,"Soluna Holdings, Inc",64463,6199.0,Finance Services,256820092.08701253,244590575.0,293508701.6629875,True,"SOLUNA HOLDINGS, INC.",0000064463,2026-06-30,36548000.0,-53450000.0,131289000.0,0.0,34911000.0,4384000.0,30103000.0,-37540000.0,-19431000.0,29758000.0,26479000.0,130975761.0,現金標籤退用前綴比對:CashCashEquivalentsRestrictedCashAndRestrictedCashEquivalentsIncludingDisposalGroupAndDiscontinuedOperations@2026-06-30 = 131M(三個標準標籤都對不上).; 取數標籤:有息負債 35M = LongTermDebtCurrent@2026-06-30 30M; LongTermDebtNoncurrent@2026-06-30 3M(其中融資租賃 2M = FinanceLeaseLiabilityCurrent@2026-06-30 0M+FinanceLeaseLiabilityNoncurrent@2026-06-30 2M);現金 131M = CashCashEquivalentsRestrictedCashAndRestrictedCashEquivalentsIncludingDisposalGroupAndDiscontinuedOperations@2026-06-30 131M;投資 0M = (無);經營租賃 4M;稀釋股數 131.0M(XBRL 未拆季 2026-04-01→2026-06-30)。,False,,淨現金,充裕,齊,,True,False
CLBT,15.869999885559082,11.449999809265137,-0.2785129242701462,-0.2964872133624844,14.69482493877411,-0.2208141398777131,-0.04998007142531,24530730.953216556,Cellebrite DI Ltd.,1854587,7372.0,Services-Prepackaged Software,2955861926.6037397,249439817.0,2856085857.0731306,False,,,,,,,,,,,,,,,,,False,,,,,建帳失敗:ValueError: max() iterable argument is empty,True,False
CSIQ,18.299999237060547,13.220000267028809,-0.2775955837060306,-0.2955698727983689,17.899799962043762,-0.261444245462988,-0.0497770688769199,30229339.78319168,Canadian Solar Inc.,1375877,3674.0,Semiconductors & Related Devices,858476311.4129944,67810136.0,896450016.0272598,False,,,,,,,,,,,,,,,,,False,,,,,建帳失敗:ValueError: max() iterable argument is empty,True,False
ASYS,20.649999618530277,14.949999809265137,-0.2760290515526326,-0.2940033406449708,15.29464996099472,-0.0225340333128597,0.0961962551522046,6966935.850048065,AMTECH SYSTEMS INC,720500,3559.0,"Special Industry Machinery, NEC",255618281.27881053,17508101.0,261746106.61059475,True,"AMTECH SYSTEMS, INC.",0000720500,2018-09-30,176426000.0,6072000.0,45897000.0,0.0,8334000.0,0.0,350000.0,-37563000.0,-13768000.0,1495000.0,876000.0,16040000.0,"警告:少數股東權益 的候選標籤(MinorityInterest)全部缺 asof(2018-09-30)前後 200 日內的資料,最新只到 2017-09-30,用這筆舊值代替 —— 可能失真,建議人手核對資產負債表。; 取數標籤:有息負債 8M = LongTermDebt@2018-09-30 8M(其中融資租賃 0M = (無));現金 46M = CashAndCashEquivalentsAtCarryingValue@2018-09-30 46M;投資 0M = (無);經營租賃 0M;稀釋股數 16.0M(XBRL 未拆季 2026-04-01→2026-06-30)。",False,,淨現金,充裕,齊,,True,False
INFQ,17.690000534057617,12.850000381469728,-0.2736009048315004,-0.2915751939238387,,,,114002491.99385644,"Infleqtion, Inc.",2007825,7374.0,Services-Computer Processing & Data Preparation,2859780895.3164177,225357052.0,2895838204.166893,True,"INFLEQTION, INC.",0002007825,2026-06-30,41081000.0,-81992530.0,59285000.0,522453000.0,0.0,14527000.0,0.0,-567211000.0,-20392000.0,0.0,22246000.0,219743810.0,缺資本開支標籤。; 取數標籤:有息負債 0M = (無)(其中融資租賃 0M = (無));現金 59M = CashAndCashEquivalentsAtCarryingValue@2026-06-30 59M;投資 522M = AvailableForSaleSecuritiesDebtSecuritiesCurrent@2026-06-30 418M+AvailableForSaleSecuritiesDebtSecuritiesNoncurrent@2026-06-30 105M;經營租賃 15M;稀釋股數 219.7M(XBRL 未拆季 2026-04-01→2026-06-30)。,False,,淨現金,充裕,齊,,True,False
SOUN,9.25,6.739999771118164,-0.2713513760953336,-0.2893256651876719,8.339750001430511,-0.1918223244147537,-0.1805491339651391,190380914.07809255,"SOUNDHOUND AI, INC.",1840856,7372.0,Services-Prepackaged Software,,,,True,"SOUNDHOUND AI, INC.",0001840856,2022-09-30,29645000.0,-95758000.0,33412000.0,0.0,22855000.0,9517000.0,0.0,-1040000.0,-88685000.0,1590000.0,21773000.0,438648450.0,取數標籤:有息負債 23M = LongTermNotesPayable@2022-09-30 23M(其中融資租賃 0M = FinanceLeaseLiabilityCurrent@2022-09-30 0M+FinanceLeaseLiabilityNoncurrent@2022-09-30 0M);現金 33M = CashAndCashEquivalentsAtCarryingValue@2022-09-30 33M;投資 0M = (無);經營租賃 10M;稀釋股數 438.6M(XBRL 未拆季 2026-04-01→2026-06-30)。,False,,淨現金,充裕,齊,,True,False
IE,13.6899995803833,9.989999771118164,-0.2702702646219908,-0.288244553714329,13.202750024795533,-0.2433394745521681,-0.0581947703137548,19200907.69329071,Ivanhoe Electric Inc.,1879016,1000.0,Metal Mining,1600690255.1548033,159590259.0,1594306650.8826883,True,Ivanhoe Electric Inc.,0001879016,2026-06-30,3023000.0,14344000.0,256878000.0,0.0,0.0,1463000.0,0.0,-250659000.0,-106006000.0,769000.0,11044000.0,158352357.0,取數標籤:有息負債 0M = (無)(其中融資租賃 0M = (無));現金 257M = CashAndCashEquivalentsAtCarryingValue@2026-06-30 257M;投資 0M = (無);經營租賃 1M;稀釋股數 158.4M(XBRL 未拆季 2026-04-01→2026-06-30)。,False,,淨現金,充裕,齊,,True,False
COCO,75.0,55.130001068115234,-0.2649333190917968,-0.2829076081841351,61.02432495117188,-0.0965897433158489,0.0769212401325527,68225209.53598022,"Vita Coco Company, Inc.",1482981,2080.0,Beverages,3332474659.742897,57397082.0,3164301191.9666977,True,"The Vita Coco Company, Inc.",0001482981,2021-09-30,,49669000.0,35910000.0,0.0,37585000.0,0.0,0.0,1698000.0,-14615000.0,296000.0,1920000.0,60642797.0,缺折舊攤銷標籤。; 取數標籤:有息負債 38M = NotesPayableCurrent@2021-09-30 4M; LongTermNotesPayable@2021-09-30 26M+LongTermLineOfCredit@2021-09-30 8M(其中融資租賃 0M = (無));現金 36M = CashAndCashEquivalentsAtCarryingValue@2021-09-30 36M;投資 0M = (無);經營租賃 0M;稀釋股數 60.6M(XBRL 未拆季 2026-04-01→2026-06-30)。,False,,算不出(經營現金流不正),充裕,資料不足(缺收入或營業利潤),,True,False
EVLV,6.789999961853027,5.0,-0.2636229708261334,-0.2815972599184716,6.041725018024445,-0.1724217859827512,-0.0574228761586311,10071826.98981762,"Evolv Technologies Holdings, Inc.",1805385,3577.0,"Computer Peripheral Equipment, NEC",916498288.3958788,181126146.0,905630730.0,True,"Evolv Technologies Holdings, Inc.",0001805385,2021-06-30,,-32499000.0,9963000.0,0.0,0.0,0.0,0.0,-9963000.0,,0.0,0.0,180103260.0,"companyfacts 沒有可用的股權薪酬季度標籤,SBC 當 0 處理 —— 這會高估自由現金流。; 缺資本開支標籤。; 取數標籤:有息負債 0M = (無)(其中融資租賃 0M = (無));現金 10M = CashAndCashEquivalentsAtCarryingValue@2021-06-30 10M;投資 0M = (無);經營租賃 0M;稀釋股數 180.1M(XBRL 未拆季 2026-04-01→2026-06-30)。",False,,淨現金,充裕,資料不足(缺收入或營業利潤),,True,False
SLDP,3.4100000858306885,2.515000104904175,-0.2624633309088285,-0.2804376200011668,3.4645499980449674,-0.2740759676369572,-0.1680002249163382,8448707.878684998,"Solid Power, Inc.",1844862,3690.0,"Miscellaneous Electrical Machinery, Equipment & Supplies",531662206.5511551,228181212.0,573875772.1171618,True,"SOLID POWER, INC.",0001844862,2026-03-31,14893000.0,-103150000.0,31509000.0,404899000.0,215000.0,7763000.0,0.0,-428430000.0,-65855000.0,9526000.0,9866000.0,225974899.0,取數標籤:有息負債 0M = (無)(其中融資租賃 0M = FinanceLeaseLiability@2026-03-31 0M);現金 32M = CashAndCashEquivalentsAtCarryingValue@2026-03-31 32M;投資 405M = MarketableSecuritiesCurrent@2026-03-31 224M+LongTermInvestments@2026-03-31 181M;經營租賃 8M;稀釋股數 226.0M(XBRL 未拆季 2026-04-01→2026-06-30)。,False,,淨現金,充裕,齊,,True,False
IBM,318.1378479003906,234.88999938964844,-0.2616722564138524,-0.2796465455061906,258.9958293914795,-0.0930742014590297,-0.0426039164024446,1772080307.2052002,INTERNATIONAL BUSINESS MACHINES CORP,51143,3570.0,Computer & office Equipment,218009892095.6681,942134390.0,221297946292.0668,False,,,,,,,,,,,,,,,,,False,,,,,"建帳失敗:RuntimeError: IBM 缺 OperatingIncomeLoss,無法建模",True,False
CIFR,24.01000022888184,17.739999771118164,-0.2611412077464886,-0.2791154968388268,18.377725014686582,-0.0347009895435252,0.0023640583390072,578230971.1979866,Cipher Digital Inc.,1819989,6199.0,Finance Services,6063598705.93051,415030722.0,7362644913.287006,True,Cipher Digital Inc.,0001819989,2026-06-30,191093000.0,-531337000.0,831829000.0,0.0,5546620000.0,40180000.0,94484000.0,4754971000.0,-256490000.0,1233937000.0,90736000.0,409382093.0,取數標籤:有息負債 5547M = LongTermDebtCurrent@2026-06-30 94M; LongTermDebtNoncurrent@2026-06-30 5447M(其中融資租賃 5M = FinanceLeaseLiabilityCurrent@2026-06-30 4M+FinanceLeaseLiabilityNoncurrent@2026-06-30 1M);現金 832M = CashAndCashEquivalentsAtCarryingValue@2026-06-30 832M;投資 0M = (無);經營租賃 40M;稀釋股數 409.4M(XBRL 未拆季 2026-04-01→2026-06-30)。,False,,算不出(經營現金流不正),充裕,齊,,True,False
INDI,4.869999885559082,3.5999999046325684,-0.2607802896859239,-0.2787545787782621,3.804450013637543,-0.0537397280216842,-0.0470085353019785,18340316.000902653,"indie Semiconductor, Inc.",1841925,3674.0,Semiconductors & Related Devices,,,,True,"indie Semiconductor, Inc.",0001841925,2026-06-30,231149000.0,-146240000.0,138975000.0,0.0,416065000.0,15231000.0,12324000.0,319811000.0,-71518000.0,12232000.0,69951000.0,212010301.0,缺折舊攤銷標籤。; 取數標籤:有息負債 416M = DebtLongtermAndShorttermCombinedAmount@2026-06-30 416M(其中融資租賃 0M = (無));現金 139M = CashAndCashEquivalentsAtCarryingValue@2026-06-30 139M;投資 0M = (無);經營租賃 15M;稀釋股數 212.0M(XBRL 未拆季 2026-04-01→2026-06-30)。,False,,算不出(經營現金流不正),充裕,齊,,True,False
KOPN,5.769999980926514,4.28000020980835,-0.258232196887964,-0.2762064859803023,3.450099999308586,0.2405438134158659,0.0616197435388481,18003500.528490543,KOPIN CORP,771266,3674.0,Semiconductors & Related Devices,782523712.0304775,185872614.0,795534826.9176264,True,KOPIN CORP,0000771266,2026-06-27,43616160.0,-9975324.0,24876516.0,0.0,0.0,1162596.0,0.0,-23713920.0,-13108218.0,6345569.0,2979035.0,192102222.0,"缺折舊攤銷標籤。; 警告:少數股東權益 的候選標籤(MinorityInterest)全部缺 asof(2026-06-27)前後 200 日內的資料,最新只到 2022-12-31,用這筆舊值代替 —— 可能失真,建議人手核對資產負債表。; 取數標籤:有息負債 0M = (無)(其中融資租賃 0M = (無));現金 25M = CashAndCashEquivalentsAtCarryingValue@2026-06-27 25M;投資 0M = (無);經營租賃 1M;稀釋股數 192.1M(XBRL 未拆季 2026-03-29→2026-06-27)。",False,,淨現金,充裕,齊,,True,False
AMBQ,77.4000015258789,57.45000076293945,-0.2577519427602223,-0.2757262318525605,47.59080002784729,0.2071661062500136,0.1671165060998525,34405939.12162781,"Ambiq Micro, Inc.",1500412,3674.0,Semiconductors & Related Devices,1385773894.348663,24184536.0,1389401611.651337,True,"Ambiq Micro, Inc.",0001500412,2026-06-30,97870000.0,-42421000.0,366774000.0,0.0,0.0,4583000.0,0.0,-362191000.0,-29819000.0,0.0,12138000.0,21742929.0,缺折舊攤銷標籤。; 缺資本開支標籤。; 取數標籤:有息負債 0M = (無)(其中融資租賃 0M = (無));現金 367M = CashAndCashEquivalentsAtCarryingValue@2026-06-30 367M;投資 0M = (無);經營租賃 5M;稀釋股數 21.7M(XBRL 未拆季 2026-04-01→2026-06-30)。,False,,淨現金,充裕,齊,,True,False
UPB,8.079999923706055,6.010000228881836,-0.2561880834616111,-0.2741623725539494,13.894674980640412,-0.5674601790070204,-0.1739979136058718,3993456.982278824,"Upstream Bio, Inc.",2022626,2834.0,Pharmaceutical Preparations,358750328.996747,54771041.0,329173968.9460964,True,"UPSTREAM BIO, INC.",0002022626,2026-06-30,3158000.0,-169984000.0,79397000.0,181910000.0,0.0,954000.0,0.0,-260353000.0,-136344000.0,303000.0,14101000.0,54567976.0,取數標籤:有息負債 0M = (無)(其中融資租賃 0M = (無));現金 79M = CashAndCashEquivalentsAtCarryingValue@2026-06-30 79M;投資 182M = ShortTermInvestments@2026-06-30 182M;經營租賃 1M;稀釋股數 54.6M(XBRL 未拆季 2026-04-01→2026-06-30)。,False,,淨現金,充裕,齊,,True,False
ENLT,105.22000122070312,78.91999816894531,-0.2499525066207946,-0.2679267957131328,72.61837490081787,0.0867772554361647,0.1411615660214964,17277233.876037598,Enlight Renewable Energy Ltd.,1922641,4911.0,Electric Services,9900793092.394066,132133899.0,10428007067.135605,False,,,,,,,,,,,,,,,,,False,,,,,建帳失敗:ValueError: max() iterable argument is empty,True,False
BIDU,132.39999389648438,99.47000122070312,-0.2487159682312919,-0.2666902573236301,122.71660003662107,-0.1894332047089042,-0.0363032326330629,218369667.6708221,"Baidu, Inc.",1329099,7370.0,"Services-Computer Programming, Data Processing, Etc.",,,,False,,,,,,,,,,,,,,,,,False,,,,,"建帳失敗:RuntimeError: BIDU 缺 OperatingIncomeLoss,無法建模",True,False
DQ,16.3799991607666,12.3100004196167,-0.2484736843514845,-0.2664479734438227,20.87085001945496,-0.4101821244395021,-0.1293284398782108,12256723.341464996,DAQO NEW ENERGY CORP.,1477641,3674.0,Semiconductors & Related Devices,4384765677.546291,338330684.0,4164850862.009205,False,,,,,,,,,,,,,,,,,False,,,,,"建帳失敗:RuntimeError: DQ 缺 OperatingIncomeLoss,無法建模",True,False
FIP,4.534110069274902,3.4100000858306885,-0.2479229586995849,-0.2658972477919231,4.827219932079315,-0.2935892431232488,-0.0435688086754748,4020068.070840836,FTAI Infrastructure Inc.,1899883,4011.0,"Railroads, Line-Haul Operating",399454284.58482647,118181737.0,402999733.3136199,False,,,,,,,,,,,,,,,,,False,,,,,"建帳失敗:RuntimeError: FIP 缺 OperatingIncomeLoss,無法建模",True,False
IQ,1.1699999570846558,0.8799999952316284,-0.2478632243505666,-0.2658375134429048,1.4617249962687493,-0.3979715764059947,-0.1187915250495901,7598189.414215088,"iQIYI, Inc.",1722608,7841.0,Services-Video Tape Rental,,,,False,,,,,,,,,,,,,,,,,False,,,,,"建帳失敗:RuntimeError: IQ 缺 OperatingIncomeLoss,無法建模",True,False
SMR,12.890000343322754,9.699999809265137,-0.2474787004726569,-0.2654529895649952,13.013200011253357,-0.254603033775173,-0.2834629077238978,281435573.6646652,NUSCALE POWER Corp,1822966,3443.0,Fabricated Plate Work (Boiler Shops),,,,True,NUSCALE POWER Corp,0001822966,2026-06-30,10690000.0,-732689000.0,766460000.0,1126537000.0,0.0,6692000.0,0.0,-1933957000.0,-776363000.0,2461000.0,21215000.0,364523356.0,取數標籤:有息負債 0M = (無)(其中融資租賃 0M = (無));現金 766M = CashAndCashEquivalentsAtCarryingValue@2026-06-30 766M;投資 1127M = ShortTermInvestments@2026-06-30 306M+LongTermInvestments@2026-06-30 821M;經營租賃 7M;稀釋股數 364.5M(XBRL 未拆季 2026-04-01→2026-06-30)。,False,,淨現金,充裕,齊,,True,False
KTOS,63.4900016784668,47.81999969482422,-0.2468105460604704,-0.2647848351528087,71.61184993743896,-0.3322334259399752,-0.0859290772208694,182630931.5591812,"KRATOS DEFENSE & SECURITY SOLUTIONS, INC.",1069258,3760.0,Guided Missiles & Space Vehicles & Parts,9262170302.824,187721327.0,8976833799.851997,True,"KRATOS DEFENSE & SECURITY SOLUTIONS, INC.",0001069258,2026-06-28,1522500000.0,18400000.0,1437600000.0,0.0,139900000.0,53700000.0,0.0,-1244000000.0,-39600000.0,89300000.0,49500000.0,190100000.0,"警告:少數股東權益 的候選標籤(MinorityInterest)全部缺 asof(2026-06-28)前後 200 日內的資料,最新只到 2025-03-30,用這筆舊值代替 —— 可能失真,建議人手核對資產負債表。; 取數標籤:有息負債 140M = (無)(其中融資租賃 140M = FinanceLeaseLiabilityCurrent@2026-06-28 5M+FinanceLeaseLiabilityNoncurrent@2026-06-28 135M);現金 1438M = CashAndCashEquivalentsAtCarryingValue@2026-06-28 1438M;投資 0M = (無);經營租賃 54M;稀釋股數 190.1M(XBRL 未拆季 2026-03-30→2026-06-28)。",False,,淨現金,充裕,齊,,True,False
NRXP,4.619999885559082,3.490000009536743,-0.2445887238124019,-0.2625630129047401,2.8476000010967253,0.2255934851076708,0.0467629863163863,3093311.532533169,"NRX Pharmaceuticals, Inc.",1719406,2834.0,Pharmaceutical Preparations,148937440.95740366,43295767.0,151102227.2429006,True,"NRX Pharmaceuticals, Inc.",0001719406,2026-06-30,3394000.0,-19895000.0,26686000.0,0.0,412000.0,0.0,0.0,-26274000.0,-19774000.0,0.0,439000.0,8852286.0,缺資本開支標籤。; 取數標籤:有息負債 0M = LoansPayableCurrent@2026-06-30 0M(其中融資租賃 0M = (無));現金 27M = CashAndCashEquivalentsAtCarryingValue@2026-06-30 27M;投資 0M = (無);經營租賃 0M;稀釋股數 8.9M(XBRL 未拆季 2024-01-01→2024-03-31)。,False,,淨現金,充裕,齊,,True,False
EU,1.6399999856948853,1.2400000095367432,-0.2439024266141428,-0.2618767157064811,1.9779499995708465,-0.3730882935333125,-0.15145109688031,3448221.4105010037,enCore Energy Corp.,1500881,1090.0,Miscellaneous Metal Ores,231194366.60684636,194280971.0,240908405.8928077,True,ENCORE ENERGY CORP.,0001500881,2026-06-30,55248000.0,-50401000.0,21811000.0,0.0,110458000.0,3211000.0,0.0,115111000.0,-49865000.0,19997000.0,7149000.0,194233452.0,"警告:有息負債取自 LongTermDebt = 110M,但申報歷史裡沒有一個結算日可以判斷它是「全部有息負債的總額」還是「資產負債表非流動那一行」。當成總額處理;若實為非流動,流動到期部分會漏計。; 取數標籤:有息負債 110M = LongTermDebt@2026-06-30 110M(其中融資租賃 0M = (無));現金 22M = CashAndCashEquivalentsAtCarryingValue@2026-06-30 22M;投資 0M = (無);經營租賃 3M;稀釋股數 194.2M(XBRL 未拆季 2026-04-01→2026-06-30)。",False,,算不出(經營現金流不正),充裕,齊,,True,False
RZLV,2.9200000762939453,2.2100000381469727,-0.2431506916424819,-0.2611249807348201,2.6916250002384188,-0.178934644331504,-0.1238449773356313,25556948.82683754,REZOLVE AI PLC,1920294,7370.0,"Services-Computer Programming, Data Processing, Etc.",803822968.212168,336327587.0,743283980.0998793,False,,,,,,,,,,,,,,,,,False,,,,,建帳失敗:ValueError: max() iterable argument is empty,True,False
BIRK,44.900001525878906,34.0,-0.2427617183842744,-0.2607360074766126,40.18010012626648,-0.1538099732665034,-0.0145985400392772,75159808.1073761,Birkenstock Holding plc,1977102,3140.0,"Footwear, (No Rubber)",,,,False,,,,,,,,,,,,,,,,,False,,,,,建帳失敗:ValueError: max() iterable argument is empty,True,False
SGML,16.360000610351562,12.390000343322754,-0.2426650439436319,-0.2606393330359702,13.460899975299837,-0.0795563174781875,0.0624208850416636,18194041.64791107,Sigma Lithium Corp,1848309,1000.0,Metal Mining,1365800548.0381184,111402979.0,1380282948.0571775,False,,,,,,,,,,,,,,,,,False,,,,,建帳失敗:ValueError: max() iterable argument is empty,True,False
STM,68.9422607421875,52.2400016784668,-0.2422644526581382,-0.2602387417504764,45.22651359558105,0.1550747012162132,0.1325710020618395,621672703.2283783,STMicroelectronics N.V.,932787,3674.0,Semiconductors & Related Devices,43905148064.952576,888768152.0,46429249752.24783,False,,,,,,,,,,,,,,,,,False,,,,,建帳失敗:ValueError: max() iterable argument is empty,True,False
ERIC,13.31999969482422,10.100000381469728,-0.2417416957303455,-0.2597159848226837,10.7995170211792,-0.0647729558958639,0.0107604920962243,110607512.07475662,ERICSSON LM TELEPHONE CO,717826,3663.0,Radio & Tv Broadcasting & Communications Equipment,,,,False,,,,,,,,,,,,,,,,,False,,,,,建帳失敗:ValueError: max() iterable argument is empty,True,False
WIT,2.3829360008239746,1.809999942779541,-0.2404328348920503,-0.2584071239843886,2.246946752667427,-0.1944624675102654,-0.0585177355854545,16099786.88582778,WIPRO LTD,1123799,7371.0,Services-Computer Programming Services,19193795248.25383,10488412458.0,18984025948.828224,False,,,,,,,,,,,,,,,,,False,,,,,建帳失敗:ValueError: max() iterable argument is empty,True,False
LODE,4.090000152587891,3.109999895095825,-0.2396088559732654,-0.2575831450656036,3.4856500041484835,-0.1077704613502715,0.0069482535216214,3482896.481132508,Comstock Inc.,1120970,2860.0,Industrial Organic Chemicals,250017121.7310953,75993047.0,236338368.1980121,True,Comstock Inc.,0001120970,2024-03-31,1669650.0,-12176551.0,466976.0,18912985.0,11748426.0,233841.0,2975314.0,-7242002.0,-13606411.0,1413355.0,-72360.0,36707660.0,取數標籤:有息負債 12M = LongTermDebt@2024-03-31 11M(其中融資租賃 1M = FinanceLeaseLiabilityCurrent@2024-03-31 0M+FinanceLeaseLiabilityNoncurrent@2024-03-31 0M);現金 0M = CashAndCashEquivalentsAtCarryingValue@2024-03-31 0M;投資 19M = ShortTermInvestments@2024-03-31 19M;經營租賃 0M;稀釋股數 36.7M(XBRL 未拆季 2025-01-01→2025-12-31)。,False,,淨現金,充裕,齊,,True,False
DNA,9.140000343322754,6.949999809265137,-0.2396061763452259,-0.2575804654375642,8.311799969673157,-0.1638393808052107,-0.0956719834267612,8858917.657256126,"Ginkgo Bioworks Holdings, Inc.",1830214,2836.0,"Biological Products, (No Diagnostic Substances)",,,,True,"GINKGO BIOWORKS HOLDINGS, INC.",0001830214,2026-06-30,111863000.0,-290691000.0,84535000.0,217628000.0,0.0,426900000.0,0.0,124737000.0,-170243000.0,4557000.0,68805000.0,55457676.0,"缺折舊攤銷標籤。; 警告:少數股東權益 的候選標籤(MinorityInterest)全部缺 asof(2026-06-30)前後 200 日內的資料,最新只到 2022-12-31,用這筆舊值代替 —— 可能失真,建議人手核對資產負債表。; 取數標籤:有息負債 0M = (無)(其中融資租賃 0M = (無));現金 85M = CashAndCashEquivalentsAtCarryingValue@2026-06-30 85M;投資 218M = MarketableSecurities@2026-06-30 218M(合計標籤);經營租賃 427M;稀釋股數 55.5M(XBRL 未拆季 2025-01-01→2025-12-31)。",False,,算不出(經營現金流不正),充裕,齊,,True,False
MARA,14.850000381469728,11.3100004196167,-0.2383838296913678,-0.256358118783706,10.919249999523164,0.0357854632974425,-0.1025831600107152,531980687.8311157,"MARA Holdings, Inc.",1507605,6199.0,Finance Services,3951841631.476216,386299297.0,4369045211.167636,True,"MARA HOLDINGS, INC.",0001507605,2026-06-30,59975000.0,-2945530000.0,421274000.0,0.0,2907252000.0,44104000.0,485397000.0,2546467000.0,-895051000.0,343603000.0,145713000.0,381565856.0,取數標籤:有息負債 2907M = LongTermDebtCurrent@2026-06-30 485M; LongTermDebt@2026-06-30 2418M(其中融資租賃 4M = FinanceLeaseLiabilityCurrent@2026-06-30 0M+FinanceLeaseLiabilityNoncurrent@2026-06-30 4M);現金 421M = CashAndCashEquivalentsAtCarryingValue@2026-06-30 421M;投資 0M = (無);經營租賃 44M;稀釋股數 381.6M(XBRL 未拆季 2026-04-01→2026-06-30)。,False,,算不出(經營現金流不正),不足(現金投資 < 短債 ×2),齊,,True,False
NN,19.93000030517578,15.18000030517578,-0.2383341659441136,-0.2563084550364518,16.90275004386902,-0.101921269274056,0.0203846120127406,38145005.6476593,NEXTNAV INC.,1865631,3812.0,"Search, Detection, Navigation, Guidance, Aeronautical Sys",2569286875.277109,168809910.0,2562534485.316696,True,NextNav Inc.,0001865631,2026-06-30,3977000.0,-75580000.0,77715000.0,151122000.0,0.0,13163000.0,0.0,-215674000.0,-53063000.0,8000.0,19637000.0,141629000.0,"警告:少數股東權益 的候選標籤(MinorityInterest)全部缺 asof(2026-06-30)前後 200 日內的資料,最新只到 2024-03-31,用這筆舊值代替 —— 可能失真,建議人手核對資產負債表。; 取數標籤:有息負債 0M = (無)(其中融資租賃 0M = (無));現金 78M = CashAndCashEquivalentsAtCarryingValue@2026-06-30 78M;投資 151M = ShortTermInvestments@2026-06-30 151M;經營租賃 13M;稀釋股數 141.6M(XBRL 未拆季 2026-04-01→2026-06-30)。",False,,淨現金,充裕,齊,,True,False
SOLS,83.66853332519531,63.72999954223633,-0.2383038520044769,-0.2562781410968151,67.87902244567871,-0.0611237869072541,0.0115412940406793,160896595.24497986,Solstice Advanced Materials Inc.,2064953,2800.0,Chemicals & Allied Products,9805648015.655443,158847369.0,10123342753.655443,False,,,,,,,,,,,,,,,,,False,,,,,"建帳失敗:RuntimeError: SOLS 缺 OperatingIncomeLoss,無法建模",True,False
WRD,7.809999942779541,5.980000019073486,-0.2343149727418265,-0.2522892618341648,7.25867502450943,-0.1761581832935634,-0.0940199257660949,11853837.302279472,WeRide Inc.,1867729,7373.0,Services-Computer Integrated Systems Design,,,,False,,,,,,,,,,,,,,,,,False,,,,,建帳失敗:ValueError: max() iterable argument is empty,True,False
