ticker,rel_spy_screen,mcap_screen,sic_description,ret_win,rel_spy_win,ma200,px_vs_ma200,ma200_slope_40d,ma200_form,mdd_1y,name,asof,price,price_date,is_closing_price,market_state,stale,stale_lag_days,latest_filing,latest_report,expired,rev_ttm,op_margin,rev_growth_yoy,net_debt,ocf_ttm,debt,cash,investments,lease_debt,sbc_ttm,diluted_shares,fin_notes,net_debt_to_ocf,debt_label,debt_gate_old,mcap_now,wacc,wacc_raw,de_ratio,de_capped,wacc_net_cash,wacc_floor_binding,n1_implied_g5,n2_unreliable,ps_now,ps_p50_4y,ps_p50_1y,ps_p25_1y,ps_ratio_4y,ps_ratio_1y,discount_grade,dilution_1y,n3_ret_1y,stress_price,stress_drop_raw,stress_drop,stress_floor_applied,baseline_withheld,n2_per_share,n2_upside,odds,n2_terminal_share,consensus_rev_growth,consensus_growth_key,gap_vs_consensus_pp,n2_per_share_withheld,n2_upside_withheld,odds_withheld,error
PL,-0.6279613490083755,,Radio & Tv Broadcasting & Communications Equipment,-0.6166594959771611,-0.6264415037292231,27.00944999217987,-0.3406011795464563,0.0675503157206423,線附近,-0.6535019662017832,Planet Labs PBC,2026-04-30,17.809999465942383,2026-09-08,False,open,False,0.0,2026-06-05,2026-04-30,False,335612000.0,-0.31938667270538595,0.3414982192607634,-690369000.0,132456000.0,0.0,368090000.0,362745000.0,40466000.0,58914000.0,345524328.0,取數標籤:有息負債 0M = (無)(其中融資租賃 0M = (無));現金 368M = CashAndCashEquivalentsAtCarryingValue@2026-04-30 368M;投資 363M = AvailableForSaleSecuritiesDebtSecuritiesCurrent@2026-04-30 363M;經營租賃 40M;稀釋股數 345.5M(XBRL 未拆季 2026-02-01→2026-04-30)。,-5.212062873709005,淨現金,True,6153788097.150101,0.1,0.09845000267028808,0.0,False,True,False,,現時營業利潤率 ≤ 0; 每股值無解或 ≤ 0,18.336019263763216,8.427698598991238,26.63064295606968,19.82884591839458,2.1756852180212003,0.6885308512457096,"只過一把(重估已完成,不是折讓)",0.009573615319527145,0.438595188375813,17.334000205993654,-0.026726517362281266,-0.6535019662017832,True,False,-18.336970527556556,,,0.49288579438190594,0.3077,+1y,,,,,
MX,-0.6233382808831875,112816239.85631204,Semiconductors & Related Devices,-0.6015325777829204,-0.6113145855349824,3.609750008583069,-0.13567424942433282,0.030135697405637485,線附近,-0.6629339431580225,Magnachip Semiconductor Corporation,2018-09-30,3.119999885559082,2026-09-08,False,open,True,2830.0,2026-08-10,2026-06-30,True,749067000.0,0.06300504494257524,,171557000.0,29075000.0,305039000.0,133482000.0,0.0,0.0,4615000.0,36454812.0,取數標籤:有息負債 305M = LongTermDebtNoncurrent@2018-09-30 305M(其中融資租賃 0M = (無));現金 133M = CashAndCashEquivalentsAtCarryingValue@2018-09-30 133M;投資 0M = (無);經營租賃 0M;稀釋股數 36.5M(XBRL 未拆季 2026-04-01→2026-06-30)。,5.900498710232158,中(3–6 倍),False,113739009.26807785,0.095,0.09317381783024262,2.681920670515394,False,False,False,-0.08164596557617188,,0.1518409024400726,,,,,,資料不足,0.040575349035462824,,,,-0.6629339431580225,True,True,,,,0.4395247373609852,-0.061,"info.revenueGrowth(近況,非預測)",-2.064596557617188,6.461378053718129,1.0709545803589977,1.6154770643622272,
ADTN,-0.6206603791206837,578517981.9293275,Telephone & Telegraph Apparatus,-0.5758254298978965,-0.5856074376499586,11.411450002193451,-0.3357548845896827,-0.004162611149636786,殺,-0.6340206162761535,"ADTRAN Holdings, Inc.",2026-06-30,7.579999923706055,2026-09-08,False,open,False,0.0,2026-08-04,2026-06-30,False,1138227000.0,-0.0017623901032043697,0.15747817704053824,172662000.0,93011000.0,218822000.0,79236000.0,1016000.0,34092000.0,8844000.0,80948000.0,"警告:少數股東權益 的候選標籤(MinorityInterest)全部缺 asof(2026-06-30)前後 200 日內的資料,最新只到 2022-12-31,用這筆舊值代替 —— 可能失真,建議人手核對資產負債表。; 取數標籤:有息負債 219M = ConvertibleLongTermNotesPayable@2026-06-30 194M+LongTermLineOfCredit@2026-06-30 25M(其中融資租賃 0M = (無));現金 79M = CashAndCashEquivalentsAtCarryingValue@2026-06-30 79M;投資 1M = LongTermInvestments@2026-06-30 1M;經營租賃 34M;稀釋股數 80.9M(XBRL 未拆季 2026-04-01→2026-06-30)。",1.8563610755717066,低(≤3 倍),True,613585833.8241577,0.095,0.09654584316218821,0.3566281813193072,False,False,False,,現時營業利潤率 ≤ 0; 每股值無解或 ≤ 0,0.5390715857418228,0.7639026472129986,0.7614331562548303,0.6842775425345788,0.705681002295982,0.707969677066979,兩把尺都過,0.014413631333174692,0.39242004487418747,8.659594517046196,0.14242672878712903,-0.6340206162761535,True,False,-11.626097767748679,,,0.03003703459077437,0.0788,+1y,,,,,
SSTK,-0.5875521850518959,212079697.70334625,Services-Computer Processing & Data Preparation,-0.6226277264035041,-0.6324097341555661,14.607950026988982,-0.6460831214001903,-0.187252934717542,殺,-0.8042408138521611,"SHUTTERSTOCK, INC.",2026-06-30,5.170000076293945,2026-09-08,False,open,False,0.0,2026-08-07,2026-06-30,False,901286000.0,-0.17315591277352582,-0.10808269932627679,161914000.0,132594000.0,273269000.0,133208000.0,0.0,21853000.0,53475000.0,36703000.0,取數標籤:有息負債 273M = LongTermDebtCurrent@2026-06-30 158M; LongTermDebtNoncurrent@2026-06-30 115M(其中融資租賃 0M = (無));現金 133M = CashAndCashEquivalentsAtCarryingValue@2026-06-30 133M;投資 0M = (無);經營租賃 22M;稀釋股數 36.7M(XBRL 未拆季 2026-04-01→2026-06-30)。,1.2211261444710921,低(≤3 倍),True,189754512.80021667,0.095,0.09417500558134614,1.4401185825167262,False,False,False,,現時營業利潤率 ≤ 0; 每股值無解或 ≤ 0,0.21053751284300065,1.7567007083363158,0.6425618202267712,0.5502686860179173,0.11984825408443667,0.3276533186623169,兩把尺都過,0.28181147953145774,1.3810102895720222,12.161254302147242,1.352273524696908,-0.8042408138521611,True,False,-28.3032259596696,,,0.2884881937771015,-0.169,"info.revenueGrowth(近況,非預測)",,,,,
TE,-0.5760914867812399,1354824475.5117102,Semiconductors & Related Devices,-0.5139289128772235,-0.5237109206292856,6.5213500130176545,-0.2240870475163924,0.04957912905503625,線附近,-0.6910298969770345,T1 Energy Inc.,2026-06-30,5.059999942779541,2026-09-08,False,open,False,0.0,2026-08-12,2026-06-30,False,996851000.0,-0.2277481790157205,4.2698547797907604,699392000.0,3867000.0,549947000.0,79109000.0,0.0,228554000.0,14707000.0,280129000.0,"警告:少數股東權益 的候選標籤(MinorityInterest)全部缺 asof(2026-06-30)前後 200 日內的資料,最新只到 2024-12-31,用這筆舊值代替 —— 可能失真,建議人手核對資產負債表。; 取數標籤:有息負債 550M = LongTermDebt@2026-06-30 550M(其中融資租賃 0M = (無));現金 79M = CashAndCashEquivalentsAtCarryingValue@2026-06-30 79M;投資 0M = (無);經營租賃 229M;稀釋股數 280.1M(XBRL 未拆季 2026-04-01→2026-06-30)。",180.86164985777089,高(>6 倍),False,1417452723.97089,0.095,0.09642522784505903,0.38798260478089436,False,False,False,,現時營業利潤率 ≤ 0; 每股值無解或 ≤ 0,1.4219303827461578,2.887617056371625,2.716915820756901,1.923818519043908,0.49242346023986117,0.5233619576590433,兩把尺都過,0.010375654687656471,0.8911020939256544,6.16139126286352,0.2176662712527555,-0.6910298969770345,True,False,-1225.8259081313458,,,0.610357274067634,0.3662,+1y,,,,,
SEDG,-0.566786962099924,2104180628.5404203,Semiconductors & Related Devices,-0.5193931551651704,-0.5291751629172324,42.05140003204346,-0.1336792525952556,0.0016483171821977116,線附近,-0.620175788008761,"SOLAREDGE TECHNOLOGIES, INC.",2026-06-30,36.43000030517578,2026-09-08,False,open,False,0.0,2026-08-05,2026-06-30,False,1332281000.0,-0.11600330560895186,0.4164748485212548,-153062000.0,114081000.0,351503000.0,527257000.0,19685000.0,42377000.0,81407000.0,61045194.0,"警告:短期經營租賃負債 的候選標籤(OperatingLeaseLiabilityCurrent)全部缺 asof(2026-06-30)前後 200 日內的資料,最新只到 2024-12-31,用這筆舊值代替 —— 可能失真,建議人手核對資產負債表。; 警告:少數股東權益 的候選標籤(MinorityInterest)全部缺 asof(2026-06-30)前後 200 日內的資料,最新只到 2019-09-30,用這筆舊值代替 —— 可能失真,建議人手核對資產負債表。; 取數標籤:有息負債 352M = ConvertibleDebtNoncurrent@2026-06-30 332M(其中融資租賃 19M = FinanceLeaseLiabilityNoncurrent@2026-06-30 19M);現金 527M = CashAndCashEquivalentsAtCarryingValue@2026-06-30 527M;投資 20M = MarketableSecuritiesCurrent@2026-06-30 20M;經營租賃 42M;稀釋股數 61.0M(XBRL 未拆季 2026-04-01→2026-06-30)。",-1.3416958126243634,淨現金,True,2223876436.049515,0.1,0.09845000267028808,0.0,False,True,False,,現時營業利潤率 ≤ 0; 每股值無解或 ≤ 0,1.669224762681082,2.2099972509661088,2.1285653569322087,1.8724160954820055,0.7553062620106763,0.7842017898322133,兩把尺都過,0.036605900705801386,0.2301511987431335,36.77809508303594,0.0095551681291286,-0.620175788008761,True,False,-292.8756389823451,,,0.4254810444726814,0.113900006,+1y,,,,,
MVST,-0.5446866406767766,265713323.9584694,"Miscellaneous Electrical Machinery, Equipment & Supplies",-0.5328767372712243,-0.5426587450232864,1.886944996714592,-0.6385692309045582,-0.2988996454323166,殺,-0.8934375044936314,"Microvast Holdings, Inc.",2025-09-30,0.6819999814033508,2026-09-08,False,open,True,273.0,2026-08-10,2026-06-30,True,432505000.0,0.08293314528155744,,103160000.0,65587000.0,175983000.0,90748000.0,0.0,17925000.0,2828000.0,348949000.0,"警告:少數股東權益 的候選標籤(MinorityInterest)全部缺 asof(2025-09-30)前後 200 日內的資料,最新只到 2023-09-30,用這筆舊值代替 —— 可能失真,建議人手核對資產負債表。; 取數標籤:有息負債 176M = NotesPayableCurrent@2025-09-30 57M+ShortTermBorrowings@2025-09-30 84M; LongTermDebt@2025-09-30 34M(其中融資租賃 0M = (無));現金 91M = CashAndCashEquivalentsAtCarryingValue@2025-09-30 91M;投資 0M = (無);經營租賃 18M;稀釋股數 348.9M(XBRL 未拆季 2026-04-01→2026-06-30)。",1.5728726729382347,低(≤3 倍),True,237983211.51071787,0.095,0.09537068621126878,0.7394765323270477,False,False,False,0.058650970458984375,,0.5502438388243324,,,,,,資料不足,0.01188319117994858,,,,-0.8934375044936314,True,True,,,,0.43952473736098524,0.2958,+1y,-23.714902954101564,0.5910518319302634,-0.1333550615147283,-0.14926064872361636,
INOD,-0.5353173345770128,1913738349.413624,Services-Computer Processing & Data Preparation,-0.5133541529622156,-0.5231361607142777,60.75615009307862,-0.07630752037598254,-0.04234306710458102,殺,-0.6303251436805135,INNODATA INC,2026-06-30,56.119998931884766,2026-09-08,False,open,False,0.0,2026-08-06,2026-06-30,False,317164000.0,0.1257172945227075,0.3902104400348907,-246622000.0,196203000.0,0.0,240278000.0,10093000.0,3832000.0,18646000.0,34771000.0,取數標籤:有息負債 0M = (無)(其中融資租賃 0M = (無));現金 240M = CashAndCashEquivalentsAtCarryingValue@2026-06-30 240M;投資 10M = ShortTermInvestments@2026-06-30 10M;經營租賃 4M;稀釋股數 34.8M(XBRL 未拆季 2026-04-01→2026-06-30)。,-1.256973644643558,淨現金,True,1951348482.8605652,0.1,0.09845000267028808,0.0,False,True,False,0.3986854553222656,,6.152490455602039,7.963087150669559,8.083735662583495,6.345674394850863,0.7726262866637997,0.7610949581243178,兩把尺都過,0.009555443409403752,0.3014604660032951,52.093915227966725,-0.07174062331691544,-0.6303251436805135,True,False,54.82669999348519,-0.023045241678805173,-0.036560879587068926,1.0282838842938609,0.2795,+1y,11.91854553222656,,,,
ABTC,-0.5247644499053679,661591204.9880333,Finance Services,,,,,,,,,,,,,,,,,,,,,,,,,,,,,,,,,,,,,,,,,,,,,,,,,,,,,,,,,,,,,,,,,,,無價格:unsupported operand type(s) for /: 'float' and 'NoneType'
CABO,-0.521869901915576,144514865.8540249,Cable & Other Pay Television Services,-0.5514218812193628,-0.5612038889714248,76.64940009117126,-0.6995410184652158,-0.2351191332855277,殺,-0.8739914819056217,"Cable One, Inc.",2026-06-30,23.030000686645508,2026-09-08,False,open,False,0.0,2026-08-06,2026-06-30,False,1441634000.0,-0.17481344085946918,-0.06535549820057951,2917876000.0,541129000.0,3076411000.0,166191000.0,0.0,7656000.0,33796000.0,5698814.0,取數標籤:有息負債 3076M = LongTermDebtAndCapitalLeaseObligationsCurrent@2026-06-30 18M; LongTermDebt@2026-06-30 3055M(其中融資租賃 3M = FinanceLeaseLiability@2026-06-30 3M);現金 166M = CashAndCashEquivalentsAtCarryingValue@2026-06-30 166M;投資 0M = (無);經營租賃 8M;稀釋股數 5.7M(XBRL 未拆季 2026-04-01→2026-06-30)。,5.392200381055164,中(3–6 倍),False,131243690.33306503,0.09,0.09120650205612182,23.440448772758568,True,False,True,,現時營業利潤率 ≤ 0; 每股值無解或 ≤ 0,0.09103814860988645,1.5112335042229785,0.3657825643071245,0.18436907357891952,0.06024095439618708,0.24888597077428617,兩把尺都過,0.25750571257356336,2.1951379710428953,41.97600632655933,0.8226663080778851,-0.8739914819056217,True,False,-841.580863746385,,,0.34645416611819635,0.048600003,+1y,,,,,
VPG,-0.5188456500889558,772262952.3983803,Electronic Components & Accessories,-0.48764257446380443,-0.4974245822158665,68.54239974021911,-0.05635051369199384,0.15475811499966885,線附近,-0.5967580595942674,"Vishay Precision Group, Inc.",2026-07-04,64.68000030517578,2026-09-08,False,open,False,0.0,2026-08-05,2026-07-04,False,328589000.0,0.034222082906001115,0.11279725821418163,-36593000.0,2846000.0,15640000.0,75702000.0,0.0,23613000.0,2290000.0,13320430.0,"缺資本開支標籤。; 取數標籤:有息負債 16M = LongTermDebtNoncurrent@2026-07-04 16M(其中融資租賃 0M = (無));現金 76M = CashAndCashEquivalentsAtCarryingValue@2026-07-04 76M;投資 0M = (無);經營租賃 24M;稀釋股數 0.0M(XBRL 未拆季 2026-04-05→2026-07-04)。; 稀釋股數改用 yfinance 現時股數 13.3M(XBRL 0.0M 相差超過 25%,來源:XBRL 未拆季 2026-04-05→2026-07-04)。",-12.85769501054111,淨現金,True,861565416.4650726,0.1,0.09845000267028808,0.0,False,True,False,,終值佔比 >150%,2.6220153945052105,0.0013029039832529621,0.0020272488857027916,0.0016921959812126845,2012.4394646172016,1293.3860331590365,都不過,0.005,-0.9992306822169778,0.037568853764002014,-0.9994191581078117,-0.9994191581078117,False,False,6.0077903473006105,-0.907115177505343,-0.9076423742194148,1.9651727499476228,0.0769,+1y,,,,,
LINC,-0.4988408672153929,813338702.1987457,Services-Educational Services,-0.4976715980453673,-0.5074536057974294,35.9064001083374,-0.3090368460473556,0.07710744745574494,線附近,-0.5635776023010955,LINCOLN EDUCATIONAL SERVICES CORPORATION,2026-06-30,24.809999465942383,2026-09-08,False,open,False,0.0,2026-08-10,2026-06-30,False,570778000.0,0.05911054735816727,0.2202290476159936,183921000.0,94023000.0,56898000.0,44178000.0,0.0,171201000.0,5999000.0,31418794.0,取數標籤:有息負債 57M = LongTermDebtNoncurrent@2026-06-30 26M(其中融資租賃 31M = FinanceLeaseLiabilityCurrent@2026-06-30 1M+FinanceLeaseLiabilityNoncurrent@2026-06-30 30M);現金 44M = CashAndCashEquivalentsAtCarryingValue@2026-06-30 44M;投資 0M = (無);經營租賃 171M;稀釋股數 31.4M(XBRL 未拆季 2026-04-01→2026-06-30)。,1.956127755974602,低(≤3 倍),True,779500262.3605537,0.1,0.09795724614927184,0.07299291962737292,False,False,False,0.9682044982910156,終值佔比 >150%,1.3656802861367356,0.8322462430752535,1.7095656663009482,1.456878074237266,1.640956985387374,0.7988463462136027,"只過一把(重估已完成,不是折讓)",0.007695956357773737,0.2422449245178624,23.82009182501717,-0.039899543016278516,-0.5635776023010955,True,False,4.459601190907789,-0.8202498473637756,-1.4554337220192632,1.605570951743624,0.088999994,+1y,87.92045042910156,,,,
QUIK,-0.4969088930801101,197098897.3525982,Semiconductors & Related Devices,-0.4697336556152206,-0.4795156633672827,11.92764995098114,-0.08196502628211222,0.10913613589878235,線附近,-0.5577085045816137,QUICKLOGIC Corp,2026-06-28,10.949999809265137,2026-09-08,False,open,False,0.0,2026-08-12,2026-06-28,False,16295000.0,-0.6904571954587296,-0.08956307967370658,-10907000.0,2949000.0,7568000.0,18475000.0,0.0,0.0,3284000.0,18110000.0,"警告:短期經營租賃負債 的候選標籤(OperatingLeaseLiabilityCurrent)全部缺 asof(2026-06-28)前後 200 日內的資料,最新只到 2024-12-29,用這筆舊值代替 —— 可能失真,建議人手核對資產負債表。; 警告:長期經營租賃負債 的候選標籤(OperatingLeaseLiabilityNoncurrent)全部缺 asof(2026-06-28)前後 200 日內的資料,最新只到 2024-12-29,用這筆舊值代替 —— 可能失真,建議人手核對資產負債表。; 取數標籤:有息負債 8M = NotesPayableCurrent@2026-06-28 2M+LinesOfCreditCurrent@2026-06-28 5M; LongTermNotesPayable@2026-06-28 1M(其中融資租賃 0M = (無));現金 18M = CashCashEquivalentsRestrictedCashAndRestrictedCashEquivalents@2026-06-28 18M;投資 0M = (無);經營租賃 0M;稀釋股數 18.1M(XBRL 未拆季 2026-03-30→2026-06-28)。",-3.6985418786029163,淨現金,True,198304496.54579163,0.1,0.09845000267028808,0.0,False,True,False,,現時營業利潤率 ≤ 0; 每股值無解或 ≤ 0,12.169653055893932,7.937847770101497,11.66953053083768,7.316356933000115,1.5331174656349356,1.0428571246919178,都不過,0.016560391000723842,-0.056717008865604934,5.924794732242583,-0.45892284607809497,-0.5577085045816137,True,False,-3.073402390724328,,,0.2842789240571741,0.1692,+1y,,,,,
ARRY,-0.4964323317460182,708435368.512682,Semiconductors & Related Devices,-0.4671201845932935,-0.4769021923453556,7.822849986553192,-0.3991959685608144,-0.08033011207622953,殺,-0.635451495016055,"ARRAY TECHNOLOGIES, INC.",2026-06-30,4.699999809265137,2026-09-08,False,open,False,0.0,2026-08-05,2026-06-30,False,1185012000.0,-0.05129146371513538,0.01175502286457819,445584000.0,162861000.0,701427000.0,307302000.0,0.0,51459000.0,17395000.0,155685000.0,取數標籤:有息負債 701M = LongTermDebtNoncurrent@2026-06-30 658M(其中融資租賃 44M = FinanceLeaseLiabilityCurrent@2026-06-30 1M+FinanceLeaseLiabilityNoncurrent@2026-06-30 43M);現金 307M = CashAndCashEquivalentsAtCarryingValue@2026-06-30 307M;投資 0M = (無);經營租賃 51M;稀釋股數 155.7M(XBRL 未拆季 2026-04-01→2026-06-30)。,2.735977305800652,低(≤3 倍),True,731719470.3054428,0.095,0.09490480543430009,0.9586009781961962,False,False,False,,現時營業利潤率 ≤ 0; 每股值無解或 ≤ 0,0.6174785321207236,1.3597408379314562,0.9933849923318042,0.8535062692189476,0.45411486872754375,0.6215903570994127,兩把尺都過,0.023772771814775925,0.571419566963,5.8468937533462775,0.24401999800516205,-0.635451495016055,True,False,-7.287832940472647,,,0.36511614121400937,0.1244,+1y,,,,,
APP,-0.4956343979690298,,"Services-Computer Programming, Data Processing, Etc.",-0.49159197725358905,-0.5013739850056511,484.97187591552733,-0.3566430853817777,-0.09579886062569054,殺,-0.5929798169644127,AppLovin Corporation,2026-06-30,312.010009765625,2026-09-08,False,open,False,0.0,2026-08-05,2026-06-30,False,6829124000.0,0.774398004780701,0.6059454411754677,493520000.0,4527589000.0,3515072000.0,3053306000.0,0.0,31754000.0,282376000.0,337031000.0,取數標籤:有息負債 3515M = LongTermDebtNoncurrent@2026-06-30 3515M(其中融資租賃 0M = (無));現金 3053M = CashAndCashEquivalentsAtCarryingValue@2026-06-30 3053M;投資 0M = (無);經營租賃 32M;稀釋股數 337.0M(XBRL 未拆季 2026-04-01→2026-06-30)。,0.1090028268908684,低(≤3 倍),True,105157045601.31836,0.1,0.09821570682004759,0.03342688052806926,False,False,False,0.012187957763671875,,15.398321307581815,12.57113252602491,29.0977122357369,25.664188595517068,1.224895312789363,0.5291935387507916,"只過一把(重估已完成,不是折讓)",0.005,0.8802664861909228,468.02084570960744,0.5000186886990399,-0.5929798169644127,True,False,2826.1208028256306,8.057788898979714,13.58863939118403,0.7526957571100391,0.2676,+1y,-25.541204223632814,,,,
UTI,-0.4816128227886777,1223114170.2343254,Services-Educational Services,-0.47837640804634773,-0.4881584157984098,33.28565011024475,-0.35137213540729795,-0.0018771591768997897,殺,-0.592773436117568,"UNIVERSAL TECHNICAL INSTITUTE, INC",2026-06-30,21.59000015258789,2026-09-08,False,open,False,0.0,2026-08-06,2026-06-30,False,883595000.0,0.050087426932022026,0.0914886625852962,192423000.0,74506000.0,163106000.0,130060000.0,40060000.0,199437000.0,12175000.0,55935000.0,取數標籤:有息負債 163M = LongTermDebt@2026-06-30 160M(其中融資租賃 3M = FinanceLeaseLiabilityCurrent@2026-06-30 1M+FinanceLeaseLiabilityNoncurrent@2026-06-30 2M);現金 130M = CashAndCashEquivalentsAtCarryingValue@2026-06-30 130M;投資 40M = ShortTermInvestments@2026-06-30 40M;經營租賃 199M;稀釋股數 55.9M(XBRL 未拆季 2026-04-01→2026-06-30)。,2.5826510616594636,低(≤3 倍),True,1207636658.5350037,0.1,0.09758809149840053,0.13506214708475772,False,False,False,,,1.3667309780329264,1.3076125633544404,2.1979270987774258,1.8408126460000767,1.0452109564677388,0.6218272565969801,"只過一把(重估已完成,不是折讓)",0.010081674743767399,0.5921125046277049,26.171083667617665,0.2121854322673853,-0.592773436117568,True,False,2.5774197452802796,-0.8806197439988745,-1.4855924546258115,0.8612881585451381,0.0844,+1y,,,,,
RXT,-0.4791229350198106,813044406.0839415,"Services-Computer Programming, Data Processing, Etc.",-0.4543918957015386,-0.46417390345360066,2.7481950052082538,0.17531689452609345,0.22219677524927617,回調,-0.7765027324006216,"RACKSPACE TECHNOLOGY, INC.",2026-06-30,3.2300000190734863,2026-09-08,False,open,False,0.0,2026-08-10,2026-06-30,False,2702200000.0,-0.0326400710532159,0.0033790056069213925,3175300000.0,104000000.0,3170000000.0,110600000.0,0.0,115900000.0,40100000.0,250100000.0,取數標籤:有息負債 3170M = LongTermDebtCurrent@2026-06-30 25M; LongTermDebt@2026-06-30 2787M(其中融資租賃 358M = FinanceLeaseLiabilityCurrent@2026-06-30 62M+FinanceLeaseLiabilityNoncurrent@2026-06-30 297M);現金 111M = CashAndCashEquivalentsAtCarryingValue@2026-06-30 111M;投資 0M = (無);經營租賃 116M;稀釋股數 250.1M(XBRL 未拆季 2026-04-01→2026-06-30)。,30.53173076923077,高(>6 倍),False,807823004.7702789,0.09,0.09120650205612182,3.9241269204774065,True,False,True,,現時營業利潤率 ≤ 0; 每股值無解或 ≤ 0,0.29895011648666975,0.20255917850399585,0.1402291031208869,0.09860739657398669,1.4758655652860104,2.1318692755879263,都不過,0.04963958659657539,-0.5531114495992235,0.9588613207517159,-0.7031389117369845,-0.7765027324006216,True,False,-16.6329861189536,,,0.39269022321562475,0.0479,+1y,,,,,
MRAM,-0.4743010739677417,398609667.7653408,Semiconductors & Related Devices,-0.4470275894711824,-0.45680959722324443,15.56604998111725,0.06963549768425081,0.08785600541772509,回調,-0.7062031175118362,"Everspin Technologies, Inc.",2026-06-30,16.649999618530273,2026-09-08,False,open,False,0.0,2026-08-05,2026-06-30,False,62471000.0,-0.15549615021369917,0.20892114175133036,-42991000.0,4234000.0,905000.0,43896000.0,0.0,0.0,5454000.0,23882618.0,"缺折舊攤銷標籤。; 警告:短期經營租賃負債 的候選標籤(OperatingLeaseLiabilityCurrent)全部缺 asof(2026-06-30)前後 200 日內的資料,最新只到 2021-12-31,用這筆舊值代替 —— 可能失真,建議人手核對資產負債表。; 警告:長期經營租賃負債 的候選標籤(OperatingLeaseLiabilityNoncurrent)全部缺 asof(2026-06-30)前後 200 日內的資料,最新只到 2021-12-31,用這筆舊值代替 —— 可能失真,建議人手核對資產負債表。; 取數標籤:有息負債 1M = LongTermDebtCurrent@2026-06-30 1M; LongTermDebtNoncurrent@2026-06-30 0M(其中融資租賃 0M = (無));現金 44M = CashAndCashEquivalentsAtCarryingValue@2026-06-30 44M;投資 0M = (無);經營租賃 0M;稀釋股數 23.9M(XBRL 未拆季 2026-04-01→2026-06-30)。",-10.15375531412376,淨現金,True,397645580.58950424,0.1,0.09845000267028808,0.0,False,True,False,,現時營業利潤率 ≤ 0; 每股值無解或 ≤ 0,6.365282780642286,3.0977860705935916,5.075534769201451,4.101431247190411,2.0547844930500907,1.254110762725354,都不過,0.013715731460952032,-0.21341090927684359,9.655493392680357,-0.4200904736397426,-0.7062031175118362,True,False,-12.577428861874422,,,0.4058992230329512,0.1565,+1y,,,,,
CIEN,-0.4544307974839893,45438487962.0,Telephone & Telegraph Apparatus,-0.4008356290764844,-0.41061763682854646,377.93609977722167,-0.09696372284600807,0.12910799311490662,線附近,-0.49368422415458035,Ciena Corp,2026-08-01,341.2900085449219,2026-09-08,False,open,False,0.0,2026-09-03,2026-08-01,False,6020894000.0,0.1227314415433987,0.32571067467993364,340831000.0,1054683000.0,3234983000.0,2445708000.0,499338000.0,50894000.0,212007000.0,145967000.0,取數標籤:有息負債 3235M = LongTermDebtNoncurrent@2026-08-01 3230M(其中融資租賃 5M = FinanceLeaseLiabilityCurrent@2026-08-01 5M);現金 2446M = CashAndCashEquivalentsAtCarryingValue@2026-08-01 2446M;投資 499M = AvailableForSaleSecuritiesDebtSecurities@2026-08-01 499M(合計標籤);經營租賃 51M;稀釋股數 146.0M(XBRL 未拆季 2026-05-03→2026-08-01)。,0.3231596602960321,低(≤3 倍),True,49817078677.27661,0.1,0.09800831198746675,0.06493722807306229,False,False,False,0.5907325744628906,,8.274033503542267,2.215841063381461,9.748781668984266,6.563257956661654,3.7340374453191894,0.8487248750134687,都不過,0.005,0.17237623747754593,243.6510471993312,-0.28608795716543534,-0.49368422415458035,True,False,151.31755288894422,-0.5566305807366545,-1.127503277403421,0.9699287673440716,0.30110002,+1y,28.96325544628906,,,,
LASR,-0.4503913996900188,2311069371.045429,Semiconductors & Related Devices,-0.41158971802372524,-0.4213717257757873,57.37382509231568,-0.2761507758551178,0.09885491798260082,線附近,-0.5363154702212911,"NLIGHT, INC.",2026-06-30,41.529998779296875,2026-09-08,False,open,False,0.0,2026-08-07,2026-06-30,False,310699000.0,-0.0546831499296747,0.4323668936393854,-315604000.0,53151000.0,0.0,295761000.0,34686000.0,14843000.0,42833000.0,56983000.0,取數標籤:有息負債 0M = (無)(其中融資租賃 0M = (無));現金 296M = CashAndCashEquivalentsAtCarryingValue@2026-06-30 296M;投資 35M = AvailableForSaleSecuritiesDebtSecuritiesCurrent@2026-06-30 35M;經營租賃 15M;稀釋股數 57.0M(XBRL 未拆季 2026-04-01→2026-06-30)。,-5.937875110534138,淨現金,True,2366503920.440674,0.1,0.09845000267028808,0.0,False,True,False,,現時營業利潤率 ≤ 0; 每股值無解或 ≤ 0,7.616709163662174,3.428937740314557,11.539204284471781,8.548251474874695,2.22130284668378,0.6600723044579357,"只過一把(重估已完成,不是折讓)",0.018099695348074443,0.4880522527025202,41.94829802735699,0.010072219127264859,-0.5363154702212911,True,False,-43.89269160824119,,,0.3271586958442255,0.1347,+1y,,,,,
VSH,-0.4490727573087187,,Electronic Components & Accessories,-0.437935374710704,-0.44771738246276604,28.952499980926515,0.08695274446374124,0.14682215192741888,回調,-0.5434514874556416,"Vishay Intertechnology, Inc.",2026-07-04,31.469999313354492,2026-09-08,False,open,False,0.0,2026-08-05,2026-07-04,False,3319379000.0,0.03301370527439018,0.13384001325338035,-202004000.0,346029000.0,975744000.0,1297309000.0,5263000.0,124824000.0,0.0,147901000.0,"companyfacts 沒有可用的股權薪酬季度標籤,SBC 當 0 處理 —— 這會高估自由現金流。; 警告:少數股東權益 的候選標籤(MinorityInterest)全部缺 asof(2026-07-04)前後 200 日內的資料,最新只到 2024-12-31,用這筆舊值代替 —— 可能失真,建議人手核對資產負債表。; 取數標籤:有息負債 976M = LongTermDebtCurrent@2026-07-04 738M; LongTermLineOfCredit@2026-07-04 238M(其中融資租賃 0M = (無));現金 1297M = CashAndCashEquivalentsAtCarryingValue@2026-07-04 1297M;投資 5M = OtherShortTermInvestments@2026-07-04 5M;經營租賃 125M;稀釋股數 147.9M(XBRL 未拆季 2026-04-05→2026-07-04)。",-0.5837776602539093,淨現金,True,4654444368.444443,0.1,0.09845000267028808,0.0,False,True,False,,終值佔比 >150%,1.4022033544360082,0.9269711798229459,0.9329809928914785,0.7980456744281433,1.5126720063765446,1.5029281037015811,都不過,0.005,-0.3379424649980056,16.11966415009942,-0.4877767873589073,-0.5434514874556416,True,False,3.014259058871841,-0.9042180131985983,-1.6638431103243665,3.9370117132394586,0.16379999,+1y,,,,,
CCOI,-0.4487193288087465,514718156.5686264,"Communications Services, NEC",-0.4550593526120379,-0.46484136036409995,18.18724998474121,-0.4699583306211468,-0.2219125262352315,殺,-0.8002217176558912,"COGENT COMMUNICATIONS HOLDINGS, INC.",2026-06-30,9.640000343322754,2026-09-08,False,open,False,0.0,2026-08-06,2026-06-30,False,957219000.0,0.07951576389520057,-0.045442306848506364,755983000.0,15137000.0,630210000.0,183703000.0,0.0,309476000.0,16984000.0,48429166.0,取數標籤:有息負債 630M = (無)(其中融資租賃 630M = FinanceLeaseLiabilityCurrent@2026-06-30 21M+FinanceLeaseLiabilityNoncurrent@2026-06-30 609M);現金 184M = CashAndCashEquivalentsAtCarryingValue@2026-06-30 184M;投資 0M = (無);經營租賃 309M;稀釋股數 48.4M(XBRL 未拆季 2026-04-01→2026-06-30)。,49.94272312875735,高(>6 倍),False,466857176.86683464,0.095,0.09428897532546231,1.3498989224701579,False,False,False,0.3943061828613281,每股值無解或 ≤ 0,0.48772243015113015,3.829643694746745,0.9936295569122096,0.8060628694893385,0.1273545188603723,0.4908493580512743,兩把尺都過,0.036379434314328815,0.965771282628392,14.338897029173362,0.48743739818488163,-0.8002217176558912,True,False,-5.122221292212173,,,0.40139168966315875,0.014400001,+1y,37.990618186132814,,,,
ENPH,-0.4473750111796801,4806100706.614288,Semiconductors & Related Devices,-0.3908063883190549,-0.40058839607111696,40.79710000991821,-0.04821661780825848,0.024274262292593773,線附近,-0.5151389629888408,"Enphase Energy, Inc.",2026-03-31,38.83000183105469,2026-09-08,False,open,True,91.0,2026-07-28,2026-06-30,False,1399801000.0,0.06855331579274483,-0.016391357629109926,-360138000.0,190997000.0,572510000.0,497546000.0,474719000.0,39617000.0,207448000.0,131337000.0,取數標籤:有息負債 573M = LongTermDebtNoncurrent@2026-03-31 573M(其中融資租賃 0M = (無));現金 498M = CashAndCashEquivalentsAtCarryingValue@2026-03-31 498M;投資 475M = DebtSecuritiesAvailableForSaleExcludingAccruedInterest@2026-03-31 475M(合計標籤);經營租賃 40M;稀釋股數 131.3M(XBRL 未拆季 2026-01-01→2026-03-31)。,-1.8855688832808892,淨現金,True,5099815950.4852295,0.1,0.09771891341822182,0.11226091403269714,False,False,False,1.1059379577636719,,3.643243539964059,7.317218639367588,3.4068032887274136,3.0181958740894457,0.49790005185343716,1.069402378475737,"只過一把(重估已完成,不是折讓)",0.040677546408368334,-0.10144912805252171,28.9513712241916,-0.25440716304480193,-0.5151389629888408,True,True,,,,0.4034146770872687,0.0641,+1y,104.18379577636718,8.152659066998579,-0.7900422693135594,-1.5336488327920823,
VICR,-0.4446125753862849,,"Electronic Components, NEC",-0.41213318006335886,-0.4219151878154209,202.92625022888183,-0.04733859169933974,0.1614455113544775,線附近,-0.5366001209678295,VICOR CORPORATION,2026-03-31,193.32000732421875,2026-09-08,False,open,True,91.0,2026-07-29,2026-06-30,False,723980000.0,0.1365521146993011,0.9611869301158866,-399342000.0,115478000.0,0.0,404245000.0,2508000.0,7146000.0,1819000.0,47254000.0,取數標籤:有息負債 0M = (無)(其中融資租賃 0M = (無));現金 404M = CashAndCashEquivalentsAtCarryingValue@2026-03-31 404M;投資 3M = LongTermInvestments@2026-03-31 3M;經營租賃 7M;稀釋股數 47.3M(XBRL 未拆季 2026-01-01→2026-03-31)。,-3.4581651916382343,淨現金,True,9135143626.098633,0.1,0.09845000267028808,0.0,False,True,False,0.3427696228027344,,12.617950255668157,6.7476475531331275,11.582241749296262,7.560574394415555,1.869977670930557,1.0894221109168978,都不過,0.005,-0.08664890711237627,104.25221536932486,-0.4607272324665159,-0.5366001209678295,True,True,,,,1.2508193252955353,0.5564,+1y,-21.363037719726563,1175.8280459233267,5.0822884407992746,9.471277105999702,
AAON,-0.4442159379341224,6546819062.4142685,Air-Cond & Warm Air Heatg Equip & Comm & Indl Refrig Equip,-0.42737632028798245,-0.4371583280400445,98.49819999694824,-0.19389388305228983,-0.01778979696868721,殺,-0.49666102700450565,"AAON, INC.",2026-06-30,79.4000015258789,2026-09-08,False,open,False,0.0,2026-08-10,2026-06-30,False,1932367000.0,0.11048522356260483,0.5353415049050883,452071000.0,86542000.0,435000000.0,13000.0,0.0,17084000.0,19901000.0,83721199.0,取數標籤:有息負債 435M = LineOfCredit@2026-06-30 435M(其中融資租賃 0M = (無));現金 0M = CashAndCashEquivalentsAtCarryingValue@2026-06-30 0M;投資 0M = (無);經營租賃 17M;稀釋股數 83.7M(XBRL 未拆季 2026-04-01→2026-06-30)。,5.223717963532158,中(3–6 倍),False,6647463328.348412,0.1,0.09800511187155281,0.06543849563560925,False,False,False,0.2808189392089844,,3.4400625390251496,5.69899692488243,5.736515598895302,5.072354984464855,0.6036259686341413,0.599678058870373,兩把尺都過,0.005,0.6592651021720575,105.36741412218497,0.3270454924089956,-0.49666102700450565,True,False,184.60473445073188,1.3249966108698814,2.6678087041805703,1.2673516176888628,0.1659,+1y,11.491893920898438,,,,
STRL,-0.4425120979086797,14881007823.104004,Heavy Construction Other Than Bldg Const - Contractors,-0.4059546440043117,-0.41573665175637375,523.5061502075196,-0.040698925871343605,0.08269321458798218,線附近,-0.5410268172905632,"STERLING INFRASTRUCTURE, INC.",2026-06-30,502.20001220703125,2026-09-08,False,open,False,0.0,2026-08-04,2026-06-30,False,3438486000.0,0.17517913407237953,0.6082789871426026,-94097000.0,597698000.0,284180000.0,464451000.0,0.0,52940000.0,27542000.0,31143000.0,取數標籤:有息負債 284M = LongTermDebtCurrent@2026-06-30 15M; LongTermDebtNoncurrent@2026-06-30 269M(其中融資租賃 0M = FinanceLeaseLiabilityCurrent@2026-06-30 0M+FinanceLeaseLiabilityNoncurrent@2026-06-30 0M);現金 464M = CashAndCashEquivalentsAtCarryingValue@2026-06-30 464M;投資 0M = (無);經營租賃 53M;稀釋股數 31.1M(XBRL 未拆季 2026-04-01→2026-06-30)。,-0.1574323487781455,淨現金,True,15640014980.163574,0.1,0.09845000267028808,0.0,False,True,False,0.11899948120117188,,4.548517859361235,1.58081325698394,5.268316499854909,4.780418978910197,2.877327754727607,0.863372172018614,都不過,0.005,0.15248661917775874,475.0237086923324,-0.05411450189988343,-0.5410268172905632,True,False,2665.433941520539,4.307514688832221,7.96173969786572,0.9969795509468148,0.19860001,+1y,-7.960052879882812,,,,
AMSC,-0.4402617112713977,1431465288.691578,Motors & Generators,-0.40488759284480647,-0.4146696005968685,35.828449964523315,-0.1503958288957865,-0.11381085170494354,殺,-0.6108278247724426,AMERICAN SUPERCONDUCTOR CORP /DE/,2018-12-31,30.440000534057617,2026-09-08,False,open,True,2738.0,2026-08-05,2026-06-30,True,56550000.0,0.6110698496905393,,-80042000.0,43193000.0,0.0,80042000.0,0.0,0.0,3530000.0,47124000.0,取數標籤:有息負債 0M = (無)(其中融資租賃 0M = (無));現金 80M = CashAndCashEquivalentsAtCarryingValue@2018-12-31 80M;投資 0M = (無);經營租賃 0M;稀釋股數 47.1M(XBRL 未拆季 2026-04-01→2026-06-30)。,-1.8531243488528233,淨現金,True,1434454585.1669312,0.1,0.09845000267028808,0.0,False,True,False,0.4462699890136719,,25.366128827001436,,,,,,資料不足,0.005,,,,-0.6108278247724426,True,True,,,,0.41677370396496877,0.1515,+1y,29.47699890136719,7.647297146014756,-0.748774736798752,-1.2258359990029923,
RMBS,-0.4385058760178276,9269128493.080437,Semiconductors & Related Devices,-0.4108353545780352,-0.4206173623300973,107.96759998321534,-0.1952215349497778,-0.011953007391094839,殺,-0.5147662265228254,RAMBUS INC,2026-03-31,86.88999938964844,2026-09-08,False,open,True,91.0,2026-07-28,2026-06-30,False,721155000.0,0.3589131324056548,0.1911707137394556,-762735000.0,365814000.0,0.0,134324000.0,651815000.0,23404000.0,54337000.0,109716000.0,取數標籤:有息負債 0M = (無)(其中融資租賃 0M = (無));現金 134M = CashAndCashEquivalentsAtCarryingValue@2026-03-31 134M;投資 652M = AvailableForSaleSecuritiesDebtSecuritiesCurrent@2026-03-31 652M;經營租賃 23M;稀釋股數 109.7M(XBRL 未拆季 2026-01-01→2026-03-31)。,-2.085035017795929,淨現金,True,9533223173.034668,0.1,0.09845000267028808,0.0,False,True,False,0.3257865905761719,,13.219381648930767,12.093939250895083,16.145057132478847,14.853515445680172,1.0930583802917968,0.8187881616310587,都不過,0.005699751176883773,0.21439536923266034,87.86793392127436,0.01125485715842256,-0.5147662265228254,True,True,,,,0.607711151679823,0.19940001,+1y,12.638658057617189,56.6336842496604,-0.3482140102718495,-0.6764507699426726,
NXT,-0.4352960549830429,,Semiconductors & Related Devices,-0.4107709665509298,-0.4205529743029919,108.44820007324219,-0.21206625014954428,0.010320674663736318,線附近,-0.4755114962882311,Nextpower Inc.,2026-07-03,85.44999694824219,2026-09-08,False,open,False,0.0,2026-08-03,2026-07-03,False,3630307000.0,0.19335637454353033,0.16973516277759937,-1175498000.0,602646000.0,0.0,1213898000.0,0.0,38400000.0,0.0,155141856.0,"companyfacts 沒有可用的股權薪酬季度標籤,SBC 當 0 處理 —— 這會高估自由現金流。; 警告:少數股東權益 的候選標籤(MinorityInterest)全部缺 asof(2026-07-03)前後 200 日內的資料,最新只到 2025-03-31,用這筆舊值代替 —— 可能失真,建議人手核對資產負債表。; 取數標籤:有息負債 0M = (無)(其中融資租賃 0M = (無));現金 1214M = CashAndCashEquivalentsAtCarryingValue@2026-07-03 1214M;投資 0M = (無);經營租賃 38M;稀釋股數 155.1M(XBRL 未拆季 2026-04-01→2026-07-03)。",-1.9505613577456749,淨現金,True,13256871121.744629,0.1,0.09845000267028808,0.0,False,True,False,0.16973495483398438,,3.651721774975127,3.1849409660796493,4.610251229541466,4.12549411446035,1.1465587004176216,0.7920873707653294,"只過一把(重估已完成,不是折讓)",0.005,0.25620595952751946,86.88260855900674,0.016765496336205832,-0.4755114962882311,True,False,85.45613080018076,7.178293923515433e-05,0.00015095941905817378,0.646424720993866,0.19399999,+1y,-2.4265035166015636,,,,
TDUP,-0.4266699227876842,,Retail-Catalog & Mail-Order Houses,-0.4195651887720603,-0.42934719652412234,5.065525003671646,-0.47290753192242696,-0.14953388623880803,殺,-0.7735849097021237,ThredUp Inc.,2026-06-30,2.6700000762939453,2026-09-08,False,open,False,0.0,2026-08-05,2026-06-30,False,334303000.0,-0.07110016960661436,0.20370217010106972,-1821000.0,15291000.0,17722000.0,42169000.0,10261000.0,32887000.0,20411000.0,129854000.0,取數標籤:有息負債 18M = LongTermDebtNoncurrent@2026-06-30 18M(其中融資租賃 0M = (無));現金 42M = CashAndCashEquivalentsAtCarryingValue@2026-06-30 42M;投資 10M = AvailableForSaleSecuritiesDebtSecuritiesCurrent@2026-06-30 10M;經營租賃 33M;稀釋股數 129.9M(XBRL 未拆季 2026-04-01→2026-06-30)。,-0.11908966058465764,淨現金,True,346710189.907074,0.1,0.09845000267028808,0.0,False,True,False,,現時營業利潤率 ≤ 0; 每股值無解或 ≤ 0,1.0371136062406678,1.3574413336322884,2.328333671663128,1.7588882863764932,0.7640209418594345,0.44543169171275093,兩把尺都過,0.05887049355391199,1.120196144589257,4.075357460844246,0.5263510653156933,-0.7735849097021237,True,False,-7.555096556880388,,,0.3355561118182281,0.1033,+1y,,,,,
AIP,-0.4245279731991603,1050380460.9900856,Semiconductors & Related Devices,-0.3690641385070984,-0.37884614625916047,23.93255000114441,-0.05066533602695644,0.13666285224116348,線附近,-0.574398019340727,"Arteris, Inc.",2026-06-30,22.719999313354492,2026-09-08,False,open,False,0.0,2026-08-06,2026-06-30,False,84615000.0,-0.4773267151214324,0.3380827376810678,-118071000.0,8506000.0,0.0,93270000.0,29992000.0,5191000.0,21425000.0,47276533.0,取數標籤:有息負債 0M = (無)(其中融資租賃 0M = (無));現金 93M = CashAndCashEquivalentsAtCarryingValue@2026-06-30 93M;投資 30M = DebtSecuritiesAvailableForSaleExcludingAccruedInterestCurrent@2026-06-30 29M+DebtSecuritiesAvailableForSaleExcludingAccruedInterestNoncurrent@2026-06-30 1M;經營租賃 5M;稀釋股數 47.3M(XBRL 未拆季 2026-04-01→2026-06-30)。,-13.880907594639078,淨現金,True,1074122797.297781,0.1,0.09845000267028808,0.0,False,True,False,,現時營業利潤率 ≤ 0; 每股值無解或 ≤ 0,12.694236214592932,7.136270517007163,11.788479285440728,10.20502020076276,1.7788333814336246,1.076834077341159,都不過,0.019946508959589944,-0.08951286543781778,16.438345973017668,-0.2764812293213652,-0.574398019340727,True,False,-50.44109526181083,,,0.5110400151211012,0.21090001,+1y,,,,,
CLFD,-0.4240688450276677,389180305.5681324,Telephone & Telegraph Apparatus,-0.4009121348884498,-0.41069414264051185,32.23195002555847,-0.10337414907835585,-0.02808082590422567,殺,-0.47990634568138824,"CLEARFIELD, INC.",2026-06-30,28.899999618530273,2026-09-08,False,open,False,0.0,2026-08-06,2026-06-30,False,153656000.0,-0.002394960170771073,0.3395287205014428,-144843000.0,31208000.0,0.0,20449000.0,134670000.0,10276000.0,4796000.0,13592072.0,取數標籤:有息負債 0M = (無)(其中融資租賃 0M = (無));現金 20M = CashAndCashEquivalentsAtCarryingValue@2026-06-30 20M;投資 135M = ShortTermInvestments@2026-06-30 81M+LongTermInvestments@2026-06-30 54M;經營租賃 10M;稀釋股數 13.6M(XBRL 未拆季 2026-04-01→2026-06-30)。,-4.641213791335555,淨現金,True,392810875.615036,0.1,0.09845000267028808,0.0,False,True,False,,現時營業利潤率 ≤ 0; 每股值無解或 ≤ 0,2.556430439520982,3.671212073684473,2.79873202121065,2.6143160137614556,0.696345073019799,0.9134245151542393,"只過一把(重估已完成,不是折讓)",0.01220943791968783,0.08157578207352567,26.598947332641938,-0.07962118741388957,-0.47990634568138824,True,False,-17.602612422631015,,,0.030598629469999836,0.2229,+1y,,,,,
RFIL,-0.4204757025254941,114046797.63365746,Electronic Connectors,-0.39965887845298953,-0.4094408862050516,12.111300036907195,-0.1280869611489407,0.0779925318135104,線附近,-0.5320930037387581,R F INDUSTRIES LTD,2020-01-31,10.5600004196167,2026-09-08,False,open,True,2281.0,2026-06-15,2026-04-30,True,57092000.0,0.06435227352343585,0.07973371662001671,-13199000.0,5297000.0,0.0,14390000.0,0.0,1191000.0,390000.0,11424572.0,"缺折舊攤銷標籤。; 警告:少數股東權益 的候選標籤(MinorityInterest)全部缺 asof(2020-01-31)前後 200 日內的資料,最新只到 2011-10-31,用這筆舊值代替 —— 可能失真,建議人手核對資產負債表。; 取數標籤:有息負債 0M = (無)(其中融資租賃 0M = (無));現金 14M = CashAndCashEquivalentsAtCarryingValue@2020-01-31 14M;投資 0M = (無);經營租賃 1M;稀釋股數 11.4M(XBRL 未拆季 2026-02-01→2026-04-30)。",-2.4917878044175947,淨現金,True,120643485.1139412,0.1,0.09845000267028808,0.0,False,True,False,0.8377342224121094,,2.1131416855941496,1.0605730011046062,2.171173028762845,1.5528389500258708,1.9924528376578263,0.9732718938564918,都不過,0.005,0.022350364685046697,6.984000205993652,-0.33863637040961847,-0.5320930037387581,True,True,,,,0.6867931282737174,0.1025,+1y,73.52342224121094,3.9801350006788074,-0.6230932914277976,-1.1710232742201547,
CEVA,-0.4152008309220175,758752261.8798523,"Services-Computer Programming, Data Processing, Etc.",-0.3683739577412418,-0.3781559654933039,28.71974998474121,-0.01670454004223354,0.03898206443773833,線附近,-0.47602878899977286,"Ceva, Inc.",2026-06-30,28.239999771118164,2026-09-08,False,open,False,0.0,2026-08-10,2026-06-30,False,105980000.0,-0.09098886582374033,,-198148000.0,3805000.0,0.0,44301000.0,171271000.0,17424000.0,21114000.0,24295000.0,取數標籤:有息負債 0M = (無)(其中融資租賃 0M = (無));現金 44M = CashAndCashEquivalentsAtCarryingValue@2026-06-30 44M;投資 171M = AvailableForSaleSecuritiesDebtSecuritiesCurrent@2026-06-30 171M;經營租賃 17M;稀釋股數 24.3M(XBRL 未拆季 2025-01-01→2025-12-31)。,-52.07568988173456,淨現金,True,686090794.4393158,0.1,0.09845000267028808,0.0,False,True,False,,現時營業利潤率 ≤ 0,6.473776131716511,,,,,,資料不足,0.03077435256547159,,,,-0.47602878899977286,True,False,4.375095780499677,-0.8450745107663135,-1.7752592496390311,0.3549395282872309,0.13,+1y,,,,,
TROX,-0.4150851214627731,768157130.351891,Industrial Inorganic Chemicals,-0.402985048070998,-0.41276705582306006,6.74404998421669,-0.2882614746378729,0.06870295519217362,線附近,-0.5419846946185467,TRONOX HOLDINGS PLC,2026-06-30,4.800000190734863,2026-09-08,False,open,False,0.0,2026-08-06,2026-06-30,False,3057000000.0,-0.07163886162904809,0.03662258392675488,3248000000.0,101000000.0,3232000000.0,194000000.0,0.0,180000000.0,1000000.0,159841000.0,"注意:有息負債取自合計標籤 LongTermDebtAndCapitalLeaseObligationsIncludingCurrentMaturities(按定義已含資本 / 融資租賃),而融資租賃 41M 另外再加了一次,可能重覆計數 1.3%。; 取數標籤:有息負債 3232M = LongTermDebtAndCapitalLeaseObligationsIncludingCurrentMaturities@2026-06-30 3191M(其中融資租賃 41M = FinanceLeaseLiability@2026-06-30 41M);現金 194M = CashAndCashEquivalentsAtCarryingValue@2026-06-30 194M;投資 0M = (無);經營租賃 180M;稀釋股數 159.8M(XBRL 未拆季 2026-04-01→2026-06-30)。",32.15841584158416,高(>6 倍),False,767236830.4872513,0.09,0.09120650205612182,4.212519357220436,True,False,True,,現時營業利潤率 ≤ 0; 每股值無解或 ≤ 0,0.25097704628303935,0.6354642214880983,0.33446182580173833,0.247854706613994,0.3949507113009665,0.7503907080618912,兩把尺都過,0.005,0.32600905759059917,4.266256181499626,-0.11119666417211593,-0.5419846946185467,True,False,-40.27376733365103,,,0.38467712841805823,0.0454,+1y,,,,,
LMB,-0.4091087257515932,594580158.2584381,Construction - Special Trade Contractors,-0.3950421139972605,-0.4048241217493226,76.6555500793457,-0.3537323668769087,-0.07892495001583033,殺,-0.6387695995072685,"LIMBACH HOLDINGS, INC.",2026-06-30,49.540000915527344,2026-09-08,False,open,False,0.0,2026-08-04,2026-06-30,False,683771000.0,0.0574549081490733,0.23665672548782002,65607000.0,52386000.0,64254000.0,17529000.0,0.0,18882000.0,7654000.0,12040218.0,取數標籤:有息負債 64M = LongTermDebtCurrent@2026-06-30 5M; LongTermDebtAndCapitalLeaseObligations@2026-06-30 36M(其中融資租賃 24M = FinanceLeaseLiabilityCurrent@2026-06-30 5M+FinanceLeaseLiabilityNoncurrent@2026-06-30 19M);現金 18M = CashAndCashEquivalentsAtCarryingValue@2026-06-30 18M;投資 0M = (無);經營租賃 19M;稀釋股數 12.0M(XBRL 未拆季 2026-04-01→2026-06-30)。,1.252376589165044,低(≤3 倍),True,596472410.7431488,0.1,0.09774559025253844,0.10772333949183924,False,False,False,0.7957572937011719,終值佔比 >150%,0.8723277394670859,0.9769222694286118,1.5282865897985871,1.402636301831704,0.8929346446133306,0.570788061146339,"只過一把(重估已完成,不是折讓)",0.012832110693039151,0.7297671997284398,71.69088002109177,0.4471311807873155,-0.6387695995072685,True,False,24.678829717138665,-0.5018403459616496,-0.7856359262381258,1.8525653491848908,0.19790001,+1y,59.785728370117184,,,,
PLTK,-0.4085559756257895,839120027.3874364,Services-Computer Processing & Data Preparation,-0.3850415254509859,-0.39482353320304797,3.4307500064373015,-0.35291116390155985,-0.038439977113192914,殺,-0.49656748162540154,PLAYTIKA HOLDING CORP.,2026-06-30,2.2200000286102295,2026-09-08,False,open,False,0.0,2026-08-06,2026-06-30,False,2829200000.0,-0.034497384419623925,0.058396618158692126,2082600000.0,454300000.0,2394700000.0,438500000.0,0.0,126400000.0,0.0,382200000.0,"companyfacts 沒有可用的股權薪酬季度標籤,SBC 當 0 處理 —— 這會高估自由現金流。; 取數標籤:有息負債 2395M = LongTermDebtCurrent@2026-06-30 11M; LongTermDebt@2026-06-30 2384M(其中融資租賃 0M = (無));現金 438M = CashAndCashEquivalentsAtCarryingValue@2026-06-30 438M;投資 0M = (無);經營租賃 126M;稀釋股數 382.2M(XBRL 未拆季 2026-04-01→2026-06-30)。",4.584195465551398,中(3–6 倍),False,848484010.9348297,0.095,0.09310155162271894,2.8223277859550993,False,False,False,,現時營業利潤率 ≤ 0; 每股值無解或 ≤ 0,0.2999024497860984,1.2133793600357132,0.5033807041675683,0.4452573182041711,0.24716297282102395,0.5957766106311957,兩把尺都過,0.005,0.6701308139097832,2.966378346930709,0.33620644536105204,-0.49656748162540154,True,False,-10.278406819019134,,,0.30746462735429414,0.0043,+1y,,,,,
LGN,-0.4059581209470118,,Construction - Special Trade Contractors,-0.34095899590648404,-0.3507410036585461,62.571375102996825,-0.0884010328742888,0.09708228598148483,線附近,-0.49789772015600753,Legence Corp.,2026-06-30,57.040000915527344,2026-09-08,False,open,False,0.0,2026-08-13,2026-06-30,False,3745668000.0,0.0078618820461397,0.6919157562666507,1302451000.0,388825000.0,1056323000.0,291980000.0,0.0,161031000.0,160787000.0,76032000.0,"缺折舊攤銷標籤。; 注意:有息負債取自合計標籤 LongTermDebtAndCapitalLeaseObligationsIncludingCurrentMaturities(按定義已含資本 / 融資租賃),而融資租賃 15M 另外再加了一次,可能重覆計數 1.4%。; 取數標籤:有息負債 1056M = LongTermDebtAndCapitalLeaseObligationsIncludingCurrentMaturities@2026-06-30 1041M(其中融資租賃 15M = FinanceLeaseLiability@2026-06-30 15M);現金 292M = CashAndCashEquivalentsAtCarryingValue@2026-06-30 292M;投資 0M = (無);經營租賃 161M;稀釋股數 76.0M(XBRL 未拆季 2026-04-01→2026-06-30)。",3.3497100237896227,中(3–6 倍),False,4336865349.609375,0.095,0.0970312730055227,0.24356831832354303,False,False,False,,每股值無解或 ≤ 0,1.1578349575054103,1.5349545666372426,1.5349545666372426,1.3190115347955942,0.7543122009415427,0.7543122009415427,兩把尺都過,0.03707447362055689,0.2783180545749231,58.48223600277869,0.02528462594850245,-0.49789772015600753,True,False,-658.1550118945253,,,-0.14029098006109733,0.1382,+1y,,,,,
PRIM,-0.4045743682659548,4006740115.0383215,"Water, Sewer, Pipeline, Comm & Power Line Construction",-0.3787055712169789,-0.38848757896904096,123.57420017242431,-0.3894356844473519,-0.07825812605389915,殺,-0.644638274881538,Primoris Services Corporation,2026-06-30,75.44999694824219,2026-09-08,False,open,False,0.0,2026-08-05,2026-06-30,False,7284200000.0,0.02911671837676066,0.051232465508283864,1060900000.0,194500000.0,797000000.0,218200000.0,0.0,482100000.0,21100000.0,54000000.0,"警告:少數股東權益 的候選標籤(MinorityInterest)全部缺 asof(2026-06-30)前後 200 日內的資料,最新只到 2021-09-30,用這筆舊值代替 —— 可能失真,建議人手核對資產負債表。; 取數標籤:有息負債 797M = LongTermDebt@2026-06-30 797M(其中融資租賃 0M = (無));現金 218M = CashAndCashEquivalentsAtCarryingValue@2026-06-30 218M;投資 0M = (無);經營租賃 482M;稀釋股數 54.0M(XBRL 未拆季 2026-04-01→2026-06-30)。",5.454498714652956,中(3–6 倍),False,4074299835.205078,0.095,0.0972648836702692,0.195616432819526,False,False,False,,,0.5593338781479199,0.4142288256397834,0.945190073713873,0.7494089628805028,1.3503016775426464,0.5917686756380822,"只過一把(重估已完成,不是折讓)",0.005178803930353825,0.6811431879646566,90.98074612356932,0.20584161436058168,-0.644638274881538,True,False,5.39135157380346,-0.9285440451707127,-1.4404109736446329,0.8664616935101698,0.113199994,+1y,,,,,
ON,-0.4028568694782826,28957004738.703423,Semiconductors & Related Devices,-0.41217331369998766,-0.4219553214520497,78.47684997558594,-0.09425516119508359,0.08484842173273477,線附近,-0.4692749517046141,ON SEMICONDUCTOR CORPORATION,2026-07-03,71.08000183105469,2026-09-08,False,open,False,0.0,2026-08-03,2026-07-03,False,6197800000.0,0.10805447094130176,-0.03141213977620805,1711900000.0,1672000000.0,5330300000.0,3514500000.0,350000000.0,226300000.0,150700000.0,404400000.0,取數標籤:有息負債 5330M = LongTermDebtCurrent@2026-07-03 802M; LongTermDebt@2026-07-03 4505M(其中融資租賃 23M = FinanceLeaseLiabilityCurrent@2026-07-03 0M+FinanceLeaseLiabilityNoncurrent@2026-07-03 23M);現金 3514M = CashAndCashEquivalentsAtCarryingValue@2026-07-03 3514M;投資 350M = ShortTermInvestments@2026-07-03 350M;經營租賃 226M;稀釋股數 404.4M(XBRL 未拆季 2026-04-04→2026-07-03)。,1.0238636363636364,低(≤3 倍),True,28744752740.478516,0.095,0.09731691473003601,0.18543558360458057,False,False,False,0.6659812927246094,,4.637896147097118,3.64461960988972,4.256202986111781,3.53894124197056,1.2725322923994948,1.089679266292238,都不過,0.005242695992572705,-0.08708490902549015,48.81376119321619,-0.31325605042557036,-0.4692749517046141,True,False,7.727730311031405,-0.891281230839035,-1.899272969080296,0.41344523681224427,0.1288,+1y,53.718129272460935,,,,
DUOT,-0.4028057238056285,275699098.4434833,Services-Prepackaged Software,-0.36446626852549224,-0.3742482762775543,9.461650006771087,-0.04350719121312174,0.004802776889594407,線附近,-0.48907104893033115,"Duos Technologies Group, Inc.",2026-06-30,9.050000190734863,2026-09-08,False,open,False,0.0,2026-08-19,2026-06-30,False,25232875.0,-0.3216050489688551,0.7498165953170035,-108037012.0,5488279.0,0.0,112308012.0,0.0,4271000.0,3682788.0,35538098.0,取數標籤:有息負債 0M = (無)(其中融資租賃 0M = (無));現金 112M = CashCashEquivalentsRestrictedCashAndRestrictedCashEquivalents@2026-06-30 112M;投資 0M = (無);經營租賃 4M;稀釋股數 35.5M(XBRL 未拆季 2026-04-01→2026-06-30)。,-19.685043708601548,淨現金,True,321619793.67835426,0.1,0.09845000267028808,0.0,False,True,False,,現時營業利潤率 ≤ 0; 每股值無解或 ≤ 0,12.746062177946598,16.553246442917914,16.856836980728165,12.207008429173172,0.7700037706742312,0.756136052838307,兩把尺都過,0.011450750458732914,0.3075409922527337,7.8005335579733535,-0.1380626084451002,-0.48907104893033115,True,False,-102.56610988710851,,,0.5892271913650631,2.7661,+1y,,,,,
ARM,-0.4013912083180538,268237684579.9933,Semiconductors & Related Devices,-0.3603277610980864,-0.37010976885014846,202.39992496490478,0.2921447417761889,0.11131126124316015,回調,-0.48825830846393026,ARM HOLDINGS PLC /UK,2026-06-30,261.5299987792969,2026-09-08,False,open,,,,,False,5156000000.0,0.17009309542280837,0.2511526328561029,-3420800000.0,2094000000.0,21000000.0,3058000000.0,847800000.0,464000000.0,1154000000.0,1078000000.0,取數標籤:有息負債 21M = (無)(其中融資租賃 21M = FinanceLeaseLiabilityCurrent@2026-06-30 21M);現金 3058M = CashAndCashEquivalentsAtCarryingValue@2026-06-30 3058M;投資 848M = ShortTermInvestments@2026-06-30 830M+AvailableForSaleSecuritiesDebtSecuritiesNoncurrent@2026-06-30 18M;經營租賃 464M;稀釋股數 1078.0M(XBRL 未拆季 2026-04-01→2026-06-30)。,-1.6336198662846226,淨現金,True,281929338684.08203,0.1,0.09845000267028808,0.0,False,True,False,1.1708259582519531,,54.67985622266913,39.291715320637614,40.24516053860467,30.387774923122265,1.3916383078839278,1.3586691043316415,都不過,0.005,-0.2676473819492903,130.80837732213038,-0.4998341378324307,-0.4998341378324307,False,False,23.172759564985153,-0.9113954052187319,-1.8233956751554994,0.7617871704586971,0.3643,+1y,80.6525958251953,,,,
BAND,-0.4005388139249468,,Services-Prepackaged Software,-0.38468050067081416,-0.3944625084228762,33.79974995613098,0.29054205988208737,0.2789673585205372,回調,-0.5289393216102884,BANDWIDTH INC.,2026-03-31,43.619998931884766,2026-09-08,False,open,True,91.0,2026-07-29,2026-06-30,False,788360000.0,-0.01814272667309351,0.04877643193050374,372948000.0,101342000.0,199199000.0,47283000.0,2990000.0,224022000.0,51747000.0,32957834.0,取數標籤:有息負債 199M = LinesOfCreditCurrent@2026-03-31 50M; LongTermDebtNoncurrent@2026-03-31 149M(其中融資租賃 0M = (無));現金 47M = CashAndCashEquivalentsAtCarryingValue@2026-03-31 47M;投資 3M = AvailableForSaleSecuritiesDebtSecuritiesCurrent@2026-03-31 3M;經營租賃 224M;稀釋股數 33.0M(XBRL 未拆季 2026-01-01→2026-03-31)。,3.6800931499279668,中(3–6 倍),False,1437620683.8772354,0.1,0.09756847729944003,0.13856158459181606,False,False,False,,現時營業利潤率 ≤ 0; 每股值無解或 ≤ 0,1.823558632956055,0.8537731302736477,0.7364481029847835,0.6479491571854539,2.1358819671117732,2.4761536156658868,都不過,0.0359948911283325,-0.6101793850141439,13.94920181353095,-0.6802108630191976,-0.6802108630191976,False,True,,,,0.24141634998186598,0.0429,+1y,,-20.015217247212593,,,
POWI,-0.3994727996564456,2818807926.7279434,Semiconductors & Related Devices,,,,,,,,,,,,,,,,,,,,,,,,,,,,,,,,,,,,,,,,,,,,,,,,,,,,,,,,,,,,,,,,,,,無價格:unsupported operand type(s) for /: 'float' and 'NoneType'
WYFI,-0.3988361000497904,759092261.2865143,Finance Services,-0.3482256006682731,-0.3580076084203352,21.556749997138976,-0.04577453941089071,-0.05196820180363815,殺,-0.7245080644335788,"WHITEFIBER,     INC.",2026-06-30,20.56999969482422,2026-09-08,False,open,False,0.0,2026-08-12,2026-06-30,False,94503192.0,-0.42301489668200837,0.5166685390337173,231220000.0,141593356.0,271900000.0,56056000.0,0.0,15376000.0,0.0,38662914.0,"companyfacts 沒有可用的股權薪酬季度標籤,SBC 當 0 處理 —— 這會高估自由現金流。; 取數標籤:有息負債 272M = ShortTermBorrowings@2026-06-30 29M; ConvertibleLongTermNotesPayable@2026-06-30 223M+LineOfCredit@2026-05-26 20M(其中融資租賃 0M = (無));現金 56M = CashAndCashEquivalentsAtCarryingValue@2026-06-30 56M;投資 0M = (無);經營租賃 15M;稀釋股數 38.7M(XBRL 未拆季 2026-04-01→2026-06-30)。",1.6329862257096301,低(≤3 倍),True,795296129.181015,0.095,0.09660450514350899,0.3418852299457296,False,False,False,,現時營業利潤率 ≤ 0; 每股值無解或 ≤ 0,8.415547796322214,10.604271791936997,10.721947511342451,8.501462886753245,0.793599783317607,0.7848898520926015,兩把尺都過,0.005,0.2677254941811853,18.702000617980957,-0.09081181840334607,-0.7245080644335788,True,False,-177.27390718892119,,,0.5794210910503301,1.1916001,+1y,,,,,
TTD,-0.3965272291487718,,"Services-Computer Programming, Data Processing, Etc.",-0.3962101260829769,-0.40599213383503896,24.899975090026857,-0.4369472095022666,-0.21064535952937213,殺,-0.7592832167770566,"The Trade Desk, Inc.",2026-06-30,14.020000457763672,2026-09-08,False,open,False,0.0,2026-08-06,2026-06-30,False,2990138000.0,0.19608325769579865,0.11610294249386355,-1051223000.0,1081674000.0,0.0,1122979000.0,362354000.0,434110000.0,452091000.0,469948000.0,取數標籤:有息負債 0M = (無)(其中融資租賃 0M = (無));現金 1123M = CashAndCashEquivalentsAtCarryingValue@2026-06-30 1123M;投資 362M = ShortTermInvestments@2026-06-30 362M;經營租賃 434M;稀釋股數 469.9M(XBRL 未拆季 2026-04-01→2026-06-30)。,-0.97184826481916,淨現金,True,6588671175.125122,0.1,0.09845000267028808,0.0,False,True,False,0.009891510009765625,,2.2034672564025883,18.502510945998296,4.067831820561538,3.1481602067839978,0.11909017445435707,0.5416810118021088,兩把尺都過,0.06861641566008408,0.7275655961286716,18.02771821127746,0.2858571770797973,-0.7592832167770566,True,False,18.98053279318782,0.35381827200135496,0.46598984961529094,0.5785388371437213,-0.0343,+1y,4.419151000976562,,,,
CORZ,-0.3913543287518294,5748780293.35936,Finance Services,-0.34395796697875036,-0.3537399747308124,19.709999980926515,-0.04972097613589743,0.014683566552261107,線附近,-0.44890261389180364,"Core Scientific, Inc./tx",2026-06-30,18.729999542236328,2026-09-08,False,open,False,0.0,2026-07-28,2026-06-30,False,440311000.0,-1.2744560095023745,0.2636927721908435,2637607000.0,520240000.0,4298843000.0,1769735000.0,0.0,108499000.0,93882000.0,325329000.0,取數標籤:有息負債 4299M = LongTermDebtNoncurrent@2026-06-30 4298M(其中融資租賃 1M = FinanceLeaseLiabilityNoncurrent@2026-06-30 1M);現金 1770M = CashAndCashEquivalentsAtCarryingValue@2026-06-30 1770M;投資 0M = (無);經營租賃 108M;稀釋股數 325.3M(XBRL 未拆季 2026-04-01→2026-06-30)。,5.069981162540366,中(3–6 倍),False,6093412021.076202,0.095,0.09545366820317262,0.7054902877289347,False,False,False,,現時營業利潤率 ≤ 0; 每股值無解或 ≤ 0,13.838882110772165,9.421655989196642,17.55241050025494,15.723413491416592,1.4688375511311962,0.7884319997285365,"只過一把(重估已完成,不是折讓)",0.01540713145201345,0.24909522538472695,19.15252782886622,0.022558905336707902,-0.44890261389180364,True,False,-82.30345425624135,,,0.5276190686442763,0.71709996,+1y,,,,,
POWL,-0.3888956638342832,6600487553.169983,Switchgear & Switchboard Apparatus,-0.3666180460021887,-0.3764000537542508,200.78231609344482,-0.09110518772862175,0.1035512226319042,線附近,-0.4705480485332325,"Powell Industries, Inc.",2026-06-30,182.49000549316406,2026-09-08,False,open,False,0.0,2026-08-04,2026-06-30,False,1157522000.0,0.19668999811666646,0.07039406398014414,-631037000.0,256113000.0,0.0,633561000.0,0.0,2524000.0,5240000.0,36604000.0,取數標籤:有息負債 0M = (無)(其中融資租賃 0M = (無));現金 634M = CashAndCashEquivalentsAtCarryingValue@2026-06-30 634M;投資 0M = (無);經營租賃 3M;稀釋股數 36.6M(XBRL 未拆季 2026-04-01→2026-06-30)。,-2.4639007000816044,淨現金,True,6679864161.071777,0.1,0.09845000267028808,0.0,False,True,False,0.3442649841308594,,5.770831276702972,1.9435416144597237,5.799535359589087,3.894905343204029,2.9692347381546442,0.995050623695456,都不過,0.005,-2.5876144340908347e-05,110.85112994231758,-0.39256328234112536,-0.4705480485332325,True,False,85.17122276094717,-0.5332828089364181,-1.133322751202006,0.5171178681320905,0.2455,+1y,9.876498413085939,,,,
ARKO,-0.3854019103428932,548588160.7115903,Retail-Convenience Stores,-0.39524424205356723,-0.4050262498056293,6.102999987602234,-0.2290676825718675,0.06214866008484732,線附近,-0.4942129963066094,ARKO Corp.,2023-06-30,4.704999923706055,2026-09-08,False,open,True,1096.0,2026-08-07,2026-06-30,True,72088000.0,2.054211519254245,-1.1471646190843652,2315544000.0,183080000.0,1052458000.0,220142000.0,3319000.0,1486547000.0,14903000.0,115882000.0,缺折舊攤銷標籤。; 取數標籤:有息負債 1052M = LongTermDebt@2023-06-30 824M(其中融資租賃 229M = FinanceLeaseLiabilityCurrent@2023-06-30 5M+FinanceLeaseLiabilityNoncurrent@2023-06-30 224M);現金 220M = CashAndCashEquivalentsAtCarryingValue@2023-06-30 220M;投資 3M = ShortTermInvestments@2023-06-30 3M;經營租賃 1487M;稀釋股數 115.9M(XBRL 未拆季 2026-04-01→2026-06-30)。,12.64771684509504,高(>6 倍),False,545224801.158905,0.095,0.0936784171191046,1.9303193797548153,False,False,False,0.4337730407714844,每股值無解或 ≤ 0,7.563322621780394,8.533372175825239,8.455489769771459,7.507060104887013,0.8863228353272856,0.8944866385882719,都不過,0.027333679554420235,0.08821477038302206,4.203000068664551,-0.10669497623415192,-0.4942129963066094,True,True,,,,0.04071510618817546,-0.0368,+1y,47.05730407714844,-19.099468879304933,,,
MEC,-0.3813162456429598,501336503.5689583,Metal Forgings & Stampings,-0.35686524773019024,-0.3666472554822523,23.023250031471253,-0.13739369623297049,0.09316983955237923,線附近,-0.48854554356182966,"Mayville Engineering Company, Inc.",2026-06-30,19.860000610351562,2026-09-08,False,open,False,0.0,2026-08-05,2026-06-30,False,586341000.0,-0.02182688913106878,0.11768092183642942,152543000.0,13930000.0,125718000.0,2203000.0,0.0,29028000.0,3472000.0,22767889.0,取數標籤:有息負債 126M = LongTermLineOfCredit@2026-06-30 126M(其中融資租賃 0M = (無));現金 2M = CashAndCashEquivalentsAtCarryingValue@2026-06-30 2M;投資 0M = (無);經營租賃 29M;稀釋股數 22.8M(XBRL 未拆季 2026-04-01→2026-06-30)。,10.950681981335247,高(>6 倍),False,452170289.4364166,0.095,0.09687419913376054,0.2780324203889965,False,False,False,,現時營業利潤率 ≤ 0; 每股值無解或 ≤ 0,0.771172900132204,0.5952188226045089,0.8149139809009829,0.7243470412393411,1.2956124215927345,0.9463242970498333,都不過,0.0076785230721980605,0.04866797826530789,16.788685664120415,-0.15464828055595814,-0.48854554356182966,True,False,-28.255882908916625,,,0.22950271412514972,0.1408,+1y,,,,,
MYRG,-0.380895279534777,4461991300.483704,"Water, Sewer, Pipeline, Comm & Power Line Construction",-0.3594309219686873,-0.36921292972074937,323.24395057678225,-0.10853705646175471,0.0833058537295599,線附近,-0.43597471485950823,MYR GROUP INC.,2026-06-30,288.1600036621094,2026-09-08,False,open,False,0.0,2026-07-29,2026-06-30,False,4006051000.0,0.056280361882562156,0.16057440459032324,-70768000.0,298494000.0,10939000.0,137872000.0,0.0,56165000.0,17961000.0,15731000.0,"警告:少數股東權益 的候選標籤(MinorityInterest)全部缺 asof(2026-06-30)前後 200 日內的資料,最新只到 2021-12-31,用這筆舊值代替 —— 可能失真,建議人手核對資產負債表。; 取數標籤:有息負債 11M = LongTermDebt@2026-06-30 9M(其中融資租賃 2M = FinanceLeaseLiabilityCurrent@2026-06-30 1M+FinanceLeaseLiabilityNoncurrent@2026-06-30 1M);現金 138M = CashAndCashEquivalentsAtCarryingValue@2026-06-30 138M;投資 0M = (無);經營租賃 56M;稀釋股數 15.7M(XBRL 未拆季 2026-04-01→2026-06-30)。",-0.2370834924655102,淨現金,True,4533045017.608643,0.1,0.09845000267028808,0.0,False,True,False,1.1821479797363281,,1.1315495028916613,0.6551136744649603,1.158228977209884,1.0074332832520054,1.727256729629117,0.976965285066091,都不過,0.005,0.018485396392132536,230.8973492228391,-0.19871825968747314,-0.43597471485950823,True,False,125.59644332130075,-0.5641433865729242,-1.293981892401072,1.2396156833568583,0.1547,+1y,102.74479797363281,,,,
LUMN,-0.3792950685933074,6982885365.40674,Telephone Communications (No Radiotelephone),-0.37358494079931936,-0.3833669485513814,7.738349995613098,-0.14193595918382618,-0.04150048209403845,殺,-0.5207100496313722,"LUMEN TECHNOLOGIES, INC.",2026-06-30,6.639999866485596,2026-09-08,False,open,False,0.0,2026-08-04,2026-06-30,False,10656000000.0,0.018581081081081082,-0.09923922231614535,12876000000.0,5367000000.0,13350000000.0,1876000000.0,0.0,1402000000.0,57000000.0,1004104000.0,"警告:少數股東權益 的候選標籤(MinorityInterest)全部缺 asof(2026-06-30)前後 200 日內的資料,最新只到 2011-03-31,用這筆舊值代替 —— 可能失真,建議人手核對資產負債表。; 取數標籤:有息負債 13350M = LongTermDebtAndCapitalLeaseObligationsIncludingCurrentMaturities@2026-06-30 13350M(其中融資租賃 0M = (無));現金 1876M = CashAndCashEquivalentsAtCarryingValue@2026-06-30 1876M;投資 0M = (無);經營租賃 1402M;稀釋股數 1004.1M(XBRL 未拆季 2026-04-01→2026-06-30)。",2.3991056456120736,低(≤3 倍),True,6667250425.937653,0.095,0.0936191327385307,2.0023246686616716,False,False,False,,每股值無解或 ≤ 0,0.6256804078394944,0.4288390168160259,0.6628451098007029,0.5892941219450022,1.4590099858099304,0.9439315438679441,都不過,0.008549251394285789,0.05041856602944139,5.628467118048876,-0.15233927240605527,-0.5207100496313722,True,False,-11.850008306894956,,,0.35313416571382983,-0.037100002,+1y,,,,,
ORCL,-0.3758933354035526,457361181863.8001,Services-Prepackaged Software,-0.3450735109014105,-0.35485551865347253,168.4951498031616,-0.03546182508921425,-0.13509044087624944,殺,-0.6497730863261855,Oracle Corporation,2026-05-31,162.52000427246094,2026-09-08,False,open,False,0.0,2026-06-22,2026-05-31,False,67358000000.0,0.3059027880875323,0.17350476489137434,136086000000.0,31977000000.0,137242000000.0,31289000000.0,605000000.0,30190000000.0,4811000000.0,2914000000.0,取數標籤:有息負債 137242M = DebtLongtermAndShorttermCombinedAmount@2026-05-31 129541M(其中融資租賃 7701M = FinanceLeaseLiabilityCurrent@2026-05-31 620M+FinanceLeaseLiabilityNoncurrent@2026-05-31 7081M);現金 31289M = CashAndCashEquivalentsAtCarryingValue@2026-05-31 31289M;投資 605M = AvailableForSaleSecuritiesDebtSecuritiesCurrent@2026-05-31 605M;經營租賃 30190M;稀釋股數 2914.0M(XBRL 未拆季 2025-06-01→2026-05-31)。,4.255746317665822,中(3–6 倍),False,473583292449.9512,0.095,0.09682251192362609,0.28979485169338803,False,False,False,0.2765464782714844,,7.03083958030154,6.7282049351125695,8.373594803572509,6.9505800094365675,1.0449799980986916,0.8396441128608115,都不過,0.010158719863430216,0.17900361204255932,144.59830180098336,-0.1102738247621029,-0.6497730863261855,True,False,98.08929085422048,-0.3964478939480207,-0.6101328329702537,0.6246198332687666,0.4629,+1y,-18.63535217285156,,,,
WULF,-0.3745604026130318,8237972971.474867,Finance Services,-0.3039750305317013,-0.31375703828376333,17.90100000858307,-0.0022903412218227004,0.04663400154544317,線附近,-0.49447895617876314,TERAWULF INC.,2021-09-30,17.860000610351562,2026-09-08,False,open,True,1734.0,2026-08-05,2026-06-30,True,16295813.0,-0.6343146549362096,0.1502078917335341,-1500847.0,796757.0,0.0,1500847.0,0.0,0.0,216391.0,485734901.0,取數標籤:有息負債 0M = (無)(其中融資租賃 0M = (無));現金 2M = CashAndCashEquivalentsAtCarryingValue@2021-09-30 2M;投資 0M = (無);經營租賃 0M;稀釋股數 485.7M(XBRL 未拆季 2026-04-01→2026-06-30)。,-1.883694777705122,淨現金,True,8675225628.329056,0.1,0.09845000267028808,0.0,False,True,False,,現時營業利潤率 ≤ 0; 每股值無解或 ≤ 0,532.3591789086593,118.63322899229748,462.0138292885418,408.3606047181212,4.487437317779016,1.1522581038936492,都不過,0.005,-0.1364566044191352,12.329999828338623,-0.30963049233087814,-0.49447895617876314,True,True,,,,0.43931758248536595,2.3864,+1y,,-0.4704778884793412,,,
HUN,-0.3730351837337108,1686858437.372887,Chemicals & Allied Products,-0.34666665395100915,-0.3564486617030712,11.980149998664857,-0.18198017622258178,0.03611212021811272,線附近,-0.40906229449714326,Huntsman Corporation,2026-03-31,9.800000190734863,2026-09-08,False,open,True,91.0,2026-07-31,2026-06-30,False,5693000000.0,-0.03319866502722642,-0.04735609103078986,2339000000.0,310000000.0,2056000000.0,369000000.0,0.0,431000000.0,31000000.0,173000000.0,取數標籤:有息負債 2056M = LongTermDebt@2026-03-31 2056M(其中融資租賃 0M = (無));現金 369M = CashAndCashEquivalentsAtCarryingValue@2026-03-31 369M;投資 0M = (無);經營租賃 431M;稀釋股數 173.0M(XBRL 未拆季 2026-01-01→2026-03-31)。,7.54516129032258,高(>6 倍),False,1695400032.9971313,0.095,0.09448011485994237,1.2126931461511177,False,False,False,,現時營業利潤率 ≤ 0; 每股值無解或 ≤ 0,0.29780432689217134,0.58985865277659,0.34001383055452655,0.29780432689217134,0.5048740498937213,0.8758594507949398,"只過一把(重估已完成,不是折讓)",0.018284770199749344,0.12123418694937915,8.820000171661377,-0.09999999999999998,-0.40906229449714326,True,True,,,,0.33895402670985203,0.0238,+1y,,-22.02548482575909,,,
DKS,-0.373011954248702,,Retail-Miscellaneous Shopping Goods Stores,-0.3898875782587863,-0.39966958601084834,207.012300491333,-0.3605694212227285,-0.03603456425592588,殺,-0.4802441840101389,"DICK'S Sporting Goods, Inc.",2026-05-02,132.3699951171875,2026-09-08,False,open,False,0.0,2026-06-04,2026-05-02,False,19204947000.0,0.06146551719200267,0.41221755019544615,4885388000.0,1635814000.0,0.0,998228000.0,0.0,5883616000.0,134345000.0,90408000.0,取數標籤:有息負債 0M = (無)(其中融資租賃 0M = (無));現金 998M = CashAndCashEquivalentsAtCarryingValue@2026-05-02 998M;投資 0M = (無);經營租賃 5884M;稀釋股數 90.4M(XBRL 未拆季 2026-02-01→2026-05-02)。,2.986518027110662,低(≤3 倍),True,11967306518.554688,0.1,0.09845000267028808,0.0,False,True,False,0.3483772277832031,終值佔比 >150%,0.6231366594531444,1.05012018691965,1.2087433948533821,1.0503927702297389,0.5933955629221932,0.515524355381259,兩把尺都過,0.011226001422434117,0.9182384155722021,200.81700439453124,0.517088553314121,-0.4802441840101389,True,False,155.41053847718717,0.17406167719203913,0.36244411278151856,3.0216761577357256,0.026300002,+1y,32.207722578320315,,,,
DBI,-0.3713543857797464,,Retail-Shoe Stores,-0.3658536670464694,-0.37563567479853144,6.524799995422363,-0.20304073490170937,0.07271680976939798,線附近,-0.4346871251973431,DESIGNER BRANDS INC.,2026-05-02,5.199999809265137,2026-09-08,False,open,False,0.0,2026-06-09,2026-05-02,False,2902112000.0,0.025462835341985422,-0.01609147080511597,1176357000.0,108193000.0,475271000.0,50104000.0,0.0,751190000.0,19355000.0,55920000.0,"警告:少數股東權益 的候選標籤(MinorityInterest)全部缺 asof(2026-05-02)前後 200 日內的資料,最新只到 2012-01-28,用這筆舊值代替 —— 可能失真,建議人手核對資產負債表。; 取數標籤:有息負債 475M = LongTermDebtCurrent@2026-05-02 7M; LongTermDebt@2026-05-02 469M(其中融資租賃 0M = (無));現金 50M = CashAndCashEquivalentsAtCarryingValue@2026-05-02 50M;投資 0M = (無);經營租賃 751M;稀釋股數 55.9M(XBRL 未拆季 2026-02-01→2026-05-02)。",10.872764411745676,高(>6 倍),False,290783989.33410645,0.095,0.0939560357510361,1.6344469346072583,False,False,False,,每股值無解或 ≤ 0,0.1001973698238064,0.15348607218488447,0.11773191643400582,0.0929624168977953,0.6528108277024108,0.8510637799731363,"只過一把(重估已完成,不是折讓)",0.06656143635804307,0.10167124810628048,4.342071013327701,-0.16498631296270716,-0.4346871251973431,True,False,-10.629126050071292,,,0.4263258207475881,0.020299999,+1y,,,,,
AGX,-0.3712914486218701,5864333520.569824,Construction - Special Trade Contractors,-0.32480021504633705,-0.3345822227983991,513.469049835205,-0.14935476847245432,0.10183571314495588,線附近,-0.4931438154314579,ARGAN INC,2026-07-31,436.7799987792969,2026-09-08,False,open,False,0.0,2026-09-02,2026-07-31,False,1188133000.0,0.1536056990252775,0.29020778924621426,-838651000.0,555177000.0,0.0,364481000.0,480557000.0,6387000.0,8890000.0,14164000.0,"警告:少數股東權益 的候選標籤(MinorityInterest)全部缺 asof(2026-07-31)前後 200 日內的資料,最新只到 2022-10-31,用這筆舊值代替 —— 可能失真,建議人手核對資產負債表。; 取數標籤:有息負債 0M = (無)(其中融資租賃 0M = (無));現金 364M = CashAndCashEquivalentsAtCarryingValue@2026-07-31 364M;投資 481M = AvailableForSaleSecuritiesDebtSecurities@2026-07-31 481M(合計標籤);經營租賃 6M;稀釋股數 14.2M(XBRL 未拆季 2026-05-01→2026-07-31)。",-1.510601123605625,淨現金,True,6186551902.709961,0.1,0.09845000267028808,0.0,False,True,False,0.2976417541503906,,5.206952338425042,1.3538337370634872,6.559842808123547,5.045623989344313,3.846079615152082,0.7937617547751115,"只過一把(重估已完成,不是折讓)",0.005,0.2535560823332952,380.92241814448346,-0.12788493243949572,-0.4931438154314579,True,False,427.67879520647756,-0.02083704290090016,-0.04225348113241481,0.8322499685523571,0.2142,+1y,8.344175415039063,,,,
DOCN,-0.3695453285875745,13224172132.029724,"Services-Computer Programming, Data Processing, Etc.",-0.2695877505307147,-0.27936975828277677,97.51949974060058,0.29912481891722664,0.196305810305186,回調,-0.42153452131765445,"DigitalOcean Holdings, Inc.",2026-06-30,126.69000244140625,2026-09-08,False,open,False,0.0,2026-08-04,2026-06-30,False,1011113000.0,0.14802499819505832,0.2140951379182816,1042948000.0,309956000.0,1330887000.0,767026000.0,0.0,479087000.0,95033000.0,126548000.0,取數標籤:有息負債 1331M = LongTermDebt@2026-06-30 921M(其中融資租賃 410M = FinanceLeaseLiabilityCurrent@2026-06-30 90M+FinanceLeaseLiabilityNoncurrent@2026-06-30 320M);現金 767M = CashAndCashEquivalentsAtCarryingValue@2026-06-30 767M;投資 0M = (無);經營租賃 479M;稀釋股數 126.5M(XBRL 未拆季 2026-04-01→2026-06-30)。,3.36482597529972,中(3–6 倍),False,16032366428.955078,0.1,0.09789479100783492,0.08301251134058203,False,False,False,0.8051033020019531,,15.856156956695322,7.153931585659559,9.571537882290396,6.980952473245707,2.2164255789753207,1.656594494186034,都不過,0.0059275716046738244,-0.39990905381802544,50.19975517805732,-0.6037591427052458,-0.6037591427052458,False,False,15.075788456002126,-0.8810025403308787,-1.4591953612220208,0.7522137679258232,0.5374,+1y,26.770330200195314,,,,
GOGO,-0.3651007312918357,384842316.4492669,"Communications Services, NEC",-0.3678160780943087,-0.3775980858463708,4.29329999923706,-0.35946707649391196,-0.19898503960772118,殺,-0.7657992632600168,Gogo Inc.,2026-06-30,2.75,2026-09-08,False,open,False,0.0,2026-08-06,2026-06-30,False,903276000.0,0.11543758496849246,0.3002894887234713,817562000.0,80371000.0,816607000.0,63132000.0,0.0,64087000.0,22282000.0,136250000.0,取數標籤:有息負債 817M = LongTermDebtCurrent@2026-06-30 2M; LongTermDebtNoncurrent@2026-06-30 814M(其中融資租賃 0M = FinanceLeaseLiabilityCurrent@2026-06-30 0M);現金 63M = CashAndCashEquivalentsAtCarryingValue@2026-06-30 63M;投資 0M = (無);經營租賃 64M;稀釋股數 136.2M(XBRL 未拆季 2026-04-01→2026-06-30)。,10.172350723519678,高(>6 倍),False,374687500.0,0.095,0.09348473731731914,2.179434862385321,False,False,False,0.002735137939453125,,0.41480953772711776,3.3600741724628618,0.6823790594346484,0.5997084414495939,0.12345249433082346,0.6078872614742719,兩把尺都過,0.05946822351959967,0.5527052513855386,3.5782166454527786,0.30116968925555576,-0.7657992632600168,True,False,16.33351794020322,4.939461069164807,6.4500728926500415,0.9719011012494101,0.0405,+1y,-3.7764862060546878,,,,
AHCO,-0.3643993070517634,884873800.8332901,Services-Home Health Care Services,-0.3766364685815704,-0.38641847633363247,9.966199984550476,-0.3789006776087026,-0.029680508601704125,殺,-0.6098654898696338,AdaptHealth Corp.,2026-06-30,6.190000057220459,2026-09-08,False,open,False,0.0,2026-08-04,2026-06-30,False,3226709000.0,-0.044584745634019055,0.04171900751738922,2037714000.0,583274000.0,1940831000.0,43289000.0,0.0,132382000.0,22538000.0,136120000.0,現金標籤退用前綴比對:CashCashEquivalentsRestrictedCashAndRestrictedCashEquivalentsIncludingDisposalGroupAndDiscontinuedOperations@2026-06-30 = 43M(三個標準標籤都對不上).; 取數標籤:有息負債 1941M = LongTermDebtCurrent@2026-06-30 8M; LongTermDebt@2026-06-30 1888M(其中融資租賃 45M = FinanceLeaseLiability@2026-06-30 45M);現金 43M = CashCashEquivalentsRestrictedCashAndRestrictedCashEquivalentsIncludingDisposalGroupAndDiscontinuedOperations@2026-06-30 43M;投資 0M = (無);經營租賃 132M;稀釋股數 136.1M(XBRL 未拆季 2026-04-01→2026-06-30)。,3.493579346927859,中(3–6 倍),False,842582807.7888489,0.095,0.09339922276068459,2.3034305733026206,False,False,False,,現時營業利潤率 ≤ 0; 每股值無解或 ≤ 0,0.2611276095206754,0.4588450644933835,0.4373504619770114,0.4076678698148431,0.5690975663190135,0.5970671857536557,兩把尺都過,0.026748706230008933,0.6312203557122329,8.697348119954043,0.40506430364388013,-0.6098654898696338,True,False,-31.15149355860142,,,0.336807700057565,0.038,+1y,,,,,
FN,-0.3633692317534578,14599123374.881348,Telephone & Telegraph Apparatus,-0.3310784636588967,-0.34086047141095877,536.1432508850098,-0.22350976745227646,0.025735543232475067,線附近,-0.4708427458536124,FABRINET,2026-06-26,416.30999755859375,2026-09-08,False,open,False,0.0,2026-08-18,2026-06-26,False,4641097000.0,0.09973654935460302,0.3573130034068108,-871042000.0,256725000.0,0.0,346711000.0,528344000.0,4013000.0,34630000.0,36252000.0,取數標籤:有息負債 0M = (無)(其中融資租賃 0M = (無));現金 347M = CashAndCashEquivalentsAtCarryingValue@2026-06-26 347M;投資 528M = ShortTermInvestments@2026-06-26 528M;經營租賃 4M;稀釋股數 36.3M(XBRL 未拆季 2025-06-28→2026-06-26)。,-3.3928990164572985,淨現金,True,15092070031.49414,0.1,0.09845000267028808,0.0,False,True,False,0.3628501892089844,,3.251832493803543,2.423470008633742,4.674241256607928,4.129194570818448,1.3418084326270656,0.695692052524345,"只過一把(重估已完成,不是折讓)",0.005,0.43026626797216583,475.76942738435423,0.14282489052497915,-0.4708427458536124,True,False,409.82709489380414,-0.015572296372433736,-0.03307324262626581,1.1726346251530275,0.1973,+1y,16.555018920898437,,,,
STUB,-0.3632123888356976,,Services-Miscellaneous Amusement & Recreation,-0.3938491885158689,-0.403631196267931,9.843199980258941,-0.3792668902624824,-0.17045627172184763,殺,-0.7231818112460049,"STUBHUB HOLDINGS, INC.",2026-06-30,6.110000133514404,2026-09-08,False,open,False,0.0,2026-08-13,2026-06-30,False,1936399000.0,-0.697471440545053,0.07871612437440678,-296780000.0,635203000.0,1396271000.0,1693051000.0,0.0,0.0,1540151000.0,378710978.0,取數標籤:有息負債 1396M = LongTermDebtNoncurrent@2026-06-30 1396M(其中融資租賃 0M = (無));現金 1693M = CashAndCashEquivalentsAtCarryingValue@2026-06-30 1693M;投資 0M = (無);經營租賃 0M;稀釋股數 378.7M(XBRL 未拆季 2026-04-01→2026-06-30)。,-0.4672207152674027,淨現金,True,2313924126.1433706,0.1,0.09845000267028808,0.0,False,True,False,,現時營業利潤率 ≤ 0; 每股值無解或 ≤ 0,1.1949624670036343,2.174769514733499,2.174769514733499,1.6644127911453406,0.5494662578760985,0.5494662578760985,兩把尺都過,0.665601340423801,0.09266720957109231,7.6593252016183735,0.253572018698601,-0.7231818112460049,True,False,-52.33716408718258,,,0.4021199523291486,0.1013,+1y,,,,,
MTZ,-0.362916141006777,19047530812.177,"Water, Sewer, Pipeline, Comm & Power Line Construction",-0.3201137972172695,-0.3298958049693316,304.7079490661621,-0.19207886295632048,0.05631590760398408,線附近,-0.4690864355224016,MASTEC INC,2026-06-30,246.17999267578125,2026-09-08,False,open,False,0.0,2026-07-30,2026-06-30,False,16109103000.0,0.034905419625164726,0.23460777599427107,3431125000.0,582025000.0,3128535000.0,315641000.0,0.0,495216000.0,37438000.0,78870000.0,取數標籤:有息負債 3129M = LongTermDebtAndCapitalLeaseObligationsCurrent@2026-06-30 166M; LongTermDebtAndCapitalLeaseObligations@2026-06-30 2574M(其中融資租賃 388M = FinanceLeaseLiabilityCurrent@2026-06-30 140M+FinanceLeaseLiabilityNoncurrent@2026-06-30 248M);現金 316M = CashAndCashEquivalentsAtCarryingValue@2026-06-30 316M;投資 0M = (無);經營租賃 495M;稀釋股數 78.9M(XBRL 未拆季 2026-04-01→2026-06-30)。,5.895150551952236,中(3–6 倍),False,19416216022.338867,0.095,0.09744482212198725,0.161130005784883,False,False,False,,每股值無解或 ≤ 0,1.2052946723562987,0.8288388784655121,1.4063195236193071,1.254529762843536,1.4541965919694138,0.8570560616653814,都不過,0.005,0.1609799173328481,230.61258082402543,-0.06323589371561189,-0.4690864355224016,True,False,-60.3385168466864,,,-8.019288207150339,0.1891,+1y,,,,,
AMKR,-0.3593934128686042,11868574701.172516,Semiconductors & Related Devices,-0.30281785263638317,-0.3125998603884452,56.20585007667542,-0.09760280911130348,0.08886183162073857,線附近,-0.5432389294675344,"AMKOR TECHNOLOGY, INC.",2026-03-31,50.720001220703125,2026-09-08,False,open,True,91.0,2026-07-28,2026-06-30,False,7071107000.0,0.07582249851402334,0.12709308427041144,-185078000.0,1216544000.0,1560027000.0,1121183000.0,727317000.0,67764000.0,0.0,249570000.0,"companyfacts 沒有可用的股權薪酬季度標籤,SBC 當 0 處理 —— 這會高估自由現金流。; 取數標籤:有息負債 1560M = DebtLongtermAndShorttermCombinedAmount@2026-03-31 1425M(其中融資租賃 136M = FinanceLeaseLiabilityCurrent@2026-03-31 41M+FinanceLeaseLiabilityNoncurrent@2026-03-31 95M);現金 1121M = CashAndCashEquivalentsAtCarryingValue@2026-03-31 1121M;投資 727M = ShortTermInvestments@2026-03-31 727M;經營租賃 68M;稀釋股數 249.6M(XBRL 未拆季 2026-01-01→2026-03-31)。",-0.15213424257568983,淨現金,True,12658190704.650879,0.1,0.0976552436669202,0.12324249463446732,False,False,False,0.5036811828613281,,1.7901285759996106,1.013486412513156,1.7901285759996106,1.5278248582785596,1.7663074254351419,1.0,都不過,0.005,-0.004975124378109319,38.959296971321784,-0.23187507820052655,-0.5432389294675344,True,True,,,,0.8022028055280797,0.1272,+1y,37.648118286132814,23.151264637520836,-0.5435476324856465,-1.0005682637995306,
PZZA,-0.352481358146862,746663871.2069016,Retail-Eating  Places,-0.3321596535789425,-0.34194166133100456,33.951700105667115,-0.32963591931931546,-0.10611431853896924,殺,-0.5922979808865119,"PAPA JOHN’S INTERNATIONAL, INC.",2026-06-28,22.760000228881836,2026-09-08,False,open,False,0.0,2026-08-06,2026-06-28,False,1967339000.0,0.04302105534430009,-0.05645566633350152,917810000.0,94985000.0,765300000.0,28490000.0,0.0,170220000.0,14953000.0,33129000.0,取數標籤:有息負債 765M = LongTermDebtCurrent@2026-06-28 12M; LongTermDebtNoncurrent@2026-06-28 715M(其中融資租賃 38M = FinanceLeaseLiabilityCurrent@2026-06-28 10M+FinanceLeaseLiabilityNoncurrent@2026-06-28 28M);現金 28M = CashCashEquivalentsRestrictedCashAndRestrictedCashEquivalents@2026-06-28 28M;投資 0M = (無);經營租賃 170M;稀釋股數 33.1M(XBRL 未拆季 2026-03-30→2026-06-28)。,9.66268358161815,高(>6 倍),False,754016047.5826263,0.095,0.09480135364243006,1.0149651356274842,False,False,False,,每股值無解或 ≤ 0,0.3832669649626355,0.81582453672665,0.5732788509590504,0.5298877010164328,0.46979092649067117,0.6685524231732255,兩把尺都過,0.01983114291524601,0.4666830152818868,28.320259164084973,0.24429959926570288,-0.5922979808865119,True,False,-11.68074168032295,,,0.39176499118003005,-0.0208,+1y,,,,,
TTI,-0.3509858647289779,1023182880.295887,Crude Petroleum & Natural Gas,,,,,,,,,,,,,,,,,,,,,,,,,,,,,,,,,,,,,,,,,,,,,,,,,,,,,,,,,,,,,,,,,,,無價格:float division by zero
CRNC,-0.3484295570501232,385814080.1322184,Services-Prepackaged Software,-0.35164832203471286,-0.3614303297867749,9.55202501296997,-0.13526187194168693,-0.046735010049626324,殺,-0.5518797028064053,CERENCE INC.,2026-06-30,8.260000228881836,2026-09-08,False,open,False,0.0,2026-08-06,2026-06-30,False,309494000.0,0.08717454942583701,0.2583768047587489,59445000.0,84713000.0,173458000.0,127607000.0,0.0,13594000.0,26920000.0,47744000.0,缺折舊攤銷標籤。; 現金標籤退用前綴比對:CashCashEquivalentsRestrictedCashAndRestrictedCashEquivalentsIncludingDisposalGroupAndDiscontinuedOperations@2026-06-30 = 128M(三個標準標籤都對不上).; 取數標籤:有息負債 173M = LongTermDebtNoncurrent@2026-06-30 173M(其中融資租賃 0M = (無));現金 128M = CashCashEquivalentsRestrictedCashAndRestrictedCashEquivalentsIncludingDisposalGroupAndDiscontinuedOperations@2026-06-30 128M;投資 0M = (無);經營租賃 14M;稀釋股數 47.7M(XBRL 未拆季 2026-04-01→2026-06-30)。,0.7017222858357041,低(≤3 倍),True,394365450.9277344,0.095,0.09623726713166388,0.43984076087787255,False,False,False,0.19451522827148438,,1.2742264823477494,2.26347559724186,1.629164534787103,1.3066220758690748,0.5629512789536798,0.7821349256870875,兩把尺都過,0.06826155774211815,0.19685274537499042,7.623000240325927,-0.07711864054538164,-0.5518797028064053,True,False,10.091039360594543,0.22167543353210983,0.40167346688934435,1.0948093396805356,-0.076,+1y,27.05152282714844,,,,
ORN,-0.3469692432380494,375796280.38659096,Heavy Construction Other Than Bldg Const - Contractors,-0.33261029695197963,-0.3423923047040417,12.090150032043457,-0.23656865152431128,0.022747172880443367,線附近,-0.4719953026252418,"ORION GROUP HOLDINGS, INC.",2026-03-31,9.229999542236328,2026-09-08,False,open,True,91.0,2026-07-29,2026-06-30,False,879907000.0,0.014754968422799228,0.06736254738438219,110404000.0,36434000.0,83646000.0,6254000.0,0.0,33012000.0,5714000.0,40133155.0,"警告:少數股東權益 的候選標籤(MinorityInterest)全部缺 asof(2026-03-31)前後 200 日內的資料,最新只到 2014-12-31,用這筆舊值代替 —— 可能失真,建議人手核對資產負債表。; 取數標籤:有息負債 84M = LongTermDebtCurrent@2026-03-31 6M; LongTermDebtNoncurrent@2026-03-31 66M(其中融資租賃 11M = FinanceLeaseLiabilityCurrent@2026-03-31 6M+FinanceLeaseLiabilityNoncurrent@2026-03-31 5M);現金 6M = CashAndCashEquivalentsAtCarryingValue@2026-03-31 6M;投資 0M = (無);經營租賃 33M;稀釋股數 40.1M(XBRL 未拆季 2026-01-01→2026-03-31)。",3.030246473074601,中(3–6 倍),False,370429002.2784996,0.095,0.0971156639611932,0.22580845313270703,False,False,False,,每股值無解或 ≤ 0,0.4209865386665859,0.31556154362703814,0.5204391425978608,0.44652853758299643,1.3340869544108627,0.8089063719634149,都不過,0.015425358070921357,0.21745730180245282,8.810999965667724,-0.04539540599663827,-0.4719953026252418,True,True,,,,-4.476515664318557,0.0795,+1y,,-3.198881378914472,,,
CDNL,-0.3463297614772433,,Heavy Construction Other Than Bldg Const - Contractors,-0.29535398160069726,-0.3051359893527593,,,,資料不足,-0.6324885935250053,Cardinal Infrastructure Group Inc,2026-06-30,38.220001220703125,2026-09-08,False,open,False,0.0,2026-08-12,2026-06-30,False,582355328.0,0.08570986578146324,,239419646.0,38317506.0,207005505.0,339092289.0,0.0,23073744.0,461517.0,20428610.0,"現金標籤退用前綴比對:CashCashEquivalentsRestrictedCashAndRestrictedCashEquivalentsIncludingDisposalGroupAndDiscontinuedOperations@2026-06-30 = 339M(三個標準標籤都對不上).; 取數標籤:有息負債 207M = NotesPayable@2026-06-30 200M(其中融資租賃 8M = FinanceLeaseLiabilityCurrent@2026-06-30 3M+FinanceLeaseLiabilityNoncurrent@2026-06-30 4M);現金 339M = CashCashEquivalentsRestrictedCashAndRestrictedCashEquivalentsIncludingDisposalGroupAndDiscontinuedOperations@2026-06-30 339M;投資 0M = (無);經營租賃 23M;稀釋股數 43.1M(XBRL 未拆季 2026-04-01→2026-06-30)。; 稀釋股數改用 yfinance 現時股數 20.4M(XBRL 43.1M 相差超過 25%,來源:XBRL 未拆季 2026-04-01→2026-06-30)。",6.248309741244642,高(>6 倍),False,780781499.1372681,0.1,0.09845000267028808,0.0,False,True,False,0.4499015808105469,,1.3407304125107413,,,,,,資料不足,0.005,,,,-0.6324885935250053,True,False,8.101152350148517,-0.7880389301044747,-1.2459338210552562,0.4167737039649688,0.18100001,+1y,26.89015708105469,,,,
MOD,-0.3432896534538515,10338919933.784546,Motor Vehicle Parts & Accessories,-0.3333217335787404,-0.34310374133080246,210.76555011749267,-0.08737454486139307,0.05495127325080018,線附近,-0.4211932731460838,MODINE MANUFACTURING CO,2026-06-30,192.35000610351562,2026-09-08,False,open,False,0.0,2026-07-30,2026-06-30,False,3372400000.0,0.10126319535049223,0.29468673218673214,580000000.0,262400000.0,523800000.0,95300000.0,0.0,143200000.0,24800000.0,54000000.0,"注意:有息負債取自合計標籤 LongTermDebtAndCapitalLeaseObligationsIncludingCurrentMaturities(按定義已含資本 / 融資租賃),而融資租賃 2M 另外再加了一次,可能重覆計數 0.4%。; 取數標籤:有息負債 524M = LongTermDebtAndCapitalLeaseObligationsIncludingCurrentMaturities@2026-06-30 522M(其中融資租賃 2M = FinanceLeaseLiabilityCurrent@2026-06-30 0M+FinanceLeaseLiabilityNoncurrent@2026-06-30 2M);現金 95M = CashAndCashEquivalentsAtCarryingValue@2026-06-30 95M;投資 0M = (無);經營租賃 143M;稀釋股數 54.0M(XBRL 未拆季 2026-04-01→2026-06-30)。",2.2103658536585367,低(≤3 倍),True,10386900329.589844,0.1,0.09810225729124854,0.05042890404058433,False,False,False,0.4040260314941406,,3.0799728174563645,1.6458540821143028,3.42407983482092,3.058516102291881,1.8713522972217314,0.8995037984029505,都不過,0.005,0.10619307821549584,171.90899505615235,-0.10626987470103166,-0.4211932731460838,True,False,136.20487267802645,-0.29189046864533996,-0.6930083817936539,1.0523884746483494,0.204,+1y,20.002603149414064,,,,
FSLR,-0.3432218239166215,21972197828.628235,Semiconductors & Related Devices,-0.2962046204620462,-0.30598662821410827,230.40250106811524,-0.07444581108537685,-0.021494401597675794,殺,-0.37395127889029356,"First Solar, Inc.",2026-06-30,213.25,2026-09-08,False,open,False,0.0,2026-07-30,2026-06-30,False,5378071000.0,0.3364964873092973,0.23820628686452694,-1532954000.0,2155743000.0,74501000.0,1688279000.0,38685000.0,119509000.0,23655000.0,107732000.0,取數標籤:有息負債 75M = DebtLongtermAndShorttermCombinedAmount@2026-06-30 38M(其中融資租賃 37M = FinanceLeaseLiabilityCurrent@2026-06-30 3M+FinanceLeaseLiabilityNoncurrent@2026-06-30 34M);現金 1688M = CashAndCashEquivalentsAtCarryingValue@2026-06-30 1688M;投資 39M = AvailableForSaleSecuritiesDebtSecuritiesCurrent@2026-06-30 39M;經營租賃 120M;稀釋股數 107.7M(XBRL 未拆季 2026-04-01→2026-06-30)。,-0.7111023902199844,淨現金,True,22973849000.0,0.1,0.09845000267028808,0.0,False,True,False,0.022548675537109375,,4.271763797837552,5.180734374897618,4.9555486683787935,4.199779853282996,0.8245479286750675,0.8620163141763791,都不過,0.005,0.15429935519560956,188.69085148138882,-0.11516599539794226,-0.37395127889029356,True,False,461.0167982362358,1.1618607185755487,3.1069842093424285,0.6494148130058524,0.173,+1y,-15.045132446289061,,,,
CRUS,-0.3430204825688395,5673809034.9260025,Semiconductors & Related Devices,-0.3396529842154814,-0.34943499196754346,139.97894989013673,-0.20873815510717086,-0.0016941669716370455,殺,-0.3936276855341728,"CIRRUS LOGIC, INC.",2026-06-27,110.76000213623047,2026-09-08,False,open,False,0.0,2026-08-05,2026-06-27,False,2049830000.0,0.23046886815004172,0.06246076991773797,-1036854000.0,598595000.0,0.0,810666000.0,356652000.0,130464000.0,81591000.0,52353000.0,取數標籤:有息負債 0M = (無)(其中融資租賃 0M = (無));現金 811M = CashAndCashEquivalentsAtCarryingValue@2026-06-27 811M;投資 357M = DebtSecuritiesAvailableForSaleExcludingAccruedInterestCurrent@2026-06-27 81M+DebtSecuritiesAvailableForSaleExcludingAccruedInterestNoncurrent@2026-06-27 276M;經營租賃 130M;稀釋股數 52.4M(XBRL 未拆季 2026-03-29→2026-06-27)。,-1.7321461088047845,淨現金,True,5798618391.838074,0.1,0.09845000267028808,0.0,False,True,False,0.045085906982421875,,2.8288289232951387,2.7869335614419515,3.5409017865767516,3.2622116116919053,1.0150327809865374,0.7989007020807471,"只過一把(重估已完成,不是折讓)",0.014070765566301888,0.23435174251673918,114.95580587922329,0.03788193988866251,-0.3936276855341728,True,False,116.22710596958167,0.04935991086951108,0.12539745725082108,0.49957468363077084,0.060500003,+1y,-1.5414096017578123,,,,
IPGP,-0.3406557972584931,3317694042.0,Semiconductors & Related Devices,-0.309135159529601,-0.3189171672816631,101.39644992828369,-0.21535716866946086,0.0034329683794760424,線附近,-0.5403807668079161,IPG PHOTONICS CORP,2026-06-30,79.55999755859375,2026-09-08,False,open,False,0.0,2026-08-04,2026-06-30,False,1069340000.0,0.007451325116426955,0.13038771916100944,-887758000.0,96444000.0,0.0,399225000.0,504787000.0,16254000.0,41431000.0,42912927.0,"警告:少數股東權益 的候選標籤(MinorityInterest)全部缺 asof(2026-06-30)前後 200 日內的資料,最新只到 2022-12-31,用這筆舊值代替 —— 可能失真,建議人手核對資產負債表。; 取數標籤:有息負債 0M = (無)(其中融資租賃 0M = (無));現金 399M = CashAndCashEquivalentsAtCarryingValue@2026-06-30 399M;投資 505M = ShortTermInvestments@2026-06-30 472M+LongTermInvestments@2026-06-30 33M;經營租賃 16M;稀釋股數 42.9M(XBRL 未拆季 2026-04-01→2026-06-30)。",-9.204906474223383,淨現金,True,3414152367.352112,0.1,0.09845000267028808,0.0,False,True,False,,,3.1927659746685917,3.220939939170224,3.981491910872747,3.5929672297815705,0.9912528749266618,0.8019019116803214,都不過,0.012135076452997417,0.23208387914978412,80.57929070522647,0.012811628681637988,-0.5403807668079161,True,False,12.021821510401123,-0.84889615536316,-1.5709222228201707,-0.18335298296463765,0.0922,+1y,,,,,
CTRI,-0.3382919137704258,2073781201.054436,Natural Gas Transmisison & Distribution,-0.31502312265798316,-0.3248051304100452,28.28520002365112,-0.26816848579360175,0.023244878110330047,線附近,-0.5138755965141697,"Centuri Holdings, Inc.",2026-06-28,20.700000762939453,2026-09-08,False,open,False,0.0,2026-08-04,2026-06-28,False,3393808000.0,0.027338611966263266,0.25174383608530926,888762000.0,74092000.0,731741000.0,40458000.0,0.0,197479000.0,10640000.0,101476000.0,取數標籤:有息負債 732M = LongTermDebtCurrent@2026-06-28 23M; LongTermDebtNoncurrent@2026-06-28 695M(其中融資租賃 14M = FinanceLeaseLiabilityCurrent@2026-06-28 7M+FinanceLeaseLiabilityNoncurrent@2026-06-28 7M);現金 40M = CashAndCashEquivalentsAtCarryingValue@2026-06-28 40M;投資 0M = (無);經營租賃 197M;稀釋股數 101.5M(XBRL 未拆季 2026-03-30→2026-06-28)。,11.995384117043676,高(>6 倍),False,2100553277.420044,0.095,0.0965785988316521,0.34835631538884076,False,False,False,,每股值無解或 ≤ 0,0.6189369809429537,0.8032349144212634,0.9328811406093604,0.7897215611279543,0.7705553753087319,0.6634682104717675,兩把尺都過,0.005065332126718697,0.4996350698492964,23.770615877012162,0.1483388889323245,-0.5138755965141697,True,False,-22.080230026577183,,,-1.446608865878309,0.1106,+1y,,,,,
PLAY,-0.335658135005728,303357420.9695835,Retail-Eating  Places,-0.3082941833103857,-0.3180761910624478,13.464475011825561,-0.34345749501381173,-0.0913662939675769,殺,-0.6506821156383109,"Dave & Buster’s Entertainment, Inc.",2026-05-05,8.84000015258789,2026-09-08,False,open,False,0.0,2026-06-15,2026-05-05,False,2094400000.0,0.033326967150496566,-0.00847417506982906,3189100000.0,308800000.0,1563500000.0,19600000.0,0.0,1645200000.0,19100000.0,34940000.0,缺折舊攤銷標籤。; 取數標籤:有息負債 1564M = LongTermDebt@2026-05-05 1530M(其中融資租賃 33M = FinanceLeaseLiabilityCurrent@2026-05-05 0M+FinanceLeaseLiabilityNoncurrent@2026-05-05 33M);現金 20M = CashAndCashEquivalentsAtCarryingValue@2026-05-05 20M;投資 0M = (無);經營租賃 1645M;稀釋股數 34.9M(XBRL 未拆季 2026-02-04→2026-05-05)。,10.327396373056995,高(>6 倍),False,308869605.3314209,0.09,0.09120650205612182,5.062006662398345,True,False,True,,每股值無解或 ≤ 0,0.147474028519586,0.6195073630508302,0.22823629966121184,0.18417570600990488,0.23805048545885618,0.6461462472818421,兩把尺都過,0.061838392869720746,0.45750733677711874,9.935999965667724,0.12398187716761311,-0.6506821156383109,True,False,-73.7390082706948,,,0.4568687593191636,0.0422,+1y,,,,,
OLN,-0.3353566104240287,1979875946.9579124,Chemicals & Allied Products,-0.30497282250475777,-0.31475483025681983,23.283349981307982,-0.23163980251936944,-0.024660640227840314,殺,-0.4369608607496247,OLIN CORPORATION,2026-06-30,17.889999389648438,2026-09-08,False,open,False,0.0,2026-07-31,2026-06-30,False,6703200000.0,-0.01573875164100728,0.0059880239520957446,3230500000.0,307200000.0,3029100000.0,177400000.0,0.0,378400000.0,21300000.0,113900000.0,取數標籤:有息負債 3029M = DebtLongtermAndShorttermCombinedAmount@2026-06-30 3029M(其中融資租賃 0M = (無));現金 177M = CashCashEquivalentsRestrictedCashAndRestrictedCashEquivalents@2026-06-30 177M;投資 0M = (無);經營租賃 378M;稀釋股數 113.9M(XBRL 未拆季 2026-04-01→2026-06-30)。,10.515950520833334,高(>6 倍),False,2037670930.480957,0.095,0.09411957447224673,1.4865501365743257,False,False,False,,現時營業利潤率 ≤ 0; 每股值無解或 ≤ 0,0.3039848028525118,0.6602317384657316,0.39742695061005806,0.35053456080116696,0.46042137198511807,0.7648822063674575,兩把尺都過,0.010453110794966537,0.29386592879533624,18.5665754272708,0.03781867304108699,-0.4369608607496247,True,False,-38.9062400688047,,,0.3483276740630138,0.0498,+1y,,,,,
AKAM,-0.3347718673428017,15121861774.415314,"Services-Business Services, NEC",-0.31426527902600554,-0.3240472867780676,109.67360004425049,-0.03705175568468044,0.07320070817531188,線附近,-0.34783420171316226,"Akamai Technologies, Inc",2018-03-31,105.61000061035156,2026-09-08,False,open,True,3013.0,2026-08-07,2026-06-30,True,2562483000.0,0.10829808431899841,0.08002387237383868,-655078000.0,850375000.0,668745000.0,363703000.0,960120000.0,0.0,170008000.0,153686000.0,取數標籤:有息負債 669M = ConvertibleNotesPayableCurrent@2018-03-31 669M(其中融資租賃 0M = (無));現金 364M = CashAndCashEquivalentsAtCarryingValue@2018-03-31 364M;投資 960M = AvailableForSaleSecuritiesCurrent@2018-03-31 448M+MarketableSecuritiesNoncurrent@2018-03-31 512M;經營租賃 0M;稀釋股數 153.7M(XBRL 未拆季 2026-04-01→2026-06-30)。,-0.7703401440540938,淨現金,True,16230778553.80249,0.1,0.09816336412673396,0.04120227491141075,False,False,False,0.7042732238769531,,6.334004383171513,5.779831609462855,5.991544776884852,5.255046664548098,1.095880435824697,1.0571571471196974,都不過,0.010474420523725962,-0.06387223660644425,78.85800247192381,-0.2533093266150933,-0.34783420171316226,True,True,,,,0.5833833504437265,0.1308,+1y,57.34732238769531,22.97344654205263,-0.7824690236787969,-2.2495459613372106,
IREN,-0.3340618590771121,15967679263.383316,Finance Services,-0.2816470382698266,-0.2914290460218887,45.650475063323974,0.028028738804512177,-0.07196420872724252,回調,-0.6164114898416528,IREN Limited,2026-06-30,46.93000030517578,2026-09-08,False,open,False,0.0,2026-08-27,2026-06-30,False,707007000.0,-1.4804860489358662,0.4111268344966199,1943935000.0,2100418000.0,7836740000.0,5895591000.0,0.0,2786000.0,205023000.0,316123145.0,取數標籤:有息負債 7837M = LongTermDebt@2026-06-30 7593M(其中融資租賃 244M = FinanceLeaseLiabilityCurrent@2026-06-30 125M+FinanceLeaseLiabilityNoncurrent@2026-06-30 118M);現金 5896M = CashAndCashEquivalentsAtCarryingValue@2026-06-30 5896M;投資 0M = (無);經營租賃 3M;稀釋股數 316.1M(XBRL 未拆季 2025-07-01→2026-06-30)。,0.9254991149380742,低(≤3 倍),True,14835659291.323128,0.095,0.09594627863677632,0.528236719791984,False,False,False,,現時營業利潤率 ≤ 0; 每股值無解或 ≤ 0,20.983751633750625,19.779043036465435,20.16418167574545,17.58397484048772,1.0609083359121136,1.0406448409950104,都不過,0.013819608281238367,-0.052156190929710466,35.39378291976639,-0.24581754337080408,-0.6164114898416528,True,False,-310.3126798930641,,,0.5880841562163697,1.5553999,+1y,,,,,
LTRX,-0.3293199562781157,243801718.8408356,Computer Communications Equipment,-0.304749335887872,-0.31453134363993407,6.003599991798401,-0.12219335263409759,0.02568658456259776,線附近,-0.409467469378307,"LANTRONIX, INC.",2026-06-30,5.269999980926514,2026-09-08,False,open,False,0.0,2026-08-27,2026-06-30,False,120899000.0,-0.03408630344337009,-0.016465592281346808,-60466000.0,9877000.0,0.0,60466000.0,0.0,0.0,6270000.0,40145000.0,"警告:短期經營租賃負債 的候選標籤(OperatingLeaseLiabilityCurrent)全部缺 asof(2026-06-30)前後 200 日內的資料,最新只到 2020-06-30,用這筆舊值代替 —— 可能失真,建議人手核對資產負債表。; 警告:長期經營租賃負債 的候選標籤(OperatingLeaseLiabilityNoncurrent)全部缺 asof(2026-06-30)前後 200 日內的資料,最新只到 2020-06-30,用這筆舊值代替 —— 可能失真,建議人手核對資產負債表。; 取數標籤:有息負債 0M = (無)(其中融資租賃 0M = (無));現金 60M = CashAndCashEquivalentsAtCarryingValue@2026-06-30 60M;投資 0M = (無);經營租賃 0M;稀釋股數 40.1M(XBRL 未拆季 2025-07-01→2026-06-30)。",-6.1218993621545,淨現金,True,211564149.2342949,0.1,0.09845000267028808,0.0,False,True,False,,現時營業利潤率 ≤ 0,1.7499247242267917,1.4969733235659484,1.9573378184621015,1.7499247242267917,1.1689752226567982,0.8940330625204614,都不過,0.029636401170485376,0.08633189858458601,4.7429999828338625,-0.09999999999999998,-0.409467469378307,True,False,0.6109218655749823,-0.8840755469096649,-2.1590861619653294,0.3423416410338326,0.1336,+1y,,,,,
WING,-0.3254963040272065,2975022285.812592,Retail-Eating  Places,-0.30797929682608316,-0.3177613045781452,189.7515256500244,-0.4231930595904112,-0.11440975657845598,殺,-0.641692360822751,WINGSTOP INC.,2026-06-27,109.44999694824219,2026-09-08,False,open,False,0.0,2026-07-29,2026-06-27,False,720719000.0,0.2786592277989064,0.0761143843450165,1054327000.0,189490000.0,1210589000.0,127455000.0,90693000.0,61886000.0,22065000.0,27252000.0,取數標籤:有息負債 1211M = DebtLongtermAndShorttermCombinedAmount@2026-06-27 1211M(其中融資租賃 0M = (無));現金 127M = CashAndCashEquivalentsAtCarryingValue@2026-06-27 127M;投資 91M = LongTermInvestments@2026-06-27 91M;經營租賃 62M;稀釋股數 27.3M(XBRL 未拆季 2026-03-29→2026-06-27)。,5.564024486780305,中(3–6 倍),False,2982731316.833496,0.095,0.09635884303962466,0.4058659233461149,False,False,False,0.21240615844726562,,4.138549582893605,13.088104050640348,8.668120297490278,5.7774007867687,0.31620695915013924,0.47744487165133814,兩把尺都過,0.007397582167549866,1.0791023197440488,137.51263268293098,0.25639686173732223,-0.641692360822751,True,False,52.7332356620525,-0.5181979247839584,-0.8075488449317781,0.5316016926656963,0.1596,+1y,5.280615844726563,,,,
GNRC,-0.3221784066417924,11054842093.496246,Motors & Generators,-0.29358241173862465,-0.3033644194906867,208.74260032653808,-0.08878203866235346,0.03460434371191923,線附近,-0.3883738604569995,GENERAC HOLDINGS INC.,2026-06-30,190.2100067138672,2026-09-08,False,open,False,0.0,2026-08-04,2026-06-30,False,4438732000.0,0.09495684803678167,0.006137834018715038,1174606000.0,548133000.0,1387641000.0,264921000.0,0.0,51881000.0,51034000.0,59635447.0,取數標籤:有息負債 1388M = ShortTermBorrowings@2026-06-30 48M; LongTermDebtAndCapitalLeaseObligations@2026-06-30 1249M(其中融資租賃 90M = FinanceLeaseLiability@2026-06-30 90M);現金 265M = CashAndCashEquivalentsAtCarryingValue@2026-06-30 265M;投資 0M = (無);經營租賃 52M;稀釋股數 59.6M(XBRL 未拆季 2026-04-01→2026-06-30)。,2.1429215172230096,低(≤3 倍),True,11343258774.25447,0.1,0.09766047650843196,0.12233177675091891,False,False,False,0.5527076721191406,,2.555517831275795,2.2000039575144963,2.7542707662179815,2.282275623436639,1.1615969246541484,0.9278382730630715,都不過,0.005,0.07241197578217595,152.8850594229862,-0.19623019806223385,-0.3883738604569995,True,False,38.478731617102106,-0.797703957421201,-2.0539589262844387,0.4300605016401356,0.20799999,+1y,34.47076821191406,,,,
OPTX,-0.3196347996916715,304918683.3744993,Optical Instruments & Lenses,-0.2841328302906666,-0.29391483804272867,7.1887749993801116,0.07946071890565243,0.18851703628861727,回調,-0.5836286220446656,"SYNTEC OPTICS HOLDINGS, INC.",2026-06-30,7.760000228881836,2026-09-08,False,open,False,0.0,2026-08-10,2026-06-30,False,29242712.0,-0.04631789965308279,0.014789497555743214,-9710421.0,702011.0,4336683.0,14047104.0,0.0,0.0,0.0,39191966.0,"companyfacts 沒有可用的股權薪酬季度標籤,SBC 當 0 處理 —— 這會高估自由現金流。; 現金標籤退用前綴比對:CashCashEquivalentsRestrictedCashAndRestrictedCashEquivalentsIncludingDisposalGroupAndDiscontinuedOperations@2026-06-30 = 14M(三個標準標籤都對不上).; 警告:短期經營租賃負債 的候選標籤(OperatingLeaseLiabilityCurrent)全部缺 asof(2026-06-30)前後 200 日內的資料,最新只到 2022-12-31,用這筆舊值代替 —— 可能失真,建議人手核對資產負債表。; 警告:長期經營租賃負債 的候選標籤(OperatingLeaseLiabilityNoncurrent)全部缺 asof(2026-06-30)前後 200 日內的資料,最新只到 2022-12-31,用這筆舊值代替 —— 可能失真,建議人手核對資產負債表。; 取數標籤:有息負債 4M = LongTermDebt@2026-06-30 3M(其中融資租賃 2M = FinanceLeaseLiabilityCurrent@2026-06-30 0M+FinanceLeaseLiabilityNoncurrent@2026-06-30 1M);現金 14M = CashCashEquivalentsRestrictedCashAndRestrictedCashEquivalentsIncludingDisposalGroupAndDiscontinuedOperations@2026-06-30 14M;投資 0M = (無);經營租賃 0M;稀釋股數 39.2M(XBRL 未拆季 2026-04-01→2026-06-30)。",-13.832291801695416,淨現金,True,304129665.13032913,0.1,0.09845000267028808,0.0,False,True,False,,現時營業利潤率 ≤ 0; 每股值無解或 ≤ 0,10.40018672448469,2.856492518021696,9.726824551330528,3.3185258350877875,3.6408940891213977,1.0692273382336328,都不過,0.005,-0.06939820930348162,2.228477788892461,-0.7128250356748289,-0.7128250356748289,False,False,-0.13719820658037174,,,0.33890112966784247,0.261,"info.revenueGrowth(近況,非預測)",,,,,
APTV,-0.3189946705865407,9956018379.86166,Motor Vehicle Parts & Accessories,-0.33338191604351597,-0.34316392379557803,66.22499988555909,-0.30947527940716335,-0.08878138218283427,殺,-0.49520695561253103,APTIV PLC,2026-06-30,45.72999954223633,2026-09-08,False,open,False,0.0,2026-08-04,2026-06-30,False,18725000000.0,0.05313751668891856,0.05285352825414669,4863000000.0,1351000000.0,5354000000.0,761000000.0,60000000.0,330000000.0,125000000.0,212100000.0,缺資本開支標籤。; 取數標籤:有息負債 5354M = DebtLongtermAndShorttermCombinedAmount@2026-06-30 5354M(其中融資租賃 0M = (無));現金 761M = CashAndCashEquivalentsAtCarryingValue@2026-06-30 761M;投資 60M = AvailableForSaleSecuritiesDebtSecurities@2026-06-30 60M(合計標籤);經營租賃 330M;稀釋股數 212.1M(XBRL 未拆季 2026-04-01→2026-06-30)。,3.5995558845299778,中(3–6 倍),False,9699332902.908325,0.095,0.095873715907856,0.5519967253000063,False,False,False,1.0069770812988281,,0.5179884060298171,0.7428954392773268,0.8328751321886264,0.6755356741897542,0.6972561394827049,0.6219280490085578,兩把尺都過,0.012887484247758834,0.5874448682022191,53.674987973987896,0.17373690162436062,-0.49520695561253103,True,False,17.916831797261864,-0.6082039803933557,-1.2281814168806584,0.6418306903646779,0.0424,+1y,96.45770812988282,,,,
OXM,-0.3149383820189715,460917883.3705368,"Men's & Boys' Furnishgs, Work Clothg, & Allied Garments",-0.2932616747503751,-0.3030436825024372,38.648650093078615,-0.18315388457828896,-0.003042566357090437,殺,-0.4015122190118352,"OXFORD INDUSTRIES, INC.",2026-05-02,31.56999969482422,2026-09-08,False,open,False,0.0,2026-06-11,2026-05-02,False,1476375000.0,-0.030566082465498263,-0.02309502288791343,583069000.0,131490000.0,142717000.0,9360000.0,0.0,449712000.0,15801000.0,15005000.0,取數標籤:有息負債 143M = LongTermDebtNoncurrent@2026-05-02 143M(其中融資租賃 0M = (無));現金 9M = CashAndCashEquivalentsAtCarryingValue@2026-05-02 9M;投資 0M = (無);經營租賃 450M;稀釋股數 15.0M(XBRL 未拆季 2026-02-01→2026-05-02)。,4.434322001673131,中(3–6 倍),False,473707845.4208374,0.095,0.09677296014867104,0.30127641199020383,False,False,False,,現時營業利潤率 ≤ 0; 每股值無解或 ≤ 0,0.32085875568255856,0.9542972761281098,0.38713902358006447,0.3689316661092836,0.3362251613924599,0.8287946606762094,"只過一把(重估已完成,不是折讓)",0.033356002339295324,0.1676242039030731,32.669999313354495,0.03484319382843126,-0.4015122190118352,True,False,-65.56572791195177,,,0.3584291678867469,0.0229,+1y,,,,,
SHAZ,-0.3147688022199794,,Services-Computer Processing & Data Preparation,-0.2755499829381617,-0.28533199069022375,,,,資料不足,-0.5675296497046098,SHARONAI HOLDINGS INC.,2026-06-30,57.630001068115234,2026-09-08,False,open,False,0.0,2026-08-06,2026-06-30,False,2927471.0,-10.717401470415933,,-852281732.0,21532729.0,1011351489.0,1861347822.0,0.0,0.0,4009714.0,35803505.0,"缺折舊攤銷標籤。; 取數標籤:有息負債 1011M = ConvertibleNotesPayableCurrent@2026-06-30 0M; ConvertibleLongTermNotesPayable@2026-06-30 1007M(其中融資租賃 5M = FinanceLeaseLiabilityCurrent@2026-06-30 1M+FinanceLeaseLiabilityNoncurrent@2026-06-30 4M);現金 1861M = CashAndCashEquivalentsAtCarryingValue@2026-06-30 1861M;投資 0M = (無);經營租賃 0M;稀釋股數 18.8M(XBRL 未拆季 2026-04-01→2026-06-30)。; 稀釋股數改用 yfinance 現時股數 35.8M(XBRL 18.8M 相差超過 25%,來源:XBRL 未拆季 2026-04-01→2026-06-30)。",-39.58075783148527,淨現金,True,2063356031.3922691,0.1,0.09845000267028808,0.0,False,True,False,,現時營業利潤率 ≤ 0,704.8254385414131,,,,,,資料不足,0.005,,,,-0.5675296497046098,True,False,15.457094877132715,-0.7317873574414245,-1.2894257733006693,0.35493952828723097,11.9523,+1y,,,,,
LBRT,-0.3117628135230282,,"Oil & Gas Field Services, NEC",-0.2713653725898618,-0.2811473803419239,24.77925000190735,-0.13637419950631935,0.046721609250567564,線附近,-0.5030945930236349,Liberty Energy Inc.,2026-06-30,21.399999618530273,2026-09-08,False,open,False,0.0,2026-07-23,2026-06-30,False,4195914000.0,0.012501924491302729,0.022861271718573883,878319000.0,388333000.0,1567968000.0,555359000.0,191330000.0,57040000.0,33740000.0,167663000.0,"警告:少數股東權益 的候選標籤(MinorityInterest)全部缺 asof(2026-06-30)前後 200 日內的資料,最新只到 2023-12-31,用這筆舊值代替 —— 可能失真,建議人手核對資產負債表。; 取數標籤:有息負債 1568M = LongTermDebtCurrent@2026-06-30 12M; LongTermDebt@2026-06-30 1292M(其中融資租賃 264M = FinanceLeaseLiability@2026-06-30 264M);現金 555M = CashAndCashEquivalentsAtCarryingValue@2026-06-30 555M;投資 191M = LongTermInvestments@2026-06-30 191M;經營租賃 57M;稀釋股數 167.7M(XBRL 未拆季 2026-04-01→2026-06-30)。",2.2617676066674735,低(≤3 倍),True,3587988136.041641,0.095,0.09624719549518428,0.4370047894667293,False,False,False,,每股值無解或 ≤ 0,0.8551147940690971,0.7438580003942987,0.893413177193217,0.7493695688109699,1.1495672475335672,0.9571325069947595,都不過,0.009403598540663742,0.035054183295661456,16.878269137812882,-0.21129582062244623,-0.5030945930236349,True,False,-3.7108795132163324,,,0.9201980082622201,0.087299995,+1y,,,,,
CDNS,-0.3112425679727169,80607534461.73096,Services-Prepackaged Software,-0.3140091200516977,-0.32379112780375974,327.03430023193357,-0.13125325034691782,-0.0027333526059714064,殺,-0.3176830006563929,"CADENCE DESIGN SYSTEMS, INC.",2026-03-31,284.1099853515625,2026-09-08,False,open,True,91.0,2026-07-29,2026-06-30,False,5528613000.0,0.2825032245881562,0.13418450651724778,-834235000.0,1597542000.0,425000000.0,1406668000.0,79640000.0,227073000.0,485745000.0,273725000.0,取數標籤:有息負債 425M = LinesOfCreditCurrent@2026-03-31 425M(其中融資租賃 0M = (無));現金 1407M = CashAndCashEquivalentsAtCarryingValue@2026-03-31 1407M;投資 80M = AvailableForSaleSecuritiesDebtSecurities@2026-03-31 80M(合計標籤);經營租賃 227M;稀釋股數 273.7M(XBRL 未拆季 2026-01-01→2026-03-31)。,-0.522199103372556,淨現金,True,77768005740.35645,0.1,0.09845000267028808,0.0,False,True,False,0.4810905456542969,,14.06645857475581,16.80387523559163,16.795978725026384,15.817640635283821,0.8370961089357647,0.8374896637488872,都不過,0.006246077617339884,0.18663278690635354,287.5318377240024,0.012044111607713015,-0.3176830006563929,True,True,,,,0.5715064498766292,0.13430001,+1y,34.67905356542968,90.70289820108361,-0.6807472356564789,-2.1428506852740843,
ALTO,-0.3104436525139011,313372955.60103226,Industrial Organic Chemicals,-0.2802101390443783,-0.28999214679644036,4.063149991035462,0.011530497909825632,0.19127757857311978,回調,-0.3388981319764304,"ALTO INGREDIENTS, INC.",2026-06-30,4.110000133514404,2026-09-08,False,open,False,0.0,2026-08-07,2026-06-30,False,943329000.0,0.0377450497122425,0.010922297583312979,63035000.0,65012000.0,64528000.0,23962000.0,0.0,22469000.0,3066000.0,77071000.0,"警告:少數股東權益 的候選標籤(MinorityInterest)全部缺 asof(2026-06-30)前後 200 日內的資料,最新只到 2020-03-31,用這筆舊值代替 —— 可能失真,建議人手核對資產負債表。; 取數標籤:有息負債 65M = LongTermDebt@2026-06-30 65M(其中融資租賃 0M = (無));現金 24M = CashAndCashEquivalentsAtCarryingValue@2026-06-30 24M;投資 0M = (無);經營租賃 22M;稀釋股數 77.1M(XBRL 未拆季 2026-04-01→2026-06-30)。",0.9695902294960931,低(≤3 倍),True,316761820.29008865,0.095,0.09722414091694961,0.20371141932732179,False,False,False,,,0.33579145800679155,0.15993324943136067,0.32925537767856106,0.2005514500563947,2.0995725354214403,1.0198510966603298,都不過,0.009679196808479553,-0.028864512510437756,2.20922784117533,-0.46247499527785907,-0.46247499527785907,False,False,3.0726079287342696,-0.25240685427741705,-0.5457740566617418,0.4884693699950773,-0.0032,+1y,,,,,
TREE,-0.3072698314525963,398021559.7056675,Loan Brokers,-0.30208070748147353,-0.3118627152335356,43.58164987564087,-0.36119903142656085,-0.10288627989339716,殺,-0.6422689834657234,"LendingTree, Inc.",2026-06-30,27.84000015258789,2026-09-08,False,open,False,0.0,2026-07-31,2026-06-30,False,1268169000.0,0.08193702889756807,0.252939520132786,325296000.0,86077000.0,390283000.0,110766000.0,0.0,45779000.0,24644000.0,14054000.0,取數標籤:有息負債 390M = LongTermDebtCurrent@2026-06-30 4M; LongTermDebtNoncurrent@2026-06-30 386M(其中融資租賃 0M = (無));現金 111M = CashAndCashEquivalentsAtCarryingValue@2026-06-30 111M;投資 0M = (無);經營租賃 46M;稀釋股數 14.1M(XBRL 未拆季 2026-04-01→2026-06-30)。,3.7791279900554153,中(3–6 倍),False,391263362.1444702,0.095,0.09483279544224643,0.997494367632336,False,False,False,-0.08570480346679688,,0.3085261996977297,0.6485902339512061,0.5466514879597849,0.460160458676506,0.47568739636764307,0.5643928654602451,兩把尺都過,0.06298570830892272,0.6668290439967381,37.37050703339927,0.34233142344022083,-0.6422689834657234,True,False,114.51300875901433,3.1132546024203123,4.847275335671664,1.1404982500532135,0.0695,+1y,-15.520480346679689,,,,
CRWV,-0.3020633707392679,,Services-Prepackaged Software,-0.20020828332693674,-0.2099902910789988,91.59547500610351,0.08990102212366335,-0.0750050410082247,回調,-0.5749231275056945,"CoreWeave, Inc.",2026-06-30,99.83000183105469,2026-09-08,False,open,False,0.0,2026-08-12,2026-06-30,False,7589580000.0,-0.030402077585320927,1.1531059349862196,46552000000.0,6911000000.0,35772000000.0,5524000000.0,15000000.0,16319000000.0,619000000.0,551000000.0,"警告:有息負債取不到任何資產負債表口徑的標籤,退用債務附註的本金總額 DebtInstrumentCarryingAmount = 35551M —— 本金不等於帳面值(未扣未攤銷折價與發行成本),可能高估。; 取數標籤:有息負債 35772M = DebtInstrumentCarryingAmount@2026-06-30 35551M(債務附註本金)(其中融資租賃 221M = FinanceLeaseLiabilityCurrent@2026-06-30 7M+FinanceLeaseLiabilityNoncurrent@2026-06-30 214M);現金 5524M = CashAndCashEquivalentsAtCarryingValue@2026-06-30 5524M;投資 15M = MarketableSecuritiesCurrent@2026-06-30 15M;經營租賃 16319M;稀釋股數 551.0M(XBRL 未拆季 2026-04-01→2026-06-30)。",6.735928230357401,高(>6 倍),False,55006331008.91113,0.095,0.09559563752510251,0.6503251415587937,False,False,False,,現時營業利潤率 ≤ 0; 每股值無解或 ≤ 0,7.247611990243351,11.719180024946327,9.849999302150644,8.544367041306277,0.6184401958853384,0.7357982237278851,兩把尺都過,0.011253250101333259,0.3439445006024402,105.92257983379594,0.061029529109414504,-0.5749231275056945,True,False,-1416.691209120541,,,0.2896001568403395,1.0524,+1y,,,,,
FICO,-0.2923389438768293,20134611416.014404,"Services-Business Services, NEC",-0.2735551758762649,-0.28333718362832694,1300.6208462524414,-0.28241963022340966,-0.07448734740659868,殺,-0.5092602106061113,FAIR ISAAC CORP,2026-06-30,933.2999877929688,2026-09-08,False,open,False,0.0,2026-07-29,2026-06-30,False,2393575000.0,0.5165068986766657,0.24088418068698303,5293473000.0,1001549000.0,5582389000.0,248444000.0,56093000.0,15621000.0,174289000.0,22703000.0,"警告:短期經營租賃負債 的候選標籤(OperatingLeaseLiabilityCurrent)全部缺 asof(2026-06-30)前後 200 日內的資料,最新只到 2025-09-30,用這筆舊值代替 —— 可能失真,建議人手核對資產負債表。; 取數標籤:有息負債 5582M = LongTermDebt@2026-06-30 5582M(其中融資租賃 0M = (無));現金 248M = CashAndCashEquivalentsAtCarryingValue@2026-06-30 248M;投資 56M = MarketableSecuritiesNoncurrent@2026-06-30 56M;經營租賃 16M;稀釋股數 22.7M(XBRL 未拆季 2026-04-01→2026-06-30)。",5.285286091843734,中(3–6 倍),False,21188709622.86377,0.095,0.09693956640767314,0.263460545703845,False,False,False,0.14591598510742188,,8.852327427744596,13.480429416823656,14.105209879760855,11.741983113524626,0.6566799286599015,0.6275927478715887,兩把尺都過,0.00822555989025083,0.5803903905987668,1114.1604857445816,0.19378602841226278,-0.5092602106061113,True,False,1436.9397141895188,0.5396332722424411,1.059641536887754,0.6422357377726505,0.13939999,+1y,0.6515995107421874,,,,
MXL,-0.2903852918060243,5690090955.56551,Semiconductors & Related Devices,-0.22880670983236306,-0.23858871758442513,47.7143999671936,0.3937092375828384,0.2977912896410655,回調,-0.5528391740541232,"MaxLinear, Inc.",2026-06-30,66.5,2026-09-08,False,open,False,0.0,2026-07-23,2026-06-30,False,568930000.0,-0.13635245109240152,0.5050460960543894,83383000.0,16467000.0,123926000.0,64814000.0,0.0,24271000.0,88610000.0,97333000.0,取數標籤:有息負債 124M = LongTermDebtNoncurrent@2026-06-30 124M(其中融資租賃 0M = (無));現金 65M = CashAndCashEquivalentsAtCarryingValue@2026-06-30 65M;投資 0M = (無);經營租賃 24M;稀釋股數 97.3M(XBRL 未拆季 2026-04-01→2026-06-30)。,5.063642436387927,中(3–6 倍),False,6472644500.0,0.1,0.09831392316395808,0.0191461156255376,False,False,False,,現時營業利潤率 ≤ 0; 每股值無解或 ≤ 0,11.376873253300055,3.5490144228718203,4.320589941756986,3.940476839735862,3.2056430033028787,2.633175887243213,都不過,0.013689922256660318,-0.6253592608602818,20.729556672329338,-0.688277343273243,-0.688277343273243,False,False,-139.9691747349548,,,0.4611247116071445,0.2922,+1y,,,,,
TTMI,-0.289605020385102,13231817157.65039,Printed Circuit Boards,-0.2498839928544554,-0.25966600060651746,120.48425016403198,0.07358435585907253,0.1223738394181646,回調,-0.5404795408762887,"TTM TECHNOLOGIES, INC.",2026-06-29,129.35000610351562,2026-09-08,False,open,False,0.0,2026-08-05,2026-06-29,False,3377086000.0,0.09894891631424252,0.27591665684345434,599292000.0,322905000.0,992669000.0,507905000.0,0.0,114528000.0,61341000.0,107583000.0,"警告:少數股東權益 的候選標籤(MinorityInterest)全部缺 asof(2026-06-29)前後 200 日內的資料,最新只到 2017-10-02,用這筆舊值代替 —— 可能失真,建議人手核對資產負債表。; 取數標籤:有息負債 993M = LongTermDebtCurrent@2026-06-29 4M; LongTermDebt@2026-06-29 973M(其中融資租賃 15M = FinanceLeaseLiabilityNoncurrent@2026-06-29 15M);現金 508M = CashAndCashEquivalentsAtCarryingValue@2026-06-29 508M;投資 0M = (無);經營租賃 115M;稀釋股數 107.6M(XBRL 未拆季 2026-03-31→2026-06-29)。",1.855939053281925,低(≤3 倍),True,13915861706.634521,0.1,0.09796770172107624,0.07133363502216579,False,False,False,0.5257911682128906,,4.120671403285117,0.7448360079239537,3.6759508950428113,2.71297236886648,5.5323203489724815,1.1209810797097512,都不過,0.005,-0.11236247102446506,76.64544495651955,-0.4074569668347592,-0.5404795408762887,True,False,59.88697144561836,-0.5370160910723708,-0.9935918947120504,1.0352346268157648,0.23809999,+1y,28.769117821289058,,,,
MWH,-0.2882601776760831,,Heavy Construction Other Than Bldg Const - Contractors,-0.25902399491873085,-0.2688060026707929,,,,資料不足,-0.48984390898395047,"SOLV Energy, Inc.",2026-06-30,25.65999984741211,2026-09-08,False,open,False,0.0,2026-08-14,2026-06-30,False,2571847000.0,0.050508058994178116,,-9574000.0,96875000.0,0.0,363968000.0,0.0,0.0,81642000.0,201682563.0,取數標籤:有息負債 0M = (無)(其中融資租賃 0M = (無));現金 364M = CashAndCashEquivalentsAtCarryingValue@2026-06-30 364M;投資 0M = (無);經營租賃 0M;稀釋股數 201.7M(XBRL 未拆季 2026-04-01→2026-06-30)。,-0.09882838709677419,淨現金,True,5175174535.805683,0.1,0.09845000267028808,0.0,False,True,False,,,2.0122404387996964,,,,,,資料不足,0.015775699821356806,,,,-0.48984390898395047,True,False,5.272423490257288,-0.7945275322833243,-1.6220014533432867,0.4167737039649687,0.1437,+1y,,,,,
EBS,-0.2865255016291681,318407418.51592255,Pharmaceutical Preparations,-0.29328620002898087,-0.30306820778104293,9.014100000858306,-0.3343761441043819,-0.07330989316335823,殺,-0.6798561200438609,EMERGENT BIOSOLUTIONS INC.,2026-06-30,6.0,2026-09-08,False,open,False,0.0,2026-08-06,2026-06-30,False,770200000.0,-0.08569202804466372,-0.09558478158759987,456400000.0,97700000.0,589700000.0,139700000.0,0.0,6400000.0,18900000.0,51600000.0,"警告:少數股東權益 的候選標籤(MinorityInterest)全部缺 asof(2026-06-30)前後 200 日內的資料,最新只到 2014-12-31,用這筆舊值代替 —— 可能失真,建議人手核對資產負債表。; 取數標籤:有息負債 590M = LongTermDebt@2026-06-30 590M(其中融資租賃 0M = (無));現金 140M = CashAndCashEquivalentsAtCarryingValue@2026-06-30 140M;投資 0M = (無);經營租賃 6M;稀釋股數 51.6M(XBRL 未拆季 2026-04-01→2026-06-30)。",4.671443193449335,中(3–6 倍),False,309600000.0,0.095,0.09370020581476285,1.9047157622739017,False,False,False,,現時營業利潤率 ≤ 0; 每股值無解或 ≤ 0,0.40197351337314985,0.37385615140466516,0.6084042567733332,0.5603723331546107,1.075209039259729,0.6607013493051691,"只過一把(重估已完成,不是折讓)",0.061046511627906974,0.4264625831562292,7.527885540622345,0.2546475901037242,-0.6798561200438609,True,False,-16.527008323658805,,,0.2990259837956117,0.070300005,+1y,,,,,
CENX,-0.2860074780927114,4630906219.258575,Primary Production of  Aluminum,-0.24972616370799317,-0.2595081714600552,49.610799884796144,-0.03347656408913624,0.0686190569898475,線附近,-0.39653915914238813,Century Aluminum Company,2026-06-30,47.95000076293945,2026-09-08,False,open,False,0.0,2026-08-06,2026-06-30,False,2667200000.0,0.2528869226154769,0.09671052631578947,292600000.0,340800000.0,480000000.0,343400000.0,0.0,24600000.0,54200000.0,104800000.0,取數標籤:有息負債 480M = DebtLongtermAndShorttermCombinedAmount@2026-06-30 480M(其中融資租賃 0M = (無));現金 343M = CashAndCashEquivalentsAtCarryingValue@2026-06-30 343M;投資 0M = (無);經營租賃 25M;稀釋股數 104.8M(XBRL 未拆季 2026-04-01→2026-06-30)。,0.8585680751173709,低(≤3 倍),True,5025160079.956055,0.1,0.09781843515103304,0.09551934512784668,False,False,False,-0.031284332275390625,,1.8840582183398524,0.7934686271467394,1.8927023875620383,1.3496447236914384,2.3744583640500077,0.99543289569507,都不過,0.010785726054019354,-0.0061315345556002265,30.914076014568934,-0.35528518200853887,-0.39653915914238813,True,False,78.59536513273636,0.6391108213179155,1.6117218352410574,0.5371696318259013,0.22670001,+1y,-25.79843422753906,,,,
CLS,-0.2857037111006245,35914655263.89496,Printed Circuit Boards,-0.22642126207055924,-0.2362032698226213,328.209499130249,0.005363958371465305,0.021059915890838443,回調,-0.4120025558795015,CELESTICA INC,2026-06-30,329.9700012207031,2026-09-08,False,open,False,0.0,2026-07-27,2026-06-30,False,15594500000.0,0.08783866106640162,0.4729579114402298,521000000.0,1144000000.0,885900000.0,535700000.0,0.0,170800000.0,78400000.0,116200000.0,"注意:有息負債取自合計標籤 LongTermDebtAndCapitalLeaseObligationsIncludingCurrentMaturities(按定義已含資本 / 融資租賃),而融資租賃 76M 另外再加了一次,可能重覆計數 9.3%。; 取數標籤:有息負債 886M = LongTermDebtAndCapitalLeaseObligationsIncludingCurrentMaturities@2026-06-30 810M(其中融資租賃 76M = FinanceLeaseLiabilityCurrent@2026-06-30 10M+FinanceLeaseLiabilityNoncurrent@2026-06-30 66M);現金 536M = CashAndCashEquivalentsAtCarryingValue@2026-06-30 536M;投資 0M = (無);經營租賃 171M;稀釋股數 116.2M(XBRL 未拆季 2026-04-01→2026-06-30)。",0.4554195804195804,低(≤3 倍),True,38342514141.8457,0.1,0.0982864218237393,0.023104901173738087,False,False,False,0.3243446350097656,終值佔比 >150%,2.458720327156735,2.6749531643726105,2.975322285880425,2.697123756829536,0.9191638791677345,0.826371092242593,都不過,0.005,0.20408964563560406,325.7682167236693,-0.012733837868562525,-0.4120025558795015,True,False,515.0278112125387,0.560832225072661,1.3612348201953575,1.5373985408583342,0.708,+1y,-38.365536499023435,,,,
SYNA,-0.2843346000898399,3871200460.598465,Semiconductors & Related Devices,-0.29800632652295,-0.30778833427501207,96.3826502418518,-0.01725050117398319,0.08412173144634805,線附近,-0.36518265463417576,SYNAPTICS INCORPORATED,2026-06-27,94.72000122070312,2026-09-08,False,open,False,0.0,2026-08-10,2026-06-27,False,1197200000.0,-0.05604744403608419,0.11440007446709477,434300000.0,149400000.0,837300000.0,442500000.0,0.0,39500000.0,149300000.0,38900000.0,取數標籤:有息負債 837M = LongTermDebt@2026-06-27 837M(其中融資租賃 0M = (無));現金 442M = CashAndCashEquivalentsAtCarryingValue@2026-06-27 442M;投資 0M = (無);經營租賃 40M;稀釋股數 38.9M(XBRL 未拆季 2025-06-29→2026-06-27)。,2.9069611780455156,低(≤3 倍),True,3684608047.4853516,0.095,0.09710875844317159,0.22724262369546613,False,False,False,,現時營業利潤率 ≤ 0; 每股值無解或 ≤ 0,3.0776879781868955,2.948112324771718,2.878480739454208,2.5480714016960264,1.0439520747993247,1.0692056875706104,都不過,0.04051991367220004,-0.1011476804888749,70.57830267093662,-0.2548743479586211,-0.36518265463417576,True,False,-56.01138986188089,,,0.3309988226417292,0.14140001,+1y,,,,,
VIAV,-0.2839250286527878,8601699154.684143,Semiconductors & Related Devices,-0.1840387738379412,-0.19382078159000327,34.92425000667572,0.10954422765250493,0.16081785946625238,回調,-0.41749505737144543,Viavi Solutions Inc.,2026-06-27,38.75,2026-09-08,False,open,False,0.0,2026-08-13,2026-06-27,False,1518300000.0,0.06922215635908582,0.40025823111684966,32100000.0,113900000.0,641900000.0,647800000.0,5000000.0,43000000.0,55400000.0,229500000.0,取數標籤:有息負債 642M = DebtCurrent@2026-06-27 245M; ConvertibleDebtNoncurrent@2026-06-27 397M(其中融資租賃 0M = (無));現金 648M = CashAndCashEquivalentsAtCarryingValue@2026-06-27 648M;投資 5M = ShortTermInvestments@2026-06-27 2M+LongTermInvestments@2026-06-27 3M;經營租賃 43M;稀釋股數 229.5M(XBRL 未拆季 2025-06-29→2026-06-27)。,0.28182616330114135,低(≤3 倍),True,8893125000.0,0.1,0.09845000267028808,0.0,False,True,False,0.9574165344238281,終值佔比 >150%,5.8572910491997625,2.361967700136949,5.485447678399213,3.5891939966652804,2.479835371525255,1.0677872422819394,都不過,0.006229531239018905,-0.06928178553297593,21.370483314262337,-0.4485036564061332,-0.4485036564061332,False,False,9.782549617121859,-0.7475471066549197,-1.6667581099450255,2.0913572641914953,0.1344,+1y,82.30165344238281,,,,
NXPI,-0.2837817988432372,57453084480.707214,Semiconductors & Related Devices,-0.2810392716082052,-0.29082127936026725,243.87480003356933,-0.082028995671665,0.022411101698382785,線附近,-0.3314696698841595,NXP Semiconductors N.V.,2026-03-29,223.8699951171875,2026-09-08,False,open,True,91.0,2026-07-28,2026-06-28,False,12615000000.0,0.3035275465715418,0.02369552868619662,8635000000.0,3048000000.0,11724000000.0,3708000000.0,2000000.0,274000000.0,444000000.0,253525000.0,取數標籤:有息負債 11724M = DebtCurrent@2026-03-29 750M; LongTermDebtAndCapitalLeaseObligations@2026-03-29 10974M(其中融資租賃 0M = (無));現金 3708M = CashAndCashEquivalentsAtCarryingValue@2026-03-29 3708M;投資 2M = MarketableSecurities@2026-03-29 2M(合計標籤);經營租賃 274M;稀釋股數 253.5M(XBRL 未拆季 2026-01-01→2026-03-29)。,2.833005249343832,低(≤3 倍),True,56756640512.08496,0.095,0.09720990327043655,0.20656613735803578,False,False,False,0.18479537963867188,,4.499139160688463,4.308359099483232,4.72896699428637,4.493311134698227,1.0442813741380366,0.9513999920330191,都不過,0.00782287316504332,0.04292396201960136,201.22200164794918,-0.10116582821821629,-0.3314696698841595,True,True,,,,0.4683504637404856,0.113199994,+1y,7.159538563867188,111.72685590555065,-0.5009297434117249,-1.5112385503831696,
CPRI,-0.2810177292693319,1541115987.7701168,Leather & Leather Products,-0.2880434427685,-0.2978254505205621,19.79785002231598,-0.33831196990059476,-0.058838490435622726,殺,-0.5404916808292706,CAPRI HOLDINGS LIMITED,2026-06-27,13.100000381469727,2026-09-08,False,open,False,0.0,2026-08-05,2026-06-27,False,3446000000.0,0.006964596633778294,-0.03473389355742296,1283000000.0,158000000.0,338000000.0,114000000.0,0.0,1054000000.0,33000000.0,116039226.0,取數標籤:有息負債 338M = LongTermDebtCurrent@2026-06-27 14M; LongTermDebtNoncurrent@2026-06-27 324M(其中融資租賃 0M = (無));現金 114M = CashAndCashEquivalentsAtCarryingValue@2026-06-27 114M;投資 0M = (無);經營租賃 1054M;稀釋股數 116.0M(XBRL 未拆季 2026-03-29→2026-06-27)。,8.120253164556962,高(>6 倍),False,1520113904.8654518,0.095,0.09713237450918487,0.2223517585874047,False,False,False,,每股值無解或 ≤ 0,0.4411241743660626,0.8901609725106779,0.6581625436507863,0.6055228387381125,0.4955555096084277,0.67023591454958,兩把尺都過,0.021708899507054305,0.4603102311527445,16.18391122379929,0.2354130345440164,-0.5404916808292706,True,False,-9.590519347818903,,,0.41061331242189897,0.0279,+1y,,,,,
FUN,-0.2794028496217746,1586926022.538345,Services-Amusement & Recreation Services,,,,,,,,,,,,,,,,,,,,,,,,,,,,,,,,,,,,,,,,,,,,,,,,,,,,,,,,,,,,,,,,,,,無價格:unsupported operand type(s) for /: 'float' and 'NoneType'
ALB,-0.2781720968305111,14901678453.910858,"Plastic Materials, Synth Resins & Nonvulcan Elastomers",-0.24285628687414273,-0.2526382946262048,156.61654987335206,-0.1726927490805058,0.04132790499422412,線附近,-0.47518780157374574,ALBEMARLE CORPORATION,2026-06-30,129.57000732421875,2026-09-08,False,open,False,0.0,2026-08-05,2026-06-30,False,5907904000.0,0.04266792419104982,0.1831714557050499,-378457000.0,1800328000.0,1981633000.0,1631688000.0,1109241000.0,122154000.0,37864000.0,136212000.0,取數標籤:有息負債 1982M = LongTermDebt@2026-06-30 1877M(其中融資租賃 105M = FinanceLeaseLiabilityCurrent@2026-06-30 4M+FinanceLeaseLiabilityNoncurrent@2026-06-30 101M);現金 1632M = CashAndCashEquivalentsAtCarryingValue@2026-06-30 1632M;投資 1109M = LongTermInvestments@2026-06-30 1109M;經營租賃 122M;稀釋股數 136.2M(XBRL 未拆季 2026-04-01→2026-06-30)。,-0.21021558293822015,淨現金,True,17648989837.646484,0.1,0.09771880020303753,0.11228025049756918,False,False,False,,終值佔比 >150%,2.9873521705238413,3.191742667277935,3.7145686180692437,2.9873521705238413,0.93596272692986,0.8042258678415815,都不過,0.005,0.23724554930368535,116.61300659179688,-0.09999999999999998,-0.47518780157374574,True,False,10.400456681771896,-0.9197309863867864,-1.9355105146655385,2.950004144636194,0.0292,+1y,,,,,
FLEX,-0.2780918068240703,40453320909.9099,Printed Circuit Boards,-0.22768730625610378,-0.23746931400816584,95.12240005493165,0.20171481683159365,0.13513790880748866,回調,-0.3643487876385644,FLEX LTD.,2026-06-26,114.30999755859375,2026-09-08,False,open,False,0.0,2026-07-31,2026-06-26,False,29267000000.0,0.04950968667782827,0.12245915471350766,3239000000.0,1562000000.0,5219000000.0,2840000000.0,0.0,860000000.0,55237000.0,374000000.0,"警告:少數股東權益 的候選標籤(MinorityInterest)全部缺 asof(2026-06-26)前後 200 日內的資料,最新只到 2024-03-31,用這筆舊值代替 —— 可能失真,建議人手核對資產負債表。; 取數標籤:有息負債 5219M = LongTermDebtNoncurrent@2026-06-26 5219M(其中融資租賃 0M = (無));現金 2840M = CashAndCashEquivalentsAtCarryingValue@2026-06-26 2840M;投資 0M = (無);經營租賃 860M;稀釋股數 374.0M(XBRL 未拆季 2026-04-01→2026-06-26)。",2.0736235595390524,低(≤3 倍),True,42751939086.91406,0.1,0.09766194576698586,0.12207633411410533,False,False,False,,,1.4607557688493547,0.3845758354755784,0.9268689780484637,0.8822135164770131,3.7983555754171054,1.576011068926913,都不過,0.005,-0.3686434725998522,62.13307135844777,-0.45645111813952055,-0.45645111813952055,False,False,19.532384571583783,-0.8291279416608179,-1.816466010731479,1.114302414800974,0.2992,+1y,,,,,
ULS,-0.2777890776885072,,Services-Testing Laboratories,-0.26766058981920915,-0.2774425975712712,84.89054985046387,-0.1378309768244914,0.0059772844886727405,線附近,-0.3022213474373483,UL Solutions Inc.,2026-06-30,73.19000244140625,2026-09-08,False,open,False,0.0,2026-08-04,2026-06-30,False,3146000000.0,0.17863954227590592,0.06607929515418509,67000000.0,678000000.0,301000000.0,434000000.0,0.0,175000000.0,61000000.0,204000000.0,取數標籤:有息負債 301M = LongTermDebtNoncurrent@2026-06-30 301M(其中融資租賃 0M = (無));現金 434M = CashAndCashEquivalentsAtCarryingValue@2026-06-30 434M;投資 0M = (無);經營租賃 175M;稀釋股數 204.0M(XBRL 未拆季 2026-04-01→2026-06-30)。,0.09882005899705015,低(≤3 倍),True,14930760498.046875,0.1,0.09845000267028808,0.0,False,True,False,0.3566551208496094,,4.74595057153429,4.718126473800105,5.567712225518622,5.048113369128049,1.005897276787448,0.8524058678503653,都不過,0.005,0.16731349835869636,70.06484408504488,-0.04269925197588664,-0.3022213474373483,True,False,28.912860666787548,-0.6049616108438536,-2.001717006338424,0.5160446889378385,0.0725,+1y,28.415512084960938,,,,
COLL,-0.2775715144462946,766033596.2441654,Pharmaceutical Preparations,-0.26463183340792473,-0.2744138411599868,37.94569996833801,-0.38411991717814176,-0.032138798489852904,殺,-0.5310995030560822,"Collegium Pharmaceutical, Inc.",2026-06-30,23.3700008392334,2026-09-08,False,open,False,0.0,2026-08-06,2026-06-30,False,808208000.0,0.1947988636588601,0.1431400254877251,967058000.0,329922000.0,1091557000.0,129467000.0,0.0,4968000.0,44928000.0,32460783.0,取數標籤:有息負債 1092M = LoansPayableCurrent@2026-06-30 55M; LongTermLoansPayable@2026-06-30 798M+ConvertibleLongTermNotesPayable@2026-06-30 239M(其中融資租賃 0M = (無));現金 129M = CashAndCashEquivalentsAtCarryingValue@2026-06-30 129M;投資 0M = (無);經營租賃 5M;稀釋股數 32.5M(XBRL 未拆季 2026-04-01→2026-06-30)。,2.9311716102593945,低(≤3 倍),True,758608525.9521732,0.095,0.09417649649530499,1.4388936620899746,False,False,False,0.024204254150390625,,0.9386303104549487,1.7978845767455687,1.521096361792538,1.4030616596417704,0.5220748442895069,0.6170748507667316,兩把尺都過,0.05922422232680325,0.5299394721538713,31.44006390832225,0.34531719209615463,-0.5310995030560822,True,False,50.20139522719977,1.1481126839722662,2.1617656905452414,0.6340051008972747,-0.0104,+1y,3.4604254150390625,,,,
MRCY,-0.2773200918146224,4956419971.747452,Electronic Components & Accessories,-0.25,-0.25978200775206206,90.68835041046142,-0.07970540089518419,0.04981168695377103,線附近,-0.34696142328801216,"MERCURY SYSTEMS, INC",2026-07-03,83.45999908447266,2026-09-08,False,open,False,0.0,2026-08-18,2026-07-03,False,983622000.0,0.0002846621974701664,0.07850924321835051,286609000.0,102388000.0,441500000.0,214306000.0,0.0,59415000.0,41132000.0,59460000.0,取數標籤:有息負債 442M = SecuredLongTermDebt@2026-07-03 442M(其中融資租賃 0M = (無));現金 214M = CashAndCashEquivalentsAtCarryingValue@2026-07-03 214M;投資 0M = (無);經營租賃 59M;稀釋股數 59.5M(XBRL 未拆季 2025-06-28→2026-07-03)。,2.799244052037348,低(≤3 倍),True,4962531545.562744,0.1,0.09785822123929695,0.08896668886563915,False,False,False,,每股值無解或 ≤ 0,5.045161195624686,3.0422048252078118,5.304777153611739,4.890942848794479,1.6583897158469771,0.9510599690676366,都不過,0.008288511543423487,0.04281502260820935,72.81794631912598,-0.1275108181414608,-0.34696142328801216,True,False,-8.797080171334969,,,-0.00708214577607909,0.111899994,+1y,,,,,
SAIA,-0.275698975884034,9547924286.123655,Trucking (No Local),-0.2641533004860017,-0.2739353082380638,385.4640500640869,-0.07944723696309619,0.04636153262503795,線附近,-0.31925116979660717,"Saia, Inc.",2026-06-30,354.8399963378906,2026-09-08,False,open,False,0.0,2026-07-30,2026-06-30,False,3392316000.0,0.11044106740056056,0.04838792920950197,185301000.0,606389000.0,100248000.0,84014000.0,0.0,169067000.0,0.0,26833000.0,"companyfacts 沒有可用的股權薪酬季度標籤,SBC 當 0 處理 —— 這會高估自由現金流。; 取數標籤:有息負債 100M = LongTermDebtAndCapitalLeaseObligationsCurrent@2026-06-30 0M; LongTermDebtAndCapitalLeaseObligations@2026-06-30 100M(其中融資租賃 0M = FinanceLeaseLiability@2026-06-30 0M);現金 84M = CashAndCashEquivalentsAtCarryingValue@2026-06-30 84M;投資 0M = (無);經營租賃 169M;稀釋股數 26.8M(XBRL 未拆季 2026-04-01→2026-06-30)。",0.3055810708967346,低(≤3 倍),True,9521421621.73462,0.1,0.09837453276972856,0.010528679852929016,False,False,False,0.4312629699707031,,2.8067614048144747,3.221915351263195,2.9392562090195096,2.6580827675887284,0.8711468486327694,0.9549223358622305,都不過,0.005,0.041995603468055975,302.43919918138016,-0.14767443833082627,-0.31925116979660717,True,False,123.99312272434933,-0.6505661030210391,-2.0377876874672394,0.5147403721788272,0.0727,+1y,35.85629699707032,,,,
QCOM,-0.2743392239013918,177177005767.82227,Radio & Tv Broadcasting & Communications Equipment,-0.23974849486132854,-0.2495305026133906,167.87329994201662,0.03703207358180993,-0.006360833690869705,回調,-0.41195921401493796,QUALCOMM INC/DE,2026-06-28,174.08999633789062,2026-09-08,False,open,False,0.0,2026-07-29,2026-06-28,False,44069000000.0,0.23188636002632235,0.018771528307557128,6966000000.0,12401000000.0,15270000000.0,4533000000.0,3771000000.0,0.0,3242000000.0,1069000000.0,"警告:短期經營租賃負債 的候選標籤(OperatingLeaseLiabilityCurrent)全部缺 asof(2026-06-28)前後 200 日內的資料,最新只到 2025-09-28,用這筆舊值代替 —— 可能失真,建議人手核對資產負債表。; 警告:長期經營租賃負債 的候選標籤(OperatingLeaseLiabilityNoncurrent)全部缺 asof(2026-06-28)前後 200 日內的資料,最新只到 2025-09-28,用這筆舊值代替 —— 可能失真,建議人手核對資產負債表。; 警告:少數股東權益 的候選標籤(MinorityInterest)全部缺 asof(2026-06-28)前後 200 日內的資料,最新只到 2017-09-24,用這筆舊值代替 —— 可能失真,建議人手核對資產負債表。; 取數標籤:有息負債 15270M = DebtCurrent@2026-06-28 2489M; LongTermDebt@2026-06-28 12781M(其中融資租賃 0M = (無));現金 4533M = CashAndCashEquivalentsAtCarryingValue@2026-06-28 4533M;投資 3771M = MarketableSecuritiesCurrent@2026-06-28 3771M;經營租賃 0M;稀釋股數 1069.0M(XBRL 未拆季 2026-03-30→2026-06-28)。",0.5617288928312233,低(≤3 倍),True,186102206085.20508,0.1,0.09790072997507057,0.08205168719498564,False,False,False,0.2503776550292969,,4.222973203049878,4.039301078153152,4.085974617818149,3.6745366566916187,1.045471263801089,1.0335289858714014,都不過,0.017420535028562112,-0.04900805176156975,136.3328721528238,-0.21688279039183944,-0.41195921401493796,True,False,77.55528018379343,-0.5545104152149749,-1.3460323166721742,0.4420752713103108,0.0436,+1y,20.677765502929688,,,,
HLIT,-0.2728762865423302,1284802692.9761171,Radio & Tv Broadcasting & Communications Equipment,-0.24351677920847692,-0.253298786960539,11.393800020217896,0.04969369454654071,0.03370439973811923,回調,-0.380479251704017,HARMONIC INC.,2026-07-03,11.960000038146973,2026-09-08,False,open,False,0.0,2026-08-17,2026-07-03,False,344518000.0,0.12818778699516425,-0.13697031032375073,-101739000.0,9798000.0,110611000.0,231862000.0,0.0,19512000.0,37187000.0,109682000.0,取數標籤:有息負債 111M = LongTermDebt@2026-07-03 111M(其中融資租賃 0M = (無));現金 232M = CashAndCashEquivalentsAtCarryingValue@2026-07-03 232M;投資 0M = (無);經營租賃 20M;稀釋股數 109.7M(XBRL 未拆季 2026-04-04→2026-07-03)。,-10.383649724433559,淨現金,True,1311796724.1840363,0.1,0.09845000267028808,0.0,False,True,False,0.5872611999511719,,3.807628989440425,2.5826451842357163,3.9142592636908446,3.120885590668451,1.474313627238431,0.9727585049770373,都不過,0.028348142143083226,-0.0003342895601401441,8.822606587528693,-0.2623238662718578,-0.380479251704017,True,False,2.4658399491497667,-0.7938260918658147,-2.0863847064211245,0.29717804796423053,0.1071,+1y,48.016119995117194,,,,
KRMN,-0.2727739460326767,5298697585.170883,"Aircraft Parts & Auxiliary Equipment, NEC",-0.26020507925682157,-0.26998708700888363,71.54000007629395,-0.44520549923984454,-0.06380066253692085,殺,-0.6557377195634708,KARMAN HOLDINGS INC.,2026-06-30,39.689998626708984,2026-09-08,False,open,False,0.0,2026-08-11,2026-06-30,False,589552000.0,0.16818872635492713,0.5023227249908899,829134000.0,5861000.0,864686000.0,51741000.0,0.0,16189000.0,1444000.0,132531000.0,取數標籤:有息負債 865M = LongTermDebtCurrent@2026-06-30 6M; NotesPayable@2026-06-30 757M(其中融資租賃 102M = FinanceLeaseLiabilityCurrent@2026-06-30 5M+FinanceLeaseLiabilityNoncurrent@2026-06-30 97M);現金 52M = CashAndCashEquivalentsAtCarryingValue@2026-06-30 52M;投資 0M = (無);經營租賃 16M;稀釋股數 132.5M(XBRL 未拆季 2026-04-01→2026-06-30)。,141.46630267872376,高(>6 倍),False,5260155207.996368,0.095,0.09742738782047226,0.1643841228649535,False,False,False,0.3779106140136719,,8.92229219474511,17.761683367966846,21.471304848131066,13.939817162101251,0.5023337039571623,0.41554494511877493,兩把尺都過,0.005,1.3945060271097356,55.80899848937988,0.40612245957156023,-0.6557377195634708,True,False,62.694725705471186,0.5796101757303009,0.8839054982473046,0.9652474138427235,0.2739,+1y,10.40106140136719,,,,
MYGN,-0.272647209455746,305122373.0231166,In Vitro & In Vivo Diagnostic Substances,-0.2570093666187936,-0.26679137437085565,5.045600003004074,-0.3697478863041307,-0.12135064396159778,殺,-0.6503667740346905,"MYRIAD GENETICS, INC.",2026-06-30,3.180000066757202,2026-09-08,False,open,False,0.0,2026-07-31,2026-06-30,False,806600000.0,-0.12224150756260849,-0.03157641973826386,95300000.0,7700000.0,120700000.0,115200000.0,0.0,89800000.0,28700000.0,94800000.0,"警告:少數股東權益 的候選標籤(MinorityInterest)全部缺 asof(2026-06-30)前後 200 日內的資料,最新只到 2022-12-31,用這筆舊值代替 —— 可能失真,建議人手核對資產負債表。; 取數標籤:有息負債 121M = LongTermDebtNoncurrent@2026-06-30 121M(其中融資租賃 0M = (無));現金 115M = CashAndCashEquivalentsAtCarryingValue@2026-06-30 115M;投資 0M = (無);經營租賃 90M;稀釋股數 94.8M(XBRL 未拆季 2026-04-01→2026-06-30)。",12.376623376623376,高(>6 倍),False,301464006.32858276,0.095,0.09637902904150036,0.4003794730586915,False,False,False,,現時營業利潤率 ≤ 0; 每股值無解或 ≤ 0,0.37374659847332353,2.549984096784384,0.6133915115295432,0.5162546735015184,0.14656820759965938,0.6093116573154966,兩把尺都過,0.0952020785151984,0.4985328010205252,3.953269173857514,0.2431663807758504,-0.6503667740346905,True,False,-9.825709724446282,,,0.3516756168381294,0.0553,+1y,,,,,
ANGI,-0.2721599866052877,,Services-Advertising,-0.28462714056876004,-0.2944091483208221,8.064199984073639,-0.4171771758454176,-0.17309762909243198,殺,-0.7654387790653702,Angi Inc.,2026-06-30,4.699999809265137,2026-09-08,False,open,False,0.0,2026-08-04,2026-06-30,False,992554000.0,-0.21709952304862,-0.08833108911182097,247402000.0,87440000.0,398475000.0,188701000.0,0.0,37628000.0,19699000.0,40459000.0,"警告:少數股東權益 的候選標籤(MinorityInterest)全部缺 asof(2026-06-30)前後 200 日內的資料,最新只到 2024-12-31,用這筆舊值代替 —— 可能失真,建議人手核對資產負債表。; 取數標籤:有息負債 398M = LongTermDebtNoncurrent@2026-06-30 398M(其中融資租賃 0M = (無));現金 189M = CashAndCashEquivalentsAtCarryingValue@2026-06-30 189M;投資 0M = (無);經營租賃 38M;稀釋股數 40.5M(XBRL 未拆季 2026-04-01→2026-06-30)。",2.829391582799634,低(≤3 倍),True,190157292.28305817,0.095,0.0935465103796512,2.095502072078577,False,False,False,,現時營業利潤率 ≤ 0; 每股值無解或 ≤ 0,0.19158382544733904,0.6281647511510442,0.31094070855116684,0.23537116999982222,0.3049897739347557,0.6161426284130724,兩把尺都過,0.10359318732135238,0.4706513713632896,5.196785304659117,0.10569904586265388,-0.7654387790653702,True,False,-39.36780748241716,,,0.3051133797917027,-0.0095,+1y,,,,,
PUMP,-0.27025589581098,1408790360.7875242,"Oil & Gas Field Services, NEC",-0.21577577488213362,-0.22555778263419568,12.731549997329711,-0.05510328785620455,0.07111127839973208,線附近,-0.4390110104315198,ProPetro Holding Corp.,2026-06-30,12.029999732971191,2026-09-08,False,open,False,0.0,2026-07-30,2026-06-30,False,1160087000.0,-0.009658758351744309,-0.15135600944850325,73933000.0,191483000.0,800296000.0,783958000.0,0.0,57595000.0,19497000.0,122714000.0,取數標籤:有息負債 800M = DebtLongtermAndShorttermCombinedAmount@2026-06-30 797M(其中融資租賃 3M = FinanceLeaseLiabilityCurrent@2026-06-30 3M+FinanceLeaseLiabilityNoncurrent@2026-06-30 0M);現金 784M = CashAndCashEquivalentsAtCarryingValue@2026-06-30 784M;投資 0M = (無);經營租賃 58M;稀釋股數 122.7M(XBRL 未拆季 2026-04-01→2026-06-30)。,0.3861073829008319,低(≤3 倍),True,1476249387.2318268,0.095,0.09590362489981737,0.5421143655820013,False,False,False,,現時營業利潤率 ≤ 0; 每股值無解或 ≤ 0,1.2725333420957452,0.8356015299774185,1.1506026461546348,0.92032880602629,1.52289494028348,1.1059711589823022,都不過,0.013207118098493908,-0.10760327862806962,7.830364385782866,-0.34909687783933907,-0.4390110104315198,True,False,-1.0108968728732295,,,0.2517414087458648,0.1724,+1y,,,,,
SSYS,-0.2696113036830205,688879488.0,"Computer Peripheral Equipment, NEC",-0.26941064084686284,-0.2791926485989249,8.972999997138977,-0.1296110614878253,-0.054896672711999606,殺,-0.4035369512395658,STRATASYS LTD.,2025-12-31,7.809999942779541,2026-09-08,False,open,,,,,True,551102000.0,-0.13153463424193707,-0.037305793612806504,-281131000.0,15144000.0,0.0,94527000.0,213104000.0,26500000.0,24274000.0,85151000.0,"警告:少數股東權益 的候選標籤(MinorityInterest)全部缺 asof(2025-12-31)前後 200 日內的資料,最新只到 2018-03-31,用這筆舊值代替 —— 可能失真,建議人手核對資產負債表。; 取數標籤:有息負債 0M = (無)(其中融資租賃 0M = (無));現金 95M = CashAndCashEquivalentsAtCarryingValue@2025-12-31 95M;投資 213M = OtherShortTermInvestments@2025-12-31 150M+LongTermInvestments@2025-12-31 63M;經營租賃 26M;稀釋股數 85.2M(XBRL 未拆季 2025-07-01→2025-09-30)。",-18.563853671421025,淨現金,True,665029305.1276207,0.1,0.09845000267028808,0.0,False,True,False,,現時營業利潤率 ≤ 0; 每股值無解或 ≤ 0,1.20672635034462,1.6676972789809503,1.3725202039701143,1.2901620434738554,0.7235883667580201,0.8792047992110253,"只過一把(重估已完成,不是折讓)",0.036500647133650393,0.09733788278919508,7.515000343322754,-0.0377720360586582,-0.4035369512395658,True,False,-3.3408231514773616,,,0.32610599396199064,0.0381,+1y,,,,,
AAP,-0.2695470237866695,2668472018.432617,Retail-Auto & Home Supply Stores,-0.2822933908792967,-0.2920753986313588,52.27505002975464,-0.18584484665120127,-0.008484068220032448,殺,-0.3961352484695436,"ADVANCE AUTO PARTS, INC.",2026-07-18,42.560001373291016,2026-09-08,False,open,False,0.0,2026-08-20,2026-07-18,False,8019000000.0,0.02356902356902357,,2526000000.0,381000000.0,3387000000.0,3120000000.0,0.0,2259000000.0,34000000.0,61000000.0,取數標籤:有息負債 3387M = LongTermDebtNoncurrent@2026-07-18 3387M(其中融資租賃 0M = (無));現金 3120M = CashAndCashEquivalentsAtCarryingValue@2026-07-18 3120M;投資 0M = (無);經營租賃 2259M;稀釋股數 61.0M(XBRL 未拆季 2026-04-26→2026-07-18)。,6.6299212598425195,高(>6 倍),False,2596160083.770752,0.095,0.09434953799331436,1.3046190876953185,False,False,False,,每股值無解或 ≤ 0,0.32375110160503207,,,,,,資料不足,0.013096264830717694,,,,-0.3961352484695436,True,False,-14.683294841408722,,,0.4395247373609851,0.0228,+1y,,,,,
SANM,-0.2686916042460068,10637467310.74646,Printed Circuit Boards,-0.22451676277721933,-0.23429877052928139,183.6344998550415,0.11858067968849628,0.07116358138916046,回調,-0.4204513108515183,Sanmina Corporation,2026-06-27,205.41000366210938,2026-09-08,False,open,False,0.0,2026-07-27,2026-06-27,False,12763372000.0,0.04154826796555017,0.5856115197288774,587961000.0,901056000.0,2172310000.0,1844942000.0,0.0,260593000.0,88735000.0,55133000.0,取數標籤:有息負債 2172M = LongTermDebt@2026-06-27 2172M(其中融資租賃 0M = (無));現金 1845M = CashAndCashEquivalentsAtCarryingValue@2026-06-27 1845M;投資 0M = (無);經營租賃 261M;稀釋股數 55.1M(XBRL 未拆季 2026-03-29→2026-06-27)。,0.652524371404219,低(≤3 倍),True,11324869731.903076,0.095,0.09728419402494815,0.19181765895994607,False,False,False,,每股值無解或 ≤ 0,0.8872944964624612,0.4446354448623435,0.9834348303087397,0.8564955383811562,1.9955550253920091,0.9022402594627483,都不過,0.00783541021668676,0.09973534845677468,178.45199890136718,-0.13123997994317238,-0.4204513108515183,True,False,-316.58493336487396,,,-4.314620289947418,0.1598,+1y,,,,,
CRDO,-0.2635735694120101,32058960029.86096,Semiconductors & Related Devices,-0.25807166974069506,-0.2678536774927571,175.485725479126,-0.0440817933082891,0.08735265855763408,線附近,-0.5358634366221902,Credo Technology Group Holding Ltd,2026-08-01,167.75,2026-09-08,False,open,False,0.0,2026-09-02,2026-08-01,False,1591045000.0,0.3173782011193901,1.6511451590058903,-738053000.0,500355000.0,0.0,466869000.0,297389000.0,26205000.0,235162000.0,194378000.0,取數標籤:有息負債 0M = (無)(其中融資租賃 0M = (無));現金 467M = CashAndCashEquivalentsAtCarryingValue@2026-08-01 467M;投資 297M = ShortTermInvestments@2026-08-01 297M;經營租賃 26M;稀釋股數 194.4M(XBRL 未拆季 2026-05-03→2026-08-01)。,-1.475058708317095,淨現金,True,32606909500.0,0.1,0.09845000267028808,0.0,False,True,False,0.16583633422851562,,20.49402091078505,26.612194540893032,35.192794658893405,30.636057781287775,0.7700988687458065,0.5823357056301893,兩把尺都過,0.007212029707997932,0.7049265597652408,225.68918240421294,0.34539005904150777,-0.5358634366221902,True,False,2312.297670214405,12.78418879412462,23.857176885793194,0.92455754272814,0.5473,+1y,-38.14636657714844,,,,
CMP,-0.2623789156794476,1062955716.868454,Mining & Quarrying of  Nonmetallic Minerals (No Fuels),-0.23037892547565608,-0.24016093322771814,25.335900020599365,0.01792321940640651,0.0765818308052213,回調,-0.2709638457523498,"Compass Minerals International, Inc.",2026-06-30,25.790000915527344,2026-09-08,False,open,False,0.0,2026-08-06,2026-06-30,False,1292100000.0,0.08938936614813095,0.05460333006856022,724200000.0,155900000.0,734000000.0,56300000.0,0.0,46500000.0,10800000.0,42246000.0,取數標籤:有息負債 734M = LongTermDebtAndCapitalLeaseObligations@2026-06-30 722M(其中融資租賃 12M = FinanceLeaseLiabilityCurrent@2026-06-30 6M+FinanceLeaseLiabilityNoncurrent@2026-06-30 6M);現金 56M = CashAndCashEquivalentsAtCarryingValue@2026-06-30 56M;投資 0M = (無);經營租賃 46M;稀釋股數 42.2M(XBRL 未拆季 2026-04-01→2026-06-30)。,4.645285439384221,中(3–6 倍),False,1089524378.6773682,0.095,0.09553436879504791,0.6736884592624185,False,False,False,0.2528343200683594,,0.8432198581203995,0.8666378007843827,0.7807987220280231,0.6665158151949772,0.9729783969233884,1.0799452334274389,都不過,0.00991258223437891,-0.08311580813549824,18.34693406078888,-0.28860281467680093,-0.28860281467680093,False,False,10.039415280796257,-0.6107245085535518,-2.116141899854604,0.5691763898580097,0.0298,+1y,22.303432006835937,,,,
CLVT,-0.2597325606013182,1324104443.5078208,Services-Computer Processing & Data Preparation,-0.30402931762507146,-0.3138113253771335,2.55530000269413,-0.25644739398312744,-0.10775515917774692,殺,-0.6250000133046081,CLARIVATE PLC,2026-03-31,1.899999976158142,2026-09-08,False,open,True,91.0,2026-07-29,2026-06-30,False,2447000000.0,0.050061299550469965,-0.03250039538193894,4163500000.0,592000000.0,4354400000.0,242200000.0,0.0,51300000.0,66600000.0,640700000.0,"注意:有息負債取自合計標籤 LongTermDebtAndCapitalLeaseObligationsIncludingCurrentMaturities(按定義已含資本 / 融資租賃),而融資租賃 28M 另外再加了一次,可能重覆計數 0.6%。; 取數標籤:有息負債 4354M = LongTermDebtAndCapitalLeaseObligationsIncludingCurrentMaturities@2026-03-31 4327M(其中融資租賃 28M = FinanceLeaseLiability@2026-03-31 28M);現金 242M = CashAndCashEquivalentsAtCarryingValue@2026-03-31 242M;投資 0M = (無);經營租賃 51M;稀釋股數 640.7M(XBRL 未拆季 2026-01-01→2026-03-31)。",7.0329391891891895,高(>6 倍),False,1217329984.7245216,0.09,0.09120650205612182,3.577008744252191,True,False,True,,每股值無解或 ≤ 0,0.4974785389148025,1.7085989996392361,0.6758768919062715,0.5786461072500063,0.29116167047964037,0.7360490421734839,兩把尺都過,0.05470989857780542,0.2881315758425089,1.9890000343322753,0.04684213646891422,-0.6250000133046081,True,True,,,,0.43667224262812476,-0.065,+1y,,-5.036661803049835,,,
MTSI,-0.2577775460775287,20539962824.71234,Semiconductors & Related Devices,-0.2232680936265714,-0.23305010137863347,264.1625994110107,0.04026833626590465,0.11229097426479129,回調,-0.44173498632414987,"MACOM Technology Solutions Holdings, Inc.",2026-07-03,274.79998779296875,2026-09-08,False,open,False,0.0,2026-08-06,2026-07-03,False,1163974000.0,0.18113634840640772,0.2836089184140238,-706412000.0,271186000.0,371132000.0,89604000.0,994301000.0,6361000.0,83642000.0,78409000.0,"警告:長期經營租賃負債 的候選標籤(OperatingLeaseLiabilityNoncurrent)全部缺 asof(2026-07-03)前後 200 日內的資料,最新只到 2025-10-03,用這筆舊值代替 —— 可能失真,建議人手核對資產負債表。; 取數標籤:有息負債 371M = LongTermDebtCurrent@2026-07-03 340M(其中融資租賃 31M = FinanceLeaseLiabilityCurrent@2026-07-03 1M+FinanceLeaseLiabilityNoncurrent@2026-07-03 30M);現金 90M = CashAndCashEquivalentsAtCarryingValue@2026-07-03 90M;投資 994M = ShortTermInvestments@2026-07-03 573M+AvailableForSaleSecuritiesDebtSecuritiesNoncurrent@2026-07-03 421M;經營租賃 6M;稀釋股數 78.4M(XBRL 未拆季 2026-04-04→2026-07-03)。",-2.604898482960035,淨現金,True,21546792242.858887,0.1,0.09832734986611971,0.017224466445718938,False,False,False,0.6746864318847656,,18.511403384318626,10.642292903294505,17.971704613158767,14.13903801925529,1.7394187091569433,1.0300304719433624,都不過,0.005,-0.03398501041957158,188.9033832274636,-0.3125786331192223,-0.44173498632414987,True,False,87.91197438488796,-0.6800874152471947,-1.5395824109529312,0.7792178774626061,0.35720003,+1y,31.748640188476564,,,,
TDC,-0.2563669623881329,2608649929.046631,Services-Prepackaged Software,-0.246266661722648,-0.25604866947471006,29.822400035858156,-0.06915606404905406,0.040768892702901294,線附近,-0.3516367800048641,TERADATA CORPORATION,2026-06-30,27.760000228881836,2026-09-08,False,open,False,0.0,2026-08-05,2026-06-30,False,1691000000.0,0.07510348905972797,0.009552238805970115,-315000000.0,761000000.0,91000000.0,414000000.0,0.0,8000000.0,121000000.0,96200000.0,缺折舊攤銷標籤。; 取數標籤:有息負債 91M = (無)(其中融資租賃 91M = FinanceLeaseLiabilityCurrent@2026-06-30 46M+FinanceLeaseLiabilityNoncurrent@2026-06-30 45M);現金 414M = CashAndCashEquivalentsAtCarryingValue@2026-06-30 414M;投資 0M = (無);經營租賃 8M;稀釋股數 96.2M(XBRL 未拆季 2026-04-01→2026-06-30)。,-0.41392904073587383,淨現金,True,2670512022.0184326,0.1,0.09845000267028808,0.0,False,True,False,0.4774589538574219,,1.5792501608624676,1.8012365720977614,1.6367084825765021,1.5225353841706524,0.8767588807189478,0.964893979394801,都不過,0.04530966309170385,-0.00853945023110847,24.086763005918044,-0.1323212245200961,-0.3516367800048641,True,False,14.140909674485226,-0.49060124070990263,-1.3951931896973813,0.4411389870642176,0.013300001,+1y,46.41589528574219,,,,
LULU,-0.2562966193240098,10909942919.955276,Apparel & Other Finishd Prods of  Fabrics & Similar Matl,-0.21879017864878447,-0.22857218640084653,152.46624954223634,-0.3231944594215229,-0.06550941874819549,殺,-0.5339540562593265,lululemon athletica inc.,2026-08-02,103.19000244140625,2026-09-08,False,open,False,0.0,2026-09-03,2026-08-02,False,11093955000.0,0.178365154717141,0.017417312268594776,751390000.0,1982033000.0,0.0,1389737000.0,0.0,2141127000.0,91231000.0,112919000.0,"警告:少數股東權益 的候選標籤(MinorityInterest)全部缺 asof(2026-08-02)前後 200 日內的資料,最新只到 2012-08-31,用這筆舊值代替 —— 可能失真,建議人手核對資產負債表。; 取數標籤:有息負債 0M = (無)(其中融資租賃 0M = (無));現金 1390M = CashCashEquivalentsRestrictedCashAndRestrictedCashEquivalents@2026-08-02 1390M;投資 0M = (無);經營租賃 2141M;稀釋股數 112.9M(XBRL 未拆季 2026-05-04→2026-08-02)。",0.37910065069552323,低(≤3 倍),True,11652111885.681152,0.1,0.09845000267028808,0.0,False,True,False,-0.06380844116210938,,1.0503118036517323,4.5652281190747495,1.6934899996142712,1.2400027769929052,0.23006775921300568,0.620205495096495,兩把尺都過,0.007829567798101079,0.5998427391214682,109.64391738370773,0.06254399447239245,-0.5339540562593265,True,False,145.52637608970886,0.4102759244757477,0.7683730831637099,0.4432407091140895,0.0034,+1y,-6.720844116210937,,,,
ELMD,-0.2535735469811746,234252564.0,Electromedical & Electrotherapeutic Apparatus,-0.2489762646273016,-0.25875827237936366,31.42310004234314,-0.124529400606189,0.09512765119772149,線附近,-0.4148132244042758,"Electromed, Inc.",2026-06-30,27.510000228881836,2026-09-08,False,open,False,0.0,2026-08-25,2026-06-30,False,73776000.0,0.18815061808718284,0.15274999999999994,-20450000.0,9665000.0,0.0,20450000.0,0.0,0.0,2722000.0,8688563.0,取數標籤:有息負債 0M = (無)(其中融資租賃 0M = (無));現金 20M = CashAndCashEquivalentsAtCarryingValue@2026-06-30 20M;投資 0M = (無);經營租賃 0M;稀釋股數 8.7M(XBRL 未拆季 2025-07-01→2026-06-30)。,-2.115882048629074,淨現金,True,239022370.11865425,0.1,0.09845000267028808,0.0,False,True,False,0.15179061889648438,,3.2398391091771614,2.733500079995926,3.485977392572432,3.2477543113133085,1.18523468606666,0.9293918876468571,都不過,0.011388055430329632,0.06385711480351142,24.819488546530145,-0.09780122355386289,-0.4148132244042758,True,False,27.592245015566423,0.002989632351883431,0.007207177052218914,0.6294291387117661,0.107,+1y,4.479061889648437,,,,
DRS,-0.2533148096920238,9768229041.755869,"Search, Detection, Navigation, Guidance, Aeronautical Sys",-0.229774826274579,-0.23955683402664107,41.93229988098145,-0.11905622320841835,0.015282885240576416,線附近,-0.2835131186791525,"Leonardo DRS, Inc.",2026-06-30,36.939998626708984,2026-09-08,False,open,False,0.0,2026-07-30,2026-06-30,False,3779000000.0,0.10531886742524478,0.1046477638117509,-3000000.0,501000000.0,149000000.0,270000000.0,0.0,118000000.0,29000000.0,268900000.0,取數標籤:有息負債 149M = DebtCurrent@2026-06-30 10M; LongTermDebtAndCapitalLeaseObligations@2026-06-30 139M(其中融資租賃 0M = (無));現金 270M = CashAndCashEquivalentsAtCarryingValue@2026-06-30 270M;投資 0M = (無);經營租賃 118M;稀釋股數 268.9M(XBRL 未拆季 2026-04-01→2026-06-30)。,-0.005988023952095809,淨現金,True,9933165630.722046,0.1,0.09845000267028808,0.0,False,True,False,0.4009284973144531,,2.6285169702889775,2.0143712032963346,3.1778443924236877,2.8843358791711036,1.3048821220178533,0.8271383509386538,都不過,0.005,0.2029727245662294,36.481646555034736,-0.012408015395616201,-0.2835131186791525,True,False,16.57360183742279,-0.5513372373154486,-1.9446621725444337,0.6413266168018751,0.0683,+1y,33.26284973144531,,,,
ACLS,-0.2529164295529321,3553841810.665695,"Special Industry Machinery, NEC",-0.20775163130171914,-0.2175336390537812,116.87485000610351,0.019637656542206727,0.08229880081586316,回調,-0.4254175739513685,AXCELIS TECHNOLOGIES INC,2026-06-30,119.16999816894531,2026-09-08,False,open,False,0.0,2026-08-06,2026-06-30,False,866072000.0,0.10325123084454872,-0.033496710144539366,-507236000.0,75295000.0,41567000.0,154996000.0,422049000.0,28242000.0,21773000.0,31134000.0,取數標籤:有息負債 42M = (無)(其中融資租賃 42M = FinanceLeaseLiabilityCurrent@2026-06-30 2M+FinanceLeaseLiabilityNoncurrent@2026-06-30 40M);現金 155M = CashAndCashEquivalentsAtCarryingValue@2026-06-30 155M;投資 422M = ShortTermInvestments@2026-06-30 247M+AvailableForSaleSecuritiesDebtSecuritiesNoncurrent@2026-06-30 175M;經營租賃 28M;稀釋股數 31.1M(XBRL 未拆季 2026-04-01→2026-06-30)。,-6.7366491798924235,淨現金,True,3710238722.9919434,0.1,0.09845000267028808,0.0,False,True,False,0.6410408020019531,,4.283984152578473,3.1136643515312676,3.4071040876072134,3.065354734178123,1.375865754596077,1.2573681467967968,都不過,0.005868355549489336,-0.2093279254234207,76.74362802098041,-0.35601553075311576,-0.4254175739513685,True,False,35.63349140767781,-0.7009860539129924,-1.6477599818034914,0.38914397007940144,0.1191,+1y,52.194080200195316,,,,
ACDC,-0.2527439650549204,937932241.66858,"Oil & Gas Field Services, NEC",-0.19465080818229885,-0.2044328159343609,5.432600014209747,-0.0023193200093591937,0.02051320708003046,線附近,-0.5521092174747675,ProFrac Holding Corp.,2026-06-30,5.420000076293945,2026-09-08,False,open,False,0.0,2026-08-06,2026-06-30,False,1787300000.0,-0.15000279751580597,-0.16175780883594415,1296400000.0,86300000.0,1078100000.0,18800000.0,0.0,134000000.0,10800000.0,182000000.0,取數標籤:有息負債 1078M = LongTermDebtCurrent@2026-06-30 160M; LongTermDebtNoncurrent@2026-06-30 918M(其中融資租賃 0M = (無));現金 19M = CashAndCashEquivalentsAtCarryingValue@2026-06-30 19M;投資 0M = (無);經營租賃 134M;稀釋股數 182.0M(XBRL 未拆季 2026-04-01→2026-06-30)。,15.022016222479722,高(>6 倍),False,986440013.885498,0.095,0.09466745645679253,1.0929199797496671,False,False,False,,現時營業利潤率 ≤ 0; 每股值無解或 ≤ 0,0.5519163060960656,0.6115632847192031,0.48457102373339067,0.37328571251460485,0.9024680190693197,1.1389791775905447,都不過,0.01094846097884835,-0.1315292420485138,3.2992098823055924,-0.39128969817994796,-0.5521092174747675,True,False,-13.364600176440543,,,0.24290709387768508,0.107,+1y,,,,,
DDOG,-0.2506313211678547,,Services-Prepackaged Software,-0.24238710178347855,-0.2521691095355406,176.53742515563965,0.19085228269413834,0.10486290018080546,回調,-0.4862057017996233,"Datadog, Inc.",2026-06-30,210.22999572753906,2026-09-08,False,open,False,0.0,2026-08-06,2026-06-30,False,3966725000.0,0.004116494085171016,0.3152027018065977,-3707637000.0,1229034000.0,985545000.0,434957000.0,4550481000.0,292256000.0,823037000.0,371023000.0,取數標籤:有息負債 986M = ConvertibleLongTermNotesPayable@2026-06-30 986M(其中融資租賃 0M = (無));現金 435M = CashAndCashEquivalentsAtCarryingValue@2026-06-30 435M;投資 4550M = AvailableForSaleSecuritiesDebtSecuritiesCurrent@2026-06-30 4550M;經營租賃 292M;稀釋股數 371.0M(XBRL 未拆季 2026-04-01→2026-06-30)。,-3.0167082440355597,淨現金,True,78000163704.81873,0.1,0.09835962181620896,0.0126351657892625,False,False,False,,每股值無解或 ≤ 0,19.663617645493126,19.994737916959593,18.29878432746342,14.31084626848773,0.9834396293243929,1.0745860103931233,都不過,0.010551734264490449,-0.07912588410127985,137.70163169919462,-0.34499531704477693,-0.4862057017996233,True,False,-9.698323146977547,,,-0.06181408225243433,0.2232,+1y,,,,,
