流動性口徑,負債閘口徑,年份段,組,期,主口徑,樣本N,未成熟,其他不可判,公司數,中位期內最大跌幅,觸及負33比例,觸及負80比例,觸及負50比例,最大單筆超額,可信度,勝率,中位超額,平均超額,p25超額,p75超額,平均盈虧比,中位盈虧比,前1%事件數,前1%佔總超額比例,前5%事件數,前5%佔總超額比例,剔走前1%後平均,剔走前5%後平均,簇數,2020年觸發佔比,勝率下限,勝率上限,平均超額下限,平均超額上限
不含流動性閘,A(資料不足當不過),全期 2010-2026,0 全部觸發(不分閘),1m,False,16022,183,25,3632,-0.09911572819721956,0.06291349394582449,0.0010610410685307702,0.016602172013481464,7.606475572469272,高,0.4774684808388466,-0.0067743377364097,0.010096169821725388,-0.0906412637265594,0.08191257418042425,1.2775897701385157,1.0204269686533547,161.0,1.2027592619848995,802.0,2.961370878364738,-0.0020678713254875833,-0.020845794144420716,4463.0,0.10366995381350642,,,,
不含流動性閘,A(資料不足當不過),全期 2010-2026,0 全部觸發(不分閘),3m,False,15375,830,25,3494,-0.1601189355641957,0.1872520325203252,0.004097560975609756,0.05567479674796748,16.6471220607926,高,0.464,-0.0195588407587824,0.03107242480166316,-0.16560406773275266,0.14337810443386584,1.5138715319876392,1.035361894180416,154.0,0.8568152119025015,769.0,1.9314866908100639,0.004494112763541286,-0.030467416377989602,4375.0,0.10803252032520325,,,,
不含流動性閘,A(資料不足當不過),全期 2010-2026,0 全部觸發(不分閘),6m,False,14365,1840,25,3256,-0.2185459144548616,0.3139575356769927,0.011695092238078663,0.12822833275321963,36.4684668439731,高,0.4344587539157675,-0.0505121347905692,0.04413395453854293,-0.2507302387891496,0.1859323943466766,1.6996452216579074,1.051992627616366,144.0,0.9276808385506781,719.0,2.0693287232272337,0.0032240496332478843,-0.049680314819464555,4211.0,0.11562826313957536,,,,
不含流動性閘,A(資料不足當不過),全期 2010-2026,0 全部觸發(不分閘),12m,False,13036,3169,25,3006,-0.29335245567938123,0.447376495857625,0.03191162933415158,0.23350721080085915,71.57174139555339,高,0.434949370972691,-0.0708977317597298,0.10198317064580117,-0.34772322345956175,0.2717848386325983,1.9991713666759645,1.1131144161442077,131.0,0.72708222548922,652.0,1.4611023867339268,0.028115555856768264,-0.04950046614108792,3948.0,0.12741638539429273,,,,
不含流動性閘,A(資料不足當不過),全期 2010-2026,1 過三閘(現行①池),1m,False,1821,16,6,713,-0.0841379494502626,0.039538714991762765,0.0005491488193300384,0.009884678747940691,0.7992516782684966,高,0.49478308621636463,-0.0019445779081582,0.004673775393671341,-0.0692721849793486,0.0739462900669649,1.1252930426685195,1.0875332390213914,19.0,1.1973014437558243,92.0,3.4422804178862574,-0.0009318655575046834,-0.012022044124560243,1174.0,0.11532125205930807,,,,
不含流動性閘,A(資料不足當不過),全期 2010-2026,1 過三閘(現行①池),3m,False,1754,83,6,696,-0.1305549153970178,0.12827822120866592,0.0005701254275940707,0.026795895096921322,4.671768900952977,高,0.500570125427594,0.00012048704000497562,0.018107042845959844,-0.13196538938128802,0.1322811892270186,1.230298783920414,1.0005995907190328,18.0,0.6286092156145668,88.0,1.8233576647479146,0.006794515918744102,-0.015696060136883207,1135.0,0.11972633979475485,,,,
不含流動性閘,A(資料不足當不過),全期 2010-2026,1 過三閘(現行①池),6m,False,1638,199,6,671,-0.177050507788672,0.23931623931623933,0.001221001221001221,0.07264957264957266,3.5697477446936787,高,0.4371184371184371,-0.040960321836989,0.011259702084738504,-0.19816035044689995,0.15360305439354371,1.4105314267039877,1.0294111763651186,17.0,1.904433487732509,82.0,4.711398054347412,-0.01029045118171808,-0.043991496940425145,1074.0,0.1282051282051282,,,,
不含流動性閘,A(資料不足當不過),全期 2010-2026,1 過三閘(現行①池),12m,False,1494,343,6,634,-0.25419588584486935,0.3815261044176707,0.0107095046854083,0.17001338688085676,11.705683397360184,高,0.4524765729585007,-0.0517274283316527,0.029366490383096078,-0.3065156353526937,0.2522843181347988,1.4245414432574173,1.0066912817842424,15.0,1.0275777058258533,75.0,2.669786820976563,-0.0008180740275771381,-0.05162752167605571,995.0,0.14056224899598393,,,,
不含流動性閘,A(資料不足當不過),全期 2010-2026,2 只不過負債閘,1m,False,4734,35,2,1576,-0.08189189600169999,0.04858470637938318,0.0006337135614702154,0.017110266159695818,1.7398342065474424,高,0.49852133502323615,-0.0005298763864764,0.0014208744879114414,-0.07344592655977332,0.06903202832213212,1.0353823974835326,0.947235464714831,48.0,3.9973486616795326,237.0,11.780730522637946,-0.004302480892589561,-0.01612535457500233,2362.0,0.1436417405999155,,,,
不含流動性閘,A(資料不足當不過),全期 2010-2026,2 只不過負債閘,3m,False,4588,181,2,1549,-0.13405817341648316,0.12903225806451613,0.001961639058413252,0.034655623365300786,3.644043104313688,高,0.49411508282476024,-0.0024939359135866,0.014499759647632447,-0.12621424897876737,0.13534636904767605,1.213923915310285,1.1048287358979099,46.0,0.719818105969023,230.0,2.1547401749796977,0.00410371460049716,-0.0176271159950374,2315.0,0.14821272885789014,,,,
不含流動性閘,A(資料不足當不過),全期 2010-2026,2 只不過負債閘,6m,False,4293,476,2,1478,-0.1851852306681836,0.23526671325413465,0.0041928721174004195,0.08199394362916375,4.383040245156447,高,0.4484043792219893,-0.0329575656287773,0.006892358314924376,-0.2024644709260424,0.160900930738036,1.3020881807876388,1.0525222945937263,43.0,2.424700102285669,215.0,6.838428881094584,-0.009918894272647936,-0.04236210267908943,2212.0,0.15839739110179363,,,,
不含流動性閘,A(資料不足當不過),全期 2010-2026,2 只不過負債閘,12m,False,3992,777,2,1417,-0.2507664012230034,0.37324649298597196,0.02029058116232465,0.17259519038076152,9.355625301048798,高,0.44789579158316634,-0.0492285066030131,0.018261365647221403,-0.28637104851540485,0.23367585513953076,1.3725316411915458,1.0508691849464629,40.0,1.4665351050125983,200.0,3.8577200862018475,-0.008605798586660003,-0.054938290789786855,2073.0,0.17034068136272545,,,,
不含流動性閘,A(資料不足當不過),全期 2010-2026,3 只不過現金流閘,1m,False,633,7,1,285,-0.1185258550701895,0.0679304897314376,0.001579778830963665,0.020537124802527645,1.16568438388532,高,0.4470774091627172,-0.0127182502817788,-0.007444833723835175,-0.1072439265241216,0.0847765286792407,1.1109927123831838,1.1150959761957624,7.0,-1.115292514181398,32.0,-3.295815968083273,-0.015924096903688404,-0.0336844847401574,408.0,0.05845181674565561,,,,
不含流動性閘,A(資料不足當不過),全期 2010-2026,3 只不過現金流閘,3m,False,610,30,1,275,-0.2043917811278182,0.24262295081967214,0.006557377049180328,0.08524590163934426,2.005349016365627,高,0.419672131147541,-0.0456476742378253,-0.028655290171743415,-0.22372523702415115,0.11769025836865053,1.0843458922780227,0.818624528804944,7.0,-0.5088437489416241,31.0,-1.4781922670784158,-0.04373827002378688,-0.07481541328816341,396.0,0.060655737704918035,,,,
不含流動性閘,A(資料不足當不過),全期 2010-2026,3 只不過現金流閘,6m,False,571,69,1,251,-0.2811245604616817,0.4115586690017513,0.03327495621716287,0.19614711033274956,5.701597369111421,高,0.3975481611208406,-0.1059287261432189,-0.024598460959780216,-0.349354407597657,0.19175784561827655,1.3262431424467342,0.9544876519798384,6.0,-1.2590635507031798,29.0,-3.1742631085804547,-0.056159604998954664,-0.10817442042823716,377.0,0.0647985989492119,,,,
不含流動性閘,A(資料不足當不過),全期 2010-2026,3 只不過現金流閘,12m,False,523,117,1,225,-0.3998036056228492,0.6003824091778203,0.08030592734225621,0.384321223709369,6.508599321119126,高,0.367112810707457,-0.1964905579094622,-0.06262002447746509,-0.5050421533846834,0.20878426920554355,1.3332667808626248,0.8525379034441202,6.0,-0.6733337279080407,27.0,-1.5969555191641154,-0.10600026320560503,-0.17147379376318997,343.0,0.07074569789674952,,,,
不含流動性閘,A(資料不足當不過),全期 2010-2026,4 只不過市值閘,1m,False,1165,14,2,421,-0.0909091042515441,0.026609442060085836,0.0,0.010300429184549357,2.9453657337117423,高,0.4901287553648069,-0.0028085871688741,0.024440464766109626,-0.0826081670552599,0.0852759855895435,1.5350244028691005,1.1130316283085986,12.0,0.5833250577854224,59.0,1.4119823863519785,0.010289717753161582,-0.010606177904652509,882.0,0.11587982832618025,,,,
不含流動性閘,A(資料不足當不過),全期 2010-2026,4 只不過市值閘,3m,False,1131,48,2,413,-0.1447368627439907,0.14588859416445624,0.0017683465959328027,0.03536693191865606,14.682618901303856,高,0.45181255526083114,-0.0224503330644851,0.046179611744665304,-0.15517323798507693,0.14014143910559645,1.8258586843617872,1.1444199131305317,12.0,0.7501912119191777,57.0,1.4768426547236184,0.011659784080910493,-0.02318908956488532,864.0,0.11936339522546419,,,,
不含流動性閘,A(資料不足當不過),全期 2010-2026,4 只不過市值閘,6m,False,1076,103,2,393,-0.212991592036403,0.2899628252788104,0.0055762081784386614,0.08643122676579926,16.048538686717155,高,0.4107806691449814,-0.0654399925993405,0.04598829538754159,-0.24128917343714576,0.1670670278685277,1.9154223540251296,1.1307696183800964,11.0,1.022299070025365,54.0,2.0285899399593648,-0.0010360881989227419,-0.049802478902993476,818.0,0.12546468401486988,,,,
不含流動性閘,A(資料不足當不過),全期 2010-2026,4 只不過市值閘,12m,False,999,180,2,371,-0.2791209156279127,0.4264264264264264,0.012012012012012012,0.19119119119119118,41.75516400916379,高,0.4164164164164164,-0.0985682299133043,0.16852759018160793,-0.3376117682592046,0.24869066807617074,2.698881849408215,1.206262211759545,10.0,0.7363353664777558,50.0,1.2408936582294177,0.04488405514491104,-0.04273617543068933,763.0,0.13513513513513514,,,,
不含流動性閘,A(資料不足當不過),全期 2010-2026,4a 只不過市值閘(1 億至 5 億),1m,False,720,7,2,306,-0.0899285412258338,0.030555555555555555,0.0,0.009722222222222222,1.661651513551652,高,0.48333333333333334,-0.0038511553356901504,0.016088204119745386,-0.08599665168567262,0.07929072188739207,1.392086398669267,0.9764546225724908,8.0,0.787115846297918,36.0,1.8810204051768273,0.003463406007591576,-0.014920038012784813,576.0,0.11527777777777778,,,,
不含流動性閘,A(資料不足當不過),全期 2010-2026,4a 只不過市值閘(1 億至 5 億),3m,False,697,30,2,295,-0.1447368338497724,0.15925394548063126,0.0,0.03443328550932568,14.682618901303856,高,0.41606886657101866,-0.0413935106011498,0.035157643879121334,-0.1736301466748249,0.128706470360479,1.8955767602101095,1.0913800726276863,7.0,1.135173324731352,35.0,2.09471789182419,-0.004800588119079138,-0.040522550070745574,562.0,0.11908177905308465,,,,
不含流動性閘,A(資料不足當不過),全期 2010-2026,4a 只不過市值閘(1 億至 5 億),6m,False,668,59,2,286,-0.21440326834018453,0.2994011976047904,0.0,0.08832335329341318,16.048538686717155,高,0.40718562874251496,-0.0746918267697807,0.02452201227657834,-0.25758909220050785,0.15575535102249752,1.7084897685318041,1.0298944257652676,7.0,1.8275990281882903,34.0,3.4410728544627105,-0.020509311463818663,-0.06307017722625344,537.0,0.12425149700598802,,,,
不含流動性閘,A(資料不足當不過),全期 2010-2026,4a 只不過市值閘(1 億至 5 億),12m,False,628,99,2,274,-0.2930517466163761,0.445859872611465,0.006369426751592357,0.19904458598726116,19.7325336751658,高,0.4124203821656051,-0.09600989325173209,0.07857761129691196,-0.3390076667153142,0.24513202550626656,2.036416164574769,1.2114391562271811,7.0,0.8868344564529992,32.0,1.6985155468433852,0.008992513111802117,-0.05783467282268043,506.0,0.1321656050955414,,,,
不含流動性閘,A(資料不足當不過),全期 2010-2026,4b 只不過市值閘(低於 1 億),1m,False,445,7,0,183,-0.0939596463468245,0.020224719101123594,0.0,0.011235955056179775,2.9453657337117423,高,0.501123595505618,0.0001800936544085,0.03795423480067649,-0.0707348201322908,0.0933553922399528,1.7758063502293366,1.3152527457739367,5.0,0.487658737194949,23.0,1.0791209784697056,0.019666492411425478,-0.0031666455131559653,398.0,0.11685393258426967,,,,
不含流動性閘,A(資料不足當不過),全期 2010-2026,4b 只不過市值閘(低於 1 億),3m,False,434,18,0,179,-0.14560535622599735,0.12442396313364056,0.004608294930875576,0.03686635944700461,3.602384347613529,高,0.5092165898617511,0.0040676920261237,0.06388079055177162,-0.1263947433075203,0.14507538094885375,1.7597766739528469,1.104748641628228,5.0,0.3993265754998776,22.0,0.9145075755822414,0.038818713421212944,0.005752947736818891,389.0,0.11981566820276497,,,,
不含流動性閘,A(資料不足當不過),全期 2010-2026,4b 只不過市值閘(低於 1 億),6m,False,408,44,0,165,-0.2077982473977724,0.27450980392156865,0.014705882352941176,0.08333333333333333,7.7080151482327555,高,0.4166666666666667,-0.054890413908201846,0.08113407263784418,-0.22150922919694788,0.18320708281299647,2.272020058679938,1.3102818077407434,5.0,0.6422419004836378,21.0,1.3224992403837574,0.029386500313246997,-0.027585519721802867,364.0,0.12745098039215685,,,,
不含流動性閘,A(資料不足當不過),全期 2010-2026,4b 只不過市值閘(低於 1 億),12m,False,371,81,0,151,-0.258474252684172,0.3935309973045822,0.0215633423180593,0.1778975741239892,41.75516400916379,高,0.42318059299191374,-0.1038753971694051,0.3207879317977511,-0.33622598390531505,0.25696678217809943,3.787071103373456,1.1237273800223644,4.0,0.6559730038016792,19.0,1.0344447589762746,0.11156253920442043,-0.01164588287074904,331.0,0.14016172506738545,,,,
不含流動性閘,A(資料不足當不過),全期 2010-2026,5 不過兩閘(補完),1m,False,5225,67,10,1766,-0.1123254101349816,0.07272727272727272,0.001722488038277512,0.016842105263157894,5.323425666899727,高,0.46086124401913875,-0.0126091972453709,0.01040105117803772,-0.1024042827312369,0.0916261341849737,1.3503485249211802,1.1017090641594365,53.0,1.1470916751681095,262.0,3.1026730529559607,-0.0015455857532334686,-0.02302454209754903,2281.0,0.08669856459330144,,,,
不含流動性閘,A(資料不足當不過),全期 2010-2026,5 不過兩閘(補完),3m,False,4999,293,10,1688,-0.1793831244229187,0.21764352870574113,0.0068013602720544105,0.0638127625525105,8.563105696593869,高,0.4450890178035607,-0.0328643614724596,0.035437902947577635,-0.18838670449578798,0.1512729194880029,1.640406410094969,1.0679092820384284,50.0,0.7468583475359977,250.0,1.9033247683170034,0.009061441857088615,-0.03369712895627193,2225.0,0.09061812362472495,,,,
不含流動性閘,A(資料不足當不過),全期 2010-2026,5 不過兩閘(補完),6m,False,4688,604,10,1581,-0.24294027076567182,0.3553754266211604,0.01727815699658703,0.15678327645051193,9.131117802394195,高,0.43813993174061433,-0.0620799302778239,0.053977076040760304,-0.27643644778219156,0.21080369433662985,1.7164852025506476,1.0551888305929336,47.0,0.7307654066754317,235.0,1.8514574120913785,0.01467966856173493,-0.04838460425971565,2130.0,0.0966296928327645,,,,
不含流動性閘,A(資料不足當不過),全期 2010-2026,5 不過兩閘(補完),12m,False,4206,1086,10,1448,-0.3161290754458823,0.48335710889205896,0.0442225392296719,0.2717546362339515,71.57174139555339,高,0.42368045649072755,-0.0805907036073425,0.13242644433472836,-0.38320063055917053,0.30166877083412585,2.2350734143724726,1.2148252800274215,43.0,0.6526574314339825,211.0,1.3226839071294956,0.046472451981105715,-0.04498881042518588,1977.0,0.10770328102710414,,,,
不含流動性閘,A(資料不足當不過),全期 2010-2026,6 三閘全不過,1m,False,2444,44,4,937,-0.1257900461512817,0.10310965630114566,0.0012274959083469722,0.0220949263502455,7.606475572469272,高,0.4611292962356792,-0.018466984971509053,0.02799403189666889,-0.12572634142287872,0.10849910644835407,1.5793172043539416,1.047123233419418,25.0,0.7944850414400652,123.0,1.8182559962529656,0.00581265067955105,-0.024120189236180718,1219.0,0.05973813420621931,,,,
不含流動性閘,A(資料不足當不過),全期 2010-2026,6 三閘全不過,3m,False,2293,195,4,874,-0.2118380245097267,0.2882686436982119,0.0056694286960314,0.10423026602703882,16.6471220607926,高,0.4348015699956389,-0.0491896079330997,0.07307038386263687,-0.2183047544068413,0.1780885967779655,2.029479369500033,1.1795203788532693,23.0,0.7094862632552388,115.0,1.456137418808889,0.021443035219903494,-0.035089991967352525,1167.0,0.06367204535542957,,,,
不含流動性閘,A(資料不足當不過),全期 2010-2026,6 三閘全不過,6m,False,2099,389,4,785,-0.2795698860410449,0.4263935207241544,0.020009528346831826,0.2053358742258218,36.4684668439731,高,0.41781800857551216,-0.0800756198094189,0.1417197492031218,-0.30346130204227745,0.26348805877977954,2.5223839505343744,1.3331395857875887,21.0,0.592511265674784,105.0,1.1709270539326666,0.05833280721139045,-0.02549931224325633,1098.0,0.06955693187232015,,,,
不含流動性閘,A(資料不足當不過),全期 2010-2026,6 三閘全不過,12m,False,1822,666,4,675,-0.3633801144993595,0.5482985729967069,0.0433589462129528,0.3106476399560922,25.74713947273373,高,0.4478594950603732,-0.08716058037907976,0.28544746958344197,-0.3950072089297556,0.4523991278138204,2.899596001947338,1.5033686750103545,19.0,0.43136099864849237,92.0,0.8912098313083174,0.16402705473375886,0.03270529848993247,982.0,0.0801317233809001,,,,
不含流動性閘,A(資料不足當不過),建表年份 2010-2021,0 全部觸發(不分閘),1m,False,6038,0,0,1960,-0.09940243265362494,0.07320304736667771,0.0011593242795627692,0.022689632328585625,2.745529689560036,高,0.48443193110301425,-0.0045448415379745,0.004300915063504999,-0.08095997519529192,0.0737049310787137,1.1469944307335762,0.9858603509546174,61.0,1.9745797540009835,302.0,5.367533918218979,-0.004234363173450315,-0.019773389370180108,2356.0,0.27509108976482277,,,,
不含流動性閘,A(資料不足當不過),建表年份 2010-2021,0 全部觸發(不分閘),3m,False,6038,0,0,1960,-0.15182984901863933,0.17671414375621067,0.002649884067572044,0.055978800927459424,14.682618901303856,高,0.485591255382577,-0.007921303068438999,0.03519792847255806,-0.14305861934115918,0.14205092159571742,1.4903426640396313,1.0606982773386253,61.0,0.646553416189782,302.0,1.4929742904826937,0.012567553585881474,-0.01826523823157215,2356.0,0.27509108976482277,,,,
不含流動性閘,A(資料不足當不過),建表年份 2010-2021,0 全部觸發(不分閘),6m,False,6038,0,0,1960,-0.2018043936931606,0.28916859887379925,0.0091089764822789,0.12139781384564426,16.048538686717155,高,0.46505465385889366,-0.025983003818352952,0.05736854608741306,-0.2148517410844279,0.20200924165587686,1.67666374665637,1.1346021036122467,61.0,0.6039852929235584,302.0,1.407815929309211,0.022950651127366464,-0.02462759453941748,2356.0,0.27509108976482277,,,,
不含流動性閘,A(資料不足當不過),建表年份 2010-2021,0 全部觸發(不分閘),12m,False,6038,0,0,1960,-0.28072690105336295,0.4312686319973501,0.029811195760185493,0.23517721099701888,19.7325336751658,高,0.4877442861874793,-0.01498523616686295,0.13955559497079698,-0.29141427764648836,0.3334599090530776,1.9560561647927812,1.2416088254788036,61.0,0.4636262164777491,302.0,0.9800903597268883,0.07561790622245042,0.002924789614397286,2356.0,0.27509108976482277,,,,
不含流動性閘,A(資料不足當不過),建表年份 2010-2021,1 過三閘(現行①池),1m,False,719,0,0,390,-0.0923333485921223,0.06815020862308763,0.0013908205841446453,0.02086230876216968,0.7289663457738649,高,0.502086230876217,0.0004150679384862,0.002734017565295864,-0.06812568983399159,0.07168845567656085,1.0495152770715792,1.0464091539775298,8.0,2.201625622004635,36.0,5.891524393837042,-0.0033222305707751084,-0.014078413306499596,517.0,0.29207232267037553,,,,
不含流動性閘,A(資料不足當不過),建表年份 2010-2021,1 過三閘(現行①池),3m,False,719,0,0,390,-0.1342620737593274,0.15299026425591097,0.0013908205841446453,0.043115438108484005,1.1245123772670025,高,0.5076495132127955,0.0035625338472697,0.028732392207568368,-0.12390508990837705,0.1393376070183509,1.348427427223051,1.072255112586645,8.0,0.33187819019429987,36.0,1.129179888384504,0.019412734932476854,-0.003907283089348317,517.0,0.29207232267037553,,,,
不含流動性閘,A(資料不足當不過),建表年份 2010-2021,1 過三閘(現行①池),6m,False,719,0,0,390,-0.1717026147914631,0.2545201668984701,0.0027816411682892906,0.09040333796940195,3.5697477446936787,高,0.4714881780250348,-0.0201638819867256,0.027762152119861105,-0.1816558536083053,0.1708304722510657,1.4068721022179251,1.0724067023169497,8.0,0.7630992708019886,36.0,1.8669741774314743,0.00665087547743398,-0.02533771685131755,517.0,0.29207232267037553,,,,
不含流動性閘,A(資料不足當不過),建表年份 2010-2021,1 過三閘(現行①池),12m,False,719,0,0,390,-0.2624584599189455,0.3908205841446453,0.016689847009735744,0.19749652294853964,11.705683397360184,高,0.5062586926286509,0.0084253664530926,0.08351375565981643,-0.2554323661376596,0.2984443731212859,1.5396893709353967,1.1420467427039704,8.0,0.4830706806658298,36.0,1.0618873257788646,0.04365645524090791,-0.0054408645966941204,517.0,0.29207232267037553,,,,
不含流動性閘,A(資料不足當不過),建表年份 2010-2021,2 只不過負債閘,1m,False,2080,0,0,984,-0.0894428566946895,0.08605769230769231,0.0014423076923076924,0.035576923076923075,0.6992899066469445,高,0.49615384615384617,-0.0012459324275782,-0.0037525485464679842,-0.07428842869634457,0.06718685822912943,0.9429883082564717,0.9234039908958283,21.0,-1.4004101268342999,104.0,-4.272590275768034,-0.009099525744219768,-0.020827001026794273,1194.0,0.3269230769230769,,,,
不含流動性閘,A(資料不足當不過),建表年份 2010-2021,2 只不過負債閘,3m,False,2080,0,0,984,-0.1393813826634286,0.15817307692307692,0.0028846153846153848,0.058173076923076925,3.644043104313688,高,0.5192307692307693,0.0083847125223134,0.02431211351448246,-0.11338436834494975,0.13798265006003863,1.2351954844073294,1.122426371647015,21.0,0.4873218908823648,104.0,1.33776061919179,0.012591413230372517,-0.00864386791001334,1194.0,0.3269230769230769,,,,
不含流動性閘,A(資料不足當不過),建表年份 2010-2021,2 只不過負債閘,6m,False,2080,0,0,984,-0.18166100917617395,0.24086538461538462,0.00625,0.0985576923076923,4.383040245156447,高,0.48846153846153845,-0.00954687454420635,0.0349669334210293,-0.17527691399421869,0.19509538244570707,1.3967293155913925,1.1616084175615882,21.0,0.5149942195723498,104.0,1.4080486796918774,0.017132133488440116,-0.015019169489815548,1194.0,0.3269230769230769,,,,
不含流動性閘,A(資料不足當不過),建表年份 2010-2021,2 只不過負債閘,12m,False,2080,0,0,984,-0.24726329147294535,0.38317307692307695,0.025,0.1918269230769231,7.670001350347471,高,0.5134615384615384,0.0136322827836993,0.07614590804466898,-0.22787126264125757,0.2974302739959228,1.4844356529263678,1.2192122808133081,21.0,0.3370731524487257,104.0,0.9393332913420794,0.05099401014564436,0.004862654335619732,1194.0,0.3269230769230769,,,,
不含流動性閘,A(資料不足當不過),建表年份 2010-2021,3 只不過現金流閘,1m,False,224,0,0,123,-0.12582489523061746,0.044642857142857144,0.0,0.008928571428571428,0.7350926720996616,高,0.41964285714285715,-0.0141000594602821,-0.01618973605415406,-0.1175424886603821,0.06675261132487277,1.054732389271988,0.9282870907894003,3.0,-0.5534656050185128,12.0,-1.3412165555258533,-0.025491603518725127,-0.04004916929163096,151.0,0.16517857142857142,,,,
不含流動性閘,A(資料不足當不過),建表年份 2010-2021,3 只不過現金流閘,3m,False,224,0,0,123,-0.2040721064905453,0.25,0.004464285714285714,0.07142857142857142,1.2228265492304282,高,0.4107142857142857,-0.06346063708451485,-0.05179967586188282,-0.23393942684182278,0.08291460177116332,0.8934029169542863,0.7029997785246116,3.0,-0.2817984903990139,12.0,-0.716496459328998,-0.06729805962142081,-0.09394682588365003,151.0,0.16517857142857142,,,,
不含流動性閘,A(資料不足當不過),建表年份 2010-2021,3 只不過現金流閘,6m,False,224,0,0,123,-0.28776654381931444,0.42857142857142855,0.03571428571428571,0.21875,1.720245275645639,高,0.3705357142857143,-0.12572324145162994,-0.07071810683542783,-0.39200543317894776,0.1528855861713539,1.1247097042104703,0.8896110853381949,3.0,-0.31225546364130236,12.0,-0.8438149578674209,-0.09405995359451465,-0.13777173165684484,151.0,0.16517857142857142,,,,
不含流動性閘,A(資料不足當不過),建表年份 2010-2021,3 只不過現金流閘,12m,False,224,0,0,123,-0.45317227580738684,0.6607142857142857,0.09821428571428571,0.45535714285714285,6.508599321119126,高,0.30357142857142855,-0.3006481640706946,-0.14003762564757422,-0.5798906214696552,0.1570229507888034,1.2901791364619348,0.8170047534874677,3.0,-0.3201689313159433,12.0,-0.650652609565151,-0.1873829152095944,-0.24423763101695586,151.0,0.16517857142857142,,,,
不含流動性閘,A(資料不足當不過),建表年份 2010-2021,4 只不過市值閘,1m,False,477,0,0,217,-0.0901713242778131,0.031446540880503145,0.0,0.016771488469601678,1.819810429596204,高,0.4968553459119497,-0.0034262171327942,0.016285220267773407,-0.0755140221275826,0.0833861720298099,1.344596712030026,1.1189248102954996,5.0,0.6644393639446967,24.0,1.604885418291396,0.00552256741872082,-0.01037258325502451,397.0,0.2830188679245283,,,,
不含流動性閘,A(資料不足當不過),建表年份 2010-2021,4 只不過市值閘,3m,False,477,0,0,217,-0.1443298604184546,0.13626834381551362,0.0020964360587002098,0.04612159329140461,14.682618901303856,高,0.4612159329140461,-0.0179753111062822,0.06243614632939901,-0.1367479585461936,0.1402018803602964,2.03784581269919,1.2023697345510713,5.0,0.8043050132529277,24.0,1.279645127508963,0.012347873464364825,-0.018384995312126055,397.0,0.2830188679245283,,,,
不含流動性閘,A(資料不足當不過),建表年份 2010-2021,4 只不過市值閘,6m,False,477,0,0,217,-0.1953562028978236,0.27253668763102723,0.006289308176100629,0.09853249475890985,16.048538686717155,高,0.429769392033543,-0.0441620264884025,0.076958032592396,-0.2094822132991803,0.1989398361807965,2.151684861103584,1.3131193566276098,5.0,0.7839607082138333,24.0,1.385545447957606,0.0168020813040531,-0.03124278307823605,397.0,0.2830188679245283,,,,
不含流動性閘,A(資料不足當不過),建表年份 2010-2021,4 只不過市值閘,12m,False,477,0,0,217,-0.2791209156279127,0.42557651991614254,0.014675052410901468,0.20754716981132076,19.7325336751658,高,0.47379454926624737,-0.0356039795407838,0.21053992472486277,-0.2897864157811359,0.3440364946600704,2.5576468266178765,1.3414555210771943,5.0,0.5605715744876706,24.0,0.9441884373045742,0.0934972830067601,0.012373108550853154,397.0,0.2830188679245283,,,,
不含流動性閘,A(資料不足當不過),建表年份 2010-2021,4a 只不過市值閘(1 億至 5 億),1m,False,295,0,0,155,-0.0942307695761524,0.03728813559322034,0.0,0.01694915254237288,0.7364760127560899,高,0.46779661016949153,-0.0079100774702072,0.001227399450555774,-0.0843234977896279,0.0729495410137779,1.1635376973129012,0.9435782356180074,3.0,5.510271367043387,15.0,16.45933085840491,-0.00559278032993534,-0.019991279962364297,257.0,0.28135593220338984,,,,
不含流動性閘,A(資料不足當不過),建表年份 2010-2021,4a 只不過市值閘(1 億至 5 億),3m,False,295,0,0,155,-0.1443298604184546,0.15932203389830507,0.0,0.04745762711864407,14.682618901303856,高,0.41694915254237286,-0.0390021961765688,0.04556780086437272,-0.16066815262101547,0.13098268752818895,2.056947489064367,1.1923570112096207,3.0,1.3153574357521376,15.0,1.8353600606331772,-0.014517783307768916,-0.0401047452265356,257.0,0.28135593220338984,,,,
不含流動性閘,A(資料不足當不過),建表年份 2010-2021,4a 只不過市值閘(1 億至 5 億),6m,False,295,0,0,155,-0.2000525238769009,0.28135593220338984,0.0,0.10508474576271186,16.048538686717155,高,0.4135593220338983,-0.0773417937147074,0.061199865382982895,-0.22678009725991094,0.2144731007311401,2.06132355066592,1.3355844794926128,3.0,1.103073868899343,15.0,1.726698878545865,-0.0063729162186205385,-0.04685640248066648,257.0,0.28135593220338984,,,,
不含流動性閘,A(資料不足當不過),建表年份 2010-2021,4a 只不過市值閘(1 億至 5 億),12m,False,295,0,0,155,-0.299363073123332,0.4610169491525424,0.006779661016949152,0.2305084745762712,19.7325336751658,高,0.46440677966101696,-0.0395611792879438,0.13358455535748953,-0.3130271692732882,0.33352957974990816,2.078526167931652,1.2396079184855744,3.0,0.6301893560032074,15.0,1.0513071139689532,0.049908534867156296,-0.007221007899408934,257.0,0.28135593220338984,,,,
不含流動性閘,A(資料不足當不過),建表年份 2010-2021,4b 只不過市值閘(低於 1 億),1m,False,182,0,0,90,-0.08672896391171064,0.02197802197802198,0.0,0.016483516483516484,1.819810429596204,高,0.5439560439560439,0.005531173769151651,0.040692127636340454,-0.0595531831486262,0.10309416564259954,1.6378226405016627,1.3116106978802449,2.0,0.38770772660116026,10.0,0.9136710477006957,0.025192313954778316,0.003717147626237329,164.0,0.2857142857142857,,,,
不含流動性閘,A(資料不足當不過),建表年份 2010-2021,4b 只不過市值閘(低於 1 億),3m,False,182,0,0,90,-0.1437969784721399,0.0989010989010989,0.005494505494505495,0.04395604395604396,3.602384347613529,高,0.532967032967033,0.011477127806339651,0.08977769529743616,-0.09067858115320222,0.14396749544165058,2.1254786122128677,1.4245043271404523,2.0,0.3774954972591934,10.0,0.8261939629239837,0.0565079864524389,0.016511109241969284,164.0,0.2857142857142857,,,,
不含流動性閘,A(資料不足當不過),建表年份 2010-2021,4b 只不過市值閘(低於 1 億),6m,False,182,0,0,90,-0.19000747414828378,0.25824175824175827,0.016483516483516484,0.08791208791208792,4.480743596090268,高,0.45604395604395603,-0.02731397469952685,0.1025001168054557,-0.185014788037211,0.18006226184770974,2.34858724919956,1.3048085736061132,2.0,0.407222122241777,10.0,1.0866883032049484,0.06143491061779588,-0.009402163599765465,164.0,0.2857142857142857,,,,
不含流動性閘,A(資料不足當不過),建表年份 2010-2021,4b 只不過市值閘(低於 1 億),12m,False,182,0,0,90,-0.24828767291062045,0.36813186813186816,0.027472527472527472,0.17032967032967034,16.190818796731328,高,0.489010989010989,-0.018044813598149998,0.33527527617197855,-0.2657819109523407,0.40452601174336666,3.325453447285409,1.6055082469036108,2.0,0.42616682112061555,10.0,0.8576134340180472,0.19452976727571258,0.05051420076956836,164.0,0.2857142857142857,,,,
不含流動性閘,A(資料不足當不過),建表年份 2010-2021,5 不過兩閘(補完),1m,False,1828,0,0,818,-0.1072112738904504,0.07603938730853392,0.0016411378555798686,0.019146608315098467,1.304911578862146,高,0.46936542669584247,-0.00752622955408105,0.0028354684168310487,-0.09065475829445116,0.07404593698768484,1.1839366836323064,0.9826118750509993,19.0,2.859364419481582,92.0,8.679637857336374,-0.005327542891490283,-0.022929364891497817,1086.0,0.24781181619256018,,,,
不含流動性閘,A(資料不足當不過),建表年份 2010-2021,5 不過兩閘(補完),3m,False,1828,0,0,818,-0.164974641098352,0.19967177242888404,0.0032822757111597373,0.05689277899343545,8.563105696593869,高,0.46334792122538293,-0.020498086770530097,0.043703732127796595,-0.16433572492745016,0.1434985766960677,1.6844051835957556,1.0855336709047254,19.0,0.6142168382036107,92.0,1.5033804443404557,0.01703724694503406,-0.02316548173434729,1086.0,0.24781181619256018,,,,
不含流動性閘,A(資料不足當不過),建表年份 2010-2021,5 不過兩閘(補完),6m,False,1828,0,0,818,-0.21665152881048644,0.3227571115973742,0.012582056892778994,0.14113785557986872,9.131117802394195,高,0.45185995623632386,-0.0452423339330722,0.07281975418250602,-0.2456069889628025,0.22464697682585794,1.8397446395893957,1.1996194869335515,19.0,0.5396571095534778,92.0,1.3291294687301867,0.033874139630171135,-0.025237274290940134,1086.0,0.24781181619256018,,,,
不含流動性閘,A(資料不足當不過),建表年份 2010-2021,5 不過兩閘(補完),12m,False,1828,0,0,818,-0.29664247635645075,0.45021881838074396,0.03938730853391685,0.25711159737417943,13.23582746579045,高,0.474835886214442,-0.0260100804079781,0.18046204205387595,-0.3155596917310717,0.3718446107656075,2.2595135814235245,1.3496552773425663,19.0,0.4118749114452486,92.0,0.929340187491189,0.10724898682125844,0.01342718023920101,1086.0,0.24781181619256018,,,,
不含流動性閘,A(資料不足當不過),建表年份 2010-2021,6 三閘全不過,1m,False,710,0,0,302,-0.11257718182318621,0.07042253521126761,0.0,0.004225352112676056,2.745529689560036,高,0.4830985915492958,-0.00928752108573765,0.031667157807160985,-0.10001670268189802,0.10485207720736132,1.6375716509481952,1.1952435204154077,8.0,0.5389543340062846,36.0,1.2384700478238084,0.014766387694508182,-0.007955021857670047,501.0,0.2056338028169014,,,,
不含流動性閘,A(資料不足當不過),建表年份 2010-2021,6 三閘全不過,3m,False,710,0,0,302,-0.18407720224556984,0.2,0.0014084507042253522,0.061971830985915494,5.568859593895285,高,0.4619718309859155,-0.0283818242813458,0.060884463766572715,-0.17609665858755064,0.1687344840726159,1.869379163208859,1.2211964941328366,8.0,0.5184739020796865,36.0,1.2076876175201365,0.029651560349938478,-0.013320347105053547,501.0,0.2056338028169014,,,,
不含流動性閘,A(資料不足當不過),建表年份 2010-2021,6 三閘全不過,6m,False,710,0,0,302,-0.23415963412552185,0.3464788732394366,0.008450704225352112,0.15352112676056337,11.030814666430397,高,0.47746478873239434,-0.014103995576417502,0.14044568468284635,-0.2402182492498917,0.2891087671641938,2.2175196466238862,1.4231969398615287,8.0,0.40792568093976755,36.0,0.8906173977123583,0.08410191028164746,0.016182853522525742,501.0,0.2056338028169014,,,,
不含流動性閘,A(資料不足當不過),建表年份 2010-2021,6 三閘全不過,12m,False,710,0,0,302,-0.3254953832155268,0.49577464788732395,0.02112676056338028,0.29295774647887324,18.56832891551816,高,0.4943661971830986,-0.01437270307791025,0.31727193599741477,-0.34300797891718254,0.5490929595909798,2.8134773127600825,1.6289545869863375,8.0,0.3486953526834397,36.0,0.7137835726330811,0.20899556599508462,0.0956587424595337,501.0,0.2056338028169014,,,,
不含流動性閘,A(資料不足當不過),驗證年份 2022-2026,0 全部觸發(不分閘),1m,False,9984,183,25,3314,-0.09884030294126765,0.05669070512820513,0.001001602564102564,0.012920673076923076,7.606475572469272,高,0.47325721153846156,-0.00848503552235815,0.013600952296698816,-0.09621405212022535,0.08758916891083253,1.352106152344596,1.0457373360572266,100.0,1.0213509366476454,500.0,2.4800911915223587,-0.0002933310824778516,-0.02119194501387038,2107.0,0.0,,,,
不含流動性閘,A(資料不足當不過),驗證年份 2022-2026,0 全部觸發(不分閘),3m,False,9337,830,25,3158,-0.1653658509921062,0.19406661668630182,0.005033736746278248,0.05547820499089643,16.6471220607926,高,0.4500374852736425,-0.0284892363773755,0.0284045666925421,-0.1791193793613559,0.1447400261704681,1.5409807318661128,1.02582901976542,94.0,1.0231829482484938,467.0,2.27286870113265,-0.0006651984675938919,-0.03805883719142597,2019.0,0.0,,,,
不含流動性閘,A(資料不足當不過),驗證年份 2022-2026,0 全部觸發(不分閘),6m,False,8327,1840,25,2883,-0.2331816916629565,0.3319322685240783,0.013570313438213043,0.13318121772547137,36.4684668439731,高,0.4122733277290741,-0.0706684011602108,0.03453740550863086,-0.2745948197677017,0.1704899078999647,1.736893688716244,0.9923032190856332,84.0,1.317673665607568,417.0,2.8604310651438856,-0.011083430157005298,-0.0676418338880309,1855.0,0.0,,,,
不含流動性閘,A(資料不足當不過),驗證年份 2022-2026,0 全部觸發(不分閘),12m,False,6998,3169,25,2600,-0.30203628879916267,0.4612746498999714,0.03372392112032009,0.23206630465847386,71.57174139555339,高,0.38939697056301803,-0.1200101844204304,0.06956500858888141,-0.3857921073243204,0.20941303527561214,2.080361695655841,1.0264739472495104,70.0,1.1799588154091931,350.0,2.2934826190258057,-0.012645325938801803,-0.09471840316722152,1592.0,0.0,,,,
不含流動性閘,A(資料不足當不過),驗證年份 2022-2026,1 過三閘(現行①池),1m,False,1102,16,6,541,-0.07902543970530371,0.020871143375680582,0.0,0.0027223230490018148,0.7992516782684966,高,0.4900181488203267,-0.0025113349738109,0.005939370564816504,-0.06965673038458937,0.07524825342303257,1.1778415523931822,1.1294950344140096,12.0,0.9406578925192253,56.0,2.700027681465486,0.00035633500238614315,-0.010637665388601938,657.0,0.0,,,,
不含流動性閘,A(資料不足當不過),驗證年份 2022-2026,1 過三閘(現行①池),3m,False,1035,83,6,522,-0.1281669166054651,0.1111111111111111,0.0,0.015458937198067632,4.671768900952977,高,0.4956521739130435,-0.0025894582838881,0.010725761502001852,-0.13547434664769137,0.12473595064566675,1.1531186864850114,0.9388362696307512,11.0,1.2433347440126958,52.0,3.0712736488384382,-0.002637987006309503,-0.02339119706360223,618.0,0.0,,,,
不含流動性閘,A(資料不足當不過),驗證年份 2022-2026,1 過三閘(現行①池),6m,False,919,199,6,487,-0.1827677877225335,0.22742110990206746,0.0,0.058759521218716,3.55686237258522,高,0.4102285092491839,-0.0503184290916322,-0.0016513551244596908,-0.2176790993757978,0.12602479561607424,1.4187122345399057,1.010739070227336,10.0,-13.838295628729279,46.0,-32.695908270332204,-0.02477285873184289,-0.05857589234948258,557.0,0.0,,,,
不含流動性閘,A(資料不足當不過),驗證年份 2022-2026,1 過三閘(現行①池),12m,False,775,343,6,437,-0.2473404129400175,0.37290322580645163,0.005161290322580645,0.14451612903225808,3.061586771067589,高,0.40258064516129033,-0.1176328891563713,-0.020868198305887042,-0.3368938792745928,0.1878092068320133,1.3170377386151104,0.9406284585422655,8.0,-1.0974744577116244,39.0,-3.2235914768010527,-0.04422705021762811,-0.09280913992965688,478.0,0.0,,,,
不含流動性閘,A(資料不足當不過),驗證年份 2022-2026,2 只不過負債閘,1m,False,2654,35,2,1217,-0.07691957142888815,0.01921627731725697,0.0,0.0026375282592313487,1.7398342065474424,高,0.5003767897513187,8.796721171377975e-06,0.0054754034673798685,-0.07285489047642014,0.07003106659989877,1.1189577634332923,0.9603811407959684,27.0,1.0973940606764272,133.0,3.15716673086155,-0.000538752682742441,-0.012434488162301641,1168.0,0.0,,,,
不含流動性閘,A(資料不足當不過),驗證年份 2022-2026,2 只不過負債閘,3m,False,2508,181,2,1179,-0.12974567401096154,0.10486443381180223,0.0011961722488038277,0.015151515151515152,1.4113008526410185,高,0.4732854864433812,-0.0134776715563283,0.006361922309893998,-0.13864742464308086,0.1326807691714828,1.198723540898239,1.080534636269893,26.0,1.502023569844095,126.0,4.741463690771615,-0.003227291721314313,-0.02506199686211314,1121.0,0.0,,,,
不含流動性閘,A(資料不足當不過),驗證年份 2022-2026,2 只不過負債閘,6m,False,2213,476,2,1079,-0.1883518529329048,0.2300045187528242,0.0022593764121102574,0.06642566651604158,3.829107884376026,高,0.41075463172164484,-0.053065681311274,-0.01949495131937216,-0.2277455942492948,0.136206947482429,1.2195608776675764,0.9426498511346558,23.0,-0.8192677264024305,111.0,-2.3078208540409055,-0.03583901536245895,-0.0678910988747882,1018.0,0.0,,,,
不含流動性閘,A(資料不足當不過),驗證年份 2022-2026,2 只不過負債閘,12m,False,1912,777,2,1002,-0.25356796832617184,0.3624476987447699,0.015167364016736401,0.151673640167364,9.355625301048798,高,0.37656903765690375,-0.1062573272166134,-0.0447092662495835,-0.3380204045276969,0.1356463144646743,1.2655912717851658,0.882162180460727,20.0,-0.646182792214914,96.0,-1.535481797328996,-0.07437763347093461,-0.11935210506041125,879.0,0.0,,,,
不含流動性閘,A(資料不足當不過),驗證年份 2022-2026,3 只不過現金流閘,1m,False,409,7,1,225,-0.1159725321677827,0.08068459657701711,0.0024449877750611247,0.02689486552567237,1.16568438388532,高,0.4621026894865526,-0.0124625161524513,-0.002655449562486927,-0.1067006899446029,0.0996541285943584,1.1233271862516234,1.2111138473419416,5.0,-3.4718865041229736,21.0,-9.837647707143317,-0.012021835262112875,-0.030336443780127207,257.0,0.0,,,,
不含流動性閘,A(資料不足當不過),驗證年份 2022-2026,3 只不過現金流閘,3m,False,386,30,1,215,-0.2043917811278182,0.23834196891191708,0.007772020725388601,0.09326424870466321,2.005349016365627,高,0.42487046632124353,-0.033891277187015595,-0.01522435132565215,-0.21450125080841445,0.13474374716150067,1.1953000647214698,0.9391262106903253,4.0,-0.9571361685263705,20.0,-2.99950312004022,-0.030108129968611216,-0.0642171543230279,245.0,0.0,,,,
不含流動性閘,A(資料不足當不過),驗證年份 2022-2026,3 只不過現金流閘,6m,False,347,69,1,190,-0.2790909246964888,0.40057636887608067,0.03170028818443804,0.18155619596541786,5.701597369111421,高,0.414985590778098,-0.1015611247330829,0.005173298913836688,-0.3222272611816879,0.21054678921963826,1.4482754299754104,1.0477878144324337,4.0,7.8823441544291235,18.0,17.724643475220727,-0.03601963547507051,-0.0912552833855892,226.0,0.0,,,,
不含流動性閘,A(資料不足當不過),驗證年份 2022-2026,3 只不過現金流閘,12m,False,299,117,1,163,-0.3594806556448019,0.5551839464882943,0.06688963210702341,0.3311036789297659,4.364781379109621,高,0.41471571906354515,-0.1172721230905657,-0.004621554035644219,-0.4460283337415068,0.26553369952105266,1.3845141079214327,0.8614168928213698,3.0,-7.601946715208628,15.0,-23.02448652155142,-0.04015727738265078,-0.11689474763643977,192.0,0.0,,,,
不含流動性閘,A(資料不足當不過),驗證年份 2022-2026,4 只不過市值閘,1m,False,688,14,2,329,-0.09099677898049699,0.023255813953488372,0.0,0.005813953488372093,2.9453657337117423,高,0.48546511627906974,-0.0027230205946017997,0.03009460957091541,-0.08956000046374622,0.08693515823065923,1.6665776198499624,1.0278379879693393,7.0,0.5320737147222131,35.0,1.3344145306374122,0.014226808367139196,-0.010603496810488831,485.0,0.0,,,,
不含流動性閘,A(資料不足當不過),驗證年份 2022-2026,4 只不過市值閘,3m,False,654,48,2,320,-0.1465768888544511,0.1529051987767584,0.0015290519877675841,0.027522935779816515,3.560835523097293,高,0.44495412844036697,-0.031026369507960297,0.03432278147414851,-0.16740711681124726,0.13975116287830786,1.6887477738623171,1.076627679338261,7.0,0.6773721199628099,33.0,1.7075021398776482,0.011193292102760013,-0.025573865758520938,467.0,0.0,,,,
不含流動性閘,A(資料不足當不過),驗證年份 2022-2026,4 只不過市值閘,6m,False,599,103,2,296,-0.222222249816964,0.3038397328881469,0.005008347245409015,0.07679465776293823,7.7080151482327555,高,0.39565943238731216,-0.0770582400868054,0.021326250902206783,-0.2614298554530554,0.14415722083412646,1.7478866783189535,0.9839223879210696,6.0,1.6951685425609295,30.0,3.868204174256129,-0.014975342185543842,-0.06439307042795582,421.0,0.0,,,,
不含流動性閘,A(資料不足當不過),驗證年份 2022-2026,4 只不過市值閘,12m,False,522,180,2,270,-0.2799305271006568,0.4272030651340996,0.009578544061302681,0.17624521072796934,41.75516400916379,高,0.36398467432950193,-0.1371048067600139,0.13013700861621996,-0.3562626920329882,0.14280965123594622,2.880287866540669,0.9769646763316854,6.0,1.0495789125562975,27.0,1.6995049997966107,-0.006527075223667343,-0.09599684208665428,366.0,0.0,,,,
不含流動性閘,A(資料不足當不過),驗證年份 2022-2026,4a 只不過市值閘(1 億至 5 億),1m,False,425,7,2,226,-0.0885416462939848,0.02588235294117647,0.0,0.004705882352941176,1.661651513551652,高,0.49411764705882355,-0.0015741736291835,0.02640335089012406,-0.0899711772176705,0.084114838168994,1.5369314053241157,0.9528260596723486,5.0,0.5920790995797895,22.0,1.432221036955637,0.010898698653367454,-0.012035075863161318,319.0,0.0,,,,
不含流動性閘,A(資料不足當不過),驗證年份 2022-2026,4a 只不過市值閘(1 億至 5 億),3m,False,402,30,2,214,-0.1458679615023918,0.15920398009950248,0.0,0.024875621890547265,3.560835523097293,高,0.4154228855721393,-0.0431308672642747,0.027518349574023923,-0.17779458749358074,0.12432423701415035,1.7837427697744697,0.9985748762500374,5.0,1.0297320192313846,21.0,2.3974872850252478,-0.0008284805836217444,-0.04057619564593311,305.0,0.0,,,,
不含流動性閘,A(資料不足當不過),驗證年份 2022-2026,4a 只不過市值閘(1 億至 5 億),6m,False,373,59,2,200,-0.2298002089632127,0.3136729222520107,0.0,0.07506702412868632,3.6503612430007255,高,0.40214477211796246,-0.0736586777858764,-0.004485941252615606,-0.2741144171491447,0.1350677289158961,1.4411165123316585,0.7874516904009017,4.0,-5.989822676300166,19.0,-15.056537831818073,-0.03169583561449033,-0.07589463182728266,280.0,0.0,,,,
不含流動性閘,A(資料不足當不過),驗證年份 2022-2026,4a 只不過市值閘(1 億至 5 億),12m,False,333,99,2,186,-0.2925392271905035,0.43243243243243246,0.006006006006006006,0.17117117117117117,5.574221854926856,高,0.3663663663663664,-0.1303286167869904,0.02984773592793181,-0.3565677402046372,0.1163792430930146,1.9907071590839893,1.1085328705769901,4.0,1.788756310302941,17.0,4.260467267641508,-0.023828822159423127,-0.1025530046837794,249.0,0.0,,,,
不含流動性閘,A(資料不足當不過),驗證年份 2022-2026,4b 只不過市值閘(低於 1 億),1m,False,263,7,0,139,-0.1012007136035836,0.019011406844106463,0.0,0.0076045627376425855,2.9453657337117423,高,0.4714828897338403,-0.0063981189742424,0.036059571317441336,-0.08880205082306125,0.0906487522356195,1.8923561098678445,1.1848709284762398,3.0,0.5657122885295397,14.0,1.2454472878778748,0.015840923650642744,-0.009348355049160458,234.0,0.0,,,,
不含流動性閘,A(資料不足當不過),驗證年份 2022-2026,4b 只不過市值閘(低於 1 億),3m,False,252,18,0,135,-0.1467663263064854,0.14285714285714285,0.003968253968253968,0.031746031746031744,2.302399489411441,高,0.49206349206349204,-0.00419657352857765,0.04517747045768055,-0.13628332470003088,0.14563283975964458,1.563835037725303,1.0934548890101163,3.0,0.38021571575107793,13.0,1.0932343850037078,0.028337639037474605,-0.004441203371901864,225.0,0.0,,,,
不含流動性閘,A(資料不足當不過),驗證年份 2022-2026,4b 只不過市值閘(低於 1 億),6m,False,226,44,0,121,-0.2145001715086668,0.28761061946902655,0.01327433628318584,0.07964601769911504,7.7080151482327555,高,0.38495575221238937,-0.09710154154828984,0.06392778928162601,-0.24251538912872445,0.18806721431963191,2.2787416164980856,1.5375512941437077,3.0,0.902853532989384,12.0,1.6928510865568602,0.006293906301287247,-0.046776126391959265,200.0,0.0,,,,
不含流動性閘,A(資料不足當不過),驗證年份 2022-2026,4b 只不過市值閘(低於 1 億),12m,False,189,81,0,105,-0.2636363774291737,0.41798941798941797,0.015873015873015872,0.18518518518518517,41.75516400916379,高,0.35978835978835977,-0.1447053737440387,0.3068371557336801,-0.3553475475180412,0.2088263608451188,4.42790657711116,0.9120651259120374,2.0,0.8977777789914002,10.0,1.2431040223549878,0.03170103624809641,-0.07876057284318022,167.0,0.0,,,,
不含流動性閘,A(資料不足當不過),驗證年份 2022-2026,5 不過兩閘(補完),1m,False,3397,67,10,1467,-0.1145526343630278,0.07094495142773036,0.001766264350897851,0.015602001766264351,5.323425666899727,高,0.4562849573152782,-0.015539933280224,0.014472256738086527,-0.1090108655340926,0.102410388658934,1.4331972925918408,1.158347452687277,34.0,0.9246629961723568,170.0,2.4873872226989944,0.001101319381189569,-0.0226598424606818,1195.0,0.0,,,,
不含流動性閘,A(資料不足當不過),驗證年份 2022-2026,5 不過兩閘(補完),3m,False,3171,293,10,1381,-0.1884983949630394,0.228003784295175,0.008830022075055188,0.06780195521917376,8.282274435168448,高,0.434563229265216,-0.0410632579100755,0.030672864870806817,-0.20122281848267345,0.15877394876105075,1.6297027666531956,1.13038402010284,32.0,0.8709014418688039,159.0,2.235797557492599,0.004000190364832343,-0.039906436477585974,1139.0,0.0,,,,
不含流動性閘,A(資料不足當不過),驗證年份 2022-2026,5 不過兩閘(補完),6m,False,2860,604,10,1264,-0.2569069315057065,0.37622377622377623,0.02027972027972028,0.16678321678321678,8.793763496583574,高,0.42937062937062936,-0.0733071537816137,0.0419335740676445,-0.29893314511959207,0.20304771991611897,1.6543822641796777,0.9743194811921216,29.0,0.9629055759828086,143.0,2.4299395514009055,0.0015714359174431403,-0.0631183958851834,1044.0,0.0,,,,
不含流動性閘,A(資料不足當不過),驗證年份 2022-2026,5 不過兩閘(補完),12m,False,2378,1086,10,1118,-0.3358209379292365,0.5088309503784693,0.0479394449116905,0.2830109335576114,71.57174139555339,高,0.3843566021867115,-0.12814093790836173,0.09550084608804973,-0.4191693896998001,0.24171940935592007,2.2633849117987768,1.13944514712936,24.0,0.9988418546172604,119.0,1.8935687699095338,0.00011173151591342855,-0.08983194862138608,891.0,0.0,,,,
不含流動性閘,A(資料不足當不過),驗證年份 2022-2026,6 三閘全不過,1m,False,1734,44,4,782,-0.1333333995607137,0.11649365628604383,0.0017301038062283738,0.029411764705882353,7.606475572469272,高,0.45213379469434833,-0.02343100605179425,0.026490041471957593,-0.1361954718913764,0.1113897661883578,1.577253326973601,1.0716799913425465,18.0,0.9245280719289887,87.0,2.086465745274272,0.002020225705666547,-0.030300805267399228,718.0,0.0,,,,
不含流動性閘,A(資料不足當不過),驗證年份 2022-2026,6 三閘全不過,3m,False,1583,195,4,718,-0.2243437034272031,0.32785849652558435,0.007580543272267846,0.1231838281743525,16.6471220607926,高,0.4226152874289324,-0.0583860983712822,0.07853595762650643,-0.24870489326210676,0.18193612727817554,2.1141683597093093,1.1695512645461559,16.0,0.7748494725937195,80.0,1.5423064041390138,0.01786296020369178,-0.04485751499965311,666.0,0.0,,,,
不含流動性閘,A(資料不足當不過),驗證年份 2022-2026,6 三閘全不過,6m,False,1389,389,4,627,-0.3064676957302625,0.46724262059035276,0.02591792656587473,0.2318214542836573,36.4684668439731,高,0.3873290136789057,-0.1110600701049611,0.14237099888591198,-0.3275561397791019,0.2458893839633469,2.7404619143760502,1.4758315485819187,14.0,0.6910198092057158,70.0,1.317490432134523,0.04443771473213523,-0.04760029280821824,597.0,0.0,,,,
不含流動性閘,A(資料不足當不過),驗證年份 2022-2026,6 三閘全不過,12m,False,1112,666,4,513,-0.376617099081013,0.5818345323741008,0.05755395683453238,0.32194244604316546,25.74713947273373,高,0.4181654676258993,-0.12831719277301912,0.265127891207614,-0.4232570552280501,0.3899099211775765,2.993637770579224,1.4146412379651054,12.0,0.5060702348831934,56.0,1.0257661008917143,0.13238315219769203,-0.007193578539202489,481.0,0.0,,,,
不含流動性閘,A2(資料不足當過閘),全期 2010-2026,0 全部觸發(不分閘),1m,False,16022,183,25,3632,-0.09911572819721956,0.06291349394582449,0.0010610410685307702,0.016602172013481464,7.606475572469272,高,0.4774684808388466,-0.0067743377364097,0.010096169821725388,-0.0906412637265594,0.08191257418042425,1.2775897701385157,1.0204269686533547,161.0,1.2027592619848995,802.0,2.961370878364738,-0.0020678713254875833,-0.020845794144420716,4463.0,0.10366995381350642,,,,
不含流動性閘,A2(資料不足當過閘),全期 2010-2026,0 全部觸發(不分閘),3m,False,15375,830,25,3494,-0.1601189355641957,0.1872520325203252,0.004097560975609756,0.05567479674796748,16.6471220607926,高,0.464,-0.0195588407587824,0.03107242480166316,-0.16560406773275266,0.14337810443386584,1.5138715319876392,1.035361894180416,154.0,0.8568152119025015,769.0,1.9314866908100639,0.004494112763541286,-0.030467416377989602,4375.0,0.10803252032520325,,,,
不含流動性閘,A2(資料不足當過閘),全期 2010-2026,0 全部觸發(不分閘),6m,False,14365,1840,25,3256,-0.2185459144548616,0.3139575356769927,0.011695092238078663,0.12822833275321963,36.4684668439731,高,0.4344587539157675,-0.0505121347905692,0.04413395453854293,-0.2507302387891496,0.1859323943466766,1.6996452216579074,1.051992627616366,144.0,0.9276808385506781,719.0,2.0693287232272337,0.0032240496332478843,-0.049680314819464555,4211.0,0.11562826313957536,,,,
不含流動性閘,A2(資料不足當過閘),全期 2010-2026,0 全部觸發(不分閘),12m,False,13036,3169,25,3006,-0.29335245567938123,0.447376495857625,0.03191162933415158,0.23350721080085915,71.57174139555339,高,0.434949370972691,-0.0708977317597298,0.10198317064580117,-0.34772322345956175,0.2717848386325983,1.9991713666759645,1.1131144161442077,131.0,0.72708222548922,652.0,1.4611023867339268,0.028115555856768264,-0.04950046614108792,3948.0,0.12741638539429273,,,,
不含流動性閘,A2(資料不足當過閘),全期 2010-2026,1 過三閘(現行①池),1m,False,3190,28,6,1171,-0.0829116180190031,0.03605015673981191,0.0006269592476489029,0.010031347962382446,0.8506280957372951,高,0.4927899686520376,-0.0021100723612052,0.0037406237134850005,-0.07011340866368115,0.07298381375495468,1.1120579711299894,1.0692690765729707,32.0,1.403649084191911,160.0,4.274564117339046,-0.001525199139535377,-0.012895719432930424,1724.0,0.11818181818181818,,,,
不含流動性閘,A2(資料不足當過閘),全期 2010-2026,1 過三閘(現行①池),3m,False,3083,135,6,1143,-0.1321140513854172,0.1216347713266299,0.0019461563412260785,0.027570548167369445,4.671768900952977,高,0.49367499189101527,-0.0025904360194133,0.015563702306839173,-0.13194195745347992,0.13405816372962276,1.2264440701521357,1.0481967568506834,31.0,0.7196888909943585,155.0,2.0830154192896053,0.004406991575970492,-0.01774802400741869,1679.0,0.1222834901070386,,,,
不含流動性閘,A2(資料不足當過閘),全期 2010-2026,1 過三閘(現行①池),6m,False,2895,323,6,1094,-0.1798273449924851,0.2303972366148532,0.0031088082901554403,0.07322970639032815,3.5697477446936787,高,0.4466321243523316,-0.0354445534137108,0.009606617190069458,-0.2009256820448853,0.15887366354880317,1.3393632145545367,1.0115031939264763,29.0,1.945031455988066,145.0,5.197274108889991,-0.009170417993920994,-0.042447653901479684,1601.0,0.13022452504317789,,,,
不含流動性閘,A2(資料不足當過閘),全期 2010-2026,1 過三閘(現行①池),12m,False,2678,540,6,1038,-0.24843746461492944,0.3696788648244959,0.01568334578043316,0.16355489171023152,11.705683397360184,高,0.44921583271097837,-0.05110982760370805,0.021621166218747902,-0.3008792908275033,0.24704449261159284,1.386563895353146,1.026951538551295,27.0,1.2441843283494527,134.0,3.4100346037706397,-0.00533332130119419,-0.05485242844422824,1498.0,0.1407766990291262,,,,
不含流動性閘,A2(資料不足當過閘),全期 2010-2026,2 只不過負債閘,1m,False,3365,23,2,1116,-0.0821621869061444,0.05557206537890044,0.0005943536404160475,0.01991084695393759,1.7398342065474424,高,0.5019316493313521,0.0004768333086688,0.0009821025770077648,-0.0739922212361946,0.0681121629211534,1.0122003491348905,0.9084496396848286,34.0,6.029313690531802,169.0,17.419151799099936,-0.004989718107119185,-0.016977974094151454,1876.0,0.1524517087667162,,,,
不含流動性閘,A2(資料不足當過閘),全期 2010-2026,2 只不過負債閘,3m,False,3259,129,2,1097,-0.1340744468816552,0.1356244246701442,0.00122737035900583,0.03712795335992636,1.8689694140634647,高,0.4980055231666155,-0.0007856331820466,0.015434721142425917,-0.12389097066888385,0.13527618742211406,1.2112652980856646,1.1031324604594477,33.0,0.6626113779657656,163.0,2.01473621547388,0.005260768819370172,-0.016486761537884535,1838.0,0.1574102485424977,,,,
不含流動性閘,A2(資料不足當過閘),全期 2010-2026,2 只不過負債閘,6m,False,3036,352,2,1046,-0.18630278100982084,0.24209486166007904,0.0036231884057971015,0.08530961791831357,4.383040245156447,高,0.4440052700922266,-0.03418561695718515,0.006660451085481205,-0.20220290338089686,0.15913536755994973,1.3233661985931968,1.0738745051447542,31.0,2.614481456776839,152.0,7.15531789297426,-0.010864106025158658,-0.04315793349512122,1748.0,0.16897233201581027,,,,
不含流動性閘,A2(資料不足當過閘),全期 2010-2026,2 只不過負債閘,12m,False,2808,580,2,1003,-0.25482459953183956,0.38105413105413105,0.019586894586894586,0.17984330484330485,9.355625301048798,高,0.44907407407407407,-0.048873021172175055,0.020965607251512284,-0.2782543457948585,0.2335415227205942,1.3881781520757537,1.0608822854912607,29.0,1.3905158652770437,141.0,3.4121565351037684,-0.008272841143334788,-0.053246004100481976,1630.0,0.18269230769230768,,,,
不含流動性閘,A2(資料不足當過閘),全期 2010-2026,3 只不過現金流閘,1m,False,1478,11,2,587,-0.1187917747807371,0.07307171853856563,0.0033829499323410014,0.018267929634641408,5.323425666899727,高,0.45737483085250336,-0.0137716453394351,0.002829409434100252,-0.10862374664708421,0.09149210691286795,1.2322531913266903,1.022490111689579,15.0,4.087937177197101,74.0,10.88052119379182,-0.008826618607533839,-0.029429506368919618,643.0,0.05142083897158322,,,,
不含流動性閘,A2(資料不足當過閘),全期 2010-2026,3 只不過現金流閘,3m,False,1415,74,2,561,-0.2071732508897884,0.25865724381625443,0.014134275618374558,0.07915194346289753,2.645595556075856,高,0.4091872791519435,-0.0569460859533803,-0.018735419307016693,-0.2316061900189736,0.1306402469933688,1.2447792795502481,0.9219375481080352,15.0,-1.0057605966574097,71.0,-2.713663489221205,-0.037981395441524284,-0.07325261557257505,622.0,0.05371024734982332,,,,
不含流動性閘,A2(資料不足當過閘),全期 2010-2026,3 只不過現金流閘,6m,False,1318,171,2,518,-0.3014022986625635,0.44613050075872535,0.03793626707132018,0.21471927162367224,8.793763496583574,高,0.38315629742033386,-0.12575464021357774,-0.026869239355275677,-0.36653199282930526,0.17197668898569787,1.401408961576008,0.917247165322635,14.0,-1.3849000264500997,66.0,-3.321832940220677,-0.06476842993673464,-0.12224593561392404,592.0,0.057663125948406675,,,,
不含流動性閘,A2(資料不足當過閘),全期 2010-2026,3 只不過現金流閘,12m,False,1199,290,2,474,-0.4191176563398233,0.6213511259382819,0.09257714762301918,0.3978315262718932,10.83113578972887,高,0.3628023352793995,-0.2114723924852188,-0.03671986128164883,-0.5207463737685323,0.212301130133332,1.5287529766745478,0.8492209460150434,12.0,-1.5530748726089716,60.0,-3.503637673193505,-0.09469630803830979,-0.17408443177905647,538.0,0.0633861551292744,,,,
不含流動性閘,A2(資料不足當過閘),全期 2010-2026,4 只不過市值閘,1m,False,2141,20,4,751,-0.0905262796502364,0.03596450256889304,0.0,0.010275572162540868,2.9453657337117423,高,0.4670714619336759,-0.00831266949379,0.013288197436905928,-0.0839051929448992,0.0783784126780651,1.4239513701032267,1.1255065267145719,22.0,0.9068139738136995,108.0,2.2068428146728607,0.0012511303949826484,-0.016888694118298558,1387.0,0.12237272302662307,,,,
不含流動性閘,A2(資料不足當過閘),全期 2010-2026,4 只不過市值閘,3m,False,2078,83,4,735,-0.14285711511100935,0.14051973051010588,0.0014436958614051972,0.030798845043310877,14.682618901303856,高,0.44465832531280075,-0.02751999369752715,0.03285007911256028,-0.1496423438013017,0.1257529734345516,1.7060058922746921,1.1055597135617412,21.0,0.8154504136777209,104.0,1.8145144580499692,0.006124360508314412,-0.028166547210021278,1358.0,0.1260827718960539,,,,
不含流動性閘,A2(資料不足當過閘),全期 2010-2026,4 只不過市值閘,6m,False,1990,171,4,707,-0.19996232208764814,0.2613065326633166,0.004522613065326633,0.08241206030150754,16.048538686717155,高,0.4236180904522613,-0.05714063310738785,0.03560812167587999,-0.23656285538426164,0.16167069178089055,1.7265096431402824,1.027595914421589,20.0,1.0424871965776445,100.0,2.3339666266743357,-0.001528248547286067,-0.050013275898848686,1297.0,0.13165829145728644,,,,
不含流動性閘,A2(資料不足當過閘),全期 2010-2026,4 只不過市值閘,12m,False,1847,314,4,663,-0.2513661731169228,0.38115863562533836,0.01136978884677856,0.16783974011911207,41.75516400916379,高,0.4223064428803465,-0.0791125038348065,0.13377313462945375,-0.3065967838620596,0.23291144534610742,2.434281835687367,1.1786547952721096,19.0,0.7059960367954253,93.0,1.2913408340648218,0.03973862103104988,-0.041040020532613845,1209.0,0.14185165132647537,,,,
不含流動性閘,A2(資料不足當過閘),全期 2010-2026,4a 只不過市值閘(1 億至 5 億),1m,False,1297,9,3,547,-0.0889223529615023,0.03161141094834233,0.0,0.007710100231303007,1.661651513551652,高,0.47031611410948343,-0.0076155424410967,0.009701920469176286,-0.0868694452710118,0.0741728817085332,1.3315007945191182,0.9542215978864201,13.0,1.0780190247345243,65.0,2.719172212068155,-0.0007645980388278784,-0.01755926613666488,896.0,0.1218195836545875,,,,
不含流動性閘,A2(資料不足當過閘),全期 2010-2026,4a 只不過市值閘(1 億至 5 億),3m,False,1261,45,3,534,-0.142419643996164,0.1379857256145916,0.0,0.025376685170499604,14.682618901303856,高,0.42426645519429024,-0.0373944429226167,0.024670395618411018,-0.160533919635824,0.1163938738263032,1.7168214565118243,1.1435612781907056,13.0,1.198993682799646,64.0,2.431154447052223,-0.004960390931067616,-0.037194913625882495,878.0,0.1252973830293418,,,,
不含流動性閘,A2(資料不足當過閘),全期 2010-2026,4a 只不過市值閘(1 億至 5 億),6m,False,1213,93,3,518,-0.2023009049413859,0.2646331409727947,0.0008244023083264633,0.0807914262159934,16.048538686717155,高,0.41962077493816985,-0.0596088945137993,0.013692254017030886,-0.2465029704770924,0.1517311714134077,1.5235617709204938,0.9270109824074857,13.0,2.509364048648587,61.0,5.256072322654508,-0.020890484081151874,-0.06136097737118451,842.0,0.1302555647155812,,,,
不含流動性閘,A2(資料不足當過閘),全期 2010-2026,4a 只不過市值閘(1 億至 5 億),12m,False,1142,164,3,494,-0.2604410690908715,0.39404553415061294,0.0070052539404553416,0.1690017513134851,19.7325336751658,高,0.4211908931698774,-0.0768769954288316,0.06085232055864401,-0.31179497221012703,0.21552606814399553,1.8595837947515943,1.090526535946837,12.0,0.9597526311172393,58.0,1.9218434150568238,0.002475154420784897,-0.05909777413248763,793.0,0.138353765323993,,,,
不含流動性閘,A2(資料不足當過閘),全期 2010-2026,4b 只不過市值閘(低於 1 億),1m,False,844,11,1,339,-0.09421753138293959,0.04265402843601896,0.0,0.014218009478672985,2.9453657337117423,高,0.46208530805687204,-0.00955260124459085,0.01879933633162791,-0.07402420946282331,0.08673331999783977,1.5683987646833,1.36692078892187,9.0,0.7654352633650139,43.0,1.7989830555319424,0.004457190659828089,-0.01582668714042311,706.0,0.12322274881516587,,,,
不含流動性閘,A2(資料不足當過閘),全期 2010-2026,4b 只不過市值閘(低於 1 億),3m,False,817,38,1,327,-0.1447368627439907,0.14443084455324356,0.0036719706242350062,0.03916768665850673,3.602384347613529,高,0.47613219094247244,-0.0142727356440234,0.04547502511760584,-0.1389989072376476,0.1395660986367681,1.6910744872142192,1.069135574310279,9.0,0.5280962868296203,41.0,1.2850207115416357,0.021698866005165008,-0.013646136238909434,686.0,0.12729498164014688,,,,
不含流動性閘,A2(資料不足當過閘),全期 2010-2026,4b 只不過市值閘(低於 1 億),6m,False,777,78,1,308,-0.192307668795011,0.25611325611325614,0.010296010296010296,0.08494208494208494,7.7080151482327555,高,0.42985842985842987,-0.054353538372207,0.06982169628358137,-0.2275344495949426,0.1829260490902156,2.046240314707685,1.1741396233333319,8.0,0.5647700201287151,39.0,1.393436005644989,0.030704630661508168,-0.028922055475329212,651.0,0.13384813384813385,,,,
不含流動性閘,A2(資料不足當過閘),全期 2010-2026,4b 只不過市值閘(低於 1 億),12m,False,705,150,1,276,-0.2433333396911621,0.36028368794326243,0.018439716312056736,0.16595744680851063,41.75516400916379,高,0.42411347517730497,-0.0810311108250979,0.25189451004628305,-0.3028154528677566,0.2642854356476753,3.363852932220259,1.4291724073417613,8.0,0.5898698780202447,36.0,1.0191309268841124,0.10449528826768364,-0.0050782925190049795,599.0,0.1475177304964539,,,,
不含流動性閘,A2(資料不足當過閘),全期 2010-2026,5 不過兩閘(補完),1m,False,5084,81,10,1698,-0.1187053051738826,0.08792289535798584,0.0013768686073957514,0.02006294256490952,7.606475572469272,高,0.46498819826907944,-0.012889466384352649,0.018845518735043726,-0.1122658401008864,0.1004322495011883,1.449468397201089,1.1020281701307495,51.0,0.866858624435526,255.0,2.131844067937719,0.0025345434878219966,-0.02245654975744239,2130.0,0.07553107789142408,,,,
不含流動性閘,A2(資料不足當過閘),全期 2010-2026,5 不過兩閘(補完),3m,False,4819,346,10,1598,-0.1922061251715778,0.24631666320813447,0.005602822162274331,0.0805146295912015,12.6414125761935,高,0.45154596389292384,-0.0318880285726429,0.058823647915384865,-0.19751601337792574,0.1719456479246103,1.8212115224444465,1.127680740669748,49.0,0.6437837836976255,241.0,1.4360788120669254,0.02116918737907842,-0.027002133334344057,2070.0,0.07968458186345714,,,,
不含流動性閘,A2(資料不足當過閘),全期 2010-2026,5 不過兩閘(補完),6m,False,4467,698,10,1459,-0.2592592776557538,0.3837027087530781,0.017461383478844864,0.1743899708976942,36.4684668439731,高,0.44347436758450864,-0.0566982085736276,0.10503334524350812,-0.2826643736515303,0.2551481284423738,2.077054689854171,1.243490051757161,45.0,0.5409986451398622,224.0,1.2098068787079974,0.04870105612815421,-0.023200099166002453,1977.0,0.08596373404969779,,,,
不含流動性閘,A2(資料不足當過閘),全期 2010-2026,5 不過兩閘(補完),12m,False,3933,1232,10,1294,-0.3397435838654195,0.5130943300279684,0.04042715484363082,0.28883803712178996,71.57174139555339,高,0.4380879735570811,-0.0763731506094951,0.20797920505090028,-0.3819623323608496,0.3808765205055839,2.586578889044693,1.3666158381119753,40.0,0.5008488149992515,197.0,1.0152217124450325,0.10487973058327393,-0.0033327328796891025,1825.0,0.09763539282990084,,,,
不含流動性閘,A2(資料不足當過閘),全期 2010-2026,6 三閘全不過,1m,False,764,20,1,358,-0.1237921901710926,0.0968586387434555,0.0013089005235602095,0.020942408376963352,2.745529689560036,高,0.4568062827225131,-0.01928936528632745,0.023666168797196116,-0.12851634190349265,0.10924938722302587,1.539549322207898,1.0122932450889517,8.0,0.7242779522460355,39.0,1.9986315288290288,0.006594335153129594,-0.024905116825085446,624.0,0.06413612565445026,,,,
不含流動性閘,A2(資料不足當過閘),全期 2010-2026,6 三閘全不過,3m,False,721,63,1,340,-0.2135922088509775,0.30097087378640774,0.004160887656033287,0.11927877947295423,16.6471220607926,高,0.42995839112343964,-0.0500231485652752,0.07521619352248064,-0.2195791248282492,0.182768401274882,2.062281459701298,1.2379297345865157,8.0,0.7181238053867135,37.0,1.444038916306502,0.02143954112883738,-0.03520558362655641,593.0,0.06796116504854369,,,,
不含流動性閘,A2(資料不足當過閘),全期 2010-2026,6 三閘全不過,6m,False,659,125,1,313,-0.2796609647244542,0.4339908952959029,0.01669195751138088,0.22003034901365706,20.14172007721631,高,0.41122913505311076,-0.0800716725796749,0.12340138515614363,-0.32400074962065384,0.23678929686962155,2.389398568028479,1.2298195330554529,7.0,0.7155629786203079,33.0,1.3252709346709872,0.0354767620859103,-0.042254831442710215,555.0,0.07435508345978756,,,,
不含流動性閘,A2(資料不足當過閘),全期 2010-2026,6 三閘全不過,12m,False,571,213,1,272,-0.3526460067977139,0.5341506129597198,0.04903677758318739,0.3117338003502627,18.33563667506904,高,0.46935201401050786,-0.0455733083705371,0.335631567063951,-0.3809030811273739,0.5120278151720487,3.0024699440872866,1.5075949774099928,6.0,0.39886697301633633,29.0,0.8355161178776492,0.20390179564655164,0.05815980877823044,492.0,0.08581436077057793,,,,
不含流動性閘,A2(資料不足當過閘),建表年份 2010-2021,0 全部觸發(不分閘),1m,False,6038,0,0,1960,-0.09940243265362494,0.07320304736667771,0.0011593242795627692,0.022689632328585625,2.745529689560036,高,0.48443193110301425,-0.0045448415379745,0.004300915063504999,-0.08095997519529192,0.0737049310787137,1.1469944307335762,0.9858603509546174,61.0,1.9745797540009835,302.0,5.367533918218979,-0.004234363173450315,-0.019773389370180108,2356.0,0.27509108976482277,,,,
不含流動性閘,A2(資料不足當過閘),建表年份 2010-2021,0 全部觸發(不分閘),3m,False,6038,0,0,1960,-0.15182984901863933,0.17671414375621067,0.002649884067572044,0.055978800927459424,14.682618901303856,高,0.485591255382577,-0.007921303068438999,0.03519792847255806,-0.14305861934115918,0.14205092159571742,1.4903426640396313,1.0606982773386253,61.0,0.646553416189782,302.0,1.4929742904826937,0.012567553585881474,-0.01826523823157215,2356.0,0.27509108976482277,,,,
不含流動性閘,A2(資料不足當過閘),建表年份 2010-2021,0 全部觸發(不分閘),6m,False,6038,0,0,1960,-0.2018043936931606,0.28916859887379925,0.0091089764822789,0.12139781384564426,16.048538686717155,高,0.46505465385889366,-0.025983003818352952,0.05736854608741306,-0.2148517410844279,0.20200924165587686,1.67666374665637,1.1346021036122467,61.0,0.6039852929235584,302.0,1.407815929309211,0.022950651127366464,-0.02462759453941748,2356.0,0.27509108976482277,,,,
不含流動性閘,A2(資料不足當過閘),建表年份 2010-2021,0 全部觸發(不分閘),12m,False,6038,0,0,1960,-0.28072690105336295,0.4312686319973501,0.029811195760185493,0.23517721099701888,19.7325336751658,高,0.4877442861874793,-0.01498523616686295,0.13955559497079698,-0.29141427764648836,0.3334599090530776,1.9560561647927812,1.2416088254788036,61.0,0.4636262164777491,302.0,0.9800903597268883,0.07561790622245042,0.002924789614397286,2356.0,0.27509108976482277,,,,
不含流動性閘,A2(資料不足當過閘),建表年份 2010-2021,1 過三閘(現行①池),1m,False,1376,0,0,691,-0.0873096611910384,0.05450581395348837,0.0014534883720930232,0.016715116279069766,0.7289663457738649,高,0.5043604651162791,0.00085171606805375,0.0028138999320102536,-0.06794578031300459,0.07123257927943483,1.0423413137737532,1.03782656041517,14.0,1.8352530194842296,69.0,5.641374040112365,-0.0023744773411744032,-0.01374985328536122,845.0,0.27398255813953487,,,,
不含流動性閘,A2(資料不足當過閘),建表年份 2010-2021,1 過三閘(現行①池),3m,False,1376,0,0,691,-0.13355016304709344,0.13372093023255813,0.002180232558139535,0.037063953488372096,3.644043104313688,高,0.4956395348837209,-0.0011680866367084499,0.02170795838386314,-0.1236839317989621,0.13932395308995574,1.3121644750371297,1.1424247467385484,14.0,0.4903887910055909,69.0,1.4690464827804692,0.011176331592891268,-0.010719578533232627,845.0,0.27398255813953487,,,,
不含流動性閘,A2(資料不足當過閘),建表年份 2010-2021,1 過三閘(現行①池),6m,False,1376,0,0,691,-0.17395654124219584,0.24055232558139536,0.003633720930232558,0.08430232558139535,3.5697477446936787,高,0.4680232558139535,-0.02237278328171765,0.018242143959193085,-0.18772609976592342,0.17004118251236436,1.3233437680522937,1.028399992205934,14.0,0.9283414552307174,69.0,2.5348436152241938,0.0013206422567345391,-0.029476971186583732,845.0,0.27398255813953487,,,,
不含流動性閘,A2(資料不足當過閘),建表年份 2010-2021,1 過三閘(現行①池),12m,False,1376,0,0,691,-0.25508065992721063,0.39026162790697677,0.019622093023255814,0.1867732558139535,11.705683397360184,高,0.4956395348837209,-0.0074030477029312005,0.0597238957102422,-0.2692016551251226,0.29509803890174763,1.4236295073784693,1.1128248267288885,14.0,0.5109447235122374,69.0,1.3063032397867997,0.029508518347569974,-0.019259391662020592,845.0,0.27398255813953487,,,,
不含流動性閘,A2(資料不足當過閘),建表年份 2010-2021,2 只不過負債閘,1m,False,1423,0,0,676,-0.0938388419952975,0.10751932536893886,0.0014054813773717498,0.046380885453267746,0.6992899066469445,高,0.49121574139142654,-0.0031275918472973,-0.006824644169818544,-0.07742293943070215,0.06507585898267579,0.9087761875847097,0.8945530505226417,15.0,-0.8388160511674736,72.0,-2.4020066622828544,-0.012682957699392539,-0.024454834241505914,890.0,0.3605059732958538,,,,
不含流動性閘,A2(資料不足當過閘),建表年份 2010-2021,2 只不過負債閘,3m,False,1423,0,0,676,-0.1415346677832333,0.1791988756148981,0.0028109627547434997,0.07097680955727337,1.8689694140634647,高,0.5361911454673226,0.0146360500525333,0.029063693163154946,-0.1091311704126876,0.13754146520177365,1.2187241413940035,1.072298612133253,15.0,0.40634124723414766,72.0,1.1572468943846994,0.0174377288578078,-0.00481373776551533,890.0,0.3605059732958538,,,,
不含流動性閘,A2(資料不足當過閘),建表年份 2010-2021,2 只不過負債閘,6m,False,1423,0,0,676,-0.1824313367971178,0.24806746310611386,0.007027406886858749,0.10822206605762473,4.383040245156447,高,0.49964862965565704,-0.0006331055257685,0.047498959101947555,-0.16413878991414554,0.1997423742989045,1.4734946714976966,1.2186941389742536,15.0,0.4375161119616463,72.0,1.1301573684906798,0.02700203057689105,-0.006511820237514171,890.0,0.3605059732958538,,,,
不含流動性閘,A2(資料不足當過閘),建表年份 2010-2021,2 只不過負債閘,12m,False,1423,0,0,676,-0.2457169770076049,0.38018271257905834,0.02600140548137737,0.19957835558678846,7.670001350347471,高,0.5270555165144062,0.0285052580989899,0.09574827726987085,-0.2011755203018152,0.30331110116266663,1.586743185513024,1.3111094382098314,15.0,0.2985878453556236,72.0,0.7808067486604782,0.06787447782268688,0.022105874418675873,890.0,0.3605059732958538,,,,
不含流動性閘,A2(資料不足當過閘),建表年份 2010-2021,3 只不過現金流閘,1m,False,470,0,0,246,-0.11835779994779125,0.06595744680851064,0.0,0.010638297872340425,0.7350926720996616,高,0.4340425531914894,-0.013977315771760701,-0.012961569612074583,-0.10533784097366858,0.06714501047195608,1.057270872471963,0.8599633619749082,5.0,-0.5365910272505359,24.0,-1.668347072895846,-0.0201307888936529,-0.036447094567762406,237.0,0.16170212765957448,,,,
不含流動性閘,A2(資料不足當過閘),建表年份 2010-2021,3 只不過現金流閘,3m,False,470,0,0,246,-0.1918249104484243,0.251063829787234,0.006382978723404255,0.06382978723404255,2.0125069121985573,高,0.39574468085106385,-0.0639667553641447,-0.03198998007506369,-0.23827703832462865,0.09420483457263965,1.1568027226178268,0.8118944453311885,5.0,-0.5418226776715325,24.0,-1.4238410980050487,-0.04985323025130544,-0.0817111106776725,237.0,0.16170212765957448,,,,
不含流動性閘,A2(資料不足當過閘),建表年份 2010-2021,3 只不過現金流閘,6m,False,470,0,0,246,-0.2995231141330579,0.44680851063829785,0.031914893617021274,0.2170212765957447,2.4367253980853514,高,0.3680851063829787,-0.14171838969472883,-0.06974344920814111,-0.36767080602219143,0.14958966316130146,1.1493397080128849,0.8639548134761051,5.0,-0.29223953450668716,24.0,-0.8812943566807326,-0.09109433096692679,-0.13826847529829786,237.0,0.16170212765957448,,,,
不含流動性閘,A2(資料不足當過閘),建表年份 2010-2021,3 只不過現金流閘,12m,False,470,0,0,246,-0.44384372693901725,0.6340425531914894,0.1,0.425531914893617,6.508599321119126,高,0.3191489361702128,-0.25472089086725186,-0.1205316441087485,-0.5408052512324114,0.1601546470301094,1.2775051788273042,0.8296726536138646,5.0,-0.29115656502230103,24.0,-0.7404745901617151,-0.1572986130848448,-0.22107099557039267,237.0,0.16170212765957448,,,,
不含流動性閘,A2(資料不足當過閘),建表年份 2010-2021,4 只不過市值閘,1m,False,981,0,0,420,-0.0901134985862482,0.040774719673802244,0.0,0.014271151885830785,1.819810429596204,高,0.4689092762487258,-0.0080131238505782,0.0069112382488837635,-0.0766373435802041,0.0740950607064698,1.2849202459993025,1.1462441648100308,10.0,1.2081703847140945,50.0,3.3052570559283483,-0.0014535319647205008,-0.016787829542868754,703.0,0.2670744138634047,,,,
不含流動性閘,A2(資料不足當過閘),建表年份 2010-2021,4 只不過市值閘,3m,False,981,0,0,420,-0.1413042800835718,0.12844036697247707,0.0010193679918450561,0.03771661569826707,14.682618901303856,高,0.4658511722731906,-0.0169358672531644,0.044732187884733834,-0.1318668022469342,0.1338701264168516,1.791708582828277,1.1714628454591325,10.0,0.7282397223908365,50.0,1.4115647657612764,0.012281626769789632,-0.01939892456780158,703.0,0.2670744138634047,,,,
不含流動性閘,A2(資料不足當過閘),建表年份 2010-2021,4 只不過市值閘,6m,False,981,0,0,420,-0.1914893390367118,0.2436289500509684,0.0030581039755351682,0.08766564729867482,16.048538686717155,高,0.4383282364933741,-0.0441620264884025,0.060483621380406034,-0.2172542135503806,0.1796107504675075,1.9215482871916245,1.160446734850894,10.0,0.6851733442891936,50.0,1.4724581223671767,0.019237961870058603,-0.03011067089765642,703.0,0.2670744138634047,,,,
不含流動性閘,A2(資料不足當過閘),建表年份 2010-2021,4 只不過市值閘,12m,False,981,0,0,420,-0.2535211444965225,0.3781855249745158,0.011213047910295617,0.18042813455657492,19.7325336751658,高,0.4750254841997961,-0.0223734716731789,0.1897865225663974,-0.2660749850758146,0.3149997788266663,2.496672561622383,1.3407017405281187,10.0,0.4807340275857015,50.0,0.9432838374313268,0.09956461298756826,0.011342049371795703,703.0,0.2670744138634047,,,,
不含流動性閘,A2(資料不足當過閘),建表年份 2010-2021,4a 只不過市值閘(1 億至 5 億),1m,False,576,0,0,298,-0.0928410800662349,0.03819444444444445,0.0,0.012152777777777778,0.7364760127560899,高,0.4670138888888889,-0.00866706340587085,0.001164223379238474,-0.0854641331019748,0.06919039659401008,1.1662176657826555,0.9051826776503593,6.0,5.4526941664974915,29.0,17.403979666194356,-0.005238498340279725,-0.02011039938684303,441.0,0.2743055555555556,,,,
不含流動性閘,A2(資料不足當過閘),建表年份 2010-2021,4a 只不過市值閘(1 億至 5 億),3m,False,576,0,0,298,-0.1429295769615725,0.1284722222222222,0.0,0.034722222222222224,14.682618901303856,高,0.4427083333333333,-0.025237531212806502,0.032964405665908275,-0.13962921588842458,0.12067126872566394,1.7431130176925673,1.2021086293824879,6.0,1.1212031709769243,29.0,1.8804003798359241,-0.004037447238141729,-0.03056051216660827,441.0,0.2743055555555556,,,,
不含流動性閘,A2(資料不足當過閘),建表年份 2010-2021,4a 只不過市值閘(1 億至 5 億),6m,False,576,0,0,298,-0.1966494223591407,0.2534722222222222,0.0,0.08680555555555555,16.048538686717155,高,0.4166666666666667,-0.07272934842514685,0.036737864149464526,-0.2281316009440138,0.1645880813569239,1.7934117180504965,1.1034020730361405,6.0,1.2175366035639938,29.0,2.2869832570494797,-0.008075954717578033,-0.04978768784392804,441.0,0.2743055555555556,,,,
不含流動性閘,A2(資料不足當過閘),建表年份 2010-2021,4a 只不過市值閘(1 億至 5 億),12m,False,576,0,0,298,-0.27514642834162584,0.4114583333333333,0.005208333333333333,0.1875,19.7325336751658,高,0.4704861111111111,-0.026074829567501248,0.10772695739576238,-0.28032120302732805,0.27568175057522687,1.8978863600451603,1.1672643678643455,6.0,0.644748840288699,29.0,1.1516660198339923,0.03867296998435144,-0.017204729180358005,441.0,0.2743055555555556,,,,
不含流動性閘,A2(資料不足當過閘),建表年份 2010-2021,4b 只不過市值閘(低於 1 億),1m,False,405,0,0,181,-0.0866871926508582,0.044444444444444446,0.0,0.01728395061728395,1.819810429596204,高,0.47160493827160493,-0.0066717554483924,0.015084770507934844,-0.0648824450417318,0.0839549602526461,1.4670593751429621,1.4695828812808425,5.0,0.8225572753525849,21.0,1.7495413788084433,0.00271014131435404,-0.011924992637078649,349.0,0.25679012345679014,,,,
不含流動性閘,A2(資料不足當過閘),建表年份 2010-2021,4b 只不過市值閘(低於 1 億),3m,False,405,0,0,181,-0.1359026689063441,0.12839506172839507,0.0024691358024691358,0.04197530864197531,3.602384347613529,高,0.49876543209876545,-0.0008411370492868,0.06146858926261907,-0.1168932659391076,0.1395660986367681,1.8784160514706107,1.196681334675011,5.0,0.47039258417804775,21.0,1.0314185200400436,0.03296114847251665,-0.002036867452995389,349.0,0.25679012345679014,,,,
不含流動性閘,A2(資料不足當過閘),建表年份 2010-2021,4b 只不過市值閘(低於 1 億),6m,False,405,0,0,181,-0.1849140309571382,0.22962962962962963,0.007407407407407408,0.08888888888888889,4.480743596090268,高,0.4691358024691358,-0.0273655520580134,0.09425536499774506,-0.1966423692360956,0.2218237145514054,2.125372650154876,1.2582026896314256,5.0,0.4071305064579556,21.0,0.9951562776487316,0.05657964464120658,0.00048151422228503993,349.0,0.25679012345679014,,,,
不含流動性閘,A2(資料不足當過閘),建表年份 2010-2021,4b 只不過市值閘(低於 1 億),12m,False,405,0,0,181,-0.2312633683265939,0.3308641975308642,0.019753086419753086,0.17037037037037037,16.190818796731328,高,0.48148148148148145,-0.0223734716731789,0.30649345969796726,-0.2518989189264796,0.3842413511067948,3.403620950896353,1.7069100989854054,5.0,0.3790202204440826,21.0,0.7974455668472572,0.19270531905155636,0.06547669698601205,349.0,0.25679012345679014,,,,
不含流動性閘,A2(資料不足當過閘),建表年份 2010-2021,5 不過兩閘(補完),1m,False,1555,0,0,653,-0.1120000492088875,0.08102893890675242,0.0019292604501607716,0.0180064308681672,2.372351894018505,高,0.4816720257234727,-0.005547155927688,0.012848763783206905,-0.0939299488160443,0.08777364462186905,1.3028448747189467,1.0399298161214747,16.0,0.7917897549861528,78.0,2.281245041990159,0.0027030570612009896,-0.01733179089946944,982.0,0.24694533762057877,,,,
不含流動性閘,A2(資料不足當過閘),建表年份 2010-2021,5 不過兩閘(補完),3m,False,1555,0,0,653,-0.1745036209729431,0.21543408360128619,0.002572347266881029,0.06495176848874598,8.563105696593869,高,0.4758842443729904,-0.0152101221078487,0.0616518645138352,-0.1735923984594528,0.16072025965881248,1.791557941370792,1.0693255742769538,16.0,0.4991956794116761,78.0,1.1896364422439876,0.03119651318253991,-0.0123088622746068,982.0,0.24694533762057877,,,,
不含流動性閘,A2(資料不足當過閘),建表年份 2010-2021,5 不過兩閘(補完),6m,False,1555,0,0,653,-0.228629647376919,0.34019292604501605,0.01157556270096463,0.15434083601286175,9.131117802394195,高,0.47717041800643084,-0.0174887978814718,0.12233325800790969,-0.23441147869720125,0.278623671541802,2.0857854805212503,1.3381132635985304,16.0,0.3953075653676274,78.0,0.9429952772530503,0.07474305600464058,0.007341846122720967,982.0,0.24694533762057877,,,,
不含流動性閘,A2(資料不足當過閘),建表年份 2010-2021,5 不過兩閘(補完),12m,False,1555,0,0,653,-0.316143514298379,0.4797427652733119,0.03408360128617363,0.28167202572347266,18.56832891551816,高,0.4977491961414791,-0.0047313513057697,0.2533527146048528,-0.32287926069354933,0.4651403373312014,2.4955483344316147,1.4636630415840608,16.0,0.3494422119315899,78.0,0.7608740464693308,0.1665341159262415,0.06378259357445788,982.0,0.24694533762057877,,,,
不含流動性閘,A2(資料不足當過閘),建表年份 2010-2021,6 三閘全不過,1m,False,233,0,0,124,-0.1111111765208691,0.07296137339055794,0.0,0.004291845493562232,2.745529689560036,高,0.5107296137339056,0.0051465670059995,0.04781396057202667,-0.09723983816931,0.1021237079893013,1.7398032036877173,1.0126142727876113,3.0,0.5200125241701681,12.0,1.0495315072394935,0.02324945140410368,-0.0024968928754469143,221.0,0.21030042918454936,,,,
不含流動性閘,A2(資料不足當過閘),建表年份 2010-2021,6 三閘全不過,3m,False,233,0,0,124,-0.1988491395193177,0.21030042918454936,0.004291845493562232,0.07725321888412018,3.6557134183473385,高,0.44635193133047213,-0.0361434849705896,0.07116597000550517,-0.1847872573622585,0.1793582835083165,2.062046764000058,1.2510205801839518,3.0,0.5262255118791227,12.0,1.167002332269995,0.03415640302417066,-0.012530215981076783,221.0,0.21030042918454936,,,,
不含流動性閘,A2(資料不足當過閘),建表年份 2010-2021,6 三閘全不過,6m,False,233,0,0,124,-0.2438016589991779,0.3605150214592275,0.017167381974248927,0.15021459227467812,11.030814666430397,高,0.463519313304721,-0.0160003955904722,0.15843710187651258,-0.2677603933783146,0.2941357198820908,2.479997598944856,1.3804051479811172,3.0,0.4454332378711949,12.0,0.8809000661774222,0.08901000211814737,0.01989445549868029,221.0,0.21030042918454936,,,,
不含流動性閘,A2(資料不足當過閘),建表年份 2010-2021,6 三閘全不過,12m,False,233,0,0,124,-0.3132968783059408,0.47639484978540775,0.02145922746781116,0.27467811158798283,12.275919400001078,高,0.5278969957081545,0.0403604162255721,0.432243031177178,-0.2931737847079012,0.6653826835455416,3.3144779940546756,1.9899955243355318,3.0,0.31269629103101415,12.0,0.6091845909123084,0.30095722422368976,0.17809975671389755,221.0,0.21030042918454936,,,,
不含流動性閘,A2(資料不足當過閘),驗證年份 2022-2026,0 全部觸發(不分閘),1m,False,9984,183,25,3314,-0.09884030294126765,0.05669070512820513,0.001001602564102564,0.012920673076923076,7.606475572469272,高,0.47325721153846156,-0.00848503552235815,0.013600952296698816,-0.09621405212022535,0.08758916891083253,1.352106152344596,1.0457373360572266,100.0,1.0213509366476454,500.0,2.4800911915223587,-0.0002933310824778516,-0.02119194501387038,2107.0,0.0,,,,
不含流動性閘,A2(資料不足當過閘),驗證年份 2022-2026,0 全部觸發(不分閘),3m,False,9337,830,25,3158,-0.1653658509921062,0.19406661668630182,0.005033736746278248,0.05547820499089643,16.6471220607926,高,0.4500374852736425,-0.0284892363773755,0.0284045666925421,-0.1791193793613559,0.1447400261704681,1.5409807318661128,1.02582901976542,94.0,1.0231829482484938,467.0,2.27286870113265,-0.0006651984675938919,-0.03805883719142597,2019.0,0.0,,,,
不含流動性閘,A2(資料不足當過閘),驗證年份 2022-2026,0 全部觸發(不分閘),6m,False,8327,1840,25,2883,-0.2331816916629565,0.3319322685240783,0.013570313438213043,0.13318121772547137,36.4684668439731,高,0.4122733277290741,-0.0706684011602108,0.03453740550863086,-0.2745948197677017,0.1704899078999647,1.736893688716244,0.9923032190856332,84.0,1.317673665607568,417.0,2.8604310651438856,-0.011083430157005298,-0.0676418338880309,1855.0,0.0,,,,
不含流動性閘,A2(資料不足當過閘),驗證年份 2022-2026,0 全部觸發(不分閘),12m,False,6998,3169,25,2600,-0.30203628879916267,0.4612746498999714,0.03372392112032009,0.23206630465847386,71.57174139555339,高,0.38939697056301803,-0.1200101844204304,0.06956500858888141,-0.3857921073243204,0.20941303527561214,2.080361695655841,1.0264739472495104,70.0,1.1799588154091931,350.0,2.2934826190258057,-0.012645325938801803,-0.09471840316722152,1592.0,0.0,,,,
不含流動性閘,A2(資料不足當過閘),驗證年份 2022-2026,1 過三閘(現行①池),1m,False,1814,28,6,886,-0.08077296992080446,0.022050716648291068,0.0,0.004961411245865491,0.8506280957372951,高,0.48401323042998895,-0.004322771593857799,0.0044435850824537165,-0.07163851506376835,0.07455543280958825,1.1677164181273554,1.1153370261863702,19.0,1.2386284797524119,91.0,3.613353353064851,-0.0010715898821826437,-0.012225978854553041,879.0,0.0,,,,
不含流動性閘,A2(資料不足當過閘),驗證年份 2022-2026,1 過三閘(現行①池),3m,False,1707,135,6,854,-0.1304348051435327,0.11189220855301699,0.0017574692442882249,0.01991798476859988,4.671768900952977,高,0.492091388400703,-0.0050300868934866,0.010610863196127413,-0.13735517100526384,0.12810526756672092,1.1639176017063033,0.9727720710621931,18.0,1.1373752353093336,86.0,3.0934476915629405,-0.0014732044979776072,-0.023391783477645426,834.0,0.0,,,,
不含流動性閘,A2(資料不足當過閘),驗證年份 2022-2026,1 過三閘(現行①池),6m,False,1519,323,6,790,-0.1833676603801231,0.22119815668202766,0.0026333113890717576,0.06319947333772219,3.55686237258522,高,0.4272547728768927,-0.0447581002169543,0.0017840465289015103,-0.2152183264913908,0.14680252619560413,1.3595999819895184,0.9971369559387346,16.0,11.643949445481551,76.0,29.84984445405912,-0.01919144931017968,-0.05418026134352991,756.0,0.0,,,,
不含流動性閘,A2(資料不足當過閘),驗證年份 2022-2026,1 過三閘(現行①池),12m,False,1302,540,6,716,-0.24241270895551525,0.347926267281106,0.01152073732718894,0.1390168970814132,3.061586771067589,高,0.4001536098310292,-0.10013743026250971,-0.018647156193153894,-0.3219470515952362,0.18183304999341932,1.3451322926109552,0.9728969195925028,14.0,-1.306876652123014,66.0,-3.699239295236173,-0.04348426195972208,-0.09230658476028517,653.0,0.0,,,,
不含流動性閘,A2(資料不足當過閘),驗證年份 2022-2026,2 只不過負債閘,1m,False,1942,23,2,872,-0.07544508901331076,0.017507723995880537,0.0,0.0005149330587023687,1.7398342065474424,高,0.509783728115345,0.0025383250147096997,0.006702494245768751,-0.07196832260422323,0.06972645800596883,1.107831517644302,0.9200070061358482,20.0,0.9355745547969576,98.0,2.644588581550478,0.00043630452825973195,-0.011608658334998486,986.0,0.0,,,,
不含流動性閘,A2(資料不足當過閘),驗證年份 2022-2026,2 只不過負債閘,3m,False,1836,129,2,846,-0.12854021150417844,0.10185185185185185,0.0,0.010893246187363835,1.4113008526410185,高,0.4684095860566449,-0.0134776715563283,0.004871525507623408,-0.13864742464308086,0.13229439520049097,1.2033186950453396,1.1137008125490664,19.0,1.921619110238515,92.0,5.988072891992782,-0.004536638790891831,-0.02558137996834292,948.0,0.0,,,,
不含流動性閘,A2(資料不足當過閘),驗證年份 2022-2026,2 只不過負債閘,6m,False,1613,352,2,772,-0.1902984991639781,0.23682579045257285,0.0006199628022318661,0.06509609423434594,3.829107884376026,高,0.3949163050216987,-0.0608141452691325,-0.029367569315902314,-0.2322629904467422,0.1182431045005873,1.1907264157483104,0.9112020550195262,17.0,-0.5113581506752528,81.0,-1.437455860425716,-0.044857686904786656,-0.0753668500639483,858.0,0.0,,,,
不含流動性閘,A2(資料不足當過閘),驗證年份 2022-2026,2 只不過負債閘,12m,False,1385,580,2,717,-0.2609122238319842,0.3819494584837545,0.012996389891696752,0.1595667870036101,9.355625301048798,高,0.3689530685920578,-0.1165050137412706,-0.05586886165543662,-0.3471884531296964,0.1226554362510263,1.2205876655960566,0.8094498966205566,14.0,-0.5294861919359907,70.0,-1.2188996369655904,-0.08632323388674239,-0.13056642177203562,740.0,0.0,,,,
不含流動性閘,A2(資料不足當過閘),驗證年份 2022-2026,3 只不過現金流閘,1m,False,1008,11,2,480,-0.11918738407577531,0.0763888888888889,0.00496031746031746,0.021825396825396824,5.323425666899727,高,0.46825396825396826,-0.013687360935223051,0.010192266727455582,-0.1091651102150719,0.10211961307714773,1.2891594621794882,1.0587824108504005,11.0,1.3943113513475607,51.0,3.4161138446185437,-0.0040632676813747125,-0.025938016888439264,406.0,0.0,,,,
不含流動性閘,A2(資料不足當過閘),驗證年份 2022-2026,3 只不過現金流閘,3m,False,945,74,2,452,-0.2161890079945624,0.2624338624338624,0.01798941798941799,0.08677248677248678,2.645595556075856,高,0.4158730158730159,-0.0515613934388379,-0.012143203898570038,-0.2274229485363844,0.1411653546844484,1.2808158826123135,1.0208812167760748,10.0,-1.5999645471616006,48.0,-4.416334748954319,-0.03190956700090761,-0.06929121080411596,385.0,0.0,,,,
不含流動性閘,A2(資料不足當過閘),驗證年份 2022-2026,3 只不過現金流閘,6m,False,848,171,2,407,-0.30177864271886823,0.44575471698113206,0.041273584905660375,0.2134433962264151,8.793763496583574,高,0.3915094339622642,-0.1195592857299166,-0.0031064107811639287,-0.36509213188036105,0.1852088865022214,1.5307244063028742,0.9841747145405545,9.0,-14.37642968409034,43.0,-33.85966515286314,-0.04827789021526133,-0.1140727910937994,355.0,0.0,,,,
不含流動性閘,A2(資料不足當過閘),驗證年份 2022-2026,3 只不過現金流閘,12m,False,729,290,2,360,-0.4045454425823024,0.6131687242798354,0.0877914951989026,0.37997256515775035,10.83113578972887,高,0.39094650205761317,-0.1728130849131078,0.017315170170665098,-0.508164007756775,0.2449825808883632,1.65692305190253,0.8829874319325625,8.0,4.078965511759709,37.0,8.864038918575043,-0.053904354773642034,-0.14344778679727443,301.0,0.0,,,,
不含流動性閘,A2(資料不足當過閘),驗證年份 2022-2026,4 只不過市值閘,1m,False,1160,20,4,576,-0.0907278116622568,0.03189655172413793,0.0,0.006896551724137931,2.9453657337117423,高,0.46551724137931033,-0.00890133217943375,0.01868112585367295,-0.08973978558050705,0.08141094171651575,1.5350427140560157,1.1141821775574205,12.0,0.7625480753154972,58.0,1.8540406069356452,0.0044822372608924665,-0.016794147434012644,684.0,0.0,,,,
不含流動性閘,A2(資料不足當過閘),驗證年份 2022-2026,4 只不過市值閘,3m,False,1097,83,4,557,-0.1470230333817399,0.15132178669097537,0.0018231540565177757,0.024612579762989972,3.560835523097293,高,0.42570647219690066,-0.0429141049039915,0.022224419399249195,-0.1677062103031641,0.1222143468717635,1.6521146223044778,1.061132588084476,11.0,0.9617972188794278,55.0,2.5361861698325496,0.0008576344281178131,-0.035942905708169146,655.0,0.0,,,,
不含流動性閘,A2(資料不足當過閘),驗證年份 2022-2026,4 只不過市值閘,6m,False,1009,171,4,524,-0.2058010798649576,0.27849355797819625,0.005946481665014866,0.07730426164519326,7.7080151482327555,高,0.4093161546085233,-0.0671908076621911,0.011422923251558834,-0.2550485112204789,0.1352359175737247,1.5580202296610097,0.8855552348483103,11.0,3.014782969828234,51.0,6.819867109928515,-0.02326838039478133,-0.07001901293211256,594.0,0.0,,,,
不含流動性閘,A2(資料不足當過閘),驗證年份 2022-2026,4 只不過市值閘,12m,False,866,314,4,473,-0.24999998736062184,0.384526558891455,0.011547344110854504,0.1535796766743649,41.75516400916379,高,0.3625866050808314,-0.12985023989668704,0.07032147924129929,-0.3495552464128179,0.13381712736827772,2.3910572022861616,1.0056857973533906,9.0,1.3635434397190167,44.0,2.3751499715698614,-0.025833388776285646,-0.10187887400897883,506.0,0.0,,,,
不含流動性閘,A2(資料不足當過閘),驗證年份 2022-2026,4a 只不過市值閘(1 億至 5 億),1m,False,721,9,3,393,-0.0864419576121177,0.026352288488210817,0.0,0.004160887656033287,1.661651513551652,高,0.47295423023578365,-0.0066490692147389,0.016522604968211205,-0.0886258726147445,0.0783784126780651,1.4603532529262149,1.0072461506374508,8.0,0.8202125730548065,37.0,1.9152206901849071,0.0030038868623752995,-0.015939823646545358,455.0,0.0,,,,
不含流動性閘,A2(資料不足當過閘),驗證年份 2022-2026,4a 只不過市值閘(1 億至 5 億),3m,False,685,45,3,377,-0.1416949329850649,0.145985401459854,0.0,0.017518248175182483,3.560835523097293,高,0.40875912408759124,-0.0473493477022158,0.017696162352194348,-0.1710829804215379,0.1138364160584894,1.7043773487777947,1.0620061923301383,7.0,1.2818734248767456,35.0,3.2607532973271502,-0.005039577218629409,-0.04216086201633167,437.0,0.0,,,,
不含流動性閘,A2(資料不足當過閘),驗證年份 2022-2026,4a 只不過市值閘(1 億至 5 億),6m,False,637,93,3,354,-0.2041885648831597,0.27472527472527475,0.0015698587127158557,0.07535321821036106,3.6503612430007255,高,0.42229199372056514,-0.0525196077188846,-0.007146476652171277,-0.2554404375749702,0.1382985419480156,1.2974563503766126,0.7899810262646487,7.0,-3.495587155887531,32.0,-8.502215087821446,-0.03248458207676632,-0.07149915242540382,401.0,0.0,,,,
不含流動性閘,A2(資料不足當過閘),驗證年份 2022-2026,4a 只不過市值閘(1 億至 5 億),12m,False,566,164,3,328,-0.24011827763672136,0.3763250883392226,0.0088339222614841,0.1501766784452297,5.574221854926856,高,0.3710247349823322,-0.10935307305312861,0.01314950992581686,-0.33785776410498103,0.1302006950377071,1.8138780341438607,1.0294466526517887,6.0,3.5345879491414345,29.0,8.342976139310968,-0.03368568142432419,-0.10177095027553214,352.0,0.0,,,,
不含流動性閘,A2(資料不足當過閘),驗證年份 2022-2026,4b 只不過市值閘(低於 1 億),1m,False,439,11,1,243,-0.103138982769029,0.04100227790432802,0.0,0.011389521640091117,2.9453657337117423,高,0.4533029612756264,-0.0100566451315329,0.022226213686060012,-0.09129291766431766,0.08886117478327235,1.659701888130603,1.2066284966299463,5.0,0.7732447032877297,22.0,1.778288239786764,0.005097975177780831,-0.018211026184859307,357.0,0.0,,,,
不含流動性閘,A2(資料不足當過閘),驗證年份 2022-2026,4b 只不過市值閘(低於 1 億),3m,False,412,38,1,231,-0.1540147338647036,0.16019417475728157,0.0048543689320388345,0.03640776699029126,2.302399489411441,高,0.4538834951456311,-0.032450754105167304,0.029753196285736028,-0.1567233544469074,0.1379968614525965,1.5669708849854624,1.0692177730506007,5.0,0.7499548632528977,21.0,1.8460601875451927,0.0075310381277131815,-0.02652499710942825,337.0,0.0,,,,
不含流動性閘,A2(資料不足當過閘),驗證年份 2022-2026,4b 只不過市值閘(低於 1 億),6m,False,372,78,1,212,-0.21041824685989952,0.2849462365591398,0.013440860215053764,0.08064516129032258,7.7080151482327555,高,0.3870967741935484,-0.0998327740006204,0.043220524699612815,-0.2539477926994006,0.12976605548275888,2.0339925034882365,1.0932911257271378,4.0,1.0977165401973796,19.0,2.398611798254321,-0.004269266227630695,-0.06370235044488083,302.0,0.0,,,,
不含流動性閘,A2(資料不足當過閘),驗證年份 2022-2026,4b 只不過市值閘(低於 1 億),12m,False,300,150,1,178,-0.2601369733932277,0.4,0.016666666666666666,0.16,41.75516400916379,高,0.3466666666666667,-0.1624424781382687,0.17818592801650945,-0.36109646528170974,0.13521971484826834,3.489992147863452,0.9304379409973049,3.0,1.0612699446417908,15.0,1.5056948488752775,-0.01102771913688647,-0.09485021677895766,250.0,0.0,,,,
不含流動性閘,A2(資料不足當過閘),驗證年份 2022-2026,5 不過兩閘(補完),1m,False,3529,81,10,1465,-0.1223175350833462,0.09096061207140833,0.0011334655709832814,0.020969113063190707,7.606475572469272,高,0.45763672428449986,-0.0158041976004055,0.021487897298406226,-0.1202778368332796,0.1083503676253476,1.5131051205017862,1.1353251830049922,36.0,0.8762200666127616,177.0,2.077031700921014,0.0026871829605469573,-0.024365204137390763,1148.0,0.0,,,,
不含流動性閘,A2(資料不足當過閘),驗證年份 2022-2026,5 不過兩閘(補完),3m,False,3264,346,10,1362,-0.20228636304932926,0.2610294117647059,0.0070465686274509805,0.08792892156862746,12.6414125761935,高,0.43995098039215685,-0.0394450052309555,0.05747625918665012,-0.2171560925382763,0.1785385936467411,1.8489511669360004,1.1616782331372342,33.0,0.7139515582422775,164.0,1.5632569344212013,0.01660891539805369,-0.03408658537548426,1088.0,0.0,,,,
不含流動性閘,A2(資料不足當過閘),驗證年份 2022-2026,5 不過兩閘(補完),6m,False,2912,698,10,1215,-0.27561592960015446,0.4069368131868132,0.020604395604395604,0.18509615384615385,36.4684668439731,高,0.4254807692307692,-0.08121434392729196,0.09579523935455053,-0.30352270650363317,0.2366836418272378,2.0951918544708654,1.18471244047616,30.0,0.6506371131125485,146.0,1.3914494933162862,0.033815677165959165,-0.039478337637924056,995.0,0.0,,,,
不含流動性閘,A2(資料不足當過閘),驗證年份 2022-2026,5 不過兩閘(補完),12m,False,2378,1232,10,1041,-0.353312375329212,0.5349032800672834,0.044575273338940284,0.29352396972245587,71.57174139555339,高,0.3990748528174937,-0.12046557656526466,0.17830897487579672,-0.41688527883977344,0.3126386246311461,2.694326733360218,1.3101201576516104,24.0,0.6390179940636991,119.0,1.2513763146130925,0.06502257269909478,-0.04718382857673807,843.0,0.0,,,,
不含流動性閘,A2(資料不足當過閘),驗證年份 2022-2026,6 三閘全不過,1m,False,531,20,1,278,-0.1296703577703808,0.10734463276836158,0.0018832391713747645,0.02824858757062147,1.7150836290124398,高,0.4331450094161959,-0.0309855333037877,0.013070245099389107,-0.13900107165242004,0.11311241406089005,1.4991025773839117,1.1104122132595646,6.0,1.23278517942181,27.0,3.4922089861744743,-0.003077331457411755,-0.03431880633935402,403.0,0.0,,,,
不含流動性閘,A2(資料不足當過閘),驗證年份 2022-2026,6 三閘全不過,3m,False,488,63,1,259,-0.21956921614596395,0.3442622950819672,0.004098360655737705,0.13934426229508196,16.6471220607926,高,0.42213114754098363,-0.0630782984404443,0.07715000925906935,-0.24023800061719622,0.1944215833770503,2.0788876220454866,1.247304981440195,5.0,0.7973383458985367,25.0,1.5650713902552456,0.015797205100017513,-0.04594921887522889,372.0,0.0,,,,
不含流動性閘,A2(資料不足當過閘),驗證年份 2022-2026,6 三閘全不過,6m,False,426,125,1,232,-0.30808676218887887,0.47417840375586856,0.01643192488262911,0.25821596244131456,20.14172007721631,高,0.3826291079812207,-0.12287768249877559,0.10423865746636435,-0.37465692944198936,0.1875532104050259,2.4160770675227456,1.1859825541985107,5.0,0.990088195267732,22.0,1.7256626783726643,0.0010454639216662574,-0.0797612278077906,334.0,0.0,,,,
不含流動性閘,A2(資料不足當過閘),驗證年份 2022-2026,6 三閘全不過,12m,False,338,213,1,189,-0.37080796446532027,0.5739644970414202,0.06804733727810651,0.33727810650887574,18.33563667506904,高,0.4289940828402367,-0.10590720637472864,0.2690325400273182,-0.42616034051031476,0.38036526783638913,2.8721579273402833,1.3365867912415752,4.0,0.5729181043449949,17.0,1.0850426494095091,0.11627496224388875,-0.02409091312671967,271.0,0.0,,,,
不含流動性閘,可判,全期 2010-2026,0 全部觸發(不分閘),1m,False,16022,183,25,3632,-0.09911572819721956,0.06291349394582449,0.0010610410685307702,0.016602172013481464,7.606475572469272,高,0.4774684808388466,-0.0067743377364097,0.010096169821725388,-0.0906412637265594,0.08191257418042425,1.2775897701385157,1.0204269686533547,161.0,1.2027592619848995,802.0,2.961370878364738,-0.0020678713254875833,-0.020845794144420716,4463.0,0.10366995381350642,,,,
不含流動性閘,可判,全期 2010-2026,0 全部觸發(不分閘),3m,False,15375,830,25,3494,-0.1601189355641957,0.1872520325203252,0.004097560975609756,0.05567479674796748,16.6471220607926,高,0.464,-0.0195588407587824,0.03107242480166316,-0.16560406773275266,0.14337810443386584,1.5138715319876392,1.035361894180416,154.0,0.8568152119025015,769.0,1.9314866908100639,0.004494112763541286,-0.030467416377989602,4375.0,0.10803252032520325,,,,
不含流動性閘,可判,全期 2010-2026,0 全部觸發(不分閘),6m,False,14365,1840,25,3256,-0.2185459144548616,0.3139575356769927,0.011695092238078663,0.12822833275321963,36.4684668439731,高,0.4344587539157675,-0.0505121347905692,0.04413395453854293,-0.2507302387891496,0.1859323943466766,1.6996452216579074,1.051992627616366,144.0,0.9276808385506781,719.0,2.0693287232272337,0.0032240496332478843,-0.049680314819464555,4211.0,0.11562826313957536,,,,
不含流動性閘,可判,全期 2010-2026,0 全部觸發(不分閘),12m,False,13036,3169,25,3006,-0.29335245567938123,0.447376495857625,0.03191162933415158,0.23350721080085915,71.57174139555339,高,0.434949370972691,-0.0708977317597298,0.10198317064580117,-0.34772322345956175,0.2717848386325983,1.9991713666759645,1.1131144161442077,131.0,0.72708222548922,652.0,1.4611023867339268,0.028115555856768264,-0.04950046614108792,3948.0,0.12741638539429273,,,,
不含流動性閘,可判,全期 2010-2026,1 過三閘(現行①池),1m,False,1821,16,6,713,-0.0841379494502626,0.039538714991762765,0.0005491488193300384,0.009884678747940691,0.7992516782684966,高,0.49478308621636463,-0.0019445779081582,0.004673775393671341,-0.0692721849793486,0.0739462900669649,1.1252930426685195,1.0875332390213914,19.0,1.1973014437558243,92.0,3.4422804178862574,-0.0009318655575046834,-0.012022044124560243,1174.0,0.11532125205930807,,,,
不含流動性閘,可判,全期 2010-2026,1 過三閘(現行①池),3m,False,1754,83,6,696,-0.1305549153970178,0.12827822120866592,0.0005701254275940707,0.026795895096921322,4.671768900952977,高,0.500570125427594,0.00012048704000497562,0.018107042845959844,-0.13196538938128802,0.1322811892270186,1.230298783920414,1.0005995907190328,18.0,0.6286092156145668,88.0,1.8233576647479146,0.006794515918744102,-0.015696060136883207,1135.0,0.11972633979475485,,,,
不含流動性閘,可判,全期 2010-2026,1 過三閘(現行①池),6m,False,1638,199,6,671,-0.177050507788672,0.23931623931623933,0.001221001221001221,0.07264957264957266,3.5697477446936787,高,0.4371184371184371,-0.040960321836989,0.011259702084738504,-0.19816035044689995,0.15360305439354371,1.4105314267039877,1.0294111763651186,17.0,1.904433487732509,82.0,4.711398054347412,-0.01029045118171808,-0.043991496940425145,1074.0,0.1282051282051282,,,,
不含流動性閘,可判,全期 2010-2026,1 過三閘(現行①池),12m,False,1494,343,6,634,-0.25419588584486935,0.3815261044176707,0.0107095046854083,0.17001338688085676,11.705683397360184,高,0.4524765729585007,-0.0517274283316527,0.029366490383096078,-0.3065156353526937,0.2522843181347988,1.4245414432574173,1.0066912817842424,15.0,1.0275777058258533,75.0,2.669786820976563,-0.0008180740275771381,-0.05162752167605571,995.0,0.14056224899598393,,,,
不含流動性閘,可判,全期 2010-2026,2 只不過負債閘,1m,False,3365,23,2,1116,-0.0821621869061444,0.05557206537890044,0.0005943536404160475,0.01991084695393759,1.7398342065474424,高,0.5019316493313521,0.0004768333086688,0.0009821025770077648,-0.0739922212361946,0.0681121629211534,1.0122003491348905,0.9084496396848286,34.0,6.029313690531802,169.0,17.419151799099936,-0.004989718107119185,-0.016977974094151454,1876.0,0.1524517087667162,,,,
不含流動性閘,可判,全期 2010-2026,2 只不過負債閘,3m,False,3259,129,2,1097,-0.1340744468816552,0.1356244246701442,0.00122737035900583,0.03712795335992636,1.8689694140634647,高,0.4980055231666155,-0.0007856331820466,0.015434721142425917,-0.12389097066888385,0.13527618742211406,1.2112652980856646,1.1031324604594477,33.0,0.6626113779657656,163.0,2.01473621547388,0.005260768819370172,-0.016486761537884535,1838.0,0.1574102485424977,,,,
不含流動性閘,可判,全期 2010-2026,2 只不過負債閘,6m,False,3036,352,2,1046,-0.18630278100982084,0.24209486166007904,0.0036231884057971015,0.08530961791831357,4.383040245156447,高,0.4440052700922266,-0.03418561695718515,0.006660451085481205,-0.20220290338089686,0.15913536755994973,1.3233661985931968,1.0738745051447542,31.0,2.614481456776839,152.0,7.15531789297426,-0.010864106025158658,-0.04315793349512122,1748.0,0.16897233201581027,,,,
不含流動性閘,可判,全期 2010-2026,2 只不過負債閘,12m,False,2808,580,2,1003,-0.25482459953183956,0.38105413105413105,0.019586894586894586,0.17984330484330485,9.355625301048798,高,0.44907407407407407,-0.048873021172175055,0.020965607251512284,-0.2782543457948585,0.2335415227205942,1.3881781520757537,1.0608822854912607,29.0,1.3905158652770437,141.0,3.4121565351037684,-0.008272841143334788,-0.053246004100481976,1630.0,0.18269230769230768,,,,
不含流動性閘,可判,全期 2010-2026,3 只不過現金流閘,1m,False,633,7,1,285,-0.1185258550701895,0.0679304897314376,0.001579778830963665,0.020537124802527645,1.16568438388532,高,0.4470774091627172,-0.0127182502817788,-0.007444833723835175,-0.1072439265241216,0.0847765286792407,1.1109927123831838,1.1150959761957624,7.0,-1.115292514181398,32.0,-3.295815968083273,-0.015924096903688404,-0.0336844847401574,408.0,0.05845181674565561,,,,
不含流動性閘,可判,全期 2010-2026,3 只不過現金流閘,3m,False,610,30,1,275,-0.2043917811278182,0.24262295081967214,0.006557377049180328,0.08524590163934426,2.005349016365627,高,0.419672131147541,-0.0456476742378253,-0.028655290171743415,-0.22372523702415115,0.11769025836865053,1.0843458922780227,0.818624528804944,7.0,-0.5088437489416241,31.0,-1.4781922670784158,-0.04373827002378688,-0.07481541328816341,396.0,0.060655737704918035,,,,
不含流動性閘,可判,全期 2010-2026,3 只不過現金流閘,6m,False,571,69,1,251,-0.2811245604616817,0.4115586690017513,0.03327495621716287,0.19614711033274956,5.701597369111421,高,0.3975481611208406,-0.1059287261432189,-0.024598460959780216,-0.349354407597657,0.19175784561827655,1.3262431424467342,0.9544876519798384,6.0,-1.2590635507031798,29.0,-3.1742631085804547,-0.056159604998954664,-0.10817442042823716,377.0,0.0647985989492119,,,,
不含流動性閘,可判,全期 2010-2026,3 只不過現金流閘,12m,False,523,117,1,225,-0.3998036056228492,0.6003824091778203,0.08030592734225621,0.384321223709369,6.508599321119126,高,0.367112810707457,-0.1964905579094622,-0.06262002447746509,-0.5050421533846834,0.20878426920554355,1.3332667808626248,0.8525379034441202,6.0,-0.6733337279080407,27.0,-1.5969555191641154,-0.10600026320560503,-0.17147379376318997,343.0,0.07074569789674952,,,,
不含流動性閘,可判,全期 2010-2026,4 只不過市值閘,1m,False,1165,14,2,421,-0.0909091042515441,0.026609442060085836,0.0,0.010300429184549357,2.9453657337117423,高,0.4901287553648069,-0.0028085871688741,0.024440464766109626,-0.0826081670552599,0.0852759855895435,1.5350244028691005,1.1130316283085986,12.0,0.5833250577854224,59.0,1.4119823863519785,0.010289717753161582,-0.010606177904652509,882.0,0.11587982832618025,,,,
不含流動性閘,可判,全期 2010-2026,4 只不過市值閘,3m,False,1131,48,2,413,-0.1447368627439907,0.14588859416445624,0.0017683465959328027,0.03536693191865606,14.682618901303856,高,0.45181255526083114,-0.0224503330644851,0.046179611744665304,-0.15517323798507693,0.14014143910559645,1.8258586843617872,1.1444199131305317,12.0,0.7501912119191777,57.0,1.4768426547236184,0.011659784080910493,-0.02318908956488532,864.0,0.11936339522546419,,,,
不含流動性閘,可判,全期 2010-2026,4 只不過市值閘,6m,False,1076,103,2,393,-0.212991592036403,0.2899628252788104,0.0055762081784386614,0.08643122676579926,16.048538686717155,高,0.4107806691449814,-0.0654399925993405,0.04598829538754159,-0.24128917343714576,0.1670670278685277,1.9154223540251296,1.1307696183800964,11.0,1.022299070025365,54.0,2.0285899399593648,-0.0010360881989227419,-0.049802478902993476,818.0,0.12546468401486988,,,,
不含流動性閘,可判,全期 2010-2026,4 只不過市值閘,12m,False,999,180,2,371,-0.2791209156279127,0.4264264264264264,0.012012012012012012,0.19119119119119118,41.75516400916379,高,0.4164164164164164,-0.0985682299133043,0.16852759018160793,-0.3376117682592046,0.24869066807617074,2.698881849408215,1.206262211759545,10.0,0.7363353664777558,50.0,1.2408936582294177,0.04488405514491104,-0.04273617543068933,763.0,0.13513513513513514,,,,
不含流動性閘,可判,全期 2010-2026,4a 只不過市值閘(1 億至 5 億),1m,False,720,7,2,306,-0.0899285412258338,0.030555555555555555,0.0,0.009722222222222222,1.661651513551652,高,0.48333333333333334,-0.0038511553356901504,0.016088204119745386,-0.08599665168567262,0.07929072188739207,1.392086398669267,0.9764546225724908,8.0,0.787115846297918,36.0,1.8810204051768273,0.003463406007591576,-0.014920038012784813,576.0,0.11527777777777778,,,,
不含流動性閘,可判,全期 2010-2026,4a 只不過市值閘(1 億至 5 億),3m,False,697,30,2,295,-0.1447368338497724,0.15925394548063126,0.0,0.03443328550932568,14.682618901303856,高,0.41606886657101866,-0.0413935106011498,0.035157643879121334,-0.1736301466748249,0.128706470360479,1.8955767602101095,1.0913800726276863,7.0,1.135173324731352,35.0,2.09471789182419,-0.004800588119079138,-0.040522550070745574,562.0,0.11908177905308465,,,,
不含流動性閘,可判,全期 2010-2026,4a 只不過市值閘(1 億至 5 億),6m,False,668,59,2,286,-0.21440326834018453,0.2994011976047904,0.0,0.08832335329341318,16.048538686717155,高,0.40718562874251496,-0.0746918267697807,0.02452201227657834,-0.25758909220050785,0.15575535102249752,1.7084897685318041,1.0298944257652676,7.0,1.8275990281882903,34.0,3.4410728544627105,-0.020509311463818663,-0.06307017722625344,537.0,0.12425149700598802,,,,
不含流動性閘,可判,全期 2010-2026,4a 只不過市值閘(1 億至 5 億),12m,False,628,99,2,274,-0.2930517466163761,0.445859872611465,0.006369426751592357,0.19904458598726116,19.7325336751658,高,0.4124203821656051,-0.09600989325173209,0.07857761129691196,-0.3390076667153142,0.24513202550626656,2.036416164574769,1.2114391562271811,7.0,0.8868344564529992,32.0,1.6985155468433852,0.008992513111802117,-0.05783467282268043,506.0,0.1321656050955414,,,,
不含流動性閘,可判,全期 2010-2026,4b 只不過市值閘(低於 1 億),1m,False,445,7,0,183,-0.0939596463468245,0.020224719101123594,0.0,0.011235955056179775,2.9453657337117423,高,0.501123595505618,0.0001800936544085,0.03795423480067649,-0.0707348201322908,0.0933553922399528,1.7758063502293366,1.3152527457739367,5.0,0.487658737194949,23.0,1.0791209784697056,0.019666492411425478,-0.0031666455131559653,398.0,0.11685393258426967,,,,
不含流動性閘,可判,全期 2010-2026,4b 只不過市值閘(低於 1 億),3m,False,434,18,0,179,-0.14560535622599735,0.12442396313364056,0.004608294930875576,0.03686635944700461,3.602384347613529,高,0.5092165898617511,0.0040676920261237,0.06388079055177162,-0.1263947433075203,0.14507538094885375,1.7597766739528469,1.104748641628228,5.0,0.3993265754998776,22.0,0.9145075755822414,0.038818713421212944,0.005752947736818891,389.0,0.11981566820276497,,,,
不含流動性閘,可判,全期 2010-2026,4b 只不過市值閘(低於 1 億),6m,False,408,44,0,165,-0.2077982473977724,0.27450980392156865,0.014705882352941176,0.08333333333333333,7.7080151482327555,高,0.4166666666666667,-0.054890413908201846,0.08113407263784418,-0.22150922919694788,0.18320708281299647,2.272020058679938,1.3102818077407434,5.0,0.6422419004836378,21.0,1.3224992403837574,0.029386500313246997,-0.027585519721802867,364.0,0.12745098039215685,,,,
不含流動性閘,可判,全期 2010-2026,4b 只不過市值閘(低於 1 億),12m,False,371,81,0,151,-0.258474252684172,0.3935309973045822,0.0215633423180593,0.1778975741239892,41.75516400916379,高,0.42318059299191374,-0.1038753971694051,0.3207879317977511,-0.33622598390531505,0.25696678217809943,3.787071103373456,1.1237273800223644,4.0,0.6559730038016792,19.0,1.0344447589762746,0.11156253920442043,-0.01164588287074904,331.0,0.14016172506738545,,,,
不含流動性閘,可判,全期 2010-2026,5 不過兩閘(補完),1m,False,3404,57,7,1173,-0.11538457717650874,0.07902467685076381,0.0014688601645123384,0.01880141010575793,2.97048194419496,高,0.46592244418331374,-0.0114527866148523,0.013359035327426957,-0.10665750316294588,0.09742541334067249,1.3675859127291,1.1240197392232034,35.0,0.9136384353443694,171.0,2.5258400951779434,0.0011656928719318911,-0.02146189016628413,1760.0,0.08431257344300823,,,,
不含流動性閘,可判,全期 2010-2026,5 不過兩閘(補完),3m,False,3247,214,7,1116,-0.184381804432434,0.2288266091777025,0.005235602094240838,0.07237449953803511,8.563105696593869,高,0.4585771481367416,-0.0260425498046862,0.05240272394115243,-0.18970270696357636,0.16930460081172471,1.7284840018084566,1.1247515948237579,33.0,0.5767000898152322,163.0,1.4185130827986432,0.022409824484318455,-0.023090366193338967,1709.0,0.0883892824145365,,,,
不含流動性閘,可判,全期 2010-2026,5 不過兩閘(補完),6m,False,3027,434,7,1037,-0.2493533219787049,0.3650479022134126,0.015526924347538818,0.16286752560290718,9.131117802394195,高,0.45424512718863563,-0.0482156808946805,0.08359290136877988,-0.275964398796186,0.2437261595539985,1.8474351921283905,1.1346619112679164,31.0,0.5197484317642725,152.0,1.2850276851492637,0.04056101392541318,-0.025085976827063504,1627.0,0.09481334654773703,,,,
不含流動性閘,可判,全期 2010-2026,5 不過兩閘(補完),12m,False,2682,779,7,938,-0.32557450420527567,0.4936614466815809,0.040268456375838924,0.27889634601043994,71.57174139555339,高,0.4381058911260254,-0.06745612575306634,0.1825289144957776,-0.3768609348874267,0.3677207928738326,2.4546165860474796,1.3606004587388465,27.0,0.5409094553533152,135.0,1.0699314664836606,0.08464947468932589,-0.013441079047969685,1503.0,0.1070096942580164,,,,
不含流動性閘,可判,全期 2010-2026,6 三閘全不過,1m,False,764,20,1,358,-0.1237921901710926,0.0968586387434555,0.0013089005235602095,0.020942408376963352,2.745529689560036,高,0.4568062827225131,-0.01928936528632745,0.023666168797196116,-0.12851634190349265,0.10924938722302587,1.539549322207898,1.0122932450889517,8.0,0.7242779522460355,39.0,1.9986315288290288,0.006594335153129594,-0.024905116825085446,624.0,0.06413612565445026,,,,
不含流動性閘,可判,全期 2010-2026,6 三閘全不過,3m,False,721,63,1,340,-0.2135922088509775,0.30097087378640774,0.004160887656033287,0.11927877947295423,16.6471220607926,高,0.42995839112343964,-0.0500231485652752,0.07521619352248064,-0.2195791248282492,0.182768401274882,2.062281459701298,1.2379297345865157,8.0,0.7181238053867135,37.0,1.444038916306502,0.02143954112883738,-0.03520558362655641,593.0,0.06796116504854369,,,,
不含流動性閘,可判,全期 2010-2026,6 三閘全不過,6m,False,659,125,1,313,-0.2796609647244542,0.4339908952959029,0.01669195751138088,0.22003034901365706,20.14172007721631,高,0.41122913505311076,-0.0800716725796749,0.12340138515614363,-0.32400074962065384,0.23678929686962155,2.389398568028479,1.2298195330554529,7.0,0.7155629786203079,33.0,1.3252709346709872,0.0354767620859103,-0.042254831442710215,555.0,0.07435508345978756,,,,
不含流動性閘,可判,全期 2010-2026,6 三閘全不過,12m,False,571,213,1,272,-0.3526460067977139,0.5341506129597198,0.04903677758318739,0.3117338003502627,18.33563667506904,高,0.46935201401050786,-0.0455733083705371,0.335631567063951,-0.3809030811273739,0.5120278151720487,3.0024699440872866,1.5075949774099928,6.0,0.39886697301633633,29.0,0.8355161178776492,0.20390179564655164,0.05815980877823044,492.0,0.08581436077057793,,,,
不含流動性閘,可判,全期 2010-2026,9 負債閘資料不足(不納入五組),1m,False,4870,46,6,1376,-0.10417376359108475,0.06817248459958933,0.001437371663244353,0.015605749486652977,7.606475572469272,高,0.46632443531827517,-0.0106783371233983,0.012860254989574599,-0.09858795828828278,0.08530316676162887,1.372016892427964,1.0397796215047246,49.0,1.2077584925602054,244.0,2.731771670879635,-0.002698983285230207,-0.02344571834649989,1996.0,0.08829568788501027,,,,
不含流動性閘,可判,全期 2010-2026,9 負債閘資料不足(不納入五組),3m,False,4653,263,6,1312,-0.1703056734460835,0.20180528691166988,0.006877283473028154,0.0591016548463357,12.6414125761935,高,0.4442295293359123,-0.0335613979752542,0.029345602391039765,-0.1796495680888868,0.1404878515067669,1.589999651730755,1.0422856986360525,47.0,1.0679661035576473,233.0,2.2871898127151975,-0.0020148583556737,-0.03976458057783142,1943.0,0.09241349666881582,,,,
不含流動性閘,可判,全期 2010-2026,9 負債閘資料不足(不納入五組),6m,False,4358,558,6,1212,-0.2287278767967818,0.3315741165672327,0.016521340064249657,0.1424965580541533,36.4684668439731,高,0.4272602111060119,-0.062296733383001096,0.051749615774596386,-0.26241706711965784,0.18697535891015124,1.7901487399324834,1.033859599222959,44.0,0.9530558133344789,218.0,2.039711887931172,0.0024541213509796165,-0.056637884575714684,1863.0,0.09866911427260211,,,,
不含流動性閘,可判,全期 2010-2026,9 負債閘資料不足(不納入五組),12m,False,3959,957,6,1110,-0.2993006915870357,0.46046981561000255,0.039151300833543824,0.2442535993937863,25.74713947273373,高,0.4248547613033594,-0.0847001908848735,0.10353894606798902,-0.3639476177325808,0.26699201134363476,2.052428104807208,1.109325193330725,40.0,0.708985970123896,198.0,1.5204913701343212,0.030438826500066664,-0.056728257208406206,1729.0,0.10861328618337965,,,,
不含流動性閘,可判,建表年份 2010-2021,0 全部觸發(不分閘),1m,False,6038,0,0,1960,-0.09940243265362494,0.07320304736667771,0.0011593242795627692,0.022689632328585625,2.745529689560036,高,0.48443193110301425,-0.0045448415379745,0.004300915063504999,-0.08095997519529192,0.0737049310787137,1.1469944307335762,0.9858603509546174,61.0,1.9745797540009835,302.0,5.367533918218979,-0.004234363173450315,-0.019773389370180108,2356.0,0.27509108976482277,,,,
不含流動性閘,可判,建表年份 2010-2021,0 全部觸發(不分閘),3m,False,6038,0,0,1960,-0.15182984901863933,0.17671414375621067,0.002649884067572044,0.055978800927459424,14.682618901303856,高,0.485591255382577,-0.007921303068438999,0.03519792847255806,-0.14305861934115918,0.14205092159571742,1.4903426640396313,1.0606982773386253,61.0,0.646553416189782,302.0,1.4929742904826937,0.012567553585881474,-0.01826523823157215,2356.0,0.27509108976482277,,,,
不含流動性閘,可判,建表年份 2010-2021,0 全部觸發(不分閘),6m,False,6038,0,0,1960,-0.2018043936931606,0.28916859887379925,0.0091089764822789,0.12139781384564426,16.048538686717155,高,0.46505465385889366,-0.025983003818352952,0.05736854608741306,-0.2148517410844279,0.20200924165587686,1.67666374665637,1.1346021036122467,61.0,0.6039852929235584,302.0,1.407815929309211,0.022950651127366464,-0.02462759453941748,2356.0,0.27509108976482277,,,,
不含流動性閘,可判,建表年份 2010-2021,0 全部觸發(不分閘),12m,False,6038,0,0,1960,-0.28072690105336295,0.4312686319973501,0.029811195760185493,0.23517721099701888,19.7325336751658,高,0.4877442861874793,-0.01498523616686295,0.13955559497079698,-0.29141427764648836,0.3334599090530776,1.9560561647927812,1.2416088254788036,61.0,0.4636262164777491,302.0,0.9800903597268883,0.07561790622245042,0.002924789614397286,2356.0,0.27509108976482277,,,,
不含流動性閘,可判,建表年份 2010-2021,1 過三閘(現行①池),1m,False,719,0,0,390,-0.0923333485921223,0.06815020862308763,0.0013908205841446453,0.02086230876216968,0.7289663457738649,高,0.502086230876217,0.0004150679384862,0.002734017565295864,-0.06812568983399159,0.07168845567656085,1.0495152770715792,1.0464091539775298,8.0,2.201625622004635,36.0,5.891524393837042,-0.0033222305707751084,-0.014078413306499596,517.0,0.29207232267037553,,,,
不含流動性閘,可判,建表年份 2010-2021,1 過三閘(現行①池),3m,False,719,0,0,390,-0.1342620737593274,0.15299026425591097,0.0013908205841446453,0.043115438108484005,1.1245123772670025,高,0.5076495132127955,0.0035625338472697,0.028732392207568368,-0.12390508990837705,0.1393376070183509,1.348427427223051,1.072255112586645,8.0,0.33187819019429987,36.0,1.129179888384504,0.019412734932476854,-0.003907283089348317,517.0,0.29207232267037553,,,,
不含流動性閘,可判,建表年份 2010-2021,1 過三閘(現行①池),6m,False,719,0,0,390,-0.1717026147914631,0.2545201668984701,0.0027816411682892906,0.09040333796940195,3.5697477446936787,高,0.4714881780250348,-0.0201638819867256,0.027762152119861105,-0.1816558536083053,0.1708304722510657,1.4068721022179251,1.0724067023169497,8.0,0.7630992708019886,36.0,1.8669741774314743,0.00665087547743398,-0.02533771685131755,517.0,0.29207232267037553,,,,
不含流動性閘,可判,建表年份 2010-2021,1 過三閘(現行①池),12m,False,719,0,0,390,-0.2624584599189455,0.3908205841446453,0.016689847009735744,0.19749652294853964,11.705683397360184,高,0.5062586926286509,0.0084253664530926,0.08351375565981643,-0.2554323661376596,0.2984443731212859,1.5396893709353967,1.1420467427039704,8.0,0.4830706806658298,36.0,1.0618873257788646,0.04365645524090791,-0.0054408645966941204,517.0,0.29207232267037553,,,,
不含流動性閘,可判,建表年份 2010-2021,2 只不過負債閘,1m,False,1423,0,0,676,-0.0938388419952975,0.10751932536893886,0.0014054813773717498,0.046380885453267746,0.6992899066469445,高,0.49121574139142654,-0.0031275918472973,-0.006824644169818544,-0.07742293943070215,0.06507585898267579,0.9087761875847097,0.8945530505226417,15.0,-0.8388160511674736,72.0,-2.4020066622828544,-0.012682957699392539,-0.024454834241505914,890.0,0.3605059732958538,,,,
不含流動性閘,可判,建表年份 2010-2021,2 只不過負債閘,3m,False,1423,0,0,676,-0.1415346677832333,0.1791988756148981,0.0028109627547434997,0.07097680955727337,1.8689694140634647,高,0.5361911454673226,0.0146360500525333,0.029063693163154946,-0.1091311704126876,0.13754146520177365,1.2187241413940035,1.072298612133253,15.0,0.40634124723414766,72.0,1.1572468943846994,0.0174377288578078,-0.00481373776551533,890.0,0.3605059732958538,,,,
不含流動性閘,可判,建表年份 2010-2021,2 只不過負債閘,6m,False,1423,0,0,676,-0.1824313367971178,0.24806746310611386,0.007027406886858749,0.10822206605762473,4.383040245156447,高,0.49964862965565704,-0.0006331055257685,0.047498959101947555,-0.16413878991414554,0.1997423742989045,1.4734946714976966,1.2186941389742536,15.0,0.4375161119616463,72.0,1.1301573684906798,0.02700203057689105,-0.006511820237514171,890.0,0.3605059732958538,,,,
不含流動性閘,可判,建表年份 2010-2021,2 只不過負債閘,12m,False,1423,0,0,676,-0.2457169770076049,0.38018271257905834,0.02600140548137737,0.19957835558678846,7.670001350347471,高,0.5270555165144062,0.0285052580989899,0.09574827726987085,-0.2011755203018152,0.30331110116266663,1.586743185513024,1.3111094382098314,15.0,0.2985878453556236,72.0,0.7808067486604782,0.06787447782268688,0.022105874418675873,890.0,0.3605059732958538,,,,
不含流動性閘,可判,建表年份 2010-2021,3 只不過現金流閘,1m,False,224,0,0,123,-0.12582489523061746,0.044642857142857144,0.0,0.008928571428571428,0.7350926720996616,高,0.41964285714285715,-0.0141000594602821,-0.01618973605415406,-0.1175424886603821,0.06675261132487277,1.054732389271988,0.9282870907894003,3.0,-0.5534656050185128,12.0,-1.3412165555258533,-0.025491603518725127,-0.04004916929163096,151.0,0.16517857142857142,,,,
不含流動性閘,可判,建表年份 2010-2021,3 只不過現金流閘,3m,False,224,0,0,123,-0.2040721064905453,0.25,0.004464285714285714,0.07142857142857142,1.2228265492304282,高,0.4107142857142857,-0.06346063708451485,-0.05179967586188282,-0.23393942684182278,0.08291460177116332,0.8934029169542863,0.7029997785246116,3.0,-0.2817984903990139,12.0,-0.716496459328998,-0.06729805962142081,-0.09394682588365003,151.0,0.16517857142857142,,,,
不含流動性閘,可判,建表年份 2010-2021,3 只不過現金流閘,6m,False,224,0,0,123,-0.28776654381931444,0.42857142857142855,0.03571428571428571,0.21875,1.720245275645639,高,0.3705357142857143,-0.12572324145162994,-0.07071810683542783,-0.39200543317894776,0.1528855861713539,1.1247097042104703,0.8896110853381949,3.0,-0.31225546364130236,12.0,-0.8438149578674209,-0.09405995359451465,-0.13777173165684484,151.0,0.16517857142857142,,,,
不含流動性閘,可判,建表年份 2010-2021,3 只不過現金流閘,12m,False,224,0,0,123,-0.45317227580738684,0.6607142857142857,0.09821428571428571,0.45535714285714285,6.508599321119126,高,0.30357142857142855,-0.3006481640706946,-0.14003762564757422,-0.5798906214696552,0.1570229507888034,1.2901791364619348,0.8170047534874677,3.0,-0.3201689313159433,12.0,-0.650652609565151,-0.1873829152095944,-0.24423763101695586,151.0,0.16517857142857142,,,,
不含流動性閘,可判,建表年份 2010-2021,4 只不過市值閘,1m,False,477,0,0,217,-0.0901713242778131,0.031446540880503145,0.0,0.016771488469601678,1.819810429596204,高,0.4968553459119497,-0.0034262171327942,0.016285220267773407,-0.0755140221275826,0.0833861720298099,1.344596712030026,1.1189248102954996,5.0,0.6644393639446967,24.0,1.604885418291396,0.00552256741872082,-0.01037258325502451,397.0,0.2830188679245283,,,,
不含流動性閘,可判,建表年份 2010-2021,4 只不過市值閘,3m,False,477,0,0,217,-0.1443298604184546,0.13626834381551362,0.0020964360587002098,0.04612159329140461,14.682618901303856,高,0.4612159329140461,-0.0179753111062822,0.06243614632939901,-0.1367479585461936,0.1402018803602964,2.03784581269919,1.2023697345510713,5.0,0.8043050132529277,24.0,1.279645127508963,0.012347873464364825,-0.018384995312126055,397.0,0.2830188679245283,,,,
不含流動性閘,可判,建表年份 2010-2021,4 只不過市值閘,6m,False,477,0,0,217,-0.1953562028978236,0.27253668763102723,0.006289308176100629,0.09853249475890985,16.048538686717155,高,0.429769392033543,-0.0441620264884025,0.076958032592396,-0.2094822132991803,0.1989398361807965,2.151684861103584,1.3131193566276098,5.0,0.7839607082138333,24.0,1.385545447957606,0.0168020813040531,-0.03124278307823605,397.0,0.2830188679245283,,,,
不含流動性閘,可判,建表年份 2010-2021,4 只不過市值閘,12m,False,477,0,0,217,-0.2791209156279127,0.42557651991614254,0.014675052410901468,0.20754716981132076,19.7325336751658,高,0.47379454926624737,-0.0356039795407838,0.21053992472486277,-0.2897864157811359,0.3440364946600704,2.5576468266178765,1.3414555210771943,5.0,0.5605715744876706,24.0,0.9441884373045742,0.0934972830067601,0.012373108550853154,397.0,0.2830188679245283,,,,
不含流動性閘,可判,建表年份 2010-2021,4a 只不過市值閘(1 億至 5 億),1m,False,295,0,0,155,-0.0942307695761524,0.03728813559322034,0.0,0.01694915254237288,0.7364760127560899,高,0.46779661016949153,-0.0079100774702072,0.001227399450555774,-0.0843234977896279,0.0729495410137779,1.1635376973129012,0.9435782356180074,3.0,5.510271367043387,15.0,16.45933085840491,-0.00559278032993534,-0.019991279962364297,257.0,0.28135593220338984,,,,
不含流動性閘,可判,建表年份 2010-2021,4a 只不過市值閘(1 億至 5 億),3m,False,295,0,0,155,-0.1443298604184546,0.15932203389830507,0.0,0.04745762711864407,14.682618901303856,高,0.41694915254237286,-0.0390021961765688,0.04556780086437272,-0.16066815262101547,0.13098268752818895,2.056947489064367,1.1923570112096207,3.0,1.3153574357521376,15.0,1.8353600606331772,-0.014517783307768916,-0.0401047452265356,257.0,0.28135593220338984,,,,
不含流動性閘,可判,建表年份 2010-2021,4a 只不過市值閘(1 億至 5 億),6m,False,295,0,0,155,-0.2000525238769009,0.28135593220338984,0.0,0.10508474576271186,16.048538686717155,高,0.4135593220338983,-0.0773417937147074,0.061199865382982895,-0.22678009725991094,0.2144731007311401,2.06132355066592,1.3355844794926128,3.0,1.103073868899343,15.0,1.726698878545865,-0.0063729162186205385,-0.04685640248066648,257.0,0.28135593220338984,,,,
不含流動性閘,可判,建表年份 2010-2021,4a 只不過市值閘(1 億至 5 億),12m,False,295,0,0,155,-0.299363073123332,0.4610169491525424,0.006779661016949152,0.2305084745762712,19.7325336751658,高,0.46440677966101696,-0.0395611792879438,0.13358455535748953,-0.3130271692732882,0.33352957974990816,2.078526167931652,1.2396079184855744,3.0,0.6301893560032074,15.0,1.0513071139689532,0.049908534867156296,-0.007221007899408934,257.0,0.28135593220338984,,,,
不含流動性閘,可判,建表年份 2010-2021,4b 只不過市值閘(低於 1 億),1m,False,182,0,0,90,-0.08672896391171064,0.02197802197802198,0.0,0.016483516483516484,1.819810429596204,高,0.5439560439560439,0.005531173769151651,0.040692127636340454,-0.0595531831486262,0.10309416564259954,1.6378226405016627,1.3116106978802449,2.0,0.38770772660116026,10.0,0.9136710477006957,0.025192313954778316,0.003717147626237329,164.0,0.2857142857142857,,,,
不含流動性閘,可判,建表年份 2010-2021,4b 只不過市值閘(低於 1 億),3m,False,182,0,0,90,-0.1437969784721399,0.0989010989010989,0.005494505494505495,0.04395604395604396,3.602384347613529,高,0.532967032967033,0.011477127806339651,0.08977769529743616,-0.09067858115320222,0.14396749544165058,2.1254786122128677,1.4245043271404523,2.0,0.3774954972591934,10.0,0.8261939629239837,0.0565079864524389,0.016511109241969284,164.0,0.2857142857142857,,,,
不含流動性閘,可判,建表年份 2010-2021,4b 只不過市值閘(低於 1 億),6m,False,182,0,0,90,-0.19000747414828378,0.25824175824175827,0.016483516483516484,0.08791208791208792,4.480743596090268,高,0.45604395604395603,-0.02731397469952685,0.1025001168054557,-0.185014788037211,0.18006226184770974,2.34858724919956,1.3048085736061132,2.0,0.407222122241777,10.0,1.0866883032049484,0.06143491061779588,-0.009402163599765465,164.0,0.2857142857142857,,,,
不含流動性閘,可判,建表年份 2010-2021,4b 只不過市值閘(低於 1 億),12m,False,182,0,0,90,-0.24828767291062045,0.36813186813186816,0.027472527472527472,0.17032967032967034,16.190818796731328,高,0.489010989010989,-0.018044813598149998,0.33527527617197855,-0.2657819109523407,0.40452601174336666,3.325453447285409,1.6055082469036108,2.0,0.42616682112061555,10.0,0.8576134340180472,0.19452976727571258,0.05051420076956836,164.0,0.2857142857142857,,,,
不含流動性閘,可判,建表年份 2010-2021,5 不過兩閘(補完),1m,False,1078,0,0,491,-0.11147640053697574,0.0862708719851577,0.0027829313543599257,0.02411873840445269,1.304911578862146,高,0.487012987012987,-0.0026049312874362497,0.008011872405458855,-0.09270247001274998,0.08139823107874453,1.1909860304211635,0.9350537622252831,11.0,1.131509626764269,54.0,3.3986181387930383,-0.0010645006007529273,-0.02023084124088719,777.0,0.2662337662337662,,,,
不含流動性閘,可判,建表年份 2010-2021,5 不過兩閘(補完),3m,False,1078,0,0,491,-0.1740722727174968,0.22448979591836735,0.0037105751391465678,0.06957328385899815,8.563105696593869,高,0.47866419294990725,-0.014062918341106,0.06421368372544507,-0.17208689167871727,0.15978381616977647,1.7965947246360259,1.0467840625047529,11.0,0.4925271812520174,54.0,1.1794304965394655,0.03292264443370744,-0.012129492989856064,777.0,0.2662337662337662,,,,
不含流動性閘,可判,建表年份 2010-2021,5 不過兩閘(補完),6m,False,1078,0,0,491,-0.22574837835800693,0.3404452690166976,0.014842300556586271,0.15398886827458255,9.131117802394195,高,0.474025974025974,-0.0224888363631863,0.11820744416948616,-0.2368282809733325,0.27866935857455427,2.0803252345141825,1.3304972929638876,11.0,0.4016997250429873,54.0,0.9651877526484711,0.07145265507381227,0.004332072260222031,777.0,0.2662337662337662,,,,
不含流動性閘,可判,建表年份 2010-2021,5 不過兩閘(補完),12m,False,1078,0,0,491,-0.3092486918500389,0.4684601113172542,0.039888682745825604,0.2727272727272727,13.23582746579045,高,0.5064935064935064,0.0080483241066523,0.24991931624922462,-0.30084983444486046,0.46730890584679535,2.46607634529219,1.5210551419828024,11.0,0.3373720803946641,54.0,0.7456818790452885,0.167310769343818,0.06691075561415497,777.0,0.2662337662337662,,,,
不含流動性閘,可判,建表年份 2010-2021,6 三閘全不過,1m,False,233,0,0,124,-0.1111111765208691,0.07296137339055794,0.0,0.004291845493562232,2.745529689560036,高,0.5107296137339056,0.0051465670059995,0.04781396057202667,-0.09723983816931,0.1021237079893013,1.7398032036877173,1.0126142727876113,3.0,0.5200125241701681,12.0,1.0495315072394935,0.02324945140410368,-0.0024968928754469143,221.0,0.21030042918454936,,,,
不含流動性閘,可判,建表年份 2010-2021,6 三閘全不過,3m,False,233,0,0,124,-0.1988491395193177,0.21030042918454936,0.004291845493562232,0.07725321888412018,3.6557134183473385,高,0.44635193133047213,-0.0361434849705896,0.07116597000550517,-0.1847872573622585,0.1793582835083165,2.062046764000058,1.2510205801839518,3.0,0.5262255118791227,12.0,1.167002332269995,0.03415640302417066,-0.012530215981076783,221.0,0.21030042918454936,,,,
不含流動性閘,可判,建表年份 2010-2021,6 三閘全不過,6m,False,233,0,0,124,-0.2438016589991779,0.3605150214592275,0.017167381974248927,0.15021459227467812,11.030814666430397,高,0.463519313304721,-0.0160003955904722,0.15843710187651258,-0.2677603933783146,0.2941357198820908,2.479997598944856,1.3804051479811172,3.0,0.4454332378711949,12.0,0.8809000661774222,0.08901000211814737,0.01989445549868029,221.0,0.21030042918454936,,,,
不含流動性閘,可判,建表年份 2010-2021,6 三閘全不過,12m,False,233,0,0,124,-0.3132968783059408,0.47639484978540775,0.02145922746781116,0.27467811158798283,12.275919400001078,高,0.5278969957081545,0.0403604162255721,0.432243031177178,-0.2931737847079012,0.6653826835455416,3.3144779940546756,1.9899955243355318,3.0,0.31269629103101415,12.0,0.6091845909123084,0.30095722422368976,0.17809975671389755,221.0,0.21030042918454936,,,,
不含流動性閘,可判,建表年份 2010-2021,9 負債閘資料不足(不納入五組),1m,False,1884,0,0,692,-0.0966092918645409,0.05573248407643312,0.0005307855626326964,0.010084925690021231,2.372351894018505,高,0.4723991507430998,-0.00675218770345355,0.005199381486031307,-0.08170675377228365,0.07479779572209472,1.2236181659507583,1.046757680469562,19.0,1.5078560070442666,95.0,4.379375233403174,-0.002667438034961056,-0.018503703391369992,1030.0,0.22823779193205945,,,,
不含流動性閘,可判,建表年份 2010-2021,9 負債閘資料不足(不納入五組),3m,False,1884,0,0,692,-0.15053171249600583,0.15392781316348195,0.0021231422505307855,0.03980891719745223,5.568859593895285,高,0.46284501061571126,-0.0185579209351695,0.024695292078301657,-0.14993792032740627,0.13947470595591419,1.4859436908504775,1.0816515711356183,19.0,0.816887445532489,95.0,1.9552174297119174,0.004568086832025663,-0.024842023215616762,1030.0,0.22823779193205945,,,,
不含流動性閘,可判,建表年份 2010-2021,9 負債閘資料不足(不納入五組),6m,False,1884,0,0,692,-0.20264238028340353,0.28290870488322717,0.006369426751592357,0.11518046709129512,7.487853119910277,高,0.45169851380042464,-0.03842682460053695,0.039080509518141175,-0.23140503663692685,0.18912063500003623,1.569304453937203,1.0317559953984037,19.0,0.7508563783934566,95.0,1.9366407860675183,0.009835853527501432,-0.03854817663946497,1030.0,0.22823779193205945,,,,
不含流動性閘,可判,建表年份 2010-2021,9 負債閘資料不足(不納入五組),12m,False,1884,0,0,692,-0.2857143403180352,0.4325902335456476,0.028662420382165606,0.23089171974522293,18.56832891551816,高,0.4607218683651805,-0.04437088939095445,0.10995526986708516,-0.32698291993418493,0.29891265621909346,1.8965591352551239,1.147465138229826,19.0,0.5495198579085696,95.0,1.2274650152145785,0.05003728792386852,-0.02633911733874981,1030.0,0.22823779193205945,,,,
不含流動性閘,可判,驗證年份 2022-2026,0 全部觸發(不分閘),1m,False,9984,183,25,3314,-0.09884030294126765,0.05669070512820513,0.001001602564102564,0.012920673076923076,7.606475572469272,高,0.47325721153846156,-0.00848503552235815,0.013600952296698816,-0.09621405212022535,0.08758916891083253,1.352106152344596,1.0457373360572266,100.0,1.0213509366476454,500.0,2.4800911915223587,-0.0002933310824778516,-0.02119194501387038,2107.0,0.0,,,,
不含流動性閘,可判,驗證年份 2022-2026,0 全部觸發(不分閘),3m,False,9337,830,25,3158,-0.1653658509921062,0.19406661668630182,0.005033736746278248,0.05547820499089643,16.6471220607926,高,0.4500374852736425,-0.0284892363773755,0.0284045666925421,-0.1791193793613559,0.1447400261704681,1.5409807318661128,1.02582901976542,94.0,1.0231829482484938,467.0,2.27286870113265,-0.0006651984675938919,-0.03805883719142597,2019.0,0.0,,,,
不含流動性閘,可判,驗證年份 2022-2026,0 全部觸發(不分閘),6m,False,8327,1840,25,2883,-0.2331816916629565,0.3319322685240783,0.013570313438213043,0.13318121772547137,36.4684668439731,高,0.4122733277290741,-0.0706684011602108,0.03453740550863086,-0.2745948197677017,0.1704899078999647,1.736893688716244,0.9923032190856332,84.0,1.317673665607568,417.0,2.8604310651438856,-0.011083430157005298,-0.0676418338880309,1855.0,0.0,,,,
不含流動性閘,可判,驗證年份 2022-2026,0 全部觸發(不分閘),12m,False,6998,3169,25,2600,-0.30203628879916267,0.4612746498999714,0.03372392112032009,0.23206630465847386,71.57174139555339,高,0.38939697056301803,-0.1200101844204304,0.06956500858888141,-0.3857921073243204,0.20941303527561214,2.080361695655841,1.0264739472495104,70.0,1.1799588154091931,350.0,2.2934826190258057,-0.012645325938801803,-0.09471840316722152,1592.0,0.0,,,,
不含流動性閘,可判,驗證年份 2022-2026,1 過三閘(現行①池),1m,False,1102,16,6,541,-0.07902543970530371,0.020871143375680582,0.0,0.0027223230490018148,0.7992516782684966,高,0.4900181488203267,-0.0025113349738109,0.005939370564816504,-0.06965673038458937,0.07524825342303257,1.1778415523931822,1.1294950344140096,12.0,0.9406578925192253,56.0,2.700027681465486,0.00035633500238614315,-0.010637665388601938,657.0,0.0,,,,
不含流動性閘,可判,驗證年份 2022-2026,1 過三閘(現行①池),3m,False,1035,83,6,522,-0.1281669166054651,0.1111111111111111,0.0,0.015458937198067632,4.671768900952977,高,0.4956521739130435,-0.0025894582838881,0.010725761502001852,-0.13547434664769137,0.12473595064566675,1.1531186864850114,0.9388362696307512,11.0,1.2433347440126958,52.0,3.0712736488384382,-0.002637987006309503,-0.02339119706360223,618.0,0.0,,,,
不含流動性閘,可判,驗證年份 2022-2026,1 過三閘(現行①池),6m,False,919,199,6,487,-0.1827677877225335,0.22742110990206746,0.0,0.058759521218716,3.55686237258522,高,0.4102285092491839,-0.0503184290916322,-0.0016513551244596908,-0.2176790993757978,0.12602479561607424,1.4187122345399057,1.010739070227336,10.0,-13.838295628729279,46.0,-32.695908270332204,-0.02477285873184289,-0.05857589234948258,557.0,0.0,,,,
不含流動性閘,可判,驗證年份 2022-2026,1 過三閘(現行①池),12m,False,775,343,6,437,-0.2473404129400175,0.37290322580645163,0.005161290322580645,0.14451612903225808,3.061586771067589,高,0.40258064516129033,-0.1176328891563713,-0.020868198305887042,-0.3368938792745928,0.1878092068320133,1.3170377386151104,0.9406284585422655,8.0,-1.0974744577116244,39.0,-3.2235914768010527,-0.04422705021762811,-0.09280913992965688,478.0,0.0,,,,
不含流動性閘,可判,驗證年份 2022-2026,2 只不過負債閘,1m,False,1942,23,2,872,-0.07544508901331076,0.017507723995880537,0.0,0.0005149330587023687,1.7398342065474424,高,0.509783728115345,0.0025383250147096997,0.006702494245768751,-0.07196832260422323,0.06972645800596883,1.107831517644302,0.9200070061358482,20.0,0.9355745547969576,98.0,2.644588581550478,0.00043630452825973195,-0.011608658334998486,986.0,0.0,,,,
不含流動性閘,可判,驗證年份 2022-2026,2 只不過負債閘,3m,False,1836,129,2,846,-0.12854021150417844,0.10185185185185185,0.0,0.010893246187363835,1.4113008526410185,高,0.4684095860566449,-0.0134776715563283,0.004871525507623408,-0.13864742464308086,0.13229439520049097,1.2033186950453396,1.1137008125490664,19.0,1.921619110238515,92.0,5.988072891992782,-0.004536638790891831,-0.02558137996834292,948.0,0.0,,,,
不含流動性閘,可判,驗證年份 2022-2026,2 只不過負債閘,6m,False,1613,352,2,772,-0.1902984991639781,0.23682579045257285,0.0006199628022318661,0.06509609423434594,3.829107884376026,高,0.3949163050216987,-0.0608141452691325,-0.029367569315902314,-0.2322629904467422,0.1182431045005873,1.1907264157483104,0.9112020550195262,17.0,-0.5113581506752528,81.0,-1.437455860425716,-0.044857686904786656,-0.0753668500639483,858.0,0.0,,,,
不含流動性閘,可判,驗證年份 2022-2026,2 只不過負債閘,12m,False,1385,580,2,717,-0.2609122238319842,0.3819494584837545,0.012996389891696752,0.1595667870036101,9.355625301048798,高,0.3689530685920578,-0.1165050137412706,-0.05586886165543662,-0.3471884531296964,0.1226554362510263,1.2205876655960566,0.8094498966205566,14.0,-0.5294861919359907,70.0,-1.2188996369655904,-0.08632323388674239,-0.13056642177203562,740.0,0.0,,,,
不含流動性閘,可判,驗證年份 2022-2026,3 只不過現金流閘,1m,False,409,7,1,225,-0.1159725321677827,0.08068459657701711,0.0024449877750611247,0.02689486552567237,1.16568438388532,高,0.4621026894865526,-0.0124625161524513,-0.002655449562486927,-0.1067006899446029,0.0996541285943584,1.1233271862516234,1.2111138473419416,5.0,-3.4718865041229736,21.0,-9.837647707143317,-0.012021835262112875,-0.030336443780127207,257.0,0.0,,,,
不含流動性閘,可判,驗證年份 2022-2026,3 只不過現金流閘,3m,False,386,30,1,215,-0.2043917811278182,0.23834196891191708,0.007772020725388601,0.09326424870466321,2.005349016365627,高,0.42487046632124353,-0.033891277187015595,-0.01522435132565215,-0.21450125080841445,0.13474374716150067,1.1953000647214698,0.9391262106903253,4.0,-0.9571361685263705,20.0,-2.99950312004022,-0.030108129968611216,-0.0642171543230279,245.0,0.0,,,,
不含流動性閘,可判,驗證年份 2022-2026,3 只不過現金流閘,6m,False,347,69,1,190,-0.2790909246964888,0.40057636887608067,0.03170028818443804,0.18155619596541786,5.701597369111421,高,0.414985590778098,-0.1015611247330829,0.005173298913836688,-0.3222272611816879,0.21054678921963826,1.4482754299754104,1.0477878144324337,4.0,7.8823441544291235,18.0,17.724643475220727,-0.03601963547507051,-0.0912552833855892,226.0,0.0,,,,
不含流動性閘,可判,驗證年份 2022-2026,3 只不過現金流閘,12m,False,299,117,1,163,-0.3594806556448019,0.5551839464882943,0.06688963210702341,0.3311036789297659,4.364781379109621,高,0.41471571906354515,-0.1172721230905657,-0.004621554035644219,-0.4460283337415068,0.26553369952105266,1.3845141079214327,0.8614168928213698,3.0,-7.601946715208628,15.0,-23.02448652155142,-0.04015727738265078,-0.11689474763643977,192.0,0.0,,,,
不含流動性閘,可判,驗證年份 2022-2026,4 只不過市值閘,1m,False,688,14,2,329,-0.09099677898049699,0.023255813953488372,0.0,0.005813953488372093,2.9453657337117423,高,0.48546511627906974,-0.0027230205946017997,0.03009460957091541,-0.08956000046374622,0.08693515823065923,1.6665776198499624,1.0278379879693393,7.0,0.5320737147222131,35.0,1.3344145306374122,0.014226808367139196,-0.010603496810488831,485.0,0.0,,,,
不含流動性閘,可判,驗證年份 2022-2026,4 只不過市值閘,3m,False,654,48,2,320,-0.1465768888544511,0.1529051987767584,0.0015290519877675841,0.027522935779816515,3.560835523097293,高,0.44495412844036697,-0.031026369507960297,0.03432278147414851,-0.16740711681124726,0.13975116287830786,1.6887477738623171,1.076627679338261,7.0,0.6773721199628099,33.0,1.7075021398776482,0.011193292102760013,-0.025573865758520938,467.0,0.0,,,,
不含流動性閘,可判,驗證年份 2022-2026,4 只不過市值閘,6m,False,599,103,2,296,-0.222222249816964,0.3038397328881469,0.005008347245409015,0.07679465776293823,7.7080151482327555,高,0.39565943238731216,-0.0770582400868054,0.021326250902206783,-0.2614298554530554,0.14415722083412646,1.7478866783189535,0.9839223879210696,6.0,1.6951685425609295,30.0,3.868204174256129,-0.014975342185543842,-0.06439307042795582,421.0,0.0,,,,
不含流動性閘,可判,驗證年份 2022-2026,4 只不過市值閘,12m,False,522,180,2,270,-0.2799305271006568,0.4272030651340996,0.009578544061302681,0.17624521072796934,41.75516400916379,高,0.36398467432950193,-0.1371048067600139,0.13013700861621996,-0.3562626920329882,0.14280965123594622,2.880287866540669,0.9769646763316854,6.0,1.0495789125562975,27.0,1.6995049997966107,-0.006527075223667343,-0.09599684208665428,366.0,0.0,,,,
不含流動性閘,可判,驗證年份 2022-2026,4a 只不過市值閘(1 億至 5 億),1m,False,425,7,2,226,-0.0885416462939848,0.02588235294117647,0.0,0.004705882352941176,1.661651513551652,高,0.49411764705882355,-0.0015741736291835,0.02640335089012406,-0.0899711772176705,0.084114838168994,1.5369314053241157,0.9528260596723486,5.0,0.5920790995797895,22.0,1.432221036955637,0.010898698653367454,-0.012035075863161318,319.0,0.0,,,,
不含流動性閘,可判,驗證年份 2022-2026,4a 只不過市值閘(1 億至 5 億),3m,False,402,30,2,214,-0.1458679615023918,0.15920398009950248,0.0,0.024875621890547265,3.560835523097293,高,0.4154228855721393,-0.0431308672642747,0.027518349574023923,-0.17779458749358074,0.12432423701415035,1.7837427697744697,0.9985748762500374,5.0,1.0297320192313846,21.0,2.3974872850252478,-0.0008284805836217444,-0.04057619564593311,305.0,0.0,,,,
不含流動性閘,可判,驗證年份 2022-2026,4a 只不過市值閘(1 億至 5 億),6m,False,373,59,2,200,-0.2298002089632127,0.3136729222520107,0.0,0.07506702412868632,3.6503612430007255,高,0.40214477211796246,-0.0736586777858764,-0.004485941252615606,-0.2741144171491447,0.1350677289158961,1.4411165123316585,0.7874516904009017,4.0,-5.989822676300166,19.0,-15.056537831818073,-0.03169583561449033,-0.07589463182728266,280.0,0.0,,,,
不含流動性閘,可判,驗證年份 2022-2026,4a 只不過市值閘(1 億至 5 億),12m,False,333,99,2,186,-0.2925392271905035,0.43243243243243246,0.006006006006006006,0.17117117117117117,5.574221854926856,高,0.3663663663663664,-0.1303286167869904,0.02984773592793181,-0.3565677402046372,0.1163792430930146,1.9907071590839893,1.1085328705769901,4.0,1.788756310302941,17.0,4.260467267641508,-0.023828822159423127,-0.1025530046837794,249.0,0.0,,,,
不含流動性閘,可判,驗證年份 2022-2026,4b 只不過市值閘(低於 1 億),1m,False,263,7,0,139,-0.1012007136035836,0.019011406844106463,0.0,0.0076045627376425855,2.9453657337117423,高,0.4714828897338403,-0.0063981189742424,0.036059571317441336,-0.08880205082306125,0.0906487522356195,1.8923561098678445,1.1848709284762398,3.0,0.5657122885295397,14.0,1.2454472878778748,0.015840923650642744,-0.009348355049160458,234.0,0.0,,,,
不含流動性閘,可判,驗證年份 2022-2026,4b 只不過市值閘(低於 1 億),3m,False,252,18,0,135,-0.1467663263064854,0.14285714285714285,0.003968253968253968,0.031746031746031744,2.302399489411441,高,0.49206349206349204,-0.00419657352857765,0.04517747045768055,-0.13628332470003088,0.14563283975964458,1.563835037725303,1.0934548890101163,3.0,0.38021571575107793,13.0,1.0932343850037078,0.028337639037474605,-0.004441203371901864,225.0,0.0,,,,
不含流動性閘,可判,驗證年份 2022-2026,4b 只不過市值閘(低於 1 億),6m,False,226,44,0,121,-0.2145001715086668,0.28761061946902655,0.01327433628318584,0.07964601769911504,7.7080151482327555,高,0.38495575221238937,-0.09710154154828984,0.06392778928162601,-0.24251538912872445,0.18806721431963191,2.2787416164980856,1.5375512941437077,3.0,0.902853532989384,12.0,1.6928510865568602,0.006293906301287247,-0.046776126391959265,200.0,0.0,,,,
不含流動性閘,可判,驗證年份 2022-2026,4b 只不過市值閘(低於 1 億),12m,False,189,81,0,105,-0.2636363774291737,0.41798941798941797,0.015873015873015872,0.18518518518518517,41.75516400916379,高,0.35978835978835977,-0.1447053737440387,0.3068371557336801,-0.3553475475180412,0.2088263608451188,4.42790657711116,0.9120651259120374,2.0,0.8977777789914002,10.0,1.2431040223549878,0.03170103624809641,-0.07876057284318022,167.0,0.0,,,,
不含流動性閘,可判,驗證年份 2022-2026,5 不過兩閘(補完),1m,False,2326,57,7,983,-0.117252942902075,0.07566638005159071,0.0008598452278589854,0.01633705932932072,2.97048194419496,高,0.45614789337919176,-0.0148285464036938,0.015837213156266863,-0.11222815734323267,0.10819870092291922,1.4514653008609124,1.218857140481634,24.0,0.8370223355153965,117.0,2.307362957907139,0.002608021954938475,-0.021801628364337813,983.0,0.0,,,,
不含流動性閘,可判,驗證年份 2022-2026,5 不過兩閘(補完),3m,False,2169,214,7,923,-0.1908800294642814,0.23098201936376211,0.00599354541263255,0.07376671277086215,8.282274435168448,高,0.44859382203780546,-0.0321432072627434,0.046532638810923066,-0.2011325629699347,0.1783136091462607,1.7060986715081337,1.1836532036629703,22.0,0.634430075028099,109.0,1.5821645855487931,0.017185241863918836,-0.028523039013229393,932.0,0.0,,,,
不含流動性閘,可判,驗證年份 2022-2026,5 不過兩閘(補完),6m,False,1949,434,7,837,-0.2618629550430906,0.3786557208825038,0.01590559261159569,0.16777834787070292,6.211096179031353,高,0.44330425859415085,-0.0612288701522374,0.0644474538884508,-0.2960067408185042,0.2258392734673773,1.7411846816394487,1.0356476958636982,20.0,0.6361942761579135,98.0,1.6095007639846346,0.02368944595134249,-0.04136046751608583,850.0,0.0,,,,
不含流動性閘,可判,驗證年份 2022-2026,5 不過兩閘(補完),12m,False,1604,779,7,732,-0.33737046467861054,0.5105985037406484,0.040523690773067333,0.2830423940149626,71.57174139555339,高,0.39214463840399,-0.11209711277263795,0.13723785895324903,-0.41267217336358125,0.2913349944196045,2.4986551502424104,1.2593976225197763,17.0,0.8068856203010479,81.0,1.4611753156090304,0.026786500832238373,-0.06665679810748565,726.0,0.0,,,,
不含流動性閘,可判,驗證年份 2022-2026,6 三閘全不過,1m,False,531,20,1,278,-0.1296703577703808,0.10734463276836158,0.0018832391713747645,0.02824858757062147,1.7150836290124398,高,0.4331450094161959,-0.0309855333037877,0.013070245099389107,-0.13900107165242004,0.11311241406089005,1.4991025773839117,1.1104122132595646,6.0,1.23278517942181,27.0,3.4922089861744743,-0.003077331457411755,-0.03431880633935402,403.0,0.0,,,,
不含流動性閘,可判,驗證年份 2022-2026,6 三閘全不過,3m,False,488,63,1,259,-0.21956921614596395,0.3442622950819672,0.004098360655737705,0.13934426229508196,16.6471220607926,高,0.42213114754098363,-0.0630782984404443,0.07715000925906935,-0.24023800061719622,0.1944215833770503,2.0788876220454866,1.247304981440195,5.0,0.7973383458985367,25.0,1.5650713902552456,0.015797205100017513,-0.04594921887522889,372.0,0.0,,,,
不含流動性閘,可判,驗證年份 2022-2026,6 三閘全不過,6m,False,426,125,1,232,-0.30808676218887887,0.47417840375586856,0.01643192488262911,0.25821596244131456,20.14172007721631,高,0.3826291079812207,-0.12287768249877559,0.10423865746636435,-0.37465692944198936,0.1875532104050259,2.4160770675227456,1.1859825541985107,5.0,0.990088195267732,22.0,1.7256626783726643,0.0010454639216662574,-0.0797612278077906,334.0,0.0,,,,
不含流動性閘,可判,驗證年份 2022-2026,6 三閘全不過,12m,False,338,213,1,189,-0.37080796446532027,0.5739644970414202,0.06804733727810651,0.33727810650887574,18.33563667506904,高,0.4289940828402367,-0.10590720637472864,0.2690325400273182,-0.42616034051031476,0.38036526783638913,2.8721579273402833,1.3365867912415752,4.0,0.5729181043449949,17.0,1.0850426494095091,0.11627496224388875,-0.02409091312671967,271.0,0.0,,,,
不含流動性閘,可判,驗證年份 2022-2026,9 負債閘資料不足(不納入五組),1m,False,2986,46,6,1102,-0.10879198509910405,0.07602143335565975,0.0020093770931011385,0.019089082384460818,7.606475572469272,高,0.46249162759544543,-0.01499064170498315,0.017693840281160517,-0.1075322178071726,0.09228837882808888,1.4512096294645183,1.0532139104751954,30.0,1.1010470792141878,150.0,2.3922977731712054,-0.0018060561194702045,-0.0259380789650945,966.0,0.0,,,,
不含流動性閘,可判,驗證年份 2022-2026,9 負債閘資料不足(不納入五組),3m,False,2769,263,6,1033,-0.1834319831318155,0.23438064283134705,0.010111953773925604,0.07222824124232576,12.6414125761935,高,0.43156374142289633,-0.0444034649467453,0.03250962717587134,-0.1990602362757306,0.144265766159898,1.6678311874842109,1.0385769930028332,28.0,1.1652532682558303,139.0,2.4300822407112572,-0.005427201753847994,-0.04894859265362524,913.0,0.0,,,,
不含流動性閘,可判,驗證年份 2022-2026,9 負債閘資料不足(不納入五組),6m,False,2474,558,6,925,-0.24999996740370944,0.36863379143088115,0.024252223120452707,0.16329830234438156,36.4684668439731,高,0.40864995957962813,-0.08097547720600434,0.06139739111298023,-0.28730251591903466,0.1839363242195217,1.969340854592155,1.0614177758289913,25.0,1.0228038415753309,124.0,2.0769166711897316,-0.0014143889115212618,-0.06960875251801124,833.0,0.0,,,,
不含流動性閘,可判,驗證年份 2022-2026,9 負債閘資料不足(不納入五組),12m,False,2075,957,6,818,-0.3194174808970001,0.4857831325301205,0.04867469879518072,0.2563855421686747,25.74713947273373,高,0.39228915662650604,-0.1249950723260013,0.0977132332788338,-0.3985434588937242,0.22784671622054906,2.231566102799521,1.116464547370781,21.0,0.8609683205235312,104.0,1.8175594679702156,0.013724129736807181,-0.08410159129993294,699.0,0.0,,,,
含流動性閘(與①池可比),A(資料不足當不過),全期 2010-2026,0 全部觸發(不分閘),1m,False,9056,88,12,2420,-0.09230702926212235,0.053334805653710245,0.0008833922261484099,0.014686395759717315,2.372351894018505,高,0.48674911660777387,-0.0040461295982659,0.005394003897978275,-0.08261916838653287,0.0755216784075165,1.1598065337439898,0.9815472013426211,91.0,1.484901655176016,453.0,4.146501711314283,-0.0026421108982505968,-0.01786593374894655,3209.0,0.11749116607773852,,,,
含流動性閘(與①池可比),A(資料不足當不過),全期 2010-2026,0 全部觸發(不分閘),3m,False,8719,425,12,2347,-0.1495487526333623,0.16297740566578736,0.001835072829452919,0.04438582406239248,16.6471220607926,高,0.4801009290056199,-0.0099130543845968,0.021675039150698842,-0.15167984776655144,0.1399319298492286,1.3432532449697798,1.0226536959276518,88.0,0.8488249223710874,436.0,2.074367389659679,0.0033101345854341987,-0.024512732425143745,3145.0,0.1220323431586191,,,,
含流動性閘(與①池可比),A(資料不足當不過),全期 2010-2026,0 全部觸發(不分閘),6m,False,8122,1022,12,2211,-0.2073267793937441,0.2879832553558237,0.006402363949766067,0.11167200196995813,7.487853119910277,高,0.4413937453829106,-0.042958187885457244,0.018204443426792567,-0.23525980234263458,0.17495828315644144,1.4368246950147874,1.0302719686459365,82.0,1.3536810451170387,407.0,3.564006244933468,-0.006504233549513126,-0.049138685996598465,3008.0,0.1310022162029057,,,,
含流動性閘(與①池可比),A(資料不足當不過),全期 2010-2026,0 全部觸發(不分閘),12m,False,7440,1704,12,2074,-0.2808988548590375,0.43091397849462365,0.029166666666666667,0.2200268817204301,11.705683397360184,高,0.4452956989247312,-0.057979093768720846,0.041646082794218366,-0.33335779853646563,0.25890722203666433,1.5313258890721428,1.009011690323668,75.0,0.9262586827507859,372.0,2.319909745863699,0.003102310292757041,-0.05786217953382668,2813.0,0.14301075268817204,,,,
含流動性閘(與①池可比),A(資料不足當不過),全期 2010-2026,1 過三閘(現行①池),1m,False,1747,16,6,679,-0.084462323241419,0.03777904979965655,0.0005724098454493417,0.009730967372638809,0.7289663457738649,高,0.4962793360045793,-0.0012775070489561,0.0044586845796983875,-0.0690105081123774,0.0739476183442091,1.1141853259377148,1.0875332390213914,18.0,1.2056139283459069,88.0,3.5187447003011787,-0.000926311791496459,-0.011825987587423765,1136.0,0.11333714939896966,,,,
含流動性閘(與①池可比),A(資料不足當不過),全期 2010-2026,1 過三閘(現行①池),3m,False,1681,82,6,662,-0.1309115714487038,0.12849494348602022,0.000594883997620464,0.026174895895300417,1.5379776085719985,高,0.4997025580011898,-0.0002054996003511,0.015282670021460302,-0.132031708130653,0.1319143898135559,1.1976178512924107,1.0009635157115855,17.0,0.5952745981934523,85.0,2.025854326184233,0.006248475775332906,-0.01651276334410266,1097.0,0.11778703152885188,,,,
含流動性閘(與①池可比),A(資料不足當不過),全期 2010-2026,1 過三閘(現行①池),6m,False,1567,196,6,637,-0.1785189147516517,0.2393107849393746,0.0012763241863433313,0.07211231652839821,3.5697477446936787,高,0.4345883854499043,-0.0425342887005777,0.007285750965029327,-0.19622566282659284,0.1502357073074923,1.3813749085039835,1.0320330874475494,16.0,2.5716513292485113,79.0,6.826930156060704,-0.011568784342869114,-0.044707480958354195,1036.0,0.1263560944479898,,,,
含流動性閘(與①池可比),A(資料不足當不過),全期 2010-2026,1 過三閘(現行①池),12m,False,1426,337,6,602,-0.25419588584486935,0.38359046283309955,0.010518934081346423,0.17040673211781207,11.705683397360184,高,0.4537166900420757,-0.04827569352452135,0.030538872245737387,-0.30749278119845114,0.2522843181347988,1.427060332120549,0.9936646693241592,15.0,1.0352489454263267,72.0,2.5832030355964273,-0.0010879066596106816,-0.05092024332106483,958.0,0.1388499298737728,,,,
含流動性閘(與①池可比),A(資料不足當不過),全期 2010-2026,2 只不過負債閘,1m,False,4381,33,2,1479,-0.0814401029805277,0.049303811915087876,0.0006847751654873316,0.01643460397169596,1.7398342065474424,高,0.498972837251769,-0.0003335857776447,0.0015217467673494932,-0.0738331287431616,0.0687502540294264,1.035816419808113,0.9352706646346178,44.0,3.7175461423961638,220.0,10.961875307909853,-0.004177371945606313,-0.0159609606405763,2225.0,0.14357452636384388,,,,
含流動性閘(與①池可比),A(資料不足當不過),全期 2010-2026,2 只不過負債閘,3m,False,4242,172,2,1452,-0.1327317792583084,0.12682696841112684,0.0014144271570014145,0.033474776049033476,3.644043104313688,高,0.4988213107024988,-0.0004970190134602,0.01685753067408678,-0.12614090375430054,0.13535543243185733,1.2261268043506068,1.0794601058932043,43.0,0.6236694063762995,213.0,1.861675283031327,0.006408970516225907,-0.015293644501810458,2179.0,0.14827911362564827,,,,
含流動性閘(與①池可比),A(資料不足當不過),全期 2010-2026,2 只不過負債閘,6m,False,3953,461,2,1384,-0.184233361864391,0.2324816594991146,0.0035416139640779155,0.07918036933974197,4.383040245156447,高,0.45459144953200104,-0.0291844047494602,0.010837739566159573,-0.198506443628064,0.163881667793829,1.31246105910824,1.0627518012196806,40.0,1.560848131237057,198.0,4.3800388918260165,-0.006140460671832324,-0.03856357438467328,2077.0,0.15911965595750063,,,,
含流動性閘(與①池可比),A(資料不足當不過),全期 2010-2026,2 只不過負債閘,12m,False,3669,745,2,1326,-0.2484677881634913,0.369037884982284,0.019351321886072498,0.16816571272826383,9.355625301048798,高,0.45816298718997,-0.0412055140830491,0.025787496683089193,-0.276681255598415,0.2419780644287523,1.377565441766683,1.0585904097271028,37.0,1.0565334929181394,184.0,2.740506498367311,-0.0014727087805650873,-0.04725304105479093,1942.0,0.17143635868083948,,,,
含流動性閘(與①池可比),A(資料不足當不過),全期 2010-2026,3 只不過現金流閘,1m,False,589,7,1,261,-0.115148677327116,0.05263157894736842,0.001697792869269949,0.015280135823429542,1.16568438388532,高,0.45161290322580644,-0.0124429774615757,-0.0008981238069338159,-0.1035953576538287,0.0917297514678303,1.198226300439761,1.1765831806679121,6.0,-8.807772595416761,30.0,-27.336915486228474,-0.008899248545268976,-0.026815893390708754,379.0,0.057724957555178265,,,,
含流動性閘(與①池可比),A(資料不足當不過),全期 2010-2026,3 只不過現金流閘,3m,False,569,27,1,254,-0.1966725775963939,0.22144112478031636,0.0035149384885764497,0.07205623901581722,2.005349016365627,高,0.43233743409490333,-0.0339361536373716,-0.021305112380547858,-0.2150377266435583,0.1249972095762312,1.0860174972349492,0.8241499966890086,6.0,-0.6165121510559075,29.0,-1.8724804131054595,-0.034807006503258575,-0.06448510509056381,368.0,0.05975395430579965,,,,
含流動性閘(與①池可比),A(資料不足當不過),全期 2010-2026,3 只不過現金流閘,6m,False,533,63,1,232,-0.2729574284323929,0.3902439024390244,0.020637898686679174,0.1801125703564728,5.701597369111421,高,0.41088180112570355,-0.0847402541602185,-0.01187172504641822,-0.3175482824382859,0.2009088467682076,1.3409255984676838,0.9832294176554573,6.0,-2.780820020620959,27.0,-6.352384686080691,-0.04539587876024897,-0.09194301554440369,350.0,0.06378986866791744,,,,
含流動性閘(與①池可比),A(資料不足當不過),全期 2010-2026,3 只不過現金流閘,12m,False,490,106,1,209,-0.3876648390534537,0.5857142857142857,0.06938775510204082,0.3673469387755102,6.508599321119126,高,0.3836734693877551,-0.16382965343023825,-0.03763611363082397,-0.48048657007358064,0.22720789569455116,1.3740825642379204,0.861955197996791,5.0,-1.0637106818341437,25.0,-2.697200728623175,-0.07847077188474426,-0.1466293563480198,320.0,0.06938775510204082,,,,
含流動性閘(與①池可比),A(資料不足當不過),全期 2010-2026,4 只不過市值閘,1m,False,213,1,0,136,-0.1042345082088606,0.03755868544600939,0.0,0.009389671361502348,1.661651513551652,高,0.5023474178403756,0.0002692863912068,0.0431917854940371,-0.0886258726147445,0.084114838168994,1.7907542249443347,0.9474983357653757,3.0,0.5043741045215573,11.0,1.079659660694315,0.021712781182263455,-0.003628004723521789,200.0,0.10328638497652583,,,,
含流動性閘(與①池可比),A(資料不足當不過),全期 2010-2026,4 只不過市值閘,3m,False,201,13,0,127,-0.1744022819507884,0.19900497512437812,0.0,0.03980099502487562,2.5657186350808536,高,0.44776119402985076,-0.0433476296245579,0.05468404406247656,-0.2046385865837466,0.1605690247267197,1.8413800298126148,1.1916352367096679,3.0,0.6033130813299274,11.0,1.529495442429765,0.02202111834773751,-0.030631291437087746,191.0,0.10945273631840796,,,,
含流動性閘(與①池可比),A(資料不足當不過),全期 2010-2026,4 只不過市值閘,6m,False,180,34,0,116,-0.24934587703418148,0.36666666666666664,0.0,0.10555555555555556,4.480743596090268,高,0.40555555555555556,-0.0800196286643826,0.039370653560920114,-0.2779344093402225,0.19920318110117108,1.8381751643824797,1.2271468432188164,2.0,0.8883969333083733,9.0,2.15743018878363,0.004443255177019188,-0.04796713998268487,173.0,0.12222222222222222,,,,
含流動性閘(與①池可比),A(資料不足當不過),全期 2010-2026,4 只不過市值閘,12m,False,164,50,0,108,-0.3330046254237622,0.5121951219512195,0.018292682926829267,0.24390243902439024,6.633764091673658,高,0.4329268292682927,-0.0997186069194058,0.1682867481341719,-0.4287254798640714,0.42141748560214554,2.3746459172608794,1.4433146809893243,2.0,0.4348137678813974,9.0,1.0616704658590852,0.09628759202052448,-0.010980934409526215,159.0,0.13414634146341464,,,,
含流動性閘(與①池可比),A(資料不足當不過),全期 2010-2026,4a 只不過市值閘(1 億至 5 億),1m,False,205,1,0,131,-0.1040100152534111,0.03902439024390244,0.0,0.00975609756097561,1.661651513551652,高,0.4926829268292683,-0.0041981994293323,0.037780292917576966,-0.0889255488366657,0.0810005517232166,1.746841782797484,0.9163844968707183,3.0,0.5991207486074693,11.0,1.2315344876187417,0.015370266268062866,-0.009243429671985659,193.0,0.1024390243902439,,,,
含流動性閘(與①池可比),A(資料不足當不過),全期 2010-2026,4a 只不過市值閘(1 億至 5 億),3m,False,194,12,0,123,-0.17708369860764905,0.20618556701030927,0.0,0.041237113402061855,2.280974557864144,高,0.4381443298969072,-0.0455571027710453,0.04167590861876602,-0.22782060663393555,0.1600619486422331,1.7530357976965838,1.047646815849687,2.0,0.5028483973941442,10.0,1.7619662470562905,0.020935070226123415,-0.03348148544827718,184.0,0.10824742268041238,,,,
含流動性閘(與①池可比),A(資料不足當不過),全期 2010-2026,4a 只不過市值閘(1 億至 5 億),6m,False,174,32,0,112,-0.25088288831009586,0.367816091954023,0.0,0.10919540229885058,1.8150746233659385,高,0.40804597701149425,-0.07148779242310305,0.020267843945373756,-0.2782664228285563,0.19926765317126102,1.641099524202651,1.2016685914959753,2.0,0.9150214113456548,9.0,3.384789388540771,0.0017423598988181254,-0.05097096857877462,167.0,0.1206896551724138,,,,
含流動性閘(與①池可比),A(資料不足當不過),全期 2010-2026,4a 只不過市值閘(1 億至 5 億),12m,False,158,48,0,104,-0.3315003273030109,0.5063291139240507,0.0189873417721519,0.22784810126582278,5.366672695005573,高,0.43670886075949367,-0.0892742830067145,0.14218628337624892,-0.3950190786993955,0.398490569089121,2.1967596256654134,1.511138558549905,2.0,0.38179424413865337,8.0,1.008986012617499,0.08902730672090563,-0.0013458310823984477,153.0,0.13291139240506328,,,,
含流動性閘(與①池可比),A(資料不足當不過),全期 2010-2026,4b 只不過市值閘(低於 1 億),1m,False,8,0,0,8,-0.13879096256461365,0.0,0.0,0.0,0.8640009799623509,"低(樣本不足,只報樣本數)",,,,,,,,,,,,,,,,,,,
含流動性閘(與①池可比),A(資料不足當不過),全期 2010-2026,4b 只不過市值閘(低於 1 億),3m,False,7,1,0,7,-0.1606694753504628,0.0,0.0,0.0,2.5657186350808536,"低(樣本不足,只報樣本數)",,,,,,,,,,,,,,,,,,,
含流動性閘(與①池可比),A(資料不足當不過),全期 2010-2026,4b 只不過市值閘(低於 1 億),6m,False,6,2,0,6,-0.20480177958007834,0.3333333333333333,0.0,0.0,4.480743596090268,"低(樣本不足,只報樣本數)",,,,,,,,,,,,,,,,,,,
含流動性閘(與①池可比),A(資料不足當不過),全期 2010-2026,4b 只不過市值閘(低於 1 億),12m,False,6,2,0,6,-0.563304523452375,0.6666666666666666,0.0,0.6666666666666666,6.633764091673658,"低(樣本不足,只報樣本數)",,,,,,,,,,,,,,,,,,,
含流動性閘(與①池可比),A(資料不足當不過),全期 2010-2026,5 不過兩閘(補完),1m,False,1760,25,2,820,-0.11868247317673675,0.06931818181818182,0.0017045454545454545,0.014204545454545454,1.6731830654544644,高,0.4647727272727273,-0.0134206465311067,0.01277868988335421,-0.10704006522783593,0.09331867503230576,1.3736766532316333,1.0086437245652455,18.0,0.7811537757092505,88.0,2.4125609068423737,0.0028254648317702913,-0.01900071344198766,911.0,0.0846590909090909,,,,
含流動性閘(與①池可比),A(資料不足當不過),全期 2010-2026,5 不過兩閘(補完),3m,False,1686,99,2,782,-0.19234013417134643,0.2372479240806643,0.004151838671411625,0.06583629893238434,8.563105696593869,高,0.4454329774614472,-0.03390020437962195,0.034937801605422335,-0.1972339281323306,0.17070359090135306,1.626224860323856,1.1134939437056686,17.0,0.6440765056731169,85.0,1.8083961039634506,0.012561845986525603,-0.029743085840285566,887.0,0.08837485172004746,,,,
含流動性閘(與①池可比),A(資料不足當不過),全期 2010-2026,5 不過兩閘(補完),6m,False,1569,216,2,733,-0.2727590084466204,0.4040790312300829,0.014021669853409816,0.1880178457616316,5.019270057208198,高,0.4327597195666029,-0.0672755466147153,0.03307129236822693,-0.3040544038472333,0.2227292753178551,1.5635576673502616,1.0323675516913189,16.0,0.9134921594904988,79.0,2.644354399517375,0.0028904011773079365,-0.057264209051855676,841.0,0.09496494582536648,,,,
含流動性閘(與①池可比),A(資料不足當不過),全期 2010-2026,5 不過兩閘(補完),12m,False,1415,370,2,671,-0.3745125190592654,0.5519434628975265,0.05512367491166078,0.3265017667844523,8.63523726688489,高,0.4268551236749117,-0.0831841428653,0.0776067428971423,-0.4313581075352274,0.3181348640159469,1.8059480232608653,1.048556196880916,15.0,0.7091328017590358,71.0,1.7427909976169627,0.022815112184003235,-0.06069085552038362,770.0,0.10530035335689046,,,,
含流動性閘(與①池可比),A(資料不足當不過),全期 2010-2026,6 三閘全不過,1m,False,366,6,1,242,-0.14125547858810295,0.1092896174863388,0.0,0.02185792349726776,2.372351894018505,高,0.44808743169398907,-0.0315760273578054,0.008826926691122255,-0.12932494167839675,0.09492018374329962,1.364439932499057,1.0284768084361242,4.0,1.6784054717425463,19.0,4.275203181162117,-0.006054403712512488,-0.03049294549448219,246.0,0.08743169398907104,,,,
含流動性閘(與①池可比),A(資料不足當不過),全期 2010-2026,6 三閘全不過,3m,False,340,32,1,223,-0.2327373625595512,0.29705882352941176,0.0,0.12058823529411765,16.6471220607926,高,0.42058823529411765,-0.0537474071891981,0.10003186914889464,-0.22307994158917355,0.18079766899550737,2.4009389312790073,1.309180529792382,4.0,0.8891199578927433,17.0,1.3873818988535151,0.011223579980717224,-0.04079003728080545,233.0,0.09411764705882353,,,,
含流動性閘(與①池可比),A(資料不足當不過),全期 2010-2026,6 三閘全不過,6m,False,320,52,1,207,-0.2776323430006213,0.428125,0.009375,0.221875,7.487853119910277,高,0.425,-0.0719134712887155,0.12796933540064606,-0.3144041207721414,0.3219439722476842,2.3269169937612992,1.339078666386057,4.0,0.4707769065404036,16.0,1.0216824933501656,0.06858159751766942,-0.0029207308040521845,219.0,0.1,,,,
含流動性閘(與①池可比),A(資料不足當不過),全期 2010-2026,6 三閘全不過,12m,False,276,96,1,175,-0.3555442683807048,0.5543478260869565,0.057971014492753624,0.3442028985507246,6.000356724088963,高,0.4420289855072464,-0.10256885960401746,0.19098995152881196,-0.43576418790021487,0.4764257438023156,2.3275564606640873,1.5006830660897514,3.0,0.268588451058111,14.0,0.8472278986291308,0.14122733601936552,0.030737062599520797,189.0,0.11594202898550725,,,,
含流動性閘(與①池可比),A(資料不足當不過),建表年份 2010-2021,0 全部觸發(不分閘),1m,False,3609,0,0,1443,-0.0997517848331576,0.08174009420892214,0.0013854253255749516,0.028539761706844,2.372351894018505,高,0.48960931005818786,-0.0030269817649062,0.0002753201718891614,-0.0800114260763978,0.0701884130243448,1.0476895662100687,0.9122092057613589,37.0,26.538271441736015,181.0,74.26187246917421,-0.007104032875328882,-0.021235481621346478,1634.0,0.2948185092823497,,,,
含流動性閘(與①池可比),A(資料不足當不過),建表年份 2010-2021,0 全部觸發(不分閘),3m,False,3609,0,0,1443,-0.1488739582124624,0.17761152673870878,0.0024937655860349127,0.05791077860903297,8.563105696593869,高,0.49598226655583266,-0.0020253182664462,0.028706584151124266,-0.1360368312449394,0.1403217495838951,1.3657847696300984,1.0546409333147702,37.0,0.653811652826942,181.0,1.5490288232419243,0.010040824937633142,-0.01659291665573961,1634.0,0.2948185092823497,,,,
含流動性閘(與①池可比),A(資料不足當不過),建表年份 2010-2021,0 全部觸發(不分閘),6m,False,3609,0,0,1443,-0.1982071492708333,0.28234968135217514,0.00831255195344971,0.1172069825436409,7.487853119910277,高,0.47215295095594345,-0.0209114282643986,0.036311401394940504,-0.2012262791008697,0.1961500459809624,1.453961219141282,1.1224688548041644,37.0,0.6708256870388627,181.0,1.7109730070408509,0.012076591604162879,-0.027179545594754453,1634.0,0.2948185092823497,,,,
含流動性閘(與①池可比),A(資料不足當不過),建表年份 2010-2021,0 全部觸發(不分閘),12m,False,3609,0,0,1443,-0.2771955093808063,0.4311443613189249,0.03380437794402882,0.23496813521751178,11.705683397360184,高,0.48960931005818786,-0.0130361950227181,0.0787353769514054,-0.2886716967529814,0.3071682774190043,1.5490092037823526,1.128759575999249,37.0,0.4882533858297122,181.0,1.196556021412841,0.04070992674026421,-0.01629304783803173,1634.0,0.2948185092823497,,,,
含流動性閘(與①池可比),A(資料不足當不過),建表年份 2010-2021,1 過三閘(現行①池),1m,False,685,0,0,372,-0.0926285672423006,0.06715328467153285,0.00145985401459854,0.021897810218978103,0.7289663457738649,高,0.5065693430656935,0.000827829429691,0.0037710330447218183,-0.0671699316801772,0.0733135664899056,1.0524282535597234,1.0589507378494183,7.0,1.509193344303762,35.0,4.406949364950102,-0.0019400098456526416,-0.013539518871216578,497.0,0.28905109489051095,,,,
含流動性閘(與①池可比),A(資料不足當不過),建表年份 2010-2021,1 過三閘(現行①池),3m,False,685,0,0,372,-0.1349846962970474,0.15328467153284672,0.00145985401459854,0.043795620437956206,1.1245123772670025,高,0.5124087591240876,0.0042188998701093,0.029961358077141044,-0.1221579667744772,0.1393102991615606,1.3412838253907087,1.0612345970141834,7.0,0.2984327841930355,35.0,1.1124722208961138,0.02123692625230547,-0.0035512723562151375,497.0,0.28905109489051095,,,,
含流動性閘(與①池可比),A(資料不足當不過),建表年份 2010-2021,1 過三閘(現行①池),6m,False,685,0,0,372,-0.172489453856104,0.2569343065693431,0.00291970802919708,0.09197080291970802,3.5697477446936787,高,0.47153284671532847,-0.0191364763572364,0.030152928374735634,-0.1812651541021809,0.1704060159774767,1.433764346320386,1.0838141688684015,7.0,0.6699138908440988,35.0,1.7615072491249342,0.010055823042342276,-0.024198071345690266,497.0,0.28905109489051095,,,,
含流動性閘(與①池可比),A(資料不足當不過),建表年份 2010-2021,1 過三閘(現行①池),12m,False,685,0,0,372,-0.2629051713419605,0.3970802919708029,0.016058394160583942,0.20145985401459854,11.705683397360184,高,0.5065693430656935,0.0084253664530926,0.08393903390477028,-0.2599758028400203,0.301755307601945,1.5375915482768818,1.1131842243125336,7.0,0.4716186286147338,35.0,1.0742129044156057,0.044809731512447624,-0.006564786549908337,497.0,0.28905109489051095,,,,
含流動性閘(與①池可比),A(資料不足當不過),建表年份 2010-2021,2 只不過負債閘,1m,False,1925,0,0,928,-0.0892819862836376,0.08935064935064935,0.0015584415584415584,0.035844155844155845,0.6992899066469445,高,0.49662337662337663,-0.0010686440930952,-0.0038292707231262,-0.0746012598690704,0.0677242778435693,0.9398317481472592,0.9268942506703843,20.0,-1.4132239948011383,97.0,-4.1890227025220605,-0.00933790518840024,-0.020924552778489865,1130.0,0.32675324675324674,,,,
含流動性閘(與①池可比),A(資料不足當不過),建表年份 2010-2021,2 只不過負債閘,3m,False,1925,0,0,928,-0.1383561169530355,0.15844155844155844,0.003116883116883117,0.05922077922077922,3.644043104313688,高,0.5225974025974026,0.0100275548910584,0.026176752878561773,-0.1124993045965999,0.1379905295200376,1.2448159652717106,1.0961172431499722,20.0,0.4705622595329057,97.0,1.2657135599858345,0.014004461798594839,-0.007324602039248782,1130.0,0.32675324675324674,,,,
含流動性閘(與①池可比),A(資料不足當不過),建表年份 2010-2021,2 只不過負債閘,6m,False,1925,0,0,928,-0.1798273449924851,0.23844155844155845,0.006233766233766234,0.09922077922077922,4.383040245156447,高,0.49558441558441557,-0.0048719188136383,0.037527216855683776,-0.1717239513141704,0.1961500459809624,1.3884902941933415,1.1633789195037474,20.0,0.48456642402307143,97.0,1.316912526157331,0.019545861465745152,-0.012523920571538978,1130.0,0.32675324675324674,,,,
含流動性閘(與①池可比),A(資料不足當不過),建表年份 2010-2021,2 只不過負債閘,12m,False,1925,0,0,928,-0.2422137214816424,0.3781818181818182,0.025454545454545455,0.19064935064935065,7.670001350347471,高,0.5210389610389611,0.0210254882232665,0.08452862786303748,-0.2201409482030591,0.3062245212900347,1.510629591229551,1.245164871438805,20.0,0.31752924579801756,97.0,0.8682816878035321,0.058293968025192086,0.011724775040604535,1130.0,0.32675324675324674,,,,
含流動性閘(與①池可比),A(資料不足當不過),建表年份 2010-2021,3 只不過現金流閘,1m,False,210,0,0,118,-0.11884406612651455,0.03333333333333333,0.0,0.004761904761904762,0.7350926720996616,高,0.4238095238095238,-0.01260100372058295,-0.012716231870313309,-0.10319416137541555,0.06705833437266673,1.0899803475433931,0.9865767020991355,3.0,-0.6902570224414385,11.0,-1.5979895101232837,-0.021805203119497806,-0.034862782771595796,143.0,0.1619047619047619,,,,
含流動性閘(與①池可比),A(資料不足當不過),建表年份 2010-2021,3 只不過現金流閘,3m,False,210,0,0,118,-0.18989355909429662,0.21904761904761905,0.0,0.06190476190476191,1.2228265492304282,高,0.4238095238095238,-0.058932543794217904,-0.0447140387902327,-0.21968869544663533,0.08452936673239378,0.883873788186164,0.6338766962498896,3.0,-0.34821744832349494,11.0,-0.7655239977375501,-0.06115793202522277,-0.08330743110142685,143.0,0.1619047619047619,,,,
含流動性閘(與①池可比),A(資料不足當不過),建表年份 2010-2021,3 只不過現金流閘,6m,False,210,0,0,118,-0.27447630773392384,0.4,0.023809523809523808,0.19523809523809524,1.679537590175589,高,0.38571428571428573,-0.09311181467003005,-0.05725168971574649,-0.34101346432522683,0.16643644550823672,1.1203759707304395,0.9147279509264837,3.0,-0.392448107368432,11.0,-0.9601488575899825,-0.08087536940845676,-0.11842505115677138,143.0,0.1619047619047619,,,,
含流動性閘(與①池可比),A(資料不足當不過),建表年份 2010-2021,3 只不過現金流閘,12m,False,210,0,0,118,-0.4351149534723786,0.6476190476190476,0.09047619047619047,0.4380952380952381,6.508599321119126,高,0.30952380952380953,-0.2873440912534986,-0.12527027582028818,-0.5746766313482419,0.16406606965147916,1.3324418965382585,0.9051938477898519,3.0,-0.38177247633260364,11.0,-0.7312114919674706,-0.17560364269818482,-0.22885709362524476,143.0,0.1619047619047619,,,,
含流動性閘(與①池可比),A(資料不足當不過),建表年份 2010-2021,4 只不過市值閘,1m,False,75,0,0,53,-0.1079668966639666,0.02666666666666667,0.0,0.013333333333333334,0.8640009799623509,中,0.5066666666666667,0.0022718678711455,0.039659488316227606,-0.0854728812228944,0.09201456589937725,1.7410134690592631,1.0571457244249396,1.0,0.2904730634522835,4.0,0.8872477082254665,0.02851973842911783,0.0047236248573169,75.0,0.29333333333333333,,,,
含流動性閘(與①池可比),A(資料不足當不過),建表年份 2010-2021,4 只不過市值閘,3m,False,75,0,0,53,-0.1797651152645097,0.14666666666666667,0.0,0.04,2.5657186350808536,中,0.4533333333333333,-0.0199706765915147,0.09209728526838892,-0.1462438108828948,0.1846052005423828,2.445822356556628,1.7881098654399143,1.0,0.3714504906565362,4.0,0.9209959364641779,0.05866996973038267,0.007685978637486499,75.0,0.29333333333333333,,,,
含流動性閘(與①池可比),A(資料不足當不過),建表年份 2010-2021,4 只不過市值閘,6m,False,75,0,0,53,-0.2321589670888448,0.29333333333333333,0.0,0.09333333333333334,4.480743596090268,中,0.4666666666666667,-0.0297348317709587,0.1530395921247847,-0.2005215738001142,0.335031091500425,2.5112667734348486,2.3937118937444835,1.0,0.3903777259100186,4.0,0.7794820033638468,0.09455710558471062,0.035649279149336154,75.0,0.29333333333333333,,,,
含流動性閘(與①池可比),A(資料不足當不過),建表年份 2010-2021,4 只不過市值閘,12m,False,75,0,0,53,-0.3242535960906847,0.48,0.02666666666666667,0.24,6.633764091673658,中,0.52,0.029638843201752,0.23246227209046064,-0.3419535546775334,0.5056058525126567,2.216142580568302,1.3821046853418804,1.0,0.38049265841539437,4.0,0.663366953448978,0.14595819344744443,0.08266318612181445,75.0,0.29333333333333333,,,,
含流動性閘(與①池可比),A(資料不足當不過),建表年份 2010-2021,4a 只不過市值閘(1 億至 5 億),1m,False,70,0,0,50,-0.10680038048276055,0.02857142857142857,0.0,0.014285714285714285,0.7364760127560899,中,0.4857142857142857,-0.00610566163995525,0.02868078334546556,-0.08625672536189201,0.08651285635965791,1.654032819843965,1.0765352072246586,1.0,0.36683397973434206,4.0,1.0753236530153483,0.01842288146994926,-0.00229127115309934,70.0,0.3,,,,
含流動性閘(與①池可比),A(資料不足當不過),建表年份 2010-2021,4a 只不過市值閘(1 億至 5 億),3m,False,70,0,0,50,-0.18222047797028645,0.15714285714285714,0.0,0.04285714285714286,1.7433813641528555,中,0.42857142857142855,-0.038229342565552896,0.06252564925080556,-0.15042259624536153,0.18980112423908646,2.221161527879599,2.199277648915506,1.0,0.3983237016768064,4.0,1.037695687978739,0.038165421498601936,-0.0024997926596644028,70.0,0.3,,,,
含流動性閘(與①池可比),A(資料不足當不過),建表年份 2010-2021,4a 只不過市值閘(1 億至 5 億),6m,False,70,0,0,50,-0.2332622345341997,0.2857142857142857,0.0,0.1,1.8150746233659385,中,0.4714285714285714,-0.0191734220569095,0.11109134836942255,-0.18566644926349882,0.34417096224385557,2.122609309717593,2.5022882055879205,1.0,0.233408252372903,4.0,0.7003354750354689,0.08639593858686437,0.0353077201450827,70.0,0.3,,,,
含流動性閘(與①池可比),A(資料不足當不過),建表年份 2010-2021,4a 只不過市值閘(1 億至 5 億),12m,False,70,0,0,50,-0.31658743596371264,0.4714285714285714,0.02857142857142857,0.21428571428571427,1.745642162437052,中,0.5285714285714286,0.032172972109008546,0.16861034476540374,-0.26679386789983545,0.5062650828239736,1.8536913480855202,1.4555137970825431,1.0,0.1479016320876951,4.0,0.5417230771452354,0.14575481117595962,0.08195327420060483,70.0,0.3,,,,
含流動性閘(與①池可比),A(資料不足當不過),建表年份 2010-2021,4b 只不過市值閘(低於 1 億),1m,False,5,0,0,5,-0.1169124497787645,0.0,0.0,0.0,0.8640009799623509,"低(樣本不足,只報樣本數)",,,,,,,,,,,,,,,,,,,
含流動性閘(與①池可比),A(資料不足當不過),建表年份 2010-2021,4b 只不過市值閘(低於 1 億),3m,False,5,0,0,5,-0.1169124497787645,0.0,0.0,0.0,2.5657186350808536,"低(樣本不足,只報樣本數)",,,,,,,,,,,,,,,,,,,
含流動性閘(與①池可比),A(資料不足當不過),建表年份 2010-2021,4b 只不過市值閘(低於 1 億),6m,False,5,0,0,5,-0.1888488608518941,0.4,0.0,0.0,4.480743596090268,"低(樣本不足,只報樣本數)",,,,,,,,,,,,,,,,,,,
含流動性閘(與①池可比),A(資料不足當不過),建表年份 2010-2021,4b 只不過市值閘(低於 1 億),12m,False,5,0,0,5,-0.5794392499069351,0.6,0.0,0.6,6.633764091673658,"低(樣本不足,只報樣本數)",,,,,,,,,,,,,,,,,,,
含流動性閘(與①池可比),A(資料不足當不過),建表年份 2010-2021,5 不過兩閘(補完),1m,False,585,0,0,367,-0.1212624620243163,0.09230769230769231,0.0017094017094017094,0.02564102564102564,1.1315845442036854,高,0.4666666666666667,-0.0106349594575498,0.0028866127000370034,-0.1044722577748896,0.0704515239988339,1.193647396268161,0.8005599949178112,6.0,3.1063959069861977,30.0,9.611710604953664,-0.006143357976167883,-0.026202385266237877,379.0,0.2547008547008547,,,,
含流動性閘(與①池可比),A(資料不足當不過),建表年份 2010-2021,5 不過兩閘(補完),3m,False,585,0,0,367,-0.1856677347353278,0.2512820512820513,0.003418803418803419,0.06495726495726496,8.563105696593869,高,0.4358974358974359,-0.0389591131636825,0.049809894176786565,-0.1936354388848891,0.1588403666570788,1.8841484100371353,1.15014401775709,6.0,0.6463678596986248,30.0,1.5681817525067305,0.01779691191582797,-0.02983086069340844,379.0,0.2547008547008547,,,,
含流動性閘(與①池可比),A(資料不足當不過),建表年份 2010-2021,5 不過兩閘(補完),6m,False,585,0,0,367,-0.2638889195497138,0.4017094017094017,0.017094017094017096,0.17435897435897435,4.688785398820206,高,0.4324786324786325,-0.0566982085736276,0.03791000802378831,-0.2780074541054703,0.2322443180530842,1.6201798763564783,1.1243262961141056,6.0,0.7656638274155304,30.0,2.1892348052782453,0.008975745107116658,-0.04752086863244317,379.0,0.2547008547008547,,,,
含流動性閘(與①池可比),A(資料不足當不過),建表年份 2010-2021,5 不過兩閘(補完),12m,False,585,0,0,367,-0.3663003268459799,0.5401709401709401,0.06153846153846154,0.3264957264957265,8.63523726688489,高,0.441025641025641,-0.070611620240255,0.08730796526499113,-0.4077356200291322,0.3328927009267801,1.7853234271926295,1.052733741010027,6.0,0.5705917772505367,30.0,1.509866892469979,0.03787926346259477,-0.046921680988215635,379.0,0.2547008547008547,,,,
含流動性閘(與①池可比),A(資料不足當不過),建表年份 2010-2021,6 三閘全不過,1m,False,129,0,0,94,-0.1401591195102702,0.10852713178294573,0.0,0.015503875968992248,2.372351894018505,高,0.49612403100775193,-0.004346946016584,0.02937284997099648,-0.111291278966388,0.0953832583097205,1.4500254313718584,0.8853169209066492,2.0,0.8738620172364812,7.0,1.578769765798342,0.003763379004669691,-0.017975534076328743,98.0,0.24806201550387597,,,,
含流動性閘(與①池可比),A(資料不足當不過),建表年份 2010-2021,6 三閘全不過,3m,False,129,0,0,94,-0.1851852219781743,0.20930232558139536,0.0,0.08527131782945736,5.568859593895285,高,0.4263565891472868,-0.053554958526985,0.04676082391266673,-0.1865277920322284,0.1620486950680837,1.899977090725407,1.2291665539953953,2.0,1.2389864932964678,7.0,1.8978605152443548,-0.011351192816062172,-0.0443936555019721,98.0,0.24806201550387597,,,,
含流動性閘(與①池可比),A(資料不足當不過),建表年份 2010-2021,6 三閘全不過,6m,False,129,0,0,94,-0.2334384831945742,0.3333333333333333,0.007751937984496124,0.14728682170542637,7.487853119910277,高,0.4496124031007752,-0.0283890378525716,0.12806767432160363,-0.2099483464880258,0.2635347287323737,2.284884603286314,1.6086699380930336,2.0,0.6358348727287247,7.0,1.1066505561032587,0.0473722341614766,-0.014442172462272602,98.0,0.24806201550387597,,,,
含流動性閘(與①池可比),A(資料不足當不過),建表年份 2010-2021,6 三閘全不過,12m,False,129,0,0,94,-0.3423711075421851,0.5271317829457365,0.03875968992248062,0.32558139534883723,6.000356724088963,高,0.4263565891472868,-0.1449517091677086,0.1685043131159953,-0.4572188388171923,0.4762821342077017,2.3310520986363654,1.701329258583441,2.0,0.4326537343177699,7.0,1.024738681783908,0.09710580921972037,-0.0044077550901609796,98.0,0.24806201550387597,,,,
含流動性閘(與①池可比),A(資料不足當不過),驗證年份 2022-2026,0 全部觸發(不分閘),1m,False,5447,88,12,2079,-0.0889223529615023,0.03451441160271709,0.0005507618872774004,0.005507618872774004,1.7398342065474424,高,0.4848540480998715,-0.0044859963437546,0.008785472516934694,-0.08467158078822659,0.0796722445585178,1.2369714193084718,1.0242978998408097,55.0,0.9719327449530658,273.0,2.6879845549929433,0.0002490993288089719,-0.015612215736636709,1575.0,0.0,,,,
含流動性閘(與①池可比),A(資料不足當不過),驗證年份 2022-2026,0 全部觸發(不分閘),3m,False,5110,425,12,1988,-0.14978358854961898,0.15264187866927592,0.0013698630136986301,0.034833659491193734,16.6471220607926,高,0.4688845401174168,-0.01655057768482255,0.016708924491885657,-0.1611995090177815,0.1393489083172416,1.3321839005776674,1.001324644013847,52.0,1.097322913698926,256.0,2.7152462055139335,-0.00164287936248007,-0.03017144371471987,1511.0,0.0,,,,
含流動性閘(與①池可比),A(資料不足當不過),驗證年份 2022-2026,0 全部觸發(不分閘),6m,False,4513,1022,12,1815,-0.2166457690603639,0.2924883669399512,0.004874806115665854,0.1072457345446488,5.701597369111421,高,0.4167959228894305,-0.0591339902149948,0.00372449410105671,-0.2585369976734315,0.1580080264866543,1.4350817592153469,0.9634361472307624,46.0,6.75265323136933,226.0,18.008688256155548,-0.021646359528722427,-0.06668834842860633,1374.0,0.0,,,,
含流動性閘(與①池可比),A(資料不足當不過),驗證年份 2022-2026,0 全部觸發(不分閘),12m,False,3831,1704,12,1646,-0.2850581546177719,0.4306969459671104,0.024797702949621508,0.20595144870790916,9.355625301048798,高,0.4035499869485774,-0.1023034888233429,0.006706050788661597,-0.3669390963468861,0.2010544233523767,1.5275417546112902,0.918678238512031,39.0,5.819355087917123,192.0,14.77001163849741,-0.03265123312095657,-0.09721454368532831,1179.0,0.0,,,,
含流動性閘(與①池可比),A(資料不足當不過),驗證年份 2022-2026,1 過三閘(現行①池),1m,False,1062,16,6,517,-0.07934151512188314,0.018832391713747645,0.0,0.0018832391713747645,0.7266316573582035,高,0.4896421845574388,-0.0025113349738109,0.00490222629481981,-0.07019510512175232,0.07456501850979291,1.1563138427142396,1.1139935652845543,11.0,1.0229452235542738,54.0,3.1165652557048404,-0.00011365994700254157,-0.010931732664676405,639.0,0.0,,,,
含流動性閘(與①池可比),A(資料不足當不過),驗證年份 2022-2026,1 過三閘(現行①池),3m,False,996,82,6,498,-0.127766037352665,0.11144578313253012,0.0,0.014056224899598393,1.5379776085719985,高,0.49096385542168675,-0.0045865716195174,0.005187387573527262,-0.1360868864248339,0.12357824281752461,1.10308188257213,0.9596147912530355,10.0,1.7672406905653726,50.0,5.559737115270664,-0.004020339680371899,-0.024903288748102378,600.0,0.0,,,,
含流動性閘(與①池可比),A(資料不足當不過),驗證年份 2022-2026,1 過三閘(現行①池),6m,False,882,196,6,463,-0.1826230289213024,0.2256235827664399,0.0,0.05668934240362812,3.397946482669285,高,0.40589569160997735,-0.0540672090164737,-0.010473904959742583,-0.2184341408164516,0.12154778447857552,1.3417782713501123,1.010321156801389,9.0,-1.6399891053625364,45.0,-4.560203530306307,-0.027936056788285167,-0.0613680671683746,539.0,0.0,,,,
含流動性閘(與①池可比),A(資料不足當不過),驗證年份 2022-2026,1 過三閘(現行①池),12m,False,741,337,6,415,-0.2467284705883918,0.37112010796221323,0.005398110661268556,0.1417004048582996,3.061586771067589,高,0.4048582995951417,-0.1176328891563713,-0.018825649665784257,-0.3319131887323034,0.1848170007496163,1.3188810238375128,0.9045181456984116,8.0,-1.2723684700651594,38.0,-3.619286906742945,-0.04324570290887371,-0.09166167576949702,461.0,0.0,,,,
含流動性閘(與①池可比),A(資料不足當不過),驗證年份 2022-2026,2 只不過負債閘,1m,False,2456,33,2,1131,-0.07605255783825504,0.017915309446254073,0.0,0.0012214983713355048,1.7398342065474424,高,0.500814332247557,2.2207021910136682e-05,0.005715846388345303,-0.07317292141206305,0.06951036887369941,1.124077349277414,0.9474809761116174,25.0,1.0507622829397263,123.0,3.0042776133392612,-0.0002931332599351641,-0.012060131634585835,1095.0,0.0,,,,
含流動性閘(與①池可比),A(資料不足當不過),驗證年份 2022-2026,2 只不過負債閘,3m,False,2317,172,2,1094,-0.1287907967973331,0.10056107034958998,0.0,0.012084592145015106,1.262879736104682,高,0.4790677600345274,-0.0102735351005887,0.009114974461909672,-0.1384234940395661,0.1327541164317127,1.2111427571141447,1.063833978169366,24.0,1.0228582952980718,116.0,3.281587010241642,-0.00021053353090226516,-0.021892657512891704,1049.0,0.0,,,,
含流動性閘(與①池可比),A(資料不足當不過),驗證年份 2022-2026,2 只不過負債閘,6m,False,2028,461,2,998,-0.18825706138893133,0.22682445759368836,0.0009861932938856016,0.0601577909270217,3.829107884376026,高,0.4156804733727811,-0.0504746370828862,-0.01449620707207223,-0.22243211015631392,0.1404137490986575,1.2453857737505418,0.9770170432605023,21.0,-1.118711104752213,102.0,-3.1531614389436062,-0.031034639510704964,-0.06339351968617796,947.0,0.0,,,,
含流動性閘(與①池可比),A(資料不足當不過),驗證年份 2022-2026,2 只不過負債閘,12m,False,1744,745,2,924,-0.25302958467790754,0.35894495412844035,0.01261467889908257,0.143348623853211,9.355625301048798,高,0.38876146788990823,-0.09968375062170359,-0.039050047767255125,-0.3305728105951341,0.152740857697095,1.2387781734617964,0.893069250449217,18.0,-0.7319152109464082,88.0,-1.7202630513259736,-0.068336681502442,-0.11187128336446231,812.0,0.0,,,,
含流動性閘(與①池可比),A(資料不足當不過),驗證年份 2022-2026,3 只不過現金流閘,1m,False,379,7,1,204,-0.1111111009613201,0.0633245382585752,0.002638522427440633,0.021108179419525065,1.16568438388532,高,0.46701846965699206,-0.0116553250445538,0.005650168259846378,-0.09981467116134335,0.1050064035938933,1.233358669024918,1.3263174880273414,4.0,1.5171105452836515,19.0,4.609236559980996,-0.0029529270467513603,-0.021469080195748842,236.0,0.0,,,,
含流動性閘(與①池可比),A(資料不足當不過),驗證年份 2022-2026,3 只不過現金流閘,3m,False,359,27,1,197,-0.2026162155527956,0.22284122562674094,0.005571030640668524,0.07799442896935933,2.005349016365627,高,0.4373259052924791,-0.0322515482083851,-0.007611868519729418,-0.20455727459424367,0.1367880262730277,1.205396198780567,0.904445785012683,4.0,-1.8729224649777219,18.0,-5.5054761685396825,-0.02211471154200748,-0.052132726398485124,225.0,0.0,,,,
含流動性閘(與①池可比),A(資料不足當不過),驗證年份 2022-2026,3 只不過現金流閘,6m,False,323,63,1,174,-0.2727272964670493,0.38390092879256965,0.018575851393188854,0.17027863777089783,5.701597369111421,高,0.42724458204334365,-0.080131118055214,0.017632276750977872,-0.30970774473525586,0.23340585235584949,1.474178457340061,1.0628066053886083,4.0,2.4845144345805514,17.0,5.136323428035319,-0.026503587148854733,-0.07698462160437625,207.0,0.0,,,,
含流動性閘(與①池可比),A(資料不足當不過),驗證年份 2022-2026,3 只不過現金流閘,12m,False,280,106,1,150,-0.3547693617318757,0.5392857142857143,0.05357142857142857,0.3142857142857143,4.364781379109621,高,0.4392857142857143,-0.09686167908449189,0.028089508011274213,-0.42792560293036797,0.2792528480914177,1.4378233742772193,0.8736948446553746,3.0,1.3356168233438868,14.0,3.8690902589919896,-0.009529412294044104,-0.08483298296318346,177.0,0.0,,,,
含流動性閘(與①池可比),A(資料不足當不過),驗證年份 2022-2026,4 只不過市值閘,1m,False,138,1,0,97,-0.10171531552951796,0.043478260869565216,0.0,0.007246376811594203,1.661651513551652,高,0.5,-0.0011840838145613498,0.045111512221107486,-0.08952197850744398,0.08126465168659092,1.8173511110023106,0.9067317224978609,2.0,0.5103683466348515,7.0,1.1709683959041814,0.0224128482016027,-0.008124768836741524,125.0,0.0,,,,
含流動性閘(與①池可比),A(資料不足當不過),驗證年份 2022-2026,4 只不過市值閘,3m,False,126,13,0,88,-0.1667439813568232,0.23015873015873015,0.0,0.03968253968253968,2.280974557864144,高,0.4444444444444444,-0.0495163118248265,0.03241425763038584,-0.2525976275484418,0.14125295368191879,1.5777413867937138,0.7347591910573936,2.0,0.9954449613334229,7.0,2.558605203355366,0.00015002961938474196,-0.05349285593536312,116.0,0.0,,,,
含流動性閘(與①池可比),A(資料不足當不過),驗證年份 2022-2026,4 只不過市值閘,6m,False,105,34,0,75,-0.274968247631792,0.41904761904761906,0.0,0.11428571428571428,1.4118443205323734,高,0.3619047619047619,-0.1244732065569079,-0.0418214454132689,-0.3084761073295176,0.0830755284873272,1.3401961830791407,0.7336762750771414,2.0,-0.6206013076759511,6.0,-1.701266076816329,-0.06909192580769329,-0.11981757006788239,98.0,0.0,,,,
含流動性閘(與①池可比),A(資料不足當不過),驗證年份 2022-2026,4 只不過市值閘,12m,False,89,50,0,65,-0.3471234513811971,0.5393258426966292,0.011235955056179775,0.24719101123595505,5.366672695005573,中,0.3595505617977528,-0.1999233981922163,0.11420625041819836,-0.4660462660242217,0.1995036900203599,2.6231510734418086,1.629872119128899,1.0,0.5279894312395819,5.0,1.6813498280411856,0.054519131729705454,-0.08244621914817211,84.0,0.0,,,,
含流動性閘(與①池可比),A(資料不足當不過),驗證年份 2022-2026,4a 只不過市值閘(1 億至 5 億),1m,False,135,1,0,95,-0.1011578222332461,0.044444444444444446,0.0,0.007407407407407408,1.661651513551652,高,0.4962962962962963,-0.0026374540203295,0.04249855714015325,-0.09486155235662894,0.0801955381591397,1.786261502447198,0.8538817857280856,2.0,0.5537863531097801,7.0,1.2705849056868292,0.019248600622750547,-0.012128345235978763,123.0,0.0,,,,
含流動性閘(與①池可比),A(資料不足當不過),驗證年份 2022-2026,4a 只不過市值閘(1 億至 5 億),3m,False,124,12,0,87,-0.1663237700082608,0.23387096774193547,0.0,0.04032258064516129,2.280974557864144,高,0.4435483870967742,-0.0495163118248265,0.029905893745840455,-0.253122251658749,0.13959208986766752,1.555575482594407,0.703327497200068,2.0,1.0963403701152759,7.0,2.817937992139705,-0.002928376755251563,-0.0576197905406206,114.0,0.0,,,,
含流動性閘(與①池可比),A(資料不足當不過),驗證年份 2022-2026,4a 只不過市值閘(1 億至 5 億),6m,False,104,32,0,74,-0.2764219663932253,0.4230769230769231,0.0,0.11538461538461539,1.4118443205323734,高,0.36538461538461536,-0.1244130710035764,-0.04086336095542834,-0.3105687180069622,0.08435634735351905,1.3304750452570049,0.7295015329411529,2.0,-0.6412591881448002,6.0,-1.7578959144043127,-0.06838241303101689,-0.11959670620093543,97.0,0.0,,,,
含流動性閘(與①池可比),A(資料不足當不過),驗證年份 2022-2026,4a 只不過市值閘(1 億至 5 億),12m,False,88,48,0,64,-0.34448504999771157,0.5340909090909091,0.011363636363636364,0.23863636363636365,5.366672695005573,中,0.36363636363636365,-0.18891093016613292,0.1211671436348758,-0.46480683093570674,0.22948053045697014,2.6382689722596724,1.6871842138966187,1.0,0.5033123267514765,5.0,1.6027671085154926,0.06087397637774131,-0.07743530187707279,83.0,0.0,,,,
含流動性閘(與①池可比),A(資料不足當不過),驗證年份 2022-2026,4b 只不過市值閘(低於 1 億),1m,False,3,0,0,3,-0.1606694753504628,0.0,0.0,0.0,0.3374968278342563,"低(樣本不足,只報樣本數)",,,,,,,,,,,,,,,,,,,
含流動性閘(與①池可比),A(資料不足當不過),驗證年份 2022-2026,4b 只不過市值閘(低於 1 億),3m,False,2,1,0,2,-0.1907120868293627,0.0,0.0,0.0,0.4984171825768408,"低(樣本不足,只報樣本數)",,,,,,,,,,,,,,,,,,,
含流動性閘(與①池可比),A(資料不足當不過),驗證年份 2022-2026,4b 只不過市值閘(低於 1 億),6m,False,1,2,0,1,-0.2207546983082626,0.0,0.0,0.0,-0.1414622290286862,"低(樣本不足,只報樣本數)",,,,,,,,,,,,,,,,,,,
含流動性閘(與①池可比),A(資料不足當不過),驗證年份 2022-2026,4b 只不過市值閘(低於 1 億),12m,False,1,2,0,1,-0.5471697969978151,1.0,0.0,1.0,-0.4983523526494167,"低(樣本不足,只報樣本數)",,,,,,,,,,,,,,,,,,,
含流動性閘(與①池可比),A(資料不足當不過),驗證年份 2022-2026,5 不過兩閘(補完),1m,False,1175,25,2,621,-0.1180086061631157,0.05787234042553192,0.001702127659574468,0.00851063829787234,1.6731830654544644,高,0.46382978723404256,-0.0175424511176793,0.017703681502282353,-0.10768754326669305,0.10467464125548305,1.4618070922533055,1.1473708517348997,12.0,0.5787562516524054,59.0,1.8402520224334669,0.007534513377299012,-0.015661985814966445,532.0,0.0,,,,
含流動性閘(與①池可比),A(資料不足當不過),驗證年份 2022-2026,5 不過兩閘(補完),3m,False,1101,99,2,580,-0.1969231092012845,0.22979109900090827,0.004541326067211626,0.06630336058128973,2.4038150819821142,高,0.45049954586739327,-0.0328643614724596,0.027035736070228814,-0.200285436119908,0.1798835249087265,1.5023836318935835,1.1429032809613104,12.0,0.6695435049839938,56.0,2.0649132207050465,0.00903258234593401,-0.03033356436623876,508.0,0.0,,,,
含流動性閘(與①池可比),A(資料不足當不過),驗證年份 2022-2026,5 不過兩閘(補完),6m,False,984,216,2,524,-0.27713178228174273,0.4054878048780488,0.012195121951219513,0.19613821138211382,5.019270057208198,高,0.4329268292682927,-0.07766926302193485,0.03019461690226818,-0.32837083538207457,0.2172724432933827,1.5328550629236541,0.9820702690069878,10.0,1.0186463598244635,50.0,3.0118721673188587,-0.0005688001811675242,-0.06399972805027028,462.0,0.0,,,,
含流動性閘(與①池可比),A(資料不足當不過),驗證年份 2022-2026,5 不過兩閘(補完),12m,False,830,370,2,455,-0.3810756091759968,0.5602409638554217,0.05060240963855422,0.3265060240963855,8.614873204074891,高,0.41686746987951806,-0.0998360325449906,0.07076913436076691,-0.4452273035588593,0.3086089244378839,1.8239049313524511,1.0683551744398552,9.0,0.8252797354279137,42.0,1.9672604205735682,0.01250034781925956,-0.07210064925418895,391.0,0.0,,,,
含流動性閘(與①池可比),A(資料不足當不過),驗證年份 2022-2026,6 三閘全不過,1m,False,237,6,1,173,-0.1428571428571429,0.10970464135021098,0.0,0.02531645569620253,1.2535425679632866,高,0.4219409282700422,-0.037943039391437,-0.002356297372606752,-0.1452231771769607,0.093530960044037,1.3337758713065049,1.046606096114923,3.0,-5.106973774192687,12.0,-13.960068653417782,-0.014574331467153553,-0.037130390220041755,148.0,0.0,,,,
含流動性閘(與①池可比),A(資料不足當不過),驗證年份 2022-2026,6 三閘全不過,3m,False,211,32,1,154,-0.2576923006385033,0.35071090047393366,0.0,0.14218009478672985,16.6471220607926,高,0.41706161137440756,-0.0611474323648202,0.13260042287151735,-0.26534950309188354,0.19834138661386463,2.653133800207923,1.3048502781940015,3.0,0.881773011023642,11.0,1.2738252226768492,0.015903058570587818,-0.03830635403742868,135.0,0.0,,,,
含流動性閘(與①池可比),A(資料不足當不過),驗證年份 2022-2026,6 三閘全不過,6m,False,191,52,1,136,-0.3263888957875743,0.49214659685863876,0.010471204188481676,0.27225130890052357,5.371946352213611,高,0.4083769633507853,-0.0870496251688932,0.12790291801424017,-0.3477425911458186,0.3398278525545681,2.384551198863198,1.8374289377129442,2.0,0.35187960874511165,10.0,1.0146525449652413,0.0837737007926559,-0.001977644873819562,121.0,0.0,,,,
含流動性閘(與①池可比),A(資料不足當不過),驗證年份 2022-2026,6 三閘全不過,12m,False,147,96,1,103,-0.3652173747187075,0.5782312925170068,0.07482993197278912,0.36054421768707484,4.253540808979438,高,0.4557823129251701,-0.0701944688065393,0.21072224646250814,-0.43045665719621695,0.4862482103731567,2.3220232359570274,1.524771520244662,2.0,0.263357513340322,8.0,0.7907266273523509,0.15736802114077497,0.04663660155206792,91.0,0.0,,,,
含流動性閘(與①池可比),A2(資料不足當過閘),全期 2010-2026,0 全部觸發(不分閘),1m,False,9056,88,12,2420,-0.09230702926212235,0.053334805653710245,0.0008833922261484099,0.014686395759717315,2.372351894018505,高,0.48674911660777387,-0.0040461295982659,0.005394003897978275,-0.08261916838653287,0.0755216784075165,1.1598065337439898,0.9815472013426211,91.0,1.484901655176016,453.0,4.146501711314283,-0.0026421108982505968,-0.01786593374894655,3209.0,0.11749116607773852,,,,
含流動性閘(與①池可比),A2(資料不足當過閘),全期 2010-2026,0 全部觸發(不分閘),3m,False,8719,425,12,2347,-0.1495487526333623,0.16297740566578736,0.001835072829452919,0.04438582406239248,16.6471220607926,高,0.4801009290056199,-0.0099130543845968,0.021675039150698842,-0.15167984776655144,0.1399319298492286,1.3432532449697798,1.0226536959276518,88.0,0.8488249223710874,436.0,2.074367389659679,0.0033101345854341987,-0.024512732425143745,3145.0,0.1220323431586191,,,,
含流動性閘(與①池可比),A2(資料不足當過閘),全期 2010-2026,0 全部觸發(不分閘),6m,False,8122,1022,12,2211,-0.2073267793937441,0.2879832553558237,0.006402363949766067,0.11167200196995813,7.487853119910277,高,0.4413937453829106,-0.042958187885457244,0.018204443426792567,-0.23525980234263458,0.17495828315644144,1.4368246950147874,1.0302719686459365,82.0,1.3536810451170387,407.0,3.564006244933468,-0.006504233549513126,-0.049138685996598465,3008.0,0.1310022162029057,,,,
含流動性閘(與①池可比),A2(資料不足當過閘),全期 2010-2026,0 全部觸發(不分閘),12m,False,7440,1704,12,2074,-0.2808988548590375,0.43091397849462365,0.029166666666666667,0.2200268817204301,11.705683397360184,高,0.4452956989247312,-0.057979093768720846,0.041646082794218366,-0.33335779853646563,0.25890722203666433,1.5313258890721428,1.009011690323668,75.0,0.9262586827507859,372.0,2.319909745863699,0.003102310292757041,-0.05786217953382668,2813.0,0.14301075268817204,,,,
含流動性閘(與①池可比),A2(資料不足當過閘),全期 2010-2026,1 過三閘(現行①池),1m,False,2918,27,6,1078,-0.08244089000915655,0.035298149417409184,0.0006854009595613434,0.009252912954078136,0.8506280957372951,高,0.49348869088416725,-0.00198661466397375,0.003793004308700976,-0.07006226662824845,0.07289451628452454,1.1111988725336603,1.0679518016203178,30.0,1.376722967140716,146.0,4.139934798852878,-0.0014437551045619296,-0.012537069333743867,1621.0,0.11583276216586703,,,,
含流動性閘(與①池可比),A2(資料不足當過閘),全期 2010-2026,1 過三閘(現行①池),3m,False,2817,128,6,1051,-0.1308613362314968,0.11963081292154774,0.0010649627263045794,0.025204117855875046,3.644043104313688,高,0.49804756833510827,-0.0011491188897649,0.0167200260028953,-0.131766433133193,0.1346719162979655,1.2246873706272712,1.0294002639632347,29.0,0.6137813548949738,141.0,1.8704757166601629,0.006524755798958972,-0.015321255206034294,1577.0,0.11998580049698261,,,,
含流動性閘(與①池可比),A2(資料不足當過閘),全期 2010-2026,1 過三閘(現行①池),6m,False,2635,310,6,1005,-0.1793721850838068,0.2269449715370019,0.0022770398481973433,0.07020872865275142,3.5697477446936787,高,0.45199240986717265,-0.0309099664830035,0.011752952529856421,-0.1949311185407748,0.16117725632082336,1.3354566040274967,1.0199256602307003,27.0,1.5144355198715658,132.0,4.120366858338423,-0.00610873044664257,-0.0386075647564176,1500.0,0.12827324478178367,,,,
含流動性閘(與①池可比),A2(資料不足當過閘),全期 2010-2026,1 過三閘(現行①池),12m,False,2432,513,6,954,-0.246819981739552,0.3675986842105263,0.013980263157894737,0.1611842105263158,11.705683397360184,高,0.45805921052631576,-0.04231307885176695,0.027617347140990355,-0.2972160277770215,0.2548380790609044,1.3858859827330514,1.0263616721851574,25.0,0.9952930745142549,122.0,2.6494998402372163,0.00013134294877410011,-0.04796073471113128,1401.0,0.13898026315789475,,,,
含流動性閘(與①池可比),A2(資料不足當過閘),全期 2010-2026,2 只不過負債閘,1m,False,3210,22,2,1077,-0.0818789650518046,0.055763239875389406,0.0006230529595015577,0.019314641744548288,1.7398342065474424,高,0.5024922118380062,0.00053356370517775,0.0010554853506859097,-0.07460715859922225,0.0682919710313392,1.011455350367543,0.9036658709170484,33.0,5.698572352901645,161.0,16.08866594547308,-0.0050107870517084934,-0.016766818442950807,1799.0,0.15233644859813084,,,,
含流動性閘(與①池可比),A2(資料不足當過閘),全期 2010-2026,2 只不過負債閘,3m,False,3106,126,2,1057,-0.13371533275002614,0.13425627817128138,0.00128783000643915,0.037025112685125566,1.8689694140634647,高,0.5,3.951667467675e-05,0.016129909908369232,-0.1239151397522863,0.13493089255924828,1.2117941037651658,1.0892994408302745,32.0,0.6328009098301762,156.0,1.9299395502451255,0.005984544854381243,-0.015793053105292297,1761.0,0.1574372182871861,,,,
含流動性閘(與①池可比),A2(資料不足當過閘),全期 2010-2026,2 只不過負債閘,6m,False,2885,347,2,1007,-0.1860531224894219,0.24124783362218372,0.0034662045060658577,0.08353552859618718,4.383040245156447,高,0.4461005199306759,-0.0329575656287773,0.008072556794127578,-0.200314698402189,0.1600713822263342,1.3277552731814424,1.0821665299903782,29.0,2.1197357903317853,145.0,5.924415404819226,-0.009130914652659994,-0.04185632023759586,1672.0,0.16949740034662045,,,,
含流動性閘(與①池可比),A2(資料不足當過閘),全期 2010-2026,2 只不過負債閘,12m,False,2663,569,2,965,-0.2536242302840127,0.3781449493052948,0.01952684941794968,0.17574164476154713,9.355625301048798,高,0.4558768306421329,-0.043436813416181,0.026660671763344804,-0.2721979212341905,0.24045257163114414,1.3967063970047586,1.0556298977299166,27.0,1.1046098866177578,134.0,2.730098209996932,-0.002817536688692557,-0.048569561430760896,1556.0,0.1836274877957191,,,,
含流動性閘(與①池可比),A2(資料不足當過閘),全期 2010-2026,3 只不過現金流閘,1m,False,1224,10,1,482,-0.11639571730058626,0.05718954248366013,0.0024509803921568627,0.010620915032679739,1.286506624401238,高,0.46078431372549017,-0.012049445219900999,0.005994421452499181,-0.1040716233301365,0.09165203850568784,1.276261848511934,1.0811736219838801,13.0,1.4914437540945253,62.0,4.599075376655884,-0.0029775452372113142,-0.02272550307049297,542.0,0.05555555555555555,,,,
含流動性閘(與①池可比),A2(資料不足當過閘),全期 2010-2026,3 只不過現金流閘,3m,False,1173,61,1,463,-0.1969231092012845,0.236999147485081,0.005115089514066497,0.0639386189258312,2.005349016365627,高,0.4219948849104859,-0.0456185407093422,-0.012425951276490373,-0.2150380445406602,0.1310877745926111,1.2306176381870737,0.909755141261418,12.0,-1.1876689753146081,59.0,-3.5468364942030415,-0.027464838309231104,-0.05949107336715054,524.0,0.057971014492753624,,,,
含流動性閘(與①池可比),A2(資料不足當過閘),全期 2010-2026,3 只不過現金流閘,6m,False,1094,140,1,424,-0.28429334989796373,0.42413162705667273,0.02010968921389397,0.1956124314442413,5.701597369111421,高,0.3976234003656307,-0.10332444574400175,-0.020271258076652397,-0.3412222501039308,0.17995036260206942,1.3532271498772996,0.9624071511348702,11.0,-1.5168346025979997,55.0,-3.83873885954618,-0.05153760638916999,-0.10327962720019412,502.0,0.062157221206581355,,,,
含流動性閘(與①池可比),A2(資料不足當過閘),全期 2010-2026,3 只不過現金流閘,12m,False,1005,229,1,389,-0.4060494858200603,0.6109452736318408,0.07263681592039802,0.37910447761194027,7.160865750051727,高,0.37213930348258706,-0.1783868759524833,-0.026808664729532847,-0.4954656800578528,0.225418354595235,1.5168776409061344,0.9044052830636206,11.0,-1.7196429795318118,51.0,-4.365363255713781,-0.07371684789377021,-0.15152768951567974,459.0,0.06766169154228856,,,,
含流動性閘(與①池可比),A2(資料不足當過閘),全期 2010-2026,4 只不過市值閘,1m,False,330,1,0,210,-0.10424080427317814,0.045454545454545456,0.0,0.012121212121212121,1.661651513551652,高,0.503030303030303,0.00028161800280910004,0.036880671383595874,-0.08885062978118541,0.09176272604918337,1.6500788106682653,1.0272682072175081,4.0,0.4522502993233011,17.0,1.0766696807752534,0.02044924636401752,-0.0029812066120764153,300.0,0.11515151515151516,,,,
含流動性閘(與①池可比),A2(資料不足當過閘),全期 2010-2026,4 只不過市值閘,3m,False,318,13,0,201,-0.17282900915010574,0.18867924528301888,0.0,0.0440251572327044,2.5657186350808536,高,0.44025157232704404,-0.043749376469887746,0.043691208336566305,-0.20220803902782933,0.15786722369244413,1.7766474867377804,1.1729591601967255,4.0,0.602764558687296,16.0,1.6157520412358346,0.017576788099265814,-0.028328272609608154,291.0,0.11949685534591195,,,,
含流動性閘(與①池可比),A2(資料不足當過閘),全期 2010-2026,4 只不過市值閘,6m,False,292,39,0,187,-0.24934587703418148,0.3595890410958904,0.0,0.13013698630136986,4.480743596090268,高,0.386986301369863,-0.1111792632224229,0.031067337267524017,-0.28360032019102016,0.1843857051051845,1.888376772655675,1.2065094849439293,3.0,0.9392042986793061,15.0,2.7536781794850085,0.0019083670683215715,-0.0574324063052037,269.0,0.13013698630136986,,,,
含流動性閘(與①池可比),A2(資料不足當過閘),全期 2010-2026,4 只不過市值閘,12m,False,267,64,0,173,-0.3242535960906847,0.4943820224719101,0.02247191011235955,0.25842696629213485,8.63523726688489,高,0.4419475655430712,-0.0795428626188021,0.1580562227624141,-0.41636005435954837,0.35811446698491445,2.2364465672569502,1.2654167328201413,3.0,0.48898529516371236,14.0,1.08929400186925,0.08168688418181985,-0.014894455327122176,247.0,0.14232209737827714,,,,
含流動性閘(與①池可比),A2(資料不足當過閘),全期 2010-2026,4a 只不過市值閘(1 億至 5 億),1m,False,313,1,0,200,-0.1042345082088606,0.04153354632587859,0.0,0.009584664536741214,1.661651513551652,高,0.4952076677316294,-0.0026374540203295,0.03343252244555976,-0.0897207883977034,0.0909016961257875,1.6374319580848964,1.0271814489692057,4.0,0.5232212839521106,16.0,1.156447982900337,0.016146257069212758,-0.0055122258217570035,284.0,0.11501597444089456,,,,
含流動性閘(與①池可比),A2(資料不足當過閘),全期 2010-2026,4a 只不過市值閘(1 億至 5 億),3m,False,302,12,0,192,-0.17294551930426566,0.19205298013245034,0.0,0.039735099337748346,2.280974557864144,高,0.4337748344370861,-0.0455571027710453,0.03637210358817405,-0.20408082801806682,0.1542474300127205,1.7314612831358975,1.1561973655424072,4.0,0.6692772497565491,16.0,1.8826762202947642,0.012190546320496072,-0.033900863138645064,275.0,0.11920529801324503,,,,
含流動性閘(與①池可比),A2(資料不足當過閘),全期 2010-2026,4a 只不過市值閘(1 億至 5 億),6m,False,277,37,0,178,-0.2521008729726176,0.36101083032490977,0.0,0.1263537906137184,2.143407308163734,高,0.3862815884476534,-0.1027932151867333,0.013619262547823228,-0.2843132989731169,0.171319990420468,1.722664737028018,1.1458486668556749,3.0,1.551867457925386,14.0,5.300751744003828,-0.007598320076279997,-0.061691025101989795,254.0,0.1299638989169675,,,,
含流動性閘(與①池可比),A2(資料不足當過閘),全期 2010-2026,4a 只不過市值閘(1 億至 5 億),12m,False,252,62,0,164,-0.3232077270626941,0.4880952380952381,0.01984126984126984,0.24206349206349206,8.63523726688489,高,0.4365079365079365,-0.0810361340770725,0.13984013221077485,-0.40113306835559887,0.35698161097437103,2.1828983945254046,1.3014863188703931,3.0,0.48843786091503766,13.0,1.1117251499196967,0.07239880773190491,-0.016473482232141547,232.0,0.14285714285714285,,,,
含流動性閘(與①池可比),A2(資料不足當過閘),全期 2010-2026,4b 只不過市值閘(低於 1 億),1m,False,17,0,0,14,-0.1169124497787645,0.11764705882352941,0.0,0.058823529411764705,0.8640009799623509,"低(樣本不足,只報樣本數)",,,,,,,,,,,,,,,,,,,
含流動性閘(與①池可比),A2(資料不足當過閘),全期 2010-2026,4b 只不過市值閘(低於 1 億),3m,False,16,1,0,13,-0.15397812667899655,0.125,0.0,0.125,2.5657186350808536,"低(樣本不足,只報樣本數)",,,,,,,,,,,,,,,,,,,
含流動性閘(與①池可比),A2(資料不足當過閘),全期 2010-2026,4b 只不過市值閘(低於 1 億),6m,False,15,2,0,12,-0.1888488608518941,0.3333333333333333,0.0,0.2,4.480743596090268,"低(樣本不足,只報樣本數)",,,,,,,,,,,,,,,,,,,
含流動性閘(與①池可比),A2(資料不足當過閘),全期 2010-2026,4b 只不過市值閘(低於 1 億),12m,False,15,2,0,12,-0.5054180453522987,0.6,0.06666666666666667,0.5333333333333333,6.633764091673658,"低(樣本不足,只報樣本數)",,,,,,,,,,,,,,,,,,,
含流動性閘(與①池可比),A2(資料不足當過閘),全期 2010-2026,5 不過兩閘(補完),1m,False,1227,26,3,670,-0.1273858774369445,0.08312958435207823,0.0008149959250203749,0.019559902200488997,2.372351894018505,高,0.45232273838630804,-0.0221185052179555,0.009458506864907524,-0.11378804598643061,0.09209377776469695,1.3711581019844916,1.0066381364897918,13.0,1.2760066159733459,62.0,3.52347500152244,-0.002638565938282551,-0.02513855021654141,721.0,0.097799511002445,,,,
含流動性閘(與①池可比),A2(資料不足當過閘),全期 2010-2026,5 不過兩閘(補完),3m,False,1164,89,3,628,-0.20027335309169536,0.24570446735395188,0.002577319587628866,0.08075601374570447,8.563105696593869,高,0.4587628865979381,-0.02878866726327945,0.058230263913216715,-0.1936354880626057,0.18337647401917145,1.782493645517501,1.1827406210239686,12.0,0.5550700723747931,59.0,1.3305578183421751,0.026178266140884476,-0.020276215309273565,696.0,0.10309278350515463,,,,
含流動性閘(與①池可比),A2(資料不足當過閘),全期 2010-2026,5 不過兩閘(補完),6m,False,1081,172,3,588,-0.266886378349614,0.3885291396854764,0.012025901942645698,0.18316373728029603,7.487853119910277,高,0.4606845513413506,-0.0341965604772681,0.08275026947393722,-0.2765078607504547,0.2651149553819556,1.7811973932446963,1.1512554328952853,11.0,0.47474584353584237,55.0,1.2234604566827139,0.04391175864661826,-0.019482668090499044,653.0,0.11100832562442182,,,,
含流動性閘(與①池可比),A2(資料不足當過閘),全期 2010-2026,5 不過兩閘(補完),12m,False,957,296,3,526,-0.352046802542016,0.5245559038662487,0.050156739811912224,0.3019853709508882,8.614873204074891,高,0.4535005224660397,-0.0498302373441325,0.12467079936427869,-0.3995751215050932,0.371678315556573,1.9285600953727369,1.1557954916148818,10.0,0.4428179635435398,48.0,1.146102009586818,0.07019784972730361,-0.019176484255211915,596.0,0.12539184952978055,,,,
含流動性閘(與①池可比),A2(資料不足當過閘),全期 2010-2026,6 三閘全不過,1m,False,147,2,0,101,-0.1338503142093741,0.09523809523809523,0.0,0.02040816326530612,1.2535425679632866,高,0.47619047619047616,-0.0153992800150029,0.022303560638863084,-0.12649983783014235,0.12434168690317576,1.4211487069459128,1.1032944951577446,2.0,0.6439290316953976,8.0,1.628554231015797,0.008051190439297232,-0.014825846177858946,137.0,0.07482993197278912,,,,
含流動性閘(與①池可比),A2(資料不足當過閘),全期 2010-2026,6 三閘全不過,3m,False,141,8,0,98,-0.2075471924451002,0.3049645390070922,0.0,0.1276595744680851,16.6471220607926,高,0.4326241134751773,-0.053554958526985,0.1750827115652706,-0.2219908730897111,0.2628250527987783,2.9807915492992922,1.5051431209300312,2.0,0.8021570514176549,8.0,1.1309438004103671,0.03513728105153253,-0.02430500289496031,131.0,0.07801418439716312,,,,
含流動性閘(與①池可比),A2(資料不足當過閘),全期 2010-2026,6 三閘全不過,6m,False,135,14,0,94,-0.258823555811053,0.4148148148148148,0.007407407407407408,0.22962962962962963,3.194321501805022,高,0.45185185185185184,-0.0531169448551822,0.12777915405625237,-0.33134916032554346,0.34706552866854024,2.050120320023525,1.3946227799411024,2.0,0.31638571795031745,7.0,0.8211387981929515,0.08866521337778877,0.024104601274629302,125.0,0.08148148148148149,,,,
含流動性閘(與①池可比),A2(資料不足當過閘),全期 2010-2026,6 三閘全不過,12m,False,116,33,0,79,-0.3125701552592526,0.49137931034482757,0.034482758620689655,0.3275862068965517,3.904266355596894,高,0.5086206896551724,0.028974830473213,0.3199641415543979,-0.36069442639844956,0.8223268751088489,2.6070651078460636,2.1742415970094147,2.0,0.19479062352288445,6.0,0.46500005375941,0.26215809405493035,0.18051793299582047,107.0,0.09482758620689655,,,,
含流動性閘(與①池可比),A2(資料不足當過閘),建表年份 2010-2021,0 全部觸發(不分閘),1m,False,3609,0,0,1443,-0.0997517848331576,0.08174009420892214,0.0013854253255749516,0.028539761706844,2.372351894018505,高,0.48960931005818786,-0.0030269817649062,0.0002753201718891614,-0.0800114260763978,0.0701884130243448,1.0476895662100687,0.9122092057613589,37.0,26.538271441736015,181.0,74.26187246917421,-0.007104032875328882,-0.021235481621346478,1634.0,0.2948185092823497,,,,
含流動性閘(與①池可比),A2(資料不足當過閘),建表年份 2010-2021,0 全部觸發(不分閘),3m,False,3609,0,0,1443,-0.1488739582124624,0.17761152673870878,0.0024937655860349127,0.05791077860903297,8.563105696593869,高,0.49598226655583266,-0.0020253182664462,0.028706584151124266,-0.1360368312449394,0.1403217495838951,1.3657847696300984,1.0546409333147702,37.0,0.653811652826942,181.0,1.5490288232419243,0.010040824937633142,-0.01659291665573961,1634.0,0.2948185092823497,,,,
含流動性閘(與①池可比),A2(資料不足當過閘),建表年份 2010-2021,0 全部觸發(不分閘),6m,False,3609,0,0,1443,-0.1982071492708333,0.28234968135217514,0.00831255195344971,0.1172069825436409,7.487853119910277,高,0.47215295095594345,-0.0209114282643986,0.036311401394940504,-0.2012262791008697,0.1961500459809624,1.453961219141282,1.1224688548041644,37.0,0.6708256870388627,181.0,1.7109730070408509,0.012076591604162879,-0.027179545594754453,1634.0,0.2948185092823497,,,,
含流動性閘(與①池可比),A2(資料不足當過閘),建表年份 2010-2021,0 全部觸發(不分閘),12m,False,3609,0,0,1443,-0.2771955093808063,0.4311443613189249,0.03380437794402882,0.23496813521751178,11.705683397360184,高,0.48960931005818786,-0.0130361950227181,0.0787353769514054,-0.2886716967529814,0.3071682774190043,1.5490092037823526,1.128759575999249,37.0,0.4882533858297122,181.0,1.196556021412841,0.04070992674026421,-0.01629304783803173,1634.0,0.2948185092823497,,,,
含流動性閘(與①池可比),A2(資料不足當過閘),建表年份 2010-2021,1 過三閘(現行①池),1m,False,1255,0,0,638,-0.0880985108686154,0.05657370517928287,0.0015936254980079682,0.018326693227091632,0.7289663457738649,高,0.5043824701195219,0.000827829429691,0.0023348306857932763,-0.06841656352902975,0.07205915448260135,1.0316167284427424,1.0396445439701654,13.0,2.24990683518937,63.0,6.739908717272092,-0.002948866864448106,-0.014110027125383978,791.0,0.2693227091633466,,,,
含流動性閘(與①池可比),A2(資料不足當過閘),建表年份 2010-2021,1 過三閘(現行①池),3m,False,1255,0,0,638,-0.1324888072899116,0.13306772908366535,0.002390438247011952,0.03824701195219123,3.644043104313688,高,0.500398406374502,0.0002405544779473,0.02386906895049172,-0.12340943016962876,0.1387773982281427,1.3189756318801,1.1222780919542408,13.0,0.46507938849475816,63.0,1.3720763762925805,0.012901700067324934,-0.009350504558828677,791.0,0.2693227091633466,,,,
含流動性閘(與①池可比),A2(資料不足當過閘),建表年份 2010-2021,1 過三閘(現行①池),6m,False,1255,0,0,638,-0.1726002546616033,0.23745019920318725,0.00398406374501992,0.08605577689243028,3.5697477446936787,高,0.47649402390438245,-0.0144888492500895,0.022533248092840893,-0.18436069673925015,0.1697983327462694,1.3262614871591731,1.019502260853792,13.0,0.7866466516496363,63.0,2.0902733473343256,0.004857864437939121,-0.025865844613878374,791.0,0.2693227091633466,,,,
含流動性閘(與①池可比),A2(資料不足當過閘),建表年份 2010-2021,1 過三閘(現行①池),12m,False,1255,0,0,638,-0.2521294934792724,0.3880478087649402,0.0199203187250996,0.1888446215139442,11.705683397360184,高,0.501195219123506,0.0016638724730315,0.06784083326750985,-0.26848028811918334,0.30289111773230093,1.4513730545682884,1.118752645656008,13.0,0.4728883670625533,63.0,1.173577887281377,0.036133988700773015,-0.012398040251701384,791.0,0.2693227091633466,,,,
含流動性閘(與①池可比),A2(資料不足當過閘),建表年份 2010-2021,2 只不過負債閘,1m,False,1355,0,0,655,-0.0933333313782295,0.10848708487084871,0.0014760147601476014,0.045018450184501846,0.6992899066469445,高,0.4944649446494465,-0.0021704202353416,-0.005696236912955019,-0.0769347558493768,0.06569785536958836,0.9166464337761367,0.8923799486768991,14.0,-1.0038166774903627,68.0,-2.891518322123058,-0.011533378584288954,-0.023338227642081655,858.0,0.36088560885608856,,,,
含流動性閘(與①池可比),A2(資料不足當過閘),建表年份 2010-2021,2 只不過負債閘,3m,False,1355,0,0,655,-0.1409710103653186,0.1793357933579336,0.002952029520295203,0.07084870848708487,1.8689694140634647,高,0.5380073800738008,0.0159976187725736,0.030227378628196248,-0.1082413278623372,0.14089861851356938,1.225989819712499,1.061762351004725,14.0,0.3881438240494474,68.0,1.1075429165358048,0.018687893543400513,-0.003422496751445774,858.0,0.36088560885608856,,,,
含流動性閘(與①池可比),A2(資料不足當過閘),建表年份 2010-2021,2 只不過負債閘,6m,False,1355,0,0,655,-0.1816261992644983,0.24870848708487084,0.006642066420664207,0.1077490774907749,4.383040245156447,高,0.5011070110701107,0.0016329594331148,0.047686658322782176,-0.16405169593591296,0.19935267400318746,1.4692711562600753,1.2144566551660314,14.0,0.42129765517101664,68.0,1.1074100912092724,0.027884486382813774,-0.00539265607885425,858.0,0.36088560885608856,,,,
含流動性閘(與①池可比),A2(資料不足當過閘),建表年份 2010-2021,2 只不過負債閘,12m,False,1355,0,0,655,-0.2434715700912594,0.37859778597785976,0.025830258302583026,0.1977859778597786,7.670001350347471,高,0.5321033210332103,0.0306912037999289,0.09968679048737268,-0.1944521638456209,0.30639795123942737,1.5924966108818515,1.3169581190758397,14.0,0.28843339973481497,68.0,0.7570407825652135,0.07167433725644777,0.025499504537928347,858.0,0.36088560885608856,,,,
含流動性閘(與①池可比),A2(資料不足當過閘),建表年份 2010-2021,3 只不過現金流閘,1m,False,418,0,0,224,-0.11800395916029946,0.05741626794258373,0.0,0.007177033492822967,0.7350926720996616,高,0.430622009569378,-0.0126859061595635,-0.0117584551664801,-0.10378166931877746,0.0655730270870912,1.0808113820403897,0.9146485946804007,5.0,-0.6044172403880828,21.0,-1.723751279935443,-0.019093863688092384,-0.033721236411791485,214.0,0.16267942583732056,,,,
含流動性閘(與①池可比),A2(資料不足當過閘),建表年份 2010-2021,3 只不過現金流閘,3m,False,418,0,0,224,-0.1860905497119765,0.22966507177033493,0.0023923444976076554,0.05502392344497608,1.6762668609762827,高,0.4019138755980861,-0.06148947448304325,-0.03311227139248743,-0.21861420141380752,0.0946644000186848,1.092904411967359,0.8478080429478129,5.0,-0.45867633785432477,21.0,-1.1362378463251,-0.048884833586062486,-0.07447737355779188,214.0,0.16267942583732056,,,,
含流動性閘(與①池可比),A2(資料不足當過閘),建表年份 2010-2021,3 只不過現金流閘,6m,False,418,0,0,224,-0.2888100436653468,0.42822966507177035,0.023923444976076555,0.19856459330143542,1.838704060599856,高,0.37799043062200954,-0.1175989696220669,-0.06305969564286633,-0.34052334026558817,0.15075737914567042,1.1202127278013698,0.9061841066567633,5.0,-0.31152147994871476,21.0,-0.8559110139113993,-0.08370540619429222,-0.12322385586194826,214.0,0.16267942583732056,,,,
含流動性閘(與①池可比),A2(資料不足當過閘),建表年份 2010-2021,3 只不過現金流閘,12m,False,418,0,0,224,-0.4301585044981005,0.6267942583732058,0.09090909090909091,0.41866028708133973,6.508599321119126,高,0.30861244019138756,-0.262109691391557,-0.11879148856145762,-0.5377441892582386,0.15305804472127205,1.3502178332897343,0.8923600063730844,5.0,-0.33217268681870793,21.0,-0.7610083750715523,-0.16016664545285786,-0.22025842068002097,214.0,0.16267942583732056,,,,
含流動性閘(與①池可比),A2(資料不足當過閘),建表年份 2010-2021,4 只不過市值閘,1m,False,137,0,0,99,-0.1116279619071445,0.0364963503649635,0.0,0.021897810218978103,0.8640009799623509,高,0.5036496350364964,0.0022718678711455,0.0381075744658399,-0.0839051929448992,0.0914368322613154,1.7192635684538495,1.069775944756891,2.0,0.30656146394033135,7.0,0.8301086847133702,0.026816745993345388,0.006822753807143908,127.0,0.2773722627737226,,,,
含流動性閘(與①池可比),A2(資料不足當過閘),建表年份 2010-2021,4 只不過市值閘,3m,False,137,0,0,99,-0.1744022819507884,0.15328467153284672,0.0,0.051094890510948905,2.5657186350808536,高,0.45255474452554745,-0.0157805788114706,0.08370757468430583,-0.1479518064160486,0.1744694558551105,2.299031601848233,1.491991754528625,2.0,0.375751952969157,7.0,0.8863563700035078,0.053028427648268074,0.010025062095459976,127.0,0.2773722627737226,,,,
含流動性閘(與①池可比),A2(資料不足當過閘),建表年份 2010-2021,4 只不過市值閘,6m,False,137,0,0,99,-0.2358276536366162,0.31386861313868614,0.0,0.11678832116788321,4.480743596090268,高,0.4306569343065693,-0.0829988687740097,0.11345217695430564,-0.2620393711698455,0.3101585113029692,2.3650234848866294,1.5553670621985072,2.0,0.4261836815514167,7.0,0.9162033565339741,0.06606516547026568,0.010018822248521285,127.0,0.2773722627737226,,,,
含流動性閘(與①池可比),A2(資料不足當過閘),建表年份 2010-2021,4 只不過市值閘,12m,False,137,0,0,99,-0.3242535960906847,0.48905109489051096,0.021897810218978103,0.26277372262773724,8.63523726688489,高,0.48175182481751827,-0.0387533277688579,0.22087683533216768,-0.376090616375168,0.4612307044062333,2.3674966925256875,1.2747736843589448,2.0,0.5045914592782096,7.0,0.8225006738763554,0.11104537097739574,0.04131655424312515,127.0,0.2773722627737226,,,,
含流動性閘(與①池可比),A2(資料不足當過閘),建表年份 2010-2021,4a 只不過市值閘(1 億至 5 億),1m,False,128,0,0,93,-0.11154481134816474,0.03125,0.0,0.015625,0.7364760127560899,高,0.484375,-0.005417700608436601,0.032457338741388515,-0.0846890370838968,0.08670274082036115,1.7351072140627126,1.09439613959539,2.0,0.3207549462833573,7.0,0.9481816169443392,0.022396431031765036,0.0017791860489188534,118.0,0.28125,,,,
含流動性閘(與①池可比),A2(資料不足當過閘),建表年份 2010-2021,4a 只不過市值閘(1 億至 5 億),3m,False,128,0,0,93,-0.17708369860764905,0.15625,0.0,0.046875,1.7433813641528555,高,0.4375,-0.023501741131006802,0.06906537518456035,-0.15180895324216523,0.17591449098319925,2.2145717551413195,1.8994781193137071,2.0,0.3469758883714953,7.0,0.9611884869502612,0.0458172498023486,0.002835603792672451,118.0,0.28125,,,,
含流動性閘(與①池可比),A2(資料不足當過閘),建表年份 2010-2021,4a 只不過市值閘(1 億至 5 億),6m,False,128,0,0,93,-0.23810611344717214,0.3125,0.0,0.1171875,2.143407308163734,高,0.4296875,-0.08193506044086996,0.08574708762785715,-0.27271052314660127,0.3118067209806178,2.116770363308355,1.5481230424258803,2.0,0.36803370993310325,7.0,0.9973150295406698,0.055049415976856364,0.00024354739544265114,118.0,0.28125,,,,
含流動性閘(與①池可比),A2(資料不足當過閘),建表年份 2010-2021,4a 只不過市值閘(1 億至 5 億),12m,False,128,0,0,93,-0.31505698683268435,0.4765625,0.015625,0.2421875,8.63523726688489,高,0.484375,-0.0299927847595971,0.19768643730837782,-0.3587155889801815,0.46258184265691166,2.2580444849328947,1.3642537394379493,2.0,0.454605913506538,7.0,0.7803852306178886,0.10952839506077439,0.04592646488801391,118.0,0.28125,,,,
含流動性閘(與①池可比),A2(資料不足當過閘),建表年份 2010-2021,4b 只不過市值閘(低於 1 億),1m,False,9,0,0,9,-0.1169124497787645,0.1111111111111111,0.0,0.1111111111111111,0.8640009799623509,"低(樣本不足,只報樣本數)",,,,,,,,,,,,,,,,,,,
含流動性閘(與①池可比),A2(資料不足當過閘),建表年份 2010-2021,4b 只不過市值閘(低於 1 億),3m,False,9,0,0,9,-0.1472867780075303,0.1111111111111111,0.0,0.1111111111111111,2.5657186350808536,"低(樣本不足,只報樣本數)",,,,,,,,,,,,,,,,,,,
含流動性閘(與①池可比),A2(資料不足當過閘),建表年份 2010-2021,4b 只不過市值閘(低於 1 億),6m,False,9,0,0,9,-0.1888488608518941,0.3333333333333333,0.0,0.1111111111111111,4.480743596090268,"低(樣本不足,只報樣本數)",,,,,,,,,,,,,,,,,,,
含流動性閘(與①池可比),A2(資料不足當過閘),建表年份 2010-2021,4b 只不過市值閘(低於 1 億),12m,False,9,0,0,9,-0.5384615124676808,0.6666666666666666,0.1111111111111111,0.5555555555555556,6.633764091673658,"低(樣本不足,只報樣本數)",,,,,,,,,,,,,,,,,,,
含流動性閘(與①池可比),A2(資料不足當過閘),建表年份 2010-2021,5 不過兩閘(補完),1m,False,394,0,0,269,-0.12892168951839425,0.1065989847715736,0.0025380710659898475,0.030456852791878174,2.372351894018505,高,0.4720812182741117,-0.013037832808177,0.009734916212800135,-0.11482702541952489,0.07926763991164748,1.2757251480954472,0.7807874648117764,4.0,1.4749424791092822,20.0,3.75520099349862,-0.004670946011721027,-0.02825596369926819,286.0,0.30456852791878175,,,,
含流動性閘(與①池可比),A2(資料不足當過閘),建表年份 2010-2021,5 不過兩閘(補完),3m,False,394,0,0,269,-0.18725041399315656,0.2639593908629442,0.0025380710659898475,0.07868020304568528,8.563105696593869,高,0.4619289340101523,-0.0305497667840157,0.08703291115383593,-0.18528977656429324,0.16246176675711332,2.11933487341466,1.1250771495591443,4.0,0.5514481468442695,20.0,1.1864768981426985,0.0394391712613716,-0.017097521816761427,286.0,0.30456852791878175,,,,
含流動性閘(與①池可比),A2(資料不足當過閘),建表年份 2010-2021,5 不過兩閘(補完),6m,False,394,0,0,269,-0.24593564755835656,0.36548223350253806,0.012690355329949238,0.16243654822335024,7.487853119910277,高,0.46954314720812185,-0.02362768848779435,0.10397807615013797,-0.2256973795855977,0.2649188781556787,1.983215691682514,1.3137270107897312,4.0,0.46366595470620553,20.0,1.0484966912947868,0.05633895125171048,-0.00531225002200203,286.0,0.30456852791878175,,,,
含流動性閘(與①池可比),A2(資料不足當過閘),建表年份 2010-2021,5 不過兩閘(補完),12m,False,394,0,0,269,-0.3344390692290241,0.5126903553299492,0.050761421319796954,0.2969543147208122,6.000356724088963,高,0.49238578680203043,-0.00799682122664225,0.1640489207957756,-0.3580297222683935,0.41228731132686797,1.930053694600679,1.2133292140562926,4.0,0.3045498106075215,20.0,0.8817842777185271,0.1152579848630749,0.020430229129891106,286.0,0.30456852791878175,,,,
含流動性閘(與①池可比),A2(資料不足當過閘),建表年份 2010-2021,6 三閘全不過,1m,False,50,0,0,40,-0.13640052706793085,0.12,0.0,0.02,0.6003441652726349,中,0.58,0.018576891563222002,0.03281117153313658,-0.09456777012163535,0.13069884046425678,1.1303896031543283,0.7798108439136345,1.0,0.36593887826671284,3.0,0.8676975522590884,0.02122886553845293,0.004618083305405197,47.0,0.22,,,,
含流動性閘(與①池可比),A2(資料不足當過閘),建表年份 2010-2021,6 三閘全不過,3m,False,50,0,0,40,-0.19621090986140724,0.2,0.0,0.08,0.7937655419583793,中,0.42,-0.0610011601171904,0.015406146860658722,-0.16230788139415123,0.19047473373332113,1.5778928718874488,1.7423375711004994,1.0,1.0304530381770491,3.0,2.660840177432681,-0.0004787387535804759,-0.02722036987830891,47.0,0.22,,,,
含流動性閘(與①池可比),A2(資料不足當過閘),建表年份 2010-2021,6 三閘全不過,6m,False,50,0,0,40,-0.22188903029027118,0.36,0.02,0.12,1.7790592232843698,中,0.5,0.020046760703106202,0.16003683566558013,-0.27625887575889857,0.35403335154523863,2.1086199508629515,1.2246289109522523,1.0,0.22233121717077292,3.0,0.627675877370731,0.1269955624488702,0.06338890896548045,47.0,0.22,,,,
含流動性閘(與①池可比),A2(資料不足當過閘),建表年份 2010-2021,6 三閘全不過,12m,False,50,0,0,40,-0.31432103873802875,0.5,0.02,0.3,3.325551342451199,中,0.56,0.09876622857047046,0.37399139082307925,-0.2930110653144899,0.8971203726632863,2.5871389932322755,2.1888989636291227,1.0,0.17784106394173055,3.0,0.44231904906581715,0.3137554734429135,0.22188071752703448,47.0,0.22,,,,
含流動性閘(與①池可比),A2(資料不足當過閘),驗證年份 2022-2026,0 全部觸發(不分閘),1m,False,5447,88,12,2079,-0.0889223529615023,0.03451441160271709,0.0005507618872774004,0.005507618872774004,1.7398342065474424,高,0.4848540480998715,-0.0044859963437546,0.008785472516934694,-0.08467158078822659,0.0796722445585178,1.2369714193084718,1.0242978998408097,55.0,0.9719327449530658,273.0,2.6879845549929433,0.0002490993288089719,-0.015612215736636709,1575.0,0.0,,,,
含流動性閘(與①池可比),A2(資料不足當過閘),驗證年份 2022-2026,0 全部觸發(不分閘),3m,False,5110,425,12,1988,-0.14978358854961898,0.15264187866927592,0.0013698630136986301,0.034833659491193734,16.6471220607926,高,0.4688845401174168,-0.01655057768482255,0.016708924491885657,-0.1611995090177815,0.1393489083172416,1.3321839005776674,1.001324644013847,52.0,1.097322913698926,256.0,2.7152462055139335,-0.00164287936248007,-0.03017144371471987,1511.0,0.0,,,,
含流動性閘(與①池可比),A2(資料不足當過閘),驗證年份 2022-2026,0 全部觸發(不分閘),6m,False,4513,1022,12,1815,-0.2166457690603639,0.2924883669399512,0.004874806115665854,0.1072457345446488,5.701597369111421,高,0.4167959228894305,-0.0591339902149948,0.00372449410105671,-0.2585369976734315,0.1580080264866543,1.4350817592153469,0.9634361472307624,46.0,6.75265323136933,226.0,18.008688256155548,-0.021646359528722427,-0.06668834842860633,1374.0,0.0,,,,
含流動性閘(與①池可比),A2(資料不足當過閘),驗證年份 2022-2026,0 全部觸發(不分閘),12m,False,3831,1704,12,1646,-0.2850581546177719,0.4306969459671104,0.024797702949621508,0.20595144870790916,9.355625301048798,高,0.4035499869485774,-0.1023034888233429,0.006706050788661597,-0.3669390963468861,0.2010544233523767,1.5275417546112902,0.918678238512031,39.0,5.819355087917123,192.0,14.77001163849741,-0.03265123312095657,-0.09721454368532831,1179.0,0.0,,,,
含流動性閘(與①池可比),A2(資料不足當過閘),驗證年份 2022-2026,1 過三閘(現行①池),1m,False,1663,27,6,813,-0.0783376413965906,0.019242333132892364,0.0,0.0024052916416115455,0.8506280957372951,高,0.48526758869512926,-0.0036352234091908,0.0048934299832344465,-0.0715113893586786,0.07297477648901951,1.1755361239373532,1.0949111442814645,17.0,1.0572290165931288,84.0,3.226316009215069,-0.00028293852176922737,-0.01147388009744801,830.0,0.0,,,,
含流動性閘(與①池可比),A2(資料不足當過閘),驗證年份 2022-2026,1 過三閘(現行①池),3m,False,1562,128,6,783,-0.12943269431107604,0.1088348271446863,0.0,0.0147247119078105,1.5379776085719985,高,0.49615877080665816,-0.00246444671593555,0.010976076643590878,-0.1362256529304161,0.12869068265134911,1.1540867444571064,0.9702457435878812,16.0,0.8734112864974218,79.0,2.759266944101815,0.001403827213820883,-0.020338492143645304,786.0,0.0,,,,
含流動性閘(與①池可比),A2(資料不足當過閘),驗證年份 2022-2026,1 過三閘(現行①池),6m,False,1380,310,6,722,-0.1833479074910098,0.21739130434782608,0.0007246376811594203,0.05579710144927536,3.397946482669285,高,0.42971014492753623,-0.04413448434562805,0.0019491330142437338,-0.21028606959055637,0.15237398943991678,1.3483128015158015,1.017133663191968,14.0,9.087524913394303,69.0,25.460373373307068,-0.015925222035766785,-0.050185811876464405,709.0,0.0,,,,
含流動性閘(與①池可比),A2(資料不足當過閘),驗證年份 2022-2026,1 過三閘(現行①池),12m,False,1177,513,6,652,-0.2399487702750226,0.34579439252336447,0.0076465590484282074,0.13169073916737467,3.061586771067589,高,0.41206457094307564,-0.092789048745971,-0.01527175658779635,-0.3169617334227617,0.1904158042640149,1.3023965707513863,0.9353184100202808,12.0,-1.4791348010789025,59.0,-4.253130917472347,-0.03825072513493121,-0.08445821081445647,610.0,0.0,,,,
含流動性閘(與①池可比),A2(資料不足當過閘),驗證年份 2022-2026,2 只不過負債閘,1m,False,1855,22,2,836,-0.0752688125616015,0.01725067385444744,0.0,0.0005390835579514825,1.7398342065474424,高,0.508355795148248,0.0016930357019586,0.005987336384234944,-0.0730075430558991,0.06934567025031241,1.0976250419577214,0.906031517666016,19.0,1.039333498079032,93.0,2.8964948595943665,-0.00023794000551815482,-0.01195427764631102,941.0,0.0,,,,
含流動性閘(與①池可比),A2(資料不足當過閘),驗證年份 2022-2026,2 只不過負債閘,3m,False,1751,126,2,809,-0.1285706492886956,0.09937178754997145,0.0,0.010850942318675044,1.262879736104682,高,0.47058823529411764,-0.0120758208649399,0.005220675119468258,-0.13885409025716888,0.13128571752113755,1.1980471699674249,1.0829051093505015,18.0,1.7257629005734296,88.0,5.5833126831835225,-0.0038283269060687248,-0.02519416977974083,903.0,0.0,,,,
含流動性閘(與①池可比),A2(資料不足當過閘),驗證年份 2022-2026,2 只不過負債閘,6m,False,1530,347,2,736,-0.19016207993310974,0.234640522875817,0.00065359477124183,0.06209150326797386,3.829107884376026,高,0.39738562091503266,-0.05929437711876915,-0.02701052004987699,-0.22987906044117495,0.12238224729563513,1.2031308068521067,0.9421214478160048,16.0,-0.5610059893130761,77.0,-1.5867812202310334,-0.04260916966026943,-0.07357299945007176,814.0,0.0,,,,
含流動性閘(與①池可比),A2(資料不足當過閘),驗證年份 2022-2026,2 只不過負債閘,12m,False,1308,569,2,682,-0.2589358311918414,0.37767584097859325,0.012996941896024464,0.1529051987767584,9.355625301048798,高,0.3769113149847095,-0.10846121705856004,-0.04898947416254035,-0.3424639319931622,0.1324092513941715,1.2304742693134771,0.8163793169688255,14.0,-0.6393868690872089,66.0,-1.413636823913682,-0.08118161705606408,-0.12452623257674786,698.0,0.0,,,,
含流動性閘(與①池可比),A2(資料不足當過閘),驗證年份 2022-2026,3 只不過現金流閘,1m,False,806,10,1,385,-0.11486769597567775,0.05707196029776675,0.0037220843672456576,0.01240694789081886,1.286506624401238,高,0.47642679900744417,-0.0112510581778257,0.015201248284674541,-0.1041219832616057,0.1068840932044243,1.3481053202021445,1.1676895787258663,9.0,0.6695640400839517,41.0,2.026802918061561,0.005079760965505786,-0.016445230057630048,328.0,0.0,,,,
含流動性閘(與①池可比),A2(資料不足當過閘),驗證年份 2022-2026,3 只不過現金流閘,3m,False,755,61,1,364,-0.2034913158564398,0.2410596026490066,0.006622516556291391,0.06887417218543046,2.005349016365627,高,0.433112582781457,-0.0356390938888326,-0.0009731276890906755,-0.20938609930176616,0.1481445376424264,1.2983504140070266,0.9731286620245677,8.0,-16.131412223231568,38.0,-48.05548814501845,-0.016849590292741752,-0.05026726168885847,310.0,0.0,,,,
含流動性閘(與①池可比),A2(資料不足當過閘),驗證年份 2022-2026,3 只不過現金流閘,6m,False,676,140,1,323,-0.2829967920719907,0.42159763313609466,0.01775147928994083,0.1937869822485207,5.701597369111421,高,0.40976331360946744,-0.09880021270509465,0.006186681128491735,-0.3415418880227491,0.20213510876637902,1.4885546144701949,1.0076466485316686,7.0,6.081660083835301,34.0,14.898795885432307,-0.031767564613515285,-0.09054126902195943,288.0,0.0,,,,
含流動性閘(與①池可比),A2(資料不足當過閘),驗證年份 2022-2026,3 只不過現金流閘,12m,False,587,229,1,285,-0.3889837586251127,0.5996592844974447,0.059625212947189095,0.35093696763202725,7.160865750051727,高,0.41737649063032367,-0.1191412585925202,0.038691881031531095,-0.4537630535397455,0.275478728489995,1.6192473405716088,0.919176670878749,6.0,1.20409064692805,30.0,3.4247825237591645,-0.007978199922470449,-0.09887250628689231,245.0,0.0,,,,
含流動性閘(與①池可比),A2(資料不足當過閘),驗證年份 2022-2026,4 只不過市值閘,1m,False,193,1,0,133,-0.09803250260492,0.05181347150259067,0.0,0.0051813471502590676,1.661651513551652,高,0.5025906735751295,0.0002692863912068,0.03600976090552629,-0.1000023163155545,0.1005347577485027,1.6067016221380779,0.9977155003827151,2.0,0.4571646659844187,10.0,1.249994014791363,0.019752055097757633,-0.009494149547468682,173.0,0.0,,,,
含流動性閘(與①池可比),A2(資料不足當過閘),驗證年份 2022-2026,4 只不過市值閘,3m,False,181,13,0,124,-0.1629834068567077,0.2154696132596685,0.0,0.03867403314917127,2.280974557864144,高,0.430939226519337,-0.0622655425401608,0.013402577454575607,-0.2513047272037605,0.1420833855890444,1.4646123331586995,0.8559430499733003,2.0,1.6759342512524664,10.0,5.232829218286942,-0.009160481951657697,-0.06004841334774707,164.0,0.0,,,,
含流動性閘(與①池可比),A2(資料不足當過閘),驗證年份 2022-2026,4 只不過市值閘,6m,False,155,39,0,108,-0.2649296563581125,0.4,0.0,0.14193548387096774,1.6308797850761994,高,0.34838709677419355,-0.1348261800642358,-0.04175023071369588,-0.31266132868440677,0.0962304071250322,1.430577502827995,0.7799619020112568,2.0,-0.4962397862790674,8.0,-1.6506761602351558,-0.06328493610081778,-0.11668899926362074,142.0,0.0,,,,
含流動性閘(與①池可比),A2(資料不足當過閘),驗證年份 2022-2026,4 只不過市值閘,12m,False,130,64,0,92,-0.3272405320507156,0.5,0.023076923076923078,0.25384615384615383,5.366672695005573,高,0.4,-0.13532324566773013,0.09185296182351989,-0.4497231289681357,0.22165353831267626,2.1066593995413796,1.2082615191110326,2.0,0.7183029480953449,7.0,1.7521034000780789,0.026279000875558817,-0.073014473465955,120.0,0.0,,,,
含流動性閘(與①池可比),A2(資料不足當過閘),驗證年份 2022-2026,4a 只不過市值閘(1 億至 5 億),1m,False,185,1,0,129,-0.09803250260492,0.04864864864864865,0.0,0.005405405405405406,1.661651513551652,高,0.5027027027027027,0.0002692863912068,0.03410724414358097,-0.1015275941848606,0.0917511017667203,1.5746249313493699,0.9002801933762519,2.0,0.5035375298302976,10.0,1.3476784863368256,0.01711802642332029,-0.012535975303644266,166.0,0.0,,,,
含流動性閘(與①池可比),A2(資料不足當過閘),驗證年份 2022-2026,4a 只不過市值閘(1 億至 5 億),3m,False,174,12,0,121,-0.1658388554787566,0.21839080459770116,0.0,0.034482758620689655,2.280974557864144,高,0.43103448275862066,-0.0606852949531684,0.012321880804625516,-0.2517727297897269,0.13812941986537725,1.4521722375811177,0.744606586497262,2.0,1.8962588720971656,9.0,5.65735853365234,-0.011172008887325993,-0.06051763944603701,157.0,0.0,,,,
含流動性閘(與①池可比),A2(資料不足當過閘),驗證年份 2022-2026,4a 只不過市值閘(1 億至 5 億),6m,False,149,37,0,105,-0.2692307261241869,0.40268456375838924,0.0,0.1342281879194631,1.5804296777260616,高,0.348993288590604,-0.1247546772906176,-0.04834289591019251,-0.3084761073295176,0.0881988039520946,1.3548364793153371,0.7515433420956917,2.0,-0.4154152424907523,8.0,-1.3618233717021202,-0.0693562278154906,-0.12065553071667992,136.0,0.0,,,,
含流動性閘(與①池可比),A2(資料不足當過閘),驗證年份 2022-2026,4a 只不過市值閘(1 億至 5 億),12m,False,124,62,0,89,-0.3272405320507156,0.5,0.024193548387096774,0.24193548387096775,5.366672695005573,高,0.3870967741935484,-0.14386359537893378,0.0801278172713137,-0.44698605140643066,0.20688697278446533,2.1366626783321583,1.2558020334207822,2.0,0.8632551309969656,7.0,2.1056745683213673,0.011136691939810187,-0.09389586266433464,114.0,0.0,,,,
含流動性閘(與①池可比),A2(資料不足當過閘),驗證年份 2022-2026,4b 只不過市值閘(低於 1 億),1m,False,8,0,0,5,-0.1244524448169855,0.125,0.0,0.0,0.5373782736423807,"低(樣本不足,只報樣本數)",,,,,,,,,,,,,,,,,,,
含流動性閘(與①池可比),A2(資料不足當過閘),驗證年份 2022-2026,4b 只不過市值閘(低於 1 億),3m,False,7,1,0,4,-0.1606694753504628,0.14285714285714285,0.0,0.14285714285714285,0.4984171825768408,"低(樣本不足,只報樣本數)",,,,,,,,,,,,,,,,,,,
含流動性閘(與①池可比),A2(資料不足當過閘),驗證年份 2022-2026,4b 只不過市值閘(低於 1 億),6m,False,6,2,0,3,-0.201996690015126,0.3333333333333333,0.0,0.3333333333333333,1.6308797850761994,"低(樣本不足,只報樣本數)",,,,,,,,,,,,,,,,,,,
含流動性閘(與①池可比),A2(資料不足當過閘),驗證年份 2022-2026,4b 只不過市值閘(低於 1 億),12m,False,6,2,0,3,-0.3443283635371441,0.5,0.0,0.5,1.6877617094738486,"低(樣本不足,只報樣本數)",,,,,,,,,,,,,,,,,,,
含流動性閘(與①池可比),A2(資料不足當過閘),驗證年份 2022-2026,5 不過兩閘(補完),1m,False,833,26,3,512,-0.1271234704282378,0.07202881152460984,0.0,0.014405762304921969,1.6731830654544644,高,0.4429771908763505,-0.0272304628713599,0.00932776822976984,-0.1129568965323891,0.0969612142749605,1.4192329604823994,1.2112588607268553,9.0,1.150874981832081,42.0,3.404733206698721,-0.0014226981507438376,-0.023621809617482368,435.0,0.0,,,,
含流動性閘(與①池可比),A2(資料不足當過閘),驗證年份 2022-2026,5 不過兩閘(補完),3m,False,770,89,3,469,-0.2060258657552044,0.23636363636363636,0.0025974025974025974,0.08181818181818182,4.868272778667764,高,0.45714285714285713,-0.027949901140683547,0.04349228597451026,-0.1998990463334435,0.19527174256193114,1.6253469630910602,1.2522525011442183,8.0,0.522950283324464,39.0,1.4674622828123496,0.020965809291755722,-0.021415694296178553,410.0,0.0,,,,
含流動性閘(與①池可比),A2(資料不足當過閘),驗證年份 2022-2026,5 不過兩閘(補完),6m,False,687,172,3,423,-0.2780740042045911,0.4017467248908297,0.011644832605531296,0.1950509461426492,5.371946352213611,高,0.4556040756914119,-0.0540770528977139,0.07057595239908553,-0.30725145280899563,0.2645152196924673,1.6887831801165873,1.0936055895973318,7.0,0.47949506647493717,35.0,1.3671074374937393,0.03711328717648883,-0.027299775279593656,367.0,0.0,,,,
含流動性閘(與①池可比),A2(資料不足當過閘),驗證年份 2022-2026,5 不過兩閘(補完),12m,False,563,296,3,354,-0.3625192089923721,0.5328596802841918,0.0497335701598579,0.30550621669627,8.614873204074891,高,0.42628774422735344,-0.0789030790949087,0.09711310869996291,-0.41975596852856667,0.33043036058014863,1.9363099846030185,1.1770606347945798,6.0,0.6062757108561273,29.0,1.4844139461366213,0.038647665341395486,-0.04959771083990506,310.0,0.0,,,,
含流動性閘(與①池可比),A2(資料不足當過閘),驗證年份 2022-2026,6 三閘全不過,1m,False,97,2,0,69,-0.1323529888704981,0.08247422680412371,0.0,0.020618556701030927,1.2535425679632866,中,0.422680412371134,-0.0341808071579642,0.01688726636346438,-0.1450226035483718,0.1232657250602122,1.63523028427942,1.1408888560690444,1.0,0.7652582116731843,5.0,2.3677331872880134,0.004005440305132908,-0.02435256131352859,90.0,0.0,,,,
含流動性閘(與①池可比),A2(資料不足當過閘),驗證年份 2022-2026,6 三閘全不過,3m,False,91,8,0,66,-0.2302520889875937,0.3626373626373626,0.0,0.15384615384615385,16.6471220607926,中,0.43956043956043955,-0.0491896079330997,0.26281708777659585,-0.296020649891814,0.27594482004492504,3.454136119397613,1.3892175792539305,1.0,0.6960559863480374,5.0,1.0480042796317413,0.08076925474308472,-0.01334985340232682,84.0,0.0,,,,
含流動性閘(與①池可比),A2(資料不足當過閘),驗證年份 2022-2026,6 三閘全不過,6m,False,85,14,0,61,-0.2936507996578126,0.4470588235294118,0.0,0.29411764705882354,3.194321501805022,中,0.4235294117647059,-0.0847437747454552,0.10880404722723602,-0.3890610035078536,0.3219416301473652,2.0689503903613162,1.9470970585747054,1.0,0.3453938885556903,5.0,1.152700566257921,0.0720716965775005,-0.017652842099174545,78.0,0.0,,,,
含流動性閘(與①池可比),A2(資料不足當過閘),驗證年份 2022-2026,6 三閘全不過,12m,False,66,33,0,46,-0.3125701552592526,0.48484848484848486,0.045454545454545456,0.3484848484848485,3.904266355596894,中,0.4696969696969697,-0.0191005371897421,0.27903440725994233,-0.39024011628377386,0.5788335627913174,2.647231324351452,2.1486776112949935,1.0,0.21200091925319148,4.0,0.607005886972235,0.2232616080547585,0.11673364579730724,60.0,0.0,,,,
含流動性閘(與①池可比),可判,全期 2010-2026,0 全部觸發(不分閘),1m,True,9056,88,12,2420,-0.09230702926212235,0.053334805653710245,0.0008833922261484099,0.014686395759717315,2.372351894018505,高,0.48674911660777387,-0.0040461295982659,0.005394003897978275,-0.08261916838653287,0.0755216784075165,1.1598065337439898,0.9815472013426211,91.0,1.484901655176016,453.0,4.146501711314283,-0.0026421108982505968,-0.01786593374894655,3209.0,0.11749116607773852,0.4719791168402659,0.5015852721918044,0.0003415571346332815,0.010545890056680463
含流動性閘(與①池可比),可判,全期 2010-2026,0 全部觸發(不分閘),3m,True,8719,425,12,2347,-0.1495487526333623,0.16297740566578736,0.001835072829452919,0.04438582406239248,16.6471220607926,高,0.4801009290056199,-0.0099130543845968,0.021675039150698842,-0.15167984776655144,0.1399319298492286,1.3432532449697798,1.0226536959276518,88.0,0.8488249223710874,436.0,2.074367389659679,0.0033101345854341987,-0.024512732425143745,3145.0,0.1220323431586191,0.465814929660765,0.4953990139111292,0.012084374911820548,0.032658513752360424
含流動性閘(與①池可比),可判,全期 2010-2026,0 全部觸發(不分閘),6m,True,8122,1022,12,2211,-0.2073267793937441,0.2879832553558237,0.006402363949766067,0.11167200196995813,7.487853119910277,高,0.4413937453829106,-0.042958187885457244,0.018204443426792567,-0.23525980234263458,0.17495828315644144,1.4368246950147874,1.0302719686459365,82.0,1.3536810451170387,407.0,3.564006244933468,-0.006504233549513126,-0.049138685996598465,3008.0,0.1310022162029057,0.42540361504075436,0.456967370315905,0.0036970266602957937,0.03343599433958926
含流動性閘(與①池可比),可判,全期 2010-2026,0 全部觸發(不分閘),12m,True,7440,1704,12,2074,-0.2808988548590375,0.43091397849462365,0.029166666666666667,0.2200268817204301,11.705683397360184,高,0.4452956989247312,-0.057979093768720846,0.041646082794218366,-0.33335779853646563,0.25890722203666433,1.5313258890721428,1.009011690323668,75.0,0.9262586827507859,372.0,2.319909745863699,0.003102310292757041,-0.05786217953382668,2813.0,0.14301075268817204,0.42635274594339506,0.4638082649569395,0.017485374108038434,0.06448890920253057
含流動性閘(與①池可比),可判,全期 2010-2026,1 過三閘(現行①池),1m,True,1747,16,6,679,-0.084462323241419,0.03777904979965655,0.0005724098454493417,0.009730967372638809,0.7289663457738649,高,0.4962793360045793,-0.0012775070489561,0.0044586845796983875,-0.0690105081123774,0.0739476183442091,1.1141853259377148,1.0875332390213914,18.0,1.2056139283459069,88.0,3.5187447003011787,-0.000926311791496459,-0.011825987587423765,1136.0,0.11333714939896966,0.47197059914820244,0.5217409779529498,-0.0018846177788844577,0.011014201959647089
含流動性閘(與①池可比),可判,全期 2010-2026,1 過三閘(現行①池),3m,True,1681,82,6,662,-0.1309115714487038,0.12849494348602022,0.000594883997620464,0.026174895895300417,1.5379776085719985,高,0.4997025580011898,-0.0002054996003511,0.015282670021460302,-0.132031708130653,0.1319143898135559,1.1976178512924107,1.0009635157115855,17.0,0.5952745981934523,85.0,2.025854326184233,0.006248475775332906,-0.01651276334410266,1097.0,0.11778703152885188,0.47289121107069787,0.5266289049882331,0.0036649181212088594,0.027923103501856332
含流動性閘(與①池可比),可判,全期 2010-2026,1 過三閘(現行①池),6m,True,1567,196,6,637,-0.1785189147516517,0.2393107849393746,0.0012763241863433313,0.07211231652839821,3.5697477446936787,高,0.4345883854499043,-0.0425342887005777,0.007285750965029327,-0.19622566282659284,0.1502357073074923,1.3813749085039835,1.0320330874475494,16.0,2.5716513292485113,79.0,6.826930156060704,-0.011568784342869114,-0.044707480958354195,1036.0,0.1263560944479898,0.40877235018697167,0.4616386018996466,-0.011837532508418949,0.0263126308540654
含流動性閘(與①池可比),可判,全期 2010-2026,1 過三閘(現行①池),12m,True,1426,337,6,602,-0.25419588584486935,0.38359046283309955,0.010518934081346423,0.17040673211781207,11.705683397360184,高,0.4537166900420757,-0.04827569352452135,0.030538872245737387,-0.30749278119845114,0.2522843181347988,1.427060332120549,0.9936646693241592,15.0,1.0352489454263267,72.0,2.5832030355964273,-0.0010879066596106816,-0.05092024332106483,958.0,0.1388499298737728,0.4213133997836935,0.4851581272769553,-0.003084272519136239,0.06694514875740258
含流動性閘(與①池可比),可判,全期 2010-2026,2 只不過負債閘,1m,True,3210,22,2,1077,-0.0818789650518046,0.055763239875389406,0.0006230529595015577,0.019314641744548288,1.7398342065474424,高,0.5024922118380062,0.00053356370517775,0.0010554853506859097,-0.07460715859922225,0.0682919710313392,1.011455350367543,0.9036658709170484,33.0,5.698572352901645,161.0,16.08866594547308,-0.0050107870517084934,-0.016766818442950807,1799.0,0.15233644859813084,0.48194983999557195,0.522535303551042,-0.00461491955058455,0.007226594743089903
含流動性閘(與①池可比),可判,全期 2010-2026,2 只不過負債閘,3m,True,3106,126,2,1057,-0.13371533275002614,0.13425627817128138,0.00128783000643915,0.037025112685125566,1.8689694140634647,高,0.5,3.951667467675e-05,0.016129909908369232,-0.1239151397522863,0.13493089255924828,1.2117941037651658,1.0892994408302745,32.0,0.6328009098301762,156.0,1.9299395502451255,0.005984544854381243,-0.015793053105292297,1761.0,0.1574372182871861,0.47815258478761935,0.5221418097718025,0.0056292445770047194,0.02665166838270684
含流動性閘(與①池可比),可判,全期 2010-2026,2 只不過負債閘,6m,True,2885,347,2,1007,-0.1860531224894219,0.24124783362218372,0.0034662045060658577,0.08353552859618718,4.383040245156447,高,0.4461005199306759,-0.0329575656287773,0.008072556794127578,-0.200314698402189,0.1600713822263342,1.3277552731814424,1.0821665299903782,29.0,2.1197357903317853,145.0,5.924415404819226,-0.009130914652659994,-0.04185632023759586,1672.0,0.16949740034662045,0.4238431806498525,0.4685619231333814,-0.007801977459630883,0.02401377779520949
含流動性閘(與①池可比),可判,全期 2010-2026,2 只不過負債閘,12m,True,2663,569,2,965,-0.2536242302840127,0.3781449493052948,0.01952684941794968,0.17574164476154713,9.355625301048798,高,0.4558768306421329,-0.043436813416181,0.026660671763344804,-0.2721979212341905,0.24045257163114414,1.3967063970047586,1.0556298977299166,27.0,1.1046098866177578,134.0,2.730098209996932,-0.002817536688692557,-0.048569561430760896,1556.0,0.1836274877957191,0.4297568316561797,0.4828359065855257,0.0007082018832982102,0.053572546127093064
含流動性閘(與①池可比),可判,全期 2010-2026,3 只不過現金流閘,1m,True,589,7,1,261,-0.115148677327116,0.05263157894736842,0.001697792869269949,0.015280135823429542,1.16568438388532,高,0.45161290322580644,-0.0124429774615757,-0.0008981238069338159,-0.1035953576538287,0.0917297514678303,1.198226300439761,1.1765831806679121,6.0,-8.807772595416761,30.0,-27.336915486228474,-0.008899248545268976,-0.026815893390708754,379.0,0.057724957555178265,0.4100097776088798,0.49477442339920186,-0.018205668107924473,0.01583568338693237
含流動性閘(與①池可比),可判,全期 2010-2026,3 只不過現金流閘,3m,True,569,27,1,254,-0.1966725775963939,0.22144112478031636,0.0035149384885764497,0.07205623901581722,2.005349016365627,高,0.43233743409490333,-0.0339361536373716,-0.021305112380547858,-0.2150377266435583,0.1249972095762312,1.0860174972349492,0.8241499966890086,6.0,-0.6165121510559075,29.0,-1.8724804131054595,-0.034807006503258575,-0.06448510509056381,368.0,0.05975395430579965,0.38958153055913974,0.47789489106453387,-0.050144433140526766,0.006422024395448225
含流動性閘(與①池可比),可判,全期 2010-2026,3 只不過現金流閘,6m,True,533,63,1,232,-0.2729574284323929,0.3902439024390244,0.020637898686679174,0.1801125703564728,5.701597369111421,高,0.41088180112570355,-0.0847402541602185,-0.01187172504641822,-0.3175482824382859,0.2009088467682076,1.3409255984676838,0.9832294176554573,6.0,-2.780820020620959,27.0,-6.352384686080691,-0.04539587876024897,-0.09194301554440369,350.0,0.06378986866791744,0.3667248062015504,0.45569868941334457,-0.05896372632991379,0.039196681645694835
含流動性閘(與①池可比),可判,全期 2010-2026,3 只不過現金流閘,12m,True,490,106,1,209,-0.3876648390534537,0.5857142857142857,0.06938775510204082,0.3673469387755102,6.508599321119126,高,0.3836734693877551,-0.16382965343023825,-0.03763611363082397,-0.48048657007358064,0.22720789569455116,1.3740825642379204,0.861955197996791,5.0,-1.0637106818341437,25.0,-2.697200728623175,-0.07847077188474426,-0.1466293563480198,320.0,0.06938775510204082,0.33459058671824626,0.432382840342124,-0.10409001939041079,0.03246655153710435
含流動性閘(與①池可比),可判,全期 2010-2026,4 只不過市值閘,1m,True,213,1,0,136,-0.1042345082088606,0.03755868544600939,0.0,0.009389671361502348,1.661651513551652,高,0.5023474178403756,0.0002692863912068,0.0431917854940371,-0.0886258726147445,0.084114838168994,1.7907542249443347,0.9474983357653757,3.0,0.5043741045215573,11.0,1.079659660694315,0.021712781182263455,-0.003628004723521789,200.0,0.10328638497652583,0.4339622641509434,0.5700494378978734,0.009975380430716942,0.08121749062814296
含流動性閘(與①池可比),可判,全期 2010-2026,4 只不過市值閘,3m,True,201,13,0,127,-0.1744022819507884,0.19900497512437812,0.0,0.03980099502487562,2.5657186350808536,高,0.44776119402985076,-0.0433476296245579,0.05468404406247656,-0.2046385865837466,0.1605690247267197,1.8413800298126148,1.1916352367096679,3.0,0.6033130813299274,11.0,1.529495442429765,0.02202111834773751,-0.030631291437087746,191.0,0.10945273631840796,0.3793103448275862,0.5153502986560475,-0.00359344821246892,0.11597194245246248
含流動性閘(與①池可比),可判,全期 2010-2026,4 只不過市值閘,6m,True,180,34,0,116,-0.24934587703418148,0.36666666666666664,0.0,0.10555555555555556,4.480743596090268,高,0.40555555555555556,-0.0800196286643826,0.039370653560920114,-0.2779344093402225,0.19920318110117108,1.8381751643824797,1.2271468432188164,2.0,0.8883969333083733,9.0,2.15743018878363,0.004443255177019188,-0.04796713998268487,173.0,0.12222222222222222,0.33516409266409264,0.47802197802197804,-0.04038371498988527,0.12012411060745322
含流動性閘(與①池可比),可判,全期 2010-2026,4 只不過市值閘,12m,True,164,50,0,108,-0.3330046254237622,0.5121951219512195,0.018292682926829267,0.24390243902439024,6.633764091673658,高,0.4329268292682927,-0.0997186069194058,0.1682867481341719,-0.4287254798640714,0.42141748560214554,2.3746459172608794,1.4433146809893243,2.0,0.4348137678813974,9.0,1.0616704658590852,0.09628759202052448,-0.010980934409526215,159.0,0.13414634146341464,0.3614457831325301,0.5061728395061729,0.033399260999504535,0.33005980025723247
含流動性閘(與①池可比),可判,全期 2010-2026,4a 只不過市值閘(1 億至 5 億),1m,True,205,1,0,131,-0.1040100152534111,0.03902439024390244,0.0,0.00975609756097561,1.661651513551652,高,0.4926829268292683,-0.0041981994293323,0.037780292917576966,-0.0889255488366657,0.0810005517232166,1.746841782797484,0.9163844968707183,3.0,0.5991207486074693,11.0,1.2315344876187417,0.015370266268062866,-0.009243429671985659,193.0,0.1024390243902439,0.4264705882352941,0.5643938662158896,0.0024952512953300117,0.07621166394168016
含流動性閘(與①池可比),可判,全期 2010-2026,4a 只不過市值閘(1 億至 5 億),3m,True,194,12,0,123,-0.17708369860764905,0.20618556701030927,0.0,0.041237113402061855,2.280974557864144,高,0.4381443298969072,-0.0455571027710453,0.04167590861876602,-0.22782060663393555,0.1600619486422331,1.7530357976965838,1.047646815849687,2.0,0.5028483973941442,10.0,1.7619662470562905,0.020935070226123415,-0.03348148544827718,184.0,0.10824742268041238,0.3692171717171717,0.5075435467492905,-0.014841710335495228,0.10137700756595747
含流動性閘(與①池可比),可判,全期 2010-2026,4a 只不過市值閘(1 億至 5 億),6m,True,174,32,0,112,-0.25088288831009586,0.367816091954023,0.0,0.10919540229885058,1.8150746233659385,高,0.40804597701149425,-0.07148779242310305,0.020267843945373756,-0.2782664228285563,0.19926765317126102,1.641099524202651,1.2016685914959753,2.0,0.9150214113456548,9.0,3.384789388540771,0.0017423598988181254,-0.05097096857877462,167.0,0.1206896551724138,0.3352601156069364,0.4804945777193556,-0.0451946299944862,0.08855497874432938
含流動性閘(與①池可比),可判,全期 2010-2026,4a 只不過市值閘(1 億至 5 億),12m,True,158,48,0,104,-0.3315003273030109,0.5063291139240507,0.0189873417721519,0.22784810126582278,5.366672695005573,高,0.43670886075949367,-0.0892742830067145,0.14218628337624892,-0.3950190786993955,0.398490569089121,2.1967596256654134,1.511138558549905,2.0,0.38179424413865337,8.0,1.008986012617499,0.08902730672090563,-0.0013458310823984477,153.0,0.13291139240506328,0.3602165949992037,0.5189873417721519,0.012211707856783901,0.2754276429344007
含流動性閘(與①池可比),可判,全期 2010-2026,4b 只不過市值閘(低於 1 億),1m,True,8,0,0,8,-0.13879096256461365,0.0,0.0,0.0,0.8640009799623509,"低(樣本不足,只報樣本數)",,,,,,,,,,,,,,,,,,,
含流動性閘(與①池可比),可判,全期 2010-2026,4b 只不過市值閘(低於 1 億),3m,True,7,1,0,7,-0.1606694753504628,0.0,0.0,0.0,2.5657186350808536,"低(樣本不足,只報樣本數)",,,,,,,,,,,,,,,,,,,
含流動性閘(與①池可比),可判,全期 2010-2026,4b 只不過市值閘(低於 1 億),6m,True,6,2,0,6,-0.20480177958007834,0.3333333333333333,0.0,0.0,4.480743596090268,"低(樣本不足,只報樣本數)",,,,,,,,,,,,,,,,,,,
含流動性閘(與①池可比),可判,全期 2010-2026,4b 只不過市值閘(低於 1 億),12m,True,6,2,0,6,-0.563304523452375,0.6666666666666666,0.0,0.6666666666666666,6.633764091673658,"低(樣本不足,只報樣本數)",,,,,,,,,,,,,,,,,,,
含流動性閘(與①池可比),可判,全期 2010-2026,5 不過兩閘(補完),1m,True,1008,22,2,543,-0.12151766214904895,0.07539682539682539,0.000992063492063492,0.018849206349206348,1.6731830654544644,高,0.4573412698412698,-0.0190031039577689,0.01156106762718617,-0.11050034111746188,0.09333774707664551,1.3872800456679109,1.0500433862597367,11.0,0.9833184961778254,51.0,2.772085562260434,0.00019498379314123382,-0.02157899543852115,662.0,0.09821428571428571,0.4255972096889349,0.4909287829691641,-0.0033603126348570956,0.025708932141642285
含流動性閘(與①池可比),可判,全期 2010-2026,5 不過兩閘(補完),3m,True,965,65,2,516,-0.1924597154507188,0.23626943005181347,0.0031088082901554403,0.07357512953367876,8.563105696593869,高,0.46839378238341967,-0.0229911759864678,0.0605760145233816,-0.1882848290392846,0.1900116403283658,1.7591866855802307,1.1851028072109802,10.0,0.46316243121832723,49.0,1.1992472427307885,0.03285999848220202,-0.012715248617876478,643.0,0.10259067357512953,0.4363394286696397,0.5020409206627436,0.027670758680663352,0.0993635927234873
含流動性閘(與①池可比),可判,全期 2010-2026,5 不過兩閘(補完),6m,True,896,134,2,487,-0.26081114564456276,0.3783482142857143,0.012276785714285714,0.17633928571428573,5.019270057208198,高,0.4720982142857143,-0.0247125599088317,0.07338508902981414,-0.27383199527868585,0.2645267237031249,1.6447102313491735,1.0791154613810554,9.0,0.41965228827573414,45.0,1.2212726673623056,0.04302099906409041,-0.017096769091945373,603.0,0.11049107142857142,0.4374290825453616,0.5073355021577716,0.03166224423892756,0.11736600642131288
含流動性閘(與①池可比),可判,全期 2010-2026,5 不過兩閘(補完),12m,True,797,233,2,441,-0.337171009806219,0.5094102885821832,0.0451693851944793,0.29109159347553326,8.614873204074891,高,0.465495608531995,-0.033126260255868,0.13012869358842255,-0.3861113699033733,0.3957496794023845,1.9014207970624135,1.1731227013832566,8.0,0.4099979134915441,40.0,1.0517204340296922,0.07755466664541921,-0.007085943292142296,550.0,0.12421580928481807,0.42982402126004665,0.5005814646058548,0.06798634639785546,0.19101459929667014
含流動性閘(與①池可比),可判,全期 2010-2026,6 三閘全不過,1m,True,147,2,0,101,-0.1338503142093741,0.09523809523809523,0.0,0.02040816326530612,1.2535425679632866,高,0.47619047619047616,-0.0153992800150029,0.022303560638863084,-0.12649983783014235,0.12434168690317576,1.4211487069459128,1.1032944951577446,2.0,0.6439290316953976,8.0,1.628554231015797,0.008051190439297232,-0.014825846177858946,137.0,0.07482993197278912,0.38926174496644295,0.5570663836004199,-0.01810774720048733,0.0630709831524599
含流動性閘(與①池可比),可判,全期 2010-2026,6 三閘全不過,3m,True,141,8,0,98,-0.2075471924451002,0.3049645390070922,0.0,0.1276595744680851,16.6471220607926,高,0.4326241134751773,-0.053554958526985,0.1750827115652706,-0.2219908730897111,0.2628250527987783,2.9807915492992922,1.5051431209300312,2.0,0.8021570514176549,8.0,1.1309438004103671,0.03513728105153253,-0.02430500289496031,131.0,0.07801418439716312,0.35,0.5180568045563545,-0.0042988924444934806,0.46951047675129093
含流動性閘(與①池可比),可判,全期 2010-2026,6 三閘全不過,6m,True,135,14,0,94,-0.258823555811053,0.4148148148148148,0.007407407407407408,0.22962962962962963,3.194321501805022,高,0.45185185185185184,-0.0531169448551822,0.12777915405625237,-0.33134916032554346,0.34706552866854024,2.050120320023525,1.3946227799411024,2.0,0.31638571795031745,7.0,0.8211387981929515,0.08866521337778877,0.024104601274629302,125.0,0.08148148148148149,0.359345848880597,0.5323741007194245,0.003062056130873703,0.25921183356704736
含流動性閘(與①池可比),可判,全期 2010-2026,6 三閘全不過,12m,True,116,33,0,79,-0.3125701552592526,0.49137931034482757,0.034482758620689655,0.3275862068965517,3.904266355596894,高,0.5086206896551724,0.028974830473213,0.3199641415543979,-0.36069442639844956,0.8223268751088489,2.6070651078460636,2.1742415970094147,2.0,0.19479062352288445,6.0,0.46500005375941,0.26215809405493035,0.18051793299582047,107.0,0.09482758620689655,0.41737318840579707,0.6018083083449132,0.14996553660404005,0.5039440972492993
含流動性閘(與①池可比),可判,全期 2010-2026,9 負債閘資料不足(不納入五組),1m,True,2142,18,1,733,-0.09617960172047885,0.05088702147525677,0.0014005602240896359,0.00980392156862745,2.372351894018505,高,0.4780578898225957,-0.0059256151960423,0.006567523059567687,-0.08698173851048195,0.07773951777184068,1.2190210943924622,1.0002427588408247,22.0,1.2790962260768033,108.0,3.6905637518736056,-0.0018519922967359908,-0.018608587597843857,1098.0,0.09850606909430439,0.45148198814409485,0.5067866180864686,-0.003106079420628407,0.016628691782142994
含流動性閘(與①池可比),可判,全期 2010-2026,9 負債閘資料不足(不納入五組),3m,True,2056,104,1,708,-0.1584693234866572,0.17071984435797666,0.0029182879377431907,0.04377431906614786,5.568859593895285,高,0.4591439688715953,-0.02335329399925275,0.015167119462879923,-0.16542237837524343,0.13806304405353007,1.3612191246674854,1.0154035587876025,21.0,1.2422526576796338,103.0,3.0250030632931617,-0.0037121913505705406,-0.032333272245906625,1072.0,0.10262645914396887,0.4326397473225573,0.48558956897563904,-0.0030522154213948457,0.033905458949761796
含流動性閘(與①池可比),可判,全期 2010-2026,9 負債閘資料不足(不納入五組),6m,True,1926,234,1,657,-0.22276066434792385,0.3110072689511942,0.008826583592938734,0.1292834890965732,7.487853119910277,高,0.43665628245067495,-0.051067452501400754,0.015258607289521272,-0.2584140798230771,0.1759978121807893,1.4247742330348439,0.941053701711316,20.0,1.906572547714553,97.0,4.7454100666847845,-0.013978186997996571,-0.06018064616289727,1028.0,0.10955347871235721,0.4079425897629815,0.4642535981577432,-0.012001414929048456,0.04439615020758576
含流動性閘(與①池可比),可判,全期 2010-2026,9 負債閘資料不足(不納入五組),12m,True,1784,376,1,612,-0.29424613325850313,0.4585201793721973,0.04091928251121076,0.24439461883408073,8.63523726688489,高,0.42769058295964124,-0.0772704939146853,0.025400961342820935,-0.3763314392557666,0.24821201031789392,1.507694577992036,0.9654724245182547,18.0,1.5979560339191539,90.0,4.067443173700388,-0.015343468887021441,-0.0820555807379049,966.0,0.11827354260089686,0.3970115397375479,0.4594606754324811,-0.015243145683024753,0.06829318288710633
含流動性閘(與①池可比),可判,建表年份 2010-2021,0 全部觸發(不分閘),1m,True,3609,0,0,1443,-0.0997517848331576,0.08174009420892214,0.0013854253255749516,0.028539761706844,2.372351894018505,高,0.48960931005818786,-0.0030269817649062,0.0002753201718891614,-0.0800114260763978,0.0701884130243448,1.0476895662100687,0.9122092057613589,37.0,26.538271441736015,181.0,74.26187246917421,-0.007104032875328882,-0.021235481621346478,1634.0,0.2948185092823497,0.4683026191367103,0.5135986240834294,-0.006922543591285572,0.00815997040879109
含流動性閘(與①池可比),可判,建表年份 2010-2021,0 全部觸發(不分閘),3m,True,3609,0,0,1443,-0.1488739582124624,0.17761152673870878,0.0024937655860349127,0.05791077860903297,8.563105696593869,高,0.49598226655583266,-0.0020253182664462,0.028706584151124266,-0.1360368312449394,0.1403217495838951,1.3657847696300984,1.0546409333147702,37.0,0.653811652826942,181.0,1.5490288232419243,0.010040824937633142,-0.01659291665573961,1634.0,0.2948185092823497,0.4726827762423246,0.5197027591856888,0.013760544764892631,0.0451397684651043
含流動性閘(與①池可比),可判,建表年份 2010-2021,0 全部觸發(不分閘),6m,True,3609,0,0,1443,-0.1982071492708333,0.28234968135217514,0.00831255195344971,0.1172069825436409,7.487853119910277,高,0.47215295095594345,-0.0209114282643986,0.036311401394940504,-0.2012262791008697,0.1961500459809624,1.453961219141282,1.1224688548041644,37.0,0.6708256870388627,181.0,1.7109730070408509,0.012076591604162879,-0.027179545594754453,1634.0,0.2948185092823497,0.44683009945727903,0.496629044540999,0.015001108412126438,0.05836374010408377
含流動性閘(與①池可比),可判,建表年份 2010-2021,0 全部觸發(不分閘),12m,True,3609,0,0,1443,-0.2771955093808063,0.4311443613189249,0.03380437794402882,0.23496813521751178,11.705683397360184,高,0.48960931005818786,-0.0130361950227181,0.0787353769514054,-0.2886716967529814,0.3071682774190043,1.5490092037823526,1.128759575999249,37.0,0.4882533858297122,181.0,1.196556021412841,0.04070992674026421,-0.01629304783803173,1634.0,0.2948185092823497,0.4581704935553818,0.5216385414891851,0.04031201996941919,0.11582374350339958
含流動性閘(與①池可比),可判,建表年份 2010-2021,1 過三閘(現行①池),1m,True,685,0,0,372,-0.0926285672423006,0.06715328467153285,0.00145985401459854,0.021897810218978103,0.7289663457738649,高,0.5065693430656935,0.000827829429691,0.0037710330447218183,-0.0671699316801772,0.0733135664899056,1.0524282535597234,1.0589507378494183,7.0,1.509193344303762,35.0,4.406949364950102,-0.0019400098456526416,-0.013539518871216578,497.0,0.28905109489051095,0.46582532179245584,0.5459697359522636,-0.006167211954795904,0.014305011184884869
含流動性閘(與①池可比),可判,建表年份 2010-2021,1 過三閘(現行①池),3m,True,685,0,0,372,-0.1349846962970474,0.15328467153284672,0.00145985401459854,0.043795620437956206,1.1245123772670025,高,0.5124087591240876,0.0042188998701093,0.029961358077141044,-0.1221579667744772,0.1393102991615606,1.3412838253907087,1.0612345970141834,7.0,0.2984327841930355,35.0,1.1124722208961138,0.02123692625230547,-0.0035512723562151375,497.0,0.28905109489051095,0.4718052298083527,0.5513217036204675,0.011239233140709027,0.04767989285214557
含流動性閘(與①池可比),可判,建表年份 2010-2021,1 過三閘(現行①池),6m,True,685,0,0,372,-0.172489453856104,0.2569343065693431,0.00291970802919708,0.09197080291970802,3.5697477446936787,高,0.47153284671532847,-0.0191364763572364,0.030152928374735634,-0.1812651541021809,0.1704060159774767,1.433764346320386,1.0838141688684015,7.0,0.6699138908440988,35.0,1.7615072491249342,0.010055823042342276,-0.024198071345690266,497.0,0.28905109489051095,0.43234984053862513,0.5123169275772214,0.0013088232682247952,0.06112459069281622
含流動性閘(與①池可比),可判,建表年份 2010-2021,1 過三閘(現行①池),12m,True,685,0,0,372,-0.2629051713419605,0.3970802919708029,0.016058394160583942,0.20145985401459854,11.705683397360184,高,0.5065693430656935,0.0084253664530926,0.08393903390477028,-0.2599758028400203,0.301755307601945,1.5375915482768818,1.1131842243125336,7.0,0.4716186286147338,35.0,1.0742129044156057,0.044809731512447624,-0.006564786549908337,497.0,0.28905109489051095,0.45795657178596616,0.5533471665774901,0.02865577244463263,0.1426871462479696
含流動性閘(與①池可比),可判,建表年份 2010-2021,2 只不過負債閘,1m,True,1355,0,0,655,-0.0933333313782295,0.10848708487084871,0.0014760147601476014,0.045018450184501846,0.6992899066469445,高,0.4944649446494465,-0.0021704202353416,-0.005696236912955019,-0.0769347558493768,0.06569785536958836,0.9166464337761367,0.8923799486768991,14.0,-1.0038166774903627,68.0,-2.891518322123058,-0.011533378584288954,-0.023338227642081655,858.0,0.36088560885608856,0.4634485165960587,0.5264011214752017,-0.01536676631954525,0.004227304451258165
含流動性閘(與①池可比),可判,建表年份 2010-2021,2 只不過負債閘,3m,True,1355,0,0,655,-0.1409710103653186,0.1793357933579336,0.002952029520295203,0.07084870848708487,1.8689694140634647,高,0.5380073800738008,0.0159976187725736,0.030227378628196248,-0.1082413278623372,0.14089861851356938,1.225989819712499,1.061762351004725,14.0,0.3881438240494474,68.0,1.1075429165358048,0.018687893543400513,-0.003422496751445774,858.0,0.36088560885608856,0.5065773089332526,0.568266491284343,0.014425655037702755,0.045748447482626915
含流動性閘(與①池可比),可判,建表年份 2010-2021,2 只不過負債閘,6m,True,1355,0,0,655,-0.1816261992644983,0.24870848708487084,0.006642066420664207,0.1077490774907749,4.383040245156447,高,0.5011070110701107,0.0016329594331148,0.047686658322782176,-0.16405169593591296,0.19935267400318746,1.4692711562600753,1.2144566551660314,14.0,0.42129765517101664,68.0,1.1074100912092724,0.027884486382813774,-0.00539265607885425,858.0,0.36088560885608856,0.4674369062808314,0.5346189839572192,0.02403503094874706,0.0715954473054562
含流動性閘(與①池可比),可判,建表年份 2010-2021,2 只不過負債閘,12m,True,1355,0,0,655,-0.2434715700912594,0.37859778597785976,0.025830258302583026,0.1977859778597786,7.670001350347471,高,0.5321033210332103,0.0306912037999289,0.09968679048737268,-0.1944521638456209,0.30639795123942737,1.5924966108818515,1.3169581190758397,14.0,0.28843339973481497,68.0,0.7570407825652135,0.07167433725644777,0.025499504537928347,858.0,0.36088560885608856,0.49441433773426247,0.5692829373702488,0.06415356807370887,0.13815386709038222
含流動性閘(與①池可比),可判,建表年份 2010-2021,3 只不過現金流閘,1m,True,210,0,0,118,-0.11884406612651455,0.03333333333333333,0.0,0.004761904761904762,0.7350926720996616,高,0.4238095238095238,-0.01260100372058295,-0.012716231870313309,-0.10319416137541555,0.06705833437266673,1.0899803475433931,0.9865767020991355,3.0,-0.6902570224414385,11.0,-1.5979895101232837,-0.021805203119497806,-0.034862782771595796,143.0,0.1619047619047619,0.33969467196496633,0.49753813569405775,-0.0395964315820825,0.014320430848168876
含流動性閘(與①池可比),可判,建表年份 2010-2021,3 只不過現金流閘,3m,True,210,0,0,118,-0.18989355909429662,0.21904761904761905,0.0,0.06190476190476191,1.2228265492304282,高,0.4238095238095238,-0.058932543794217904,-0.0447140387902327,-0.21968869544663533,0.08452936673239378,0.883873788186164,0.6338766962498896,3.0,-0.34821744832349494,11.0,-0.7655239977375501,-0.06115793202522277,-0.08330743110142685,143.0,0.1619047619047619,0.35023041474654376,0.5022852691034214,-0.08716390562833312,-0.0023282362819430674
含流動性閘(與①池可比),可判,建表年份 2010-2021,3 只不過現金流閘,6m,True,210,0,0,118,-0.27447630773392384,0.4,0.023809523809523808,0.19523809523809524,1.679537590175589,高,0.38571428571428573,-0.09311181467003005,-0.05725168971574649,-0.34101346432522683,0.16643644550823672,1.1203759707304395,0.9147279509264837,3.0,-0.392448107368432,11.0,-0.9601488575899825,-0.08087536940845676,-0.11842505115677138,143.0,0.1619047619047619,0.31651230983625595,0.45454545454545453,-0.11659188154338987,0.006604917013601243
含流動性閘(與①池可比),可判,建表年份 2010-2021,3 只不過現金流閘,12m,True,210,0,0,118,-0.4351149534723786,0.6476190476190476,0.09047619047619047,0.4380952380952381,6.508599321119126,高,0.30952380952380953,-0.2873440912534986,-0.12527027582028818,-0.5746766313482419,0.16406606965147916,1.3324418965382585,0.9051938477898519,3.0,-0.38177247633260364,11.0,-0.7312114919674706,-0.17560364269818482,-0.22885709362524476,143.0,0.1619047619047619,0.23788546255506607,0.38942434210526317,-0.22671455034188037,-0.0034364891284019284
含流動性閘(與①池可比),可判,建表年份 2010-2021,4 只不過市值閘,1m,True,75,0,0,53,-0.1079668966639666,0.02666666666666667,0.0,0.013333333333333334,0.8640009799623509,中,0.5066666666666667,0.0022718678711455,0.039659488316227606,-0.0854728812228944,0.09201456589937725,1.7410134690592631,1.0571457244249396,1.0,0.2904730634522835,4.0,0.8872477082254665,0.02851973842911783,0.0047236248573169,75.0,0.29333333333333333,0.38666666666666666,0.6266666666666667,-0.004388524250222382,0.08675105459892633
含流動性閘(與①池可比),可判,建表年份 2010-2021,4 只不過市值閘,3m,True,75,0,0,53,-0.1797651152645097,0.14666666666666667,0.0,0.04,2.5657186350808536,中,0.4533333333333333,-0.0199706765915147,0.09209728526838892,-0.1462438108828948,0.1846052005423828,2.445822356556628,1.7881098654399143,1.0,0.3714504906565362,4.0,0.9209959364641779,0.05866996973038267,0.007685978637486499,75.0,0.29333333333333333,0.3463333333333334,0.56,-0.00275388270883643,0.19339586495719063
含流動性閘(與①池可比),可判,建表年份 2010-2021,4 只不過市值閘,6m,True,75,0,0,53,-0.2321589670888448,0.29333333333333333,0.0,0.09333333333333334,4.480743596090268,中,0.4666666666666667,-0.0297348317709587,0.1530395921247847,-0.2005215738001142,0.335031091500425,2.5112667734348486,2.3937118937444835,1.0,0.3903777259100186,4.0,0.7794820033638468,0.09455710558471062,0.035649279149336154,75.0,0.29333333333333333,0.36,0.5866666666666667,0.009668208206405798,0.3262150202344506
含流動性閘(與①池可比),可判,建表年份 2010-2021,4 只不過市值閘,12m,True,75,0,0,53,-0.3242535960906847,0.48,0.02666666666666667,0.24,6.633764091673658,中,0.52,0.029638843201752,0.23246227209046064,-0.3419535546775334,0.5056058525126567,2.216142580568302,1.3821046853418804,1.0,0.38049265841539437,4.0,0.663366953448978,0.14595819344744443,0.08266318612181445,75.0,0.29333333333333333,0.4,0.64,0.041252703049517836,0.4743637577574128
含流動性閘(與①池可比),可判,建表年份 2010-2021,4a 只不過市值閘(1 億至 5 億),1m,True,70,0,0,50,-0.10680038048276055,0.02857142857142857,0.0,0.014285714285714285,0.7364760127560899,中,0.4857142857142857,-0.00610566163995525,0.02868078334546556,-0.08625672536189201,0.08651285635965791,1.654032819843965,1.0765352072246586,1.0,0.36683397973434206,4.0,1.0753236530153483,0.01842288146994926,-0.00229127115309934,70.0,0.3,0.35714285714285715,0.6,-0.013338970766991034,0.07418749845888824
含流動性閘(與①池可比),可判,建表年份 2010-2021,4a 只不過市值閘(1 億至 5 億),3m,True,70,0,0,50,-0.18222047797028645,0.15714285714285714,0.0,0.04285714285714286,1.7433813641528555,中,0.42857142857142855,-0.038229342565552896,0.06252564925080556,-0.15042259624536153,0.18980112423908646,2.221161527879599,2.199277648915506,1.0,0.3983237016768064,4.0,1.037695687978739,0.038165421498601936,-0.0024997926596644028,70.0,0.3,0.3142857142857143,0.5428571428571428,-0.020440427302614018,0.15606342468801868
含流動性閘(與①池可比),可判,建表年份 2010-2021,4a 只不過市值閘(1 億至 5 億),6m,True,70,0,0,50,-0.2332622345341997,0.2857142857142857,0.0,0.1,1.8150746233659385,中,0.4714285714285714,-0.0191734220569095,0.11109134836942255,-0.18566644926349882,0.34417096224385557,2.122609309717593,2.5022882055879205,1.0,0.233408252372903,4.0,0.7003354750354689,0.08639593858686437,0.0353077201450827,70.0,0.3,0.35714285714285715,0.5857142857142857,0.0005756813522437827,0.2305712977076396
含流動性閘(與①池可比),可判,建表年份 2010-2021,4a 只不過市值閘(1 億至 5 億),12m,True,70,0,0,50,-0.31658743596371264,0.4714285714285714,0.02857142857142857,0.21428571428571427,1.745642162437052,中,0.5285714285714286,0.032172972109008546,0.16861034476540374,-0.26679386789983545,0.5062650828239736,1.8536913480855202,1.4555137970825431,1.0,0.1479016320876951,4.0,0.5417230771452354,0.14575481117595962,0.08195327420060483,70.0,0.3,0.4142857142857143,0.6428571428571429,0.018624684732570063,0.3136560225654281
含流動性閘(與①池可比),可判,建表年份 2010-2021,4b 只不過市值閘(低於 1 億),1m,True,5,0,0,5,-0.1169124497787645,0.0,0.0,0.0,0.8640009799623509,"低(樣本不足,只報樣本數)",,,,,,,,,,,,,,,,,,,
含流動性閘(與①池可比),可判,建表年份 2010-2021,4b 只不過市值閘(低於 1 億),3m,True,5,0,0,5,-0.1169124497787645,0.0,0.0,0.0,2.5657186350808536,"低(樣本不足,只報樣本數)",,,,,,,,,,,,,,,,,,,
含流動性閘(與①池可比),可判,建表年份 2010-2021,4b 只不過市值閘(低於 1 億),6m,True,5,0,0,5,-0.1888488608518941,0.4,0.0,0.0,4.480743596090268,"低(樣本不足,只報樣本數)",,,,,,,,,,,,,,,,,,,
含流動性閘(與①池可比),可判,建表年份 2010-2021,4b 只不過市值閘(低於 1 億),12m,True,5,0,0,5,-0.5794392499069351,0.6,0.0,0.6,6.633764091673658,"低(樣本不足,只報樣本數)",,,,,,,,,,,,,,,,,,,
含流動性閘(與①池可比),可判,建表年份 2010-2021,5 不過兩閘(補完),1m,True,315,0,0,214,-0.1265699473653904,0.10793650793650794,0.0031746031746031746,0.03492063492063492,1.1315845442036854,高,0.4793650793650794,-0.0117198282697325,0.005355612438862023,-0.1135723612281582,0.07846256558105465,1.1720820021671354,0.7472777149178578,4.0,2.353767142899362,16.0,5.810732374834057,-0.007343502981343653,-0.027143116107724814,249.0,0.3142857142857143,0.4223586746684573,0.5362934812525141,-0.018666782784577448,0.030359013976148954
含流動性閘(與①池可比),可判,建表年份 2010-2021,5 不過兩閘(補完),3m,True,315,0,0,214,-0.1899530677429826,0.2761904761904762,0.0031746031746031746,0.0761904761904762,8.563105696593869,高,0.46984126984126984,-0.0259700005723668,0.09215596207273108,-0.1822911894977326,0.16878212365202333,2.132763351830467,1.1478279709032955,4.0,0.5243645581793911,16.0,1.064503849283513,0.04439640561772673,-0.00626251003597566,249.0,0.3142857142857143,0.41336738253027056,0.5218784394654088,0.02120823396639934,0.18809932902795456
含流動性閘(與①池可比),可判,建表年份 2010-2021,5 不過兩閘(補完),6m,True,315,0,0,214,-0.2476852150794888,0.37777777777777777,0.015873015873015872,0.1619047619047619,4.688785398820206,高,0.48253968253968255,-0.0164189578579221,0.1030110279331635,-0.2351559412458008,0.2752957322417162,1.893444133963464,1.2561909147437464,4.0,0.39881683045548877,16.0,0.9225229790136593,0.0627250042615199,0.008408063831089307,249.0,0.3142857142857143,0.4253208101422387,0.541404448018283,0.03286876038764727,0.18670928636284953
含流動性閘(與①池可比),可判,建表年份 2010-2021,5 不過兩閘(補完),12m,True,315,0,0,214,-0.3307342455516113,0.5047619047619047,0.050793650793650794,0.2857142857142857,5.775229567038752,高,0.5301587301587302,0.0340489324857924,0.19554853315151158,-0.31428177532250695,0.46394841898842143,1.9242005783154486,1.290707450217165,4.0,0.2707056071477759,16.0,0.6980469990823535,0.1444466924718023,0.06220614354245812,249.0,0.3142857142857143,0.4718606023413897,0.5886259473830403,0.09533487899370423,0.31234636801946647
含流動性閘(與①池可比),可判,建表年份 2010-2021,6 三閘全不過,1m,True,50,0,0,40,-0.13640052706793085,0.12,0.0,0.02,0.6003441652726349,中,0.58,0.018576891563222002,0.03281117153313658,-0.09456777012163535,0.13069884046425678,1.1303896031543283,0.7798108439136345,1.0,0.36593887826671284,3.0,0.8676975522590884,0.02122886553845293,0.004618083305405197,47.0,0.22,0.42857142857142855,0.7200555555555552,-0.026691907892941916,0.09108771143289535
含流動性閘(與①池可比),可判,建表年份 2010-2021,6 三閘全不過,3m,True,50,0,0,40,-0.19621090986140724,0.2,0.0,0.08,0.7937655419583793,中,0.42,-0.0610011601171904,0.015406146860658722,-0.16230788139415123,0.19047473373332113,1.5778928718874488,1.7423375711004994,1.0,1.0304530381770491,3.0,2.660840177432681,-0.0004787387535804759,-0.02722036987830891,47.0,0.22,0.27450980392156865,0.5686274509803921,-0.07292875208183303,0.10630526054757722
含流動性閘(與①池可比),可判,建表年份 2010-2021,6 三閘全不過,6m,True,50,0,0,40,-0.22188903029027118,0.36,0.02,0.12,1.7790592232843698,中,0.5,0.020046760703106202,0.16003683566558013,-0.27625887575889857,0.35403335154523863,2.1086199508629515,1.2246289109522523,1.0,0.22233121717077292,3.0,0.627675877370731,0.1269955624488702,0.06338890896548045,47.0,0.22,0.3673469387755102,0.64,-0.012247394968343308,0.3662534143964863
含流動性閘(與①池可比),可判,建表年份 2010-2021,6 三閘全不過,12m,True,50,0,0,40,-0.31432103873802875,0.5,0.02,0.3,3.325551342451199,中,0.56,0.09876622857047046,0.37399139082307925,-0.2930110653144899,0.8971203726632863,2.5871389932322755,2.1888989636291227,1.0,0.17784106394173055,3.0,0.44231904906581715,0.3137554734429135,0.22188071752703448,47.0,0.22,0.423,0.6981132075471698,0.14023948902055933,0.6275321130256545
含流動性閘(與①池可比),可判,建表年份 2010-2021,9 負債閘資料不足(不納入五組),1m,True,919,0,0,429,-0.0972545650428177,0.05767138193688792,0.001088139281828074,0.014145810663764961,2.372351894018505,高,0.4820457018498368,-0.004346946016584,0.0027173497888116917,-0.0825254091793208,0.06944857393684215,1.128937292188721,0.9083055117449996,10.0,3.1414864441611963,46.0,8.09853503751257,-0.005883184983613845,-0.020305586789882646,568.0,0.2295973884657236,0.44094377391381423,0.52264050066313,-0.01028065171715292,0.01642926641208764
含流動性閘(與①池可比),可判,建表年份 2010-2021,9 負債閘資料不足(不納入五組),3m,True,919,0,0,429,-0.1473457082793411,0.1512513601741023,0.003264417845484222,0.042437431991294884,5.568859593895285,高,0.4548422198041349,-0.0206020388329052,0.016108433332139738,-0.1546526188438926,0.13465748146177597,1.410506956623061,1.0869761487099163,10.0,1.363474394409999,46.0,2.8179833830740155,-0.00591941452499405,-0.0308279382944394,568.0,0.2295973884657236,0.4165725510156122,0.4930587121212121,-0.009357452349587517,0.043269946512469334
含流動性閘(與①池可比),可判,建表年份 2010-2021,9 負債閘資料不足(不納入五組),6m,True,919,0,0,429,-0.2029988712104096,0.28618063112078346,0.008705114254624592,0.11860718171926006,7.487853119910277,高,0.44504896626768226,-0.0462463186888528,0.00638981449292593,-0.23956787769870969,0.16055005820978901,1.3048119183081714,0.9676724962710642,10.0,4.1593172031288335,46.0,9.440867759373743,-0.020409535020094956,-0.05677754551115516,568.0,0.2295973884657236,0.4033197222699176,0.48924776745033716,-0.030080267731398918,0.04717211996185754
含流動性閘(與①池可比),可判,建表年份 2010-2021,9 負債閘資料不足(不納入五組),12m,True,919,0,0,429,-0.2903052732276174,0.4515778019586507,0.041349292709466814,0.2470076169749728,8.63523726688489,高,0.4352557127312296,-0.067450614165731,0.021933477817258223,-0.37130752561536506,0.2645235428850661,1.442555262820967,0.9898445000416383,10.0,1.855786144943784,46.0,4.302044295312622,-0.018976861106600282,-0.07624154039325678,568.0,0.2295973884657236,0.39013009754321415,0.4834664304763836,-0.03401102153638943,0.07807453187983467
含流動性閘(與①池可比),可判,驗證年份 2022-2026,0 全部觸發(不分閘),1m,True,5447,88,12,2079,-0.0889223529615023,0.03451441160271709,0.0005507618872774004,0.005507618872774004,1.7398342065474424,高,0.4848540480998715,-0.0044859963437546,0.008785472516934694,-0.08467158078822659,0.0796722445585178,1.2369714193084718,1.0242978998408097,55.0,0.9719327449530658,273.0,2.6879845549929433,0.0002490993288089719,-0.015612215736636709,1575.0,0.0,0.4662483618417008,0.5029086534869097,0.0022115686902993387,0.015373253416309197
含流動性閘(與①池可比),可判,驗證年份 2022-2026,0 全部觸發(不分閘),3m,True,5110,425,12,1988,-0.14978358854961898,0.15264187866927592,0.0013698630136986301,0.034833659491193734,16.6471220607926,高,0.4688845401174168,-0.01655057768482255,0.016708924491885657,-0.1611995090177815,0.1393489083172416,1.3321839005776674,1.001324644013847,52.0,1.097322913698926,256.0,2.7152462055139335,-0.00164287936248007,-0.03017144371471987,1511.0,0.0,0.44818870931017196,0.4898771579138941,0.0024556776408069564,0.03178102765618663
含流動性閘(與①池可比),可判,驗證年份 2022-2026,0 全部觸發(不分閘),6m,True,4513,1022,12,1815,-0.2166457690603639,0.2924883669399512,0.004874806115665854,0.1072457345446488,5.701597369111421,高,0.4167959228894305,-0.0591339902149948,0.00372449410105671,-0.2585369976734315,0.1580080264866543,1.4350817592153469,0.9634361472307624,46.0,6.75265323136933,226.0,18.008688256155548,-0.021646359528722427,-0.06668834842860633,1374.0,0.0,0.39544821713389744,0.4374639468265614,-0.016066200319984673,0.02371499929059091
含流動性閘(與①池可比),可判,驗證年份 2022-2026,0 全部觸發(不分閘),12m,True,3831,1704,12,1646,-0.2850581546177719,0.4306969459671104,0.024797702949621508,0.20595144870790916,9.355625301048798,高,0.4035499869485774,-0.1023034888233429,0.006706050788661597,-0.3669390963468861,0.2010544233523767,1.5275417546112902,0.918678238512031,39.0,5.819355087917123,192.0,14.77001163849741,-0.03265123312095657,-0.09721454368532831,1179.0,0.0,0.38273335005424985,0.42562210872283984,-0.022484149986858364,0.03958329097492482
含流動性閘(與①池可比),可判,驗證年份 2022-2026,1 過三閘(現行①池),1m,True,1062,16,6,517,-0.07934151512188314,0.018832391713747645,0.0,0.0018832391713747645,0.7266316573582035,高,0.4896421845574388,-0.0025113349738109,0.00490222629481981,-0.07019510512175232,0.07456501850979291,1.1563138427142396,1.1139935652845543,11.0,1.0229452235542738,54.0,3.1165652557048404,-0.00011365994700254157,-0.010931732664676405,639.0,0.0,0.4577365660458146,0.5210998078757135,-0.0036473460617487585,0.013019333500510676
含流動性閘(與①池可比),可判,驗證年份 2022-2026,1 過三閘(現行①池),3m,True,996,82,6,498,-0.127766037352665,0.11144578313253012,0.0,0.014056224899598393,1.5379776085719985,高,0.49096385542168675,-0.0045865716195174,0.005187387573527262,-0.1360868864248339,0.12357824281752461,1.10308188257213,0.9596147912530355,10.0,1.7672406905653726,50.0,5.559737115270664,-0.004020339680371899,-0.024903288748102378,600.0,0.0,0.4543627206509303,0.5283033732360869,-0.010087454340244146,0.0208093702831164
含流動性閘(與①池可比),可判,驗證年份 2022-2026,1 過三閘(現行①池),6m,True,882,196,6,463,-0.1826230289213024,0.2256235827664399,0.0,0.05668934240362812,3.397946482669285,高,0.40589569160997735,-0.0540672090164737,-0.010473904959742583,-0.2184341408164516,0.12154778447857552,1.3417782713501123,1.010321156801389,9.0,-1.6399891053625364,45.0,-4.560203530306307,-0.027936056788285167,-0.0613680671683746,539.0,0.0,0.3706138599293761,0.4414836457861713,-0.035546995907496236,0.013683556250201376
含流動性閘(與①池可比),可判,驗證年份 2022-2026,1 過三閘(現行①池),12m,True,741,337,6,415,-0.2467284705883918,0.37112010796221323,0.005398110661268556,0.1417004048582996,3.061586771067589,高,0.4048582995951417,-0.1176328891563713,-0.018825649665784257,-0.3319131887323034,0.1848170007496163,1.3188810238375128,0.9045181456984116,8.0,-1.2723684700651594,38.0,-3.619286906742945,-0.04324570290887371,-0.09166167576949702,461.0,0.0,0.36338962871505426,0.444743757134888,-0.05635465172579226,0.021110609906400183
含流動性閘(與①池可比),可判,驗證年份 2022-2026,2 只不過負債閘,1m,True,1855,22,2,836,-0.0752688125616015,0.01725067385444744,0.0,0.0005390835579514825,1.7398342065474424,高,0.508355795148248,0.0016930357019586,0.005987336384234944,-0.0730075430558991,0.06934567025031241,1.0976250419577214,0.906031517666016,19.0,1.039333498079032,93.0,2.8964948595943665,-0.00023794000551815482,-0.01195427764631102,941.0,0.0,0.48148096129837703,0.5333716554256428,-0.001391963768608453,0.013637668913409057
含流動性閘(與①池可比),可判,驗證年份 2022-2026,2 只不過負債閘,3m,True,1751,126,2,809,-0.1285706492886956,0.09937178754997145,0.0,0.010850942318675044,1.262879736104682,高,0.47058823529411764,-0.0120758208649399,0.005220675119468258,-0.13885409025716888,0.13128571752113755,1.1980471699674249,1.0829051093505015,18.0,1.7257629005734296,88.0,5.5833126831835225,-0.0038283269060687248,-0.02519416977974083,903.0,0.0,0.44089077811264854,0.4986114346567273,-0.007285722811673649,0.017829766117253232
含流動性閘(與①池可比),可判,驗證年份 2022-2026,2 只不過負債閘,6m,True,1530,347,2,736,-0.19016207993310974,0.234640522875817,0.00065359477124183,0.06209150326797386,3.829107884376026,高,0.39738562091503266,-0.05929437711876915,-0.02701052004987699,-0.22987906044117495,0.12238224729563513,1.2031308068521067,0.9421214478160048,16.0,-0.5610059893130761,77.0,-1.5867812202310334,-0.04260916966026943,-0.07357299945007176,814.0,0.0,0.36834994203130655,0.42721678646617867,-0.04627863096602036,-0.00824738080331693
含流動性閘(與①池可比),可判,驗證年份 2022-2026,2 只不過負債閘,12m,True,1308,569,2,682,-0.2589358311918414,0.37767584097859325,0.012996941896024464,0.1529051987767584,9.355625301048798,高,0.3769113149847095,-0.10846121705856004,-0.04898947416254035,-0.3424639319931622,0.1324092513941715,1.2304742693134771,0.8163793169688255,14.0,-0.6393868690872089,66.0,-1.413636823913682,-0.08118161705606408,-0.12452623257674786,698.0,0.0,0.34925066610077576,0.404632660554177,-0.07928077827214715,-0.014084050651388624
含流動性閘(與①池可比),可判,驗證年份 2022-2026,3 只不過現金流閘,1m,True,379,7,1,204,-0.1111111009613201,0.0633245382585752,0.002638522427440633,0.021108179419525065,1.16568438388532,高,0.46701846965699206,-0.0116553250445538,0.005650168259846378,-0.09981467116134335,0.1050064035938933,1.233358669024918,1.3263174880273414,4.0,1.5171105452836515,19.0,4.609236559980996,-0.0029529270467513603,-0.021469080195748842,236.0,0.0,0.4145699884967004,0.5204689608636978,-0.016081878385309934,0.027115458871003487
含流動性閘(與①池可比),可判,驗證年份 2022-2026,3 只不過現金流閘,3m,True,359,27,1,197,-0.2026162155527956,0.22284122562674094,0.005571030640668524,0.07799442896935933,2.005349016365627,高,0.4373259052924791,-0.0322515482083851,-0.007611868519729418,-0.20455727459424367,0.1367880262730277,1.205396198780567,0.904445785012683,4.0,-1.8729224649777219,18.0,-5.5054761685396825,-0.02211471154200748,-0.052132726398485124,225.0,0.0,0.38226927914159264,0.49128104364053976,-0.04266797200079482,0.028406436539301527
含流動性閘(與①池可比),可判,驗證年份 2022-2026,3 只不過現金流閘,6m,True,323,63,1,174,-0.2727272964670493,0.38390092879256965,0.018575851393188854,0.17027863777089783,5.701597369111421,高,0.42724458204334365,-0.080131118055214,0.017632276750977872,-0.30970774473525586,0.23340585235584949,1.474178457340061,1.0628066053886083,4.0,2.4845144345805514,17.0,5.136323428035319,-0.026503587148854733,-0.07698462160437625,207.0,0.0,0.3723690567539148,0.4824313656289472,-0.04298086098219654,0.08930959584059003
含流動性閘(與①池可比),可判,驗證年份 2022-2026,3 只不過現金流閘,12m,True,280,106,1,150,-0.3547693617318757,0.5392857142857143,0.05357142857142857,0.3142857142857143,4.364781379109621,高,0.4392857142857143,-0.09686167908449189,0.028089508011274213,-0.42792560293036797,0.2792528480914177,1.4378233742772193,0.8736948446553746,3.0,1.3356168233438868,14.0,3.8690902589919896,-0.009529412294044104,-0.08483298296318346,177.0,0.0,0.37930024245689653,0.496846641910336,-0.05295289972322754,0.11150947513963914
含流動性閘(與①池可比),可判,驗證年份 2022-2026,4 只不過市值閘,1m,True,138,1,0,97,-0.10171531552951796,0.043478260869565216,0.0,0.007246376811594203,1.661651513551652,高,0.5,-0.0011840838145613498,0.045111512221107486,-0.08952197850744398,0.08126465168659092,1.8173511110023106,0.9067317224978609,2.0,0.5103683466348515,7.0,1.1709683959041814,0.0224128482016027,-0.008124768836741524,125.0,0.0,0.41427339901477833,0.5797101449275363,-0.0005570543272592968,0.09454747622598028
含流動性閘(與①池可比),可判,驗證年份 2022-2026,4 只不過市值閘,3m,True,126,13,0,88,-0.1667439813568232,0.23015873015873015,0.0,0.03968253968253968,2.280974557864144,高,0.4444444444444444,-0.0495163118248265,0.03241425763038584,-0.2525976275484418,0.14125295368191879,1.5777413867937138,0.7347591910573936,2.0,0.9954449613334229,7.0,2.558605203355366,0.00015002961938474196,-0.05349285593536312,116.0,0.0,0.36220472440944884,0.5317460317460317,-0.041010176998115495,0.11737439277314292
含流動性閘(與①池可比),可判,驗證年份 2022-2026,4 只不過市值閘,6m,True,105,34,0,75,-0.274968247631792,0.41904761904761906,0.0,0.11428571428571428,1.4118443205323734,高,0.3619047619047619,-0.1244732065569079,-0.0418214454132689,-0.3084761073295176,0.0830755284873272,1.3401961830791407,0.7336762750771414,2.0,-0.6206013076759511,6.0,-1.701266076816329,-0.06909192580769329,-0.11981757006788239,98.0,0.0,0.27184466019417475,0.45794392523364486,-0.11711301357771721,0.04203273256297464
含流動性閘(與①池可比),可判,驗證年份 2022-2026,4 只不過市值閘,12m,True,89,50,0,65,-0.3471234513811971,0.5393258426966292,0.011235955056179775,0.24719101123595505,5.366672695005573,中,0.3595505617977528,-0.1999233981922163,0.11420625041819836,-0.4660462660242217,0.1995036900203599,2.6231510734418086,1.629872119128899,1.0,0.5279894312395819,5.0,1.6813498280411856,0.054519131729705454,-0.08244621914817211,84.0,0.0,0.2584179050380573,0.45979271600154964,-0.07823233190273368,0.3271680067783029
含流動性閘(與①池可比),可判,驗證年份 2022-2026,4a 只不過市值閘(1 億至 5 億),1m,True,135,1,0,95,-0.1011578222332461,0.044444444444444446,0.0,0.007407407407407408,1.661651513551652,高,0.4962962962962963,-0.0026374540203295,0.04249855714015325,-0.09486155235662894,0.0801955381591397,1.786261502447198,0.8538817857280856,2.0,0.5537863531097801,7.0,1.2705849056868292,0.019248600622750547,-0.012128345235978763,123.0,0.0,0.4153703703703704,0.5808993012098456,-0.0020482682687421425,0.09424185291672346
含流動性閘(與①池可比),可判,驗證年份 2022-2026,4a 只不過市值閘(1 億至 5 億),3m,True,124,12,0,87,-0.1663237700082608,0.23387096774193547,0.0,0.04032258064516129,2.280974557864144,高,0.4435483870967742,-0.0495163118248265,0.029905893745840455,-0.253122251658749,0.13959208986766752,1.555575482594407,0.703327497200068,2.0,1.0963403701152759,7.0,2.817937992139705,-0.002928376755251563,-0.0576197905406206,114.0,0.0,0.3583180894308943,0.5284552845528455,-0.04352375299985465,0.10881279800555178
含流動性閘(與①池可比),可判,驗證年份 2022-2026,4a 只不過市值閘(1 億至 5 億),6m,True,104,32,0,74,-0.2764219663932253,0.4230769230769231,0.0,0.11538461538461539,1.4118443205323734,高,0.36538461538461536,-0.1244130710035764,-0.04086336095542834,-0.3105687180069622,0.08435634735351905,1.3304750452570049,0.7295015329411529,2.0,-0.6412591881448002,6.0,-1.7578959144043127,-0.06838241303101689,-0.11959670620093543,97.0,0.0,0.27356346483704974,0.4630225522552252,-0.11874113150729182,0.03993073527569578
含流動性閘(與①池可比),可判,驗證年份 2022-2026,4a 只不過市值閘(1 億至 5 億),12m,True,88,48,0,64,-0.34448504999771157,0.5340909090909091,0.011363636363636364,0.23863636363636365,5.366672695005573,中,0.36363636363636365,-0.18891093016613292,0.1211671436348758,-0.46480683093570674,0.22948053045697014,2.6382689722596724,1.6871842138966187,1.0,0.5033123267514765,5.0,1.6027671085154926,0.06087397637774131,-0.07743530187707279,83.0,0.0,0.26744186046511625,0.4659090909090909,-0.06018699808894662,0.3473006792250166
含流動性閘(與①池可比),可判,驗證年份 2022-2026,4b 只不過市值閘(低於 1 億),1m,True,3,0,0,3,-0.1606694753504628,0.0,0.0,0.0,0.3374968278342563,"低(樣本不足,只報樣本數)",,,,,,,,,,,,,,,,,,,
含流動性閘(與①池可比),可判,驗證年份 2022-2026,4b 只不過市值閘(低於 1 億),3m,True,2,1,0,2,-0.1907120868293627,0.0,0.0,0.0,0.4984171825768408,"低(樣本不足,只報樣本數)",,,,,,,,,,,,,,,,,,,
含流動性閘(與①池可比),可判,驗證年份 2022-2026,4b 只不過市值閘(低於 1 億),6m,True,1,2,0,1,-0.2207546983082626,0.0,0.0,0.0,-0.1414622290286862,"低(樣本不足,只報樣本數)",,,,,,,,,,,,,,,,,,,
含流動性閘(與①池可比),可判,驗證年份 2022-2026,4b 只不過市值閘(低於 1 億),12m,True,1,2,0,1,-0.5471697969978151,1.0,0.0,1.0,-0.4983523526494167,"低(樣本不足,只報樣本數)",,,,,,,,,,,,,,,,,,,
含流動性閘(與①池可比),可判,驗證年份 2022-2026,5 不過兩閘(補完),1m,True,693,22,2,412,-0.1196580992938609,0.06060606060606061,0.0,0.011544011544011544,1.6731830654544644,高,0.44733044733044736,-0.0229264275629088,0.014381729076424423,-0.1089245413867486,0.1002880869705602,1.4942871502151631,1.2622627488880414,7.0,0.7497120813731034,35.0,2.2539891981221825,0.003636303373904349,-0.018993816577696148,413.0,0.0,0.406334394623913,0.4892774325795913,-0.003428883980849592,0.032185075259055694
含流動性閘(與①池可比),可判,驗證年份 2022-2026,5 不過兩閘(補完),3m,True,650,65,2,384,-0.1941705388865436,0.2169230769230769,0.003076923076923077,0.07230769230769231,2.4038150819821142,高,0.4676923076923077,-0.0202772249280888,0.04527188609561994,-0.19079934798483922,0.19788860154590793,1.5927856167383598,1.248905362839326,7.0,0.42970600119260216,33.0,1.3151687813149133,0.026099354931206357,-0.015031418735137213,394.0,0.0,0.42857142857142855,0.5113499199551471,0.011000262279314124,0.08308420924646606
含流動性閘(與①池可比),可判,驗證年份 2022-2026,5 不過兩閘(補完),6m,True,581,134,2,350,-0.2684502106353336,0.37865748709122204,0.010327022375215147,0.18416523235800344,5.019270057208198,高,0.4664371772805508,-0.031484776002423,0.05732283299787773,-0.3062454301198065,0.2358071093559466,1.5355872873064864,0.9530177898135487,6.0,0.501509662330769,30.0,1.5447629232984845,0.028873051021205676,-0.03292757299086571,354.0,0.0,0.4239675396081945,0.5090261628771433,0.007242638015344405,0.10796749619019615
含流動性閘(與①池可比),可判,驗證年份 2022-2026,5 不過兩閘(補完),12m,True,482,233,2,298,-0.34686720333126997,0.5124481327800829,0.04149377593360996,0.2946058091286307,8.614873204074891,高,0.42323651452282157,-0.08088574677451435,0.08737506399843697,-0.41443275254071893,0.31931150843328165,1.9066278448740328,1.1783798246591517,5.0,0.6847389978944887,25.0,1.5998570977072237,0.027834691851901364,-0.05527975975843577,301.0,0.0,0.3779181016714759,0.46723090558268787,0.012927790911577582,0.17031751029082148
含流動性閘(與①池可比),可判,驗證年份 2022-2026,6 三閘全不過,1m,True,97,2,0,69,-0.1323529888704981,0.08247422680412371,0.0,0.020618556701030927,1.2535425679632866,中,0.422680412371134,-0.0341808071579642,0.01688726636346438,-0.1450226035483718,0.1232657250602122,1.63523028427942,1.1408888560690444,1.0,0.7652582116731843,5.0,2.3677331872880134,0.004005440305132908,-0.02435256131352859,90.0,0.0,0.3229166666666667,0.5346709670967096,-0.03396622316341804,0.07440551397411735
含流動性閘(與①池可比),可判,驗證年份 2022-2026,6 三閘全不過,3m,True,91,8,0,66,-0.2302520889875937,0.3626373626373626,0.0,0.15384615384615385,16.6471220607926,中,0.43956043956043955,-0.0491896079330997,0.26281708777659585,-0.296020649891814,0.27594482004492504,3.454136119397613,1.3892175792539305,1.0,0.6960559863480374,5.0,1.0480042796317413,0.08076925474308472,-0.01334985340232682,84.0,0.0,0.33707865168539325,0.5454779756326147,-0.0189682226931357,0.6769457530712275
含流動性閘(與①池可比),可判,驗證年份 2022-2026,6 三閘全不過,6m,True,85,14,0,61,-0.2936507996578126,0.4470588235294118,0.0,0.29411764705882354,3.194321501805022,中,0.4235294117647059,-0.0847437747454552,0.10880404722723602,-0.3890610035078536,0.3219416301473652,2.0689503903613162,1.9470970585747054,1.0,0.3453938885556903,5.0,1.152700566257921,0.0720716965775005,-0.017652842099174545,78.0,0.0,0.3048780487804878,0.5357142857142857,-0.05207760287088545,0.2819844686199522
含流動性閘(與①池可比),可判,驗證年份 2022-2026,6 三閘全不過,12m,True,66,33,0,46,-0.3125701552592526,0.48484848484848486,0.045454545454545456,0.3484848484848485,3.904266355596894,中,0.4696969696969697,-0.0191005371897421,0.27903440725994233,-0.39024011628377386,0.5788335627913174,2.647231324351452,2.1486776112949935,1.0,0.21200091925319148,4.0,0.607005886972235,0.2232616080547585,0.11673364579730724,60.0,0.0,0.3484848484848485,0.5882352941176471,0.04181492606432022,0.5249000801298408
含流動性閘(與①池可比),可判,驗證年份 2022-2026,9 負債閘資料不足(不納入五組),1m,True,1223,18,1,530,-0.0955224648119752,0.04578904333605887,0.001635322976287817,0.006541291905151268,1.286506624401238,高,0.47506132461161077,-0.0074977173996935,0.009460662254845495,-0.0905927149263599,0.08711701596206195,1.2839552980414548,1.0578158887326294,13.0,0.8969964127673766,62.0,2.7285086554851388,0.0009849517927775983,-0.01722611468958759,530.0,0.0,0.4426889894955159,0.5108540745488717,-0.004022109035187583,0.022692267271092057
含流動性閘(與①池可比),可判,驗證年份 2022-2026,9 負債閘資料不足(不納入五組),3m,True,1137,104,1,502,-0.1658943436683405,0.1864555848724714,0.002638522427440633,0.044854881266490766,4.868272778667764,高,0.46262093227792433,-0.0261413016318459,0.014406286177172122,-0.178883126022122,0.1477176096655308,1.3245904962304247,1.0055738839166088,12.0,1.193112905759726,57.0,3.1859348257803735,-0.0028117148759186092,-0.03315323836103877,504.0,0.0,0.4272518746845483,0.5017779194221782,-0.010638781479887074,0.041752602239227846
含流動性閘(與①池可比),可判,驗證年份 2022-2026,9 負債閘資料不足(不納入五組),6m,True,1007,234,1,445,-0.2382445068435099,0.3336643495531281,0.00893743793445879,0.13902681231380337,5.371946352213611,高,0.42899702085402186,-0.0599860083594805,0.023352371519979185,-0.27202920387816887,0.18576144197665295,1.532880489793196,0.9643935924477803,11.0,1.3691991599685718,51.0,3.5481234545611535,-0.008716895261134013,-0.0626791408669588,460.0,0.0,0.393188783219016,0.46985914116595934,-0.013254517456533943,0.06543892298733842
含流動性閘(與①池可比),可判,驗證年份 2022-2026,9 負債閘資料不足(不納入五組),12m,True,865,376,1,396,-0.300964932049952,0.4658959537572254,0.04046242774566474,0.24161849710982658,7.160865750051727,高,0.41965317919075146,-0.0873768751765661,0.029084912048014156,-0.3885286267847464,0.2361714633499501,1.579120531914427,0.9480824954472706,9.0,1.4426051524365497,44.0,3.8614947040309784,-0.013008480280352716,-0.0876866849580979,398.0,0.0,0.3772704081632653,0.4624360385921079,-0.028791318745823892,0.0887578137766446
