事件表,版本,年份段,進場格,期,口徑,樣本N,未成熟,無進場點,簇數,可信度,勝率,平均超額,中位超額,贏家數,輸家數,贏家平均,輸家平均,贏家中位,輸家中位,平均盈虧比(贏家平均/|輸家平均|),中位盈虧比(贏家中位/|輸家中位|)=原表賠率欄,驗算平均(p x 贏家平均 - (1-p) x |輸家平均|),驗算差(個百分點),最大單筆超額,剔走前三大贏家後平均,前1%事件數,前1%佔總超額比例,前5%事件數,前5%佔總超額比例,剔走前1%後平均,剔走前5%後平均
events.csv(正本),A(淨現金 N2),全期 2010-2026,觸發日即買,1m,正本(120 日冷卻),579,7,0,461,高,0.5302245250431779,0.012257490594961751,0.0070506767349434,307,272,0.10289615545793705,-0.09004423776141111,0.0702328725420002,-0.06806626450788406,1.142728929868666,1.0318308643757759,0.012257490594961742,8.673617379884035e-16,0.7289663457738649,0.00880270306807405,6,0.49898795846468835,29,1.4425940060598874,0.006205455626736975,-0.005711142165089701
events.csv(正本),A(淨現金 N2),全期 2010-2026,觸發日即買,1m,同公司單注(365 曆日),458,6,0,381,高,0.5327510917030568,0.012567570937535437,0.0085494020491221,244,214,0.1003513690426742,-0.08752236708888445,0.0665252264889081,-0.06537080554882954,1.1465796959166004,1.0176595795383958,0.012567570937535445,8.673617379884035e-16,0.7289663457738649,0.008196082202459421,5,0.5279662271335355,23,1.435428368121667,0.005997796048208824,-0.005761615683447419
events.csv(正本),A(淨現金 N2),全期 2010-2026,觸發日即買,3m,正本(120 日冷卻),563,23,0,447,高,0.5168738898756661,0.029886348695716866,0.0065692937319077,291,272,0.1922962810850189,-0.1438683951472496,0.138848621065859,-0.12583023453989214,1.3366124011337115,1.1034599241872955,0.02988634869571688,1.3877787807814457e-15,1.5379776085719985,0.02402306253875849,6,0.32878717841485977,29,1.0779384157380643,0.020276187692756374,-0.002455791945600682
events.csv(正本),A(淨現金 N2),全期 2010-2026,觸發日即買,3m,同公司單注(365 曆日),442,22,0,367,高,0.5090497737556561,0.027110759338000296,0.0034462231027194,225,217,0.18512832837823842,-0.13673234220141708,0.1314270951936638,-0.1231460074798205,1.3539468818981422,1.0672460917192161,0.027110759338000293,3.469446951953614e-16,1.5379776085719985,0.020059982800086987,5,0.3842508160506161,23,1.184586605944826,0.0168844282582857,-0.005278981165748201
events.csv(正本),A(淨現金 N2),全期 2010-2026,觸發日即買,6m,正本(120 日冷卻),535,51,0,429,高,0.4485981308411215,0.02518100244791211,-0.0274120810396764,240,295,0.30179297698999197,-0.19985924802700028,0.18298398498314125,-0.1685701700398397,1.5100275817570414,1.0855063202457171,0.025181002447912146,3.469446951953614e-15,3.5697477446936787,0.010897407117330966,6,0.8929824995304568,27,2.1575170622129116,0.0027253728706838278,-0.030696614936495267
events.csv(正本),A(淨現金 N2),全期 2010-2026,觸發日即買,6m,同公司單注(365 曆日),425,39,0,354,高,0.43529411764705883,0.021234492220909774,-0.0437608019300717,185,240,0.3006440204846344,-0.1941436858157113,0.1971312626124526,-0.16374432259805943,1.5485645037666451,1.2038967793487871,0.021234492220909798,2.42861286636753e-15,2.4249454197243,0.008139187318402531,5,0.9374721121966176,22,2.4023083322364323,0.001343554470331197,-0.03140286546695131
events.csv(正本),A(淨現金 N2),全期 2010-2026,觸發日即買,12m,正本(120 日冷卻),492,94,0,399,高,0.4695121951219512,0.0516774554590902,-0.0248365002224366,231,261,0.43614895025148365,-0.2886019134950971,0.2647690878222981,-0.2708713296163376,1.5112476039036835,0.9774718062532394,0.051677455459090166,3.469446951953614e-15,3.600580356905249,0.03154065243111827,5,0.5830452033802187,25,1.6636804063183794,0.02176838636948707,-0.036133359317348526
events.csv(正本),A(淨現金 N2),全期 2010-2026,觸發日即買,12m,同公司單注(365 曆日),398,66,0,335,高,0.45979899497487436,0.04244324329871801,-0.02831741296912055,183,215,0.42078159605861415,-0.2795842848643564,0.2569299889981216,-0.2468465829730635,1.5050259218352038,1.0408488782936016,0.042443243298718014,6.938893903907228e-16,3.600580356905249,0.019677575501771044,4,0.6798521607400937,20,1.9501955981402073,0.013726063015330673,-0.04246321273912121
events.csv(正本),A(淨現金 N2),全期 2010-2026,跌勢衰竭,1m,正本(120 日冷卻),571,7,11,455,高,0.521891418563923,0.011309316770020917,0.004339500150311,298,273,0.10206529246369477,-0.0877576457087879,0.070465692948609,-0.0724586546616514,1.1630359000557615,0.9724951874645117,0.011309316770020922,5.204170427930421e-16,0.5057637588599584,0.008909264342551803,6,0.4025614514437057,29,1.4537928889537894,0.006828373532133982,-0.00540668261836
events.csv(正本),A(淨現金 N2),全期 2010-2026,跌勢衰竭,1m,同公司單注(365 曆日),450,7,9,375,高,0.5088888888888888,0.008574081672356654,0.0020745958873744,229,221,0.09906655440744228,-0.08519413668209858,0.0694674870825418,-0.0649235700280009,1.1628330101766104,1.0699887121515523,0.008574081672356647,6.938893903907228e-16,0.4546889431808616,0.0057203034522803975,5,0.521124946624984,23,1.8746471956289077,0.004152047681620657,-0.007903239860465996
events.csv(正本),A(淨現金 N2),全期 2010-2026,跌勢衰竭,3m,正本(120 日冷卻),556,22,11,443,高,0.48381294964028776,0.022088279959538902,-0.006900375947679151,269,287,0.20244979101903382,-0.14696135932618973,0.1404846367339762,-0.1268683792247197,1.3775715735568568,1.1073258568641307,0.022088279959538923,2.0816681711721685e-15,2.921219219496061,0.011452533885420694,6,0.6888091512922149,28,1.6133146458692011,0.0069486560844179545,-0.014265470595249758
events.csv(正本),A(淨現金 N2),全期 2010-2026,跌勢衰竭,3m,同公司單注(365 曆日),438,19,9,364,高,0.4726027397260274,0.011709248647507437,-0.0088755749418851,207,231,0.18857325866893956,-0.14677927981325634,0.1336295512010612,-0.1269658973581364,1.284740318312344,1.052483808499604,0.011709248647507484,4.683753385137379e-15,1.8661342617849628,0.002545638212166591,5,1.0798363334423935,22,2.722829658997074,-0.0009456182077816354,-0.02123988436122541
events.csv(正本),A(淨現金 N2),全期 2010-2026,跌勢衰竭,6m,正本(120 日冷卻),523,55,11,423,高,0.4397705544933078,0.0073781841988944255,-0.0443549147637739,230,293,0.29079716276107626,-0.21510087747107762,0.19962845198628465,-0.1848432587898638,1.3519106299330497,1.0799877328132867,0.007378184198894425,8.673617379884035e-17,2.7093591860815387,-0.005131049640239751,6,2.7703117847936958,27,6.850679740050455,-0.013213272740633258,-0.04551723072593779
events.csv(正本),A(淨現金 N2),全期 2010-2026,跌勢衰竭,6m,同公司單注(365 曆日),421,36,9,352,高,0.43942992874109266,0.0037648208585321415,-0.0525559644537735,185,236,0.28640334309911014,-0.21779503767751413,0.1883052122455037,-0.18967585879458185,1.3150131708840094,0.9927737427536176,0.003764820858532178,3.642919299551295e-15,2.7093591860815387,-0.011822838678240265,5,5.771298873578366,22,13.375083811169496,-0.01817898799174955,-0.04915884438640501
events.csv(正本),A(淨現金 N2),全期 2010-2026,跌勢衰竭,12m,正本(120 日冷卻),490,88,11,397,高,0.46122448979591835,0.05613802887014402,-0.04213624622797775,226,264,0.445601265034706,-0.27726610511921584,0.25873617544193084,-0.23813279907510393,1.6071249128814762,1.0865205315977027,0.05613802887014399,2.7755575615628914e-15,4.59119401420062,0.03196209911271729,5,0.6173397097684166,25,1.6890471774028415,0.021703256218627603,-0.040761414334595
events.csv(正本),A(淨現金 N2),全期 2010-2026,跌勢衰竭,12m,同公司單注(365 曆日),396,61,9,333,高,0.4494949494949495,0.029723913880729893,-0.04667451987779345,178,218,0.4026152683121396,-0.2747470085449165,0.2507103951019336,-0.23461890529783652,1.4654036469566103,1.0685856486444252,0.029723913880729952,5.898059818321144e-15,4.59119401420062,0.005903929034131363,4,0.9899021268186206,20,2.6994674048665286,0.00030321105070778656,-0.05320178144415597
events.csv(正本),A(淨現金 N2),全期 2010-2026,買方回來,1m,正本(120 日冷卻),566,6,17,454,高,0.47703180212014135,5.001915184659447e-05,-0.0069901188790798,270,296,0.09703797058773839,-0.08841872033359524,0.0627122769436745,-0.0679270871823732,1.0974821872746354,0.9232292969563411,5.0019151846603105e-05,8.632959798415829e-16,0.560873599843575,-0.0024809871402912747,6,91.39492391443852,29,320.5851460266616,-0.004569921826424484,-0.016848647892021208
events.csv(正本),A(淨現金 N2),全期 2010-2026,買方回來,1m,同公司單注(365 曆日),449,4,13,375,高,0.46325167037861914,-0.0034835165272203423,-0.0085513219200793,208,241,0.09363172475587965,-0.08730082020724025,0.0591999536694456,-0.069239216883346,1.072518271118309,0.8550061126367949,-0.0034835165272203497,7.37257477290143e-16,0.560873599843575,-0.0066347456970498875,5,-1.3317434108052288,23,-4.432643585348198,-0.008214138180722834,-0.019946460019976648
events.csv(正本),A(淨現金 N2),全期 2010-2026,買方回來,3m,正本(120 日冷卻),545,27,17,439,高,0.47522935779816516,0.011783067228365056,-0.0113245413845222,259,286,0.1864306426034014,-0.14637679998189515,0.1255919503549403,-0.1339275435902982,1.2736351841716744,0.9377604261834476,0.011783067228365057,1.734723475976807e-16,2.3062305577382016,0.001609894000517879,6,1.3319587960871522,28,3.016851670988911,-0.003955034475290205,-0.0250517618215706
events.csv(正本),A(淨現金 N2),全期 2010-2026,買方回來,3m,同公司單注(365 曆日),432,21,13,363,高,0.45601851851851855,0.004309253595795394,-0.017358696449256653,197,235,0.18208072373446935,-0.14471619158428448,0.1293621465417531,-0.1289184356474748,1.2581917872570831,1.0034417955201662,0.004309253595795412,1.8214596497756474e-15,1.4945570917341993,-0.0041934202863383825,5,2.7889330532669687,22,7.208197257213931,-0.0077992351173978135,-0.02818820689012756
events.csv(正本),A(淨現金 N2),全期 2010-2026,買方回來,6m,正本(120 日冷卻),512,60,17,417,高,0.4375,-0.0037753987587190964,-0.05557803377806955,224,288,0.27339992624301324,-0.21935620709339979,0.20206395632747945,-0.2084034634760712,1.2463742415394798,0.9695806056058198,-0.0037753987587191007,4.3368086899420177e-16,2.3951213801980296,-0.015384813119096846,6,-4.960892603085507,26,-12.401521668919747,-0.02277160123653756,-0.05330287488925677
events.csv(正本),A(淨現金 N2),全期 2010-2026,買方回來,6m,同公司單注(365 曆日),414,39,13,349,高,0.4227053140096618,-0.010586371376703934,-0.062026292571169955,175,239,0.2700664730764798,-0.21608531605999745,0.2007575861252284,-0.2004074588766561,1.2498140919556706,1.0017470769328392,-0.010586371376703943,8.673617379884035e-16,2.3951213801980296,-0.023963258810679018,5,-1.7602870100374322,21,-4.301343638321844,-0.029578653509395748,-0.05912087764893633
events.csv(正本),A(淨現金 N2),全期 2010-2026,買方回來,12m,正本(120 日冷卻),482,90,17,393,高,0.43568464730290457,0.03348112455262003,-0.06188864952033425,210,272,0.43442321938928946,-0.2760697574903968,0.24414511339357492,-0.24054766974820865,1.57359945304549,1.014955221346072,0.033481124552620034,6.938893903907228e-16,4.318216874517566,0.012031719767906101,5,0.9426136962546509,25,2.585464404246554,0.0019414980041019948,-0.05598702239540559
events.csv(正本),A(淨現金 N2),全期 2010-2026,買方回來,12m,同公司單注(365 曆日),390,63,13,330,高,0.4256410256410256,0.01003365033717155,-0.06408617295787694,166,224,0.39036246410370556,-0.2718171670076706,0.2419899326675784,-0.2360272241807948,1.4361214503154969,1.025262799693887,0.010033650337171546,3.469446951953614e-16,4.318216874517566,-0.013482648576022993,4,2.766235978144221,20,7.056517897849139,-0.017905439753565292,-0.06405379273150652
events.csv(正本),A(淨現金 N2),建表年份 2010-2021,觸發日即買,1m,正本(120 日冷卻),253,0,0,209,高,0.541501976284585,0.016979486454348963,0.0093013076473986,137,116,0.10214252945451023,-0.08360100398549666,0.0711105033127568,-0.059805112918507694,1.2217859186503335,1.1890371883362914,0.016979486454348963,0.0,0.7289663457738649,0.009861777052840467,3,0.4260816420319787,13,1.116638062535977,0.009861777052840467,-0.0020877290163810644
events.csv(正本),A(淨現金 N2),建表年份 2010-2021,觸發日即買,1m,同公司單注(365 曆日),215,0,0,182,高,0.5534883720930233,0.01678787626291271,0.0127494095774485,119,96,0.09718605245640262,-0.08287236297693416,0.0689388286154182,-0.05584282856758615,1.1727196976807863,1.2345153421442838,0.016787876262912713,3.469446951953614e-16,0.7289663457738649,0.00839163956031159,3,0.5071117522134775,11,1.079441469698946,0.00839163956031159,-0.001405566255596635
events.csv(正本),A(淨現金 N2),建表年份 2010-2021,觸發日即買,3m,正本(120 日冷卻),253,0,0,209,高,0.5098814229249012,0.04017729525699618,0.0042188998701093,129,124,0.20206018079510177,-0.12823312598829106,0.1443816601305563,-0.1080291163110195,1.5757252990428685,1.3365069072200555,0.040177295256996204,2.0816681711721685e-15,0.9277172922980056,0.030393971352544312,3,0.2524741066298564,13,0.8437036916142803,0.030393971352544312,0.006619705921611126
events.csv(正本),A(淨現金 N2),建表年份 2010-2021,觸發日即買,3m,同公司單注(365 曆日),215,0,0,182,高,0.5069767441860465,0.03217745904427691,0.0035625338472697,109,106,0.18380389729120308,-0.12374029349265657,0.1352412269661331,-0.10651620789489655,1.4854005280188787,1.2696774475822552,0.03217745904427694,3.469446951953614e-15,0.90740439311383,0.021532722858373272,3,0.340150935127184,11,0.9750268759859009,0.021532722858373272,0.0008469015204011482
events.csv(正本),A(淨現金 N2),建表年份 2010-2021,觸發日即買,6m,正本(120 日冷卻),253,0,0,209,高,0.4624505928853755,0.03783706149683916,-0.0285656062050674,117,136,0.2992981004441886,-0.18709633230345413,0.1997991073803731,-0.1572815809579894,1.599700521968292,1.2703274354403924,0.037837061496839144,1.3877787807814457e-15,3.5697477446936787,0.012170549887668003,3,0.6821572661537088,13,1.4551770468104501,0.012170549887668003,-0.01815545068235629
events.csv(正本),A(淨現金 N2),建表年份 2010-2021,觸發日即買,6m,同公司單注(365 曆日),215,0,0,182,高,0.44651162790697674,0.02495455427848346,-0.0388471797512374,96,119,0.27741466827463057,-0.17871074776882845,0.1943712621940995,-0.1537003665067676,1.5523110486532166,1.2646115725790485,0.024954554278483476,1.734723475976807e-15,1.4852541670015609,0.0047619378870076235,3,0.8118382644838009,11,1.789569611381104,0.0047619378870076235,-0.02076579367954869
events.csv(正本),A(淨現金 N2),建表年份 2010-2021,觸發日即買,12m,正本(120 日冷卻),253,0,0,209,高,0.5059288537549407,0.06232704801033581,0.0167536199945559,128,125,0.4116997518980489,-0.29543060077068234,0.2519706027785139,-0.2676406495789809,1.3935582530179953,0.9414511703468169,0.06232704801033581,0.0,3.600580356905249,0.025858910338354066,3,0.5900289880759271,13,1.3905648672615911,0.025858910338354066,-0.025661321141415824
events.csv(正本),A(淨現金 N2),建表年份 2010-2021,觸發日即買,12m,同公司單注(365 曆日),215,0,0,182,高,0.4930232558139535,0.04667691187409644,-0.0130361950227181,106,109,0.38859357293124425,-0.28582919887872626,0.25176117522582575,-0.2468465829730635,1.3595307073442822,1.019909500846923,0.04667691187409642,2.0816681711721685e-15,3.600580356905249,0.010387628214067789,3,0.7805620776242184,11,1.738530097984454,0.010387628214067789,-0.036331105022046346
events.csv(正本),A(淨現金 N2),建表年份 2010-2021,跌勢衰竭,1m,正本(120 日冷卻),253,0,0,209,高,0.4980237154150198,0.009908450250938353,-0.0012362244031649,126,127,0.10493881030407738,-0.08437363925060111,0.07192050814234835,-0.0619869711375686,1.243739291514912,1.160252014616654,0.009908450250938373,2.0816681711721685e-15,0.4546889431808616,0.004787438094429141,3,0.5225620622825728,13,1.7389793908145093,0.004787438094429141,-0.007718756475748482
events.csv(正本),A(淨現金 N2),建表年份 2010-2021,跌勢衰竭,1m,同公司單注(365 曆日),215,0,0,182,高,0.4883720930232558,0.004611050005702517,-0.0043302323962612,105,110,0.09930532058734641,-0.085778935549503,0.0708660132167529,-0.0643584427268248,1.1576888889002048,1.1011144803106885,0.00461105000570252,3.469446951953614e-16,0.4546889431808616,-0.0011210214447443312,3,1.239723985574478,11,3.5170620986009773,-0.0011210214447443312,-0.012232129063152644
events.csv(正本),A(淨現金 N2),建表年份 2010-2021,跌勢衰竭,3m,正本(120 日冷卻),253,0,0,209,高,0.45849802371541504,0.026390182809561683,-0.0122016008919484,116,137,0.22083391225128798,-0.13824830343306788,0.1412708782291655,-0.1265113755870844,1.5973715898669487,1.1166654190074898,0.026390182809561694,1.0408340855860843e-15,2.921219219496061,0.002915535327812478,3,0.8908319891737656,13,1.6319154577862274,0.002915535327812478,-0.017579667525604567
events.csv(正本),A(淨現金 N2),建表年份 2010-2021,跌勢衰竭,3m,同公司單注(365 曆日),215,0,0,182,高,0.4372093023255814,0.007733877830524147,-0.0247015044802961,94,121,0.18997736621233,-0.13384370818509356,0.1336791406548756,-0.1243218446303141,1.419397062352821,1.0752667083760423,0.007733877830524191,4.423544863740858e-15,1.8661342617849628,-0.00907275125058355,3,2.1567489062468597,11,4.253010080484583,-0.00907275125058355,-0.026514961994829556
events.csv(正本),A(淨現金 N2),建表年份 2010-2021,跌勢衰竭,6m,正本(120 日冷卻),253,0,0,209,高,0.47035573122529645,0.01363497168410183,-0.0261706085447556,119,134,0.26273337441975486,-0.20757928149159,0.1883052122455037,-0.17535613165538266,1.265701338456552,1.0738444699246052,0.01363497168410184,1.0408340855860843e-15,2.2681717099013325,-0.007108585779887946,3,1.5151674980807885,13,3.315693299043406,-0.007108585779887946,-0.03328469324193691
events.csv(正本),A(淨現金 N2),建表年份 2010-2021,跌勢衰竭,6m,同公司單注(365 曆日),215,0,0,182,高,0.4604651162790698,0.005065669173165481,-0.0320152959120904,99,116,0.2528108571941579,-0.2063720343964746,0.1791817342586308,-0.18227751750715482,1.2250247856183203,0.98301609934751,0.005065669173165491,9.54097911787244e-16,2.2681717099013325,-0.016854724430074804,3,4.280818715277363,11,8.424743785329374,-0.016854724430074804,-0.0396393557748967
events.csv(正本),A(淨現金 N2),建表年份 2010-2021,跌勢衰竭,12m,正本(120 日冷卻),253,0,0,209,高,0.4901185770750988,0.043855077404565374,-0.0130750551857307,124,129,0.3827444268363109,-0.2818990259251745,0.24720041217932814,-0.2207059267852116,1.3577358970296838,1.120044285987393,0.043855077404565374,0.0,4.59119401420062,0.009460680586908068,3,0.7868320122337561,13,1.8280362868456006,0.009460680586908068,-0.03828058187379536
events.csv(正本),A(淨現金 N2),建表年份 2010-2021,跌勢衰竭,12m,同公司單注(365 曆日),215,0,0,182,高,0.4744186046511628,0.022871282423744064,-0.0291002175169793,102,113,0.3579278000919781,-0.2795691140555468,0.2256265494511642,-0.2154103037281944,1.280283772766338,1.0474269129477702,0.022871282423744088,2.42861286636753e-15,4.59119401420062,-0.015257240416080915,3,1.6577833464085276,11,3.2729987655607524,-0.015257240416080915,-0.05478958477417518
events.csv(正本),A(淨現金 N2),建表年份 2010-2021,買方回來,1m,正本(120 日冷卻),252,0,1,208,高,0.4603174603174603,-0.00765134206211694,-0.01210315878624025,116,136,0.08574017778910269,-0.08730881487639248,0.052818198416943,-0.06887916093350391,0.9820334626061458,0.7668240684280955,-0.007651342062116942,1.734723475976807e-16,0.3625591337089022,-0.011980513017267713,3,-0.5471648981570942,13,-1.9104791204735068,-0.011980513017267713,-0.023480359713300404
events.csv(正本),A(淨現金 N2),建表年份 2010-2021,買方回來,1m,同公司單注(365 曆日),215,0,0,182,高,0.4604651162790698,-0.009628515599640196,-0.0111118072630607,99,116,0.0781938669852343,-0.08458037659880031,0.0489479405066621,-0.06887916093350391,0.9244918281239173,0.7106349706251003,-0.009628515599640182,1.3877787807814457e-15,0.3455674544919285,-0.014566908497765043,3,-0.4917823168880655,11,-1.401233580693882,-0.014566908497765043,-0.0243669986415174
events.csv(正本),A(淨現金 N2),建表年份 2010-2021,買方回來,3m,正本(120 日冷卻),252,0,1,208,高,0.4126984126984127,-0.002743700448436012,-0.035017383143802844,104,148,0.19675709158195287,-0.14293344619952011,0.13073767896764416,-0.130085300667435,1.3765643858282168,1.0050150039770978,-0.00274370044843604,2.8189256484623115e-15,2.3062305577382016,-0.022219059944303246,3,-7.001801850647876,13,-12.887248375923495,-0.022219059944303246,-0.040174967775456163
events.csv(正本),A(淨現金 N2),建表年份 2010-2021,買方回來,3m,同公司單注(365 曆日),215,0,0,182,高,0.3953488372093023,-0.014398992782944754,-0.0402586916058472,85,130,0.17959476130029894,-0.14124106276045026,0.1321132113935352,-0.1300851006851535,1.2715477906371881,1.0155906456442723,-0.014398992782944764,1.0408340855860843e-15,1.4945570917341993,-0.028735687957809612,3,-0.9678268679728769,11,-1.9423303524149735,-0.028735687957809612,-0.04465106668889428
events.csv(正本),A(淨現金 N2),建表年份 2010-2021,買方回來,6m,正本(120 日冷卻),252,0,1,208,高,0.4444444444444444,-0.001175555285037443,-0.051260506386079596,112,140,0.24827437493708013,-0.2007354994627315,0.18570116994365743,-0.1778510431174127,1.2368234597347574,1.0441387730352656,-0.0011755552850374468,3.686287386450715e-16,1.8745145258363929,-0.021051304010849176,3,-16.694355606723093,13,-35.54941839063923,-0.021051304010849176,-0.04530291720689745
events.csv(正本),A(淨現金 N2),建表年份 2010-2021,買方回來,6m,同公司單注(365 曆日),215,0,0,182,高,0.42790697674418604,-0.01589898450555507,-0.0622143918171191,92,123,0.23038563282380142,-0.20011186901206557,0.1759332973776162,-0.1753113639332885,1.151284198989269,1.0035475934381777,-0.015898984505555033,3.816391647148976e-15,1.628229807121687,-0.03451572032782627,3,-1.1406465056737487,11,-2.324420632488378,-0.03451572032782627,-0.055704931897373855
events.csv(正本),A(淨現金 N2),建表年份 2010-2021,買方回來,12m,正本(120 日冷卻),252,0,1,208,高,0.44841269841269843,0.025452131623882945,-0.04433722141645155,113,139,0.38193395402410946,-0.26434963766550984,0.2418131794163545,-0.2076869757179829,1.4448060432274277,1.1643155695266678,0.025452131623882934,1.0408340855860843e-15,4.318216874517566,-0.0073129585015015,3,1.2839015442204191,13,2.900661675573659,-0.0073129585015015,-0.05100721576180338
events.csv(正本),A(淨現金 N2),建表年份 2010-2021,買方回來,12m,同公司單注(365 曆日),215,0,0,182,高,0.4418604651162791,0.008698288926646293,-0.0447669510536521,95,120,0.3559687325586188,-0.26622414561533186,0.2314719283006359,-0.20922529596782663,1.3371016056258065,1.1063285977438895,0.008698288926646314,2.0816681711721685e-15,4.318216874517566,-0.02747757977384498,3,4.114885227711536,11,7.579913216934887,-0.02747757977384498,-0.06032013259180901
events.csv(正本),A(淨現金 N2),驗證年份 2022-2026,觸發日即買,1m,正本(120 日冷卻),326,7,0,252,高,0.5214723926380368,0.008592874176480261,0.0068678967187516,170,156,0.10350348935481633,-0.0948353603127321,0.07021318930676075,-0.07254754539829494,1.0914018675470831,0.9678230865190781,0.008592874176480275,1.3877787807814457e-15,0.7225226504839646,0.0035774750802404455,4,0.7284432886664005,17,2.0131675007153342,0.0023624396417375646,-0.009184992874403703
events.csv(正本),A(淨現金 N2),驗證年份 2022-2026,觸發日即買,1m,同公司單注(365 曆日),243,6,0,199,高,0.51440329218107,0.008833555937716044,0.0057632114549774,125,118,0.10336475043280471,-0.09130542128165754,0.0642418100399655,-0.0706172281330662,1.132076814080368,0.9097186584400154,0.008833555937716044,0.0,0.7225226504839646,0.002086673176042068,3,0.766695111986822,13,2.1117168331491105,0.002086673176042068,-0.010375479644796246
events.csv(正本),A(淨現金 N2),驗證年份 2022-2026,觸發日即買,3m,正本(120 日冷卻),310,23,0,238,高,0.5225806451612903,0.021487608437640516,0.0090933891182227,162,148,0.18452132390847137,-0.15696821525340407,0.12719422834169844,-0.15128090104087882,1.1755330441298992,0.8407818003895169,0.021487608437640512,3.469446951953614e-16,1.5379776085719985,0.012330997768507644,4,0.5167215714334041,16,1.4353780607048872,0.01052024270657889,-0.0098643616331205
events.csv(正本),A(淨現金 N2),驗證年份 2022-2026,觸發日即買,3m,同公司單注(365 曆日),227,22,0,185,高,0.5110132158590308,0.022311902788002623,0.0033299123581691,116,111,0.1863728368996768,-0.14913916349086404,0.12989788005340414,-0.1427646798668348,1.2496572498952874,0.9098740681138199,0.022311902788002644,2.0816681711721685e-15,1.5379776085719985,0.009773480500624479,3,0.5677501981017306,12,1.464721919711142,0.009773480500624479,-0.01094755570792147
events.csv(正本),A(淨現金 N2),驗證年份 2022-2026,觸發日即買,6m,正本(120 日冷卻),282,51,0,220,高,0.43617021276595747,0.01382645301749175,-0.0262253966748348,123,159,0.3041661522408781,-0.21077595581569383,0.1719474954843034,-0.182281202758931,1.4430780354607728,0.9433089802008052,0.013826453017491816,6.591949208711867e-15,2.4249454197243,-0.004972973708497529,3,1.3558446787943996,15,3.9898446456621848,-0.004972973708497529,-0.04366135924885014
events.csv(正本),A(淨現金 N2),驗證年份 2022-2026,觸發日即買,6m,同公司單注(365 曆日),210,39,0,172,高,0.4238095238095238,0.01742585725720338,-0.048203112090731054,89,121,0.32570040039654874,-0.2093215339775217,0.1971312626124526,-0.182281202758931,1.5559813374553453,1.0814678619010483,0.017425857257203387,6.938893903907228e-16,2.4249454197243,-0.00786033522507621,3,1.4446291856693585,11,3.256268824526086,-0.00786033522507621,-0.04149074310911871
events.csv(正本),A(淨現金 N2),驗證年份 2022-2026,觸發日即買,12m,正本(120 日冷卻),239,94,0,190,高,0.4309623430962343,0.04040403740275071,-0.0885729250363874,103,136,0.46653242004992695,-0.28232554651386066,0.2824547115168263,-0.27943797482217736,1.6524626475026507,1.0107957291651881,0.04040403740275078,6.938893903907228e-15,3.061586771067589,0.0075118783530219845,3,0.8164147082876116,12,2.1040136783732795,0.0075118783530219845,-0.04696466863013229
events.csv(正本),A(淨現金 N2),驗證年份 2022-2026,觸發日即買,12m,同公司單注(365 曆日),183,66,0,153,高,0.4207650273224044,0.0374692610926723,-0.0885729250363874,77,106,0.46509238114304535,-0.27316262800052327,0.2667424590268668,-0.25583609029035936,1.7026208326790384,1.0426302978759927,0.03746926109267229,6.938893903907228e-16,3.061586771067589,-0.00570492704436217,2,0.8049130733605045,10,2.3808852298070566,0.0073905338517904744,-0.0547315439669476
events.csv(正本),A(淨現金 N2),驗證年份 2022-2026,跌勢衰竭,1m,正本(120 日冷卻),318,7,11,246,高,0.5408805031446541,0.0124238426484105,0.01049051260053405,172,146,0.09996027358062379,-0.09070126776488187,0.0692216771090209,-0.0799549026663243,1.1020824299803984,0.8657590066478306,0.012423842648410496,3.469446951953614e-16,0.5057637588599584,0.008455158624149584,4,0.41523121594567686,16,1.2728372345743757,0.007357624089478513,-0.0035692729303691537
events.csv(正本),A(淨現金 N2),驗證年份 2022-2026,跌勢衰竭,1m,同公司單注(365 曆日),235,7,9,193,高,0.5276595744680851,0.012199834048231717,0.0067965761591466,124,111,0.09886437336800734,-0.08461460627295903,0.0634678375241899,-0.0701571432818354,1.1684078875115234,0.9046525350843719,0.012199834048231738,2.0816681711721685e-15,0.4280877465827439,0.007466537767655712,3,0.395793398902238,12,1.3067112148112765,0.007466537767655712,-0.003943179782671946
events.csv(正本),A(淨現金 N2),驗證年份 2022-2026,跌勢衰竭,3m,正本(120 日冷卻),303,22,11,234,高,0.504950495049505,0.018496262068265754,0.0023690631078507,153,150,0.1885115030259522,-0.15491928370857438,0.1398341511141778,-0.1276084586612338,1.2168369134766313,1.0958062857369035,0.018496262068265767,1.3877787807814457e-15,0.9946850859458584,0.010309590048255851,4,0.5667165107579354,16,1.6653070067421967,0.008121337341012638,-0.012991724404267626
events.csv(正本),A(淨現金 N2),驗證年份 2022-2026,跌勢衰竭,3m,同公司單注(365 曆日),223,19,9,182,高,0.5067264573991032,0.015542005264778325,0.0023690631078507,113,110,0.18740524000452619,-0.1610084086042354,0.1313989810859055,-0.13865484764416885,1.1639469120223103,0.947669578946968,0.015542005264778322,3.469446951953614e-16,0.9946850859458584,0.004338076281080851,3,0.7246354998873812,12,2.0883568631499707,0.004338076281080851,-0.017877252728145457
events.csv(正本),A(淨現金 N2),驗證年份 2022-2026,跌勢衰竭,6m,正本(120 日冷卻),270,55,11,214,高,0.4111111111111111,0.0015153425923852776,-0.0614436128703211,111,159,0.32088356647834865,-0.22143983257328725,0.2202378809699219,-0.187193919965193,1.449077895107917,1.1765226189551088,0.0015153425923852826,4.98732999343332e-16,2.7093591860815387,-0.01892927176754829,3,13.35294686478881,14,35.79991712626028,-0.01892927176754829,-0.05561767613626181
events.csv(正本),A(淨現金 N2),驗證年份 2022-2026,跌勢衰竭,6m,同公司單注(365 曆日),206,36,9,170,高,0.4174757281553398,0.002407139365104148,-0.059752110157291746,86,120,0.3250737629199272,-0.228837274182519,0.2049756658769862,-0.1962638746108198,1.4205455124441424,1.044388154893209,0.002407139365104144,3.903127820947816e-16,2.7093591860815387,-0.02446988843678801,3,11.017505088306644,11,23.713856748842442,-0.02446988843678801,-0.057759673102440394
events.csv(正本),A(淨現金 N2),驗證年份 2022-2026,跌勢衰竭,12m,正本(120 日冷卻),237,88,11,188,高,0.43037974683544306,0.06925020912664782,-0.0723505839971009,102,135,0.5220154604915785,-0.2728390919046332,0.28056190693200633,-0.2385066263926563,1.9132722398667168,1.1763275141467724,0.06925020912664784,1.3877787807814457e-15,4.494961586543262,0.027449784639591038,3,0.6086319542851365,12,1.5652453676447116,0.027449784639591038,-0.04123100577951934
events.csv(正本),A(淨現金 N2),驗證年份 2022-2026,跌勢衰竭,12m,同公司單注(365 曆日),181,61,9,151,高,0.4198895027624309,0.03786377997604456,-0.0723505839971009,76,105,0.4625905546076193,-0.2695575045191906,0.27439289169362674,-0.2377589717575516,1.716110836657067,1.154080073888575,0.03786377997604451,4.85722573273506e-15,2.6381520930745976,-0.0011644549158814396,2,0.7090307516452644,10,2.3368278343141586,0.011140292757035087,-0.053577434223172786
events.csv(正本),A(淨現金 N2),驗證年份 2022-2026,買方回來,1m,正本(120 日冷卻),314,6,16,246,高,0.49044585987261147,0.006230729425473376,-0.00457388613458635,154,160,0.10554799633216529,-0.08936213997221758,0.07984464736021654,-0.0675372764644768,1.181126552754666,1.1822307848349964,0.006230729425473383,6.938893903907228e-16,0.560873599843575,0.0017084965905771058,4,0.9359522668890023,16,2.73150212824699,0.0004042133094628523,-0.011367770724402086
events.csv(正本),A(淨現金 N2),驗證年份 2022-2026,買方回來,1m,同公司單注(365 曆日),234,4,13,193,高,0.4658119658119658,0.0021625296290628546,-0.0081737848718811,109,125,0.10765326529986027,-0.08982539187587252,0.0791078491504098,-0.069239216883346,1.1984725371265137,1.1425295188374305,0.00216252962906284,1.474514954580286e-15,0.560873599843575,-0.0038483364803532814,3,2.7567383966043404,12,7.807780015696274,-0.0038483364803532814,-0.01551781118084654
events.csv(正本),A(淨現金 N2),驗證年份 2022-2026,買方回來,3m,正本(120 日冷卻),293,27,16,231,高,0.5290102389078498,0.024277079018651296,0.0112273997640921,155,138,0.17950192845005072,-0.15006967215429734,0.1154565851719067,-0.1402732827724425,1.196123946119453,0.8230832193412445,0.024277079018651296,0.0,1.7484214417058572,0.01172683566879343,3,0.5219043580122029,15,1.42339466087453,0.01172683566879343,-0.010833396373996121
events.csv(正本),A(淨現金 N2),驗證年份 2022-2026,買方回來,3m,同公司單注(365 曆日),217,21,13,181,高,0.5161290322580645,0.0228450737406301,0.006908432954765,112,105,0.18396739165325934,-0.14901873203284108,0.12297042416227805,-0.1230939548091195,1.2345252784241663,0.9989964523681686,0.022845073740630106,6.938893903907228e-16,1.1256720008353378,0.0107495930308023,3,0.5359620517779318,11,1.397331523182694,0.0107495930308023,-0.00956176574955853
events.csv(正本),A(淨現金 N2),驗證年份 2022-2026,買方回來,6m,正本(120 日冷卻),260,60,16,209,高,0.4307692307692308,-0.00629524704859517,-0.057503034173712705,112,148,0.29852547754894626,-0.23697038998727518,0.2055493530944122,-0.2208738827916561,1.2597585612488398,0.9306186430756094,-0.0062952470485951595,1.0408340855860843e-15,2.3951213801980296,-0.024438348354033294,3,-2.8372389876069164,13,-7.905489031367448,-0.024438348354033294,-0.05901289846422375
events.csv(正本),A(淨現金 N2),驗證年份 2022-2026,買方回來,6m,同公司單注(365 曆日),199,39,13,167,高,0.41708542713567837,-0.004846613473673818,-0.0612066722412297,83,116,0.314050055043304,-0.23302267801599422,0.2126894389314113,-0.21534139667497254,1.347723138868691,0.9876848679143472,-0.0048466134736738775,5.9847959921199845e-15,2.3951213801980296,-0.028614119263331142,2,-3.6600576279119257,10,-10.916845584385884,-0.022814792484362145,-0.06081223560964031
events.csv(正本),A(淨現金 N2),驗證年份 2022-2026,買方回來,12m,正本(120 日冷卻),230,90,16,185,高,0.4217391304347826,0.04227810810932326,-0.0928888935387535,97,133,0.49557050790748886,-0.2883186045254291,0.2461235408683475,-0.2681362321128345,1.7188294481488464,0.9179048237120606,0.042278108109323254,6.938893903907228e-16,3.2587107835514573,0.004640116602974446,3,0.8916793218113334,12,2.298873050714598,0.004640116602974446,-0.057936678483631224
events.csv(正本),A(淨現金 N2),驗證年份 2022-2026,買方回來,12m,同公司單注(365 曆日),175,63,13,148,高,0.4057142857142857,0.011674237212959713,-0.0896619955259102,71,104,0.4363822457485402,-0.2782706532296,0.2461235408683475,-0.25601551789673055,1.5681935579045159,0.9613618068558907,0.01167423721295971,3.469446951953614e-16,2.614167005250864,-0.025522049424908003,2,2.3557081500341646,9,6.375773233338397,-0.016009827997874464,-0.06616059691317817
events.csv(正本),"A2(N2,缺債務標籤當零負債)",全期 2010-2026,觸發日即買,1m,正本(120 日冷卻),3215,28,0,1730,高,0.49860031104199065,0.004026507388509379,-0.0006538823672215,1603,1612,0.10023904206754031,-0.0916488605336287,0.0729710428978445,-0.07016954707792686,1.0937292780717074,1.039924667274914,0.004026507388509376,2.6020852139652106e-16,0.8506280957372951,0.0033122649922753106,33,1.2729376854366727,161,3.9011440460224365,-0.0011103830064576026,-0.012297299137410756
events.csv(正本),"A2(N2,缺債務標籤當零負債)",全期 2010-2026,觸發日即買,1m,同公司單注(365 曆日),2460,23,0,1448,高,0.5028455284552845,0.003343561592369797,0.00042475241373335,1237,1223,0.09724756631662625,-0.09163538676732376,0.0713246227206563,-0.0711919641498045,1.0612446757446734,1.0018633924830709,0.003343561592369794,3.0357660829594124e-16,0.7289663457738649,0.002501702552404092,25,1.4799904921291576,123,4.6174617190514375,-0.0016213549587256225,-0.012731795858619374
events.csv(正本),"A2(N2,缺債務標籤當零負債)",全期 2010-2026,觸發日即買,3m,正本(120 日冷卻),3107,136,0,1686,高,0.4943675571290634,0.015605871574103286,-0.0025904360194133,1536,1571,0.18990862107513995,-0.15481362125440867,0.1369305110486528,-0.1315172831962957,1.2266919379339294,1.0411598211337565,0.015605871574103286,0.0,3.644043104313688,0.013558411628768398,32,0.646948281417542,156,1.9927079415734716,0.005567016284233754,-0.01631103683956975
events.csv(正本),"A2(N2,缺債務標籤當零負債)",全期 2010-2026,觸發日即買,3m,同公司單注(365 曆日),2371,112,0,1410,高,0.4985238296077604,0.015829903665783577,-0.0011491188897649,1182,1189,0.1836498407159361,-0.15100202702663043,0.13012660285530264,-0.1291743458737573,1.2162077843070807,1.0073718738430923,0.015829903665783587,1.0408340855860843e-15,3.644043104313688,0.01314635485917695,24,0.6538407519403725,119,1.9636271716923748,0.005535701644902113,-0.01606018254025811
events.csv(正本),"A2(N2,缺債務標籤當零負債)",全期 2010-2026,觸發日即買,6m,正本(120 日冷卻),2908,335,0,1606,高,0.4470426409903714,0.008592115146187204,-0.0368856648887298,1300,1608,0.28271351945438994,-0.21302344803830506,0.1888834358201605,-0.18125121024647672,1.3271474199570439,1.0421085495832276,0.008592115146187199,5.204170427930421e-16,3.5697477446936787,0.005209810322582054,30,2.025144282712837,146,5.542885363539135,-0.008899973122122406,-0.041096287819529384
events.csv(正本),"A2(N2,缺債務標籤當零負債)",全期 2010-2026,觸發日即買,6m,同公司單注(365 曆日),2232,251,0,1346,高,0.44310035842293904,0.004236853296896541,-0.04000091708775965,989,1243,0.27047968482612683,-0.2076007656752746,0.1841038251185895,-0.1757365334833912,1.3028838499045148,1.0476127044806487,0.004236853296896534,6.938893903907228e-16,3.397946482669285,0.00033651279750154,23,3.8949162488129985,112,10.6568589412424,-0.012393041526096306,-0.04307622568060411
events.csv(正本),"A2(N2,缺債務標籤當零負債)",全期 2010-2026,觸發日即買,12m,正本(120 日冷卻),2686,557,0,1504,高,0.45346239761727475,0.021870070903349404,-0.05100838072207575,1218,1468,0.40975152697802497,-0.29995527889157897,0.2849226575864498,-0.2778461714617648,1.3660420596436067,1.0254690791219299,0.021870070903349387,1.734723475976807e-15,11.705683397360184,0.014781767151279265,27,1.2070951561334384,135,3.289608597675663,-0.004575175975985224,-0.05272383448507278
events.csv(正本),"A2(N2,缺債務標籤當零負債)",全期 2010-2026,觸發日即買,12m,同公司單注(365 曆日),2082,401,0,1273,高,0.45341018251681076,0.022370766685139706,-0.04492491894733265,944,1138,0.4022478513736784,-0.29274695558725095,0.27867890991730015,-0.2676189745696104,1.3740462324083558,1.0413271718325523,0.02237076668513968,2.42861286636753e-15,11.705683397360184,0.013568102796117261,21,1.1982126194965366,105,3.213876061961554,-0.0044793490185973265,-0.05215647460889032
events.csv(正本),"A2(N2,缺債務標籤當零負債)",全期 2010-2026,跌勢衰竭,1m,正本(120 日冷卻),3165,44,39,1710,高,0.5077409162717219,0.008292153460208514,0.0021228769672949,1607,1558,0.10617946969332796,-0.09267377541438901,0.0739959372211571,-0.07240735704955885,1.145733722604356,1.0219394856590465,0.008292153460208507,6.938893903907228e-16,1.3136560667805672,0.007417482028929418,32,0.6725575660554493,159,2.1574746627236783,0.0027429355938014205,-0.01010563392588449
events.csv(正本),"A2(N2,缺債務標籤當零負債)",全期 2010-2026,跌勢衰竭,1m,同公司單注(365 曆日),2419,37,30,1432,高,0.5117817279867714,0.009809240618494993,0.0028442532895385,1238,1181,0.10313619000719138,-0.08802205772460925,0.07250693994848775,-0.0675145834762203,1.1717084634611594,1.0739448607281394,0.009809240618494995,1.734723475976807e-16,1.3136560667805672,0.00866637646111516,25,0.5836820350369636,121,1.8015309210496386,0.004126408905534409,-0.008276400777311848
events.csv(正本),"A2(N2,缺債務標籤當零負債)",全期 2010-2026,跌勢衰竭,3m,正本(120 日冷卻),3055,154,39,1669,高,0.48641571194762684,0.012201570685996777,-0.0057435687462218,1486,1569,0.1884587252817727,-0.15473159166538822,0.1234880889349679,-0.132762279578797,1.217971865043051,0.9301443853385729,0.012201570685996768,8.673617379884035e-16,3.1938156933140016,0.009598502382413214,31,0.9566984267246579,153,2.679307413703323,0.0005337634648790349,-0.02157047714734965
events.csv(正本),"A2(N2,缺債務標籤當零負債)",全期 2010-2026,跌勢衰竭,3m,同公司單注(365 曆日),2336,120,30,1398,高,0.4845890410958904,0.011930847474989808,-0.006206788096012951,1132,1204,0.1847585028302301,-0.15056159925435572,0.12276938651032329,-0.1292433344257092,1.2271289873728215,0.9499088448611079,0.011930847474989806,1.734723475976807e-16,3.1938156933140016,0.009088702605536342,24,0.9412595996958002,117,2.643686736087695,0.0007080977333618787,-0.02064457185225211
events.csv(正本),"A2(N2,缺債務標籤當零負債)",全期 2010-2026,跌勢衰竭,6m,正本(120 日冷卻),2867,342,39,1591,高,0.44680851063829785,0.006588285586891954,-0.0358746011984212,1281,1586,0.2820074376993836,-0.21586564496550512,0.1839345199352464,-0.18801296992480898,1.3064025901131595,0.9783076136120096,0.006588285586891937,1.6479873021779667e-15,5.028545540148772,0.002947188971838306,29,2.653078544590371,144,7.395314900950008,-0.011002242362901659,-0.04436233549232935
events.csv(正本),"A2(N2,缺債務標籤當零負債)",全期 2010-2026,跌勢衰竭,6m,同公司單注(365 曆日),2211,245,30,1339,高,0.44549977385798284,0.002156803581028364,-0.0364490159559526,985,1226,0.2692928931995849,-0.21246721621854597,0.1737181374287497,-0.18319929066248003,1.2674562127391336,0.9482467797803973,0.0021568035810284047,4.076600168545497e-15,5.028545540148772,-0.0024659426099194882,23,8.224153922787798,111,21.870929507616744,-0.01574486755155747,-0.047393833120779036
events.csv(正本),"A2(N2,缺債務標籤當零負債)",全期 2010-2026,跌勢衰竭,12m,正本(120 日冷卻),2666,543,39,1495,高,0.4441110277569392,0.033113059387248976,-0.04963055335336995,1184,1482,0.4347997442873391,-0.2878026186975733,0.2669322813033958,-0.25802315029785283,1.5107567340943213,1.0345284172961169,0.03311305938724901,3.469446951953614e-15,9.987976510363495,0.02598771468843351,27,0.9284827768047396,134,2.485189129146678,0.0023923829939230435,-0.05178184417669495
events.csv(正本),"A2(N2,缺債務標籤當零負債)",全期 2010-2026,跌勢衰竭,12m,同公司單注(365 曆日),2069,387,30,1266,高,0.4412759787336878,0.030740145187550375,-0.0498460229508762,913,1156,0.42547255037381027,-0.2810165035451964,0.2630213844244282,-0.24878354450012946,1.514048267650518,1.057229829862366,0.03074014518755036,1.3877787807814457e-15,9.987976510363495,0.021579994950027163,21,0.9916695205040152,104,2.6187001792564635,0.000258705971030726,-0.052392637897797224
events.csv(正本),"A2(N2,缺債務標籤當零負債)",全期 2010-2026,買方回來,1m,正本(120 日冷卻),3140,33,76,1702,高,0.4767515923566879,-0.0006134817565246076,-0.0062351607278011995,1497,1643,0.10153271102782822,-0.0936827760950372,0.0714679155207782,-0.0745383398527462,1.0837927232731404,0.9588074494544183,-0.0006134817565246059,1.734723475976807e-16,0.7141447229496054,-0.001197764097675145,32,-7.478393133849149,157,-26.0544336753936,-0.005254892557431216,-0.017470948939956807
events.csv(正本),"A2(N2,缺債務標籤當零負債)",全期 2010-2026,買方回來,1m,同公司單注(365 曆日),2404,27,56,1427,高,0.47254575707154745,-0.001136150365671969,-0.0076709799346833495,1136,1268,0.09918873129216639,-0.0910171168982464,0.06841251469435705,-0.07263355522710721,1.0897810727520136,0.9418858058158931,-0.0011361503656719674,1.734723475976807e-16,0.7141447229496054,-0.0019001910612224243,25,-4.169211819318351,121,-13.81903256203306,-0.005934719026736269,-0.01772899905005601
events.csv(正本),"A2(N2,缺債務標籤當零負債)",全期 2010-2026,買方回來,3m,正本(120 日冷卻),3006,167,76,1653,高,0.4637391882900865,0.0016886988236927774,-0.0155229668010899,1394,1612,0.18282713763505157,-0.1549533506198768,0.12664963362910825,-0.129325145113552,1.179885022838604,0.9793117457390474,0.0016886988236927691,8.239936510889834e-16,3.396805041048303,-0.0008768153378450184,31,7.005474907463143,151,19.023099680549993,-0.010247113904645453,-0.03204531531100048
events.csv(正本),"A2(N2,缺債務標籤當零負債)",全期 2010-2026,買方回來,3m,同公司單注(365 曆日),2299,132,56,1383,高,0.4562853414528056,-0.0006459075232990915,-0.0193571430121116,1049,1250,0.178091899851957,-0.15064267547261398,0.1207417472119261,-0.1235615329481119,1.1822141321722153,0.977179097176061,-0.000645907523299058,3.3501847129802087e-15,3.396805041048303,-0.003650946451929324,23,-17.005259773675917,115,-47.67247913852936,-0.011747256408096794,-0.033093305458742436
events.csv(正本),"A2(N2,缺債務標籤當零負債)",全期 2010-2026,買方回來,6m,正本(120 日冷卻),2820,353,76,1579,高,0.43829787234042555,-0.0037786736709537094,-0.040126854615305296,1236,1584,0.26718868436143944,-0.2152153242568362,0.1780250652910472,-0.18923518738362777,1.241494699710968,0.9407609005091913,-0.003778673670953664,4.553649124439119e-15,3.3255009672308797,-0.006598702599234865,29,-4.231547088391846,141,-11.872268959278625,-0.01997371266942154,-0.05120010926511667
events.csv(正本),"A2(N2,缺債務標籤當零負債)",全期 2010-2026,買方回來,6m,同公司單注(365 曆日),2178,253,56,1329,高,0.4247015610651974,-0.011234724103351098,-0.045496043647925005,925,1253,0.2583554863459297,-0.2102538339721338,0.1719452195539923,-0.1817604670092204,1.2287789547760213,0.9459989973797207,-0.011234724103351093,5.204170427930421e-16,3.3255009672308797,-0.014845162838235518,22,-1.3938297188905022,109,-3.8800099124879965,-0.027168445181342784,-0.05771391036480488
events.csv(正本),"A2(N2,缺債務標籤當零負債)",全期 2010-2026,買方回來,12m,正本(120 日冷卻),2625,548,76,1481,高,0.43352380952380953,0.018265857774082177,-0.0595890172459668,1138,1487,0.4136281795112119,-0.2843046345842592,0.2591903068790141,-0.2472754439028252,1.4548766681769485,1.0481845782506056,0.018265857774082184,6.938893903907228e-16,7.021457922676005,0.012413466108516423,27,1.4832497044231532,132,4.1737284302839255,-0.008918705628251148,-0.061040328647396336
events.csv(正本),"A2(N2,缺債務標籤當零負債)",全期 2010-2026,買方回來,12m,同公司單注(365 曆日),2038,393,56,1253,高,0.4278704612365064,0.011832525829578546,-0.0604342908045808,872,1166,0.3978513718564027,-0.2768539525026605,0.2547806973705832,-0.2375441832816668,1.4370442186574146,1.072561297232348,0.011832525829578527,1.908195823574488e-15,7.021457922676005,0.004282515538204175,21,2.233521889300162,102,6.100296349338668,-0.014747642567385304,-0.0635289531710785
events.csv(正本),"A2(N2,缺債務標籤當零負債)",建表年份 2010-2021,觸發日即買,1m,正本(120 日冷卻),1378,0,0,854,高,0.5087082728592163,0.002988303577324676,0.00208231152310215,701,677,0.09715095856157124,-0.09451246620695425,0.0711375854229749,-0.069042145743116,1.0279168712922957,1.0303501529001629,0.0029883035773246858,9.97465998686664e-16,0.7289663457738649,0.0015903167585819347,14,1.6920439351614291,69,5.204409007823623,-0.0020892635570937345,-0.013226326630658564
events.csv(正本),"A2(N2,缺債務標籤當零負債)",建表年份 2010-2021,觸發日即買,1m,同公司單注(365 曆日),1113,0,0,735,高,0.5121293800539084,0.002456273831367639,0.0026025348026939,570,543,0.09439853992986248,-0.09405770715600262,0.0704579041688162,-0.0686258678349632,1.0036236559891318,1.0266960024208192,0.002456273831367657,1.8214596497756474e-15,0.7289663457738649,0.0007230954845125721,12,2.128408049103093,56,6.195517566748369,-0.0028018881993058077,-0.013437725831117657
events.csv(正本),"A2(N2,缺債務標籤當零負債)",建表年份 2010-2021,觸發日即買,3m,正本(120 日冷卻),1378,0,0,854,高,0.5,0.022146794487144867,1.752743879810001e-05,689,689,0.19297895466937232,-0.1486853656950826,0.1379800235733723,-0.1231460074798205,1.2979014697729234,1.120458765957009,0.022146794487144864,3.469446951953614e-16,3.644043104313688,0.01798988987390819,14,0.4799741584772504,69,1.4411639097815578,0.011635114147073229,-0.01028538194141847
events.csv(正本),"A2(N2,缺債務標籤當零負債)",建表年份 2010-2021,觸發日即買,3m,同公司單注(365 曆日),1113,0,0,735,高,0.5103324348607368,0.021614486936895883,0.0042188998701093,568,545,0.1809502522584015,-0.14444554004037966,0.13010976249456774,-0.1210212489220057,1.252723013862643,1.0750984943017674,0.02161448693689591,2.7755575615628914e-15,3.644043104313688,0.01646372949018312,12,0.53666590166443,56,1.4672464060739796,0.010123881173559019,-0.010634353133266342
events.csv(正本),"A2(N2,缺債務標籤當零負債)",建表年份 2010-2021,觸發日即買,6m,正本(120 日冷卻),1378,0,0,854,高,0.4760522496371553,0.02327243821460529,-0.01529145099387715,656,722,0.2765181772408066,-0.20682341331058585,0.1877380106981783,-0.1743983840013076,1.3369771478703931,1.07648939394284,0.023272438214605326,3.469446951953614e-15,3.5697477446936787,0.017326733550181952,14,0.7306342118050555,69,1.9944957476085674,0.006333141171165468,-0.024364325193866557
events.csv(正本),"A2(N2,缺債務標籤當零負債)",建表年份 2010-2021,觸發日即買,6m,同公司單注(365 曆日),1113,0,0,735,高,0.4779874213836478,0.017911642797243683,-0.0153503853328144,532,581,0.25750877200676886,-0.20147849961147818,0.1813183784281983,-0.1660893506378326,1.2780955412281552,1.0916917775395094,0.01791164279724368,3.469446951953614e-16,2.883677630648528,0.01263714517333346,12,0.85253457407197,56,2.3612081000300233,0.0026701365685986044,-0.025673206943125516
events.csv(正本),"A2(N2,缺債務標籤當零負債)",建表年份 2010-2021,觸發日即買,12m,正本(120 日冷卻),1378,0,0,854,高,0.5036284470246735,0.06559159846702106,0.0051648934948812005,694,684,0.42208849932575127,-0.2961172453867199,0.2989235989838219,-0.2644146461865095,1.4254100559881842,1.1305107462654354,0.06559159846702103,2.7755575615628914e-15,11.705683397360184,0.05185577709675689,14,0.4656245411009156,69,1.1816277235298982,0.03541029681184613,-0.012541224016412191
events.csv(正本),"A2(N2,缺債務標籤當零負債)",建表年份 2010-2021,觸發日即買,12m,同公司單注(365 曆日),1113,0,0,735,高,0.5067385444743935,0.06376954222608114,0.0070711788077766,564,549,0.40982062294094546,-0.2917364860492986,0.28997963431563456,-0.2577095231845505,1.4047630054462665,1.1252189315020962,0.06376954222608111,2.7755575615628914e-15,11.705683397360184,0.048023030141733675,12,0.49268480316012453,56,1.2092368198250665,0.03270386013239141,-0.014049846745143013
events.csv(正本),"A2(N2,缺債務標籤當零負債)",建表年份 2010-2021,跌勢衰竭,1m,正本(120 日冷卻),1378,0,0,854,高,0.5058055152394775,0.01161435185410864,0.00198187307107175,697,681,0.10950312222493969,-0.08857430152102974,0.0738548076414429,-0.0678998713845863,1.236285472699335,1.0877017310257882,0.011614351854108633,6.938893903907228e-16,1.3136560667805672,0.009610174057364775,14,0.5557996606647647,69,1.6371302261096532,0.005212051664142834,-0.007789915714584471
events.csv(正本),"A2(N2,缺債務標籤當零負債)",建表年份 2010-2021,跌勢衰竭,1m,同公司單注(365 曆日),1113,0,0,735,高,0.518418688230009,0.014806508139055053,0.0037433280809646,577,536,0.107064401937525,-0.0845084260432531,0.0734438229313221,-0.06643302055728159,1.2669080108382011,1.1055318923515673,0.014806508139055055,1.734723475976807e-16,1.3136560667805672,0.012332482912327147,12,0.4701392816137273,56,1.2807329674179724,0.007930895344957915,-0.0043768961572786
events.csv(正本),"A2(N2,缺債務標籤當零負債)",建表年份 2010-2021,跌勢衰竭,3m,正本(120 日冷卻),1378,0,0,854,高,0.4898403483309144,0.01909206961858801,-0.0038752309326674,675,703,0.19570695684544573,-0.15048836975286142,0.1324399938345599,-0.1263581696849128,1.3004789484187,1.048131625875974,0.019092069618588017,6.938893903907228e-16,2.921219219496061,0.014483601371179848,14,0.6863643464358089,69,1.786432069626242,0.006049413668391959,-0.015806066161125426
events.csv(正本),"A2(N2,缺債務標籤當零負債)",建表年份 2010-2021,跌勢衰竭,3m,同公司單注(365 曆日),1113,0,0,735,高,0.48787061994609165,0.017588251004947063,-0.0043669195801572,543,570,0.18621232843475632,-0.14304837012555546,0.1286849987034179,-0.12342206710750175,1.301743796670422,1.0426417391902219,0.017588251004947056,6.938893903907228e-16,1.8661342617849628,0.013137676111045948,12,0.714870673784297,56,1.823393435315092,0.005069584754084593,-0.015249311365347322
events.csv(正本),"A2(N2,缺債務標籤當零負債)",建表年份 2010-2021,跌勢衰竭,6m,正本(120 日冷卻),1378,0,0,854,高,0.4833091436865022,0.024696227246398087,-0.011854723179981149,666,712,0.27929864293010603,-0.21345715596336245,0.18646394396249075,-0.18148836463124074,1.3084529383406782,1.0274154177396424,0.024696227246398098,1.0408340855860843e-15,2.7099608360439733,0.019329221327611362,14,0.6913948219163578,69,1.9670044114713612,0.007699608952312459,-0.025140194832914728
events.csv(正本),"A2(N2,缺債務標籤當零負債)",建表年份 2010-2021,跌勢衰竭,6m,同公司單注(365 曆日),1113,0,0,735,高,0.48697214734950584,0.020224891391116093,-0.0108084580801057,542,571,0.2601277965461375,-0.20749380316934202,0.17444192980829393,-0.1725181082093112,1.2536653749309288,1.0111514183580579,0.020224891391116107,1.3877787807814457e-15,2.4755892741256345,0.014064239297678631,12,0.8241919143832629,56,2.262384934498034,0.003594453654578606,-0.026884265647990895
events.csv(正本),"A2(N2,缺債務標籤當零負債)",建表年份 2010-2021,跌勢衰竭,12m,正本(120 日冷卻),1378,0,0,854,高,0.4796806966618287,0.07497172912544896,-0.0161654836375401,661,717,0.45587271101485183,-0.27617966422029067,0.2841498830848525,-0.2313506636277303,1.6506382260325714,1.228221603643559,0.07497172912544897,1.3877787807814457e-15,9.987976510363495,0.061304692297151325,14,0.45362920358684033,69,1.1743648935548239,0.04138279816519367,-0.013761511817802295
events.csv(正本),"A2(N2,缺債務標籤當零負債)",建表年份 2010-2021,跌勢衰竭,12m,同公司單注(365 曆日),1113,0,0,735,高,0.4779874213836478,0.07095118635125629,-0.0162326329892745,532,581,0.4443732669182964,-0.2709774657342263,0.2705313319371042,-0.2237805891515308,1.6398901130551424,1.2089133063901116,0.07095118635125625,4.163336342344337e-15,9.987976510363495,0.05401043205645286,12,0.5209118788775268,56,1.2345202545074119,0.03436235416327234,-0.017521052679676886
events.csv(正本),"A2(N2,缺債務標籤當零負債)",建表年份 2010-2021,買方回來,1m,正本(120 日冷卻),1374,0,4,851,高,0.4810771470160116,-0.0002561363871751626,-0.005133120695859699,661,713,0.09815724926927799,-0.09149210822296133,0.068420813811501,-0.0728478800516226,1.0728493547232956,0.939228619460382,-0.0002561363871751779,1.5287250632045613e-15,0.5119884978389664,-0.0013411432835077075,14,-16.480891362090624,69,-60.58446919793965,-0.004523584191185361,-0.01660805227236515
events.csv(正本),"A2(N2,缺債務標籤當零負債)",建表年份 2010-2021,買方回來,1m,同公司單注(365 曆日),1110,0,3,733,高,0.4828828828828829,-0.0006339314267923451,-0.005133120695859699,536,574,0.09292643748610054,-0.08800040832106165,0.06503188662858415,-0.0702751729987321,1.0559773444126157,0.9253892072205565,-0.0006339314267923488,3.686287386450715e-16,0.5119884978389664,-0.001967497694140139,12,-6.9380490374446016,56,-23.144932206550074,-0.005087175241350528,-0.016119465625320722
events.csv(正本),"A2(N2,缺債務標籤當零負債)",建表年份 2010-2021,買方回來,3m,正本(120 日冷卻),1374,0,4,851,高,0.45414847161572053,-0.005962877108403061,-0.0202768803692844,624,750,0.1749552331397569,-0.15648674483487213,0.12553322735733152,-0.1300080767201614,1.1180195058972764,0.9655802202776843,-0.005962877108403056,5.204170427930421e-16,2.3062305577382016,-0.010211561138731439,14,-1.824353907712622,69,-4.950396774175267,-0.017014641331205237,-0.03735751723557577
events.csv(正本),"A2(N2,缺債務標籤當零負債)",建表年份 2010-2021,買方回來,3m,同公司單注(365 曆日),1110,0,3,733,高,0.4477477477477477,-0.010759326851485933,-0.024559064218444948,497,613,0.16245350585703,-0.15119452726932023,0.116583311202046,-0.12548528661197,1.0744668394488535,0.9290596081001034,-0.01075932685148595,1.734723475976807e-15,2.0062695247825992,-0.015149688673110026,12,-0.990325356489874,56,-2.5136701644224435,-0.021648599969867986,-0.03981332597679534
events.csv(正本),"A2(N2,缺債務標籤當零負債)",建表年份 2010-2021,買方回來,6m,正本(120 日冷卻),1374,0,4,851,高,0.45633187772925765,0.007370619219341328,-0.027122134116207952,627,747,0.2643124062314335,-0.2082953787145031,0.1880531558995881,-0.1761166196662372,1.2689307264646965,1.0677763192137806,0.007370619219341332,3.469446951953614e-16,2.0910620379283267,0.003157403825811389,14,1.9076983294375938,69,5.76477193994138,-0.0067591694747670605,-0.03697620320328753
events.csv(正本),"A2(N2,缺債務標籤當零負債)",建表年份 2010-2021,買方回來,6m,同公司單注(365 曆日),1110,0,3,733,高,0.44504504504504505,-0.0038371753424204192,-0.03527897548665255,494,616,0.24365324400468305,-0.20231163501363653,0.17626649254096927,-0.16769686155656505,1.204346176077614,1.0511019163081572,-0.0038371753424204236,4.3368086899420177e-16,2.0910620379283267,-0.008585247627823771,12,-3.4279021076040017,56,-10.092718387165062,-0.017176326805468056,-0.044826207853855916
events.csv(正本),"A2(N2,缺債務標籤當零負債)",建表年份 2010-2021,買方回來,12m,正本(120 日冷卻),1374,0,4,851,高,0.475254730713246,0.049138977960676025,-0.02333388879546305,653,721,0.4079034864739796,-0.2757892107483216,0.2674826950878954,-0.2304085770929163,1.4790407694600578,1.1609059804228916,0.049138977960675984,4.163336342344337e-15,7.021457922676005,0.03888094313359108,14,0.5507559093295468,69,1.5474564360062097,0.02230264218849715,-0.028323825247010215
events.csv(正本),"A2(N2,缺債務標籤當零負債)",建表年份 2010-2021,買方回來,12m,同公司單注(365 曆日),1110,0,3,733,高,0.46846846846846846,0.03840733698296102,-0.029098062620737747,520,590,0.3881716240467667,-0.2698594922936135,0.2547806973705832,-0.21613178279433395,1.438421234500904,1.1788210603575442,0.03840733698296098,4.163336342344337e-15,7.021457922676005,0.025832377459125623,12,0.7121247740293655,56,1.8875232103494952,0.011177357105937402,-0.035898498436719786
events.csv(正本),"A2(N2,缺債務標籤當零負債)",驗證年份 2022-2026,觸發日即買,1m,正本(120 日冷卻),1837,28,0,876,高,0.49101796407185627,0.004805301537563554,-0.0024406815764708,902,935,0.10263898279668035,-0.0895754262653491,0.0746082708905504,-0.0711919641498045,1.145838619764232,1.0479872522347775,0.004805301537563561,6.938893903907228e-16,0.8506280957372951,0.003559191123732157,19,1.0743226862848652,92,3.289996192809071,-0.0003608754354323984,-0.011584282252005751
events.csv(正本),"A2(N2,缺債務標籤當零負債)",驗證年份 2022-2026,觸發日即買,1m,同公司單注(365 曆日),1347,23,0,713,高,0.4951744617668894,0.00407671027685042,-0.0014829428600525,667,680,0.09968226652720395,-0.08970109269224634,0.0727256476390425,-0.07178571536426931,1.1112714855013173,1.0130935837304622,0.004076710276850429,8.673617379884035e-16,0.7225226504839646,0.002729349948469845,14,1.2170530749297959,68,3.85581712234633,-0.0008941558807956588,-0.012261321851803281
events.csv(正本),"A2(N2,缺債務標籤當零負債)",驗證年份 2022-2026,觸發日即買,3m,正本(120 日冷卻),1729,136,0,832,高,0.4898785425101215,0.010392805192280677,-0.005774921288018,847,882,0.18741102975704532,-0.15960088665166,0.1344261795549775,-0.1360363916123472,1.1742480489227036,0.9881633727689704,0.010392805192280682,5.204170427930421e-16,1.5379776085719985,0.00812276619654988,18,0.9305321247579937,87,2.9256751848926554,0.0007295612959736801,-0.02107354801893001
events.csv(正本),"A2(N2,缺債務標籤當零負債)",驗證年份 2022-2026,觸發日即買,3m,同公司單注(365 曆日),1258,112,0,675,高,0.48807631160572335,0.010712064889354327,-0.0066841708494766,614,644,0.18614717987534923,-0.15655060685195135,0.1303615777568525,-0.1320399835510361,1.189054348740961,0.9872886549282637,0.010712064889354347,2.0816681711721685e-15,1.5379776085719985,0.007702359287450007,13,0.916169473701767,63,2.8482271654927773,0.0009073747237498556,-0.020842090622091015
events.csv(正本),"A2(N2,缺債務標籤當零負債)",驗證年份 2022-2026,觸發日即買,6m,正本(120 日冷卻),1530,335,0,752,高,0.42091503267973857,-0.004629770597786736,-0.049784709004229155,644,886,0.28902430282723257,-0.2180758465410288,0.1929830154416616,-0.18632971910214885,1.325338442617741,1.0357071130229383,-0.004629770597786742,6.071532165918825e-16,3.397946482669285,-0.00977864866360268,16,-3.8102365208255358,77,-10.52152925068344,-0.022505644760338565,-0.05616883494185937
events.csv(正本),"A2(N2,缺債務標籤當零負債)",驗證年份 2022-2026,觸發日即買,6m,同公司單注(365 曆日),1119,251,0,611,高,0.40840035746201964,-0.00936461293535222,-0.0586737114987168,457,662,0.28557930325041225,-0.2129739327191806,0.1871504092002438,-0.1827635449029988,1.3409120055409145,1.0240029503672263,-0.009364612935352248,2.7755575615628914e-15,3.397946482669285,-0.016422445671475567,12,-1.9697725305790974,56,-5.110522195304967,-0.028112242019195675,-0.06023722816533113
events.csv(正本),"A2(N2,缺債務標籤當零負債)",驗證年份 2022-2026,觸發日即買,12m,正本(120 日冷卻),1308,557,0,650,高,0.40061162079510704,-0.024191293762353596,-0.1017208726249267,524,784,0.3934121017693951,-0.3033037673065325,0.2663551028247072,-0.2872406163257478,1.2970894007122404,0.9272891356097245,-0.024191293762353544,5.204170427930421e-15,3.061586771067589,-0.03051762324609384,14,-0.9628144240957333,66,-2.682382641096213,-0.047996746983960156,-0.09381540505855408
events.csv(正本),"A2(N2,缺債務標籤當零負債)",驗證年份 2022-2026,觸發日即買,12m,同公司單注(365 曆日),969,401,0,538,高,0.39215686274509803,-0.025180148874269802,-0.1118076556760949,380,589,0.3910082641001558,-0.2936888024061573,0.2637541237418331,-0.2774252184742005,1.3313693300414309,0.9507215140441937,-0.025180148874269837,3.469446951953614e-15,3.061586771067589,-0.033729658751719814,10,-0.9248851270988528,49,-2.577493418984861,-0.04897430484897202,-0.09487965278616278
events.csv(正本),"A2(N2,缺債務標籤當零負債)",驗證年份 2022-2026,跌勢衰竭,1m,正本(120 日冷卻),1787,44,39,856,高,0.5092333519865697,0.005730323920871992,0.0026525432738804,910,877,0.10363377099603854,-0.0958570612996543,0.0742978457489904,-0.075617078984306,1.0811281880640367,0.9825537662518092,0.005730323920872006,1.3877787807814457e-15,0.6301154964506914,0.004722139014179715,18,0.8513837652387937,90,2.9680242549937206,0.0008602845946871945,-0.011875511622507969
events.csv(正本),"A2(N2,缺債務標籤當零負債)",驗證年份 2022-2026,跌勢衰竭,1m,同公司單注(365 曆日),1306,37,30,697,高,0.5061255742725881,0.005550466690176964,0.00121135806918145,661,645,0.09970717596210438,-0.09094191288927113,0.071322374236423,-0.0699327882043069,1.0963830954766218,1.0198703078741327,0.005550466690176968,4.3368086899420177e-16,0.6301154964506914,0.004250403346920062,14,0.8931823640694441,66,3.0111902400499297,0.0005993122102041298,-0.011757206477514546
events.csv(正本),"A2(N2,缺債務標籤當零負債)",驗證年份 2022-2026,跌勢衰竭,3m,正本(120 日冷卻),1677,154,39,815,高,0.4836016696481813,0.006539610322782276,-0.0067419773292168,811,866,0.18242598014554673,-0.15817614709784358,0.1180968711433472,-0.138921897850102,1.1533090386422349,0.8500954347080314,0.006539610322782274,1.734723475976807e-16,3.1938156933140016,0.003048310731789867,17,1.6034314838581256,84,4.8209698390303695,-0.003986619721735134,-0.02630527019872084
events.csv(正本),"A2(N2,缺債務標籤當零負債)",驗證年份 2022-2026,跌勢衰竭,3m,同公司單注(365 曆日),1223,120,30,663,高,0.48160261651676206,0.0067822864538594554,-0.0082938368045688,589,634,0.18341821878395206,-0.15731639515879756,0.1197613002687365,-0.13477618383518905,1.1659192838661663,0.8885939404189283,0.006782286453859462,6.938893903907228e-16,3.1938156933140016,0.002612196698889148,13,1.560146041964873,62,4.6248018048648865,-0.003839887376951605,-0.025897308553825053
events.csv(正本),"A2(N2,缺債務標籤當零負債)",驗證年份 2022-2026,跌勢衰竭,6m,正本(120 日冷卻),1489,342,39,737,高,0.41302887844190733,-0.010169769219554958,-0.0548496453612844,615,874,0.28494086423001586,-0.21782770923269687,0.182317098709565,-0.1912197498303268,1.3081020097660054,0.9534428262318024,-0.010169769219554925,3.2959746043559335e-15,5.028545540148772,-0.01656031182622865,15,-1.7525421007841349,75,-4.793248211216073,-0.02827758276857026,-0.06204096183788134
events.csv(正本),"A2(N2,缺債務標籤當零負債)",驗證年份 2022-2026,跌勢衰竭,6m,同公司單注(365 曆日),1098,245,30,604,高,0.4034608378870674,-0.016158116029743624,-0.0633091139125794,443,655,0.28050617172366715,-0.21680281751792835,0.1725434422378149,-0.1903122323958388,1.2938308410151123,0.9066334836477257,-0.016158116029743624,0.0,5.028545540148772,-0.02484698484613416,11,-1.1624421292628222,55,-3.0065500312717885,-0.03529457951590941,-0.06815211285917569
events.csv(正本),"A2(N2,缺債務標籤當零負債)",驗證年份 2022-2026,跌勢衰竭,12m,正本(120 日冷卻),1288,543,39,641,高,0.406055900621118,-0.011670517397874924,-0.09251541886692291,523,765,0.4081664154022798,-0.2986962897566735,0.2486231851511284,-0.2755118746691505,1.3664930881290283,0.9024046076042586,-0.011670517397874919,5.204170427930421e-16,4.494961586543262,-0.020243174202722345,13,-2.3332713698102436,65,-6.46129636965254,-0.03929763917569642,-0.09170516725383279
events.csv(正本),"A2(N2,缺債務標籤當零負債)",驗證年份 2022-2026,跌勢衰竭,12m,同公司單注(365 曆日),956,387,30,531,高,0.3985355648535565,-0.01607459206684782,-0.09787530848224354,381,575,0.39908099866339924,-0.2911602965333246,0.2467466046376218,-0.271794812796398,1.3706573437897382,0.9078414782789108,-0.01607459206684783,1.0408340855860843e-15,3.56625000406416,-0.025391615441677014,10,-1.5475743728107507,48,-4.478476944244413,-0.04138410695091062,-0.09271966257400896
events.csv(正本),"A2(N2,缺債務標籤當零負債)",驗證年份 2022-2026,買方回來,1m,正本(120 日冷卻),1766,33,72,851,高,0.4733861834654587,-0.0008915069759391818,-0.0067980612475457,836,930,0.1042015868919451,-0.09536228813029538,0.07283419742735535,-0.07566711814841964,1.0926917645848893,0.9625607424944138,-0.0008915069759391769,4.87890977618477e-16,0.7141447229496054,-0.0019316248317800613,18,-5.44834192531119,89,-18.481102648181285,-0.005807939379778336,-0.018289250873451988
events.csv(正本),"A2(N2,缺債務標籤當零負債)",驗證年份 2022-2026,買方回來,1m,同公司單注(365 曆日),1294,27,53,694,高,0.46367851622874806,-0.001566956410615078,-0.0084111944205768,600,694,0.10478304709225189,-0.09351220439580266,0.0730451289227743,-0.07482950022234855,1.1205280398347142,0.9761541732301812,-0.001566956410615085,6.938893903907228e-16,0.7141447229496054,-0.0029889193294001188,13,-3.1734253873885865,65,-10.548764820710726,-0.0066059413821233336,-0.019053503600671384
events.csv(正本),"A2(N2,缺債務標籤當零負債)",驗證年份 2022-2026,買方回來,3m,正本(120 日冷卻),1632,167,72,802,高,0.47181372549019607,0.008130650619464644,-0.0130231700618379,770,862,0.1892064472520177,-0.15361919092005488,0.12728359784845655,-0.1291120173461992,1.2316589230735033,0.9858385026016598,0.008130650619464663,1.908195823574488e-15,3.396805041048303,0.004063080810112507,17,1.5232990555217008,82,4.179560120264386,-0.004299548756152708,-0.027219540965865055
events.csv(正本),"A2(N2,缺債務標籤當零負債)",驗證年份 2022-2026,買方回來,3m,同公司單注(365 曆日),1189,132,53,650,高,0.464255677039529,0.008795552068195777,-0.0144730672230259,552,637,0.19217212053217203,-0.15011161558033623,0.12275278842998345,-0.1222423051698486,1.2801948722570773,1.0041759950405513,0.008795552068195767,1.0408340855860843e-15,3.396805041048303,0.004048681559431132,12,1.3072076982849945,60,3.84638974107072,-0.0027296099344548187,-0.026366068864344873
events.csv(正本),"A2(N2,缺債務標籤當零負債)",驗證年份 2022-2026,買方回來,6m,正本(120 日冷卻),1446,353,72,728,高,0.4211618257261411,-0.01437281504803904,-0.0545575969326071,609,837,0.270149975638145,-0.22139118963332707,0.1682271011383496,-0.2009500328786346,1.220238149881092,0.8371588634670775,-0.014372815048039028,1.214306433183765e-15,3.3255009672308797,-0.01990005268844049,15,-1.2298893102743118,73,-3.3039290879821235,-0.03238573827603964,-0.06514854187694516
events.csv(正本),"A2(N2,缺債務標籤當零負債)",驗證年份 2022-2026,買方回來,6m,同公司單注(365 曆日),1068,253,53,596,高,0.4035580524344569,-0.018923187703194785,-0.061764137982234055,431,637,0.27520678035190616,-0.2179342021957356,0.168199986254101,-0.1976761789369489,1.2627975672434,0.8508864707858925,-0.018923187703194788,3.469446951953614e-16,3.3255009672308797,-0.026318276566268197,11,-0.9672817085972315,54,-2.5887497892409392,-0.03761465792559392,-0.0715271259581423
events.csv(正本),"A2(N2,缺債務標籤當零負債)",驗證年份 2022-2026,買方回來,12m,正本(120 日冷卻),1251,548,72,630,高,0.3876898481215028,-0.015642749049562858,-0.1023424916804026,485,766,0.4213358590025782,-0.29231980506168875,0.2467532128919902,-0.266390099294599,1.441352421925921,0.9262852243585356,-0.015642749049562893,3.469446951953614e-15,4.060093723241976,-0.02378658988402517,13,-1.6975301575082553,63,-4.88425925280311,-0.0426398876589009,-0.09692721762082769
events.csv(正本),"A2(N2,缺債務標籤當零負債)",驗證年份 2022-2026,買方回來,12m,同公司單注(365 曆日),928,393,53,520,高,0.3793103448275862,-0.01995415561466128,-0.10832485051224824,352,576,0.4121509993024557,-0.2840184169528994,0.25463787989118264,-0.2552360202499149,1.451141808775046,0.9976565205877033,-0.019954155614661268,1.3877787807814457e-15,4.060093723241976,-0.029965041584566518,10,-1.3229985027040028,47,-3.6322909574606324,-0.046858413415314826,-0.097364637781037
events.csv(正本),B(總債務/四季經營現金流<=3),全期 2010-2026,觸發日即買,1m,正本(120 日冷卻),1589,13,0,1080,高,0.4971680302076778,0.0004866516086699431,-0.0005675852175576,790,799,0.09220226802578967,-0.09019587275869499,0.06212881556928915,-0.0662424148752688,1.0222448678163187,0.9379008251174816,0.0004866516086699385,4.607859233063394e-16,0.914636785560262,-0.0010043104512241826,16,11.216582073065227,80,31.825241163747815,-0.005022488674147804,-0.015796442965383146
events.csv(正本),B(總債務/四季經營現金流<=3),全期 2010-2026,觸發日即買,1m,同公司單注(365 曆日),1272,11,0,898,高,0.5102201257861635,0.005078608874066067,0.0025986716476418,649,623,0.09176003431708572,-0.08522033994217751,0.0603509107325901,-0.0616859105555538,1.0767386562802428,0.9783581078573621,0.005078608874066068,8.673617379884035e-17,0.914636785560262,0.003226055717883334,13,1.1563180523536993,64,3.164594048304517,-0.000802075560983479,-0.011575543842733224
events.csv(正本),B(總債務/四季經營現金流<=3),全期 2010-2026,觸發日即買,3m,正本(120 日冷卻),1521,81,0,1047,高,0.4990138067061144,0.017365216199906493,-0.0007922592981119,759,762,0.17622158237851687,-0.14086573121422116,0.1287549388031008,-0.11680427521241585,1.2509897251768665,1.1023135802944877,0.017365216199906497,3.469446951953614e-16,1.5379776085719985,0.014623794975617865,16,0.5693240505434786,77,1.6901044201424942,0.007558289609356417,-0.012622838466766118
events.csv(正本),B(總債務/四季經營現金流<=3),全期 2010-2026,觸發日即買,3m,同公司單注(365 曆日),1215,68,0,869,高,0.49465020576131685,0.01747664880327227,-0.0026996815249322,601,614,0.17097620264788224,-0.1327729144876245,0.1191365503767583,-0.1071367060286445,1.2877340480751336,1.112004977499546,0.01747664880327225,1.734723475976807e-15,1.5379776085719985,0.014043362400087429,13,0.5756153165837604,61,1.6543317317930395,0.0074970372832841095,-0.012040003415096562
events.csv(正本),B(總債務/四季經營現金流<=3),全期 2010-2026,觸發日即買,6m,正本(120 日冷卻),1418,184,0,993,高,0.45557122708039494,0.011445439751747277,-0.02547335559760855,646,772,0.2595849180117601,-0.1961945899839629,0.1789280235947983,-0.16466445905206084,1.323099266055087,1.0866219986076526,0.011445439751747277,0.0,2.55430340500854,0.006715194678402817,15,1.3785116139652598,71,3.7756997561037413,-0.0043785493912188115,-0.03344364509004351
events.csv(正本),B(總債務/四季經營現金流<=3),全期 2010-2026,觸發日即買,6m,同公司單注(365 曆日),1131,152,0,824,高,0.4376657824933687,0.0031092339302821246,-0.0345055227698213,495,636,0.2502964273592772,-0.18927702510643574,0.1643706125399324,-0.1576519274706536,1.3223814523634263,1.0426172085370125,0.003109233930282132,7.37257477290143e-16,2.55430340500854,-0.002846710569936639,12,5.304439115429577,57,13.855192758624955,-0.01352703102411463,-0.04209110381996797
events.csv(正本),B(總債務/四季經營現金流<=3),全期 2010-2026,觸發日即買,12m,正本(120 日冷卻),1315,287,0,932,高,0.46539923954372625,0.03159328827778987,-0.0284270716760891,612,703,0.38238880504066625,-0.27379342048306404,0.25699035940154236,-0.2318032016565373,1.3966325573711862,1.1086575058714023,0.03159328827778993,5.551115123125783e-15,4.011141292429923,0.023171465884079995,14,0.8369717384620359,66,2.171805078525424,0.005206024217077266,-0.03897745875209761
events.csv(正本),B(總債務/四季經營現金流<=3),全期 2010-2026,觸發日即買,12m,同公司單注(365 曆日),1071,212,0,785,高,0.4668534080298786,0.027495702302498173,-0.0227782433560519,500,571,0.3658358117640207,-0.2687740958249296,0.25176117522582575,-0.2263190406338033,1.3611274949737486,1.1124171193054377,0.02749570230249815,2.42861286636753e-15,4.011141292429923,0.017579202945292857,11,0.9146019303779371,54,2.4276943747704403,0.0023724467664182403,-0.0413398201894608
events.csv(正本),B(總債務/四季經營現金流<=3),全期 2010-2026,跌勢衰竭,1m,正本(120 日冷卻),1569,17,19,1070,高,0.491395793499044,0.004387906244973336,-0.0026186567568029,771,798,0.09797317704118037,-0.08603094561451992,0.0674391318233318,-0.0687600622438856,1.1388132065892915,0.9807892782896476,0.004387906244973351,1.474514954580286e-15,0.8538246840434487,0.0029846481440411908,16,1.2204271525476773,79,3.7742039966372416,-0.0009771785336156068,-0.01281835832777675
events.csv(正本),B(總債務/四季經營現金流<=3),全期 2010-2026,跌勢衰竭,1m,同公司單注(365 曆日),1255,15,15,891,高,0.48685258964143424,0.0027350370906214228,-0.0037487832008017,611,644,0.09444922667439375,-0.08427951234367188,0.0646995272220445,-0.06827822383232304,1.1206665065793473,0.9475865596757896,0.002735037090621416,6.938893903907228e-16,0.6256721723559786,0.0013287324945062844,13,1.8467707238719921,63,5.851856953968481,-0.0023401903526473556,-0.01397135985990272
events.csv(正本),B(總債務/四季經營現金流<=3),全期 2010-2026,跌勢衰竭,3m,正本(120 日冷卻),1496,90,19,1037,高,0.48462566844919786,0.013700181597607568,-0.00773441843871425,725,771,0.17818423363816932,-0.140970295353634,0.1240620618214229,-0.1137157189333144,1.263984254208885,1.0909842806707826,0.01370018159760758,1.214306433183765e-15,1.8661342617849628,0.010874885976940134,15,0.7125982577573697,75,2.2222779775274955,0.003977335763705953,-0.017629249585717974
events.csv(正本),B(總債務/四季經營現金流<=3),全期 2010-2026,跌勢衰竭,3m,同公司單注(365 曆日),1192,78,15,859,高,0.46812080536912754,0.005928106932147797,-0.014264758046511651,558,634,0.1688261007984804,-0.1374426826221323,0.1167966208188433,-0.1118330367367039,1.228338224906667,1.0443838799962617,0.005928106932147806,8.673617379884035e-16,1.8661342617849628,0.0023608381469057142,12,1.7143111468936798,60,4.954981633253277,-0.004277575704271319,-0.024688251247026775
events.csv(正本),B(總債務/四季經營現金流<=3),全期 2010-2026,跌勢衰竭,6m,正本(120 日冷卻),1392,194,19,983,高,0.4511494252873563,0.005985683307674872,-0.029901780579935852,628,764,0.25909771974361645,-0.20206976025485301,0.17029461968169776,-0.17621692515821247,1.2822191673649685,0.9663919599595925,0.005985683307674863,8.673617379884035e-16,2.7093591860815387,0.0006898269035014081,14,2.5174579007335374,70,7.329952552373334,-0.00917530277047603,-0.0398953215831408
events.csv(正本),B(總債務/四季經營現金流<=3),全期 2010-2026,跌勢衰竭,6m,同公司單注(365 曆日),1116,154,15,818,高,0.4381720430107527,-0.0058724203789908835,-0.0375293091874367,489,627,0.24486523940301108,-0.2014238009745235,0.1587572640831183,-0.1763152309541757,1.215671823380903,0.9004171858776018,-0.005872420378990856,2.7755575615628914e-15,2.7093591860815387,-0.012513497518664696,12,-2.7504440510235657,56,-7.196861012416871,-0.022263577380664343,-0.050678416638518034
events.csv(正本),B(總債務/四季經營現金流<=3),全期 2010-2026,跌勢衰竭,12m,正本(120 日冷卻),1310,276,19,928,高,0.4763358778625954,0.04089984908576545,-0.024852780877524752,624,686,0.39010025036279,-0.27674016607001195,0.25837337770580215,-0.24052567789590457,1.409626422873864,1.0742028874672656,0.040899849085765466,1.3877787807814457e-15,4.59119401420062,0.031194007575873577,14,0.7005209428054507,66,1.753923389860074,0.012380963888211229,-0.032471312103241556
events.csv(正本),B(總債務/四季經營現金流<=3),全期 2010-2026,跌勢衰竭,12m,同公司單注(365 曆日),1066,204,15,781,高,0.46810506566604126,0.024442720952106322,-0.03285911396604875,499,567,0.3596274473105399,-0.2705434844321236,0.2466102345808571,-0.2342635589104306,1.3292777982268003,1.0527042094291208,0.02444272095210631,1.0408340855860843e-15,4.59119401420062,0.013800590011997488,11,0.9923649397492734,54,2.587710505349641,0.00018856746528305237,-0.04087874556729078
events.csv(正本),B(總債務/四季經營現金流<=3),全期 2010-2026,買方回來,1m,正本(120 日冷卻),1548,19,38,1065,高,0.48643410852713176,0.0005862067338238862,-0.0033553518962608003,753,795,0.09131406036796297,-0.08534847727436067,0.0598692782540819,-0.0685606559774403,1.069896772433624,0.8732308260554236,0.0005862067338238894,3.144186300207963e-16,0.9102662588263796,-0.0010967878745017938,16,9.926353312829555,78,27.727392195924814,-0.005287337907891906,-0.016499128730462057
events.csv(正本),B(總債務/四季經營現金流<=3),全期 2010-2026,買方回來,1m,同公司單注(365 曆日),1237,16,32,885,高,0.48100242522231207,-0.0014043059128514273,-0.0049354875328827,595,642,0.08645412022521118,-0.08283072889127394,0.0551916636839062,-0.06673909348812265,1.0437445303504864,0.8269765260405955,-0.001404305912851421,6.288372600415926e-16,0.9102662588263796,-0.0033684103241458274,13,-3.9003475768824494,62,-10.925763364883283,-0.006954675828880569,-0.017631113660088696
events.csv(正本),B(總債務/四季經營現金流<=3),全期 2010-2026,買方回來,3m,正本(120 日冷卻),1452,115,38,1019,高,0.46831955922865015,0.0051086286506815525,-0.0141111840836688,680,772,0.16867864565019952,-0.13896858839552598,0.1283171327278803,-0.12344807398992835,1.2137897318933266,1.0394421604208195,0.005108628650681568,1.5612511283791264e-15,1.4945570917341993,0.0025130202050608706,15,1.7525588128027847,73,5.22925841902532,-0.003884674446774707,-0.02274945031239019
events.csv(正本),B(總債務/四季經營現金流<=3),全期 2010-2026,買方回來,3m,同公司單注(365 曆日),1155,98,32,844,高,0.44675324675324674,-0.001285349957820606,-0.01917564047891,516,639,0.16309871570321927,-0.13402741236955235,0.11715973275187246,-0.117778713534604,1.2169056525056898,0.9947445445432745,-0.0012853499578206334,2.7538735181131813e-15,1.4945570917341993,-0.004566789691787526,12,-7.136667959252563,58,-20.651581930042433,-0.010568265984296166,-0.029301265458716037
events.csv(正本),B(總債務/四季經營現金流<=3),全期 2010-2026,買方回來,6m,正本(120 日冷卻),1373,194,38,977,高,0.4573925710123816,0.0009106719773160994,-0.036490509237995,628,745,0.2529598030141037,-0.21155490425235185,0.18296835421918084,-0.1891200921825675,1.195717035764684,0.9674717905834771,0.0009106719773160771,2.233456475320139e-15,2.3951213801980296,-0.0035490103114189865,14,16.18351764094063,69,46.665857783544276,-0.01396964763567502,-0.04378713584809042
events.csv(正本),B(總債務/四季經營現金流<=3),全期 2010-2026,買方回來,6m,同公司單注(365 曆日),1103,150,32,813,高,0.4397098821396192,-0.012394757790536289,-0.0418445828472817,485,618,0.2353036115874536,-0.20678587291727596,0.1705061757354053,-0.1858471351084578,1.1379095112633062,0.91745388292319,-0.012394757790536295,6.938893903907228e-16,2.3951213801980296,-0.017985376904055037,12,-1.2151827966867301,56,-3.2567428043503126,-0.027758652256685952,-0.05558329467840779
events.csv(正本),B(總債務/四季經營現金流<=3),全期 2010-2026,買方回來,12m,正本(120 日冷卻),1287,280,38,915,高,0.4467754467754468,0.03061112054876599,-0.0461066828304024,575,712,0.4018539484973862,-0.269198747527718,0.2605099141989784,-0.23584415835036665,1.4927779277873847,1.1045849768810838,0.030611120548765997,6.938893903907228e-16,5.764461747877843,0.019995178423905944,13,0.9310308916170849,65,2.3876524345189547,0.002132764769328422,-0.0447370425460849
events.csv(正本),B(總債務/四季經營現金流<=3),全期 2010-2026,買方回來,12m,同公司單注(365 曆日),1046,207,32,770,高,0.43881453154875716,0.015254205473749501,-0.0526971814918279,459,587,0.370172313913843,-0.2622711978891175,0.2557266105563858,-0.229880010111623,1.4114104670782175,1.112435180563166,0.015254205473749477,2.42861286636753e-15,4.318216874517566,0.00485710882204491,11,1.6124537096736449,53,4.1169829739650545,-0.009441786945049187,-0.05008485930032392
events.csv(正本),B(總債務/四季經營現金流<=3),建表年份 2010-2021,觸發日即買,1m,正本(120 日冷卻),690,0,0,512,高,0.4753623188405797,-0.008716848673125948,-0.0074018906693246005,328,362,0.08900227079404417,-0.09725792929531324,0.05860230570228625,-0.06183004329969195,0.9151158310578292,0.9477966143131945,-0.008716848673125936,1.214306433183765e-15,0.7289663457738649,-0.011511244642930797,7,-0.6193459996347914,35,-1.7199034820546957,-0.01426026336675163,-0.024975879496823807
events.csv(正本),B(總債務/四季經營現金流<=3),建表年份 2010-2021,觸發日即買,1m,同公司單注(365 曆日),578,0,0,438,高,0.48961937716262977,-0.0033306826733592153,-0.0037093993882713,283,295,0.08589336714632959,-0.08892527961902678,0.0588250385338058,-0.0564245900864854,0.9659049430523412,1.0425425943483344,-0.003330682673359217,1.734723475976807e-16,0.7289663457738649,-0.006641276644240305,6,-1.6740228028717234,29,-4.283846610471751,-0.008999744369626124,-0.018528444176174056
events.csv(正本),B(總債務/四季經營現金流<=3),建表年份 2010-2021,觸發日即買,3m,正本(120 日冷卻),690,0,0,512,高,0.518840579710145,0.02190145361867438,0.0074028146891995,358,332,0.17085585981394688,-0.13871805667622786,0.11815451689175516,-0.10954867676293555,1.2316771436088498,1.078557225729369,0.021901453618674405,2.42861286636753e-15,1.5292572058180784,0.016692478166627518,7,0.45717471422891376,35,1.364390223867008,0.012010508558356945,-0.008407123900937313
events.csv(正本),B(總債務/四季經營現金流<=3),建表年份 2010-2021,觸發日即買,3m,同公司單注(365 曆日),578,0,0,438,高,0.5190311418685121,0.02048667500974983,0.00676403670962705,300,278,0.15955028584356357,-0.12958196977494119,0.1029629885528571,-0.10599558231210154,1.231269181358113,0.9713894325301686,0.02048667500974985,2.0816681711721685e-15,1.5292572058180784,0.014255700276909892,6,0.5065466969504046,29,1.4035865938033472,0.010215258194568838,-0.008704898340332872
events.csv(正本),B(總債務/四季經營現金流<=3),建表年份 2010-2021,觸發日即買,6m,正本(120 日冷卻),690,0,0,512,高,0.4782608695652174,0.025264647249885235,-0.0208662320408982,330,360,0.2587134753750703,-0.1887301118648677,0.19055071542579827,-0.15670755561850963,1.37081185836583,1.2159638038747587,0.025264647249885253,1.734723475976807e-15,2.55430340500854,0.016950021480503515,7,0.6105187808046242,35,1.6432312425503093,0.009940955890577172,-0.01711938504697081
events.csv(正本),B(總債務/四季經營現金流<=3),建表年份 2010-2021,觸發日即買,6m,同公司單注(365 曆日),578,0,0,438,高,0.458477508650519,0.016642137929181962,-0.0251159218865666,265,313,0.24800643353659232,-0.17924137113140504,0.1669786103617174,-0.152574757710456,1.3836450366962123,1.0944052139908744,0.016642137929181997,3.469446951953614e-15,2.55430340500854,0.006662980656960481,6,0.9973345698291473,29,2.4996846068269347,4.482375503914423e-05,-0.02627632016130247
events.csv(正本),B(總債務/四季經營現金流<=3),建表年份 2010-2021,觸發日即買,12m,正本(120 日冷卻),690,0,0,512,高,0.5144927536231884,0.07226145539837815,0.01325573703695685,355,335,0.38755770797132233,-0.2618584540445925,0.2649261046922408,-0.2137817521117503,1.4800274804392002,1.239236286892044,0.07226145539837814,1.3877787807814457e-15,4.011141292429923,0.05786936004609688,7,0.362877885835867,35,0.9851935378410629,0.04651122423548231,0.0011271086845572435
events.csv(正本),B(總債務/四季經營現金流<=3),建表年份 2010-2021,觸發日即買,12m,同公司單注(365 曆日),578,0,0,438,高,0.5103806228373703,0.06335883105769764,0.0084384390871662,295,283,0.37132273994972526,-0.25766361814070565,0.2532405174404832,-0.2118396824262198,1.4411143592144713,1.1954347482968994,0.06335883105769768,4.163336342344337e-15,4.011141292429923,0.0463408859408271,6,0.4260023918933773,29,1.0962132844571746,0.03674929808248239,-0.0064179701167169255
events.csv(正本),B(總債務/四季經營現金流<=3),建表年份 2010-2021,跌勢衰竭,1m,正本(120 日冷卻),690,0,0,512,高,0.5,0.010053217894438228,-3.157111823774152e-05,345,345,0.1033767297173749,-0.08327029392849844,0.0672248606299423,-0.0649235700280009,1.2414598873175735,1.0354461500029788,0.010053217894438228,0.0,0.8538246840434487,0.006932788226851825,7,0.605787886390129,35,1.8755969887037631,0.004003717700696162,-0.009272933507565653
events.csv(正本),B(總債務/四季經營現金流<=3),建表年份 2010-2021,跌勢衰竭,1m,同公司單注(365 曆日),578,0,0,438,高,0.49480968858131485,0.005038925806260266,-0.0011325378470234,286,292,0.09408367506115464,-0.08217613682010888,0.06202830493559655,-0.06505161149976099,1.1449026286927124,0.9535244939446957,0.0050389258062602665,8.673617379884035e-17,0.5889011028764939,0.002126320913847034,6,1.0547218199772441,29,3.3536430743904253,-0.00027863155998363796,-0.012486308512905322
events.csv(正本),B(總債務/四季經營現金流<=3),建表年份 2010-2021,跌勢衰竭,3m,正本(120 日冷卻),690,0,0,512,高,0.5028985507246376,0.02691590320538627,0.0006344391215452,347,343,0.1816796081934866,-0.12965262633068023,0.1173101581371507,-0.1046753752969273,1.4012798146495782,1.120704442705679,0.02691590320538627,0.0,1.8661342617849628,0.020833633632121144,7,0.4236939611842079,35,1.27582935284739,0.01567077644895659,-0.007820908934483709
events.csv(正本),B(總債務/四季經營現金流<=3),建表年份 2010-2021,跌勢衰竭,3m,同公司單注(365 曆日),578,0,0,438,高,0.4809688581314879,0.013861685192923143,-0.0063807502926297,278,300,0.1606617456031986,-0.1221730374539321,0.10149380661353785,-0.10308899290856019,1.3150343885309348,0.9845261239826325,0.013861685192923162,1.908195823574488e-15,1.8661342617849628,0.006526586321843992,6,0.868142490756031,29,2.229663815563641,0.001846939667555128,-0.01794559734642032
events.csv(正本),B(總債務/四季經營現金流<=3),建表年份 2010-2021,跌勢衰竭,6m,正本(120 日冷卻),690,0,0,512,高,0.4985507246376812,0.02818724324085198,-0.00120814713726735,344,346,0.2514345734999393,-0.193769640022518,0.17415472547940045,-0.16495352557115944,1.297595296511466,1.0557805592598364,0.028187243240852047,6.591949208711867e-15,2.396370699337096,0.019813271330366467,7,0.5140155844118623,35,1.515718282979299,0.013838956140670303,-0.015313445669318332
events.csv(正本),B(總債務/四季經營現金流<=3),建表年份 2010-2021,跌勢衰竭,6m,同公司單注(365 曆日),578,0,0,438,高,0.47923875432525953,0.0147080402500522,-0.012906463410024199,277,301,0.23649058442268528,-0.18939084591546063,0.1590513321828186,-0.1660002546480879,1.2486906813238947,0.9581390855092322,0.014708040250052207,6.938893903907228e-16,2.396370699337096,0.004632637969224457,6,1.0495423906853376,29,2.7614404789508495,-0.0007363148833776505,-0.027275848913139573
events.csv(正本),B(總債務/四季經營現金流<=3),建表年份 2010-2021,跌勢衰竭,12m,正本(120 日冷卻),690,0,0,512,高,0.5304347826086957,0.09101410768596527,0.02042280481117325,366,324,0.404177095828119,-0.26274408262276394,0.2683195776756505,-0.21902752435022943,1.5382919066855567,1.2250495843919693,0.0910141076859653,2.7755575615628914e-15,4.59119401420062,0.07425258561549937,7,0.31180110885789425,35,0.8280477338064111,0.06327775623947432,0.01648634599971063
events.csv(正本),B(總債務/四季經營現金流<=3),建表年份 2010-2021,跌勢衰竭,12m,同公司單注(365 曆日),578,0,0,438,高,0.5069204152249135,0.0629463155751075,0.00452523490407715,293,285,0.37494730847428015,-0.2578125999317612,0.2630213844244282,-0.2104592446612746,1.454340511571283,1.249749731107085,0.06294631557510752,1.3877787807814457e-15,4.59119401420062,0.04445001338249562,6,0.4325776723245446,29,1.0611857404887601,0.03609180026832848,-0.00405486153962157
events.csv(正本),B(總債務/四季經營現金流<=3),建表年份 2010-2021,買方回來,1m,正本(120 日冷卻),687,0,3,510,高,0.5007278020378457,0.0019511745693150308,0.0001314278520325,344,343,0.08787594964750624,-0.0842241100572091,0.05477044634774485,-0.0670538715429652,1.043358601091975,0.8168125879599708,0.0019511745693150326,1.734723475976807e-16,0.9102662588263796,-0.0015682138719664781,7,3.097123172421974,35,8.530857250126322,-0.0041339754230734545,-0.015482806415860587
events.csv(正本),B(總債務/四季經營現金流<=3),建表年份 2010-2021,買方回來,1m,同公司單注(365 曆日),576,0,2,437,高,0.5,-0.002850731347959415,-0.00025895570949735003,288,288,0.07575497565958915,-0.08145643835550796,0.04949660032049385,-0.06579839416476135,0.930005990796757,0.7522463268108447,-0.0028507313479594065,8.673617379884035e-16,0.9102662588263796,-0.005925391957432105,6,-1.6910492463182545,29,-4.894111162609615,-0.007752210639543926,-0.017693337873372274
events.csv(正本),B(總債務/四季經營現金流<=3),建表年份 2010-2021,買方回來,3m,正本(120 日冷卻),687,0,3,510,高,0.4643377001455604,0.0017452443150146966,-0.013856757247781,319,368,0.1599873308562266,-0.13542656439869888,0.1179100926852725,-0.12153028920660741,1.1813585581719424,0.9702115699306829,0.0017452443150147018,5.204170427930421e-16,1.4945570917341993,-0.003555726209021571,7,5.4901604237978585,35,14.921055157170862,-0.00791709605412537,-0.025599856303073886
events.csv(正本),B(總債務/四季經營現金流<=3),建表年份 2010-2021,買方回來,3m,同公司單注(365 曆日),576,0,2,437,高,0.4392361111111111,-0.007462000054768101,-0.021186364943564,253,323,0.14863358178137676,-0.12972881802549452,0.107904991998402,-0.1160811699323465,1.1457252447344972,0.9295649937133673,-0.007462000054768075,2.6020852139652106e-15,1.4945570917341993,-0.013650075625615899,6,-1.2857427185706765,29,-3.3003294383890975,-0.017235751367909228,-0.033790306579073975
events.csv(正本),B(總債務/四季經營現金流<=3),建表年份 2010-2021,買方回來,6m,正本(120 日冷卻),687,0,3,510,高,0.4949053857350801,0.0163004578606832,-0.0014325305606086,340,347,0.24228571567619359,-0.20512601953779958,0.18344023226628695,-0.1792785278934335,1.1811554488412739,1.0232136241955716,0.016300457860683223,2.42861286636753e-15,1.9922281935905384,0.00855673884775835,7,0.9457704376836968,35,2.487393804700408,0.0008930663524981116,-0.02554670617264923
events.csv(正本),B(總債務/四季經營現金流<=3),建表年份 2010-2021,買方回來,6m,同公司單注(365 曆日),576,0,2,437,高,0.4670138888888889,-0.003044337519309088,-0.01762232039322675,269,307,0.21933943520000324,-0.19790178006489548,0.1641674471941967,-0.169808927200341,1.1083247211221545,0.966777482791064,-0.003044337519309104,1.5612511283791264e-15,1.9922281935905384,-0.01238943034824553,6,-4.795670011663306,29,-12.047600762998103,-0.017829701725683697,-0.041827183018103016
events.csv(正本),B(總債務/四季經營現金流<=3),建表年份 2010-2021,買方回來,12m,正本(120 日冷卻),687,0,3,510,高,0.49199417758369723,0.0626545883545406,-0.0046364487228099,338,349,0.38973945178433866,-0.2541210100387882,0.2834404749933064,-0.2075718869419829,1.5336766201458516,1.3655051229193145,0.0626545883545406,0.0,4.318216874517566,0.04662801282551777,7,0.42306683877576845,35,1.1103156592861656,0.03651961644234117,-0.007282813475863281
events.csv(正本),B(總債務/四季經營現金流<=3),建表年份 2010-2021,買方回來,12m,同公司單注(365 曆日),576,0,2,437,高,0.4791666666666667,0.03947772472580967,-0.0164858462788577,276,300,0.35658813084501395,-0.2522638489038582,0.2628091538500855,-0.2062931272240054,1.4135522485463836,1.2739598133325676,0.03947772472580971,4.163336342344337e-15,4.318216874517566,0.022692802146035706,6,0.6339995445365003,29,1.5088514607742263,0.014600958548522775,-0.021153308203634605
events.csv(正本),B(總債務/四季經營現金流<=3),驗證年份 2022-2026,觸發日即買,1m,正本(120 日冷卻),899,13,0,568,高,0.5139043381535039,0.007550517230960446,0.00356844502852,462,437,0.0944741275323103,-0.0843458396551348,0.06690798398229145,-0.0685606172078503,1.1200804677336438,0.9758952983088136,0.007550517230960452,6.071532165918825e-16,0.914636785560262,0.004975203302950394,9,0.7290205906239238,45,2.0968875044839215,0.002066724938266138,-0.00871847673855376
events.csv(正本),B(總債務/四季經營現金流<=3),驗證年份 2022-2026,觸發日即買,1m,同公司單注(365 曆日),694,11,0,460,高,0.5273775216138329,0.01208231278532228,0.006283017666750049,366,328,0.09629628242999277,-0.08188815334257223,0.0627854216507174,-0.0662906562212502,1.1759488827052351,0.9471232482774977,0.012082312785322291,1.0408340855860843e-15,0.914636785560262,0.008762651580063341,7,0.49914863802819914,35,1.4371939256085502,0.006113102348068114,-0.005562861528663919
events.csv(正本),B(總債務/四季經營現金流<=3),驗證年份 2022-2026,觸發日即買,3m,正本(120 日冷卻),831,81,0,535,高,0.4825511432009627,0.013598665274575754,-0.0061110679822173,401,430,0.18101192820923026,-0.14252393574122993,0.1327541164317127,-0.12102904654961,1.2700458155876364,1.0968781479848855,0.013598665274575775,2.0816681711721685e-15,1.5379776085719985,0.009182720270258469,9,0.7185379710653415,42,2.12450923540298,0.0038694149399961554,-0.016105838172033243
events.csv(正本),B(總債務/四季經營現金流<=3),驗證年份 2022-2026,觸發日即買,3m,同公司單注(365 曆日),637,68,0,431,高,0.4725274725274725,0.014745416232873482,-0.0078180645425074,301,336,0.18236415959570826,-0.13541304136299934,0.1438521970223314,-0.11304460787287379,1.3467252323714367,1.2725259499692616,0.014745416232873468,1.3877787807814457e-15,1.5379776085719985,0.009299614692138953,7,0.6623214171283934,32,1.966662407547764,0.005034535826895028,-0.015007761648179602
events.csv(正本),B(總債務/四季經營現金流<=3),驗證年份 2022-2026,觸發日即買,6m,正本(120 日冷卻),728,184,0,481,高,0.4340659340659341,-0.001652435486872483,-0.03619732063358355,316,412,0.2604949688665312,-0.20271694950550243,0.17054353843173015,-0.17738449193802103,1.285018196564074,0.961434320263571,-0.0016524354868724528,3.0140820395097023e-15,2.4249454197243,-0.009426209939386369,8,-9.73711689874427,37,-27.385886689114585,-0.017939530690074198,-0.04941744753366728
events.csv(正本),B(總債務/四季經營現金流<=3),驗證年份 2022-2026,觸發日即買,6m,同公司單注(365 曆日),553,152,0,386,高,0.4159132007233273,-0.011035465005276834,-0.0448007278489094,230,323,0.2529348985028054,-0.19900197772001038,0.16301038069619783,-0.1689977030125956,1.2710170089800665,0.9645715757689824,-0.01103546500527687,3.642919299551295e-15,2.4249454197243,-0.020989604763319108,6,-1.484155337670577,28,-4.029616110848872,-0.027714509215692927,-0.05846437405224927
events.csv(正本),B(總債務/四季經營現金流<=3),驗證年份 2022-2026,觸發日即買,12m,正本(120 日冷卻),625,287,0,420,高,0.4112,-0.013304368223339575,-0.092789048745971,257,368,0.37524888075902074,-0.2846581317789553,0.2521256180435587,-0.2534760473725331,1.3182440227999934,0.9946723592111657,-0.013304368223339552,2.2551405187698492e-15,3.532489196045592,-0.02792107313250447,7,-2.005825241976717,32,-5.033238171190671,-0.040443573861515994,-0.08459993909003853
events.csv(正本),B(總債務/四季經營現金流<=3),驗證年份 2022-2026,觸發日即買,12m,同公司單注(365 曆日),493,212,0,347,高,0.4158215010141988,-0.014550724513942567,-0.088738944647711,205,288,0.3579399882772752,-0.2796916832715802,0.2411258772827995,-0.24155723619202557,1.2797662915479542,0.9982142579703835,-0.01455072451394257,3.469446951953614e-16,3.061586771067589,-0.03010317832836823,5,-1.579742997749933,25,-4.363108599516659,-0.037921731415525815,-0.08220576511660718
events.csv(正本),B(總債務/四季經營現金流<=3),驗證年份 2022-2026,跌勢衰竭,1m,正本(120 日冷卻),879,17,19,558,高,0.48464163822525597,-5.926672218340288e-05,-0.0050050274886784,426,453,0.09359706043722002,-0.08813342868665548,0.0681058005907122,-0.0720224944138862,1.061992728888259,0.9456184646887369,-5.926672218339868e-05,4.2012834183813297e-16,0.6256721723559786,-0.0019239457124675655,9,-75.59575930820496,44,-243.81909750528214,-0.00458654075549113,-0.015274204501982636
events.csv(正本),B(總債務/四季經營現金流<=3),驗證年份 2022-2026,跌勢衰竭,1m,同公司單注(365 曆日),677,15,15,453,高,0.48005908419497784,0.0007680538149356769,-0.0051190284699245,325,352,0.09477091209404415,-0.08602435794844573,0.0674391318233318,-0.07146161790050509,1.1016753202719654,0.9437112369499704,0.0007680538149356722,4.662069341687669e-16,0.6256721723559786,-0.0016517931196007682,7,6.214865082310577,34,19.6581898675795,-0.0040471434076284184,-0.015088249417476671
events.csv(正本),B(總債務/四季經營現金流<=3),驗證年份 2022-2026,跌勢衰竭,3m,正本(120 日冷卻),806,90,19,525,高,0.46898263027295284,0.0023864745140253093,-0.016238788441333148,378,428,0.17497551678447854,-0.15004029646315065,0.13061789222503423,-0.1261110533769897,1.1661901563054555,1.035737064494831,0.002386474514025322,1.2576745200831851e-15,1.0303512131369832,-0.0011756685859949506,9,3.631763353366975,41,11.518305510333231,-0.006351559288360584,-0.026446986187059648
events.csv(正本),B(總債務/四季經營現金流<=3),驗證年份 2022-2026,跌勢衰竭,3m,同公司單注(365 曆日),614,78,15,421,高,0.4560260586319218,-0.0015403103882563587,-0.018764656471982652,280,334,0.17693213917093878,-0.15115793277321038,0.12764158904998865,-0.1259806086121181,1.1705117682205848,1.0131844135075148,-0.0015403103882563746,1.5829351718288365e-15,1.0303512131369832,-0.0062410980544153095,7,-6.04671787502681,31,-18.097384781317153,-0.010979303963844403,-0.030980038941090405
events.csv(正本),B(總債務/四季經營現金流<=3),驗證年份 2022-2026,跌勢衰竭,6m,正本(120 日冷卻),702,194,19,471,高,0.4045584045584046,-0.015836362780490665,-0.058593170473434,284,418,0.2683798405458171,-0.2089401947055419,0.16604280065860405,-0.18139901474153608,1.284481623672473,0.915345658823935,-0.01583636278049068,1.3877787807814457e-15,2.7093591860815387,-0.024117457772516223,8,-1.0653014440735693,36,-2.8874784299582004,-0.03308388727584012,-0.06489127648669903
events.csv(正本),B(總債務/四季經營現金流<=3),驗證年份 2022-2026,跌勢衰竭,6m,同公司單注(365 曆日),538,154,15,380,高,0.3940520446096654,-0.02798302677971002,-0.0669255582565261,212,326,0.25580759520277635,-0.21253398340635762,0.155184685216985,-0.1843577227966691,1.2036079647257214,0.8417585271876054,-0.02798302677971004,2.0816681711721685e-15,2.7093591860815387,-0.03848623114203743,6,-0.5971412506052014,27,-1.5735648784718006,-0.04519690104516116,-0.07582129272703618
events.csv(正本),B(總債務/四季經營現金流<=3),驗證年份 2022-2026,跌勢衰竭,12m,正本(120 日冷卻),620,276,19,416,高,0.4161290322580645,-0.014872470969295637,-0.1040109838906009,258,362,0.3701307719119744,-0.2892670473874384,0.23852326470198326,-0.25883537705854265,1.2795469627628506,0.9215249762710557,-0.01487247096929567,3.2959746043559335e-15,4.060473141568552,-0.030430297428427594,7,-1.9468798066833706,31,-4.50890150017365,-0.044327860216050945,-0.08624313435162294
events.csv(正本),B(總債務/四季經營現金流<=3),驗證年份 2022-2026,跌勢衰竭,12m,同公司單注(365 曆日),488,204,15,343,高,0.42213114754098363,-0.021161946449727062,-0.09827714941926585,206,282,0.33783754769415203,-0.28340980387397924,0.2236847768224462,-0.2530319959952261,1.192046086889692,0.8840177541288747,-0.021161946449727048,1.3877787807814457e-15,2.6381520930745976,-0.035211521541678746,5,-0.9747205128509476,25,-2.786906993176549,-0.04222152736254888,-0.08446544627182104
events.csv(正本),B(總債務/四季經營現金流<=3),驗證年份 2022-2026,買方回來,1m,正本(120 日冷卻),861,19,35,555,高,0.47502903600464574,-0.0005029139432753217,-0.0070887329322593,409,452,0.09420577207416617,-0.08620170283958851,0.067724101709752,-0.06923873137612549,1.0928527972292184,0.9781245318007696,-0.0005029139432753196,2.0599841277224584e-16,0.8952976135932049,-0.0029173754918134895,9,-11.188504152928486,44,-32.1594171066278,-0.006194519763847768,-0.017574446630460705
events.csv(正本),B(總債務/四季經營現金流<=3),驗證年份 2022-2026,買方回來,1m,同公司單注(365 曆日),661,16,30,448,高,0.46444780635400906,-0.000143880722802709,-0.0097849576001728,307,354,0.09649110274931262,-0.08394879576782928,0.0641510495737527,-0.0684474096026148,1.149404251326852,0.9372312253479644,-0.00014388072280271252,3.5236570605778894e-16,0.8952976135932049,-0.003290584231897447,7,-41.640864748580846,34,-116.65413498272962,-0.006200865702558843,-0.01784611653928258
events.csv(正本),B(總債務/四季經營現金流<=3),驗證年份 2022-2026,買方回來,3m,正本(120 日冷卻),765,115,35,509,高,0.4718954248366013,0.008129079681535315,-0.0143656109195566,361,404,0.17635878254570467,-0.14219498649164572,0.1376089179927202,-0.125273586721488,1.2402602011292863,1.0984671357630758,0.008129079681535312,3.469446951953614e-16,1.1256720008353378,0.00424813189915129,8,1.0305985867288834,39,3.3832925602161823,-0.0002513670244267116,-0.020414725856338654
events.csv(正本),B(總債務/四季經營現金流<=3),驗證年份 2022-2026,買方回來,3m,同公司單注(365 曆日),579,98,30,407,高,0.4542314335060449,0.004859296770748923,-0.0174069667415278,263,316,0.1770138445329766,-0.13842122874021903,0.1387129522853702,-0.1181759350492532,1.2788056148900828,1.173783412228197,0.004859296770748922,8.673617379884035e-17,1.1256720008353378,-0.00029190385235693887,6,1.762015357622352,29,5.726498404329092,-0.0037416321567810855,-0.024178469877760986
events.csv(正本),B(總債務/四季經營現金流<=3),驗證年份 2022-2026,買方回來,6m,正本(120 日冷卻),686,194,35,467,高,0.4198250728862974,-0.014501547996259996,-0.06228281173583965,288,398,0.2655611561213587,-0.2171599871567479,0.180492871436785,-0.19612064061107254,1.222882537424698,0.9203155306570764,-0.014501547996259995,1.734723475976807e-16,2.3951213801980296,-0.022124594916702926,7,-0.9694324787514483,35,-3.1031777915533154,-0.02885425074606936,-0.06270148504061347
events.csv(正本),B(總債務/四季經營現金流<=3),驗證年份 2022-2026,買方回來,6m,同公司單注(365 曆日),527,150,30,376,高,0.4098671726755218,-0.02261457197692503,-0.0729207384779437,216,311,0.25518492384775066,-0.2155557009098188,0.17142734319068742,-0.1958341230414834,1.1838467865645148,0.8753701373808797,-0.02261457197692504,1.0408340855860843e-15,2.3951213801980296,-0.03167313544739701,6,-0.663431719670384,27,-1.960065742016681,-0.03805101473729188,-0.07055541324734663
events.csv(正本),B(總債務/四季經營現金流<=3),驗證年份 2022-2026,買方回來,12m,正本(120 日冷卻),600,280,35,405,高,0.395,-0.00607865008884595,-0.0982700061913539,237,363,0.4191311632189475,-0.2836949744798847,0.2231309171937312,-0.2656603747143626,1.4774007329081746,0.8399104210917455,-0.006078650088845949,8.673617379884035e-17,5.764461747877843,-0.025362019314426536,6,-5.015629451896715,30,-12.658313689153132,-0.03693626919417809,-0.08739379970532268
events.csv(正本),B(總債務/四季經營現金流<=3),驗證年份 2022-2026,買方回來,12m,同公司單注(365 曆日),470,207,30,333,高,0.3893617021276596,-0.014432490460690194,-0.0906012903260136,183,287,0.3906599342799461,-0.27273184142771606,0.219789737460897,-0.2543311703571124,1.4323957636735472,0.8641871822171268,-0.014432490460690145,4.85722573273506e-15,2.9316931220603903,-0.031108469795471144,5,-1.656169368054316,24,-4.56710890382835,-0.038747344862834564,-0.0846708647749311
events_gatefix.csv,"A(淨現金 N2, gatefix)",全期 2010-2026,觸發日即買,1m,正本(120 日冷卻),1747,16,0,1136,高,0.4962793360045793,0.0044586845796983875,-0.0012775070489561,867,880,0.1009172288582298,-0.090574903931082,0.0744160899671111,-0.0684264970458042,1.1141853259377148,1.0875332390213914,0.004458684579698391,3.469446951953614e-16,0.7289663457738649,0.0032174319421542754,18,1.2056139283459069,88,3.5187447003011787,-0.000926311791496459,-0.011825987587423765
events_gatefix.csv,"A(淨現金 N2, gatefix)",全期 2010-2026,觸發日即買,1m,同公司單注(365 曆日),1335,13,0,927,高,0.4936329588014981,0.0032793718838581526,-0.0015539014555955,659,676,0.09963234137207054,-0.09065051996929564,0.0744160899671111,-0.068802369158301,1.099081851993978,1.0815919695424152,0.0032793718838581426,9.97465998686664e-16,0.7289663457738649,0.0017263386779112536,14,1.6744275606674854,67,4.775566864513052,-0.0022351384341430043,-0.013035714701248128
events_gatefix.csv,"A(淨現金 N2, gatefix)",全期 2010-2026,觸發日即買,3m,正本(120 日冷卻),1681,82,0,1097,高,0.4997025580011898,0.015282670021460302,-0.0002054996003511,840,841,0.1864678275773459,-0.15569893800106513,0.13215892275586436,-0.132031708130653,1.1976178512924107,1.0009635157115855,0.015282670021460318,1.5612511283791264e-15,1.5379776085719985,0.012996165523289416,17,0.5952745981934523,85,2.025854326184233,0.006248475775332906,-0.01651276334410266
events_gatefix.csv,"A(淨現金 N2, gatefix)",全期 2010-2026,觸發日即買,3m,同公司單注(365 曆日),1281,67,0,896,高,0.5042935206869633,0.014778800001437553,0.0015162556519088,646,635,0.17824014029548665,-0.15151415406148477,0.12603640729089804,-0.131766433133193,1.176392670371617,0.9565137667762252,0.014778800001437581,2.7755575615628914e-15,1.5379776085719985,0.011871016947677433,13,0.5967676706830699,65,2.030485494544931,0.0060203867703333205,-0.016043407315134563
events_gatefix.csv,"A(淨現金 N2, gatefix)",全期 2010-2026,觸發日即買,6m,正本(120 日冷卻),1567,196,0,1036,高,0.4345883854499043,0.007285750965029327,-0.0425342887005777,681,886,0.28822925509295033,-0.2086538949843095,0.1841038251185895,-0.1783894599483431,1.3813749085039835,1.0320330874475494,0.007285750965029328,8.673617379884035e-17,3.5697477446936787,0.001000895079405027,16,2.5716513292485113,79,6.826930156060704,-0.011568784342869114,-0.044707480958354195
events_gatefix.csv,"A(淨現金 N2, gatefix)",全期 2010-2026,觸發日即買,6m,同公司單注(365 曆日),1203,145,0,845,高,0.4256026600166251,0.0011617921385772918,-0.0480096938757513,512,691,0.2775842746668902,-0.20365486640627967,0.18139513031675955,-0.1709427103820525,1.363013217239433,1.0611457482530033,0.0011617921385773389,4.705437428587089e-15,3.397946482669285,-0.0060907779919446865,13,16.090911562230776,61,40.243966478979296,-0.01772403395597374,-0.04802870235154842
events_gatefix.csv,"A(淨現金 N2, gatefix)",全期 2010-2026,觸發日即買,12m,正本(120 日冷卻),1426,337,0,958,高,0.4537166900420757,0.030538872245737387,-0.04827569352452135,647,779,0.43064989160619255,-0.3017741309971567,0.2853311673817835,-0.2871503598652163,1.427060332120549,0.9936646693241592,0.03053887224573737,1.734723475976807e-15,11.705683397360184,0.01749993404713516,15,1.0352489454263267,72,2.5832030355964273,-0.0010879066596106816,-0.05092024332106483
events_gatefix.csv,"A(淨現金 N2, gatefix)",全期 2010-2026,觸發日即買,12m,同公司單注(365 曆日),1108,240,0,791,高,0.44584837545126355,0.025263688447333642,-0.05226886826329105,494,614,0.4227683043677175,-0.29455272892183515,0.27746606125644135,-0.2751381618786958,1.4352890428657568,1.0084608378636037,0.02526368844733365,6.938893903907228e-16,11.705683397360184,0.00870978848354087,12,1.3282917642815995,56,3.1239187837463605,-0.00838466954810264,-0.05651434302616797
events_gatefix.csv,"A(淨現金 N2, gatefix)",全期 2010-2026,跌勢衰竭,1m,正本(120 日冷卻),1717,26,26,1117,高,0.5101921956901573,0.00858305808089061,0.0028442532895385,876,841,0.10504799131931496,-0.09189646809849075,0.0740398504183884,-0.0720815059206056,1.143112390421022,1.027168473698924,0.008583058080890618,8.673617379884035e-16,0.7576747152682597,0.007392190290002655,18,0.620233610001409,86,2.0108236201915624,0.0032940902525018805,-0.009133427108581463
events_gatefix.csv,"A(淨現金 N2, gatefix)",全期 2010-2026,跌勢衰竭,1m,同公司單注(365 曆日),1311,22,19,913,高,0.5141113653699466,0.010779179484400606,0.0034204115065945,674,637,0.10157006335059614,-0.08528527220447817,0.071531135545939,-0.0667648952866039,1.190944939556198,1.0713884181031799,0.010779179484400617,1.0408340855860843e-15,0.7576747152682597,0.009223706220355163,14,0.5158164641876879,66,1.6005302780247492,0.005275436947017304,-0.006816382496882422
events_gatefix.csv,"A(淨現金 N2, gatefix)",全期 2010-2026,跌勢衰竭,3m,正本(120 日冷卻),1655,88,26,1085,高,0.49244712990936557,0.013548940833007941,-0.0039962355524151,815,840,0.18370670023016128,-0.15154459953446822,0.1225487104398199,-0.12893309171553108,1.2122286164897478,0.9504829893492569,0.013548940833007936,5.204170427930421e-16,3.1938156933140016,0.008742329239729483,17,0.9359023302983343,83,2.4184741172989597,0.0008774688090977838,-0.020233556123004363
events_gatefix.csv,"A(淨現金 N2, gatefix)",全期 2010-2026,跌勢衰竭,3m,同公司單注(365 曆日),1265,68,19,889,高,0.49407114624505927,0.01340601561351405,-0.0037160492173052,625,640,0.17692621387900767,-0.14628167800513206,0.1191281611581931,-0.12445608371405395,1.2094899121460754,0.9571903405855023,0.013406015613514052,1.734723475976807e-16,3.1938156933140016,0.008223817543817076,13,0.9028901645926263,64,2.3462158585395487,0.001315373643503784,-0.019009116890680997
events_gatefix.csv,"A(淨現金 N2, gatefix)",全期 2010-2026,跌勢衰竭,6m,正本(120 日冷卻),1537,206,26,1025,高,0.43201040988939493,0.0030154256290423893,-0.044960793238055,664,873,0.2859466290932204,-0.21218081618105403,0.1769343978744869,-0.1860300208983518,1.3476554301177819,0.9511066924578006,0.0030154256290423898,4.336808689942018e-17,5.028545540148772,-0.0036367567200246294,16,6.673331915180754,77,16.986877867299576,-0.017287471121391836,-0.05074967794545701
events_gatefix.csv,"A(淨現金 N2, gatefix)",全期 2010-2026,跌勢衰竭,6m,同公司單注(365 曆日),1189,144,19,841,高,0.4280908326324643,-0.004204839017119764,-0.0505442279933365,509,680,0.27234261925502556,-0.21120874528259326,0.1702945824719373,-0.18571154724678302,1.289447645222438,0.9169843501742039,-0.004204839017119752,1.214306433183765e-15,5.028545540148772,-0.012827190212235523,12,-4.907408485527873,60,-11.69231658146015,-0.025092952684302672,-0.05620541802254986
events_gatefix.csv,"A(淨現金 N2, gatefix)",全期 2010-2026,跌勢衰竭,12m,正本(120 日冷卻),1419,324,26,952,高,0.44326990838618746,0.04240462392355297,-0.0472426735653188,629,790,0.45553364097859766,-0.28652974535191933,0.2783435678299681,-0.25902419195268267,1.5898301951830713,1.0745852182054663,0.042404623923552986,1.3877787807814457e-15,9.987976510363495,0.02902403194662029,15,0.8497707030052699,71,2.100629866517477,0.006438476850350185,-0.04913002812462228
events_gatefix.csv,"A(淨現金 N2, gatefix)",全期 2010-2026,跌勢衰竭,12m,同公司單注(365 曆日),1103,230,19,786,高,0.43245693563009974,0.03364355036787289,-0.0518442247309366,477,626,0.4457026966531266,-0.2803376202041175,0.2681478565295712,-0.24993136859694534,1.5898782914993879,1.0728859607935124,0.03364355036787295,5.551115123125783e-15,9.987976510363495,0.017446596761017757,12,1.0688785871956061,56,2.5662368592257807,-0.0023428086159435293,-0.05551215552388148
events_gatefix.csv,"A(淨現金 N2, gatefix)",全期 2010-2026,買方回來,1m,正本(120 日冷卻),1701,17,51,1112,高,0.48736037624926515,-0.0016094255332459594,-0.0039036098212706,829,872,0.09631239681402769,-0.09470253416385357,0.0657865921416418,-0.0745597277165648,1.016999150702649,0.882334125356873,-0.001609425533245952,7.37257477290143e-16,0.7141447229496054,-0.0026710759238644296,18,-2.896167888703372,86,-9.762028015141608,-0.006337657237848272,-0.01824302243573275
events_gatefix.csv,"A(淨現金 N2, gatefix)",全期 2010-2026,買方回來,1m,同公司單注(365 曆日),1301,13,38,909,高,0.4827056110684089,-0.0024862236190455462,-0.0048756362122579,628,673,0.09364362773317474,-0.09218837317208321,0.063075972320575,-0.0729790396374515,1.0157856626710948,0.8643025810414415,-0.0024862236190455536,7.37257477290143e-16,0.7141447229496054,-0.003868708589376274,14,-1.9145525953563582,66,-6.148695996077239,-0.00732505406486763,-0.018723082701944494
events_gatefix.csv,"A(淨現金 N2, gatefix)",全期 2010-2026,買方回來,3m,正本(120 日冷卻),1617,101,51,1071,高,0.46691403834260975,0.0011802719950728977,-0.0140193244830832,755,862,0.17699491793072702,-0.15281051417826685,0.1181932793755995,-0.1257656844491514,1.1582640035112175,0.9397895768888093,0.0011802719950728957,1.951563910473908e-16,3.396805041048303,-0.0034342981564185163,17,11.053010789151127,81,27.176467210705635,-0.011991355776044656,-0.032524598213556195
events_gatefix.csv,"A(淨現金 N2, gatefix)",全期 2010-2026,買方回來,3m,同公司單注(365 曆日),1235,79,38,874,高,0.45668016194331984,-0.0035304327109441937,-0.0166222990450561,564,671,0.16753799538713807,-0.14731969269204465,0.11500004735671315,-0.1210423485141843,1.1372410050933077,0.9500810978005513,-0.0035304327109441924,1.3010426069826053e-16,3.396805041048303,-0.00858642245963083,13,-3.246237440947274,62,-8.193217095985275,-0.01515053487442384,-0.03417152807142376
events_gatefix.csv,"A(淨現金 N2, gatefix)",全期 2010-2026,買方回來,6m,正本(120 日冷卻),1512,206,51,1016,高,0.4246031746031746,-0.007306069267635186,-0.05250731519827405,642,870,0.2712165954432089,-0.21283658736460292,0.18003576229800522,-0.19094039365686383,1.2742949828386283,0.9428898665703227,-0.00730606926763519,4.3368086899420177e-16,3.32550096723088,-0.0124973234711873,16,-2.3189101064322593,76,-6.192609623273744,-0.02450752603044157,-0.0553308862350407
events_gatefix.csv,"A(淨現金 N2, gatefix)",全期 2010-2026,買方回來,6m,同公司單注(365 曆日),1169,145,38,831,高,0.40975192472198463,-0.01620028817784062,-0.0580025293541376,479,690,0.26088431294244635,-0.2085532214193152,0.1742654050712984,-0.1861478050506319,1.2509243979402012,0.9361668542043701,-0.01620028817784061,1.0408340855860843e-15,3.32550096723088,-0.022941527671743497,12,-1.0183206851094488,59,-2.6518484495100894,-0.03303650250832115,-0.06230559081212335
events_gatefix.csv,"A(淨現金 N2, gatefix)",全期 2010-2026,買方回來,12m,正本(120 日冷卻),1396,322,51,942,高,0.43123209169054444,0.020732425530799146,-0.0647243850506862,602,794,0.4229270309807654,-0.2842060536642634,0.2546968608872304,-0.2476206935679254,1.4881000088772742,1.0285766396069154,0.02073242553079918,3.469446951953614e-15,7.021457922676005,0.010297258047559642,14,1.3677405384170036,70,3.8641185823093833,-0.00770138787628915,-0.0625148226288641
events_gatefix.csv,"A(淨現金 N2, gatefix)",全期 2010-2026,買方回來,12m,同公司單注(365 曆日),1084,230,38,776,高,0.41974169741697415,0.006887428718879656,-0.06705982227419,455,629,0.3997177624327807,-0.2772744184032586,0.2435588319688144,-0.2388684531219731,1.4415962523143573,1.019635823757967,0.0068874287188796235,3.209238430557093e-15,7.021457922676005,-0.006001729020516987,11,3.9973643309614983,55,10.785732180872536,-0.02085576920841248,-0.07100098116410308
events_gatefix.csv,"A(淨現金 N2, gatefix)",建表年份 2010-2021,觸發日即買,1m,正本(120 日冷卻),685,0,0,497,高,0.5065693430656935,0.0037710330447218183,0.000827829429691,347,338,0.09997527565280083,-0.09499486099374983,0.072141749516206,-0.06812568983399159,1.0524282535597234,1.0589507378494183,0.0037710330447218235,5.204170427930421e-16,0.7289663457738649,0.0009559543242393273,7,1.509193344303762,35,4.406949364950102,-0.0019400098456526416,-0.013539518871216578
events_gatefix.csv,"A(淨現金 N2, gatefix)",建表年份 2010-2021,觸發日即買,1m,同公司單注(365 曆日),561,0,0,418,高,0.5133689839572193,0.0043351917300504805,0.0028556311923049,288,273,0.09771901228558053,-0.09417960797688232,0.0725636655813737,-0.0671699316801772,1.0375814296186814,1.080299827114284,0.0043351917300504805,0.0,0.7289663457738649,0.0008975730717832904,6,1.385293674791132,29,3.690909684956732,-0.0016883794872179238,-0.01230151669254389
events_gatefix.csv,"A(淨現金 N2, gatefix)",建表年份 2010-2021,觸發日即買,3m,正本(120 日冷卻),685,0,0,497,高,0.5124087591240876,0.029961358077141044,0.0042188998701093,351,334,0.2012409817463976,-0.15003609074893393,0.1377678264328576,-0.12981844619509358,1.3412838253907087,1.0612345970141834,0.02996135807714105,6.938893903907228e-16,1.1245123772670025,0.025753513519300268,7,0.2984327841930355,35,1.1124722208961138,0.02123692625230547,-0.0035512723562151375
events_gatefix.csv,"A(淨現金 N2, gatefix)",建表年份 2010-2021,觸發日即買,3m,同公司單注(365 曆日),561,0,0,418,高,0.5258467023172906,0.02678645644617569,0.0069587796873464,295,266,0.18169984426402902,-0.14501598493076692,0.1274359590679188,-0.12691925910534546,1.2529642463261936,1.0040710918596245,0.026786456446175694,3.469446951953614e-16,0.90740439311383,0.022513849985988894,6,0.3078752030196979,29,1.148256309971411,0.01873999852130275,-0.0041877397134305935
events_gatefix.csv,"A(淨現金 N2, gatefix)",建表年份 2010-2021,觸發日即買,6m,正本(120 日冷卻),685,0,0,497,高,0.47153284671532847,0.030152928374735634,-0.0191364763572364,323,362,0.29290137737732874,-0.20428836728227417,0.1814164485664047,-0.16738704270291985,1.433764346320386,1.0838141688684015,0.03015292837473567,3.469446951953614e-15,3.5697477446936787,0.018565740569017206,7,0.6699138908440988,35,1.7615072491249342,0.010055823042342276,-0.024198071345690266
events_gatefix.csv,"A(淨現金 N2, gatefix)",建表年份 2010-2021,觸發日即買,6m,同公司單注(365 曆日),561,0,0,418,高,0.46524064171123,0.022582507807901657,-0.0215866331078159,261,300,0.27321642295062365,-0.19546899836626647,0.1814164485664047,-0.16106605726063045,1.3977481095937034,1.1263481061862965,0.02258250780790169,3.469446951953614e-15,2.883677630648528,0.012115339765771975,6,0.8067571945361489,29,2.068452767555857,0.004411084537945614,-0.025443609781503958
events_gatefix.csv,"A(淨現金 N2, gatefix)",建表年份 2010-2021,觸發日即買,12m,正本(120 日冷卻),685,0,0,497,高,0.5065693430656935,0.08393903390477028,0.0084253664530926,347,338,0.45211657890867646,-0.2940420551968731,0.297582223494524,-0.26732522523691093,1.5375915482768818,1.1131842243125336,0.08393903390477028,0.0,11.705683397360184,0.056968053594456766,7,0.4716186286147338,35,1.0742129044156057,0.044809731512447624,-0.006564786549908337
events_gatefix.csv,"A(淨現金 N2, gatefix)",建表年份 2010-2021,觸發日即買,12m,同公司單注(365 曆日),561,0,0,418,高,0.49910873440285203,0.0744549893904311,-6.64120631020948e-05,280,281,0.4395397818192914,-0.28933056890167164,0.2886244557274825,-0.2585335919967823,1.5191612261636551,1.116390537486033,0.07445498939043108,2.7755575615628914e-15,11.705683397360184,0.04318873119664504,6,0.5679467936213071,29,1.2366087653083022,0.032516284647265456,-0.01857701211486803
events_gatefix.csv,"A(淨現金 N2, gatefix)",建表年份 2010-2021,跌勢衰竭,1m,正本(120 日冷卻),685,0,0,497,高,0.5124087591240876,0.014246066345572557,0.0031792123204146,351,334,0.11237829333548152,-0.08888091471268506,0.0773999611066573,-0.06785663903267666,1.264369225932853,1.1406394747813107,0.014246066345572558,1.734723475976807e-16,0.7576747152682597,0.011278092197789684,7,0.42197754632838586,35,1.3366537488985464,0.008319563663129753,-0.005054237346110268
events_gatefix.csv,"A(淨現金 N2, gatefix)",建表年份 2010-2021,跌勢衰竭,1m,同公司單注(365 曆日),561,0,0,418,高,0.5276292335115864,0.017622829160050636,0.006149642781742,296,265,0.10761833135278213,-0.0829004487608872,0.07597905892701745,-0.0649235700280009,1.2981634353173361,1.1702846731048282,0.017622829160050625,1.0408340855860843e-15,0.7576747152682597,0.014013459840436856,6,0.3705291802268135,29,1.0844295715753054,0.011212981655592858,-0.0015689945880367298
events_gatefix.csv,"A(淨現金 N2, gatefix)",建表年份 2010-2021,跌勢衰竭,3m,正本(120 日冷卻),685,0,0,497,高,0.5007299270072992,0.026158205119569507,0.0004854322125962,343,342,0.2017338495811413,-0.14993081841937528,0.133014950116427,-0.1294012717890027,1.3455128952665785,1.0279261422817902,0.026158205119569497,1.0408340855860843e-15,2.921219219496061,0.01702465538112161,7,0.5901626970664982,35,1.43718454480369,0.010831292981582892,-0.012051745621054124
events_gatefix.csv,"A(淨現金 N2, gatefix)",建表年份 2010-2021,跌勢衰竭,3m,同公司單注(365 曆日),561,0,0,418,高,0.49910873440285203,0.02138570747423076,-0.0003923188242601,280,281,0.1832470684990021,-0.1398996344721606,0.12731670311682092,-0.1243218446303141,1.3098466567864224,1.024089559605654,0.021385707474230742,1.734723475976807e-15,1.8661342617849628,0.013352269960527555,6,0.6097654727925449,29,1.5632078936461462,0.008435662433800166,-0.012701165761747023
events_gatefix.csv,"A(淨現金 N2, gatefix)",建表年份 2010-2021,跌勢衰竭,6m,正本(120 日冷卻),685,0,0,497,高,0.4832116788321168,0.02602071545609126,-0.0108084580801057,331,354,0.28457477949860094,-0.21573463821077513,0.1847101113449611,-0.18812728059019285,1.3190963762646601,0.9818358654071254,0.026020715456091276,1.734723475976807e-15,2.4755892741256345,0.016019342506647504,7,0.7356041234153191,35,2.0428650766663696,0.006950799944802452,-0.028597269787747428
events_gatefix.csv,"A(淨現金 N2, gatefix)",建表年份 2010-2021,跌勢衰竭,6m,同公司單注(365 曆日),561,0,0,418,高,0.47950089126559714,0.0170501393472863,-0.0147566502899673,269,292,0.2620797718828618,-0.20867921391322675,0.1744382739056846,-0.18049004192216617,1.255897829823339,0.9664703495437642,0.017050139347286303,3.469446951953614e-16,2.4755892741256345,0.004778010171933164,6,1.1684705073021708,29,2.872545104768593,-0.0029034990916306617,-0.033667544996964366
events_gatefix.csv,"A(淨現金 N2, gatefix)",建表年份 2010-2021,跌勢衰竭,12m,正本(120 日冷卻),685,0,0,497,高,0.4759124087591241,0.08800028250794498,-0.013736978929427,326,359,0.4826086045583207,-0.27033485116454103,0.3038033640405581,-0.2183418315241793,1.7852252585242068,1.3914116315677911,0.088000282507945,2.7755575615628914e-15,9.987976510363495,0.0621152696470646,7,0.47202605180212664,35,1.1119442007884393,0.04694155128289065,-0.010381566287290018
events_gatefix.csv,"A(淨現金 N2, gatefix)",建表年份 2010-2021,跌勢衰竭,12m,同公司單注(365 曆日),561,0,0,418,高,0.46167557932263814,0.07785750495605016,-0.0291002175169793,259,302,0.4803749618581914,-0.26734786371168023,0.2905227326660204,-0.20438783995567789,1.7968161599983796,1.421428656073772,0.07785750495605015,1.3877787807814457e-15,9.987976510363495,0.04616573595286721,6,0.590700667581024,29,1.2932691953540656,0.03221153317855972,-0.024077875174892654
events_gatefix.csv,"A(淨現金 N2, gatefix)",建表年份 2010-2021,買方回來,1m,正本(120 日冷卻),682,0,3,494,高,0.4809384164222874,-0.002871606611530015,-0.0063988947619857,328,354,0.09459863053258634,-0.09318301277895985,0.0638369679165022,-0.06948824558182701,1.0151918006448717,0.9186728975813607,-0.002871606611530006,9.107298248878237e-16,0.5119884978389664,-0.004972827761611114,7,-1.43764596741745,35,-5.358717250391111,-0.0070725524572517046,-0.01924750993354534
events_gatefix.csv,"A(淨現金 N2, gatefix)",建表年份 2010-2021,買方回來,1m,同公司單注(365 曆日),559,0,2,416,高,0.48300536672629696,-0.0029602897278732743,-0.0062333082910874,270,289,0.0880238378912772,-0.08796276189801386,0.05782391545724545,-0.0673979276228374,1.0006943391947396,0.8579479740212688,-0.0029602897278732734,8.673617379884035e-17,0.5119884978389664,-0.005526827875812289,6,-1.472181052887645,28,-4.834481624613776,-0.007397775852721847,-0.018182507750720393
events_gatefix.csv,"A(淨現金 N2, gatefix)",建表年份 2010-2021,買方回來,3m,正本(120 日冷卻),682,0,3,494,高,0.43841642228739003,-0.005251342179794462,-0.02491998666756535,299,383,0.18576220088918347,-0.15437157554173803,0.1263632765794411,-0.12548528661197,1.2033445939596454,1.0069967562825597,-0.0052513421797944215,4.076600168545497e-15,2.3062305577382016,-0.01282655221731784,7,-2.4187912501445825,35,-6.185684090613103,-0.01813942447190102,-0.03977576417588463
events_gatefix.csv,"A(淨現金 N2, gatefix)",建表年份 2010-2021,買方回來,3m,同公司單注(365 曆日),559,0,2,416,高,0.4203935599284436,-0.016250353364671007,-0.031446420719817,235,324,0.16351863298896502,-0.1466383527261045,0.1166876494857853,-0.1199508365799827,1.115115042886427,0.9727956287155903,-0.016250353364670997,1.0408340855860843e-15,1.4945570917341993,-0.02328395022608836,6,-0.6524558933958002,28,-1.617171055046893,-0.02714434472450835,-0.0447725885938007
events_gatefix.csv,"A(淨現金 N2, gatefix)",建表年份 2010-2021,買方回來,6m,正本(120 日冷卻),682,0,3,494,高,0.44574780058651026,0.0071001681273889766,-0.0363449479708565,304,378,0.26998507344985967,-0.20432049647057693,0.1823143906297387,-0.1704353212112142,1.321380273215706,1.0696984013296351,0.0071001681273889505,2.6020852139652106e-15,2.0910620379283267,-0.0011067624565642249,7,2.29128106200589,35,6.499009477957852,-0.009263391437702878,-0.04115600344115524
events_gatefix.csv,"A(淨現金 N2, gatefix)",建表年份 2010-2021,買方回來,6m,同公司單注(365 曆日),559,0,2,416,高,0.4293381037567084,-0.010217663319447564,-0.0507716972941948,240,319,0.24012272043272542,-0.19856152570352756,0.1703467451123058,-0.1597111151397308,1.2093114191278573,1.0665929228737143,-0.010217663319447581,1.734723475976807e-15,2.0910620379283267,-0.019557115241969632,6,-1.4290435078860155,28,-3.793256389628493,-0.025088434271780945,-0.05155841227136576
events_gatefix.csv,"A(淨現金 N2, gatefix)",建表年份 2010-2021,買方回來,12m,正本(120 日冷卻),682,0,3,494,高,0.47653958944281527,0.058046217798755455,-0.021476508763541298,325,357,0.4228894904283935,-0.2740940163878899,0.2674826950878954,-0.2218069303155438,1.5428629052227563,1.2059257783666768,0.058046217798755434,2.0816681711721685e-15,7.021457922676005,0.03827808643471862,7,0.5444052199942495,35,1.4290270567272367,0.026719804016037733,-0.026250567882333042
events_gatefix.csv,"A(淨現金 N2, gatefix)",建表年份 2010-2021,買方回來,12m,同公司單注(365 曆日),559,0,2,416,高,0.45796064400715564,0.03915861624844369,-0.0379721971566167,256,303,0.405239023167182,-0.27013704108223957,0.25193454086032224,-0.2172941996203139,1.5001238687730072,1.159416778268986,0.03915861624844366,2.7755575615628914e-15,7.021457922676005,0.015384177809097448,6,0.8572725546345954,28,2.0272997546635527,0.005649649506333058,-0.04234886818743809
events_gatefix.csv,"A(淨現金 N2, gatefix)",驗證年份 2022-2026,觸發日即買,1m,正本(120 日冷卻),1062,16,0,639,高,0.4896421845574388,0.00490222629481981,-0.0025113349738109,520,542,0.10154580147800644,-0.08781854694366181,0.077005393088669,-0.0691255277304937,1.1563138427142396,1.1139935652845543,0.004902226294819824,1.3877787807814457e-15,0.7266316573582035,0.0030293017583556785,11,1.0229452235542738,54,3.1165652557048404,-0.00011365994700254157,-0.010931732664676405
events_gatefix.csv,"A(淨現金 N2, gatefix)",驗證年份 2022-2026,觸發日即買,1m,同公司單注(365 曆日),774,13,0,509,高,0.479328165374677,0.0025141071116179785,-0.0034171816416257,371,403,0.10111762109419757,-0.08825984744802724,0.0752624433668422,-0.0700983416838969,1.1456808958767095,1.0736693844518093,0.0025141071116179872,8.673617379884035e-16,0.7225226504839646,0.00022036379788893215,8,2.013384230402968,39,6.1905126147385,-0.002574364923438883,-0.013741927374838689
events_gatefix.csv,"A(淨現金 N2, gatefix)",驗證年份 2022-2026,觸發日即買,3m,正本(120 日冷卻),996,82,0,600,高,0.49096385542168675,0.005187387573527262,-0.0045865716195174,489,507,0.17586378440078737,-0.15942949220661115,0.1267917430639249,-0.1321277498217427,1.10308188257213,0.9596147912530355,0.005187387573527283,2.0816681711721685e-15,1.5379776085719985,0.0014160673519873137,10,1.7672406905653726,50,5.559737115270664,-0.004020339680371899,-0.024903288748102378
events_gatefix.csv,"A(淨現金 N2, gatefix)",驗證年份 2022-2026,觸發日即買,3m,同公司單注(365 曆日),720,67,0,478,高,0.4875,0.005422834354912429,-0.0057939689096267,351,369,0.1753324118888769,-0.15619847110422452,0.1242934979897365,-0.134025994907338,1.1224976188908093,0.9273835129943988,0.005422834354912434,5.204170427930421e-16,1.5379776085719985,0.00020077767479389195,8,1.8772395211218602,36,5.391463968152428,-0.004810575450970661,-0.025067559657744255
events_gatefix.csv,"A(淨現金 N2, gatefix)",驗證年份 2022-2026,觸發日即買,6m,正本(120 日冷卻),882,196,0,539,高,0.40589569160997735,-0.010473904959742583,-0.0540672090164737,358,524,0.2840139045402849,-0.211669774808998,0.1842837063365435,-0.18240111581942292,1.3417782713501123,1.010321156801389,-0.010473904959742555,2.7755575615628914e-15,3.397946482669285,-0.0190450496424135,9,-1.6399891053625364,45,-4.560203530306307,-0.027936056788285167,-0.0613680671683746
events_gatefix.csv,"A(淨現金 N2, gatefix)",驗證年份 2022-2026,觸發日即買,6m,同公司單注(365 曆日),642,145,0,427,高,0.3909657320872274,-0.01755630987153325,-0.0624481234319372,251,391,0.28212614437982064,-0.20993558357253028,0.1813738120671144,-0.1804477985420423,1.3438700556561407,1.0051317529643142,-0.01755630987153327,1.734723475976807e-15,3.397946482669285,-0.029379914551976298,7,-1.088495882687466,33,-2.716156789581448,-0.03707047610420247,-0.06877728092426667
events_gatefix.csv,"A(淨現金 N2, gatefix)",驗證年份 2022-2026,觸發日即買,12m,正本(120 日冷卻),741,337,0,461,高,0.4048582995951417,-0.018825649665784257,-0.1176328891563713,300,441,0.4058200899596529,-0.3077003024722041,0.2687967060472414,-0.2971711593908308,1.3188810238375128,0.9045181456984116,-0.018825649665784233,2.42861286636753e-15,3.061586771067589,-0.029584780555949007,8,-1.2723684700651594,38,-3.619286906742945,-0.04324570290887371,-0.09166167576949702
events_gatefix.csv,"A(淨現金 N2, gatefix)",驗證年份 2022-2026,觸發日即買,12m,同公司單注(365 曆日),547,240,0,373,高,0.3912248628884826,-0.025186622026300128,-0.1219573865551775,214,333,0.40082431517874245,-0.29895941650641755,0.2637541237418331,-0.2836796497455855,1.3407315275855787,0.9297604674088452,-0.025186622026300093,3.469446951953614e-15,3.061586771067589,-0.03981772775060734,6,-0.9480207831305305,28,-2.6360717565281053,-0.0496082117389186,-0.09652111686073542
events_gatefix.csv,"A(淨現金 N2, gatefix)",驗證年份 2022-2026,跌勢衰竭,1m,正本(120 日冷卻),1032,26,26,620,高,0.5087209302325582,0.0048241814710968745,0.0026621699314043996,525,507,0.10014716082850644,-0.0938830456741497,0.0703461509847451,-0.0745041299307065,1.0667225387648618,0.9441912958405315,0.0048241814710968806,6.071532165918825e-16,0.538630455223547,0.0033681381339425694,11,0.9925898644602954,52,3.3517377356292086,3.613297688850372e-05,-0.011947200323054083
events_gatefix.csv,"A(淨現金 N2, gatefix)",驗證年份 2022-2026,跌勢衰竭,1m,同公司單注(365 曆日),750,22,19,495,高,0.504,0.005660129527014386,0.0006781801675384499,378,372,0.09683385348645049,-0.08698413836725132,0.06735213512752,-0.0679629623463949,1.1132357611868637,0.9910123514663528,0.005660129527014397,1.1275702593849246e-15,0.538630455223547,0.003755126378679816,8,0.8282041442613687,38,2.8365779494169097,0.0009828707503554074,-0.010950072767020556
events_gatefix.csv,"A(淨現金 N2, gatefix)",驗證年份 2022-2026,跌勢衰竭,3m,正本(120 日冷卻),970,88,26,588,高,0.4865979381443299,0.004644460383219618,-0.00637561795784755,472,498,0.17060646246027536,-0.1526528588544718,0.11575571297115744,-0.12815828475518415,1.1176106608191283,0.903224580387301,0.004644460383219598,1.994931997373328e-15,3.1938156933140016,-0.0006376124126482359,10,2.2686382818130095,49,6.343729399723632,-0.0059535167013550295,-0.02613917189011126
events_gatefix.csv,"A(淨現金 N2, gatefix)",驗證年份 2022-2026,跌勢衰竭,3m,同公司單注(365 曆日),704,68,19,471,高,0.4900568181818182,0.007047198662005428,-0.005395076107448649,345,359,0.17179624491205567,-0.1512770936952852,0.1139752752260667,-0.1250981901650716,1.135639512338212,0.9110865239191086,0.007047198662005427,8.673617379884035e-17,3.1938156933140016,-8.25326964946035e-05,8,1.7120113781934012,36,4.306145700438475,-0.005075360179228404,-0.024554703820050316
events_gatefix.csv,"A(淨現金 N2, gatefix)",驗證年份 2022-2026,跌勢衰竭,6m,正本(120 日冷卻),852,206,26,528,高,0.3908450704225352,-0.015480611379793854,-0.062011987842200245,333,519,0.2873102393509352,-0.20975682196425008,0.1709482140803975,-0.1856520797370713,1.369730131589727,0.9207988099163874,-0.015480611379793854,0.0,5.028545540148772,-0.026684708953407268,9,-1.337472330636543,43,-3.2411845568119753,-0.036571822833793274,-0.06914588712820642
events_gatefix.csv,"A(淨現金 N2, gatefix)",驗證年份 2022-2026,跌勢衰竭,6m,同公司單注(365 曆日),628,144,19,423,高,0.3821656050955414,-0.02319216841589651,-0.06977851255231475,240,388,0.28384556068465916,-0.2131124132203639,0.16439395606806445,-0.18790860272286664,1.331905337635848,0.8748612553440019,-0.023192168415896483,2.7755575615628914e-15,5.028545540148772,-0.038448830033666254,7,-0.9918868670307174,32,-2.1633848611592676,-0.04671690552423478,-0.07730485537513822
events_gatefix.csv,"A(淨現金 N2, gatefix)",驗證年份 2022-2026,跌勢衰竭,12m,正本(120 日冷卻),734,324,26,455,高,0.4128065395095368,-0.00014718279348862118,-0.09057404114836295,303,431,0.4264034821436482,-0.3000192279813133,0.2512612363103335,-0.2762069227611301,1.4212538476707457,0.9096847892101161,-0.00014718279348860386,1.7320129705455933e-15,4.494961586543262,-0.014197771390048118,8,-209.58173211269158,37,-556.588706275538,-0.03133553935409577,-0.0864239858550754
events_gatefix.csv,"A(淨現金 N2, gatefix)",驗證年份 2022-2026,跌勢衰竭,12m,同公司單注(365 曆日),542,230,19,368,高,0.4022140221402214,-0.012120339897749716,-0.0990439906847705,218,324,0.4045095008361001,-0.29244535619398204,0.24662987113986745,-0.27424708612337223,1.3831968682989952,0.8992980549989109,-0.012120339897749743,2.7755575615628914e-15,2.6381520930745976,-0.02607598033322459,6,-2.0731802435298357,28,-6.026515204819125,-0.03766494422070508,-0.08980302314762632
events_gatefix.csv,"A(淨現金 N2, gatefix)",驗證年份 2022-2026,買方回來,1m,正本(120 日冷卻),1019,17,48,618,高,0.4916584887144259,-0.0007646684229518212,-0.0033188474667409,501,518,0.09743438352123879,-0.09574097155816318,0.0666855623802236,-0.07620174520545615,1.0176874324076277,0.875118571109167,-0.0007646684229518017,1.951563910473908e-15,0.7141447229496054,-0.0025364677260416623,11,-6.545566096519544,51,-20.82103971829096,-0.0058328208271062635,-0.017564970422621007
events_gatefix.csv,"A(淨現金 N2, gatefix)",驗證年份 2022-2026,買方回來,1m,同公司單注(365 曆日),742,13,36,493,高,0.48247978436657685,-0.00212907677964568,-0.00470002218694755,358,384,0.09788201672008072,-0.09536858582366144,0.06650970083478355,-0.07648746499025705,1.026354914196449,0.8695503353818242,-0.002129076779645668,1.214306433183765e-15,0.7141447229496054,-0.0044986664833411875,8,-2.366442271786941,38,-7.520659440350395,-0.007245533025330236,-0.019120347323857013
events_gatefix.csv,"A(淨現金 N2, gatefix)",驗證年份 2022-2026,買方回來,3m,正本(120 日冷卻),935,101,48,577,高,0.48770053475935826,0.0058715670402702674,-0.0049198259684857,456,479,0.171246195113669,-0.15156231688764168,0.11508692170361275,-0.1263823991363313,1.1298731678839382,0.9106246003406384,0.0058715670402702536,1.3877787807814457e-15,3.396805041048303,-0.0012452231637771493,10,2.256609149268185,47,5.479444584701873,-0.007458029888894811,-0.027693435625457466
events_gatefix.csv,"A(淨現金 N2, gatefix)",驗證年份 2022-2026,買方回來,3m,同公司單注(365 曆日),676,79,36,458,高,0.48668639053254437,0.006987963214252975,-0.0038917508001599,329,347,0.17040896852869025,-0.147955871795689,0.1145757302550871,-0.1211523162606479,1.151755360976863,0.9457163824139203,0.006987963214252976,8.673617379884035e-17,3.396805041048303,-0.0009463926820537479,7,1.7198858422893437,34,4.441731639438124,-0.005083172182721242,-0.025324406860831077
events_gatefix.csv,"A(淨現金 N2, gatefix)",驗證年份 2022-2026,買方回來,6m,正本(120 日冷卻),830,206,48,522,高,0.4072289156626506,-0.019143483609088772,-0.06208845054897945,338,492,0.27232423652598464,-0.21937943768562296,0.17457023506733466,-0.20293297365261526,1.2413389303888778,0.8602359287661526,-0.019143483609088754,1.734723475976807e-15,3.32550096723088,-0.028219644525514745,9,-0.9099028594375702,42,-2.3578770234528275,-0.0369629976738292,-0.06770763314801796
events_gatefix.csv,"A(淨現金 N2, gatefix)",驗證年份 2022-2026,買方回來,6m,同公司單注(365 曆日),610,145,36,415,高,0.3918032786885246,-0.02168272636774508,-0.06499922211062055,239,371,0.28173277404007396,-0.2171444638272296,0.1825875244506349,-0.200178003108698,1.2974439646052127,0.9121258160992277,-0.021682726367745084,3.469446951953614e-16,3.32550096723088,-0.03406098469749834,7,-0.8982507051671244,31,-2.156379719560191,-0.04163705286349239,-0.07210317761808871
events_gatefix.csv,"A(淨現金 N2, gatefix)",驗證年份 2022-2026,買方回來,12m,正本(120 日冷卻),714,322,48,448,高,0.38795518207282914,-0.014909039912822972,-0.1050247015220768,277,437,0.42297107675520873,-0.2924669170685319,0.2421666859188023,-0.2656603747143626,1.4462185364237168,0.9115649489660599,-0.014909039912823024,5.204170427930421e-15,3.2587107835514573,-0.027166966095674722,8,-1.8584626867287868,36,-5.280106112277448,-0.04309984572242045,-0.0986018758361084
events_gatefix.csv,"A(淨現金 N2, gatefix)",驗證年份 2022-2026,買方回來,12m,同公司單注(365 曆日),525,230,36,360,高,0.379047619047619,-0.02747370238402758,-0.1084795004491967,199,326,0.3926150350558623,-0.283908238428623,0.2369861960686867,-0.2544046744828422,1.38289412533046,0.9315323963698228,-0.027473702384027604,2.42861286636753e-15,2.614167005250864,-0.041303968398283944,6,-0.8804190703261939,27,-2.503316342639992,-0.052259323304586956,-0.10146739365715933
events_gatefix.csv,"A2(N2, gatefix, 資料不足當過閘)",全期 2010-2026,觸發日即買,1m,正本(120 日冷卻),2918,27,0,1621,高,0.49348869088416725,0.003793004308700976,-0.00198661466397375,1440,1478,0.10070497920726074,-0.09062732306202029,0.07369989646934699,-0.0690105081123774,1.1111988725336603,1.0679518016203178,0.003793004308700984,8.239936510889834e-16,0.8506280957372951,0.00300574973376332,30,1.376722967140716,146,4.139934798852878,-0.0014437551045619296,-0.012537069333743867
events_gatefix.csv,"A2(N2, gatefix, 資料不足當過閘)",全期 2010-2026,觸發日即買,1m,同公司單注(365 曆日),2251,22,0,1351,高,0.4935584184806753,0.0026718871708618325,-0.0019445779081582,1111,1140,0.09816579977163262,-0.09039279431988935,0.0727256476390425,-0.0690105081123774,1.0859914278591225,1.0538344033145697,0.0026718871708618294,3.0357660829594124e-16,0.7289663457738649,0.001750862845034323,23,1.8913605482279967,113,5.78582190647458,-0.0024062006036869913,-0.013463018485742084
events_gatefix.csv,"A2(N2, gatefix, 資料不足當過閘)",全期 2010-2026,觸發日即買,3m,正本(120 日冷卻),2817,128,0,1577,高,0.49804756833510827,0.0167200260028953,-0.0011491188897649,1403,1414,0.18959980592176054,-0.15481486171009476,0.1352412269661331,-0.13137865969205084,1.2246873706272712,1.0294002639632347,0.016720026002895294,6.938893903907228e-16,3.644043104313688,0.014462750520651825,29,0.6137813548949738,141,1.8704757166601629,0.006524755798958972,-0.015321255206034294
events_gatefix.csv,"A2(N2, gatefix, 資料不足當過閘)",全期 2010-2026,觸發日即買,3m,同公司單注(365 曆日),2168,105,0,1315,高,0.5027675276752768,0.016187001115763894,0.00130783685428045,1090,1078,0.18185894310078596,-0.15132915543680941,0.1286959232517581,-0.13083795885585664,1.2017442546074664,0.9836283321535274,0.016187001115763905,1.0408340855860843e-15,3.644043104313688,0.01325232569696735,22,0.6355659156095714,109,1.8991937652222197,0.0059595702747668846,-0.015325780982359358
events_gatefix.csv,"A2(N2, gatefix, 資料不足當過閘)",全期 2010-2026,觸發日即買,6m,正本(120 日冷卻),2635,310,0,1500,高,0.45199240986717265,0.011752952529856421,-0.0309099664830035,1191,1444,0.2822502550770934,-0.21135112457108485,0.1842033881224578,-0.1806047198388873,1.3354566040274967,1.0199256602307003,0.011752952529856406,1.5612511283791264e-15,3.5697477446936787,0.008023426313890632,27,1.5144355198715658,132,4.120366858338423,-0.00610873044664257,-0.0386075647564176
events_gatefix.csv,"A2(N2, gatefix, 資料不足當過閘)",全期 2010-2026,觸發日即買,6m,同公司單注(365 曆日),2037,236,0,1250,高,0.44575355915562104,0.003978995910410194,-0.03762698375853,908,1129,0.2661717444245068,-0.20688992849242394,0.17595470546469233,-0.1769193760014831,1.286537949740041,0.9945474002984123,0.003978995910410191,3.469446951953614e-16,3.397946482669285,-0.0002956513586708595,21,4.203918620339897,102,11.291167783786097,-0.012881174703115566,-0.04310704087208587
events_gatefix.csv,"A2(N2, gatefix, 資料不足當過閘)",全期 2010-2026,觸發日即買,12m,正本(120 日冷卻),2432,513,0,1401,高,0.45805921052631576,0.027617347140990355,-0.04231307885176695,1114,1318,0.41209851545161247,-0.2973538376071379,0.2851706611517409,-0.2778461714617648,1.3858859827330514,1.0263616721851574,0.027617347140990317,3.816391647148976e-15,11.705683397360184,0.01979491933609481,25,0.9952930745142549,122,2.6494998402372163,0.00013134294877410011,-0.04796073471113128
events_gatefix.csv,"A2(N2, gatefix, 資料不足當過閘)",全期 2010-2026,觸發日即買,12m,同公司單注(365 曆日),1901,372,0,1183,高,0.4566017885323514,0.025490046224481824,-0.0382928945573209,868,1033,0.40077990519866724,-0.2898551595737689,0.278597723673877,-0.2673690806268048,1.3826902573961866,1.0419967896839395,0.02549004622448181,1.3877787807814457e-15,11.705683397360184,0.015852859508644318,20,1.096264328980651,96,2.829857784792568,-0.002479872383635274,-0.04912390373675373
events_gatefix.csv,"A2(N2, gatefix, 資料不足當過閘)",全期 2010-2026,跌勢衰竭,1m,正本(120 日冷卻),2870,42,38,1599,高,0.5097560975609756,0.00935964787192664,0.0026621699314043996,1463,1407,0.10717659309970805,-0.09235050910621422,0.0739959372211571,-0.0726529214883456,1.160541442997808,1.0184853644602156,0.009359647871926648,6.938893903907228e-16,1.3136560667805672,0.008396094128477262,29,0.6077481629671478,144,1.9441104727463998,0.003708814901761653,-0.009303328806415958
events_gatefix.csv,"A2(N2, gatefix, 資料不足當過閘)",全期 2010-2026,跌勢衰竭,1m,同公司單注(365 曆日),2212,35,29,1333,高,0.5117540687160941,0.01063054767192134,0.002760961895582,1132,1080,0.10399190783475652,-0.08722598909134663,0.0719920207189709,-0.06766550346325376,1.1922124233621694,1.0639397777933728,0.010630547671921356,1.5612511283791264e-15,1.3136560667805672,0.009381703904121708,23,0.5552452873551935,111,1.7004250337424198,0.0047776635081233495,-0.007839283477636681
events_gatefix.csv,"A2(N2, gatefix, 資料不足當過閘)",全期 2010-2026,跌勢衰竭,3m,正本(120 日冷卻),2768,144,38,1560,高,0.49096820809248554,0.014457016326716095,-0.004650983150557401,1359,1409,0.18803210385516453,-0.15295855780469725,0.1235841296304562,-0.1320440441610194,1.2293009724585033,0.935931116133895,0.014457016326716102,6.938893903907228e-16,3.1938156933140016,0.011586203261394262,28,0.8331131143463479,139,2.3010576562784477,0.002437341620411515,-0.01980389950694715
events_gatefix.csv,"A2(N2, gatefix, 資料不足當過閘)",全期 2010-2026,跌勢衰竭,3m,同公司單注(365 曆日),2134,113,29,1303,高,0.48828491096532334,0.013002555872006305,-0.0053552239664647,1042,1092,0.18288789395825364,-0.1491041495179843,0.12216533754956065,-0.12862103313590284,1.2265781639845943,0.9498083989146549,0.0130025558720063,5.204170427930421e-16,3.1938156933140016,0.009892509482872595,22,0.8901737125799539,107,2.4496001428706684,0.0014428976721274566,-0.019843469964160865
events_gatefix.csv,"A2(N2, gatefix, 資料不足當過閘)",全期 2010-2026,跌勢衰竭,6m,正本(120 日冷卻),2597,315,38,1485,高,0.4485945321524836,0.010212392654412447,-0.0347633241673686,1165,1432,0.2844884891995129,-0.2129242361689409,0.1826087202748267,-0.18438195864810336,1.3361019596369041,0.9903827989122248,0.010212392654412442,5.204170427930421e-16,5.028545540148772,0.0061964989056417915,26,1.7453215016381753,130,4.861329504253756,-0.007688489539723233,-0.04151137970454882
events_gatefix.csv,"A2(N2, gatefix, 資料不足當過閘)",全期 2010-2026,跌勢衰竭,6m,同公司單注(365 曆日),2019,228,29,1244,高,0.4442793462109955,0.0028105837256678225,-0.0377170487793249,897,1122,0.26873271525312187,-0.209784917147885,0.1725356278472134,-0.1798425925476344,1.2809915932310922,0.9593702214980824,0.002810583725667823,4.336808689942018e-17,5.028545540148772,-0.0022514511201550584,21,6.453403971284019,101,16.83118361133203,-0.015488345657126524,-0.046837923099813966
events_gatefix.csv,"A2(N2, gatefix, 資料不足當過閘)",全期 2010-2026,跌勢衰竭,12m,正本(120 日冷卻),2414,498,38,1392,高,0.44739022369511183,0.040840079025456826,-0.04669203925599465,1080,1334,0.44096365323789705,-0.2830980470235952,0.2694350888027798,-0.25500628161793426,1.5576358010026976,1.0565821637541604,0.04084007902545683,6.938893903907228e-16,9.987976510363495,0.03297960126766713,25,0.7726177193406236,121,2.0482955234247457,0.009383488108429356,-0.045071656106907984
events_gatefix.csv,"A2(N2, gatefix, 資料不足當過閘)",全期 2010-2026,跌勢衰竭,12m,同公司單注(365 曆日),1888,359,29,1176,高,0.4438559322033898,0.03738754012922863,-0.046457734947516705,838,1050,0.42926579752538185,-0.2753686310117013,0.26300858386886816,-0.24187021550701987,1.5588768987530064,1.0873954997622879,0.0373875401292286,3.469446951953614e-15,9.987976510363495,0.027358400497452588,19,0.8125814616769081,95,2.188160666009866,0.007078351533071279,-0.04677607353475922
events_gatefix.csv,"A2(N2, gatefix, 資料不足當過閘)",全期 2010-2026,買方回來,1m,正本(120 日冷卻),2850,30,71,1594,高,0.4792982456140351,-0.0005885093875190837,-0.005944631186396401,1366,1484,0.10080615833578209,-0.09392079787136637,0.07083866476370346,-0.07496179697329869,1.0733102850536458,0.9449968867333332,-0.0005885093875190664,1.734723475976807e-15,0.7141447229496054,-0.0012206202462591515,29,-7.740237820554734,143,-27.151713587724533,-0.00519658958477686,-0.01744274510720526
events_gatefix.csv,"A2(N2, gatefix, 資料不足當過閘)",全期 2010-2026,買方回來,1m,同公司單注(365 曆日),2199,24,54,1330,高,0.4752160072760346,-0.0014009784948367516,-0.0071096379284365,1045,1154,0.09797470068594367,-0.09139022004069076,0.0684042155772131,-0.07309974764093075,1.072047978901038,0.9357654134897659,-0.0014009784948367451,6.505213034913027e-16,0.7141447229496054,-0.0022186750479246866,22,-3.2491335194589928,110,-11.037998995642258,-0.006013103057745544,-0.0177530330265969
events_gatefix.csv,"A2(N2, gatefix, 資料不足當過閘)",全期 2010-2026,買方回來,3m,正本(120 日冷卻),2726,154,71,1545,高,0.46551724137931033,0.002218484460050439,-0.01511672242191615,1269,1457,0.18155893678376958,-0.1539812643380275,0.1254745043597227,-0.1278296436637594,1.1790975841398612,0.9815759534601254,0.002218484460050449,9.97465998686664e-16,3.396805041048303,-0.0006102521063061333,28,5.450389068902555,137,14.500861066686907,-0.00997558279029221,-0.03153636693373063
events_gatefix.csv,"A2(N2, gatefix, 資料不足當過閘)",全期 2010-2026,買方回來,3m,同公司單注(365 曆日),2101,122,54,1289,高,0.4569252736792004,-0.0016838036571229756,-0.0180573481650178,960,1141,0.1735900303069312,-0.14915346238235702,0.11649225481533884,-0.1230939548091195,1.1638350698284878,0.9463686092138494,-0.0016838036571229786,3.0357660829594124e-16,3.396805041048303,-0.004973929047273831,22,-6.782915268692289,106,-17.93849622120626,-0.013243577395597582,-0.03358304662873127
events_gatefix.csv,"A2(N2, gatefix, 資料不足當過閘)",全期 2010-2026,買方回來,6m,正本(120 日冷卻),2557,323,71,1474,高,0.4407508799374267,-0.0011193946569173962,-0.0386770965418188,1127,1430,0.26843406267561754,-0.21355767886234878,0.1767313256104059,-0.1886940948825405,1.2569628219673619,0.9366023124381223,-0.0011193946569173913,4.98732999343332e-16,3.32550096723088,-0.004226694443106085,26,-14.196534907942688,128,-40.470390056234464,-0.01718566668821101,-0.04886799975581679
events_gatefix.csv,"A2(N2, gatefix, 資料不足當過閘)",全期 2010-2026,買方回來,6m,同公司單注(365 曆日),1989,234,54,1234,高,0.42584213172448465,-0.011004620548818895,-0.0444269223440764,847,1142,0.2552368123795301,-0.20847090223910933,0.1704395218115955,-0.17965758916744956,1.2243282378409903,0.9486909103112678,-0.011004620548818927,3.2959746043559335e-15,3.32550096723088,-0.014958303296910535,20,-1.3808087245518994,100,-3.9182973369216403,-0.02646602049937995,-0.05698921541707161
events_gatefix.csv,"A2(N2, gatefix, 資料不足當過閘)",全期 2010-2026,買方回來,12m,正本(120 日冷卻),2380,500,71,1378,高,0.4373949579831933,0.023030754679119,-0.0559006328787455,1041,1339,0.41394538371333967,-0.28088420336764996,0.2589939911068188,-0.2440196022221642,1.4737225474069313,1.061365516328567,0.023030754679119025,2.42861286636753e-15,7.021457922676005,0.016918304819334533,24,1.1281335660245995,119,3.2952624484358233,-0.00298107397544582,-0.05564381723591524
events_gatefix.csv,"A2(N2, gatefix, 資料不足當過閘)",全期 2010-2026,買方回來,12m,同公司單注(365 曆日),1860,363,54,1162,高,0.4306451612903226,0.014267760561562995,-0.05760136596477145,801,1059,0.39297173474640407,-0.2721740556065746,0.2516572072834153,-0.230306871840055,1.4438251062196814,1.0927038575652568,0.014267760561563009,1.3877787807814457e-15,7.021457922676005,0.0067766251168888715,19,1.7437534861214103,93,4.970206792599021,-0.010721214438708852,-0.05962732620704614
events_gatefix.csv,"A2(N2, gatefix, 資料不足當過閘)",建表年份 2010-2021,觸發日即買,1m,正本(120 日冷卻),1255,0,0,791,高,0.5043824701195219,0.0023348306857932763,0.000827829429691,633,622,0.09746939406519554,-0.0944821767405116,0.071467787587973,-0.06874252166519705,1.0316167284427424,1.0396445439701654,0.0023348306857932655,1.0842021724855044e-15,0.7289663457738649,0.0007979358819227808,13,2.24990683518937,63,6.739908717272092,-0.002948866864448106,-0.014110027125383978
events_gatefix.csv,"A2(N2, gatefix, 資料不足當過閘)",建表年份 2010-2021,觸發日即買,1m,同公司單注(365 曆日),1018,0,0,678,高,0.5088408644400786,0.0022424927533908987,0.00221322370729575,518,500,0.09491698174726916,-0.09376827784426697,0.07101483607030576,-0.06805778900895479,1.012250453238674,1.0434490615168515,0.002242492753390904,5.204170427930421e-16,0.7289663457738649,0.00034646387827457555,11,2.404846563584421,51,6.824498550135844,-0.003184771287742328,-0.013750259477818107
events_gatefix.csv,"A2(N2, gatefix, 資料不足當過閘)",建表年份 2010-2021,觸發日即買,3m,正本(120 日冷卻),1255,0,0,791,高,0.500398406374502,0.02386906895049172,0.0002405544779473,628,627,0.19626198225078992,-0.14879879317484684,0.1387773982281427,-0.1236568718778849,1.3189756318801,1.1222780919542408,0.023869068950491693,2.7755575615628914e-15,3.644043104313688,0.019307905196649582,13,0.46507938849475816,63,1.3720763762925805,0.012901700067324934,-0.009350504558828677
events_gatefix.csv,"A2(N2, gatefix, 資料不足當過閘)",建表年份 2010-2021,觸發日即買,3m,同公司單注(365 曆日),1018,0,0,678,高,0.5157170923379175,0.02388040430573284,0.00538315403289235,525,493,0.18151876163667063,-0.14399005735500212,0.1308210362539597,-0.1228334307556369,1.260633997729044,1.0650279443404396,0.023880404305732864,2.42861286636753e-15,3.644043104313688,0.018468153045051568,11,0.48136636660930654,51,1.31607442767021,0.012520470811574537,-0.00794606913721835
events_gatefix.csv,"A2(N2, gatefix, 資料不足當過閘)",建表年份 2010-2021,觸發日即買,6m,正本(120 日冷卻),1255,0,0,791,高,0.47649402390438245,0.022533248092840893,-0.0144888492500895,598,657,0.275565354663929,-0.2077760361225483,0.18121150529848123,-0.1777450744902948,1.3262614871591731,1.019502260853792,0.022533248092840866,2.7755575615628914e-15,3.5697477446936787,0.016001649463489934,13,0.7866466516496363,63,2.0902733473343256,0.004857864437939121,-0.025865844613878374
events_gatefix.csv,"A2(N2, gatefix, 資料不足當過閘)",建表年份 2010-2021,觸發日即買,6m,同公司單注(365 曆日),1018,0,0,678,高,0.4793713163064833,0.01585914219628336,-0.01438980623885085,488,530,0.2519240524960329,-0.2014987374759388,0.1749485240117482,-0.16678906474513605,1.2502512703143633,1.0489208287070877,0.01585914219628337,1.0408340855860843e-15,2.883677630648528,0.010084905876733415,11,0.9565363707890145,51,2.582260332247065,0.0006968254238252236,-0.026416722698507082
events_gatefix.csv,"A2(N2, gatefix, 資料不足當過閘)",建表年份 2010-2021,觸發日即買,12m,正本(120 日冷卻),1255,0,0,791,高,0.501195219123506,0.06784083326750985,0.0016638724730315,629,626,0.43068797170134215,-0.29674518921632487,0.301755307601945,-0.2697247767624303,1.4513730545682884,1.118752645656008,0.06784083326750981,4.163336342344337e-15,11.705683397360184,0.05276095572780394,13,0.4728883670625533,63,1.173577887281377,0.036133988700773015,-0.012398040251701384
events_gatefix.csv,"A2(N2, gatefix, 資料不足當過閘)",建表年份 2010-2021,觸發日即買,12m,同公司單注(365 曆日),1018,0,0,678,高,0.5058939096267191,0.06506709515541377,0.0064500228825122505,515,503,0.41149243347648257,-0.2896228635629768,0.29098377985375,-0.2585335919967823,1.4207871174749502,1.1255163308038192,0.06506709515541378,1.3877787807814457e-15,11.705683397360184,0.04785060672700228,11,0.4950283123364468,51,1.1900299289154344,0.03321595589605778,-0.013016814876447992
events_gatefix.csv,"A2(N2, gatefix, 資料不足當過閘)",建表年份 2010-2021,跌勢衰竭,1m,正本(120 日冷卻),1255,0,0,791,高,0.5091633466135458,0.012351816591022542,0.0028442532895385,639,616,0.11076065836822102,-0.08973138129149341,0.0744886686185419,-0.0694267379223673,1.2343581116667954,1.0729103922732888,0.012351816591022538,3.469446951953614e-16,1.3136560667805672,0.010152509820805228,13,0.542856276434097,63,1.5704045711009003,0.00570565786125205,-0.0074179055951120775
events_gatefix.csv,"A2(N2, gatefix, 資料不足當過閘)",建表年份 2010-2021,跌勢衰竭,1m,同公司單注(365 曆日),1018,0,0,678,高,0.5216110019646365,0.015965237009829054,0.00508345958914365,531,487,0.1083141692284317,-0.08472733590203542,0.073691766049595,-0.0672253995837585,1.2783851643071626,1.0961893347733815,0.015965237009829054,0.0,1.3136560667805672,0.013263077586128899,11,0.4506467394035018,51,1.2141133017584242,0.008866360474360771,-0.003598655907447607
events_gatefix.csv,"A2(N2, gatefix, 資料不足當過閘)",建表年份 2010-2021,跌勢衰竭,3m,正本(120 日冷卻),1255,0,0,791,高,0.49243027888446217,0.020822914716146893,-0.002730407153815,618,637,0.19682748035824882,-0.14993190720978558,0.13355534035799616,-0.1269658973581364,1.3127791410193075,1.051899314201456,0.020822914716146904,1.0408340855860843e-15,2.921219219496061,0.0157658449838038,13,0.6618664532206555,63,1.6703484981466663,0.007114623300406184,-0.01469635491341571
events_gatefix.csv,"A2(N2, gatefix, 資料不足當過閘)",建表年份 2010-2021,跌勢衰竭,3m,同公司單注(365 曆日),1018,0,0,678,高,0.4931237721021611,0.020031309542921937,-0.0024068484752026503,502,516,0.18640965747713192,-0.14183289716826683,0.12924201229997173,-0.12373033830961055,1.3142906984123746,1.0445458572704238,0.020031309542921927,1.0408340855860843e-15,1.8661342617849628,0.015171399240836906,11,0.6506039312306252,51,1.625969426272879,0.007075313109352715,-0.013200298980594282
events_gatefix.csv,"A2(N2, gatefix, 資料不足當過閘)",建表年份 2010-2021,跌勢衰竭,6m,正本(120 日冷卻),1255,0,0,791,高,0.4820717131474104,0.02496988749394932,-0.013639599941884,605,650,0.2819764671463191,-0.2142439289517179,0.1839345199352464,-0.18254802072655923,1.3161468263115423,1.0075952574186713,0.02496988749394935,3.1225022567582528e-15,2.7099608360439733,0.01907626755977273,13,0.7142261385782961,63,2.0011400789983655,0.007210430890786093,-0.026319576928298886
events_gatefix.csv,"A2(N2, gatefix, 資料不足當過閘)",建表年份 2010-2021,跌勢衰竭,6m,同公司單注(365 曆日),1018,0,0,678,高,0.48722986247544203,0.019376469269904915,-0.01042212793711125,496,522,0.25873235517668325,-0.20805747595952434,0.17328181077405194,-0.17294170363607314,1.2435619243358371,1.0019665999052172,0.019376469269904897,1.734723475976807e-15,2.4755892741256345,0.012636696767363842,11,0.883321161147981,51,2.3753059493484527,0.002285520125424733,-0.028054030803127728
events_gatefix.csv,"A2(N2, gatefix, 資料不足當過閘)",建表年份 2010-2021,跌勢衰竭,12m,正本(120 日冷卻),1255,0,0,791,高,0.4756972111553785,0.07905731969768237,-0.0185889525383659,597,658,0.470072244754213,-0.2757085013642459,0.2905227326660204,-0.23134383054059926,1.7049610092841785,1.2558049721366382,0.07905731969768237,0.0,9.987976510363495,0.06405738450024423,13,0.4511759066055812,63,1.1535919283029359,0.04384270939664891,-0.012784329324186237
events_gatefix.csv,"A2(N2, gatefix, 資料不足當過閘)",建表年份 2010-2021,跌勢衰竭,12m,同公司單注(365 曆日),1018,0,0,678,高,0.47544204322200395,0.07558002307689639,-0.0178348766762959,484,534,0.455245891059118,-0.2685366063302108,0.2759511259335302,-0.221072335777358,1.695284293938372,1.2482390660197333,0.07558002307689643,4.163336342344337e-15,9.987976510363495,0.057067362232507336,11,0.5079839375727927,51,1.2066604736478521,0.03759279432849674,-0.0164431774850051
events_gatefix.csv,"A2(N2, gatefix, 資料不足當過閘)",建表年份 2010-2021,買方回來,1m,正本(120 日冷卻),1251,0,4,788,高,0.48041566746602715,-0.0005607634632016098,-0.005630976677189,601,650,0.09815113539092639,-0.0918313037883261,0.068153553132362,-0.07340416375667355,1.0688200138938209,0.9284698529947603,-0.0005607634632016079,1.951563910473908e-16,0.5119884978389664,-0.0017534384119996854,13,-7.6136043136578015,63,-27.668414446494484,-0.0048809155303347436,-0.016928725093656265
events_gatefix.csv,"A2(N2, gatefix, 資料不足當過閘)",建表年份 2010-2021,買方回來,1m,同公司單注(365 曆日),1015,0,3,676,高,0.4807881773399015,-0.0006496286832519277,-0.006564481232884,488,527,0.09303935973667575,-0.08740527640417166,0.0651442190446698,-0.0692015460463369,1.0644593045670545,0.9413694168198159,-0.0006496286832519266,1.0842021724855044e-16,0.5119884978389664,-0.002108428040686105,11,-6.80372418110076,51,-22.45935377759709,-0.005125065647602745,-0.016046127739677132
events_gatefix.csv,"A2(N2, gatefix, 資料不足當過閘)",建表年份 2010-2021,買方回來,3m,正本(120 日冷卻),1251,0,4,788,高,0.45323741007194246,-0.006599850164933141,-0.0217080605329829,567,684,0.17471337266174525,-0.15689896908704812,0.1253886639824697,-0.13144608336932323,1.113540603092259,0.9539170796756717,-0.006599850164933127,1.3877787807814457e-15,2.3062305577382016,-0.011268805873867267,13,-1.7208326041918511,63,-4.514064607845055,-0.01814565143531933,-0.038321879010634906
events_gatefix.csv,"A2(N2, gatefix, 資料不足當過閘)",建表年份 2010-2021,買方回來,3m,同公司單注(365 曆日),1015,0,3,676,高,0.4463054187192118,-0.012504831885804597,-0.024464452946477,453,562,0.15818371503267845,-0.1500883047578203,0.1136502825129013,-0.12501751214693996,1.053937648825608,0.9090749012772056,-0.012504831885804618,2.0816681711721685e-15,2.0062695247825992,-0.01731250683801883,11,-0.8253338427841218,51,-2.084582211219392,-0.023075572940316137,-0.04061282647207524
events_gatefix.csv,"A2(N2, gatefix, 資料不足當過閘)",建表年份 2010-2021,買方回來,6m,正本(120 日冷卻),1251,0,4,788,高,0.4540367705835332,0.007223077892958606,-0.0287244397039058,568,683,0.266265937545949,-0.2082034876749749,0.1867793152276857,-0.1753338767408877,1.2788735698876237,1.0652779639596535,0.00722307789295859,1.5612511283791264e-15,2.0910620379283267,0.0025942630463971564,13,2.0323392849587276,63,6.008944923058655,-0.007534968094579815,-0.03809863566947058
events_gatefix.csv,"A2(N2, gatefix, 資料不足當過閘)",建表年份 2010-2021,買方回來,6m,同公司單注(365 曆日),1015,0,3,676,高,0.4433497536945813,-0.006182676272562554,-0.0364023973571011,450,565,0.23909705673973677,-0.2015382158398806,0.17259398198036885,-0.1647848518020808,1.186360888148857,1.0473898546673903,-0.00618267627256254,1.3877787807814457e-15,2.0910620379283267,-0.011301876181437681,11,-2.0835317826495396,51,-6.149266693222314,-0.01927335255986456,-0.04654006802247247
events_gatefix.csv,"A2(N2, gatefix, 資料不足當過閘)",建表年份 2010-2021,買方回來,12m,正本(120 日冷卻),1251,0,4,788,高,0.47322142286171065,0.05123712919928935,-0.0252974070879274,592,659,0.4153365761522215,-0.275844619808504,0.2776074642445129,-0.2297985515201231,1.5056903282745018,1.2080470586438976,0.05123712919928938,3.469446951953614e-15,7.021457922676005,0.039973129764820106,13,0.538074885320179,63,1.501987894015666,0.02391624692515301,-0.02708438017363804
events_gatefix.csv,"A2(N2, gatefix, 資料不足當過閘)",建表年份 2010-2021,買方回來,12m,同公司單注(365 曆日),1015,0,3,676,高,0.4660098522167488,0.03889556324165308,-0.0300838881276966,473,542,0.3895933431942542,-0.2671561893738088,0.2538347841847805,-0.2147012392572078,1.4582980244905708,1.18226976734257,0.03889556324165308,0.0,7.021457922676005,0.025832937815470414,11,0.7007112860327269,51,1.862326112372831,0.011768543972262437,-0.035315113834343534
events_gatefix.csv,"A2(N2, gatefix, 資料不足當過閘)",驗證年份 2022-2026,觸發日即買,1m,正本(120 日冷卻),1663,27,0,830,高,0.48526758869512926,0.0048934299832344465,-0.0036352234091908,807,856,0.10324292889118546,-0.08782624947788291,0.0759376437472476,-0.0693550742851208,1.1755361239373532,1.0949111442814645,0.004893429983234443,3.469446951953614e-16,0.8506280957372951,0.0035168624449032583,17,1.0572290165931288,84,3.226316009215069,-0.00028293852176922737,-0.01147388009744801
events_gatefix.csv,"A2(N2, gatefix, 資料不足當過閘)",驗證年份 2022-2026,觸發日即買,1m,同公司單注(365 曆日),1233,22,0,673,高,0.48094079480940793,0.003026407460387712,-0.0041437593694105,593,640,0.1010037217558152,-0.08775569781646933,0.0746018804237473,-0.07010838633708641,1.150964829281542,1.0640935317645999,0.003026407460387716,3.903127820947816e-16,0.7225226504839646,0.00155160811909269,13,1.6680998808414544,62,5.12830092093987,-0.0020434877522099385,-0.013155426328200479
events_gatefix.csv,"A2(N2, gatefix, 資料不足當過閘)",驗證年份 2022-2026,觸發日即買,3m,正本(120 日冷卻),1562,128,0,786,高,0.49615877080665816,0.010976076643590878,-0.00246444671593555,775,787,0.1842012940061083,-0.1596078413436404,0.1305857067250084,-0.1345903422797963,1.1540867444571064,0.9702457435878812,0.010976076643590876,1.734723475976807e-16,1.5379776085719985,0.008463993582476409,16,0.8734112864974218,79,2.759266944101815,0.001403827213820883,-0.020338492143645304
events_gatefix.csv,"A2(N2, gatefix, 資料不足當過閘)",驗證年份 2022-2026,觸發日即買,3m,同公司單注(365 曆日),1150,105,0,637,高,0.49130434782608695,0.009376666813687038,-0.00555855964465155,565,585,0.18217504092142406,-0.15751407057241795,0.1259794345984735,-0.1349311901233399,1.1565636025999855,0.9336568845447546,0.00937666681368704,1.734723475976807e-16,1.5379776085719985,0.006080078562059379,12,1.0493254138092374,58,3.2135705207724317,-0.00046738503193930326,-0.02185833354227584
events_gatefix.csv,"A2(N2, gatefix, 資料不足當過閘)",驗證年份 2022-2026,觸發日即買,6m,正本(120 日冷卻),1380,310,0,709,高,0.42971014492753623,0.0019491330142437338,-0.04413448434562805,593,787,0.2889915205864902,-0.214335664737144,0.1871504092002438,-0.183997851976434,1.3483128015158015,1.017133663191968,0.0019491330142437369,3.0357660829594124e-16,3.397946482669285,-0.0037462918918309386,14,9.087524913394303,69,25.460373373307068,-0.015925222035766785,-0.050185811876464405
events_gatefix.csv,"A2(N2, gatefix, 資料不足當過閘)",驗證年份 2022-2026,觸發日即買,6m,同公司單注(365 曆日),1019,236,0,572,高,0.41216879293424924,-0.007889491743190282,-0.0541560125453192,420,599,0.28272620552235267,-0.21166009750534065,0.1784747270386544,-0.1825278905456113,1.3357558125249323,0.9777942784807231,-0.007889491743190327,4.5102810375396984e-15,3.397946482669285,-0.015637637382892193,11,-2.400081882179827,51,-6.17493334627575,-0.027117650175005524,-0.059588948722993224
events_gatefix.csv,"A2(N2, gatefix, 資料不足當過閘)",驗證年份 2022-2026,觸發日即買,12m,正本(120 日冷卻),1177,513,0,610,高,0.41206457094307564,-0.01527175658779635,-0.092789048745971,485,692,0.3879897154906228,-0.2979044357179023,0.264765759371719,-0.2830755350640195,1.3023965707513863,0.9353184100202808,-0.015271756587796365,1.3877787807814457e-15,3.061586771067589,-0.0222812126054772,12,-1.4791348010789025,59,-4.253130917472347,-0.03825072513493121,-0.08445821081445647
events_gatefix.csv,"A2(N2, gatefix, 資料不足當過閘)",驗證年份 2022-2026,觸發日即買,12m,同公司單注(365 曆日),883,372,0,505,高,0.39977349943374857,-0.020137853902005967,-0.0988333027588066,353,530,0.38515114581318605,-0.2900756216368414,0.2585513973102853,-0.27334519067018775,1.3277611666911255,0.9458787135649579,-0.02013785390200601,4.163336342344337e-15,3.061586771067589,-0.029505694420983178,9,-1.1433864009625048,45,-3.235287601474486,-0.043607674531977336,-0.08986959356342294
events_gatefix.csv,"A2(N2, gatefix, 資料不足當過閘)",驗證年份 2022-2026,跌勢衰竭,1m,正本(120 日冷卻),1615,42,38,808,高,0.5102167182662539,0.007034464130462023,0.0026525432738804,824,791,0.10439720267910149,-0.09439018386458087,0.07362819926028194,-0.0745041299307065,1.1060175794220026,0.988243193078837,0.007034464130462034,1.1275702593849246e-15,0.6301154964506914,0.005921133204339055,17,0.7315902398384176,81,2.4494379677232256,0.0019082052006557937,-0.01073440112134631
events_gatefix.csv,"A2(N2, gatefix, 資料不足當過閘)",驗證年份 2022-2026,跌勢衰竭,1m,同公司單注(365 曆日),1194,35,29,655,高,0.5033500837520938,0.006082211201242904,0.0005804132021266001,601,593,0.10017307122903016,-0.08927800275609293,0.0703992523709775,-0.0692588830450031,1.1220353069804048,1.0164653150013032,0.0060822112012428944,9.54097911787244e-16,0.6301154964506914,0.0046612310981945975,12,0.7817000724059602,60,2.7768577199491657,0.0013412259223540765,-0.01137903471709343
events_gatefix.csv,"A2(N2, gatefix, 資料不足當過閘)",驗證年份 2022-2026,跌勢衰竭,3m,正本(120 日冷卻),1513,144,38,769,高,0.4897554527428949,0.009176644562845867,-0.0056692974348515,741,772,0.1806966886339687,-0.15545593659868526,0.1174534777478522,-0.1361687590554187,1.1623659577597432,0.8625581856117992,0.009176644562845851,1.5612511283791264e-15,3.1938156933140016,0.005311396607480889,16,1.2040836450197365,76,3.487636432101633,-0.0018928196707300453,-0.024035489928935894
events_gatefix.csv,"A2(N2, gatefix, 資料不足當過閘)",驗證年份 2022-2026,跌勢衰竭,3m,同公司單注(365 曆日),1116,113,29,625,高,0.4838709677419355,0.006591022505525911,-0.0082855591905947,540,576,0.17961395824255574,-0.15561797974793953,0.11573156801873344,-0.13358803922243828,1.1541979823506476,0.8663318115331274,0.006591022505525929,1.734723475976807e-15,3.1938156933140016,0.0020195190977013357,12,1.6414881285077827,56,4.732249527567447,-0.004274019895196641,-0.025898928439432093
events_gatefix.csv,"A2(N2, gatefix, 資料不足當過閘)",驗證年份 2022-2026,跌勢衰竭,6m,正本(120 日冷卻),1342,315,38,694,高,0.4172876304023845,-0.00358839424843314,-0.0505150629696023,560,782,0.28720237016769556,-0.211827304827758,0.18160307602810727,-0.18590051782742326,1.3558326222449315,0.9768831101196532,-0.003588394248433116,2.3852447794681098e-15,5.028545540148772,-0.01066576705545609,14,-5.214552605315279,68,-13.833798323355703,-0.022535357978779383,-0.05607065247907422
events_gatefix.csv,"A2(N2, gatefix, 資料不足當過閘)",驗證年份 2022-2026,跌勢衰竭,6m,同公司單注(365 曆日),1001,228,29,566,高,0.4005994005994006,-0.01403664053410576,-0.0627667595425577,401,600,0.28110223794118555,-0.21128779098175882,0.1697853947899574,-0.18590051782742326,1.3304234789669132,0.91331318908737,-0.014036640534105804,4.5102810375396984e-15,5.028545540148772,-0.023563641463425128,11,-1.4470101775064743,51,-3.500998748506859,-0.03472944449212292,-0.06657061092497676
events_gatefix.csv,"A2(N2, gatefix, 資料不足當過閘)",驗證年份 2022-2026,跌勢衰竭,12m,正本(120 日冷卻),1159,498,38,601,高,0.4167385677308024,-0.0005426966808788646,-0.0837522942968438,483,676,0.4049847109289102,-0.29029082963284353,0.2486231851511284,-0.2699055399749153,1.395099912185067,0.9211488773970151,-0.0005426966808788625,2.1684043449710089e-16,4.494961586543262,-0.0094286541252968,12,-49.62395703490775,58,-137.7961266337936,-0.027760882785763427,-0.07929222943200709
events_gatefix.csv,"A2(N2, gatefix, 資料不足當過閘)",驗證年份 2022-2026,跌勢衰竭,12m,同公司單注(365 曆日),870,359,29,498,高,0.4068965517241379,-0.00730205486011136,-0.08756836535120015,354,516,0.39374499167699695,-0.28243898213556934,0.24278084561447885,-0.2640393740421372,1.3940886937767014,0.9194872791045712,-0.007302054860111373,1.3010426069826053e-15,2.6381520930745976,-0.016152159902613837,9,-3.1291227274614544,44,-9.662433187728562,-0.030466248770788486,-0.08200505412686131
events_gatefix.csv,"A2(N2, gatefix, 資料不足當過閘)",驗證年份 2022-2026,買方回來,1m,正本(120 日冷卻),1599,30,67,806,高,0.47842401500938087,-0.000610216799227126,-0.0060704257008118,765,834,0.10289199989115237,-0.09554930045407163,0.0726322731252593,-0.07580903273213585,1.076847233859239,0.9580952362484121,-0.0006102167992271326,6.613633252161577e-16,0.7141447229496054,-0.0017378388149339443,16,-7.787329685170069,80,-26.774046492764953,-0.005416373805803241,-0.01784078697438331
events_gatefix.csv,"A2(N2, gatefix, 資料不足當過閘)",驗證年份 2022-2026,買方回來,1m,同公司單注(365 曆日),1184,24,51,654,高,0.4704391891891892,-0.002045083274193674,-0.008100607813775449,557,627,0.10229866187668468,-0.09473960647840297,0.0726322731252593,-0.076098378019264,1.0797877010393206,0.9544523157493939,-0.002045083274193657,1.691355389077387e-15,0.7141447229496054,-0.003567178062440237,12,-2.4071835074854335,60,-8.01060109833877,-0.007039318446986446,-0.019411100215681692
events_gatefix.csv,"A2(N2, gatefix, 資料不足當過閘)",驗證年份 2022-2026,買方回來,3m,正本(120 日冷卻),1475,154,67,757,高,0.4759322033898305,0.009697627928426343,-0.0113245413845222,702,773,0.18708804626694306,-0.15139949195985142,0.126824892822278,-0.1255809339386672,1.2357243993695544,1.009905634912847,0.009697627928426364,2.0816681711721685e-15,3.396805041048303,0.005199414417891204,15,1.283020493466215,74,3.4980466284799028,-0.0027728256688962735,-0.02550468376696324
events_gatefix.csv,"A2(N2, gatefix, 資料不足當過閘)",驗證年份 2022-2026,買方回來,3m,同公司單注(365 曆日),1086,122,51,613,高,0.46685082872928174,0.008429772449794013,-0.014291319717367,507,579,0.18735543626203285,-0.1482460678832027,0.1199923135157343,-0.1211523162606479,1.2638138666156253,0.9904252532620346,0.00842977244979401,3.469446951953614e-16,3.396805041048303,0.00323043194910146,11,1.3765669145829211,55,3.9625463932996947,-0.0032068553624481485,-0.026305839841587953
events_gatefix.csv,"A2(N2, gatefix, 資料不足當過閘)",驗證年份 2022-2026,買方回來,6m,正本(120 日冷卻),1306,323,67,686,高,0.4280245022970903,-0.00911053796464701,-0.0509593877024669,559,747,0.2706370950077315,-0.21845314416486059,0.1685214684392926,-0.1991088324325219,1.2388793763640642,0.8463786682913961,-0.009110537964647003,6.938893903907228e-16,3.32550096723088,-0.015219530354400719,14,-1.9566812961596347,66,-5.218457658197404,-0.02722884373112959,-0.05966892251369674
events_gatefix.csv,"A2(N2, gatefix, 資料不足當過閘)",驗證年份 2022-2026,買方回來,6m,同公司單注(365 曆日),974,234,51,558,高,0.4075975359342916,-0.01602954194553367,-0.05934790374396485,397,577,0.27353124572438414,-0.21525940798532114,0.1667532937529661,-0.194453318328833,1.2707051844304833,0.8575492317954462,-0.016029541945533674,3.469446951953614e-16,3.32550096723088,-0.024131590042238277,10,-1.1073313103769276,49,-3.011861534184717,-0.0341299659609647,-0.06771490472497071
events_gatefix.csv,"A2(N2, gatefix, 資料不足當過閘)",驗證年份 2022-2026,買方回來,12m,正本(120 日冷卻),1129,500,67,590,高,0.39769707705934454,-0.008223607167411657,-0.0961157915515968,449,680,0.4121111166224307,-0.28576815272864586,0.2438892649590212,-0.25801563268289607,1.4421170192948518,0.9452499541326772,-0.00822360716741169,3.2959746043559335e-15,3.2587107835514573,-0.015945924412324036,12,-3.085575849582717,57,-9.175678401316217,-0.03395911806440909,-0.08813022639083012
events_gatefix.csv,"A2(N2, gatefix, 資料不足當過閘)",驗證年份 2022-2026,買方回來,12m,同公司單注(365 曆日),845,363,51,486,高,0.3881656804733728,-0.015314747983160579,-0.0968227030913929,328,517,0.3978436225639859,-0.2774345652741936,0.24492367663642683,-0.2472211829931418,1.434008852396564,0.9907066767948494,-0.01531474798316057,8.673617379884035e-16,2.614167005250864,-0.024108653070206543,9,-1.535593963627912,43,-4.564329459923617,-0.03925003019951447,-0.08978525729555518
events_gatefix.csv,"B(總債務/四季經營現金流<=3, gatefix)",全期 2010-2026,觸發日即買,1m,正本(120 日冷卻),2857,22,0,1645,高,0.49492474623731186,0.0006501745307566719,-0.0015539014555955,1414,1443,0.09409659281674677,-0.09091824920894533,0.06793277015962296,-0.0684353860406796,1.0349582579455208,0.992655614147367,0.0006501745307566781,6.179952383167375e-16,0.914636785560262,-0.00017963775554327444,29,7.805703167199251,143,22.907060157192568,-0.004470270376298049,-0.014993894501876989
events_gatefix.csv,"B(總債務/四季經營現金流<=3, gatefix)",全期 2010-2026,觸發日即買,1m,同公司單注(365 曆日),2214,19,0,1373,高,0.5013550135501355,0.0020315618092665235,0.0003153552649898,1110,1104,0.09258074216989386,-0.0890097336620164,0.06616188156692344,-0.06690806470490075,1.0401193033723382,0.988847635314691,0.002031561809266516,7.37257477290143e-16,0.914636785560262,0.0009641574237440033,23,2.6068503761808604,111,7.417675127920534,-0.0032986840293950078,-0.013726066941929096
events_gatefix.csv,"B(總債務/四季經營現金流<=3, gatefix)",全期 2010-2026,觸發日即買,3m,正本(120 日冷卻),2735,144,0,1598,高,0.4928702010968921,0.011968542040601353,-0.003650133134765,1348,1387,0.17760935826652247,-0.14901474582712876,0.1291636489896427,-0.1221579667744772,1.1918911600370488,1.057349368200431,0.011968542040601354,1.734723475976807e-16,1.5379776085719985,0.010412377413798853,28,0.7804716990751427,137,2.4462155860729067,0.002654610700407002,-0.01822185016705643
events_gatefix.csv,"B(總債務/四季經營現金流<=3, gatefix)",全期 2010-2026,觸發日即買,3m,同公司單注(365 曆日),2114,119,0,1330,高,0.49337748344370863,0.011359755030004045,-0.003344344461365,1043,1071,0.16993506095249172,-0.14306979126052313,0.1209390928138802,-0.1195745636461613,1.1877773739324764,1.0114115337418812,0.011359755030004068,2.2551405187698492e-15,1.5379776085719985,0.00934494303499876,22,0.8151743882677608,106,2.502914253975652,0.0021216533192009316,-0.017973987856944002
events_gatefix.csv,"B(總債務/四季經營現金流<=3, gatefix)",全期 2010-2026,觸發日即買,6m,正本(120 日冷卻),2541,338,0,1511,高,0.44077134986225897,0.0036920878938018066,-0.0359082348384617,1120,1421,0.2668101633856995,-0.2036916169273984,0.18406032291240199,-0.1743396901157802,1.3098730689579552,1.0557568548513894,0.0036920878938017793,2.732189474663471e-15,3.397946482669285,0.00021499914098661085,26,4.358180282369661,128,12.099983224865186,-0.012526874147812226,-0.04315605092247937
events_gatefix.csv,"B(總債務/四季經營現金流<=3, gatefix)",全期 2010-2026,觸發日即買,6m,同公司單注(365 曆日),1968,265,0,1258,高,0.4263211382113821,-0.00500194131092034,-0.042958187885457244,839,1129,0.2543953087198966,-0.197769251121244,0.170515082603458,-0.166203915366,1.286323871267215,1.0259390233254393,-0.005001941310920355,1.474514954580286e-15,3.397946482669285,-0.009506233088151447,20,-3.311710269684582,99,-8.633207988743026,-0.021788348019667673,-0.05073706274976168
events_gatefix.csv,"B(總債務/四季經營現金流<=3, gatefix)",全期 2010-2026,觸發日即買,12m,正本(120 日冷卻),2337,542,0,1408,高,0.45614035087719296,0.02684784437781069,-0.0435374688733123,1066,1271,0.4012629472831468,-0.2871777258008583,0.2721490814033013,-0.2553775234429815,1.3972634756547944,1.0656735868302225,0.02684784437781068,1.0408340855860843e-15,11.705683397360184,0.01860583001895812,24,1.0337039485609532,117,2.6422142578448744,-0.000914267505865443,-0.04641357039768975
events_gatefix.csv,"B(總債務/四季經營現金流<=3, gatefix)",全期 2010-2026,觸發日即買,12m,同公司單注(365 曆日),1838,395,0,1185,高,0.45266594124047876,0.02182648105924023,-0.04492491894733265,832,1006,0.3902155430029276,-0.28284518846078754,0.2637541237418331,-0.2470158926366372,1.3796082059109358,1.067761757863159,0.021826481059240205,2.42861286636753e-15,11.705683397360184,0.011334968468767383,19,1.3012086277429025,92,3.2182761840685252,-0.006642995196522328,-0.050968353841192214
events_gatefix.csv,"B(總債務/四季經營現金流<=3, gatefix)",全期 2010-2026,跌勢衰竭,1m,正本(120 日冷卻),2815,37,33,1627,高,0.49733570159857904,0.004795326990488664,-0.0012045476273785,1400,1415,0.0999415399956197,-0.08934226891564805,0.0705974981954659,-0.0698283845905594,1.1186366902096352,1.0110143405066037,0.004795326990488673,8.673617379884035e-16,0.8538246840434487,0.003967346027922706,29,1.1249017551092535,141,3.5093007113920636,-0.0006051792864964065,-0.012667413074600982
events_gatefix.csv,"B(總債務/四季經營現金流<=3, gatefix)",全期 2010-2026,跌勢衰竭,1m,同公司單注(365 曆日),2179,32,26,1359,高,0.5002294630564479,0.0053790019121844985,9.663136368631696e-05,1090,1089,0.09589021933320425,-0.08521532957441931,0.0661060951523008,-0.0674349860351758,1.125269594239643,0.9802937471925655,0.005379001912184489,9.54097911787244e-16,0.7576747152682597,0.0044365572604896045,22,0.9748274258855935,109,3.060816673744167,0.00013678435032034425,-0.011668846932273476
events_gatefix.csv,"B(總債務/四季經營現金流<=3, gatefix)",全期 2010-2026,跌勢衰竭,3m,正本(120 日冷卻),2691,161,33,1580,高,0.4868078781122259,0.009694148722890447,-0.0064923170183032,1310,1381,0.17496359377761284,-0.14707846027181365,0.11897264118108744,-0.1208712516170208,1.1895935914359252,0.9842922910904482,0.009694148722890442,5.204170427930421e-16,3.1938156933140016,0.007256994867001535,27,1.0574263834182074,135,3.1286706551508696,-0.0005623421302049923,-0.0217255610000439
events_gatefix.csv,"B(總債務/四季經營現金流<=3, gatefix)",全期 2010-2026,跌勢衰竭,3m,同公司單注(365 曆日),2079,132,26,1315,高,0.4785954785954786,0.007067696399219103,-0.0104568664141279,995,1084,0.16860589654704655,-0.1412076810427443,0.1145460971634313,-0.1138570699105001,1.1940277986436776,1.0060516861488955,0.007067696399219087,1.6479873021779667e-15,3.1938156933140016,0.003908279770317149,21,1.5197706415055323,104,4.169726693898307,-0.0037110666127291437,-0.02358235062849843
events_gatefix.csv,"B(總債務/四季經營現金流<=3, gatefix)",全期 2010-2026,跌勢衰竭,6m,正本(120 日冷卻),2497,355,33,1497,高,0.4409291149379255,0.0020894504527627675,-0.0359623350614105,1101,1396,0.26736078589311557,-0.2071252632433894,0.1720491627539671,-0.18254802072655923,1.2908168791507795,0.9424871443097238,0.0020894504527627783,1.0842021724855044e-15,5.028545540148772,-0.0020032623174849,25,8.127514240948406,125,22.415451425504052,-0.015043200599103274,-0.047104583523952304
events_gatefix.csv,"B(總債務/四季經營現金流<=3, gatefix)",全期 2010-2026,跌勢衰竭,6m,同公司單注(365 曆日),1943,268,26,1249,高,0.4297478126608338,-0.008782056782668949,-0.0445958432256992,835,1108,0.2514484971343643,-0.20489443270389887,0.1592456323459348,-0.17958198632109557,1.2272100018341765,0.8867572723090443,-0.008782056782668926,2.2551405187698492e-15,5.028545540148772,-0.014060324911897796,20,-2.0293871787041753,98,-5.116185186520006,-0.026880945490168895,-0.05656571714005339
events_gatefix.csv,"B(總債務/四季經營現金流<=3, gatefix)",全期 2010-2026,跌勢衰竭,12m,正本(120 日冷卻),2326,526,33,1400,高,0.4595872742906277,0.03908437902182323,-0.039897342616886655,1069,1257,0.41705950184337937,-0.2823598582862464,0.2666091649401667,-0.2527622930352476,1.4770495507919517,1.0547821897745964,0.03908437902182327,3.469446951953614e-15,9.987976510363495,0.031069534152079137,24,0.8112895964684855,117,2.004373702273683,0.00745252515527001,-0.041334486211017374
events_gatefix.csv,"B(總債務/四季經營現金流<=3, gatefix)",全期 2010-2026,跌勢衰竭,12m,同公司單注(365 曆日),1830,381,26,1178,高,0.45081967213114754,0.028835635967164576,-0.04622301509435045,825,1005,0.40198725417764997,-0.27748285659368166,0.2599285586211346,-0.2483862886365465,1.4486922151240507,1.0464690303476352,0.02883563596716457,6.938893903907228e-16,9.987976510363495,0.01862806570904778,19,1.0713672014335271,92,2.5832519777652903,-0.0020795091729290155,-0.048070749220652416
events_gatefix.csv,"B(總債務/四季經營現金流<=3, gatefix)",全期 2010-2026,買方回來,1m,正本(120 日冷卻),2781,32,72,1617,高,0.48723480762315713,-0.0007925238994671026,-0.0033188474667409,1355,1426,0.09310184986020258,-0.09001193234571704,0.0624101909235021,-0.07109076329064574,1.0343278655836186,0.8778945116729975,-0.0007925238994670944,8.239936510889834e-16,0.9102662588263796,-0.0017300195300513467,28,-6.524364957905809,140,-20.035937861833762,-0.006023889509181684,-0.01755524256812643
events_gatefix.csv,"B(總債務/四季經營現金流<=3, gatefix)",全期 2010-2026,買方回來,1m,同公司單注(365 曆日),2151,27,59,1348,高,0.48303114830311483,-0.0023871740103884355,-0.0048548871201177,1039,1112,0.08876784379239866,-0.08755809442144578,0.0579018091881404,-0.06911108147007125,1.0138165337990335,0.8378078877728884,-0.002387174010388418,1.734723475976807e-15,0.9102662588263796,-0.0035635567466083397,22,-2.1235189766869715,108,-6.352500739259205,-0.007533433783861852,-0.018479541777942723
events_gatefix.csv,"B(總債務/四季經營現金流<=3, gatefix)",全期 2010-2026,買方回來,3m,正本(120 日冷卻),2615,198,72,1560,高,0.464244741873805,0.0006027810205692246,-0.0151420417542137,1214,1401,0.1704174214954832,-0.1465456654723255,0.12357558487398496,-0.1235992501527911,1.1628963637117318,0.9998085321814097,0.0006027810205692374,1.2793585635328952e-15,3.396805041048303,-0.0018454542314444364,27,16.859854708712014,131,47.024463008949034,-0.009659756858710693,-0.029205752548041794
events_gatefix.csv,"B(總債務/四季經營現金流<=3, gatefix)",全期 2010-2026,買方回來,3m,同公司單注(365 曆日),2016,162,59,1293,高,0.4469246031746032,-0.005270228658070818,-0.021186364943564,901,1115,0.16222127840727688,-0.14061538369473292,0.1136786771261262,-0.117778713534604,1.153652425110534,0.9651886466965596,-0.00527022865807078,3.816391647148976e-15,3.396805041048303,-0.008367197738161875,21,-1.9418177697176535,101,-5.193496605308314,-0.01566725286749099,-0.03436268663121032
events_gatefix.csv,"B(總債務/四季經營現金流<=3, gatefix)",全期 2010-2026,買方回來,6m,正本(120 日冷卻),2463,350,72,1486,高,0.439301664636622,-0.005572284159937631,-0.0404284010001306,1082,1381,0.25740951804374484,-0.21161595540134567,0.17712813006297373,-0.1895992113055846,1.2163993851765489,0.9342239814357101,-0.005572284159937657,2.6020852139652106e-15,3.32550096723088,-0.008754561085887659,25,-2.718433420360114,124,-7.699652085274829,-0.02093263860424954,-0.051046894929212785
events_gatefix.csv,"B(總債務/四季經營現金流<=3, gatefix)",全期 2010-2026,買方回來,6m,同公司單注(365 曆日),1917,261,59,1239,高,0.4204486176317162,-0.0182399298837993,-0.0511063420867644,806,1111,0.24158670476191904,-0.2067370203648515,0.16482842236030532,-0.1851638037588755,1.1685701203179018,0.8901762602314468,-0.018239929883799327,2.7755575615628914e-15,3.32550096723088,-0.022349858919853968,20,-0.8298117945574118,96,-2.2103620409197124,-0.033727516944328094,-0.061643791564058144
events_gatefix.csv,"B(總債務/四季經營現金流<=3, gatefix)",全期 2010-2026,買方回來,12m,正本(120 日冷卻),2286,527,72,1383,高,0.44006999125109364,0.025591278455784412,-0.0547396551978765,1006,1280,0.41017268614513525,-0.2766656716500648,0.2603803435030537,-0.24232719470069242,1.4825572095692965,1.0744990624129473,0.025591278455784433,2.0816681711721685e-15,7.021457922676005,0.0181329505058483,23,1.1233634040041673,115,2.9831473901035155,-0.0031891136686087364,-0.05343962201869955
events_gatefix.csv,"B(總債務/四季經營現金流<=3, gatefix)",全期 2010-2026,買方回來,12m,同公司單注(365 曆日),1796,382,59,1161,高,0.4292873051224944,0.012947137789436356,-0.06129354322115175,771,1025,0.39029316577368467,-0.2708907037479837,0.2502019705025695,-0.2358043846091233,1.4407772595134312,1.0610573290115537,0.012947137789436264,9.194034422677078e-15,7.021457922676005,0.0043799726432750714,18,2.0858854923901204,90,5.395751563019283,-0.014201439781760718,-0.05991481389769954
events_gatefix.csv,"B(總債務/四季經營現金流<=3, gatefix)",建表年份 2010-2021,觸發日即買,1m,正本(120 日冷卻),1168,0,0,767,高,0.4854452054794521,-0.007041541328222064,-0.0050109228507282996,567,601,0.09063554447096986,-0.09919280197404871,0.0629268057337426,-0.0684353860406796,0.9137310638193521,0.9195068425030499,-0.007041541328222066,1.734723475976807e-16,0.7289663457738649,-0.008729500442318076,12,-0.7182958684035906,59,-2.0837903522450616,-0.012225051212703505,-0.022869879409084127
events_gatefix.csv,"B(總債務/四季經營現金流<=3, gatefix)",建表年份 2010-2021,觸發日即買,1m,同公司單注(365 曆日),958,0,0,653,高,0.49373695198329853,-0.004956362937296364,-0.00295017878579475,473,485,0.08731354449551562,-0.09494330358826557,0.0627766815423505,-0.063200029082032,0.9196387864715828,0.993301466062112,-0.0049563629372963575,6.938893903907228e-16,0.7289663457738649,-0.007008946008237815,10,-1.0242602570576178,48,-2.7928035636952853,-0.010138801514719882,-0.019790080823142854
events_gatefix.csv,"B(總債務/四季經營現金流<=3, gatefix)",建表年份 2010-2021,觸發日即買,3m,正本(120 日冷卻),1168,0,0,767,高,0.5128424657534246,0.019841200735706332,0.004067160297163299,599,569,0.179087879238418,-0.14780161195871247,0.1243885180471868,-0.1206801415594228,1.2116774429256236,1.030728970316446,0.019841200735706332,0.0,1.5292572058180784,0.016630398818489395,12,0.48327040717431136,59,1.5522082946550413,0.010358963282289321,-0.0115393719807915
events_gatefix.csv,"B(總債務/四季經營現金流<=3, gatefix)",建表年份 2010-2021,觸發日即買,3m,同公司單注(365 曆日),958,0,0,653,高,0.5187891440501043,0.01722435285146017,0.0061624439186368,497,461,0.1638003060938858,-0.14079787873527636,0.1104402684978755,-0.1190199866730571,1.1633719738197041,0.9279136352220427,0.01722435285146015,2.0816681711721685e-15,1.5292572058180784,0.013462470717577602,10,0.5429786368757451,48,1.6607639463257435,0.007954934109604381,-0.011981560050319027
events_gatefix.csv,"B(總債務/四季經營現金流<=3, gatefix)",建表年份 2010-2021,觸發日即買,6m,正本(120 日冷卻),1168,0,0,767,高,0.4743150684931507,0.022068334581540363,-0.020026785268405747,554,614,0.2679613820002074,-0.19979607628155663,0.1857265929984005,-0.16548478925778354,1.3411743963509617,1.1223182132412504,0.022068334581540366,3.469446951953614e-16,2.883677630648528,0.01595660899766292,12,0.749824737584541,59,2.04521955419919,0.005578262309144066,-0.02429340454934162
events_gatefix.csv,"B(總債務/四季經營現金流<=3, gatefix)",建表年份 2010-2021,觸發日即買,6m,同公司單注(365 曆日),958,0,0,653,高,0.4603340292275574,0.013254964058252884,-0.02351258573099285,441,517,0.2537959197945412,-0.19192600592183054,0.1727281857274323,-0.1600474990983745,1.3223633690262362,1.0792307702431732,0.013254964058252883,1.734723475976807e-16,2.883677630648528,0.005771612836486286,10,1.3039605814369841,48,3.248474995080791,-0.0040714864405335645,-0.03137550563226135
events_gatefix.csv,"B(總債務/四季經營現金流<=3, gatefix)",建表年份 2010-2021,觸發日即買,12m,正本(120 日冷卻),1168,0,0,767,高,0.511986301369863,0.08041212957621993,0.0104632308186969,598,570,0.4169742637386373,-0.2726828813520705,0.28838069582487136,-0.22893653445963724,1.5291545317077204,1.2596534515801123,0.08041212957621993,0.0,11.705683397360184,0.06403773587839444,12,0.4035357573777307,59,0.9706948814677531,0.04846084536288772,0.002481854646308979
events_gatefix.csv,"B(總債務/四季經營現金流<=3, gatefix)",建表年份 2010-2021,觸發日即買,12m,同公司單注(365 曆日),958,0,0,653,高,0.5062630480167014,0.07110719650590108,0.00602825867895315,485,473,0.4050092515746737,-0.27126594664072623,0.2762746723844103,-0.2302107509440707,1.4930338901369056,1.2000945709591588,0.07110719650590105,2.7755575615628914e-15,11.705683397360184,0.051102920634510884,10,0.49124602433284476,48,1.1097031563278699,0.036557673023464216,-0.00821214853929874
events_gatefix.csv,"B(總債務/四季經營現金流<=3, gatefix)",建表年份 2010-2021,跌勢衰竭,1m,正本(120 日冷卻),1168,0,0,767,高,0.5077054794520548,0.012130777406229133,0.0013633224079575,593,575,0.10769857356012437,-0.08642870627944021,0.0728943437177196,-0.0674362559351595,1.2460972539831232,1.0809369931184807,0.012130777406229136,3.469446951953614e-16,0.8538246840434487,0.010151141255595436,12,0.5235675223003022,59,1.5907527539797472,0.0058394911077279945,-0.007547544551518074
events_gatefix.csv,"B(總債務/四季經營現金流<=3, gatefix)",建表年份 2010-2021,跌勢衰竭,1m,同公司單注(365 曆日),958,0,0,653,高,0.5146137787056367,0.011396266378611738,0.00233762447128695,493,465,0.10006133903112084,-0.0826077783906076,0.0660210742359648,-0.0651796529715211,1.2112822906093028,1.0129092627236194,0.011396266378611734,3.469446951953614e-16,0.7576747152682597,0.00926777656846639,10,0.5343015101003866,48,1.606569935381752,0.005363207418994373,-0.007277254937704737
events_gatefix.csv,"B(總債務/四季經營現金流<=3, gatefix)",建表年份 2010-2021,跌勢衰竭,3m,正本(120 日冷卻),1168,0,0,767,高,0.5051369863013698,0.0220213253392471,0.00271113867220145,590,578,0.18329764842010307,-0.14260329510660932,0.1194045658127238,-0.113805389607762,1.2853675525735286,1.04919956975904,0.022021325339247097,3.469446951953614e-16,1.8661342617849628,0.01807447520804722,12,0.5115037997028046,59,1.5171508940123746,0.010869001578163756,-0.01199422052756166
events_gatefix.csv,"B(總債務/四季經營現金流<=3, gatefix)",建表年份 2010-2021,跌勢衰竭,3m,同公司單注(365 曆日),958,0,0,653,高,0.49373695198329853,0.014672450838374438,-0.0024068484752026503,473,485,0.16595511445605834,-0.13286713656608845,0.1088013415499287,-0.1086335003874952,1.2490305635021484,1.0015450221325357,0.014672450838374443,5.204170427930421e-16,1.8661342617849628,0.009834621491410607,10,0.7897631308750019,48,2.1135915507972904,0.0031172290520369086,-0.01720096083210121
events_gatefix.csv,"B(總債務/四季經營現金流<=3, gatefix)",建表年份 2010-2021,跌勢衰竭,6m,正本(120 日冷卻),1168,0,0,767,高,0.4957191780821918,0.02867025516955468,-0.0024573480507461,579,589,0.2670748791534613,-0.2056867521083433,0.1766315255581683,-0.1771625245493464,1.2984544527825614,0.9970027578206576,0.02867025516955471,2.7755575615628914e-15,2.4755892741256345,0.02261521575508652,12,0.5809565377047683,59,1.6727620349748473,0.012138796655405815,-0.020314415472124005
events_gatefix.csv,"B(總債務/四季經營現金流<=3, gatefix)",建表年份 2010-2021,跌勢衰竭,6m,同公司單注(365 曆日),958,0,0,653,高,0.4822546972860125,0.016159341001100763,-0.011684403522767148,462,496,0.24645559837722145,-0.19835047937746325,0.1601240286185983,-0.17067739221008627,1.2425258519704083,0.9381677710513772,0.016159341001100752,1.0408340855860843e-15,2.4755892741256345,0.008733525649937674,10,1.0771840567078423,48,2.7611406312405435,-0.0012604000691121644,-0.029959999325981482
events_gatefix.csv,"B(總債務/四季經營現金流<=3, gatefix)",建表年份 2010-2021,跌勢衰竭,12m,正本(120 日冷卻),1168,0,0,767,高,0.5077054794520548,0.09908855260319695,0.0066655060452868,593,575,0.4479597515127906,-0.26070383166356664,0.2997079839888925,-0.213251629795689,1.7182706853763245,1.4054194299759168,0.09908855260319693,1.3877787807814457e-15,9.987976510363495,0.08326153791506703,12,0.362604864391273,59,0.871885119810807,0.06381418662887843,0.013370090781261341
events_gatefix.csv,"B(總債務/四季經營現金流<=3, gatefix)",建表年份 2010-2021,跌勢衰竭,12m,同公司單注(365 曆日),958,0,0,653,高,0.48851774530271397,0.08002237708028741,-0.0074411442166721995,468,490,0.4343559159908706,-0.25840230906288186,0.29044220315940383,-0.20920807891323606,1.6809289265490683,1.3882934381317924,0.08002237708028737,4.163336342344337e-15,9.987976510363495,0.0606551826946957,10,0.47233206890325735,48,1.0460424769433267,0.04267065610218562,-0.0038787719304387187
events_gatefix.csv,"B(總債務/四季經營現金流<=3, gatefix)",建表年份 2010-2021,買方回來,1m,正本(120 日冷卻),1163,0,5,763,高,0.49785038693035255,0.0010861271989966496,-0.0006806003795171,579,584,0.0917813415123766,-0.08883258699183724,0.0591504183606912,-0.0681618942722661,1.033194513639576,0.8677930534679769,0.0010861271989966517,2.1684043449710089e-16,0.9102662588263796,-0.0009913355906132671,12,4.9090585534958455,59,14.816264903216798,-0.004289999646100936,-0.01580818400291178
events_gatefix.csv,"B(總債務/四季經營現金流<=3, gatefix)",建表年份 2010-2021,買方回來,1m,同公司單注(365 曆日),954,0,4,650,高,0.4989517819706499,-0.0022389630715480306,-0.0006649698252721499,476,478,0.08109487778146762,-0.08522412676618285,0.054139042645636154,-0.06692077644989874,0.9515483567693916,0.8090020098043568,-0.002238963071548021,9.54097911787244e-16,0.9102662588263796,-0.004200201303434924,10,-2.0893069764831385,48,-6.316579646554912,-0.006990115892074633,-0.0172494484142354
events_gatefix.csv,"B(總債務/四季經營現金流<=3, gatefix)",建表年份 2010-2021,買方回來,3m,正本(120 日冷卻),1163,0,5,763,高,0.45571797076526227,-0.003665813178159828,-0.0170510933431705,530,633,0.16753009813854244,-0.1470052018003592,0.12247967422592995,-0.121585944026669,1.1396202045017232,1.007350604598381,-0.0036658131781598102,1.7780915628762273e-15,1.4945570917341993,-0.007104359645247884,12,-2.636950452109014,59,-7.582574551207337,-0.013471380522717137,-0.033143514148377615
events_gatefix.csv,"B(總債務/四季經營現金流<=3, gatefix)",建表年份 2010-2021,買方回來,3m,同公司單注(365 曆日),954,0,4,650,高,0.4308176100628931,-0.013759037921644427,-0.024700703734146602,411,543,0.15181688207596253,-0.13908445803033037,0.1055171466210971,-0.1156332635142103,1.091544549448189,0.9125155116644267,-0.01375903792164443,1.734723475976807e-16,1.4945570917341993,-0.017985108979533603,10,-0.7063856745563037,48,-1.8434748195732593,-0.023726935217937627,-0.041196244911312414
events_gatefix.csv,"B(總債務/四季經營現金流<=3, gatefix)",建表年份 2010-2021,買方回來,6m,正本(120 日冷卻),1163,0,5,763,高,0.4772141014617369,0.012702062958553341,-0.0105916372695707,555,608,0.25355473905334763,-0.207155231831925,0.1825285564658361,-0.1790741815052672,1.2239842402776908,1.019290189861721,0.012702062958553334,6.938893903907228e-16,2.0910620379283267,0.0077276394927312565,12,1.2073236118661592,59,3.370553016613577,-0.0026608930449572234,-0.03172010198440516
events_gatefix.csv,"B(總債務/四季經營現金流<=3, gatefix)",建表年份 2010-2021,買方回來,6m,同公司單注(365 曆日),954,0,4,650,高,0.45178197064989517,-0.006490661109370635,-0.028372861065078102,431,523,0.22712090859900846,-0.19900803499906736,0.1641425872698712,-0.1652560277136668,1.141265017767111,0.9932623308256882,-0.006490661109370632,2.6020852139652106e-16,2.0910620379283267,-0.012618851848127097,10,-2.18029779373644,48,-5.79353131545009,-0.020860902951848854,-0.04643064245836336
events_gatefix.csv,"B(總債務/四季經營現金流<=3, gatefix)",建表年份 2010-2021,買方回來,12m,正本(120 日冷卻),1163,0,5,763,高,0.4935511607910576,0.06916559354135075,-0.0048076243224479,574,589,0.40924132951390346,-0.26224947003801297,0.2840698637472959,-0.2172941996203139,1.5605039333524071,1.30730532266237,0.06916559354135077,1.3877787807814457e-15,7.021457922676005,0.056430936261919105,12,0.42545196241962585,59,1.1141885443137152,0.04015326313756653,-0.008319999229441226
events_gatefix.csv,"B(總債務/四季經營現金流<=3, gatefix)",建表年份 2010-2021,買方回來,12m,同公司單注(365 曆日),954,0,4,650,高,0.4748427672955975,0.04734165225712688,-0.02030617460923145,453,501,0.3871972856755348,-0.2599529623906551,0.2647207705405918,-0.2156078627846063,1.4894897989031495,1.2277881108865198,0.04734165225712689,6.938893903907228e-16,7.021457922676005,0.03173947111307496,10,0.6324263213243311,48,1.5035212076944457,0.017585883678070485,-0.025100441199223052
events_gatefix.csv,"B(總債務/四季經營現金流<=3, gatefix)",驗證年份 2022-2026,觸發日即買,1m,正本(120 日冷卻),1689,22,0,878,高,0.5014801657785672,0.005969253348570268,9.928677449133616e-05,847,842,0.09641349294904372,-0.08501206605950694,0.0724016688991673,-0.068201207245486,1.1341153958257641,1.0615892566030685,0.0059692533485702776,9.54097911787244e-16,0.914636785560262,0.004577863471134495,17,0.8521896059580929,85,2.537058892759061,0.0008912886230349218,-0.009661305279906409
events_gatefix.csv,"B(總債務/四季經營現金流<=3, gatefix)",驗證年份 2022-2026,觸發日即買,1m,同公司單注(365 曆日),1256,19,0,720,高,0.5071656050955414,0.0073615235188264315,0.002044662889891,637,619,0.0964918638339141,-0.0843606522173785,0.0688560464823557,-0.0692721849793486,1.1438017760374373,0.9939927043283395,0.007361523518826435,3.469446951953614e-16,0.914636785560262,0.0055195057529577795,13,0.7382421073293081,63,2.156107618787029,0.0019470898835205004,-0.008960147580092124
events_gatefix.csv,"B(總債務/四季經營現金流<=3, gatefix)",驗證年份 2022-2026,觸發日即買,3m,正本(120 日冷卻),1567,144,0,831,高,0.4779834077855775,0.006100472253822404,-0.0087349406963624,749,818,0.17642693628766337,-0.14985860055956013,0.1315480392838759,-0.1246340839792343,1.1772893622981877,1.0554740331368229,0.006100472253822389,1.474514954580286e-15,1.5379776085719985,0.0036424639764653113,16,1.4962132250568987,79,4.633613295693647,-0.0030583627098165404,-0.02334362121127645
events_gatefix.csv,"B(總債務/四季經營現金流<=3, gatefix)",驗證年份 2022-2026,觸發日即買,3m,同公司單注(365 曆日),1156,119,0,677,高,0.47231833910034604,0.006499647146825012,-0.00985132094489755,546,610,0.1755192608878894,-0.14478676121812772,0.1311404290806439,-0.12027040711579265,1.2122604263760124,1.0903798550742905,0.006499647146825008,4.3368086899420177e-16,1.5379776085719985,0.00320972875281434,12,1.4129554479570872,58,4.35191214995279,-0.0027122192238956577,-0.022937067992328926
events_gatefix.csv,"B(總債務/四季經營現金流<=3, gatefix)",驗證年份 2022-2026,觸發日即買,6m,正本(120 日冷卻),1373,338,0,744,高,0.41223597960670066,-0.011940436600938641,-0.0498487383458351,566,807,0.2656833522329833,-0.20665551030601897,0.1807327696848213,-0.1787361975927808,1.2856340091757286,1.0111704966253636,-0.011940436600938659,1.734723475976807e-15,3.397946482669285,-0.017442944462976086,14,-1.314901874824268,69,-3.708620953355551,-0.027925687526295533,-0.05919797947141326
events_gatefix.csv,"B(總債務/四季經營現金流<=3, gatefix)",驗證年份 2022-2026,觸發日即買,6m,同公司單注(365 曆日),1010,265,0,605,高,0.3940594059405941,-0.022318887195740093,-0.05773597178247235,398,612,0.2550594557452276,-0.20270545662467007,0.16876018393562459,-0.17425633471874863,1.2582762200501405,0.9684593917805348,-0.0223188871957401,6.938893903907228e-16,3.397946482669285,-0.02983583965132672,11,-0.7588049601554034,51,-1.9394631831828921,-0.03968680200206883,-0.06909447619760682
events_gatefix.csv,"B(總債務/四季經營現金流<=3, gatefix)",驗證年份 2022-2026,觸發日即買,12m,正本(120 日冷卻),1169,542,0,641,高,0.40034217279726264,-0.026670620217349266,-0.1040827491719155,468,701,0.3811873762566869,-0.2989638332699155,0.25447878045470695,-0.2756353170661727,1.2750283941955514,0.9232444636026571,-0.026670620217349228,3.816391647148976e-15,3.532489196045592,-0.03450225761827773,12,-0.8597671600943791,59,-2.395824894252895,-0.050115589361524285,-0.0953827710420096
events_gatefix.csv,"B(總債務/四季經營現金流<=3, gatefix)",驗證年份 2022-2026,觸發日即買,12m,同公司單注(365 曆日),880,395,0,532,高,0.39431818181818185,-0.03182229780201101,-0.10774788226058445,347,533,0.36953845753521347,-0.2931209509014799,0.2514570778198228,-0.2673690806268048,1.260702984207424,0.94048675048858,-0.03182229780201104,2.7755575615628914e-15,3.061586771067589,-0.0407733429464931,9,-0.6626436314707745,44,-1.9082152811683128,-0.0534558483189052,-0.09741693973652343
events_gatefix.csv,"B(總債務/四季經營現金流<=3, gatefix)",驗證年份 2022-2026,跌勢衰竭,1m,正本(120 日冷卻),1647,37,33,860,高,0.4899817850637523,-0.0004067410639040896,-0.0037018779183151,807,840,0.09424151409258218,-0.09133667191067125,0.0687724693580926,-0.07267366619215215,1.0318036788635336,0.9463189757931761,-0.0004067410639040925,2.8731357570865868e-16,0.6256721723559786,-0.0014009632162849239,17,-10.92474331536211,83,-36.415913845646415,-0.004900868554228681,-0.016026224700542005
events_gatefix.csv,"B(總債務/四季經營現金流<=3, gatefix)",驗證年份 2022-2026,跌勢衰竭,1m,同公司單注(365 曆日),1221,32,26,706,高,0.48894348894348894,0.0006578394561343006,-0.0034562855965176,597,624,0.09244572685234517,-0.08715845665850977,0.0665784137924452,-0.06953336761340324,1.0606627331017475,0.9575030820111113,0.0006578394561342904,1.0191500421363742e-15,0.6256721723559786,-0.0006814934477687926,13,7.019406282414105,62,22.56045813471979,-0.004002416728597841,-0.014942048132131899
events_gatefix.csv,"B(總債務/四季經營現金流<=3, gatefix)",驗證年份 2022-2026,跌勢衰竭,3m,正本(120 日冷卻),1523,161,33,813,高,0.4727511490479317,0.00024034551349808492,-0.0148589736271366,720,803,0.1681342990011278,-0.1502996875015622,0.11827351038552765,-0.1268683792247197,1.118660336531839,0.9322536561772568,0.0002403455134980803,4.607859233063394e-16,3.1938156933140016,-0.0031926353785126636,16,40.13371710812641,77,116.12239948875403,-0.009505473859874788,-0.029142544143464923
events_gatefix.csv,"B(總債務/四季經營現金流<=3, gatefix)",驗證年份 2022-2026,跌勢衰竭,3m,同公司單注(365 曆日),1121,132,26,662,高,0.4656556645851918,0.000568718029271903,-0.0162141258512261,522,599,0.17100785043409142,-0.14796087648711506,0.11807912168922641,-0.1230787316197847,1.1557639728430735,0.9593787662193082,0.0005687180292719002,2.8189256484623115e-16,3.1938156933140016,-0.004097780931648521,12,18.30419843528902,57,50.04789860908698,-0.009947697022316931,-0.02938876839243564
events_gatefix.csv,"B(總債務/四季經營現金流<=3, gatefix)",驗證年份 2022-2026,跌勢衰竭,6m,正本(120 日冷卻),1329,355,33,730,高,0.3927765237020316,-0.021271256777645773,-0.062343422184988,522,807,0.2676779123342264,-0.20817518029238835,0.16494032159095845,-0.1856520797370713,1.2858300973164267,0.8884377800914175,-0.021271256777645783,1.0408340855860843e-15,5.028545540148772,-0.02845802206889113,14,-0.8489958905047672,67,-2.168028230326055,-0.03974919376633059,-0.07096559023212515
events_gatefix.csv,"B(總債務/四季經營現金流<=3, gatefix)",驗證年份 2022-2026,跌勢衰竭,6m,同公司單注(365 曆日),985,268,26,596,高,0.3786802030456853,-0.033039781733787105,-0.0710775033151799,373,612,0.25763273098369405,-0.21019802886388594,0.1585153979468243,-0.18572081276556776,1.2256667313970129,0.8535144531534847,-0.03303978173378712,1.3877787807814457e-15,5.028545540148772,-0.042780063150344924,10,-0.5512525731364757,50,-1.367597994565998,-0.05177871870148586,-0.08240807182802723
events_gatefix.csv,"B(總債務/四季經營現金流<=3, gatefix)",驗證年份 2022-2026,跌勢衰竭,12m,正本(120 日冷卻),1158,526,33,633,高,0.4110535405872193,-0.02143796531586632,-0.10447953471995519,476,682,0.3785640227384195,-0.30061823850331504,0.2375470082688324,-0.27964423290105905,1.2592849476571093,0.8494614954311571,-0.02143796531586631,1.0408340855860843e-15,4.060473141568552,-0.03062469942236693,12,-1.2727701940261742,58,-3.2486148652004596,-0.04923376302597016,-0.09588414554882077
events_gatefix.csv,"B(總債務/四季經營現金流<=3, gatefix)",驗證年份 2022-2026,跌勢衰竭,12m,同公司單注(365 曆日),872,381,26,525,高,0.40940366972477066,-0.027399338787848823,-0.1086423767656281,357,515,0.3595543865905709,-0.2956371639530834,0.2344546162918792,-0.2779019228392771,1.2162015823140249,0.8436595684423335,-0.02739933878784881,1.3877787807814457e-15,3.56625000406416,-0.037656067805541815,9,-0.8456482981872868,44,-2.3430687880205867,-0.05109691946764551,-0.09646539420514454
events_gatefix.csv,"B(總債務/四季經營現金流<=3, gatefix)",驗證年份 2022-2026,買方回來,1m,正本(120 日冷卻),1618,32,67,854,高,0.4796044499381953,-0.0021428769449018037,-0.0057198599287467,776,842,0.09408712606302633,-0.09082991059591396,0.065733358514871,-0.07432773774498415,1.0358606041307596,0.8843718443362266,-0.0021428769449018115,7.806255641895632e-16,0.8952976135932049,-0.003523557453110262,17,-2.456606868254961,81,-7.333535735504887,-0.007485734267268432,-0.018798845741154376
events_gatefix.csv,"B(總債務/四季經營現金流<=3, gatefix)",驗證年份 2022-2026,買方回來,1m,同公司單注(365 曆日),1197,27,55,698,高,0.4703425229741019,-0.002505297014276277,-0.0080765028226879,563,634,0.09525511168085897,-0.08931777350538218,0.063269042708139,-0.07322892757351815,1.0664743190796064,0.8639897483766927,-0.002505297014276292,1.5178830414797062e-15,0.8952976135932049,-0.004373710984933551,12,-2.1297321095429007,60,-6.368024971109982,-0.007920310114682139,-0.019433185471062583
events_gatefix.csv,"B(總債務/四季經營現金流<=3, gatefix)",驗證年份 2022-2026,買方回來,3m,正本(120 日冷卻),1452,198,67,797,高,0.47107438016528924,0.004021772103986503,-0.013933227393705599,684,768,0.17265467497381445,-0.146166907014454,0.12664480263721245,-0.125273586721488,1.1812159024254454,1.0109457703863223,0.004021772103986493,1.0408340855860843e-15,3.396805041048303,-0.00012981410312913114,15,2.6182703444147437,73,7.217966686938242,-0.006576251005202332,-0.02633105126123726
events_gatefix.csv,"B(總債務/四季經營現金流<=3, gatefix)",驗證年份 2022-2026,買方回來,3m,同公司單注(365 曆日),1062,162,55,643,高,0.4613935969868173,0.002355311866834284,-0.01510990180126765,490,572,0.1709482312484405,-0.1420686924985277,0.1159639914746192,-0.11866814298341875,1.2032786973823393,0.9772124898830059,0.00235531186683427,1.4311468676808659e-15,3.396805041048303,-0.002869523061112346,11,4.518888955847939,54,12.436067230399795,-0.008374825815945917,-0.028378478332193643
events_gatefix.csv,"B(總債務/四季經營現金流<=3, gatefix)",驗證年份 2022-2026,買方回來,6m,正本(120 日冷卻),1300,350,67,723,高,0.4053846153846154,-0.02192079623594148,-0.06643518271081975,527,773,0.2614691050260418,-0.21512451934728066,0.1709094668273825,-0.1969917131337658,1.215431443237514,0.8675972410642862,-0.021920796235941453,2.7755575615628914e-15,3.32550096723088,-0.027714409972074715,13,-0.6827942857421667,65,-1.9609990770140107,-0.03726079863107142,-0.06832363939161572
events_gatefix.csv,"B(總債務/四季經營現金流<=3, gatefix)",驗證年份 2022-2026,買方回來,6m,同公司單注(365 曆日),963,261,55,589,高,0.3894080996884735,-0.029879392407999663,-0.0774011983834809,375,588,0.25821272648515764,-0.2136116110898602,0.168199986254101,-0.19537364679161795,1.2087953701006218,0.8609144017949366,-0.029879392407999694,3.1225022567582528e-15,3.32550096723088,-0.037731676579125704,10,-0.526293324365763,49,-1.455098972517735,-0.04608325564869134,-0.07728956408437836
events_gatefix.csv,"B(總債務/四季經營現金流<=3, gatefix)",驗證年份 2022-2026,買方回來,12m,正本(120 日冷卻),1123,527,67,620,高,0.3846838824577026,-0.0195351048429811,-0.1069180816967565,432,691,0.411410183150522,-0.28895386665657496,0.22631444524228106,-0.2656603747143626,1.4237919288323206,0.8518938719619507,-0.019535104842981127,2.7755575615628914e-15,5.764461747877843,-0.030976938689149972,12,-1.5115753216185204,57,-3.9070823486487263,-0.049593830205231115,-0.10098611016598141
events_gatefix.csv,"B(總債務/四季經營現金流<=3, gatefix)",驗證年份 2022-2026,買方回來,12m,同公司單注(365 曆日),842,382,55,511,高,0.37767220902612825,-0.026022418982745075,-0.10850707842710461,318,524,0.39470333459274737,-0.2813483534045134,0.22406435301754019,-0.25721865936013344,1.4028990389193992,0.8711045830614734,-0.026022418982745127,5.204170427930421e-15,4.060093723241976,-0.03756475641719259,9,-0.9840067018365042,43,-2.660002255232884,-0.05218646624432297,-0.10036778278051936
