事件表,版本,年份段,進場格,期,表,格,樣本N,未成熟,無進場點,簇數,可信度,勝率,平均超額,中位超額,贏家數,輸家數,贏家平均,輸家平均,贏家中位,輸家中位,平均盈虧比(贏家平均/|輸家平均|),中位盈虧比(贏家中位/|輸家中位|)=原表賠率欄,驗算平均(p x 贏家平均 - (1-p) x |輸家平均|),驗算差(個百分點),最大單筆超額,剔走前三大贏家後平均,前1%事件數,前1%佔總超額比例,前5%事件數,前5%佔總超額比例,剔走前1%後平均,剔走前5%後平均
events.csv(正本),A(淨現金 N2),全期 2010-2026,觸發日即買,1m,總表(三格進場),全部,579,7,0,461,高,0.5302245250431779,0.012257490594961751,0.0070506767349434,307,272,0.10289615545793705,-0.09004423776141111,0.0702328725420002,-0.06806626450788406,1.142728929868666,1.0318308643757759,0.012257490594961742,8.673617379884035e-16,0.7289663457738649,0.00880270306807405,6,0.49898795846468835,29,1.4425940060598874,0.006205455626736975,-0.005711142165089701
events.csv(正本),A(淨現金 N2),全期 2010-2026,觸發日即買,1m,軸一 行業殺 vs 個別殺,個別殺,472,3,0,399,高,0.527542372881356,0.012247449896142298,0.00650342247664885,249,223,0.10425259136178584,-0.0904847484219978,0.0701935060715213,-0.0684353860406796,1.1521565034980075,1.0256902186508692,0.012247449896142307,8.673617379884035e-16,0.7289663457738649,0.00800440567954578,5,0.5215894877355269,24,1.4845984407452428,0.005922042277448696,-0.006253046647210468
events.csv(正本),A(淨現金 N2),全期 2010-2026,觸發日即買,1m,軸一 行業殺 vs 個別殺,行業殺,107,4,0,76,高,0.5420560747663551,0.01230178227573541,0.0107321332258456,58,49,0.09707283580175861,-0.08803946475506753,0.074265849810997,-0.0660910279181868,1.102605928736875,1.123690342703244,0.012301782275735418,8.673617379884035e-16,0.5261583729519421,0.001161110110462252,2,0.7318526456125526,6,1.391063869566933,0.0033615225690410123,-0.005096571643436956
events.csv(正本),A(淨現金 N2),全期 2010-2026,觸發日即買,1m,軸二 200 日線位置,線下 10% 內,99,2,0,91,中,0.42424242424242425,-0.00464910873473771,-0.0251696185446136,42,57,0.11130175508282873,-0.09008658733715509,0.10162463848393061,-0.0694682939582678,1.2354975182517953,1.4628923886482705,-0.004649108734737707,2.6020852139652106e-16,0.5261583729519421,-0.015560681532861076,1,-1.1431720235337643,5,-3.1427628141514097,-0.010065511609091584,-0.02028463110358055
events.csv(正本),A(淨現金 N2),全期 2010-2026,觸發日即買,1m,軸二 200 日線位置,線下逾 10%,410,2,0,337,高,0.5780487804878048,0.0183638565971054,0.01516789837217895,237,173,0.09883069387025908,-0.091871059204845,0.0666108452418152,-0.0656241967150587,1.075754374942997,1.0150348282515447,0.018363856597105405,3.469446951953614e-16,0.7225226504839646,0.014076172880847553,5,0.3677151536868409,21,0.9824083728206303,0.01175453624925742,0.00034048984247042255
events.csv(正本),A(淨現金 N2),全期 2010-2026,觸發日即買,1m,軸二 200 日線位置,線之上,70,3,0,62,中,0.4,0.00040239449155244635,-0.0210041134389349,28,42,0.12469898445915957,-0.08246199882018565,0.0777081934352017,-0.07591828413606674,1.512199391759527,1.02357678811506,0.000402394491552438,8.348356728138384e-16,0.7289663457738649,-0.019385768451605757,1,25.879591192836575,4,56.1327670878781,-0.01015650335311875,-0.02352967461537017
events.csv(正本),A(淨現金 N2),全期 2010-2026,觸發日即買,1m,軸二 250 日線位置(緩衝對照),線下 10% 內,108,3,0,102,高,0.4537037037037037,0.009249810084488903,-0.012931986990922649,49,59,0.11984974960082317,-0.08260437697144972,0.1058552080504673,-0.0684353860406796,1.4508886089927953,1.5467905446978043,0.009249810084488906,3.469446951953614e-16,0.7225226504839646,-0.0023754616848397957,2,1.0136783611150417,6,1.9038010820304503,-0.0001289094547053655,-0.008851752384286484
events.csv(正本),A(淨現金 N2),全期 2010-2026,觸發日即買,1m,軸二 250 日線位置(緩衝對照),線下逾 10%,376,0,0,312,高,0.5797872340425532,0.016694530207348988,0.01516789837217895,218,158,0.09647637005587331,-0.0933842108494757,0.06595513926941174,-0.06620298933398655,1.0331122271984694,0.9962562103755702,0.01669453020734899,3.469446951953614e-16,0.5752410910143657,0.012529031617123272,4,0.33293360768214975,19,1.0638662108915453,0.011256105843705604,-0.0011229617969079656
events.csv(正本),A(淨現金 N2),全期 2010-2026,觸發日即買,1m,軸二 250 日線位置(緩衝對照),線之上,95,4,0,83,中,0.42105263157894735,-0.0018845872905807132,-0.0170464232001789,40,55,0.11711583307414904,-0.0884303475558387,0.0905704481676026,-0.0694682939582678,1.324385081718661,1.3037666971066204,-0.0018845872905807123,8.673617379884035e-17,0.7289663457738649,-0.0165081864409929,1,-4.071623529388189,5,-10.348614245327733,-0.009659597216798217,-0.0225756460709172
events.csv(正本),A(淨現金 N2),全期 2010-2026,觸發日即買,3m,總表(三格進場),全部,563,23,0,447,高,0.5168738898756661,0.029886348695716866,0.0065692937319077,291,272,0.1922962810850189,-0.1438683951472496,0.138848621065859,-0.12583023453989214,1.3366124011337115,1.1034599241872955,0.02988634869571688,1.3877787807814457e-15,1.5379776085719985,0.02402306253875849,6,0.32878717841485977,29,1.0779384157380643,0.020276187692756374,-0.002455791945600682
events.csv(正本),A(淨現金 N2),全期 2010-2026,觸發日即買,3m,軸一 行業殺 vs 個別殺,個別殺,465,10,0,392,高,0.5053763440860215,0.02235119556458981,0.0019876115462595,235,230,0.1853250369876351,-0.14416555545460866,0.125178403301597,-0.12583023453989214,1.2855014944674892,0.9948197566294092,0.02235119556458981,0.0,1.5379776085719985,0.015195252475217367,5,0.4636552968205667,24,1.4624136488567248,0.012118249104608372,-0.010897973973377498
events.csv(正本),A(淨現金 N2),全期 2010-2026,觸發日即買,3m,軸一 行業殺 vs 個別殺,行業殺,98,13,0,68,中,0.5714285714285714,0.06563988140973807,0.055972009856798954,56,42,0.22155060899368276,-0.14224108870218816,0.15735570318630965,-0.1264531434758858,1.5575710999902839,1.2443795295315603,0.06563988140973806,1.3877787807814457e-15,0.6761377981809862,0.047567521356016565,1,0.10510935028193881,5,0.4498678937740791,0.05934608845333345,0.03805203665388355
events.csv(正本),A(淨現金 N2),全期 2010-2026,觸發日即買,3m,軸二 200 日線位置,線下 10% 內,96,5,0,88,中,0.5,0.02905086471456979,0.0128614956968994,48,48,0.19695345917506527,-0.1388517297459257,0.12738345981022556,-0.13000037807736364,1.4184444049451566,0.9798699180276172,0.029050864714569788,3.469446951953614e-16,1.5379776085719985,0.0029194645270718897,1,0.5514672367482709,5,1.18616680067626,0.013167425305544225,-0.005705466240833733
events.csv(正本),A(淨現金 N2),全期 2010-2026,觸發日即買,3m,軸二 200 日線位置,線下逾 10%,405,7,0,332,高,0.5382716049382716,0.033786794394709295,0.012435240324127,218,187,0.18937038726181063,-0.14758873097977246,0.1416171559584479,-0.1335937310758853,1.2830951659023648,1.060058393593372,0.033786794394709316,2.0816681711721685e-15,0.9277172922980056,0.027654947432769403,5,0.29189577761147506,21,0.9413577700659613,0.024223628919014927,0.002089687112186452
events.csv(正本),A(淨現金 N2),全期 2010-2026,觸發日即買,3m,軸二 200 日線位置,線之上,62,11,0,56,中,0.4032258064516129,0.005701283439235949,-0.0273128815776641,25,37,0.20886829329050546,-0.1315737232170272,0.1274359590679188,-0.1057823735861069,1.587462056887932,1.204699372378763,0.005701283439235955,5.204170427930421e-16,0.6576816842054325,-0.02455046769812011,1,1.8605931827710023,4,6.501845050769748,-0.004986919852013179,-0.03353085931962314
events.csv(正本),A(淨現金 N2),全期 2010-2026,觸發日即買,3m,軸二 250 日線位置(緩衝對照),線下 10% 內,106,5,0,100,高,0.4528301886792453,0.0011675004273218922,-0.0300093951526971,48,58,0.17712780300713016,-0.14445481894907117,0.1386287810111356,-0.13956183650910658,1.2261813368066188,0.9933143936672824,0.001167500427321888,4.119968255444917e-16,0.731241176472126,-0.014825158241548569,2,10.237653337827245,6,22.201808063762083,-0.010992367377429509,-0.0262383071729053
events.csv(正本),A(淨現金 N2),全期 2010-2026,觸發日即買,3m,軸二 250 日線位置(緩衝對照),線下逾 10%,372,4,0,308,高,0.5456989247311828,0.037712953954229335,0.01416786451595935,203,169,0.1911735857003875,-0.14662141435624465,0.1443062674429842,-0.1295442627152375,1.3038585566764134,1.113953365578191,0.03771295395422934,6.938893903907228e-16,0.9277172922980056,0.031109827389168114,4,0.2325830836191659,19,0.8336996208388111,0.029256140992375394,0.006609247641864499
events.csv(正本),A(淨現金 N2),全期 2010-2026,觸發日即買,3m,軸二 250 日線位置(緩衝對照),線之上,85,14,0,75,中,0.47058823529411764,0.03144753411081363,-0.0053421980012851,40,45,0.21619613385548941,-0.1327734434400093,0.11910493925904925,-0.1057823735861069,1.6283085551906529,1.1259431531104545,0.03144753411081362,6.938893903907228e-16,1.5379776085719985,-0.0012252723153152855,1,0.5753663913595153,5,1.4351623803277984,0.013512652271989991,-0.014540082786545139
events.csv(正本),A(淨現金 N2),全期 2010-2026,觸發日即買,6m,總表(三格進場),全部,535,51,0,429,高,0.4485981308411215,0.02518100244791211,-0.0274120810396764,240,295,0.30179297698999197,-0.19985924802700028,0.18298398498314125,-0.1685701700398397,1.5100275817570414,1.0855063202457171,0.025181002447912146,3.469446951953614e-15,3.5697477446936787,0.010897407117330966,6,0.8929824995304568,27,2.1575170622129116,0.0027253728706838278,-0.030696614936495267
events.csv(正本),A(淨現金 N2),全期 2010-2026,觸發日即買,6m,軸一 行業殺 vs 個別殺,個別殺,445,30,0,378,高,0.42921348314606744,0.010325002439396064,-0.0437608019300717,191,254,0.2961957318782894,-0.20464078229614974,0.1719474954843034,-0.17250842706451341,1.447393469448549,0.9967483815732652,0.010325002439396061,3.469446951953614e-16,3.5697477446936787,-0.006967849859008257,5,2.314618614731712,23,5.394709128384109,-0.01372768404493474,-0.04784844834027472
events.csv(正本),A(淨現金 N2),全期 2010-2026,觸發日即買,6m,軸一 行業殺 vs 個別殺,行業殺,90,21,0,63,中,0.5444444444444444,0.0986356691566859,0.0203884324163595,49,41,0.32361080997642405,-0.1702370601156841,0.2581414805001369,-0.1570267617544252,1.9009421905930193,1.6439330316436471,0.09863566915668588,1.3877787807814457e-15,1.1680872414079937,0.06686413037254818,1,0.13158269455381635,5,0.5187936521972865,0.08661935935610943,0.050256116595492985
events.csv(正本),A(淨現金 N2),全期 2010-2026,觸發日即買,6m,軸二 200 日線位置,線下 10% 內,88,13,0,80,中,0.4659090909090909,0.023239808822890874,-0.018952806517777553,41,47,0.3137076377091794,-0.2301470206311055,0.1997991073803731,-0.2015834902348565,1.3630749459581764,0.9911481696620864,0.02323980882289084,3.469446951953614e-15,2.4249454197243,-0.028515068150109995,1,1.1857325575015076,5,2.8550604489515825,-0.004366002796665533,-0.045708313452910806
events.csv(正本),A(淨現金 N2),全期 2010-2026,觸發日即買,6m,軸二 200 日線位置,線下逾 10%,388,24,0,321,高,0.43556701030927836,0.02456001315910108,-0.0382258151822842,169,219,0.30372159471316146,-0.19086604749220576,0.1874064404043758,-0.166203915366,1.5912814180613464,1.127569347519193,0.0245600131591011,1.734723475976807e-15,3.5697477446936787,0.007258599052574169,4,0.8615401422548008,20,2.1895595818579556,0.003435998594148393,-0.030803403276573025
events.csv(正本),A(淨現金 N2),全期 2010-2026,觸發日即買,6m,軸二 200 日線位置,線之上,59,14,0,53,中,0.5084745762711864,0.03216013605910793,0.0014174947085801,30,29,0.2746450608332476,-0.2186863378451745,0.16199790342143144,-0.2074408471501349,1.2558857747560377,0.7809354119354603,0.032160136059107905,2.7755575615628914e-15,1.3953069957386952,-0.018712922404943717,1,0.7353597966982968,3,1.5522805576206087,0.008657603995666764,-0.018712922404943717
events.csv(正本),A(淨現金 N2),全期 2010-2026,觸發日即買,6m,軸二 250 日線位置(緩衝對照),線下 10% 內,100,11,0,94,高,0.44,-0.007135374246792506,-0.04358842217864685,44,56,0.2718795683197564,-0.22636140054908097,0.21264629636207738,-0.16374432259805943,1.2010862614397277,1.2986483622034142,-0.007135374246792531,2.5153490401663703e-15,1.1818514370842634,-0.036536077408796115,1,-1.6563271893068952,5,-5.747150972124645,-0.019145342038015278,-0.05067731293233598
events.csv(正本),A(淨現金 N2),全期 2010-2026,觸發日即買,6m,軸二 250 日線位置(緩衝對照),線下逾 10%,356,20,0,296,高,0.4410112359550562,0.03059566961689705,-0.02766909332607725,157,199,0.3075074417724026,-0.18787241193292387,0.1769903022693049,-0.1681341912793901,1.6367887046778962,1.0526728735096986,0.03059566961689708,3.1225022567582528e-15,3.5697477446936787,0.01177714989553881,4,0.7537474879796934,18,1.798765268852897,0.007619877096696385,-0.025740230601035405
events.csv(正本),A(淨現金 N2),全期 2010-2026,觸發日即買,6m,軸二 250 日線位置(緩衝對照),線之上,79,20,0,69,中,0.4936708860759494,0.04168753608477063,-0.0041785715958635,39,40,0.3125370541861942,-0.22239074406411738,0.1577009736962258,-0.21602267665287925,1.4053509983135215,0.7300204596095763,0.04168753608477063,0.0,2.4249454197243,-0.018364889872132455,1,0.7363234799883864,4,1.6306719916002375,0.011132947832981813,-0.027693356682555126
events.csv(正本),A(淨現金 N2),全期 2010-2026,觸發日即買,12m,總表(三格進場),全部,492,94,0,399,高,0.4695121951219512,0.0516774554590902,-0.0248365002224366,231,261,0.43614895025148365,-0.2886019134950971,0.2647690878222981,-0.2708713296163376,1.5112476039036835,0.9774718062532394,0.051677455459090166,3.469446951953614e-15,3.600580356905249,0.03154065243111827,5,0.5830452033802187,25,1.6636804063183794,0.02176838636948707,-0.036133359317348526
events.csv(正本),A(淨現金 N2),全期 2010-2026,觸發日即買,12m,軸一 行業殺 vs 個別殺,個別殺,412,63,0,352,高,0.44902912621359226,0.029747285046827183,-0.04239991393727955,185,227,0.43010156894103396,-0.2965326379506541,0.2564501644963666,-0.2808425901979591,1.450435850547443,0.913145560705736,0.02974728504682722,3.816391647148976e-15,3.600580356905249,0.005510886044589859,5,1.1614593068811574,21,2.848835745543829,-0.004861980644731885,-0.0579516923225363
events.csv(正本),A(淨現金 N2),全期 2010-2026,觸發日即買,12m,軸一 行業殺 vs 個別殺,行業殺,80,31,0,57,中,0.575,0.16461783308224473,0.0949973575991459,46,34,0.46046994030437916,-0.23565266492417258,0.3095030952283072,-0.18872775491285915,1.9540196604716837,1.6399447732063226,0.16461783308224465,8.326672684688674e-15,2.4576013817173674,0.09207573093226509,1,0.18661415167650192,4,0.5563522296236586,0.1355927248716736,0.07687614169591855
events.csv(正本),A(淨現金 N2),全期 2010-2026,觸發日即買,12m,軸二 200 日線位置,線下 10% 內,81,20,0,73,中,0.43209876543209874,0.00131954764136981,-0.1117413596501131,35,46,0.3943427305316649,-0.29771983064472424,0.2511838850246746,-0.2883664756117944,1.324543043295772,0.8710578595926113,0.0013195476413697949,1.5178830414797062e-15,2.4576013817173674,-0.05834822092530804,1,22.99330228614057,5,57.000897102607816,-0.029383975284580137,-0.07875742087623029
events.csv(正本),A(淨現金 N2),全期 2010-2026,觸發日即買,12m,軸二 200 日線位置,線下逾 10%,357,55,0,298,高,0.4957983193277311,0.0727445067097572,-0.0041033202575804,177,180,0.42223335133384154,-0.270919523837259,0.2647690878222981,-0.2402580496648682,1.5585194649444187,1.1020196334383798,0.07274450670975727,6.938893903907228e-15,3.3397619190827053,0.04859849353128179,4,0.428559335471786,18,1.1305790662326471,0.042040208000099936,-0.010003276649610955
events.csv(正本),A(淨現金 N2),全期 2010-2026,觸發日即買,12m,軸二 200 日線位置,線之上,54,19,0,49,中,0.35185185185185186,-0.012062299415961026,-0.1703958401026173,19,35,0.6427951975470797,-0.3675563691958974,0.2667424590268668,-0.3774390729577431,1.7488343324136157,0.7067166017990152,-0.012062299415961014,1.214306433183765e-15,3.600580356905249,-0.14301123696260143,1,-5.5277531851460475,3,-10.197381492929553,-0.08022536840315361,-0.14301123696260143
events.csv(正本),A(淨現金 N2),全期 2010-2026,觸發日即買,12m,軸二 250 日線位置(緩衝對照),線下 10% 內,92,19,0,86,中,0.3804347826086957,-0.03651302175032872,-0.1281718804307581,35,57,0.36433217900210674,-0.28264603975621017,0.2307007382740977,-0.2808425901979591,1.2890050726214068,0.8214592313490713,-0.03651302175032872,0.0,2.4576013817173674,-0.09008137743994638,1,-0.7316036092435272,5,-1.7814735498655625,-0.06392087233788582,-0.10739678607617113
events.csv(正本),A(淨現金 N2),全期 2010-2026,觸發日即買,12m,軸二 250 日線位置(緩衝對照),線下逾 10%,327,49,0,275,高,0.5168195718654435,0.09095138294782998,0.0264501065382929,169,158,0.4291223543950733,-0.2707631371444746,0.2635216201182699,-0.2402580496648682,1.5848625441435218,1.0968274340270874,0.09095138294783,2.7755575615628914e-15,3.3397619190827053,0.06473820999577419,4,0.3742159718071633,17,0.9538649836351722,0.05762076393991439,0.004426149154224207
events.csv(正本),A(淨現金 N2),全期 2010-2026,觸發日即買,12m,軸二 250 日線位置(緩衝對照),線之上,73,26,0,64,中,0.3698630136986301,-0.013104056671750417,-0.1612593888265308,27,46,0.5732260500093186,-0.357254336680204,0.2954219327180967,-0.37554090451127364,1.6045320970377512,0.7866571368638439,-0.013104056671750491,7.45931094670027e-15,3.600580356905249,-0.10855435790955088,1,-3.763950341734492,4,-8.247423467500152,-0.06329411797143097,-0.1282036169067125
events.csv(正本),A(淨現金 N2),全期 2010-2026,跌勢衰竭,1m,總表(三格進場),全部,571,7,11,455,高,0.521891418563923,0.011309316770020917,0.004339500150311,298,273,0.10206529246369477,-0.0877576457087879,0.070465692948609,-0.0724586546616514,1.1630359000557615,0.9724951874645117,0.011309316770020922,5.204170427930421e-16,0.5057637588599584,0.008909264342551803,6,0.4025614514437057,29,1.4537928889537894,0.006828373532133982,-0.00540668261836
events.csv(正本),A(淨現金 N2),全期 2010-2026,跌勢衰竭,1m,軸一 行業殺 vs 個別殺,個別殺,468,4,6,395,高,0.5192307692307693,0.009397969252283488,0.00409176828575735,243,225,0.09978048301017901,-0.08821514560624365,0.0697629954666221,-0.0724586546616514,1.131103761428432,0.9627972778736124,0.009397969252283513,2.42861286636753e-15,0.5057637588599584,0.006472492820312054,5,0.4912591485143338,24,1.7306976554430076,0.004832762962576331,-0.007238267293086257
events.csv(正本),A(淨現金 N2),全期 2010-2026,跌勢衰竭,1m,軸一 行業殺 vs 個別殺,行業殺,103,3,5,73,高,0.5339805825242718,0.01999388607391524,0.0067965761591466,55,48,0.11215999604922804,-0.08561311493946401,0.0756611216270575,-0.07238860687968435,1.310079607879412,1.0452075939631265,0.019993886073915237,3.469446951953614e-16,0.4367050270717032,0.009138253013272788,2,0.3848088782320721,6,0.9755764902802911,0.01254362677067469,0.0005185262855534634
events.csv(正本),A(淨現金 N2),全期 2010-2026,跌勢衰竭,1m,軸二 200 日線位置,線下 10% 內,97,2,2,89,中,0.5360824742268041,0.01843240817987012,0.0195788443965949,52,45,0.11248257016881315,-0.09024777900735295,0.09653653205742391,-0.0826876282057375,1.2463749402591793,1.167484594155108,0.01843240817987011,1.0408340855860843e-15,0.3524120611356507,0.008429984194672653,1,0.19710468631516037,5,0.8685390264721438,0.014953453461580743,0.0025548348413857534
events.csv(正本),A(淨現金 N2),全期 2010-2026,跌勢衰竭,1m,軸二 200 日線位置,線下逾 10%,408,2,2,335,高,0.5073529411764706,0.007539357974068068,0.0011921919890849,207,201,0.09434397453819339,-0.08185644117406099,0.0552446200444602,-0.0619869711375686,1.1525540713110003,0.8912295443804634,0.007539357974068066,2.6020852139652106e-16,0.5057637588599584,0.004145432899524066,5,0.7294497881235597,21,2.215951453427811,0.0020650822781562023,-0.009664954162491197
events.csv(正本),A(淨現金 N2),全期 2010-2026,跌勢衰竭,1m,軸二 200 日線位置,線之上,66,3,7,60,中,0.5909090909090909,0.024145730739617732,0.03397383694002085,39,27,0.1291579686153006,-0.12753861285859086,0.1033402985359819,-0.1439982539762512,1.012696984234141,0.7176496636759582,0.02414573073961774,6.938893903907228e-16,0.3340243488841412,0.01012971055726707,1,0.20960123500379813,4,0.7694788187906085,0.019378367383548135,0.005925205750051599
events.csv(正本),A(淨現金 N2),全期 2010-2026,跌勢衰竭,1m,軸二 250 日線位置(緩衝對照),線下 10% 內,108,0,3,102,高,0.5185185185185185,0.0077792550908602305,0.0070994674119382005,56,52,0.09478412393507304,-0.08591829597213817,0.0698772503146251,-0.0822715284763701,1.1031890572621448,0.8493491200263179,0.007779255090860235,4.3368086899420177e-16,0.3385480038417703,-0.0008553636053994591,2,0.7654653430479206,6,1.9046027475772445,0.0018589295452866369,-0.007451084678078569
events.csv(正本),A(淨現金 N2),全期 2010-2026,跌勢衰竭,1m,軸二 250 日線位置(緩衝對照),線下逾 10%,374,2,0,310,高,0.5106951871657754,0.01074585504740766,0.00154919224144875,191,183,0.09828623529673479,-0.08062142707074249,0.0591893976055697,-0.0610371139246301,1.2191081064651963,0.9697279867894476,0.01074585504740768,2.0816681711721685e-15,0.5057637588599584,0.007066824955843518,4,0.45415981092065316,19,1.5822175819292814,0.005928930573068113,-0.006591276696641212
events.csv(正本),A(淨現金 N2),全期 2010-2026,跌勢衰竭,1m,軸二 250 日線位置(緩衝對照),線之上,89,5,8,79,中,0.5730337078651685,0.01796079256335476,0.030085775353045,51,38,0.12421324063020799,-0.12464117721057981,0.100069587675299,-0.13470829882375085,0.9965666516479635,0.7428613422416364,0.017960792563354762,3.469446951953614e-16,0.3524120611356507,0.006943024667513052,1,0.2204627700146575,5,0.9875865662328017,0.014160209965942305,0.00023622624632561772
events.csv(正本),A(淨現金 N2),全期 2010-2026,跌勢衰竭,3m,總表(三格進場),全部,556,22,11,443,高,0.48381294964028776,0.022088279959538902,-0.006900375947679151,269,287,0.20244979101903382,-0.14696135932618973,0.1404846367339762,-0.1268683792247197,1.3775715735568568,1.1073258568641307,0.022088279959538923,2.0816681711721685e-15,2.921219219496061,0.011452533885420694,6,0.6888091512922149,28,1.6133146458692011,0.0069486560844179545,-0.014265470595249758
events.csv(正本),A(淨現金 N2),全期 2010-2026,跌勢衰竭,3m,軸一 行業殺 vs 個別殺,個別殺,458,14,6,388,高,0.4672489082969432,0.01490693892308057,-0.0096021698976431,214,244,0.20344666492342728,-0.15045167322476447,0.13560438122474233,-0.1307585225675111,1.3522392975948625,1.037059600874041,0.014906938923080579,8.673617379884035e-16,2.921219219496061,0.0019330672701206944,5,1.1375282069199841,23,2.4757434281283244,-0.0020727528873878552,-0.023161972998516977
events.csv(正本),A(淨現金 N2),全期 2010-2026,跌勢衰竭,3m,軸一 行業殺 vs 個別殺,行業殺,98,8,5,68,中,0.5612244897959183,0.05565005745645641,0.0264013547833473,55,43,0.1985710452819391,-0.12715585720404474,0.1710890145558701,-0.0980232639225484,1.5616350646222745,1.745391937683829,0.05565005745645639,2.0816681711721685e-15,0.6878115064443682,0.03748850496427371,1,0.12611819430964735,5,0.5299554599585543,0.04913292911637483,0.027564350050744157
events.csv(正本),A(淨現金 N2),全期 2010-2026,跌勢衰竭,3m,軸二 200 日線位置,線下 10% 內,93,6,2,85,中,0.5053763440860215,0.012313595615217658,0.0011812035635627,47,46,0.18606965250461138,-0.1652197668587281,0.144287107211773,-0.137145557271731,1.1261948618031343,1.0520727764144209,0.012313595615217665,6.938893903907228e-16,0.6929877263161628,-0.007233993812334654,1,0.6051425725660449,5,2.395688548316372,0.004914963759772601,-0.018162418501755588
events.csv(正本),A(淨現金 N2),全期 2010-2026,跌勢衰竭,3m,軸二 200 日線位置,線下逾 10%,402,8,2,330,高,0.4925373134328358,0.02782764066763419,-0.0025090679055868,198,204,0.19927207031999777,-0.13857430575965987,0.1405051184662745,-0.12217866512278365,1.4380160104544253,1.149997164603768,0.027827640667634185,6.938893903907228e-16,2.921219219496061,0.015314106028476332,5,0.5746811179654555,21,1.2699274765396504,0.011984684255424954,-0.007925461467279769
events.csv(正本),A(淨現金 N2),全期 2010-2026,跌勢衰竭,3m,軸二 200 日線位置,線之上,61,8,7,55,中,0.39344262295081966,-0.0008326603786976444,-0.0584781884457391,24,37,0.2607437580434914,-0.17050385070660407,0.12900971578119463,-0.1475682888652875,1.5292543655930002,0.8742373905207056,-0.0008326603786976416,2.710505431213761e-16,1.8661342617849628,-0.05717080436669098,1,-36.74050757061802,4,-72.61917565215258,-0.03194877574809199,-0.06560150897111783
events.csv(正本),A(淨現金 N2),全期 2010-2026,跌勢衰竭,3m,軸二 250 日線位置(緩衝對照),線下 10% 內,103,5,3,97,高,0.4368932038834951,-0.008597574593212374,-0.0355225765739453,45,58,0.1865673167828212,-0.1600186110056522,0.1382180881978516,-0.1450716529770256,1.1659101126445301,0.9527573813454835,-0.008597574593212365,8.673617379884035e-16,0.6929877263161628,-0.0270147881457433,2,-1.4187054061213722,6,-3.537538381717194,-0.0212067823292857,-0.041424927265535115
events.csv(正本),A(淨現金 N2),全期 2010-2026,跌勢衰竭,3m,軸二 250 日線位置(緩衝對照),線下逾 10%,370,6,0,306,高,0.5054054054054054,0.03348936608354007,0.00277867509683165,187,183,0.1994282052032213,-0.13607655148684455,0.1404846367339762,-0.114202173831685,1.4655589300593157,1.230139777733366,0.033489366083540056,1.3877787807814457e-15,2.921219219496061,0.019931014190416745,4,0.4651895974811442,19,1.0682926397392412,0.018106204102291183,-0.0024108791134596305
events.csv(正本),A(淨現金 N2),全期 2010-2026,跌勢衰竭,3m,軸二 250 日線位置(緩衝對照),線之上,83,11,8,73,中,0.4457831325301205,0.00934419746620093,-0.0194241180760766,37,46,0.23703757178083104,-0.17380047317817549,0.1498203070317387,-0.1349928874010063,1.3638488287533408,1.109838524948996,0.00934419746620091,2.0816681711721685e-15,1.8661342617849628,-0.03111932475591054,1,2.4061504911509033,5,5.4333061641874805,-0.013299583805979093,-0.04408118106131244
events.csv(正本),A(淨現金 N2),全期 2010-2026,跌勢衰竭,6m,總表(三格進場),全部,523,55,11,423,高,0.4397705544933078,0.0073781841988944255,-0.0443549147637739,230,293,0.29079716276107626,-0.21510087747107762,0.19962845198628465,-0.1848432587898638,1.3519106299330497,1.0799877328132867,0.007378184198894425,8.673617379884035e-17,2.7093591860815387,-0.005131049640239751,6,2.7703117847936958,27,6.850679740050455,-0.013213272740633258,-0.04551723072593779
events.csv(正本),A(淨現金 N2),全期 2010-2026,跌勢衰竭,6m,軸一 行業殺 vs 個別殺,個別殺,437,35,6,372,高,0.41876430205949655,-0.007353254742931011,-0.0580100131331672,183,254,0.28894232982426293,-0.22082605779724787,0.200615783255468,-0.19474561739669574,1.3084612056497256,1.0301427366491887,-0.007353254742930984,2.688821387764051e-15,2.7093591860815387,-0.022443107077436207,5,-2.9519015438087486,22,-6.677611151685062,-0.029395673710082712,-0.05944824862404117
events.csv(正本),A(淨現金 N2),全期 2010-2026,跌勢衰竭,6m,軸一 行業殺 vs 個別殺,行業殺,86,20,5,62,中,0.5465116279069767,0.08223444951956554,0.0404767963653219,47,39,0.29801917185547666,-0.17781380560319915,0.164682512843284,-0.1335615595783061,1.67601818567745,1.2330083099002145,0.08223444951956553,1.3877787807814457e-15,1.1188119266728935,0.049830742304024414,1,0.15819940528365894,5,0.628780128245599,0.07003942037658523,0.03241144833558559
events.csv(正本),A(淨現金 N2),全期 2010-2026,跌勢衰竭,6m,軸二 200 日線位置,線下 10% 內,87,12,2,79,中,0.4827586206896552,0.04060701700070996,-0.0329955334572353,42,45,0.34904584664005356,-0.24726922399601065,0.23196794235514906,-0.2383638946664877,1.4116024671379441,0.9731672771990587,0.04060701700071004,7.632783294297951e-15,2.7093591860815387,-0.013757261773183906,1,0.766913255647125,5,1.7744324184380385,0.009575015034653848,-0.033364914185159106
events.csv(正本),A(淨現金 N2),全期 2010-2026,跌勢衰竭,6m,軸二 200 日線位置,線下逾 10%,379,31,2,316,高,0.43799472295514513,0.0030569859520563508,-0.0393703310432078,166,213,0.26408950863481456,-0.2003768110683092,0.1960053350506491,-0.1760850526483558,1.3179644252586966,1.1131287528537381,0.0030569859520563347,1.6046192152785466e-15,1.549405252963584,-0.008908058905007048,4,4.8565950615748,19,13.417866606455034,-0.011915312199881442,-0.03996475385832718
events.csv(正本),A(淨現金 N2),全期 2010-2026,跌勢衰竭,6m,軸二 200 日線位置,線之上,57,12,7,52,中,0.38596491228070173,-0.01460733015560243,-0.0981006865597343,22,35,0.38111652012663905,-0.26334803604729706,0.2051915539849155,-0.2473080888636272,1.4471971230428726,0.8297001320408247,-0.014607330155602422,8.673617379884035e-16,2.2681717099013325,-0.09390594150715928,1,-2.7241450501040423,3,-5.090334276382301,-0.055371241585190564,-0.09390594150715928
events.csv(正本),A(淨現金 N2),全期 2010-2026,跌勢衰竭,6m,軸二 250 日線位置(緩衝對照),線下 10% 內,98,10,3,92,中,0.42857142857142855,-0.0022997814620492663,-0.04235718839632415,42,56,0.3088292316379159,-0.23564654128702317,0.27439601570746874,-0.16930172752928385,1.3105612751674316,1.6207514223976651,-0.0022997814620492885,2.211772431870429e-15,1.134916657960224,-0.03203904272324427,1,-5.035601171323743,5,-18.69499336540279,-0.014023662280835562,-0.047729351638922446
events.csv(正本),A(淨現金 N2),全期 2010-2026,跌勢衰竭,6m,軸二 250 日線位置(緩衝對照),線下逾 10%,349,27,0,293,高,0.4469914040114613,0.008241068002960306,-0.0383315067608225,156,193,0.2614868694326683,-0.19645502019929068,0.18477910559841965,-0.1763152309541757,1.331026660287974,1.0480042172105013,0.00824106800296033,2.42861286636753e-15,1.549405252963584,-0.004716459800805954,4,1.956390845999265,18,5.223350416535606,-0.00797306381957029,-0.03669763255609435
events.csv(正本),A(淨現金 N2),全期 2010-2026,跌勢衰竭,6m,軸二 250 日線位置(緩衝對照),線之上,76,18,8,67,中,0.42105263157894735,0.015895212977229803,-0.06661735698615551,32,44,0.41001775233621235,-0.2707393611020303,0.1898617204259777,-0.24665298431235205,1.5144371718513951,0.7697523748001524,0.015895212977229733,6.938893903907228e-15,2.7093591860815387,-0.06813682647325627,1,2.242779824707327,4,5.751203720191421,-0.020017639997494317,-0.07971702808790747
events.csv(正本),A(淨現金 N2),全期 2010-2026,跌勢衰竭,12m,總表(三格進場),全部,490,88,11,397,高,0.46122448979591835,0.05613802887014402,-0.04213624622797775,226,264,0.445601265034706,-0.27726610511921584,0.25873617544193084,-0.23813279907510393,1.6071249128814762,1.0865205315977027,0.05613802887014399,2.7755575615628914e-15,4.59119401420062,0.03196209911271729,5,0.6173397097684166,25,1.6890471774028415,0.021703256218627603,-0.040761414334595
events.csv(正本),A(淨現金 N2),全期 2010-2026,跌勢衰竭,12m,軸一 行業殺 vs 個別殺,個別殺,410,62,6,350,高,0.44146341463414634,0.039394665308919996,-0.052585048243146845,181,229,0.4509933282484972,-0.2859300420800035,0.2590156402865762,-0.2483862886365465,1.5772855659647993,1.0427936328868104,0.03939466530891997,2.7755575615628914e-15,4.59119401420062,0.010343294590122698,5,1.0513714537898897,21,2.416583361032615,-0.002048745935009883,-0.05881848131086528
events.csv(正本),A(淨現金 N2),全期 2010-2026,跌勢衰竭,12m,軸一 行業殺 vs 個別殺,行業殺,80,26,5,57,中,0.5625,0.1419477671214172,0.03027567279954595,45,35,0.42391318855256793,-0.2205792032900622,0.2505721201313338,-0.1410980511084935,1.9218184771259739,1.7758722970501073,0.14194776712141727,5.551115123125783e-15,2.221079679080189,0.0734532278087474,1,0.19558952248086037,4,0.6118136234629545,0.11562964165358466,0.05800230460672349
events.csv(正本),A(淨現金 N2),全期 2010-2026,跌勢衰竭,12m,軸二 200 日線位置,線下 10% 內,80,19,2,72,中,0.4375,0.03856849255859756,-0.0709250447806673,35,45,0.4407017120219916,-0.27420178924626454,0.2875815483728323,-0.2718776067435819,1.6072167626382303,1.0577610705690128,0.03856849255859754,2.0816681711721685e-15,2.221079679080189,-0.03066667822235519,1,0.7198491345317932,4,2.0779264509708963,0.010941768678577442,-0.04376210347682785
events.csv(正本),A(淨現金 N2),全期 2010-2026,跌勢衰竭,12m,軸二 200 日線位置,線下逾 10%,356,54,2,297,高,0.4887640449438202,0.07346902687020376,-0.0096516640191842,174,182,0.4207754395410778,-0.2585711698590934,0.25494930791301595,-0.21290325741080335,1.627309957913624,1.1974889957699588,0.07346902687020376,0.0,4.494961586543262,0.045795817587652436,4,0.4737286709530698,18,1.2373074187229778,0.03910401335129821,-0.01836322267356789
events.csv(正本),A(淨現金 N2),全期 2010-2026,跌勢衰竭,12m,軸二 200 日線位置,線之上,54,15,7,49,中,0.3148148148148148,-0.03208923748351436,-0.17396030192253986,17,37,0.7097882057015477,-0.37295184651448887,0.318717390884726,-0.3665920542195697,1.903163135764158,0.8694061620163506,-0.03208923748351439,2.7755575615628914e-15,4.59119401420062,-0.18473271642513328,1,-2.6495522499643416,3,-4.437018808081084,-0.11932099694925273,-0.18473271642513328
events.csv(正本),A(淨現金 N2),全期 2010-2026,跌勢衰竭,12m,軸二 250 日線位置(緩衝對照),線下 10% 內,90,18,3,84,中,0.4,-0.003471572137636724,-0.09106891671113909,36,54,0.3930245455175349,-0.2678023172410845,0.2573550604081434,-0.23945206350093215,1.467592026710214,1.0747665175461791,-0.0034715721376367414,1.734723475976807e-15,2.221079679080189,-0.06159725840826808,1,-7.108785910953592,5,-21.436724065937845,-0.028466530016488696,-0.08247251236992688
events.csv(正本),A(淨現金 N2),全期 2010-2026,跌勢衰竭,12m,軸二 250 日線位置(緩衝對照),線下逾 10%,327,49,0,275,高,0.5045871559633027,0.0894158122607003,0.0061112832244165,165,162,0.4265689702560591,-0.2539809227345725,0.2540725488449862,-0.20760783904645294,1.6795315398623578,1.223809996828379,0.0894158122607003,0.0,4.494961586543262,0.05941333534536346,4,0.42376187013287675,17,1.0745651348048055,0.052162878461651456,-0.0070329283388141746
events.csv(正本),A(淨現金 N2),全期 2010-2026,跌勢衰竭,12m,軸二 250 日線位置(緩衝對照),線之上,73,21,8,64,中,0.3424657534246575,-0.01943691740398796,-0.1460016028689601,25,48,0.646924886678502,-0.3665003570302849,0.342300518468587,-0.36029998603396385,1.765141218198172,0.9500431077905174,-0.019436917403988008,4.85722573273506e-15,4.59119401420062,-0.13183235040671995,1,-3.235753251427393,4,-6.359143940784628,-0.08347345812071866,-0.15133119311158724
events.csv(正本),A(淨現金 N2),全期 2010-2026,買方回來,1m,總表(三格進場),全部,566,6,17,454,高,0.47703180212014135,5.001915184659447e-05,-0.0069901188790798,270,296,0.09703797058773839,-0.08841872033359524,0.0627122769436745,-0.0679270871823732,1.0974821872746354,0.9232292969563411,5.0019151846603105e-05,8.632959798415829e-16,0.560873599843575,-0.0024809871402912747,6,91.39492391443852,29,320.5851460266616,-0.004569921826424484,-0.016848647892021208
events.csv(正本),A(淨現金 N2),全期 2010-2026,買方回來,1m,軸一 行業殺 vs 個別殺,個別殺,464,4,10,394,高,0.46336206896551724,-0.004563575098795693,-0.0099508756300054,215,249,0.09140363443562993,-0.08742682831125154,0.0594600728608571,-0.0660128001781977,1.0454872514672546,0.9007355043317069,-0.004563575098795687,6.071532165918825e-16,0.560873599843575,-0.007619298277664884,5,-1.0085699140620261,24,-3.44481523416263,-0.009266109966923092,-0.02139066165526536
events.csv(正本),A(淨現金 N2),全期 2010-2026,買方回來,1m,軸一 行業殺 vs 個別殺,行業殺,102,2,7,73,高,0.5392156862745098,0.021037349860650718,0.013783404695412348,55,47,0.1190631028187078,-0.09367363764345861,0.1001054764111015,-0.0825743545381233,1.2710417339816222,1.2123071015333744,0.02103734986065072,3.469446951953614e-16,0.4361452535028447,0.010116543879623206,2,0.37221585516287126,6,0.9298278593292205,0.01347105298574626,0.0015685006158721048
events.csv(正本),A(淨現金 N2),全期 2010-2026,買方回來,1m,軸二 200 日線位置,線下 10% 內,97,1,3,89,中,0.4020618556701031,-0.01781998943377107,-0.0219451394351433,39,58,0.10195763920666663,-0.09836011903682401,0.0835459329176309,-0.07539844846557345,1.0365749879633206,1.108059046543611,-0.01781998943377107,0.0,0.3937650153688239,-0.02994419572746711,1,-0.2278022197049725,5,-0.8582876033288019,-0.0221073332337981,-0.03491437553536979
events.csv(正本),A(淨現金 N2),全期 2010-2026,買方回來,1m,軸二 200 日線位置,線下逾 10%,404,3,5,334,高,0.4801980198019802,0.002808297724235882,-0.0068476913080872,194,210,0.0953745126252725,-0.08270525318434081,0.06050240138271895,-0.0601346361545691,1.1531856678159647,1.0061156972365237,0.002808297724235874,8.239936510889834e-16,0.560873599843575,-0.0007245743624385567,5,1.933539850830643,21,5.910955141247199,-0.0026545106936911446,-0.014547611893951866
events.csv(正本),A(淨現金 N2),全期 2010-2026,買方回來,1m,軸二 200 日線位置,線之上,65,2,9,59,中,0.5692307692307692,0.009573808221994903,0.0141054103168258,37,28,0.10057428865747287,-0.11067682663917243,0.0791078491504098,-0.10928231564514546,0.9087203862951748,0.7238851838323389,0.00957380822199489,1.214306433183765e-15,0.2720964666055614,-0.0027025908993721544,1,0.43724496973129723,4,1.6681670731816685,0.005471891684751677,-0.006816372495541645
events.csv(正本),A(淨現金 N2),全期 2010-2026,買方回來,1m,軸二 250 日線位置(緩衝對照),線下 10% 內,107,0,4,101,高,0.3644859813084112,-0.024661979302988433,-0.0321714815724938,39,68,0.09706779424236855,-0.09447758471870789,0.0803781655466875,-0.0693806477885609,1.0274161276600435,1.1585098742756306,-0.024661979302988447,1.3877787807814457e-15,0.3468829534453626,-0.03321888244144042,2,-0.22256005814601318,6,-0.5382820384431837,-0.030725050866860313,-0.04019076770281364
events.csv(正本),A(淨現金 N2),全期 2010-2026,買方回來,1m,軸二 250 日線位置(緩衝對照),線下逾 10%,370,3,3,309,高,0.4918918918918919,0.006195466054691703,-0.00208945314227825,182,188,0.0963160223969099,-0.08104890231915782,0.06050240138271895,-0.06057245325062095,1.188369239322114,0.9988435028772541,0.006195466054691713,1.0408340855860843e-15,0.560873599843575,0.0023629859408903714,4,0.7988155948413148,19,2.7636606122864067,0.0012600533512862632,-0.011518173215112166
events.csv(正本),A(淨現金 N2),全期 2010-2026,買方回來,1m,軸二 250 日線位置(緩衝對照),線之上,89,3,10,79,中,0.550561797752809,0.004211462754258466,0.0141054103168258,49,40,0.09969575524488547,-0.11275679554675962,0.0618224154402811,-0.09146458514504374,0.8841662691943227,0.6759164253819514,0.004211462754258467,1.734723475976807e-16,0.3937650153688239,-0.006451920339615111,1,1.0505437833698847,5,3.8201285011737647,-0.00021528216181614102,-0.012583822463065827
events.csv(正本),A(淨現金 N2),全期 2010-2026,買方回來,3m,總表(三格進場),全部,545,27,17,439,高,0.47522935779816516,0.011783067228365056,-0.0113245413845222,259,286,0.1864306426034014,-0.14637679998189515,0.1255919503549403,-0.1339275435902982,1.2736351841716744,0.9377604261834476,0.011783067228365057,1.734723475976807e-16,2.3062305577382016,0.001609894000517879,6,1.3319587960871522,28,3.016851670988911,-0.003955034475290205,-0.0250517618215706
events.csv(正本),A(淨現金 N2),全期 2010-2026,買方回來,3m,軸一 行業殺 vs 個別殺,個別殺,450,18,10,384,高,0.4488888888888889,-0.002352742246177283,-0.0265406478339434,202,248,0.1807102513289633,-0.15146050314205795,0.11715973275187246,-0.13891305339365945,1.193117991688377,0.8434033367610081,-0.0023527422461773057,2.2551405187698492e-15,2.3062305577382016,-0.013389694991247252,5,-6.427595326726509,23,-14.409817505066243,-0.01767156806902089,-0.038208191785768626
events.csv(正本),A(淨現金 N2),全期 2010-2026,買方回來,3m,軸一 行業殺 vs 個別殺,行業殺,95,9,7,67,中,0.6,0.07874216473935508,0.0356772970656407,57,38,0.20670290641807676,-0.11319894777872737,0.1321132113935352,-0.1034576724023389,1.8260143797637038,1.276978384742285,0.07874216473935511,2.7755575615628914e-15,1.7484214417058572,0.04979854785563563,1,0.2337303818024732,5,0.5181128591666249,0.060979619239711444,0.040052883108682796
events.csv(正本),A(淨現金 N2),全期 2010-2026,買方回來,3m,軸二 200 日線位置,線下 10% 內,92,6,3,84,中,0.4891304347826087,-0.007443288324186222,-0.0159574993643091,45,47,0.1644867125106001,-0.17205711891068373,0.1151409699213796,-0.1465488943118252,0.9560006209100044,0.7856829658256163,-0.007443288324186212,1.0408340855860843e-15,0.6929877263161628,-0.02729234899002858,1,-1.01198219899251,5,-3.897564885873867,-0.015140332441113126,-0.038549044286680254
events.csv(正本),A(淨現金 N2),全期 2010-2026,買方回來,3m,軸二 200 日線位置,線下逾 10%,393,14,5,326,高,0.48854961832061067,0.01941071913079648,-0.0036604497837081,192,201,0.1816791789333998,-0.13559198874034697,0.12549030716870502,-0.121585944026669,1.3398961149637525,1.0321119614055028,0.019410719130796478,3.469446951953614e-16,2.3062305577382016,0.006277150302881086,4,0.8154605781189255,20,1.7967927325289872,0.003618876232571693,-0.01629561323076661
events.csv(正本),A(淨現金 N2),全期 2010-2026,買方回來,3m,軸二 200 日線位置,線之上,60,7,9,54,中,0.36666666666666664,-0.008697640885315492,-0.09301518335348224,22,38,0.27278327345869086,-0.17166027550552967,0.16541978744240698,-0.17516494478281305,1.5890879392763395,0.9443658241522636,-0.008697640885315494,1.734723475976807e-16,1.4945570917341993,-0.059303656629608285,1,-2.863912777117736,3,-5.4774430838189625,-0.0341765346585276,-0.059303656629608285
events.csv(正本),A(淨現金 N2),全期 2010-2026,買方回來,3m,軸二 250 日線位置(緩衝對照),線下 10% 內,102,5,4,96,高,0.46078431372549017,-0.010286829183295975,-0.024570114543202,47,55,0.16634368713664172,-0.16122563403851545,0.1151409699213796,-0.1571645017755636,1.0317446610065966,0.7326143538812914,-0.010286829183295987,1.214306433183765e-15,0.6929877263161628,-0.02907843747882121,2,-1.2024516677943708,6,-3.038807150005036,-0.02310936897288734,-0.044143176709899756
events.csv(正本),A(淨現金 N2),全期 2010-2026,買方回來,3m,軸二 250 日線位置(緩衝對照),線下逾 10%,361,12,3,301,高,0.4986149584487535,0.02322748989356153,-5.072320401344754e-05,180,181,0.18134064788601248,-0.1340121147398151,0.12161188318644996,-0.1204200512071989,1.3531660793360798,1.0098972884274924,0.02322748989356152,1.0408340855860843e-15,2.3062305577382016,0.008951954891889158,4,0.7418697533923314,19,1.5546720085787828,0.006062896604042249,-0.01359939616647766
events.csv(正本),A(淨現金 N2),全期 2010-2026,買方回來,3m,軸二 250 日線位置(緩衝對照),線之上,82,10,10,72,中,0.3902439024390244,-0.011147507749031324,-0.08225673359730315,32,50,0.24456457873051737,-0.17480324309594247,0.15984385112246519,-0.168034466815396,1.3990849048280283,0.9512563353926128,-0.01114750774903131,1.3877787807814457e-15,1.4945570917341993,-0.04775374190113051,1,-1.6350117359947405,5,-4.175412061194955,-0.029736453421663787,-0.0614392412550815
events.csv(正本),A(淨現金 N2),全期 2010-2026,買方回來,6m,總表(三格進場),全部,512,60,17,417,高,0.4375,-0.0037753987587190964,-0.05557803377806955,224,288,0.27339992624301324,-0.21935620709339979,0.20206395632747945,-0.2084034634760712,1.2463742415394798,0.9695806056058198,-0.0037753987587191007,4.3368086899420177e-16,2.3951213801980296,-0.015384813119096846,6,-4.960892603085507,26,-12.401521668919747,-0.02277160123653756,-0.05330287488925677
events.csv(正本),A(淨現金 N2),全期 2010-2026,買方回來,6m,軸一 行業殺 vs 個別殺,個別殺,430,38,10,368,高,0.42093023255813955,-0.01655962555489709,-0.0663683294898471,181,249,0.27000712967770757,-0.22486718658743302,0.1897778461381056,-0.2117313104203577,1.2007404627385383,0.8963145118279054,-0.016559625554897095,3.469446951953614e-16,2.3951213801980296,-0.03048830140927835,5,-1.190282616292251,22,-2.9024322982022923,-0.036696968926202375,-0.06810738130630777
events.csv(正本),A(淨現金 N2),全期 2010-2026,買方回來,6m,軸一 行業殺 vs 個別殺,行業殺,82,22,7,59,中,0.524390243902439,0.06326383931879963,0.02072802025382975,43,39,0.2876812327155788,-0.18417072263149536,0.2126386629641268,-0.1594448606070538,1.5620356406549818,1.3336187955795407,0.06326383931879964,1.3877787807814457e-15,0.8843681079677554,0.03573395544226581,1,0.17047616841728974,5,0.7134130353331837,0.05312674958239277,0.019307902831826047
events.csv(正本),A(淨現金 N2),全期 2010-2026,買方回來,6m,軸二 200 日線位置,線下 10% 內,85,13,3,77,中,0.4823529411764706,0.024979897950046705,-0.0306507843757138,41,44,0.3175498855128492,-0.24764213591529194,0.2052055123221354,-0.24059565889122786,1.2822934366123775,0.8529061300100508,0.024979897950046737,3.1225022567582528e-15,2.3951213801980296,-0.027940424638683382,1,1.128022966583511,5,2.844225874262082,-0.0032360720767149755,-0.04894786001939636
events.csv(正本),A(淨現金 N2),全期 2010-2026,買方回來,6m,軸二 200 日線位置,線下逾 10%,370,37,5,310,高,0.4297297297297297,-0.00568703825522417,-0.051427828782364404,159,211,0.2613385012901074,-0.20690533582729861,0.2014777878481441,-0.1952019667218761,1.263082463509996,1.0321503990541745,-0.005687038255224139,3.1225022567582528e-15,1.8745145258363929,-0.01780752689475972,4,-2.5635351782703637,19,-7.164403768117596,-0.020487446793946543,-0.048944650505245074
events.csv(正本),A(淨現金 N2),全期 2010-2026,買方回來,6m,軸二 200 日線位置,線之上,57,10,9,52,中,0.42105263157894735,-0.034247216417284315,-0.0986259146435145,24,33,0.277884019470045,-0.2612517516080692,0.1608659271395418,-0.2315791180883851,1.063663756356082,0.694647809644673,-0.03424721641728429,2.7755575615628914e-15,1.628229807121687,-0.09784941025300925,1,-0.834095094462755,3,-1.706773016610478,-0.06393430612333736,-0.09784941025300925
events.csv(正本),A(淨現金 N2),全期 2010-2026,買方回來,6m,軸二 250 日線位置(緩衝對照),線下 10% 內,96,11,4,90,中,0.40625,-0.02020726305533806,-0.055505186247054,39,57,0.27822030914814627,-0.22439454929982736,0.2052055123221354,-0.1753113639332885,1.239871066459814,1.1705203115082863,-0.02020726305533807,1.0408340855860843e-15,1.134916657960224,-0.0516822054271907,1,-0.5850395715661267,5,-2.1498021369604468,-0.03236646222392291,-0.06714607158205788
events.csv(正本),A(淨現金 N2),全期 2010-2026,買方回來,6m,軸二 250 日線位置(緩衝對照),線下逾 10%,340,33,3,287,高,0.4441176470588235,0.0024529382379064224,-0.0509390196904796,151,189,0.2621391043991216,-0.20502119451523368,0.2014777878481441,-0.2015903571266804,1.278595147291681,0.9994415939326624,0.0024529382379064463,2.3852447794681098e-15,1.8745145258363929,-0.01067406295268753,4,6.4678751010574755,17,16.827423514076397,-0.013572030866855085,-0.040867044573912874
events.csv(正本),A(淨現金 N2),全期 2010-2026,買方回來,6m,軸二 250 日線位置(緩衝對照),線之上,76,16,10,67,中,0.4473684210526316,-0.010882972526840907,-0.08785997695075584,34,42,0.31788196051146783,-0.2770260135578527,0.1608659271395418,-0.2588785966141704,1.147480543176798,0.6213952379357744,-0.010882972526840867,3.989863994746656e-15,2.3951213801980296,-0.08056297310929002,1,-2.895785588439201,4,-6.924020388091475,-0.04296303056317251,-0.09102783486271154
events.csv(正本),A(淨現金 N2),全期 2010-2026,買方回來,12m,總表(三格進場),全部,482,90,17,393,高,0.43568464730290457,0.03348112455262003,-0.06188864952033425,210,272,0.43442321938928946,-0.2760697574903968,0.24414511339357492,-0.24054766974820865,1.57359945304549,1.014955221346072,0.033481124552620034,6.938893903907228e-16,4.318216874517566,0.012031719767906101,5,0.9426136962546509,25,2.585464404246554,0.0019414980041019948,-0.05598702239540559
events.csv(正本),A(淨現金 N2),全期 2010-2026,買方回來,12m,軸一 行業殺 vs 個別殺,個別殺,402,66,10,346,高,0.42039800995024873,0.019658462729947864,-0.07146712038867405,169,233,0.43944096948052686,-0.2848189777887124,0.2418131794163545,-0.2525796513871747,1.5428781217188339,0.9573739534768916,0.01965846272994784,2.42861286636753e-15,4.318216874517566,-0.006195504381195033,5,1.8722919324496539,21,4.452615834393997,-0.017363887189837987,-0.07161415779503262
events.csv(正本),A(淨現金 N2),全期 2010-2026,買方回來,12m,軸一 行業殺 vs 個別殺,行業殺,80,24,7,57,中,0.5125,0.10294000021154762,0.03213290290732745,41,39,0.41374029828150605,-0.2237987746825113,0.2909344126289088,-0.1497265302243485,1.8487156548039745,1.9431052879738548,0.10294000021154756,5.551115123125783e-15,2.614167005250864,0.039894326580261735,1,0.3174381921360259,4,0.7554575603932787,0.071152316603455,0.0264981039840508
events.csv(正本),A(淨現金 N2),全期 2010-2026,買方回來,12m,軸二 200 日線位置,線下 10% 內,78,20,3,70,中,0.3974358974358974,0.027161820094849104,-0.0430224053768002,31,47,0.4460181342642599,-0.2491051105275282,0.3197557983104822,-0.2401261206972379,1.7904816698450317,1.3316160581865437,0.027161820094849076,2.7755575615628914e-15,2.614167005250864,-0.04508769349162957,1,1.233899697764952,4,2.952048397893322,-0.006435649842241997,-0.05588719752974747
events.csv(正本),A(淨現金 N2),全期 2010-2026,買方回來,12m,軸二 200 日線位置,線下逾 10%,350,57,5,293,高,0.4685714285714286,0.048549786518681526,-0.04433722141645155,164,186,0.4002856888634928,-0.26158294458104453,0.2296816581836636,-0.2308552947471291,1.5302438372065763,0.9949161375538254,0.048549786518681554,2.7755575615628914e-15,3.2587107835514573,0.02510951491325861,4,0.6166246538492037,18,1.6625708502482444,0.018827967989165806,-0.033911703814966096
events.csv(正本),A(淨現金 N2),全期 2010-2026,買方回來,12m,軸二 200 日線位置,線之上,54,13,9,49,中,0.2777777777777778,-0.055058244714331746,-0.20189360852695482,15,39,0.7836973957297276,-0.37765656796204683,0.4258040203323212,-0.3531287724815545,2.075158920070699,1.2058038129831599,-0.05505824471433168,6.2450045135165055e-15,4.318216874517566,-0.1970715692903421,1,-1.4524069841426888,3,-2.3804773424926107,-0.13757286960549964,-0.1970715692903421
events.csv(正本),A(淨現金 N2),全期 2010-2026,買方回來,12m,軸二 250 日線位置(緩衝對照),線下 10% 內,88,19,4,82,中,0.36363636363636365,-0.02053679855440099,-0.0987724706987681,32,56,0.3915949388690114,-0.2560406485106367,0.22828181428002509,-0.24662713716010132,1.5294248829116812,0.9256151488789041,-0.02053679855440102,3.1225022567582528e-15,2.614167005250864,-0.08211952190706472,1,-1.446498253503152,5,-3.539307784937625,-0.05082075032227758,-0.09883868386627179
events.csv(正本),A(淨現金 N2),全期 2010-2026,買方回來,12m,軸二 250 日線位置(緩衝對照),線下逾 10%,321,52,3,271,高,0.48598130841121495,0.06579880775607554,-0.0327750106809303,156,165,0.40740134868228006,-0.2571708673014269,0.2338093854877211,-0.2247364606880842,1.584166017548052,1.0403713966654897,0.06579880775607555,1.3877787807814457e-15,3.2587107835514573,0.040383627934158665,4,0.4960816887225023,17,1.2973735456879667,0.03357561177417377,-0.020661022201951592
events.csv(正本),A(淨現金 N2),全期 2010-2026,買方回來,12m,軸二 250 日線位置(緩衝對照),線之上,73,19,10,64,中,0.3013698630136986,-0.043510643596576824,-0.1928891863770743,22,51,0.6883285287957605,-0.3592059728638597,0.4714917578679787,-0.3318689596175577,1.9162502318875398,1.420716653980899,-0.04351064359657694,1.1796119636642288e-14,4.318216874517566,-0.14648259716833772,1,-1.3595215084330081,4,-2.548193727574033,-0.10409019245927326,-0.16333400096408793
events.csv(正本),A(淨現金 N2),建表年份 2010-2021,觸發日即買,1m,總表(三格進場),全部,253,0,0,209,高,0.541501976284585,0.016979486454348963,0.0093013076473986,137,116,0.10214252945451023,-0.08360100398549666,0.0711105033127568,-0.059805112918507694,1.2217859186503335,1.1890371883362914,0.016979486454348963,0.0,0.7289663457738649,0.009861777052840467,3,0.4260816420319787,13,1.116638062535977,0.009861777052840467,-0.0020877290163810644
events.csv(正本),A(淨現金 N2),建表年份 2010-2021,觸發日即買,1m,軸一 行業殺 vs 個別殺,個別殺,219,0,0,191,高,0.5296803652968036,0.01372639399962066,0.0026116421327002,116,103,0.10034039175054088,-0.08381946754510504,0.07024763544403276,-0.0602460882549183,1.1971012783700348,1.1660115615605626,0.013726393999620647,1.3877787807814457e-15,0.7289663457738649,0.005553045131105365,3,0.6009894499697644,11,1.3373892083663537,0.005553045131105365,-0.004876053115150065
events.csv(正本),A(淨現金 N2),建表年份 2010-2021,觸發日即買,1m,軸一 行業殺 vs 個別殺,行業殺,34,0,0,24,中,0.6176470588235294,0.03793322903039304,0.01883582582539475,21,13,0.11209719486691232,-0.08187010039783038,0.0755606567241495,-0.0344996393644085,1.3692079809625222,2.190186857492242,0.037933229030393055,1.3877787807814457e-15,0.5261583729519421,0.009958115112515865,1,0.40796016207566366,2,0.5880012998362706,0.023138527699437018,0.016605218619380923
events.csv(正本),A(淨現金 N2),建表年份 2010-2021,觸發日即買,1m,軸二 200 日線位置,線下 10% 內,41,0,0,36,中,0.3902439024390244,-0.004740283609514195,-0.0344996393644085,16,25,0.11131755956401579,-0.07901730324057338,0.07695745687264205,-0.0694682939582678,1.4087744708915484,1.1078069215126152,-0.004740283609514187,7.806255641895632e-16,0.5261583729519421,-0.028416674461746262,1,-2.7072496299274253,3,-4.556082244916742,-0.018012750023550603,-0.028416674461746262
events.csv(正本),A(淨現金 N2),建表年份 2010-2021,觸發日即買,1m,軸二 200 日線位置,線下逾 10%,177,0,0,150,高,0.5988700564971752,0.02437530201438229,0.017846053895373,106,71,0.0996580168179495,-0.0880186102275631,0.07527159929952805,-0.0552610670486869,1.1322380183042415,1.3621090456543516,0.024375302014382302,1.3877787807814457e-15,0.5752410910143657,0.015829968405138863,2,0.2497795948358644,9,0.72011290300748,0.018495841512693525,0.007187814618360039
events.csv(正本),A(淨現金 N2),建表年份 2010-2021,觸發日即買,1m,軸二 200 日線位置,線之上,35,0,0,30,中,0.42857142857142855,0.005020949839848729,-0.0157914540743532,15,20,0.10991305330273356,-0.07364812775731487,0.0476037720685615,-0.0610945294602713,1.492407976274954,0.7791822359400835,0.005020949839848743,1.3877787807814457e-15,0.7289663457738649,-0.02858144140509057,1,4.1481413962663245,2,5.41520630535137,-0.016271561805269393,-0.023512076627616882
events.csv(正本),A(淨現金 N2),建表年份 2010-2021,觸發日即買,1m,軸二 250 日線位置(緩衝對照),線下 10% 內,50,0,0,47,中,0.42,-0.009148136485471447,-0.01986680458742545,21,29,0.08430640830738599,-0.07682211719754062,0.0642610962409377,-0.0616859105555538,1.0974236506734154,1.0417467402554546,-0.009148136485471449,1.734723475976807e-16,0.2244219936284885,-0.02189557434825738,1,-0.490639801854515,3,-1.2498396170683348,-0.013914873834735931,-0.02189557434825738
events.csv(正本),A(淨現金 N2),建表年份 2010-2021,觸發日即買,1m,軸二 250 日線位置(緩衝對照),線下逾 10%,159,0,0,136,高,0.610062893081761,0.028754295428944983,0.0217479935088702,97,62,0.10439511713472334,-0.08958699014299856,0.0752721999847292,-0.05789436383429125,1.1652932749285145,1.3001645583355548,0.028754295428944983,0.0,0.5752410910143657,0.01902640005401288,2,0.24090455184317164,8,0.6947624955005839,0.022105308976025112,0.00924189014224403
events.csv(正本),A(淨現金 N2),建表年份 2010-2021,觸發日即買,1m,軸二 250 日線位置(緩衝對照),線之上,44,0,0,35,中,0.4318181818181818,0.00412008918230928,-0.017347746027630152,19,25,0.1103560841444543,-0.07661926698892092,0.0504023784621221,-0.0694682939582678,1.4403176704941811,0.7255450737339353,0.004120089182309293,1.3010426069826053e-15,0.7289663457738649,-0.022736621020172407,1,4.021130664001817,3,6.1422180254436345,-0.01273680050586643,-0.022736621020172407
events.csv(正本),A(淨現金 N2),建表年份 2010-2021,觸發日即買,3m,總表(三格進場),全部,253,0,0,209,高,0.5098814229249012,0.04017729525699618,0.0042188998701093,129,124,0.20206018079510177,-0.12823312598829106,0.1443816601305563,-0.1080291163110195,1.5757252990428685,1.3365069072200555,0.040177295256996204,2.0816681711721685e-15,0.9277172922980056,0.030393971352544312,3,0.2524741066298564,13,0.8437036916142803,0.030393971352544312,0.006619705921611126
events.csv(正本),A(淨現金 N2),建表年份 2010-2021,觸發日即買,3m,軸一 行業殺 vs 個別殺,個別殺,219,0,0,191,高,0.4977168949771689,0.031194217154783457,-0.001187054383652,109,110,0.19608053251499374,-0.13219313170215213,0.1412784781682632,-0.11225931433256761,1.4832883523539484,1.2585011676601414,0.03119421715478346,3.469446951953614e-16,0.9277172922980056,0.019746160625063038,3,0.3756642400289154,11,1.0659267133943724,0.019746160625063038,-0.0021652911290847266
events.csv(正本),A(淨現金 N2),建表年份 2010-2021,觸發日即買,3m,軸一 行業殺 vs 個別殺,行業殺,34,0,0,24,中,0.5882352941176471,0.0980388865624252,0.06797965551104265,20,14,0.23464926392169075,-0.09711879537938271,0.1499526699740967,-0.10674865641423714,2.4161055849700572,1.4047265325027305,0.09803888656242521,1.3877787807814457e-15,0.6761377981809862,0.05180953474914679,1,0.20284202040779079,2,0.3850667243833207,0.08052073772549909,0.06405533450487191
events.csv(正本),A(淨現金 N2),建表年份 2010-2021,觸發日即買,3m,軸二 200 日線位置,線下 10% 內,41,0,0,36,中,0.43902439024390244,0.005872047102971228,-0.0081946624677977,18,23,0.15904157060164803,-0.11399975389599322,0.12696154160214757,-0.1077149392423674,1.39510450826717,1.1786809006731531,0.00587204710297122,7.806255641895632e-16,0.4436751269323509,-0.023705971637619495,1,1.8428572471515228,3,4.741691434311647,-0.0050730298927632676,-0.023705971637619495
events.csv(正本),A(淨現金 N2),建表年份 2010-2021,觸發日即買,3m,軸二 200 日線位置,線下逾 10%,177,0,0,150,高,0.5536723163841808,0.05614059741114805,0.0142557412310415,98,79,0.21208327635116933,-0.13730728279292906,0.15064353053734691,-0.1291743458737573,1.5445886921454033,1.1662031614587896,0.05614059741114802,2.7755575615628914e-15,0.9277172922980056,0.04235932689591519,2,0.18467774845163554,9,0.6497370593229729,0.046295794607779245,0.020717397744554184
events.csv(正本),A(淨現金 N2),建表年份 2010-2021,觸發日即買,3m,軸二 200 日線位置,線之上,35,0,0,30,中,0.37142857142857144,-0.00036525637071405895,-0.0282518674200169,13,22,0.1860656899479895,-0.11052899737722069,0.1179081247915905,-0.0917374301138213,1.683410637599219,1.2852782625946515,-0.00036525637071405104,7.914675859144182e-16,0.6576816842054325,-0.0446446390016432,1,-51.4457974443458,2,-96.64719435186225,-0.019719578152365424,-0.0378278513235759
events.csv(正本),A(淨現金 N2),建表年份 2010-2021,觸發日即買,3m,軸二 250 日線位置(緩衝對照),線下 10% 內,50,0,0,47,中,0.42,0.0003187866514234694,-0.03142011617228755,21,29,0.1655083974695341,-0.11930127635479455,0.1314270951936638,-0.1062087910380962,1.3873145579542876,1.2374408361970903,0.0003187866514234722,2.7647155398380363e-16,0.731241176472126,-0.029708243588915894,1,45.87652420243662,3,88.60012017091948,-0.014597996814305151,-0.029708243588915894
events.csv(正本),A(淨現金 N2),建表年份 2010-2021,觸發日即買,3m,軸二 250 日線位置(緩衝對照),線下逾 10%,159,0,0,136,高,0.5660377358490566,0.06175417149670854,0.0231705087613187,90,69,0.21643779467270344,-0.14000707612415442,0.15776805183930082,-0.1295442627152375,1.5459061117794672,1.217869850292826,0.06175417149670851,2.7755575615628914e-15,0.9277172922980056,0.046597568612861386,2,0.18689661832505336,8,0.5830708132322392,0.05085217568512626,0.027111202144110492
events.csv(正本),A(淨現金 N2),建表年份 2010-2021,觸發日即買,3m,軸二 250 日線位置(緩衝對照),線之上,44,0,0,35,中,0.4090909090909091,0.007500070442550027,-0.01833421553179205,18,26,0.1728158586202555,-0.10694932137278454,0.11910493925904925,-0.0917374301138213,1.6158668087091954,1.298324349300741,0.007500070442550036,8.673617379884035e-16,0.6576816842054325,-0.0309880031159304,1,1.9929560821013874,3,4.849988469154278,-0.007620432203098397,-0.0309880031159304
events.csv(正本),A(淨現金 N2),建表年份 2010-2021,觸發日即買,6m,總表(三格進場),全部,253,0,0,209,高,0.4624505928853755,0.03783706149683916,-0.0285656062050674,117,136,0.2992981004441886,-0.18709633230345413,0.1997991073803731,-0.1572815809579894,1.599700521968292,1.2703274354403924,0.037837061496839144,1.3877787807814457e-15,3.5697477446936787,0.012170549887668003,3,0.6821572661537088,13,1.4551770468104501,0.012170549887668003,-0.01815545068235629
events.csv(正本),A(淨現金 N2),建表年份 2010-2021,觸發日即買,6m,軸一 行業殺 vs 個別殺,個別殺,219,0,0,191,高,0.4474885844748858,0.026728116508726144,-0.0370424215708778,98,121,0.290754091923414,-0.18711110324862437,0.18298398498314125,-0.1570160315325421,1.553911482938956,1.165384089746385,0.026728116508726113,3.1225022567582528e-15,3.5697477446936787,-0.003132785052649467,3,1.115603738404304,11,2.0311188971421923,-0.003132785052649467,-0.029017358931535096
events.csv(正本),A(淨現金 N2),建表年份 2010-2021,觸發日即買,6m,軸一 行業殺 vs 個別殺,行業殺,34,0,0,24,中,0.5588235294117647,0.10939173656733187,0.0221431525321881,19,15,0.3433671970250261,-0.18697718001241417,0.3090205341118728,-0.1863186059513977,1.8364123204886744,1.65855971567586,0.10939173656733188,1.3877787807814457e-15,1.0298565279168628,0.0406685369035238,1,0.27689383888027,2,0.48093277408253754,0.08149886410219455,0.06033051931569245
events.csv(正本),A(淨現金 N2),建表年份 2010-2021,觸發日即買,6m,軸二 200 日線位置,線下 10% 內,41,0,0,36,中,0.4878048780487805,0.01216141666611596,-0.0227405220362769,20,21,0.2095283011808661,-0.1758070447765032,0.16674846129741633,-0.1625268667566015,1.1918083342293335,1.0259747488219104,0.012161416666115976,1.5612511283791264e-15,0.5519462719502313,-0.02789161944207687,1,1.106951974716571,3,3.125637986816395,-0.0013332047159869188,-0.02789161944207687
events.csv(正本),A(淨現金 N2),建表年份 2010-2021,觸發日即買,6m,軸二 200 日線位置,線下逾 10%,177,0,0,150,高,0.4519774011299435,0.04275335459689971,-0.0370424215708778,80,97,0.3293420926332917,-0.1936084912063102,0.25262501466073467,-0.166203915366,1.7010725644380085,1.5199702973568676,0.04275335459689972,6.938893903907228e-16,3.5697477446936787,0.0059609464187812666,2,0.6680021510290418,9,1.434132462891078,0.014356239154034337,-0.019554938009865207
events.csv(正本),A(淨現金 N2),建表年份 2010-2021,觸發日即買,6m,軸二 200 日線位置,線之上,35,0,0,30,中,0.4857142857142857,0.04305184890680864,-0.0041785715958635,17,18,0.26352613633467087,-0.16517386699728354,0.1546673970223544,-0.13079052060037694,1.5954469137603036,1.1825581572148636,0.043051848906808604,3.469446951953614e-15,1.3953069957386952,-0.022817632249522216,1,0.9259977254463033,2,1.2346604018008291,0.003279638705870788,-0.010714840778663973
events.csv(正本),A(淨現金 N2),建表年份 2010-2021,觸發日即買,6m,軸二 250 日線位置(緩衝對照),線下 10% 內,50,0,0,47,中,0.44,-0.017268723792101294,-0.0489180998677157,22,28,0.20398225268478296,-0.19110877673822466,0.19833558091260123,-0.1552050670771173,1.0673620341581278,1.27789372246496,-0.01726872379210133,3.469446951953614e-15,0.6868595306109748,-0.05120646116879613,1,-0.7954954157355207,3,-1.7873555728932828,-0.03163868816767428,-0.05120646116879613
events.csv(正本),A(淨現金 N2),建表年份 2010-2021,觸發日即買,6m,軸二 250 日線位置(緩衝對照),線下逾 10%,159,0,0,136,高,0.4591194968553459,0.055749960688729304,-0.0285656062050674,73,86,0.3439775087702337,-0.18890830686882676,0.2581414805001369,-0.17360155833690336,1.8208702119652322,1.4869767470587416,0.0557499606887293,6.938893903907228e-16,3.5697477446936787,0.014962209376440088,2,0.5702688299806551,8,1.1468224595315213,0.024262686865049187,-0.008619007080726299
events.csv(正本),A(淨現金 N2),建表年份 2010-2021,觸發日即買,6m,軸二 250 日線位置(緩衝對照),線之上,44,0,0,35,中,0.5,0.03572656815448661,-0.0013805384436417,22,22,0.24635954784898997,-0.1749064115400167,0.14959282268781246,-0.14745977704540159,1.4085221100807135,1.0144652710396689,0.03572656815448663,2.0816681711721685e-15,1.3953069957386952,-0.020494176160208905,1,0.8876173746467864,3,1.5345278585082673,0.004108418675784089,-0.020494176160208905
events.csv(正本),A(淨現金 N2),建表年份 2010-2021,觸發日即買,12m,總表(三格進場),全部,253,0,0,209,高,0.5059288537549407,0.06232704801033581,0.0167536199945559,128,125,0.4116997518980489,-0.29543060077068234,0.2519706027785139,-0.2676406495789809,1.3935582530179953,0.9414511703468169,0.06232704801033581,0.0,3.600580356905249,0.025858910338354066,3,0.5900289880759271,13,1.3905648672615911,0.025858910338354066,-0.025661321141415824
events.csv(正本),A(淨現金 N2),建表年份 2010-2021,觸發日即買,12m,軸一 行業殺 vs 個別殺,個別殺,219,0,0,191,高,0.4885844748858447,0.052711211314823536,-0.0200711890796224,107,112,0.41940430143497026,-0.2976116515678167,0.2517166408389231,-0.26796134616476636,1.409233473305062,0.9393766841436355,0.05271121131482348,5.551115123125783e-15,3.600580356905249,0.010369165351481099,3,0.8059782400100939,11,1.7043816021460143,0.010369165351481099,-0.03909235018010275
events.csv(正本),A(淨現金 N2),建表年份 2010-2021,觸發日即買,12m,軸一 行業殺 vs 個別殺,行業殺,34,0,0,24,中,0.6176470588235294,0.12426434907848843,0.1312256973260249,21,13,0.3724432375908777,-0.27664000928767885,0.2954219327180967,-0.231293754987986,1.346310096467546,1.2772585785268682,0.12426434907848845,1.3877787807814457e-15,1.2574204879185324,0.042972692579437505,1,0.29761517121581116,2,0.5331367036225009,0.08992628426515378,0.061640367610049075
events.csv(正本),A(淨現金 N2),建表年份 2010-2021,觸發日即買,12m,軸二 200 日線位置,線下 10% 內,41,0,0,36,中,0.4146341463414634,-0.05497952086640093,-0.1117413596501131,17,24,0.2769701376523743,-0.2901105289838667,0.1760363243747229,-0.28057284449357445,0.954705569020478,0.6274175417527066,-0.05497952086640094,1.3877787807814457e-15,0.6573382293855179,-0.10463776280973747,1,-0.2916111215314002,3,-0.7639539161571621,-0.07278746462269889,-0.10463776280973747
events.csv(正本),A(淨現金 N2),建表年份 2010-2021,觸發日即買,12m,軸二 200 日線位置,線下逾 10%,177,0,0,150,高,0.5706214689265536,0.11549458371062447,0.0714548896531566,101,76,0.40893035784512277,-0.2744661161260115,0.2590313810174598,-0.2182874154039427,1.4899119921140893,1.1866528381314152,0.1154945837106244,6.938893903907228e-15,3.3397619190827053,0.07396552231640639,2,0.2789983454962836,9,0.7387201503409191,0.08422346349519624,0.03179300072558311
events.csv(正本),A(淨現金 N2),建表年份 2010-2021,觸發日即買,12m,軸二 200 日線位置,線之上,35,0,0,30,中,0.2857142857142857,-0.06913250898980383,-0.1905923414016175,10,25,0.6687109760502487,-0.3642699030058248,0.23460218345840317,-0.3774390729577431,1.8357568674553817,0.6215630555151043,-0.06913250898980386,2.7755575615628914e-15,3.600580356905249,-0.2452024410817831,1,-1.4880658316361652,2,-1.9923550665082375,-0.17706524033965834,-0.21940652950794856
events.csv(正本),A(淨現金 N2),建表年份 2010-2021,觸發日即買,12m,軸二 250 日線位置(緩衝對照),線下 10% 內,50,0,0,47,中,0.4,-0.05414233300496752,-0.10901433234463714,20,30,0.26932035307414715,-0.26978412372437727,0.2174895002493316,-0.2549995234021609,0.9982809564779879,0.8529015950603481,-0.0541423330049675,2.0816681711721685e-15,0.6689395670861447,-0.09719348082754367,1,-0.24710407917766303,3,-0.687438773085539,-0.0688991064762147,-0.09719348082754367
events.csv(正本),A(淨現金 N2),建表年份 2010-2021,觸發日即買,12m,軸二 250 日線位置(緩衝對照),線下逾 10%,159,0,0,136,高,0.5974842767295597,0.14017014060108987,0.086379654510845,95,64,0.4190308641504409,-0.2737637459174781,0.2590313810174598,-0.22459957472510972,1.5306294949542054,1.1533030787546754,0.14017014060108984,2.7755575615628914e-15,3.3397619190827053,0.09432379437081717,2,0.2559080094633931,8,0.6314190025171115,0.10562813471625547,0.05440121846470581
events.csv(正本),A(淨現金 N2),建表年份 2010-2021,觸發日即買,12m,軸二 250 日線位置(緩衝對照),線之上,44,0,0,35,中,0.29545454545454547,-0.08661801269795352,-0.19271992366919874,13,31,0.5771714682442635,-0.36498134341565736,0.2649261046922408,-0.3774390729577431,1.5813725239839296,0.7019042904492856,-0.0866180126979535,2.7755575615628914e-15,3.600580356905249,-0.22531787460204586,1,-0.944738504140028,3,-1.423921834537494,-0.17236681199105125,-0.22531787460204586
events.csv(正本),A(淨現金 N2),建表年份 2010-2021,跌勢衰竭,1m,總表(三格進場),全部,253,0,0,209,高,0.4980237154150198,0.009908450250938353,-0.0012362244031649,126,127,0.10493881030407738,-0.08437363925060111,0.07192050814234835,-0.0619869711375686,1.243739291514912,1.160252014616654,0.009908450250938373,2.0816681711721685e-15,0.4546889431808616,0.004787438094429141,3,0.5225620622825728,13,1.7389793908145093,0.004787438094429141,-0.007718756475748482
events.csv(正本),A(淨現金 N2),建表年份 2010-2021,跌勢衰竭,1m,軸一 行業殺 vs 個別殺,個別殺,219,0,0,191,高,0.4977168949771689,0.008276550892587992,-0.0012362244031649,109,110,0.1012077674149984,-0.08380983638870959,0.0708660132167529,-0.05977607155043125,1.2075881755167412,1.1855247656575325,0.00827655089258799,1.734723475976807e-16,0.4546889431808616,0.0027797520820961852,3,0.6687420494319288,11,1.9678611269358042,0.0027797520820961852,-0.008434186828918961
events.csv(正本),A(淨現金 N2),建表年份 2010-2021,跌勢衰竭,1m,軸一 行業殺 vs 個別殺,行業殺,34,0,0,24,中,0.5,0.020419802000312754,-0.0007429895533613499,17,17,0.12886137941640716,-0.08802177541578167,0.0920102798017792,-0.0817422081073532,1.463971600296797,1.1256152963343098,0.020419802000312744,1.0408340855860843e-15,0.4367050270717032,-0.010657380397964052,1,0.6290102862854494,2,1.141429460543466,0.007805098210270616,-0.003068459180140412
events.csv(正本),A(淨現金 N2),建表年份 2010-2021,跌勢衰竭,1m,軸二 200 日線位置,線下 10% 內,41,0,0,36,中,0.5121951219512195,0.019974294080003212,0.0256081738504665,21,20,0.11698930261781161,-0.08189146488469559,0.0920102798017792,-0.06203275740610465,1.4285896922534516,1.4832531012513794,0.019974294080003216,3.469446951953614e-16,0.3385480038417703,-0.0005456211646026493,1,0.4133947539428294,3,1.02531742362099,0.01200995133595904,-0.0005456211646026493
events.csv(正本),A(淨現金 N2),建表年份 2010-2021,跌勢衰竭,1m,軸二 200 日線位置,線下逾 10%,177,0,0,150,高,0.4745762711864407,0.002795547826299806,-0.0045404735420998,84,93,0.09449236675683108,-0.08002738540127682,0.0531501055836529,-0.0596021975407805,1.1807503929189154,0.8917474149721911,0.0027955478262998157,9.54097911787244e-16,0.4546889431808616,-0.004684864509339384,2,1.8014802244991572,9,6.29224982983042,-0.002266182885699993,-0.015587312731661765
events.csv(正本),A(淨現金 N2),建表年份 2010-2021,跌勢衰竭,1m,軸二 200 日線位置,線之上,35,0,0,30,中,0.6,0.03408799688434875,0.02716019533576,21,14,0.13467409217932821,-0.11679114605812045,0.1033402985359819,-0.1193500686077001,1.1531190225011443,0.8658587275358691,0.03408799688434875,0.0,0.3149740067126592,0.011164446755982353,1,0.2640007673428105,2,0.4909838978593189,0.025826643654104326,0.018402935625300633
events.csv(正本),A(淨現金 N2),建表年份 2010-2021,跌勢衰竭,1m,軸二 250 日線位置(緩衝對照),線下 10% 內,50,0,0,47,中,0.44,0.0031335516494680293,-0.009501506474298,22,28,0.09925003048218853,-0.07238653886195522,0.0698772503146251,-0.050150265062468447,1.3711117017414431,1.3933575471153388,0.0031335516494680263,3.0357660829594124e-16,0.3385480038417703,-0.014034841910421212,1,2.1607941512580093,3,5.210159228757448,-0.003711641252415687,-0.014034841910421212
events.csv(正本),A(淨現金 N2),建表年份 2010-2021,跌勢衰竭,1m,軸二 250 日線位置(緩衝對照),線下逾 10%,159,0,0,136,高,0.48427672955974843,0.006120012630303402,-0.0043302323962612,77,82,0.09875672327690409,-0.0808681180988216,0.0552446200444602,-0.0571148428045293,1.2212071406956997,0.9672550484561468,0.006120012630303415,1.3010426069826053e-15,0.4546889431808616,-0.0021595921901402517,2,0.9160522573886134,8,2.960088492611134,0.0005203059743036612,-0.012631303620367606
events.csv(正本),A(淨現金 N2),建表年份 2010-2021,跌勢衰竭,1m,軸二 250 日線位置(緩衝對照),線之上,44,0,0,35,中,0.6136363636363636,0.03129723460899457,0.0349758000995762,27,17,0.1272045087179254,-0.12102608309342502,0.1033402985359819,-0.1281675394884883,1.0510503642403348,0.8062907265631301,0.031297234608994556,1.3877787807814457e-15,0.3149740067126592,0.013201481171585122,1,0.2287262833919244,3,0.606949932276825,0.02470010037402562,0.013201481171585122
events.csv(正本),A(淨現金 N2),建表年份 2010-2021,跌勢衰竭,3m,總表(三格進場),全部,253,0,0,209,高,0.45849802371541504,0.026390182809561683,-0.0122016008919484,116,137,0.22083391225128798,-0.13824830343306788,0.1412708782291655,-0.1265113755870844,1.5973715898669487,1.1166654190074898,0.026390182809561694,1.0408340855860843e-15,2.921219219496061,0.002915535327812478,3,0.8908319891737656,13,1.6319154577862274,0.002915535327812478,-0.017579667525604567
events.csv(正本),A(淨現金 N2),建表年份 2010-2021,跌勢衰竭,3m,軸一 行業殺 vs 個別殺,個別殺,219,0,0,191,高,0.45662100456621,0.024372160625232137,-0.0107397826877203,100,119,0.21791672851846383,-0.13827033340269362,0.1333222506587441,-0.1287930549492595,1.5760194045660603,1.0351664591795648,0.024372160625232148,1.0408340855860843e-15,2.921219219496061,-0.002825598342315533,3,1.1143473308978291,11,1.82156432589889,-0.002825598342315533,-0.02108222211314551
events.csv(正本),A(淨現金 N2),建表年份 2010-2021,跌勢衰竭,3m,軸一 行業殺 vs 個別殺,行業殺,34,0,0,24,中,0.47058823529411764,0.03938861982039028,-0.0261241102166832,16,18,0.2390663105814391,-0.1381026608560975,0.19178014144649946,-0.1090954916995244,1.731076788089879,1.7579107849360884,0.03938861982039031,2.7755575615628914e-15,0.6878115064443682,-0.007853308225249349,1,0.513593781193316,2,0.8668068216215981,0.019739441437845506,0.0055741889324298285
events.csv(正本),A(淨現金 N2),建表年份 2010-2021,跌勢衰竭,3m,軸二 200 日線位置,線下 10% 內,41,0,0,36,中,0.4878048780487805,-0.010969122560727722,-0.0407854238696266,20,21,0.1324805472753597,-0.14758785573795385,0.08976301835533235,-0.1351398393347997,0.8976385395190132,0.664223213503685,-0.010969122560727726,3.469446951953614e-16,0.4218266008204845,-0.04234094414781384,1,-0.9379468249706417,3,-2.577572049731585,-0.02178901564525803,-0.04234094414781384
events.csv(正本),A(淨現金 N2),建表年份 2010-2021,跌勢衰竭,3m,軸二 200 日線位置,線下逾 10%,177,0,0,150,高,0.4689265536723164,0.038828452971134915,-0.006623854886029,83,94,0.23385020739840298,-0.13337160678911236,0.1659069365724932,-0.12217866512278365,1.7533732480869615,1.357904315010847,0.03882845297113495,3.469446951953614e-15,2.921219219496061,0.012086933979111971,2,0.5939057521187537,9,1.1313621142665033,0.015948217250342,-0.005373833444342153
events.csv(正本),A(淨現金 N2),建表年份 2010-2021,跌勢衰竭,3m,軸二 200 日線位置,線之上,35,0,0,30,中,0.37142857142857144,0.007251831426230407,-0.0194241180760766,13,22,0.2736581278134435,-0.1501700709843955,0.1374800323407947,-0.13204062040723907,1.822321358840404,1.0411949892145267,0.007251831426230426,1.908195823574488e-15,1.8661342617849628,-0.07002565193550399,1,7.352366406702324,2,8.597956947528568,-0.04742118123137937,-0.05843844254100504
events.csv(正本),A(淨現金 N2),建表年份 2010-2021,跌勢衰竭,3m,軸二 250 日線位置(緩衝對照),線下 10% 內,50,0,0,47,中,0.42,-0.016388355150236858,-0.042658931802622105,21,29,0.1544221360206486,-0.14007871082570567,0.0973334613425527,-0.1269658973581364,1.1023954683077424,0.766611061456931,-0.016388355150236886,2.7755575615628914e-15,0.5595937993164746,-0.04502993209861537,1,-0.6829163685879567,3,-1.582817847469377,-0.02814309299649628,-0.04502993209861537
events.csv(正本),A(淨現金 N2),建表年份 2010-2021,跌勢衰竭,3m,軸二 250 日線位置(緩衝對照),線下逾 10%,159,0,0,136,高,0.48427672955974843,0.04549412025306974,-0.0030814792919174,77,82,0.23613301387721852,-0.1335204505891187,0.1669745408745699,-0.11786514099453255,1.7685157055368883,1.4166575415399147,0.04549412025306976,2.0816681711721685e-15,2.921219219496061,0.015795227286619824,2,0.5642719861139069,8,0.997550485172985,0.020075585752592738,0.00011734254976291477
events.csv(正本),A(淨現金 N2),建表年份 2010-2021,跌勢衰竭,3m,軸二 250 日線位置(緩衝對照),線之上,44,0,0,35,中,0.4090909090909091,0.005967474729383213,-0.01768144371646175,18,26,0.23286816089833107,-0.15111761569527296,0.1077575280608372,-0.1349928874010063,1.54097296881594,0.7982459678837415,0.005967474729383249,3.5561831257524545e-15,1.8661342617849628,-0.0571107418658257,1,7.107217748985465,3,9.917813658374989,-0.03729221799283957,-0.0571107418658257
events.csv(正本),A(淨現金 N2),建表年份 2010-2021,跌勢衰竭,6m,總表(三格進場),全部,253,0,0,209,高,0.47035573122529645,0.01363497168410183,-0.0261706085447556,119,134,0.26273337441975486,-0.20757928149159,0.1883052122455037,-0.17535613165538266,1.265701338456552,1.0738444699246052,0.01363497168410184,1.0408340855860843e-15,2.2681717099013325,-0.007108585779887946,3,1.5151674980807885,13,3.315693299043406,-0.007108585779887946,-0.03328469324193691
events.csv(正本),A(淨現金 N2),建表年份 2010-2021,跌勢衰竭,6m,軸一 行業殺 vs 個別殺,個別殺,219,0,0,191,高,0.4657534246575342,0.008547781607565,-0.0261706085447556,102,117,0.25704472306063114,-0.2080905776079285,0.18812045558879315,-0.1746272106624095,1.2352540226253734,1.0772688567560578,0.008547781607565016,1.734723475976807e-15,2.2681717099013325,-0.015531620874967655,3,2.792144400556048,11,5.129075468540545,-0.015531620874967655,-0.03716096798474171
events.csv(正本),A(淨現金 N2),建表年份 2010-2021,跌勢衰竭,6m,軸一 行業殺 vs 個別殺,行業殺,34,0,0,24,中,0.5,0.046402460706500795,-0.0119399008791363,17,17,0.2968652825744973,-0.20406036116149573,0.2484576713540405,-0.1909828697696336,1.454791517984008,1.3009421821639493,0.04640246070650078,1.3877787807814457e-15,0.9781299272760164,-0.021767682253510546,1,0.6199784846494932,2,1.0421052515814182,0.018168295052879112,-0.0020758989871718404
events.csv(正本),A(淨現金 N2),建表年份 2010-2021,跌勢衰竭,6m,軸二 200 日線位置,線下 10% 內,41,0,0,36,中,0.4878048780487805,0.010014933112271387,-0.0032679146968922,20,21,0.21763785406294905,-0.18772118207885025,0.1805918361584955,-0.139590476091815,1.1593675878917737,1.2937260564948003,0.010014933112271363,2.42861286636753e-15,0.6052911637125833,-0.02784258555452515,1,1.474118593648077,3,3.5766845277536086,-0.004866972652736418,-0.02784258555452515
events.csv(正本),A(淨現金 N2),建表年份 2010-2021,跌勢衰竭,6m,軸二 200 日線位置,線下逾 10%,177,0,0,150,高,0.4689265536723164,0.012311499369402632,-0.0221755594907029,83,94,0.2571215635121222,-0.20385057854384975,0.1932954727220535,-0.17535613165538266,1.2613236879129752,1.1023023312462548,0.012311499369402623,8.673617379884035e-16,1.5426037569193318,-0.010101247758851566,2,1.3577047974711238,9,3.3882441620732653,-0.004454212472938041,-0.03097802005759512
events.csv(正本),A(淨現金 N2),建表年份 2010-2021,跌勢衰竭,6m,軸二 200 日線位置,線之上,35,0,0,30,中,0.45714285714285713,0.02456857685972487,-0.0483083310460238,16,19,0.3482140439491064,-0.2479749743734385,0.17804673731455928,-0.2459978797610769,1.4042305874975618,0.7237734629562071,0.024568576859724855,1.3877787807814457e-15,2.2681717099013325,-0.08091687819623201,1,2.6377150930306934,2,3.345203461192807,-0.041419750582675344,-0.061110330366069374
events.csv(正本),A(淨現金 N2),建表年份 2010-2021,跌勢衰竭,6m,軸二 250 日線位置(緩衝對照),線下 10% 內,50,0,0,47,中,0.42,-0.01600028899088153,-0.0366324860315701,21,29,0.24131384121250238,-0.2023312108622975,0.263440646942036,-0.139590476091815,1.1926674099565175,1.8872394042753973,-0.01600028899088156,2.7755575615628914e-15,0.6052911637125833,-0.04973690700930462,1,-0.7566002889791991,3,-1.9219905100083157,-0.02867970639299305,-0.04973690700930462
events.csv(正本),A(淨現金 N2),建表年份 2010-2021,跌勢衰竭,6m,軸二 250 日線位置(緩衝對照),線下逾 10%,159,0,0,136,高,0.48427672955974843,0.02148488479548418,-0.014006542263253,77,82,0.25544883515346956,-0.19821297102847765,0.1879356989320826,-0.18227751750715482,1.288759427942628,1.0310415760665912,0.021484884795484202,2.0816681711721685e-15,1.5426037569193318,-0.003337537281682367,2,0.866082797457247,8,2.0131850606623516,0.002913847842888966,-0.022921444532907065
events.csv(正本),A(淨現金 N2),建表年份 2010-2021,跌勢衰竭,6m,軸二 250 日線位置(緩衝對照),線之上,44,0,0,35,中,0.4772727272727273,0.018944672798633034,-0.058308236478402706,21,23,0.31086288493672,-0.24758934697962034,0.1769117403704878,-0.2169379824877594,1.2555584023665922,0.8154945406135596,0.01894467279863299,4.5102810375396984e-15,2.2681717099013325,-0.06379694363975465,1,2.7210476312333927,3,4.137935010006753,-0.0333629327153832,-0.06379694363975465
events.csv(正本),A(淨現金 N2),建表年份 2010-2021,跌勢衰竭,12m,總表(三格進場),全部,253,0,0,209,高,0.4901185770750988,0.043855077404565374,-0.0130750551857307,124,129,0.3827444268363109,-0.2818990259251745,0.24720041217932814,-0.2207059267852116,1.3577358970296838,1.120044285987393,0.043855077404565374,0.0,4.59119401420062,0.009460680586908068,3,0.7868320122337561,13,1.8280362868456006,0.009460680586908068,-0.03828058187379536
events.csv(正本),A(淨現金 N2),建表年份 2010-2021,跌勢衰竭,12m,軸一 行業殺 vs 個別殺,個別殺,219,0,0,191,高,0.4703196347031963,0.03669821789687721,-0.031181424319145,103,116,0.39642130937133796,-0.2827110788433766,0.2540725488449862,-0.23054559561975654,1.4022135637314639,1.1020490248880448,0.03669821789687727,6.2450045135165055e-15,4.59119401420062,-0.0032095125796848378,3,1.0862588658346017,11,2.2094926645972084,-0.0032095125796848378,-0.046733573806075915
events.csv(正本),A(淨現金 N2),建表年份 2010-2021,跌勢衰竭,12m,軸一 行業殺 vs 個別殺,行業殺,34,0,0,24,中,0.6176470588235294,0.08995367246879211,0.04049558736548005,21,13,0.3156625744026071,-0.2746530152704475,0.1941256611615092,-0.1781212912463745,1.1493140684866612,1.0898509650539066,0.0899536724687921,1.3877787807814457e-15,1.2774577708234625,-0.003027449995661943,1,0.4176848631743826,2,0.8256476043468524,0.053968699791377854,0.01666386568602827
events.csv(正本),A(淨現金 N2),建表年份 2010-2021,跌勢衰竭,12m,軸二 200 日線位置,線下 10% 內,41,0,0,36,中,0.4634146341463415,-0.018580273356249392,-0.063663626978672,19,22,0.28871692986718894,-0.2839733125037643,0.1941256611615092,-0.2561314355989417,1.0167044477581384,0.7579142353517161,-0.01858027335624937,2.0816681711721685e-15,0.9341140019592382,-0.08202871132215649,1,-1.2262073815402814,3,-3.091791817913959,-0.04239763023913656,-0.08202871132215649
events.csv(正本),A(淨現金 N2),建表年份 2010-2021,跌勢衰竭,12m,軸二 200 日線位置,線下逾 10%,177,0,0,150,高,0.5423728813559322,0.08395977515849741,0.017749051936251,96,81,0.36579094626762093,-0.25006235356342676,0.2360113332994847,-0.1851477434037681,1.4627989421640004,1.2747189296538919,0.08395977515849741,0.0,2.0764514483597294,0.05309019858547621,2,0.2785144867513846,9,0.8837063003810396,0.0612680558892951,0.010287063919091224
events.csv(正本),A(淨現金 N2),建表年份 2010-2021,跌勢衰竭,12m,軸二 200 日線位置,線之上,35,0,0,30,中,0.2571428571428571,-0.08582155463122226,-0.2019190009761196,9,26,0.7620840465038163,-0.3793273396395049,0.318717390884726,-0.39827277139674166,2.009040653985198,0.8002490096598491,-0.08582155463122229,2.7755575615628914e-15,4.59119401420062,-0.26732601029841163,1,-1.5284851503561632,2,-1.6985392039476106,-0.2233808360674529,-0.245628758789787
events.csv(正本),A(淨現金 N2),建表年份 2010-2021,跌勢衰竭,12m,軸二 250 日線位置(緩衝對照),線下 10% 內,50,0,0,47,中,0.42,-0.035662880907314225,-0.07809424745883756,21,29,0.2772138615146416,-0.262228797833558,0.1705785408461384,-0.2403852644543015,1.057144996296688,0.7096048138947647,-0.035662880907314204,2.0816681711721685e-15,0.9341140019592382,-0.08572643857648814,1,-0.5238578478205094,3,-1.2595721436899332,-0.05545424586377448,-0.08572643857648814
events.csv(正本),A(淨現金 N2),建表年份 2010-2021,跌勢衰竭,12m,軸二 250 日線位置(緩衝對照),線下逾 10%,159,0,0,136,高,0.5723270440251572,0.10715203827555875,0.04673576557636,91,68,0.37060079175189437,-0.2454043818177728,0.2442412704651226,-0.1829171297357018,1.5101637102270133,1.3352564126609054,0.1071520382755587,4.163336342344337e-15,2.0764514483597294,0.07316659254251699,2,0.24293761404209402,8,0.7154994700453177,0.08215416346106008,0.03209990103539218
events.csv(正本),A(淨現金 N2),建表年份 2010-2021,跌勢衰竭,12m,軸二 250 日線位置(緩衝對照),線之上,44,0,0,35,中,0.2727272727272727,-0.0945158058430248,-0.1816211974037103,12,32,0.6595121488727237,-0.3772762888614305,0.33050895467665653,-0.39827277139674166,1.7480879884157134,0.8298557632186665,-0.09451580584302482,2.7755575615628914e-15,4.59119401420062,-0.24182746403797764,1,-1.10399861244224,3,-1.3841433276019615,-0.2034858016579933,-0.24182746403797764
events.csv(正本),A(淨現金 N2),建表年份 2010-2021,買方回來,1m,總表(三格進場),全部,252,0,1,208,高,0.4603174603174603,-0.00765134206211694,-0.01210315878624025,116,136,0.08574017778910269,-0.08730881487639248,0.052818198416943,-0.06887916093350391,0.9820334626061458,0.7668240684280955,-0.007651342062116942,1.734723475976807e-16,0.3625591337089022,-0.011980513017267713,3,-0.5471648981570942,13,-1.9104791204735068,-0.011980513017267713,-0.023480359713300404
events.csv(正本),A(淨現金 N2),建表年份 2010-2021,買方回來,1m,軸一 行業殺 vs 個別殺,個別殺,218,0,1,190,高,0.44954128440366975,-0.011660963758968907,-0.014724380885988049,98,120,0.08171211132621026,-0.08791564174519853,0.051657513343893444,-0.0663415063360625,0.9294376939547612,0.778660542952022,-0.011660963758968891,1.5612511283791264e-15,0.3468829534453626,-0.016564927190754433,3,-0.4009965055036542,11,-1.170509725151822,-0.016564927190754433,-0.02665522358975711
events.csv(正本),A(淨現金 N2),建表年份 2010-2021,買方回來,1m,軸一 行業殺 vs 個別殺,行業殺,34,0,0,24,中,0.5294117647058824,0.018057408817698618,0.0073287457092153,18,16,0.10767076186485028,-0.08275761336034698,0.0639697721962416,-0.0781625355066113,1.301037541960343,0.8184198706147497,0.018057408817698628,1.0408340855860843e-15,0.3625591337089022,-0.009383230863758807,1,0.5905334503011941,2,1.153390987843652,0.007617962608874271,-0.0029429590124711736
events.csv(正本),A(淨現金 N2),建表年份 2010-2021,買方回來,1m,軸二 200 日線位置,線下 10% 內,41,0,0,36,中,0.36585365853658536,-0.015203643087649066,-0.0282691848066877,15,26,0.09665605134834358,-0.0797380821853371,0.0480493344456658,-0.0693806477885609,1.2121692508691602,0.692546639116101,-0.015203643087649044,2.2551405187698492e-15,0.3468829534453626,-0.03917833821011608,1,-0.5564824030237774,3,-1.3883506293109127,-0.024255808000974356,-0.03917833821011608
events.csv(正本),A(淨現金 N2),建表年份 2010-2021,買方回來,1m,軸二 200 日線位置,線下逾 10%,176,0,1,149,高,0.4943181818181818,-0.0024275873721377058,-0.0019166310593335002,87,89,0.08002797611273398,-0.08303021684611339,0.0532685030327262,-0.060497291097449,0.9638415886719445,0.8805105495867794,-0.0024275873721376975,8.239936510889834e-16,0.3625591337089022,-0.00845260580529918,2,-1.650002522390429,9,-5.756381587228437,-0.0065070564831603605,-0.017285630931496446
events.csv(正本),A(淨現金 N2),建表年份 2010-2021,買方回來,1m,軸二 200 日線位置,線之上,35,0,0,30,中,0.4,-0.025072384444674876,-0.0305878538155494,14,21,0.10954185225020716,-0.11481520890792957,0.08931199464715539,-0.1154028291644254,0.9540709222420949,0.7739151223052261,-0.02507238444467487,6.938893903907228e-16,0.2638238523615177,-0.05047930117651172,1,-0.30064250050964647,2,-0.5835241215955672,-0.03356933258603348,-0.042108951345215306
events.csv(正本),A(淨現金 N2),建表年份 2010-2021,買方回來,1m,軸二 250 日線位置(緩衝對照),線下 10% 內,50,0,0,47,中,0.3,-0.028509220530496534,-0.033006285313186404,15,35,0.0937948145666451,-0.08092523557212866,0.0660986008635706,-0.0547738430670889,1.1590304792260477,1.2067548516289197,-0.02850922053049653,3.469446951953614e-16,0.3468829534453626,-0.04579695043885023,1,-0.24334790428542177,3,-0.5100073804707927,-0.03617028530551407,-0.04579695043885023
events.csv(正本),A(淨現金 N2),建表年份 2010-2021,買方回來,1m,軸二 250 日線位置(緩衝對照),線下逾 10%,158,0,1,135,高,0.5126582278481012,0.0016415381212648548,0.00283815642852785,81,77,0.08218546386108473,-0.08308648765698722,0.0523678938011598,-0.0632542695293741,0.9891555917055701,0.8278950052034215,0.0016415381212648503,4.553649124439119e-16,0.3625591337089022,-0.0051043669800370705,2,2.730252676629266,8,9.221997006176327,-0.002876689519493483,-0.014216546666220686
events.csv(正本),A(淨現金 N2),建表年份 2010-2021,買方回來,1m,軸二 250 日線位置(緩衝對照),線之上,44,0,0,35,中,0.45454545454545453,-0.017319095370192935,-0.0249454114705617,20,24,0.09409579161441849,-0.11016483452403576,0.049318103917831355,-0.10928231564514546,0.8541363677525305,0.45129080242016417,-0.017319095370192918,1.734723475976807e-15,0.2638238523615177,-0.03658157020422545,1,-0.3462072652420039,3,-0.9681958847817004,-0.023857303456976897,-0.03658157020422545
events.csv(正本),A(淨現金 N2),建表年份 2010-2021,買方回來,3m,總表(三格進場),全部,252,0,1,208,高,0.4126984126984127,-0.002743700448436012,-0.035017383143802844,104,148,0.19675709158195287,-0.14293344619952011,0.13073767896764416,-0.130085300667435,1.3765643858282168,1.0050150039770978,-0.00274370044843604,2.8189256484623115e-15,2.3062305577382016,-0.022219059944303246,3,-7.001801850647876,13,-12.887248375923495,-0.022219059944303246,-0.040174967775456163
events.csv(正本),A(淨現金 N2),建表年份 2010-2021,買方回來,3m,軸一 行業殺 vs 個別殺,個別殺,218,0,1,190,高,0.39908256880733944,-0.009143167752143579,-0.0410485865180274,87,131,0.19246216792930942,-0.14303373419707802,0.1176318160179596,-0.1300082767024429,1.3455718611396021,0.9048025172058086,-0.009143167752143591,1.214306433183765e-15,2.3062305577382016,-0.03178764643299039,3,-2.4288118305558934,11,-3.909622485961038,-0.03178764643299039,-0.047274934461674765
events.csv(正本),A(淨現金 N2),建表年份 2010-2021,買方回來,3m,軸一 行業殺 vs 個別殺,行業殺,34,0,0,24,中,0.5,0.03828817814592431,0.01345182955179905,17,17,0.21873699498077523,-0.14216063868892662,0.173369244432457,-0.1436106126110067,1.5386607502475536,1.2072174979300208,0.038288178145924306,6.938893903907228e-16,0.582789392699832,-0.0037701055470125734,1,0.4476803368873829,2,0.78988251374238,0.021788141341260444,0.0085478292294934
events.csv(正本),A(淨現金 N2),建表年份 2010-2021,買方回來,3m,軸二 200 日線位置,線下 10% 內,41,0,0,36,中,0.4634146341463415,-0.021238540901111675,-0.0259959280361193,19,22,0.11256494327229782,-0.13679609541451077,0.0885489701414419,-0.12614529791479714,0.8228666390748269,0.701960133315876,-0.021238540901111665,1.0408340855860843e-15,0.4454781289178058,-0.04645038163374079,1,-0.5115850598257785,3,-1.0270494767963292,-0.032906457646584605,-0.04645038163374079
events.csv(正本),A(淨現金 N2),建表年份 2010-2021,買方回來,3m,軸二 200 日線位置,線下逾 10%,176,0,1,149,高,0.42613636363636365,0.005165221264793254,-0.02465004696933135,75,101,0.20628354978373362,-0.14418007218986545,0.1353126939171796,-0.1300078767378799,1.430735514628446,1.0408038136796527,0.0051652212647932405,1.3877787807814457e-15,2.3062305577382016,-0.017458305037500895,2,3.6812824107517015,9,6.915341299564454,-0.014008605625217373,-0.03220067193860799
events.csv(正本),A(淨現金 N2),建表年份 2010-2021,買方回來,3m,軸二 200 日線位置,線之上,35,0,0,30,中,0.2857142857142857,-0.020848893676111698,-0.0999191466532349,10,25,0.28527373685694135,-0.14329794588933292,0.16541978744240698,-0.1454940378959878,1.99077338538582,1.1369523441274199,-0.0208488936761117,3.469446951953614e-16,1.4945570917341993,-0.08779239289671634,1,-2.0481485423532324,2,-2.472039600259311,-0.06541965795288553,-0.07677534715990758
events.csv(正本),A(淨現金 N2),建表年份 2010-2021,買方回來,3m,軸二 250 日線位置(緩衝對照),線下 10% 內,50,0,0,47,中,0.42,-0.03239763249534537,-0.034516528321683546,21,29,0.12400639930550068,-0.14565572448906147,0.0885489701414419,-0.1231131021309167,0.8513664652762301,0.7192489557064382,-0.03239763249534537,0.0,0.4612795433350851,-0.05625725774896852,1,-0.2847612666767289,3,-0.6322742808946925,-0.042472676900048044,-0.05625725774896852
events.csv(正本),A(淨現金 N2),建表年份 2010-2021,買方回來,3m,軸二 250 日線位置(緩衝對照),線下逾 10%,158,0,1,135,高,0.43670886075949367,0.011791479294091895,-0.01972850818544815,69,89,0.20854793579407893,-0.14075004316095427,0.1353126939171796,-0.1255073143330435,1.4816900308555827,1.078125961313432,0.01179147929409187,2.6020852139652106e-15,2.3062305577382016,-0.013331045068546755,2,1.79628545879136,8,3.126754491300087,-0.009509760211057148,-0.026415052563663614
events.csv(正本),A(淨現金 N2),建表年份 2010-2021,買方回來,3m,軸二 250 日線位置(緩衝對照),線之上,44,0,0,35,中,0.3181818181818182,-0.021240559470571053,-0.09995577346242729,14,30,0.24777111209400943,-0.1467793395340419,0.15571406495437118,-0.1436731124514689,1.6880516895672837,1.0838079742092979,-0.021240559470571033,2.0816681711721685e-15,1.4945570917341993,-0.07765702251795056,1,-1.5991672289698637,3,-2.4067947046474307,-0.05649166763812385,-0.07765702251795056
events.csv(正本),A(淨現金 N2),建表年份 2010-2021,買方回來,6m,總表(三格進場),全部,252,0,1,208,高,0.4444444444444444,-0.001175555285037443,-0.051260506386079596,112,140,0.24827437493708013,-0.2007354994627315,0.18570116994365743,-0.1778510431174127,1.2368234597347574,1.0441387730352656,-0.0011755552850374468,3.686287386450715e-16,1.8745145258363929,-0.021051304010849176,3,-16.694355606723093,13,-35.54941839063923,-0.021051304010849176,-0.04530291720689745
events.csv(正本),A(淨現金 N2),建表年份 2010-2021,買方回來,6m,軸一 行業殺 vs 個別殺,個別殺,218,0,1,190,高,0.43577981651376146,-0.005780093857318294,-0.0582091049693031,95,123,0.2440754888290734,-0.19875798292404354,0.1821450484294426,-0.1630005269463691,1.228003450419137,1.1174506723488844,-0.005780093857318286,7.806255641895632e-16,1.8745145258363929,-0.028863233617522757,3,-3.924839259981026,11,-7.250510783948521,-0.028863233617522757,-0.05022291024659201
events.csv(正本),A(淨現金 N2),建表年份 2010-2021,買方回來,6m,軸一 行業殺 vs 個別殺,行業殺,34,0,0,24,中,0.5,0.02834766261958685,0.017070731222930503,17,17,0.2717387384818242,-0.21504341324265053,0.2126386629641268,-0.1908431471563431,1.2636459512256712,1.1142064367128066,0.02834766261958685,0.0,0.7028333405434459,-0.02605646706530345,1,0.7292159892304514,2,1.2859046412053257,0.007908702682500213,-0.008611273829654015
events.csv(正本),A(淨現金 N2),建表年份 2010-2021,買方回來,6m,軸二 200 日線位置,線下 10% 內,41,0,0,36,中,0.4634146341463415,-0.005343354248548346,-0.0671913939992703,19,22,0.2071039985277757,-0.18882061346446452,0.2026501248068148,-0.15590802763427056,1.0968293912822822,1.2998055833416864,-0.005343354248548329,1.6479873021779667e-15,0.4767260806332796,-0.03992486332509676,1,-2.1760611107635977,3,-5.925150409471303,-0.017395090120594044,-0.03992486332509676
events.csv(正本),A(淨現金 N2),建表年份 2010-2021,買方回來,6m,軸二 200 日線位置,線下逾 10%,176,0,1,149,高,0.44886363636363635,0.006580376790052535,-0.0383486619500469,79,97,0.25254495653815257,-0.19374129125221443,0.1833491839877268,-0.1803907223015369,1.3035164311431522,1.0164002984657081,0.006580376790052578,4.250072516143177e-15,1.8745145258363929,-0.01726699100849879,2,2.8643228551042466,9,6.424473338323483,-0.012408957728167084,-0.037618765316540285
events.csv(正本),A(淨現金 N2),建表年份 2010-2021,買方回來,6m,軸二 200 日線位置,線之上,35,0,0,30,中,0.4,-0.03529453493394858,-0.1204585192024034,14,21,0.28005017531508514,-0.24552434176663768,0.16112405411543013,-0.2295026439590977,1.1406208170644974,0.7020575072073937,-0.03529453493394853,4.85722573273506e-15,1.628229807121687,-0.11391217876977537,1,-1.3180752124686992,2,-1.7329607522767967,-0.08422172146499667,-0.10230455321369795
events.csv(正本),A(淨現金 N2),建表年份 2010-2021,買方回來,6m,軸二 250 日線位置(緩衝對照),線下 10% 內,50,0,0,47,中,0.38,-0.040012419083687696,-0.0794126533585275,19,31,0.21454705622506776,-0.19603274266002174,0.2026501248068148,-0.146773272464892,1.0944450060424613,1.3807018226379635,-0.04001241908368773,3.469446951953614e-15,0.5091240581705572,-0.07340673073613126,1,-0.2544830179378569,3,-0.7245227474910233,-0.05121928596642738,-0.07340673073613126
events.csv(正本),A(淨現金 N2),建表年份 2010-2021,買方回來,6m,軸二 250 日線位置(緩衝對照),線下逾 10%,158,0,1,135,高,0.4620253164556962,0.01911509929972369,-0.0270565551876898,73,85,0.25918860170661445,-0.18706567335560595,0.1833491839877268,-0.1803907223015369,1.3855487062765657,1.0164002984657081,0.019115099299723742,5.204170427930421e-15,1.8745145258363929,-0.0072590327107302614,2,1.0983778154572004,8,2.2950099025924837,-0.001904610707653681,-0.02607446916923049
events.csv(正本),A(淨現金 N2),建表年份 2010-2021,買方回來,6m,軸二 250 日線位置(緩衝對照),線之上,44,0,0,35,中,0.45454545454545453,-0.029904651522758948,-0.10954221692295896,20,24,0.24047840000469192,-0.25522386112896805,0.14013217998399768,-0.2458237405971506,0.9422253818312659,0.5700514508630905,-0.02990465152275895,3.469446951953614e-16,1.628229807121687,-0.09303029634841939,1,-1.2374403647862744,3,-1.8987905621109604,-0.06846591800286234,-0.09303029634841939
events.csv(正本),A(淨現金 N2),建表年份 2010-2021,買方回來,12m,總表(三格進場),全部,252,0,1,208,高,0.44841269841269843,0.025452131623882945,-0.04433722141645155,113,139,0.38193395402410946,-0.26434963766550984,0.2418131794163545,-0.2076869757179829,1.4448060432274277,1.1643155695266678,0.025452131623882934,1.0408340855860843e-15,4.318216874517566,-0.0073129585015015,3,1.2839015442204191,13,2.900661675573659,-0.0073129585015015,-0.05100721576180338
events.csv(正本),A(淨現金 N2),建表年份 2010-2021,買方回來,12m,軸一 行業殺 vs 個別殺,個別殺,218,0,1,190,高,0.42660550458715596,0.020817869032825707,-0.057711583015717896,93,125,0.40068715236120966,-0.2618048777634921,0.2557266105563858,-0.2076869757179829,1.5304800880111191,1.231307883762705,0.02081786903282562,8.673617379884035e-15,4.318216874517566,-0.017193341334587785,3,1.8145279275777062,11,3.66755437873663,-0.017193341334587785,-0.05848381592945223
events.csv(正本),A(淨現金 N2),建表年份 2010-2021,買方回來,12m,軸一 行業殺 vs 個別殺,行業殺,34,0,0,24,中,0.5882352941176471,0.05516593294301467,0.06419954577581255,20,14,0.2947315817565931,-0.2870707082192402,0.209634147261309,-0.2059038328499993,1.0266863644322157,1.0181167798562896,0.055165932943014695,2.7755575615628914e-15,1.058007243892293,-0.021064807818385746,1,0.5640774741655026,2,1.0450910580468278,0.024776802308188045,-0.0026429584273246903
events.csv(正本),A(淨現金 N2),建表年份 2010-2021,買方回來,12m,軸二 200 日線位置,線下 10% 內,41,0,0,36,中,0.3902439024390244,-0.040522463158548565,-0.0435663248931519,16,25,0.25843151132387565,-0.23185300682730006,0.22756398165964087,-0.2076869757179829,1.1146351512118757,1.0957065597057414,-0.04052246315854857,6.938893903907228e-16,0.6889863747811951,-0.09068535057741889,1,-0.41469704496049486,3,-1.0741541991581414,-0.05876018410704216,-0.09068535057741889
events.csv(正本),A(淨現金 N2),建表年份 2010-2021,買方回來,12m,軸二 200 日線位置,線下逾 10%,176,0,1,149,高,0.5113636363636364,0.0693887563861131,0.0035327158226137,90,86,0.3604431259911725,-0.2352030257587165,0.2366425538584952,-0.19432633517782794,1.5324765692467488,1.2177585381926939,0.06938875638611311,1.3877787807814457e-15,2.222932215619504,0.03822154191658891,2,0.32071011323806303,9,0.9830549064912844,0.04767686300219021,0.0012391653767260308
events.csv(正本),A(淨現金 N2),建表年份 2010-2021,買方回來,12m,軸二 200 日線位置,線之上,35,0,0,30,中,0.2,-0.11820179900676897,-0.2110345721534048,7,28,0.9405358977624044,-0.38288622319906224,0.4258040203323212,-0.3599755443708826,2.4564370321400166,1.182869300403406,-0.11820179900676892,5.551115123125783e-15,4.318216874517566,-0.30174966717280194,1,-1.0437880474150043,2,-1.2078403305468481,-0.24868470116924946,-0.2767871049897513
events.csv(正本),A(淨現金 N2),建表年份 2010-2021,買方回來,12m,軸二 250 日線位置(緩衝對照),線下 10% 內,50,0,0,47,中,0.36,-0.0600582849633505,-0.06303455870030955,18,32,0.2444985988160425,-0.2313715320892591,0.19501618796220194,-0.21970001937552336,1.0567358767444182,0.887647568336667,-0.060058284963350514,1.3877787807814457e-15,0.6889863747811951,-0.09929496467720338,1,-0.22943924396164053,3,-0.5541114244858735,-0.07534491067242285,-0.09929496467720338
events.csv(正本),A(淨現金 N2),建表年份 2010-2021,買方回來,12m,軸二 250 日線位置(緩衝對照),線下逾 10%,158,0,1,135,高,0.5379746835443038,0.09332102229708257,0.01711119012100375,85,73,0.36874507748389584,-0.22737822004372737,0.2418131794163545,-0.1869924454410874,1.6217255874946248,1.2931708489396625,0.09332102229708257,0.0,2.222932215619504,0.05899759451969686,2,0.2656304464944626,8,0.7586278606327387,0.06941073436771941,0.02372643318910865
events.csv(正本),A(淨現金 N2),建表年份 2010-2021,買方回來,12m,軸二 250 日線位置(緩衝對照),線之上,44,0,0,35,中,0.22727272727272727,-0.12108795694438677,-0.2067596967224236,10,34,0.7414230439904461,-0.3747676631016906,0.3727799093214017,-0.3599755443708826,1.9783538362253688,1.0355700967767043,-0.12108795694438679,1.3877787807814457e-15,4.318216874517566,-0.2669949395052427,1,-0.8104958996685877,3,-1.0546282666136255,-0.22432760418768802,-0.2669949395052427
events.csv(正本),A(淨現金 N2),驗證年份 2022-2026,觸發日即買,1m,總表(三格進場),全部,326,7,0,252,高,0.5214723926380368,0.008592874176480261,0.0068678967187516,170,156,0.10350348935481633,-0.0948353603127321,0.07021318930676075,-0.07254754539829494,1.0914018675470831,0.9678230865190781,0.008592874176480275,1.3877787807814457e-15,0.7225226504839646,0.0035774750802404455,4,0.7284432886664005,17,2.0131675007153342,0.0023624396417375646,-0.009184992874403703
events.csv(正本),A(淨現金 N2),驗證年份 2022-2026,觸發日即買,1m,軸一 行業殺 vs 個別殺,個別殺,253,3,0,208,高,0.525691699604743,0.010967257174159053,0.0086609067002596,133,120,0.10766473538362355,-0.09620578117466412,0.0701935060715213,-0.07474628576548334,1.1191087902311754,0.9390902217101945,0.010967257174159036,1.734723475976807e-15,0.7225226504839646,0.004685268435886443,3,0.5778605516722168,13,1.6108725807599846,0.004685268435886443,-0.00706249151475317
events.csv(正本),A(淨現金 N2),驗證年份 2022-2026,觸發日即買,1m,軸一 行業殺 vs 個別殺,行業殺,73,4,0,52,中,0.5068493150684932,0.00036384817082637014,0.000431658983824,37,36,0.08854549687288756,-0.09026729077295877,0.0729710428978445,-0.06753494919991279,0.9809256056615028,1.0804930448950236,0.00036384817082635995,1.0191500421363742e-15,0.4371724608024405,-0.011763647206787492,1,16.45923856922889,4,38.20532157244092,-0.0057029381157238275,-0.014321846935321516
events.csv(正本),A(淨現金 N2),驗證年份 2022-2026,觸發日即買,1m,軸二 200 日線位置,線下 10% 內,58,2,0,55,中,0.4482758620689655,-0.004584657530154327,-0.0165323530109362,26,32,0.11129202924825207,-0.09873446553760955,0.11383870285182501,-0.0670482322211221,1.1271852097670914,1.6978628530635975,-0.004584657530154336,8.673617379884035e-16,0.2716462147542784,-0.01782077593591479,1,-1.0215714905624036,3,-2.6859921492977086,-0.009430813184267183,-0.01782077593591479
events.csv(正本),A(淨現金 N2),驗證年份 2022-2026,觸發日即買,1m,軸二 200 日線位置,線下逾 10%,233,2,0,187,高,0.5622317596566524,0.013797222095568886,0.0121454733410715,131,102,0.09816125698128819,-0.09455266584589415,0.0612892010407843,-0.07266468324406315,1.038164879891123,0.8434523939907458,0.013797222095568884,1.734723475976807e-16,0.7225226504839646,0.006821740076750646,3,0.5119375141686424,12,1.3313231318697318,0.006821740076750646,-0.004819556329153083
events.csv(正本),A(淨現金 N2),驗證年份 2022-2026,觸發日即買,1m,軸二 200 日線位置,線之上,35,3,0,32,中,0.37142857142857144,-0.004216160856743842,-0.0365657716182177,13,22,0.1417596742550358,-0.09047460887734089,0.1296293773911812,-0.08031385710852475,1.5668448420398655,1.6140350128623315,-0.004216160856743832,9.54097911787244e-16,0.3391047994380358,-0.031241419476102233,1,-2.2979930995457987,2,-4.0527577793622465,-0.014313836159531471,-0.022594344996315942
events.csv(正本),A(淨現金 N2),驗證年份 2022-2026,觸發日即買,1m,軸二 250 日線位置(緩衝對照),線下 10% 內,58,3,0,55,中,0.4827586206896552,0.025110108851696105,-0.0021821611346403,28,30,0.14650725557090105,-0.08819389475289521,0.11958901572914091,-0.07524070951539236,1.661194983863569,1.5894190325873523,0.025110108851696095,1.0408340855860843e-15,0.7225226504839646,0.003781515406643522,1,0.4961064546109399,3,0.8571921848948996,0.012874801103761569,0.003781515406643522
events.csv(正本),A(淨現金 N2),驗證年份 2022-2026,觸發日即買,1m,軸二 250 日線位置(緩衝對照),線下逾 10%,217,0,0,176,高,0.5576036866359447,0.007858112372170354,0.0107321332258456,121,96,0.09012828355464642,-0.09583658255574216,0.0576820094967402,-0.07266468324406315,0.9404371603320101,0.7938107884266176,0.007858112372170371,1.734723475976807e-15,0.4860574193284961,0.001809166440896539,3,0.7729537529141112,11,2.0534904015534785,0.001809166440896539,-0.008720498897936864
events.csv(正本),A(淨現金 N2),驗證年份 2022-2026,觸發日即買,1m,軸二 250 日線位置(緩衝對照),線之上,51,4,0,48,中,0.4117647058823529,-0.007065092482877966,-0.0170464232001789,21,30,0.12323179639149189,-0.09827291469493686,0.1192453037485137,-0.07111832414090824,1.2539751850653202,1.676717009138889,-0.007065092482877969,2.6020852139652106e-16,0.3391047994380358,-0.0256252851306968,1,-0.9411219641618581,3,-2.4136729951625444,-0.01398849032129624,-0.0256252851306968
events.csv(正本),A(淨現金 N2),驗證年份 2022-2026,觸發日即買,3m,總表(三格進場),全部,310,23,0,238,高,0.5225806451612903,0.021487608437640516,0.0090933891182227,162,148,0.18452132390847137,-0.15696821525340407,0.12719422834169844,-0.15128090104087882,1.1755330441298992,0.8407818003895169,0.021487608437640512,3.469446951953614e-16,1.5379776085719985,0.012330997768507644,4,0.5167215714334041,16,1.4353780607048872,0.01052024270657889,-0.0098643616331205
events.csv(正本),A(淨現金 N2),驗證年份 2022-2026,觸發日即買,3m,軸一 行業殺 vs 個別殺,個別殺,246,10,0,201,高,0.5121951219512195,0.014478749514783276,0.00365521243639295,126,120,0.17602067974571378,-0.15514027722769377,0.11581325050039615,-0.150340377501805,1.1345904680019012,0.7703402933054739,0.01447874951478327,5.204170427930421e-16,1.5379776085719985,0.0030866273397015327,3,0.7894165141980812,13,2.2191394758395013,0.0030866273397015327,-0.018636469155317706
events.csv(正本),A(淨現金 N2),驗證年份 2022-2026,觸發日即買,3m,軸一 行業殺 vs 個別殺,行業殺,64,13,0,44,中,0.5625,0.04842790992237306,0.048869463026549806,36,28,0.21427357847812278,-0.1648022353635909,0.1648421461460233,-0.1598592595302461,1.3001861170474232,1.0311704597557854,0.048427909922373044,1.3877787807814457e-15,0.630242410366203,0.024410962371397855,1,0.20334426321013885,4,0.6659814630252994,0.03919275912167734,0.017254207595747882
events.csv(正本),A(淨現金 N2),驗證年份 2022-2026,觸發日即買,3m,軸二 200 日線位置,線下 10% 內,55,5,0,52,中,0.5454545454545454,0.046329619661397814,0.0305870502943519,30,25,0.21970059231911562,-0.1617155475278636,0.13458514562769736,-0.1496015672149721,1.358561966846516,0.8996239018960498,0.046329619661397786,2.7755575615628914e-15,1.5379776085719985,0.0012982472965671972,1,0.6035713103438831,3,0.9735064993705042,0.018706508755645942,0.0012982472965671972
events.csv(正本),A(淨現金 N2),驗證年份 2022-2026,觸發日即買,3m,軸二 200 日線位置,線下逾 10%,228,7,0,182,高,0.5263157894736842,0.016433184158263427,0.0064861852434304,120,108,0.17082152783883434,-0.15510941993125976,0.1240160655902039,-0.14692193382773636,1.1012969290616763,0.8440949717937335,0.016433184158263434,6.938893903907228e-16,0.7073222817985132,0.008298346892071165,3,0.5016694246040222,12,1.714771880208875,0.008298346892071165,-0.012398532268544005
events.csv(正本),A(淨現金 N2),驗證年份 2022-2026,觸發日即買,3m,軸二 200 日線位置,線之上,27,11,0,26,低(樣本不足),0.4444444444444444,0.01356531652620817,-0.0118707926786785,12,15,0.23357111357823102,-0.16243932111541012,0.22123092107438141,-0.1595584406950304,1.43789762216676,1.3865196984296668,0.013565316526208154,1.5612511283791264e-15,0.5664220467187022,-0.04422843626484149,1,1.5464876387059814,2,2.9015562811848463,-0.007698403865810822,-0.02785882987440547
events.csv(正本),A(淨現金 N2),驗證年份 2022-2026,觸發日即買,3m,軸二 250 日線位置(緩衝對照),線下 10% 內,56,5,0,53,中,0.48214285714285715,0.0019252805843740564,-0.0232361020181747,27,29,0.18616511842526046,-0.16960836154334777,0.1458304668286074,-0.1647568149584712,1.0976175745774255,0.8851255522593442,0.0019252805843740645,8.023096076392733e-16,0.5357200760766647,-0.02239844972571228,1,4.968849739400795,3,12.010619931542383,-0.007780079333667586,-0.02239844972571228
events.csv(正本),A(淨現金 N2),驗證年份 2022-2026,觸發日即買,3m,軸二 250 日線位置(緩衝對照),線下逾 10%,213,4,0,172,高,0.5305164319248826,0.01976669297181529,0.0106134152284833,113,100,0.1710516493507553,-0.15118530773638697,0.125178403301597,-0.1290354126775245,1.1314039169004975,0.9701089081214732,0.01976669297181527,2.0816681711721685e-15,0.7073222817985132,0.011098417455374309,3,0.44643741205632004,11,1.4181946091821291,0.011098417455374309,-0.008716470822685724
events.csv(正本),A(淨現金 N2),驗證年份 2022-2026,觸發日即買,3m,軸二 250 日線位置(緩衝對照),線之上,41,14,0,40,中,0.5365853658536586,0.05714725121821846,0.027546661805335,22,19,0.25168908632068077,-0.16811171574252737,0.1558818955250228,-0.1594725881878792,1.4971537540319728,0.97748395066727,0.05714725121821848,2.0816681711721685e-15,1.5379776085719985,-0.006780910570863146,1,0.6564033823135536,3,1.1099746050558532,0.020126492284373944,-0.006780910570863146
events.csv(正本),A(淨現金 N2),驗證年份 2022-2026,觸發日即買,6m,總表(三格進場),全部,282,51,0,220,高,0.43617021276595747,0.01382645301749175,-0.0262253966748348,123,159,0.3041661522408781,-0.21077595581569383,0.1719474954843034,-0.182281202758931,1.4430780354607728,0.9433089802008052,0.013826453017491816,6.591949208711867e-15,2.4249454197243,-0.004972973708497529,3,1.3558446787943996,15,3.9898446456621848,-0.004972973708497529,-0.04366135924885014
events.csv(正本),A(淨現金 N2),驗證年份 2022-2026,觸發日即買,6m,軸一 行業殺 vs 個別殺,個別殺,226,30,0,187,高,0.41150442477876104,-0.0055700505746892675,-0.05184209397350645,93,133,0.3019299331210615,-0.2205888361664548,0.1693284098205085,-0.1883869306233629,1.3687453017487579,0.898833105142747,-0.005570050574689275,7.806255641895632e-16,2.4249454197243,-0.029351349082884556,3,-4.199545141725906,12,-10.100131794015516,-0.029351349082884556,-0.06529530270146962
events.csv(正本),A(淨現金 N2),驗證年份 2022-2026,觸發日即買,6m,軸一 行業殺 vs 個別殺,行業殺,56,21,0,39,中,0.5357142857142857,0.09210519965736516,0.016290818428149452,30,26,0.3110984315123095,-0.16057929863680134,0.21151149196944824,-0.15018749646265306,1.9373507927441673,1.4083162510272254,0.09210519965736517,1.3877787807814457e-15,1.1680872414079937,0.04417345834933482,1,0.2264660498758335,3,0.5460948650440567,0.07254188980735374,0.04417345834933482
events.csv(正本),A(淨現金 N2),驗證年份 2022-2026,觸發日即買,6m,軸二 200 日線位置,線下 10% 內,47,13,0,44,中,0.44680851063829785,0.032903938151141315,-0.0184286362049869,21,26,0.4129260534504301,-0.2740370011290535,0.208584473863296,-0.2953561675796237,1.5068259094543548,0.7062133679909179,0.03290393815114129,2.7755575615628914e-15,2.4249454197243,-0.06641815627432059,1,1.5680367244004114,3,2.889703876941447,-0.01909696362218821,-0.06641815627432059
events.csv(正本),A(淨現金 N2),驗證年份 2022-2026,觸發日即買,6m,軸二 200 日線位置,線下逾 10%,211,24,0,171,高,0.4218009478672986,0.009298300199431127,-0.0447581002169543,89,122,0.28069193366135897,-0.18868557994902443,0.1719474954843034,-0.16506058288589165,1.4876173035437636,1.041723544640411,0.009298300199431148,2.0816681711721685e-15,1.6797225587949196,-0.00969121122295444,3,2.0274374116799474,11,5.101474677355218,-0.00969121122295444,-0.04023426366498651
events.csv(正本),A(淨現金 N2),驗證年份 2022-2026,觸發日即買,6m,軸二 200 日線位置,線之上,24,14,0,23,低(樣本不足),0.5416666666666666,0.016276388156211064,0.03134426348793935,13,11,0.28918519286984784,-0.30625219923263236,0.1693284098205085,-0.3130156244322571,0.9442713998281519,0.5409583311620106,0.016276388156211047,1.734723475976807e-15,0.8687945655159528,-0.08247703675460351,1,2.224066741081674,2,3.968081123478082,-0.020789619555082073,-0.05270142593983888
events.csv(正本),A(淨現金 N2),驗證年份 2022-2026,觸發日即買,6m,軸二 250 日線位置(緩衝對照),線下 10% 內,50,11,0,47,中,0.44,0.0029979752985162776,-0.029322063656055303,22,28,0.3397768839547299,-0.2616140243599373,0.21264629636207738,-0.21248818858680155,1.2987716724515255,1.000744077947708,0.0029979752985162533,2.42861286636753e-15,1.1818514370842634,-0.05703326210740763,1,7.8843307192635725,3,18.88249102902744,-0.021060258615478552,-0.05703326210740763
events.csv(正本),A(淨現金 N2),驗證年份 2022-2026,觸發日即買,6m,軸二 250 日線位置(緩衝對照),線下逾 10%,197,20,0,160,高,0.4263959390862944,0.01029347530003752,-0.0267725804470871,84,113,0.2758132168814303,-0.18708403171621904,0.141801951284055,-0.1677708301753658,1.4742744976749342,0.8452121929410119,0.010293475300037519,1.734723475976807e-16,1.6797225587949196,-0.01005102392962425,2,1.4043738280133624,10,4.629495900142299,-0.00420510341587448,-0.03935799412161144
events.csv(正本),A(淨現金 N2),驗證年份 2022-2026,觸發日即買,6m,軸二 250 日線位置(緩衝對照),線之上,35,20,0,34,中,0.4857142857142857,0.04918132433998484,-0.0127761053646073,17,18,0.39817853297551736,-0.28042715048246264,0.1693284098205085,-0.2811233881651576,1.4199000784712488,0.6023277213812944,0.04918132433998482,2.0816681711721685e-15,2.4249454197243,-0.07042699232032347,1,1.408749271782767,2,1.913467316792858,-0.020694090230142074,-0.047648291919417676
events.csv(正本),A(淨現金 N2),驗證年份 2022-2026,觸發日即買,12m,總表(三格進場),全部,239,94,0,190,高,0.4309623430962343,0.04040403740275071,-0.0885729250363874,103,136,0.46653242004992695,-0.28232554651386066,0.2824547115168263,-0.27943797482217736,1.6524626475026507,1.0107957291651881,0.04040403740275078,6.938893903907228e-15,3.061586771067589,0.0075118783530219845,3,0.8164147082876116,12,2.1040136783732795,0.0075118783530219845,-0.04696466863013229
events.csv(正本),A(淨現金 N2),驗證年份 2022-2026,觸發日即買,12m,軸一 行業殺 vs 個別殺,個別殺,193,63,0,161,高,0.40414507772020725,0.003689772856717346,-0.1291100275603847,78,115,0.4447760256480701,-0.2954817725148087,0.2737354075226405,-0.2894124859985469,1.5052570649710015,0.945831367911386,0.003689772856717427,8.109832250191573e-15,3.061586771067589,-0.03100548522197075,2,6.846677739278738,10,21.197941546339298,-0.02179880719948844,-0.07859826546718328
events.csv(正本),A(淨現金 N2),驗證年份 2022-2026,觸發日即買,12m,軸一 行業殺 vs 個別殺,行業殺,46,31,0,33,中,0.5434782608695652,0.19444432125893418,0.013413100983070551,25,21,0.5344123705837205,-0.21027954698485915,0.3314128764379409,-0.1840034085308743,2.5414377111160507,1.8011235720252021,0.19444432125893413,5.551115123125783e-15,2.4576013817173674,0.06686091600324966,1,0.2747630614663735,3,0.6785690573186287,0.14415194213763566,0.06686091600324966
events.csv(正本),A(淨現金 N2),驗證年份 2022-2026,觸發日即買,12m,軸二 200 日線位置,線下 10% 內,40,20,0,37,中,0.45,0.05902609286183482,-0.06794697572932534,18,22,0.5051946238065503,-0.30602088700202335,0.2943427729392749,-0.3136182135466272,1.6508501388769914,0.9385385166589295,0.0590260928618348,2.0816681711721685e-15,2.4576013817173674,-0.062081104774367374,1,1.0408961793685005,2,1.6217558583354839,-0.0024758376216403835,-0.038631388454210616
events.csv(正本),A(淨現金 N2),驗證年份 2022-2026,觸發日即買,12m,軸二 200 日線位置,線下逾 10%,180,55,0,148,高,0.4222222222222222,0.030706930992237702,-0.08813434450612656,76,104,0.4399123295227965,-0.26832778331855534,0.2836449358840138,-0.2549669987455234,1.6394587399119165,1.112477054989823,0.030706930992237674,2.7755575615628914e-15,3.061586771067589,-0.009678103124323273,2,0.9817110938241195,9,2.5064085346181053,0.0005679062493030033,-0.04869177149330115
events.csv(正本),A(淨現金 N2),驗證年份 2022-2026,觸發日即買,12m,軸二 200 日線位置,線之上,19,19,0,19,低(樣本不足),0.47368421052631576,0.09306703400953892,-0.1048010214278835,9,10,0.6139998880991142,-0.37577253467107896,0.2807283560184141,-0.37766737439244485,1.6339669120218174,0.7433217033110764,0.09306703400953878,1.3877787807814457e-14,1.7274700170721498,-0.1575374641524309,1,0.9769245958072106,1,0.9769245958072106,0.002266868283838239,0.002266868283838239
events.csv(正本),A(淨現金 N2),驗證年份 2022-2026,觸發日即買,12m,軸二 250 日線位置(緩衝對照),線下 10% 內,42,19,0,39,中,0.35714285714285715,-0.01552574644718731,-0.1301573627712165,15,27,0.49101461357271975,-0.29693705756935784,0.2511838850246746,-0.3095986813886725,1.6535982998956933,0.8113209135711287,-0.015525746447187239,7.112366251504909e-15,2.4576013817173674,-0.13615707543350905,1,-3.7688570279929374,3,-7.143348886668568,-0.07584592030485937,-0.13615707543350905
events.csv(正本),A(淨現金 N2),驗證年份 2022-2026,觸發日即買,12m,軸二 250 日線位置(緩衝對照),線下逾 10%,168,49,0,139,高,0.44047619047619047,0.04436934445456614,-0.07239658567484294,74,94,0.4420776459253445,-0.26872016946923816,0.2729881658175481,-0.254851203654974,1.6451226820767226,1.0711668687550266,0.04436934445456611,2.7755575615628914e-15,3.061586771067589,0.0012956244652067004,2,0.7279479426685825,9,1.8585253316787973,0.012216202422531684,-0.040248368777296636
events.csv(正本),A(淨現金 N2),驗證年份 2022-2026,觸發日即買,12m,軸二 250 日線位置(緩衝對照),線之上,29,26,0,29,低(樣本不足),0.4827586206896552,0.09843435936800601,-0.1048010214278835,14,15,0.5695624473625843,-0.3412851894269337,0.3625946862863382,-0.3550608986967211,1.6688753717058762,1.0212182969661556,0.0984343593680061,8.326672684688674e-15,1.7274700170721498,-0.055164486574921415,1,0.6051538508060719,2,1.0655196428585851,0.040254514450000924,-0.006927116224198336
events.csv(正本),A(淨現金 N2),驗證年份 2022-2026,跌勢衰竭,1m,總表(三格進場),全部,318,7,11,246,高,0.5408805031446541,0.0124238426484105,0.01049051260053405,172,146,0.09996027358062379,-0.09070126776488187,0.0692216771090209,-0.0799549026663243,1.1020824299803984,0.8657590066478306,0.012423842648410496,3.469446951953614e-16,0.5057637588599584,0.008455158624149584,4,0.41523121594567686,16,1.2728372345743757,0.007357624089478513,-0.0035692729303691537
events.csv(正本),A(淨現金 N2),驗證年份 2022-2026,跌勢衰竭,1m,軸一 行業殺 vs 個別殺,個別殺,249,4,6,204,高,0.5381526104417671,0.010384276966232541,0.0072617973497051,134,115,0.09861948300924382,-0.09242891964040667,0.06971694016328564,-0.0838698520675041,1.0669764765499958,0.831251497941987,0.010384276966232557,1.5612511283791264e-15,0.5057637588599584,0.005277552719530424,3,0.49789785423090444,13,1.5611197180971854,0.005277552719530424,-0.006147791603474327
events.csv(正本),A(淨現金 N2),驗證年份 2022-2026,跌勢衰竭,1m,軸一 行業殺 vs 個別殺,行業殺,69,3,5,49,中,0.5507246376811594,0.019784014458009227,0.0202513448447014,38,31,0.10468832454285844,-0.08429223661374144,0.0600441462190075,-0.0629617649346854,1.2419687595024855,0.9536604680840102,0.019784014458009223,3.469446951953614e-16,0.3530810025108648,0.006348511242236247,1,0.2586490213742617,4,0.8912254999286126,0.01488258816311429,0.002284426822510445
events.csv(正本),A(淨現金 N2),驗證年份 2022-2026,跌勢衰竭,1m,軸二 200 日線位置,線下 10% 內,56,2,2,53,中,0.5535714285714286,0.017303527431558385,0.0195358434585771,31,25,0.10942962238078195,-0.09693283030547885,0.1008024753199734,-0.0843710113313659,1.12892218287571,1.194752483457537,0.017303527431558385,0.0,0.3524120611356507,0.001117203134714689,1,0.36368726233254,3,0.9388937908200651,0.011210645000574884,0.001117203134714689
events.csv(正本),A(淨現金 N2),驗證年份 2022-2026,跌勢衰竭,1m,軸二 200 日線位置,線下逾 10%,231,2,2,185,高,0.5324675324675324,0.011174225489890506,0.0061750095418533,123,108,0.09424263351083108,-0.08343146142284735,0.0564095341623835,-0.07106350922069946,1.129581478061262,0.7937904387355033,0.011174225489890506,0.0,0.5057637588599584,0.005674732862181089,3,0.49875407133412086,12,1.4345454418731673,0.005674732862181089,-0.0051217749861411765
events.csv(正本),A(淨現金 N2),驗證年份 2022-2026,跌勢衰竭,1m,軸二 200 日線位置,線之上,31,3,7,30,中,0.5806451612903226,0.012920591543953678,0.0375764919635988,18,13,0.12272249112393505,-0.13911280787448205,0.1077015020617413,-0.1521656157167461,0.8821796712971565,0.7077913203612697,0.012920591543953697,1.908195823574488e-15,0.3340243488841412,-0.01642940048201565,1,0.8339385205087518,2,1.5990290977191046,0.0022171329659474307,-0.008273590314886947
events.csv(正本),A(淨現金 N2),驗證年份 2022-2026,跌勢衰竭,1m,軸二 250 日線位置(緩衝對照),線下 10% 內,58,0,3,55,中,0.5862068965517241,0.011784171850681091,0.01749858926711895,34,24,0.09189441969870417,-0.10170534593401827,0.0709459692219086,-0.08508283314673501,0.9035357861947692,0.8338458722872358,0.011784171850681084,6.938893903907228e-16,0.2868597103673267,-0.0015947717155340446,1,0.4197034070758973,3,1.1283317608155758,0.0069582852100381854,-0.0015947717155340446
events.csv(正本),A(淨現金 N2),驗證年份 2022-2026,跌勢衰竭,1m,軸二 250 日線位置(緩衝對照),線下逾 10%,215,2,0,174,高,0.5302325581395348,0.014166826881452205,0.0059855222098941,114,101,0.09796844955574324,-0.08042114326576737,0.0602078574590836,-0.0629617649346854,1.2181926988029426,0.9562606372540761,0.014166826881452203,1.734723475976807e-16,0.5057637588599584,0.008294626339267941,3,0.42267330323629165,11,1.1420207349582971,0.008294626339267941,-0.00212047245407904
events.csv(正本),A(淨現金 N2),驗證年份 2022-2026,跌勢衰竭,1m,軸二 250 日線位置(緩衝對照),線之上,45,5,8,44,中,0.5333333333333333,0.00492071589650695,0.0228200599047396,24,21,0.12084806403152586,-0.12756768197208607,0.0961700882350867,-0.1412490581590134,0.9473250760954441,0.6808547220670433,0.004920715896506958,7.806255641895632e-16,0.3524120611356507,-0.018367911971121993,1,1.5915121500729243,3,4.48392080887052,-0.0029768146771099557,-0.018367911971121993
events.csv(正本),A(淨現金 N2),驗證年份 2022-2026,跌勢衰竭,3m,總表(三格進場),全部,303,22,11,234,高,0.504950495049505,0.018496262068265754,0.0023690631078507,153,150,0.1885115030259522,-0.15491928370857438,0.1398341511141778,-0.1276084586612338,1.2168369134766313,1.0958062857369035,0.018496262068265767,1.3877787807814457e-15,0.9946850859458584,0.010309590048255851,4,0.5667165107579354,16,1.6653070067421967,0.008121337341012638,-0.012991724404267626
events.csv(正本),A(淨現金 N2),驗證年份 2022-2026,跌勢衰竭,3m,軸一 行業殺 vs 個別殺,個別殺,239,14,6,197,高,0.4769874476987448,0.00623378598261534,-0.0092203448494426,114,125,0.19075362668216717,-0.1620483087353759,0.14374700587039296,-0.1371241260710167,1.1771404969962809,1.0482984285051797,0.00623378598261537,2.949029909160572e-15,0.9946850859458584,-0.004328879416791144,3,1.6857056097489982,12,4.819351709583102,-0.004328879416791144,-0.025067647818593025
events.csv(正本),A(淨現金 N2),驗證年份 2022-2026,跌勢衰竭,3m,軸一 行業殺 vs 個別殺,行業殺,64,8,5,44,中,0.609375,0.06428894620061652,0.04937463001767605,39,25,0.18195760310778525,-0.11927415857456673,0.1313989810859055,-0.0908242768054972,1.5255408655348481,1.4467385340959025,0.06428894620061651,1.3877787807814457e-15,0.6645971495139773,0.03910017227674512,1,0.16152590880477538,4,0.5232143153267206,0.05476024456072191,0.03269551917993022
events.csv(正本),A(淨現金 N2),驗證年份 2022-2026,跌勢衰竭,3m,軸二 200 日線位置,線下 10% 內,52,6,2,49,中,0.5192307692307693,0.030671123407789984,0.0081745270933618,27,25,0.22576528600776077,-0.18003057220017843,0.2007134964292227,-0.1480679403291162,1.2540385960487272,1.3555499994332956,0.03067112340779002,3.469446951953614e-15,0.6929877263161628,-0.004108682002454736,1,0.4345027362498507,3,1.1262308721034957,0.01768452335076306,-0.004108682002454736
events.csv(正本),A(淨現金 N2),驗證年份 2022-2026,跌勢衰竭,3m,軸二 200 日線位置,線下逾 10%,225,8,2,180,高,0.5111111111111111,0.01917366832221362,0.009445007688152,115,110,0.17431567573297493,-0.14302024851630957,0.1254700578108112,-0.12066823435078847,1.218818157158331,1.0397936000792354,0.019173668322213608,1.3877787807814457e-15,0.9946850859458584,0.00902321920771339,3,0.5356699892444295,12,1.4678111944825702,0.00902321920771339,-0.00947498945115567
events.csv(正本),A(淨現金 N2),驗證年份 2022-2026,跌勢衰竭,3m,軸二 200 日線位置,線之上,26,8,7,25,低(樣本不足),0.4230769230769231,-0.0117156301161008,-0.07831800004907714,11,15,0.24548132104263895,-0.20032672763250992,0.1205393992215946,-0.18419354215938,1.2254047372698218,0.6544170756936397,-0.011715630116100773,2.7755575615628914e-15,0.8238175799457532,-0.09247677606464426,1,-2.7045315721285874,2,-4.5927471857903805,-0.04513695851857496,-0.0709827704750491
events.csv(正本),A(淨現金 N2),驗證年份 2022-2026,跌勢衰竭,3m,軸二 250 日線位置(緩衝對照),線下 10% 內,53,5,3,50,中,0.4528301886792453,-0.001247781614887394,-0.0233252366168227,24,29,0.21469434994972225,-0.17995851118559883,0.18693175071286866,-0.1646444063047788,1.1930213721778287,1.1353665448362273,-0.0012477816148873944,4.336808689942018e-17,0.6929877263161628,-0.03724712521828785,1,-10.478788886749914,3,-27.161015482596582,-0.014598464459715273,-0.03724712521828785
events.csv(正本),A(淨現金 N2),驗證年份 2022-2026,跌勢衰竭,3m,軸二 250 日線位置(緩衝對照),線下逾 10%,211,6,0,170,高,0.5213270142180095,0.024443129529249954,0.0148076761454258,110,101,0.1737348391314233,-0.13815180172064181,0.12400938412531554,-0.1110858216579003,1.2575647727181605,1.1163385414496425,0.024443129529249957,3.469446951953614e-16,0.9946850859458584,0.013685478953298294,3,0.4480699098830131,11,1.1529894117510515,0.013685478953298294,-0.0039452147084766236
events.csv(正本),A(淨現金 N2),驗證年份 2022-2026,跌勢衰竭,3m,軸二 250 日線位置(緩衝對照),線之上,39,11,8,38,中,0.48717948717948717,0.013153833374405517,-0.0295106935122099,19,20,0.24098753998530478,-0.20328818790594877,0.1749747393237715,-0.1546768803307984,1.185447823937501,1.1312274914619642,0.013153833374405538,2.0816681711721685e-15,0.8238175799457532,-0.03920520530568418,1,1.605883782291063,2,2.727059390923992,-0.008179423114314154,-0.02394542180488492
events.csv(正本),A(淨現金 N2),驗證年份 2022-2026,跌勢衰竭,6m,總表(三格進場),全部,270,55,11,214,高,0.4111111111111111,0.0015153425923852776,-0.0614436128703211,111,159,0.32088356647834865,-0.22143983257328725,0.2202378809699219,-0.187193919965193,1.449077895107917,1.1765226189551088,0.0015153425923852826,4.98732999343332e-16,2.7093591860815387,-0.01892927176754829,3,13.35294686478881,14,35.79991712626028,-0.01892927176754829,-0.05561767613626181
events.csv(正本),A(淨現金 N2),驗證年份 2022-2026,跌勢衰竭,6m,軸一 行業殺 vs 個別殺,個別殺,218,35,6,181,高,0.37155963302752293,-0.0233272316271449,-0.08148126548363044,81,137,0.32910968648957717,-0.2317023437983455,0.2288220256196507,-0.2059556681577178,1.4203986075169224,1.1110256283134785,-0.023327231627144895,3.469446951953614e-16,2.7093591860815387,-0.04906323049580003,3,-1.0743159410501948,11,-2.2910022511594823,-0.04906323049580003,-0.08084953551700022
events.csv(正本),A(淨現金 N2),驗證年份 2022-2026,跌勢衰竭,6m,軸一 行業殺 vs 個別殺,行業殺,52,20,5,38,中,0.5769230769230769,0.10566305758964635,0.06341961050015521,30,22,0.29867304244803167,-0.15753237630815178,0.1595537317511731,-0.12228332726836665,1.8959470392536466,1.3047872945181784,0.10566305758964634,1.3877787807814457e-15,1.1188119266728935,0.056546126218518046,1,0.20362475273086345,3,0.4957192142513546,0.08579739348997484,0.056546126218518046
events.csv(正本),A(淨現金 N2),驗證年份 2022-2026,跌勢衰竭,6m,軸二 200 日線位置,線下 10% 內,46,12,2,43,中,0.4782608695652174,0.0678738743795357,-0.05039908810377515,22,24,0.46850765807378475,-0.29937376067352606,0.3195306278530131,-0.3157292687026175,1.5649589897917042,1.0120399327120224,0.06787387437953565,4.163336342344337e-15,2.7093591860815387,-0.03642377317559478,1,0.8677729579948863,3,1.5016408746203378,0.009174200786157855,-0.03642377317559478
events.csv(正本),A(淨現金 N2),驗證年份 2022-2026,跌勢衰竭,6m,軸二 200 日線位置,線下逾 10%,202,31,2,166,高,0.41089108910891087,-0.0050521668938361824,-0.0614436128703211,83,119,0.2710574537575069,-0.1976328266758654,0.2031102580309767,-0.1761186193622492,1.3715204013251507,1.153258291295197,-0.00505216689383621,2.7755575615628914e-15,1.549405252963584,-0.02255521404193713,3,-3.3981594595936997,11,-8.483967675852451,-0.02255521404193713,-0.050674066376225936
events.csv(正本),A(淨現金 N2),驗證年份 2022-2026,跌勢衰竭,6m,軸二 200 日線位置,線之上,22,12,7,22,低(樣本不足),0.2727272727272727,-0.07693263677089587,-0.15545046891918116,6,16,0.46885645660005965,-0.2816035467850042,0.3176205615669231,-0.3113807400295989,1.6649522420895408,1.02003920196455,-0.0769326367708959,2.7755575615628914e-15,1.2044936228343008,-0.21008890422892867,1,-0.7116577882528009,2,-1.1640238403293892,-0.13795293484733387,-0.18313246607878214
events.csv(正本),A(淨現金 N2),驗證年份 2022-2026,跌勢衰竭,6m,軸二 250 日線位置(緩衝對照),線下 10% 內,48,10,3,45,中,0.4375,0.011971580547151037,-0.05039908810377515,21,27,0.37634462206332947,-0.2714296739654322,0.3203042773616793,-0.2452275131553967,1.386527186085257,1.306151472321573,0.011971580547151028,8.673617379884035e-16,1.134916657960224,-0.04985988020364734,1,1.9750188329530767,3,4.904550239361944,-0.011920867908446257,-0.04985988020364734
events.csv(正本),A(淨現金 N2),驗證年份 2022-2026,跌勢衰竭,6m,軸二 250 日線位置(緩衝對照),線下逾 10%,190,27,0,157,高,0.41578947368421054,-0.002841915523414924,-0.0614436128703211,79,111,0.26737204208454557,-0.1951563538209724,0.1816225122647567,-0.1763152309541757,1.370040159337167,1.030101093829837,-0.002841915523414923,8.673617379884035e-17,1.549405252963584,-0.021432694284702767,2,-4.941472819361444,10,-15.051530971904459,-0.017064793239815503,-0.04815137810161022
events.csv(正本),A(淨現金 N2),驗證年份 2022-2026,跌勢衰竭,6m,軸二 250 日線位置(緩衝對照),線之上,32,18,8,32,中,0.34375,0.011702205722800327,-0.11048069480743405,11,21,0.5993134082806978,-0.2960941384741936,0.3290398587740026,-0.3090296625443689,2.024063736516458,1.064751700742516,0.011702205722800313,1.3877787807814457e-15,2.7093591860815387,-0.14844896260578833,1,7.235172288937272,2,10.451696302032863,-0.07531898719199771,-0.11797940752620767
events.csv(正本),A(淨現金 N2),驗證年份 2022-2026,跌勢衰竭,12m,總表(三格進場),全部,237,88,11,188,高,0.43037974683544306,0.06925020912664782,-0.0723505839971009,102,135,0.5220154604915785,-0.2728390919046332,0.28056190693200633,-0.2385066263926563,1.9132722398667168,1.1763275141467724,0.06925020912664784,1.3877787807814457e-15,4.494961586543262,0.027449784639591038,3,0.6086319542851365,12,1.5652453676447116,0.027449784639591038,-0.04123100577951934
events.csv(正本),A(淨現金 N2),驗證年份 2022-2026,跌勢衰竭,12m,軸一 行業殺 vs 個別殺,個別殺,191,62,6,159,高,0.4083769633507853,0.042486403441052825,-0.101433910126316,78,113,0.5230563788170538,-0.28923446451760276,0.28533219301758284,-0.2552899761678824,1.808416502816941,1.1176787953082195,0.04248640344105281,1.3877787807814457e-15,4.494961586543262,-0.009968866489947614,2,0.905851593349262,10,2.589739798936213,0.004042355518330408,-0.0712739467105266
events.csv(正本),A(淨現金 N2),驗證年份 2022-2026,跌勢衰竭,12m,軸一 行業殺 vs 個別殺,行業殺,46,26,5,33,中,0.5217391304347826,0.18037818490814012,0.021418778160059798,24,22,0.5186324759337836,-0.1886264962107437,0.27439289169362674,-0.13805889656577192,2.749520806209216,1.9875060464712946,0.18037818490814006,5.551115123125783e-15,2.221079679080189,0.06189171283555711,1,0.2676839268238492,3,0.6792555773275586,0.13502926281542788,0.06189171283555711
events.csv(正本),A(淨現金 N2),驗證年份 2022-2026,跌勢衰竭,12m,軸二 200 日線位置,線下 10% 內,39,19,2,36,中,0.41025641025641024,0.09864796441779564,-0.0723505839971009,16,23,0.6211836408308198,-0.26485511482604723,0.42530925599430236,-0.2741902878311609,2.345371510906269,1.5511463201650546,0.09864796441779564,0.0,2.221079679080189,-0.044431750430975726,1,0.5773130883964036,2,1.0689151873100649,0.04279449824246951,-0.007165820942668935
events.csv(正本),A(淨現金 N2),驗證年份 2022-2026,跌勢衰竭,12m,軸二 200 日線位置,線下逾 10%,179,54,2,147,高,0.43575418994413406,0.06309549364658379,-0.0719170278694236,78,101,0.4884486620314861,-0.26539507203680623,0.27182385125491026,-0.2316655410051094,1.8404586727358139,1.1733460663833262,0.0630954936465837,8.326672684688674e-15,4.494961586543262,0.007415019348791286,2,0.6508621478664892,9,1.702579281684746,0.02227794066927607,-0.046676447071019235
events.csv(正本),A(淨現金 N2),驗證年份 2022-2026,跌勢衰竭,12m,軸二 200 日線位置,線之上,19,15,7,19,低(樣本不足),0.42105263157894735,0.06689134673594754,-0.0854326468842892,8,11,0.6509553847989955,-0.35788249912808734,0.32886304152280443,-0.2931933443690445,1.8189081231547353,1.1216593003859674,0.06689134673594754,0.0,1.8837679031422776,-0.16406541023459614,1,1.4821899087205903,1,1.4821899087205903,-0.03404623973107082,-0.03404623973107082
events.csv(正本),A(淨現金 N2),驗證年份 2022-2026,跌勢衰竭,12m,軸二 250 日線位置(緩衝對照),線下 10% 內,40,18,3,37,中,0.375,0.03676756382446013,-0.10421800797569986,15,25,0.5551595031215855,-0.2742675997538151,0.3808678470434088,-0.2385188625475628,2.0241527020322536,1.5968038878579691,0.036767563824460114,1.3877787807814457e-15,2.221079679080189,-0.09529609794422032,1,1.5102167835244125,2,2.796218704349502,-0.019240439130814933,-0.06951851142616775
events.csv(正本),A(淨現金 N2),驗證年份 2022-2026,跌勢衰竭,12m,軸二 250 日線位置(緩衝對照),線下逾 10%,168,49,0,139,高,0.44047619047619047,0.07262974121092357,-0.0697219807618358,74,94,0.4953947032814508,-0.26018522892970425,0.2672352122433276,-0.22367201569216633,1.904007792138325,1.1947637321385618,0.07262974121092355,1.3877787807814457e-15,4.494961586543262,0.013410585248993488,2,0.6024438983356484,9,1.5759228018496922,0.029222281079268216,-0.04419681032312332
events.csv(正本),A(淨現金 N2),驗證年份 2022-2026,跌勢衰竭,12m,軸二 250 日線位置(緩衝對照),線之上,29,21,8,29,低(樣本不足),0.4482758620689655,0.09447587884834373,-0.0854326468842892,13,16,0.6353058754222972,-0.3449484933679936,0.399648603861602,-0.316590861883176,1.8417412675710638,1.2623504086137358,0.09447587884834366,6.938893903907228e-15,1.8837679031422776,-0.06507549436176187,1,0.6875565985020379,2,1.174602150600385,0.030572592266417526,-0.01771759471024759
events.csv(正本),A(淨現金 N2),驗證年份 2022-2026,買方回來,1m,總表(三格進場),全部,314,6,16,246,高,0.49044585987261147,0.006230729425473376,-0.00457388613458635,154,160,0.10554799633216529,-0.08936213997221758,0.07984464736021654,-0.0675372764644768,1.181126552754666,1.1822307848349964,0.006230729425473383,6.938893903907228e-16,0.560873599843575,0.0017084965905771058,4,0.9359522668890023,16,2.73150212824699,0.0004042133094628523,-0.011367770724402086
events.csv(正本),A(淨現金 N2),驗證年份 2022-2026,買方回來,1m,軸一 行業殺 vs 個別殺,個別殺,246,4,9,204,高,0.47560975609756095,0.0017259807057480498,-0.0059718100261885,117,129,0.09952132045890455,-0.08697211814013805,0.0663338392893435,-0.0660128001781977,1.1442899470212509,1.0048632857609308,0.0017259807057480592,9.324138683375338e-16,0.560873599843575,-0.003993442002256348,3,3.2855072926924995,13,10.121153562598845,-0.003993442002256348,-0.016621296246994984
events.csv(正本),A(淨現金 N2),驗證年份 2022-2026,買方回來,1m,軸一 行業殺 vs 個別殺,行業殺,68,2,7,49,中,0.5441176470588235,0.022527320382126764,0.01799063918233875,37,31,0.12460532274220602,-0.09930771469280655,0.1161347097706511,-0.0825743545381233,1.2547396053534592,1.4064258863450578,0.022527320382126757,6.938893903907228e-16,0.4361452535028447,0.007790765589700278,1,0.28471654320215317,4,0.8402261947799003,0.016353918395250373,0.0038242304300437433
events.csv(正本),A(淨現金 N2),驗證年份 2022-2026,買方回來,1m,軸二 200 日線位置,線下 10% 內,56,1,3,53,中,0.42857142857142855,-0.01973552872289611,-0.0177560254780828,24,32,0.10527113161811859,-0.11349052397865714,0.0890366867535955,-0.08817022407593135,0.9275763995760186,1.0098271574870668,-0.019735528722896106,3.469446951953614e-16,0.3937650153688239,-0.0357796749947758,1,-0.3562872943671658,3,-0.7158347854242335,-0.027253720433654652,-0.0357796749947758
events.csv(正本),A(淨現金 N2),驗證年份 2022-2026,買方回來,1m,軸二 200 日線位置,線下逾 10%,228,3,4,185,高,0.4692982456140351,0.006850033588103211,-0.0081737848718811,107,121,0.10785253764014029,-0.08246623032568165,0.0686907623434482,-0.0600044417468409,1.3078388234093057,1.1447612933931615,0.00685003358810321,8.673617379884035e-17,0.560873599843575,0.0006075602584816409,3,0.9124725394638147,12,2.6756239275760634,0.0006075602584816409,-0.0121157513063102
events.csv(正本),A(淨現金 N2),驗證年份 2022-2026,買方回來,1m,軸二 200 日線位置,線之上,30,2,9,29,中,0.7666666666666667,0.04999436633310964,0.040434868129759646,23,7,0.09511577168798248,-0.09826167983290104,0.0791078491504098,-0.100171811385579,0.9679843846526098,0.7897216597782156,0.04999436633310966,2.0816681711721685e-15,0.2720964666055614,0.026976341857118006,1,0.18141808538492651,2,0.350729063033681,0.04233567322026649,0.03477845257728803
events.csv(正本),A(淨現金 N2),驗證年份 2022-2026,買方回來,1m,軸二 250 日線位置(緩衝對照),線下 10% 內,57,0,4,54,中,0.42105263157894735,-0.021287206296402385,-0.0272647720344038,24,33,0.09911340653969573,-0.10885128835901918,0.08539891418064646,-0.0993733328958441,0.9105395814222663,0.8593745594721613,-0.021287206296402385,0.0,0.2404156021552075,-0.0350158440694938,1,-0.19813861541723932,3,-0.5583493881744286,-0.025960470733038275,-0.0350158440694938
events.csv(正本),A(淨現金 N2),驗證年份 2022-2026,買方回來,1m,軸二 250 日線位置(緩衝對照),線下逾 10%,212,3,2,174,高,0.47641509433962265,0.009589431212623036,-0.0069901188790798,101,111,0.10764845052960136,-0.07963544221994281,0.0686907623434482,-0.0600044417468409,1.3517655899026746,1.1447612933931615,0.009589431212623033,3.469446951953614e-16,0.560873599843575,0.0029083866849134938,3,0.7010010076732529,11,1.9298674500319841,0.0029083866849134938,-0.009404889498383327
events.csv(正本),A(淨現金 N2),驗證年份 2022-2026,買方回來,1m,軸二 250 日線位置(緩衝對照),線之上,45,3,10,44,中,0.6444444444444445,0.025263564031499836,0.0324880951438684,29,16,0.10355779912796616,-0.11664473708084538,0.0861615645615401,-0.08817022407593135,0.8878051570915815,0.9772183916345567,0.02526356403149984,3.469446951953614e-16,0.3937650153688239,0.0051681201957010465,1,0.346361806432078,3,0.8090697399897058,0.01688853104656065,0.0051681201957010465
events.csv(正本),A(淨現金 N2),驗證年份 2022-2026,買方回來,3m,總表(三格進場),全部,293,27,16,231,高,0.5290102389078498,0.024277079018651296,0.0112273997640921,155,138,0.17950192845005072,-0.15006967215429734,0.1154565851719067,-0.1402732827724425,1.196123946119453,0.8230832193412445,0.024277079018651296,0.0,1.7484214417058572,0.01172683566879343,3,0.5219043580122029,15,1.42339466087453,0.01172683566879343,-0.010833396373996121
events.csv(正本),A(淨現金 N2),驗證年份 2022-2026,買方回來,3m,軸一 行業殺 vs 個別殺,個別殺,232,18,9,194,高,0.4956896551724138,0.004027916203394495,-0.00500775941099195,115,117,0.17181967094435363,-0.16089560341378759,0.1154565851719067,-0.1561982602823737,1.0678953762488574,0.7391669085378121,0.004027916203394502,6.938893903907228e-16,1.1256720008353378,-0.007521797091430194,3,2.843268851425368,12,7.804878651687246,-0.007521797091430194,-0.028904543582351498
events.csv(正本),A(淨現金 N2),驗證年份 2022-2026,買方回來,3m,軸一 行業殺 vs 個別殺,行業殺,61,9,7,43,中,0.6557377049180327,0.10129028841438206,0.0378012347649385,40,21,0.20158841877892986,-0.08975376942285178,0.11538250399162961,-0.0719957733455639,2.2460161848935605,1.6026288576388914,0.10129028841438208,1.3877787807814457e-15,1.7484214417058572,0.05801305375967224,1,0.282975268745233,4,0.5329523574380387,0.07383810252619084,0.050627207289822056
events.csv(正本),A(淨現金 N2),驗證年份 2022-2026,買方回來,3m,軸二 200 日線位置,線下 10% 內,51,6,3,48,中,0.5098039215686274,0.0036470127670675703,0.0008320954123026,26,25,0.2024295438770517,-0.20308681958731595,0.15480457238931475,-0.1728432297724457,0.9967635727833059,0.8956357306740941,0.0036470127670675395,3.0791341698588326e-15,0.6929877263161628,-0.03246331006597846,1,3.7257875147434323,3,9.377734201373869,-0.010139801503914336,-0.03246331006597846
events.csv(正本),A(淨現金 N2),驗證年份 2022-2026,買方回來,3m,軸二 200 日線位置,線下逾 10%,217,14,4,177,高,0.5391705069124424,0.030964671317047953,0.0123430322277149,117,100,0.16590714633703194,-0.12691802445633335,0.1137309161227189,-0.108065139887754,1.3071992496551421,1.052429268502774,0.030964671317047936,1.734723475976807e-15,1.7484214417058572,0.014971305667457345,3,0.5231879279377051,11,1.098635435973537,0.014971305667457345,-0.003217302944486133
events.csv(正本),A(淨現金 N2),驗證年份 2022-2026,買方回來,3m,軸二 200 日線位置,線之上,25,7,9,24,低(樣本不足),0.48,0.008314113021799185,-0.0861112200537296,12,13,0.2623745539601487,-0.22620321707513882,0.17994097714289145,-0.2078135155460271,1.1599063768973483,0.8658771623688626,0.008314113021799185,0.0,0.8383083659735373,-0.0743202890923044,1,4.033182439428162,2,6.561820266135354,-0.02626898085118991,-0.05026261119519844
events.csv(正本),A(淨現金 N2),驗證年份 2022-2026,買方回來,3m,軸二 250 日線位置(緩衝對照),線下 10% 內,52,5,4,49,中,0.5,0.010973558616751516,-0.00321461391295135,26,26,0.20053918884640945,-0.1785920716129064,0.14051522653457987,-0.1693384593222198,1.122889650337182,0.8297892108915752,0.01097355861675152,3.469446951953614e-16,0.6929877263161628,-0.02569150378849046,1,1.2144362198237082,3,3.2061486608264382,-0.002399268200883999,-0.02569150378849046
events.csv(正本),A(淨現金 N2),驗證年份 2022-2026,買方回來,3m,軸二 250 日線位置(緩衝對照),線下逾 10%,203,12,2,166,高,0.5467980295566502,0.03212842425176943,0.0138342951999927,111,92,0.16442800945667382,-0.12749390137588698,0.1084658089921906,-0.11153667329624756,1.2896931357672943,0.9724676717235364,0.032128424251769414,1.3877787807814457e-15,1.7484214417058572,0.015032979300728302,3,0.5390120309359143,11,1.1056007665335381,0.015032979300728302,-0.003587164606176122
events.csv(正本),A(淨現金 N2),驗證年份 2022-2026,買方回來,3m,軸二 250 日線位置(緩衝對照),線之上,38,10,10,37,中,0.47368421052631576,0.0005391837180146822,-0.0439132524117588,18,20,0.24207060833669025,-0.21683909843879334,0.17154790366174785,-0.20666091979739243,1.1163605183731151,0.83009358435998,0.0005391837180146464,3.577867169202165e-15,0.8383083659735373,-0.0520763875903091,1,40.91508281113767,2,66.5671398734928,-0.022103226613215666,-0.03731677504861072
events.csv(正本),A(淨現金 N2),驗證年份 2022-2026,買方回來,6m,總表(三格進場),全部,260,60,16,209,高,0.4307692307692308,-0.00629524704859517,-0.057503034173712705,112,148,0.29852547754894626,-0.23697038998727518,0.2055493530944122,-0.2208738827916561,1.2597585612488398,0.9306186430756094,-0.0062952470485951595,1.0408340855860843e-15,2.3951213801980296,-0.024438348354033294,3,-2.8372389876069164,13,-7.905489031367448,-0.024438348354033294,-0.05901289846422375
events.csv(正本),A(淨現金 N2),驗證年份 2022-2026,買方回來,6m,軸一 行業殺 vs 個別殺,個別殺,212,38,9,178,高,0.4056603773584906,-0.02764423833825642,-0.09335627358158005,86,126,0.2986525468942222,-0.2503547425445513,0.20368549085741655,-0.2384487119561938,1.192917473257277,0.8542109084440611,-0.027644238338256383,3.816391647148976e-15,2.3951213801980296,-0.050260621158192235,3,-0.7923946880660792,11,-1.9038521646118296,-0.050260621158192235,-0.08466792857497185
events.csv(正本),A(淨現金 N2),驗證年份 2022-2026,買方回來,6m,軸一 行業殺 vs 個別殺,行業殺,48,22,7,35,中,0.5416666666666666,0.08799613114740867,0.02072802025382975,26,22,0.2981051712530337,-0.16031455261378455,0.20894747562677335,-0.12702614321521566,1.8595016259765385,1.6449171039756865,0.08799613114740866,1.3877787807814457e-15,0.8843681079677554,0.04197973818398738,1,0.2093766548872204,3,0.5527530127255245,0.07105204653420981,0.04197973818398738
events.csv(正本),A(淨現金 N2),驗證年份 2022-2026,買方回來,6m,軸二 200 日線位置,線下 10% 內,44,13,3,41,中,0.5,0.05323565568055572,-0.00413911599949245,22,22,0.41293496972723087,-0.3064636583661194,0.21084147045467735,-0.34365390138377744,1.347419044492103,0.6135285227541152,0.053235655680555743,2.0816681711721685e-15,2.3951213801980296,-0.05053749502881845,1,1.0225210176675756,3,1.8845905273333423,-0.0012268030291529577,-0.05053749502881845
events.csv(正本),A(淨現金 N2),驗證年份 2022-2026,買方回來,6m,軸二 200 日線位置,線下逾 10%,194,37,4,161,高,0.41237113402061853,-0.016816239533413352,-0.0643379470921182,80,114,0.27002212673266274,-0.2181063211236422,0.2082727407829969,-0.2098737665444088,1.2380298073965037,0.9923714822115554,-0.01681623953341338,2.7755575615628914e-15,1.1138532561935597,-0.032631497262402116,2,-0.6366257800409859,10,-2.31741827551669,-0.02780857750980918,-0.058818375372829745
events.csv(正本),A(淨現金 N2),驗證年份 2022-2026,買方回來,6m,軸二 200 日線位置,線之上,22,10,9,22,低(樣本不足),0.45454545454545453,-0.0325810278680457,-0.07208374145033014,10,12,0.2748514012869888,-0.28877471883057443,0.12769270378075434,-0.26867843395953594,0.9517848459866236,0.47526220061259317,-0.032581027868045676,2.7755575615628914e-15,1.0306399376185458,-0.14688157442231,1,-1.4378696117717698,2,-2.376657831298508,-0.08321059765312147,-0.12101648119263057
events.csv(正本),A(淨現金 N2),驗證年份 2022-2026,買方回來,6m,軸二 250 日線位置(緩衝對照),線下 10% 內,46,11,4,43,中,0.43478260869565216,0.0013200804537376344,-0.03729730565270645,20,26,0.33870989942507085,-0.25821054952421096,0.21084147045467735,-0.2718924908675027,1.311758563115222,0.7754589682928152,0.001320080453737632,2.38524477946811e-16,1.134916657960224,-0.065251724431264,1,18.689846660594853,3,47.20640886928074,-0.023870954601962053,-0.065251724431264
events.csv(正本),A(淨現金 N2),驗證年份 2022-2026,買方回來,6m,軸二 250 日線位置(緩衝對照),線下逾 10%,182,33,2,152,高,0.42857142857142855,-0.012012014771803073,-0.0643379470921182,78,104,0.2649004723036475,-0.21969638007839098,0.20266691524136332,-0.21103982946599958,1.205757109922007,0.9603254312428962,-0.012012014771803067,5.204170427930421e-16,1.1138532561935597,-0.028806995508965195,2,-0.9500087176253178,10,-3.45818160864197,-0.023683795004829634,-0.05666521678829443
events.csv(正本),A(淨現金 N2),驗證年份 2022-2026,買方回來,6m,軸二 250 日線位置(緩衝對照),線之上,32,16,10,32,中,0.4375,0.015271836092546384,-0.07208374145033014,14,18,0.4284584755211475,-0.3060955501296989,0.22082748790881773,-0.3080448865930019,1.3997540158280672,0.7168678901025928,0.015271836092546398,1.3877787807814457e-15,2.3951213801980296,-0.12448171158593627,1,4.9010179704402885,2,7.009965306923217,-0.06149750403988857,-0.09790208542850305
events.csv(正本),A(淨現金 N2),驗證年份 2022-2026,買方回來,12m,總表(三格進場),全部,230,90,16,185,高,0.4217391304347826,0.04227810810932326,-0.0928888935387535,97,133,0.49557050790748886,-0.2883186045254291,0.2461235408683475,-0.2681362321128345,1.7188294481488464,0.9179048237120606,0.042278108109323254,6.938893903907228e-16,3.2587107835514573,0.004640116602974446,3,0.8916793218113334,12,2.298873050714598,0.004640116602974446,-0.057936678483631224
events.csv(正本),A(淨現金 N2),驗證年份 2022-2026,買方回來,12m,軸一 行業殺 vs 個別殺,個別殺,184,66,9,156,高,0.41304347826086957,0.018284818305886085,-0.1483834796496116,76,108,0.4868634035870596,-0.3114556676327175,0.2350429552430314,-0.3060175419954734,1.563186848669554,0.768070201826888,0.01828481830588613,4.5102810375396984e-15,3.2587107835514573,-0.027019942394390123,2,1.8001663200024893,10,5.411678939374547,-0.014791674850193642,-0.08530276782061887
events.csv(正本),A(淨現金 N2),驗證年份 2022-2026,買方回來,12m,軸一 行業殺 vs 個別殺,行業殺,46,24,7,33,中,0.45652173913043476,0.13825126732307197,-0.032809981505308,21,25,0.5270819330671375,-0.18836649190194307,0.3182970188267744,-0.1416638144442236,2.7981724761403832,2.246847722373701,0.13825126732307194,2.7755575615628914e-15,2.614167005250864,0.02781910294459662,1,0.4110610962621503,3,0.8119018065754603,0.08323091759134324,0.02781910294459662
events.csv(正本),A(淨現金 N2),驗證年份 2022-2026,買方回來,12m,軸二 200 日線位置,線下 10% 內,37,20,3,34,中,0.40540540540540543,0.10216332315942489,-0.0424784858604485,15,22,0.6461105320673363,-0.268709773823242,0.490249211734032,-0.2678732341239058,2.4044921138311457,1.8301537790343971,0.10216332315942486,2.7755575615628914e-15,2.614167005250864,-0.05059282418740369,1,0.6915707136290371,2,1.186212634528047,0.03238544310132939,-0.020111193075237108
events.csv(正本),A(淨現金 N2),驗證年份 2022-2026,買方回來,12m,軸二 200 日線位置,線下逾 10%,174,57,4,144,高,0.42528735632183906,0.027471288261969123,-0.0928888935387535,74,100,0.4487428599244228,-0.2842696747682467,0.22610083127645036,-0.26475166732433464,1.5785815363185125,0.8540109815416763,0.027471288261969068,5.551115123125783e-15,3.2587107835514573,-0.020321707509269173,2,1.267047306101342,9,3.3778225366441355,-0.007421437403695695,-0.06888485824940993
events.csv(正本),A(淨現金 N2),驗證年份 2022-2026,買方回來,12m,軸二 200 日線位置,線之上,19,13,9,19,低(樣本不足),0.42105263157894735,0.061258828982263196,-0.1137432013416912,8,11,0.6464637064511354,-0.3643447182678257,0.48894212429927997,-0.3531287724815545,1.774318863532769,1.3846000734047226,0.06125882898226315,4.85722573273506e-15,1.6200922574518923,-0.15565791978155707,1,1.3919301913980104,1,1.3919301913980104,-0.02534302815493841,-0.02534302815493841
events.csv(正本),A(淨現金 N2),驗證年份 2022-2026,買方回來,12m,軸二 250 日線位置(緩衝對照),線下 10% 內,38,19,4,35,中,0.3684210526315789,0.031465157246848376,-0.15512447529226725,14,24,0.5807188046514,-0.2889328037391401,0.3011074261387976,-0.2872196408989526,2.0098749506327978,1.048352491481357,0.03146515724684837,6.938893903907228e-16,2.614167005250864,-0.1119464090441059,1,2.1863506995860895,2,3.7501252905128246,-0.0383375954019088,-0.09134052053199396
events.csv(正本),A(淨現金 N2),驗證年份 2022-2026,買方回來,12m,軸二 250 日線位置(緩衝對照),線下逾 10%,163,52,2,136,高,0.43558282208588955,0.03912083292491535,-0.0798356650963419,71,92,0.453679983215557,-0.28081068523416686,0.2250165108973589,-0.25655339452215,1.6156079774430063,0.877074775473032,0.039120832924915305,4.163336342344337e-15,3.2587107835514573,-0.011739502343165297,2,0.9497852198920956,9,2.532033259748255,0.001988847054303861,-0.06343707793489652
events.csv(正本),A(淨現金 N2),驗證年份 2022-2026,買方回來,12m,軸二 250 日線位置(緩衝對照),線之上,29,19,10,29,低(樣本不足),0.41379310344827586,0.07419286631044514,-0.0424784858604485,12,17,0.6440830994668557,-0.32808259238819776,0.5825605365095071,-0.3184166629819489,1.9631736471551533,1.8295541792752619,0.07419286631044505,8.326672684688674e-15,1.6200922574518923,-0.06245996486351871,1,0.7529733387466782,2,1.2824394701842694,0.018982173769679152,-0.022507215619002204
events.csv(正本),"A2(N2,缺債務標籤當零負債)",全期 2010-2026,觸發日即買,1m,總表(三格進場),全部,3215,28,0,1730,高,0.49860031104199065,0.004026507388509379,-0.0006538823672215,1603,1612,0.10023904206754031,-0.0916488605336287,0.0729710428978445,-0.07016954707792686,1.0937292780717074,1.039924667274914,0.004026507388509376,2.6020852139652106e-16,0.8506280957372951,0.0033122649922753106,33,1.2729376854366727,161,3.9011440460224365,-0.0011103830064576026,-0.012297299137410756
events.csv(正本),"A2(N2,缺債務標籤當零負債)",全期 2010-2026,觸發日即買,1m,軸一 行業殺 vs 個別殺,個別殺,2517,13,0,1531,高,0.4942391736193882,0.0034338766805174317,-0.0015539014555955,1244,1273,0.10107726153122375,-0.09198511055772189,0.07160587881363085,-0.0705681834800504,1.0988437250156524,1.014704861063539,0.0034338766805174364,4.77048955893622e-16,0.8506280957372951,0.0025206211241022305,26,1.5591990503298903,126,4.726602865369678,-0.001940263025522303,-0.013471049979867814
events.csv(正本),"A2(N2,缺債務標籤當零負債)",全期 2010-2026,觸發日即買,1m,軸一 行業殺 vs 個別殺,行業不明,4,0,0,4,低(樣本不足),0.5,-0.04800290070207808,-0.0302999383430411,2,2,0.0436231695696701,-0.13962897097382626,0.0436231695696701,-0.13962897097382626,0.31242205156584124,0.31242205156584124,-0.04800290070207808,0.0,0.0704998945276584,-0.2019116206498885,1,-0.36716476242344254,1,-0.36716476242344254,-0.08750383244532357,-0.08750383244532357
events.csv(正本),"A2(N2,缺債務標籤當零負債)",全期 2010-2026,觸發日即買,1m,軸一 行業殺 vs 個別殺,行業殺,694,15,0,285,高,0.5144092219020173,0.006475742438045511,0.0031601659426603,357,337,0.09763536344617765,-0.09009394509875915,0.0784870239412007,-0.0693764810781837,1.0837061618197732,1.1313203368263935,0.006475742438045523,1.214306433183765e-15,0.5261583729519421,0.004395829193040029,7,0.6521667196067282,35,2.128292964040034,0.002275429755798924,-0.007694590338495979
events.csv(正本),"A2(N2,缺債務標籤當零負債)",全期 2010-2026,觸發日即買,1m,軸二 200 日線位置,線下 10% 內,595,6,0,464,高,0.4890756302521008,-0.0007204935326245162,-0.0030254919977872,291,304,0.09293266940113634,-0.09036875147250745,0.070309561271258,-0.0694531287745804,1.0283717312328797,1.012331085896177,-0.0007204935326245165,3.252606517456513e-17,0.5261583729519421,-0.0033084755421971504,6,-6.5115899901238405,30,-20.184199383324014,-0.0054671832674511155,-0.016073507604354633
events.csv(正本),"A2(N2,缺債務標籤當零負債)",全期 2010-2026,觸發日即買,1m,軸二 200 日線位置,線下逾 10%,2244,10,0,1334,高,0.5075757575757576,0.006511305999081434,0.00164716455477695,1139,1105,0.10011461307973689,-0.08997210283790189,0.0711375854229749,-0.0683798992965855,1.1127295008332554,1.0403289000825875,0.006511305999081431,3.469446951953614e-16,0.8506280957372951,0.005538255495761931,23,0.779203296792866,113,2.437122066088076,0.0014525630218340788,-0.00985374152701271
events.csv(正本),"A2(N2,缺債務標籤當零負債)",全期 2010-2026,觸發日即買,1m,軸二 200 日線位置,線之上,376,12,0,263,高,0.4601063829787234,-0.0032911057339614345,-0.0121280286611411,173,203,0.11334816959951512,-0.10269304973736755,0.0865350323892402,-0.082659563962291,1.1037569717658353,1.0468846947791446,-0.003291105733961422,1.2576745200831851e-15,0.7289663457738649,-0.00851869999993681,4,-1.8521621925235554,19,-5.0237915133107505,-0.009487700328217358,-0.020880043363884052
events.csv(正本),"A2(N2,缺債務標籤當零負債)",全期 2010-2026,觸發日即買,1m,軸二 250 日線位置(緩衝對照),線下 10% 內,581,7,0,474,高,0.4802065404475043,0.00018404516421656342,-0.0042324651838833,279,302,0.0948547221157938,-0.08727661334402864,0.0693847675753087,-0.06396534262328879,1.086828630046558,1.0847243949576968,0.00018404516421655776,5.664956351236761e-16,0.7225226504839646,-0.0026251833506794153,6,25.110551771630544,30,81.35781139725351,-0.004483734082354687,-0.015594700710554557
events.csv(正本),"A2(N2,缺債務標籤當零負債)",全期 2010-2026,觸發日即買,1m,軸二 250 日線位置(緩衝對照),線下逾 10%,2094,7,0,1263,高,0.5066857688634193,0.006119501762191321,0.0012693485203759,1061,1033,0.0999886617075786,-0.09029403037919871,0.0711105033127568,-0.0692721849793486,1.107367356265595,1.0265376115096736,0.00611950176219133,9.54097911787244e-16,0.8506280957372951,0.0051465223116030434,21,0.8254885181501301,105,2.606054681138192,0.0010787416466723969,-0.01034709141339027
events.csv(正本),"A2(N2,缺債務標籤當零負債)",全期 2010-2026,觸發日即買,1m,軸二 250 日線位置(緩衝對照),線之上,540,14,0,365,高,0.48703703703703705,4.454504373926319e-05,-0.0032728398615932503,263,277,0.1069610147993146,-0.1014682042187745,0.0826025691575123,-0.0815294743185603,1.0541333181446386,1.0131620478105758,4.4545043739262213e-05,9.75781955236954e-17,0.7289663457738649,-0.003567905065898926,6,128.06588368136775,27,354.0206662041149,-0.0057237525974372806,-0.016552969491501177
events.csv(正本),"A2(N2,缺債務標籤當零負債)",全期 2010-2026,觸發日即買,3m,總表(三格進場),全部,3107,136,0,1686,高,0.4943675571290634,0.015605871574103286,-0.0025904360194133,1536,1571,0.18990862107513995,-0.15481362125440867,0.1369305110486528,-0.1315172831962957,1.2266919379339294,1.0411598211337565,0.015605871574103286,0.0,3.644043104313688,0.013558411628768398,32,0.646948281417542,156,1.9927079415734716,0.005567016284233754,-0.01631103683956975
events.csv(正本),"A2(N2,缺債務標籤當零負債)",全期 2010-2026,觸發日即買,3m,軸一 行業殺 vs 個別殺,個別殺,2452,78,0,1495,高,0.4857259380097879,0.008830534996122866,-0.0067514750687227496,1191,1261,0.18748530859752358,-0.15990684435301927,0.133690147904268,-0.1384234940395661,1.1724658150568,0.9658053268475859,0.008830534996122866,0.0,3.644043104313688,0.006238985527206009,25,1.1578452151485485,123,3.534684881022823,-0.0014082155218068232,-0.023564702848789237
events.csv(正本),"A2(N2,缺債務標籤當零負債)",全期 2010-2026,觸發日即買,3m,軸一 行業殺 vs 個別殺,行業不明,4,0,0,4,低(樣本不足),0.75,0.013353434212624252,0.0396426327492854,3,1,0.04596220807285147,-0.0844728873680574,0.0441877598938091,-0.0844728873680574,0.5441060381017784,0.5230999113511807,0.013353434212624252,0.0,0.0586013587199836,-0.0844728873680574,1,1.0971214929973265,1,1.0971214929973265,-0.0017292072898288657,-0.0017292072898288657
events.csv(正本),"A2(N2,缺債務標籤當零負債)",全期 2010-2026,觸發日即買,3m,軸一 行業殺 vs 個別殺,行業殺,651,58,0,272,高,0.5253456221198156,0.04113910512042266,0.0106134152284833,342,309,0.1996103883261573,-0.13425629570922545,0.14611132605591765,-0.1141784877606083,1.4867860555193393,1.279674734896307,0.04113910512042261,4.85722573273506e-15,1.2201125721561443,0.03649947585432206,7,0.2351508892548142,33,0.7499833623669055,0.0318072210982972,0.010834684369053505
events.csv(正本),"A2(N2,缺債務標籤當零負債)",全期 2010-2026,觸發日即買,3m,軸二 200 日線位置,線下 10% 內,569,32,0,446,高,0.47627416520210897,0.006926353209150574,-0.0095370670872932,271,298,0.17874793101890393,-0.1493274977520681,0.1260944416586347,-0.1248848620337932,1.1970195289529544,1.0096855584027005,0.006926353209150568,6.071532165918825e-16,1.5379776085719985,0.0006733719584992322,6,1.46254240189411,29,4.180792516712658,-0.0032378748424421486,-0.02321445445802942
events.csv(正本),"A2(N2,缺債務標籤當零負債)",全期 2010-2026,觸發日即買,3m,軸二 200 日線位置,線下逾 10%,2210,44,0,1308,高,0.5063348416289593,0.01789944261817933,0.0031087538938780503,1119,1091,0.1840536221982383,-0.15251900554871892,0.1363918218875559,-0.1297142004160901,1.2067586038609879,1.0514794945352604,0.017899442618179315,1.3877787807814457e-15,1.1911755414800729,0.016415247631331256,23,0.4839508058625538,111,1.631605990544359,0.00933413552553827,-0.011903250766533605
events.csv(正本),"A2(N2,缺債務標籤當零負債)",全期 2010-2026,觸發日即買,3m,軸二 200 日線位置,線之上,328,60,0,244,高,0.4451219512195122,0.015209084812670467,-0.0273128815776641,146,182,0.25549965359906374,-0.17755148135663407,0.18284606415630922,-0.14983437733136928,1.4390173016121512,1.220321180044899,0.015209084812670443,2.42861286636753e-15,3.644043104313688,-0.0019199277674191797,4,1.3076877860074205,17,3.1157896906722615,-0.004737423085471499,-0.0339382178495058
events.csv(正本),"A2(N2,缺債務標籤當零負債)",全期 2010-2026,觸發日即買,3m,軸二 250 日線位置(緩衝對照),線下 10% 內,567,21,0,463,高,0.4479717813051146,-0.009215221248219005,-0.0220976985925852,254,313,0.15996198043376103,-0.14650279066426672,0.1217817930257375,-0.1118792130990414,1.0918698525022508,1.0885113476614265,-0.009215221248219024,1.908195823574488e-15,0.731241176472126,-0.013050858635913511,6,-0.7589020936116367,29,-2.5459544957582656,-0.01638202672676425,-0.03443814164802621
events.csv(正本),"A2(N2,缺債務標籤當零負債)",全期 2010-2026,觸發日即買,3m,軸二 250 日線位置(緩衝對照),線下逾 10%,2062,39,0,1239,高,0.5111542192046556,0.020526542050302125,0.0044833508123627,1054,1008,0.1874145500661173,-0.15397738696623472,0.13785910809273944,-0.13152679633872874,1.2171563224878919,1.0481446513583643,0.020526542050302132,6.938893903907228e-16,1.2201125721561443,0.018839207973200465,21,0.43192743262408323,104,1.4629052526985156,0.011780541862383798,-0.010006538613893043
events.csv(正本),"A2(N2,缺債務標籤當零負債)",全期 2010-2026,觸發日即買,3m,軸二 250 日線位置(緩衝對照),線之上,478,76,0,341,高,0.4769874476987448,0.02382163958317176,-0.010167262736512549,228,250,0.23479983847171937,-0.16859047780318365,0.15713670032267354,-0.14878983113018154,1.3927230145573823,1.056098384742362,0.023821639583171766,6.938893903907228e-16,3.644043104313688,0.010849466239032764,5,0.7079708391193494,24,1.8294733158279484,0.007030150558003002,-0.020803964913080706
events.csv(正本),"A2(N2,缺債務標籤當零負債)",全期 2010-2026,觸發日即買,6m,總表(三格進場),全部,2908,335,0,1606,高,0.4470426409903714,0.008592115146187204,-0.0368856648887298,1300,1608,0.28271351945438994,-0.21302344803830506,0.1888834358201605,-0.18125121024647672,1.3271474199570439,1.0421085495832276,0.008592115146187199,5.204170427930421e-16,3.5697477446936787,0.005209810322582054,30,2.025144282712837,146,5.542885363539135,-0.008899973122122406,-0.041096287819529384
events.csv(正本),"A2(N2,缺債務標籤當零負債)",全期 2010-2026,觸發日即買,6m,軸一 行業殺 vs 個別殺,個別殺,2324,206,0,1431,高,0.4401893287435456,-0.00010269943135141074,-0.04007222665979445,1023,1301,0.2776842240886993,-0.21853161777186786,0.1828737726399651,-0.1862562003543406,1.2706821416504717,0.9818399188432887,-0.00010269943135141069,5.421010862427522e-18,3.5697477446936787,-0.003928067330257303,24,-164.69963519297772,117,-454.8520207171877,-0.017194829700510172,-0.049297592862664455
events.csv(正本),"A2(N2,缺債務標籤當零負債)",全期 2010-2026,觸發日即買,6m,軸一 行業殺 vs 個別殺,行業不明,3,1,0,3,低(樣本不足),0.6666666666666666,0.11006230640105373,0.0868504482770979,2,1,0.21558363190104285,-0.1009803445989245,0.21558363190104285,-0.1009803445989245,2.134906874771538,2.134906874771538,0.11006230640105372,1.3877787807814457e-15,0.3443168155249878,,1,1.0427936283966859,1,1.0427936283966859,-0.007064948160913305,-0.007064948160913305
events.csv(正本),"A2(N2,缺債務標籤當零負債)",全期 2010-2026,觸發日即買,6m,軸一 行業殺 vs 個別殺,行業殺,581,128,0,250,高,0.47332185886402756,0.04284743098858848,-0.0217446870511073,275,306,0.3019107155787832,-0.189970880326129,0.208584473863296,-0.16043826255132285,1.5892473365417035,1.3000918268893096,0.04284743098858848,0.0,3.397946482669285,0.031109535284802276,6,0.4504969628639457,30,1.2221017701277315,0.02379047826304643,-0.010034629484034404
events.csv(正本),"A2(N2,缺債務標籤當零負債)",全期 2010-2026,觸發日即買,6m,軸二 200 日線位置,線下 10% 內,516,85,0,411,高,0.43410852713178294,0.0011999675747236295,-0.03487724198052475,224,292,0.2890240155325562,-0.21959656236553154,0.19914313662476302,-0.19436754787320215,1.316159107497587,1.0245698873284972,0.0011999675747235844,4.5102810375396984e-15,3.397946482669285,-0.013665385678879158,6,18.239953984874123,26,42.452725968756916,-0.020930766780653722,-0.052381294603977176
events.csv(正本),"A2(N2,缺債務標籤當零負債)",全期 2010-2026,觸發日即買,6m,軸二 200 日線位置,線下逾 10%,2098,156,0,1252,高,0.45281220209723544,0.00874158453061267,-0.033518934811347004,950,1148,0.27114258935049357,-0.20840210412695429,0.18363043119909225,-0.17795197754054895,1.3010549508910862,1.0319100340272946,0.008741584530612634,3.642919299551295e-15,3.5697477446936787,0.005334907013335577,21,1.7072313060779418,105,5.042948140009151,-0.006244830076812673,-0.03720373285679193
events.csv(正本),"A2(N2,缺債務標籤當零負債)",全期 2010-2026,觸發日即買,6m,軸二 200 日線位置,線之上,294,94,0,227,高,0.42857142857142855,0.020499466773229988,-0.0534031121965481,126,168,0.35873599943210616,-0.23317793272092716,0.20994941303930054,-0.194137204598753,1.538464619040301,1.081448625332937,0.020499466773230002,1.3877787807814457e-15,2.883677630648528,-0.0028406896804559385,3,1.1371598140657655,15,3.183760575075307,-0.0028406896804559385,-0.047172697637050495
events.csv(正本),"A2(N2,缺債務標籤當零負債)",全期 2010-2026,觸發日即買,6m,軸二 250 日線位置(緩衝對照),線下 10% 內,524,64,0,432,高,0.40076335877862596,-0.02437128171850725,-0.06426583268911285,210,314,0.26120056099564043,-0.21535881983943403,0.17090399218583416,-0.1806047198388873,1.2128621488099944,0.9462875186113248,-0.02437128171850725,0.0,3.397946482669285,-0.037940246018195,6,-0.8131031436342472,27,-1.8480623876011963,-0.04469947353101931,-0.07318174595424404
events.csv(正本),"A2(N2,缺債務標籤當零負債)",全期 2010-2026,觸發日即買,6m,軸二 250 日線位置(緩衝對照),線下逾 10%,1956,145,0,1183,高,0.4591002044989775,0.012930885322760478,-0.0271866634548902,898,1058,0.2738936618951652,-0.20856682106856222,0.18406032291240199,-0.178292801141209,1.3132177998969838,1.032348595873061,0.01293088532276046,1.734723475976807e-15,3.5697477446936787,0.009317956844707959,20,1.180712531467936,98,3.47609793501029,-0.002360913237954623,-0.03370693153900984
events.csv(正本),"A2(N2,缺債務標籤當零負債)",全期 2010-2026,觸發日即買,6m,軸二 250 日線位置(緩衝對照),線之上,428,126,0,318,高,0.4485981308411215,0.029120585921239926,-0.038835867275508945,192,236,0.3474945265612712,-0.22989550137912454,0.22017842109202795,-0.20403391327119724,1.5115325201088305,1.0791265900947153,0.029120585921239922,3.469446951953614e-16,2.883677630648528,0.012069252074362031,5,0.8679607408523426,22,2.148803717529143,0.003890510479768543,-0.035266606875225176
events.csv(正本),"A2(N2,缺債務標籤當零負債)",全期 2010-2026,觸發日即買,12m,總表(三格進場),全部,2686,557,0,1504,高,0.45346239761727475,0.021870070903349404,-0.05100838072207575,1218,1468,0.40975152697802497,-0.29995527889157897,0.2849226575864498,-0.2778461714617648,1.3660420596436067,1.0254690791219299,0.021870070903349387,1.734723475976807e-15,11.705683397360184,0.014781767151279265,27,1.2070951561334384,135,3.289608597675663,-0.004575175975985224,-0.05272383448507278
events.csv(正本),"A2(N2,缺債務標籤當零負債)",全期 2010-2026,觸發日即買,12m,軸一 行業殺 vs 個別殺,個別殺,2154,376,0,1343,高,0.43129062209842156,0.00012862268206965944,-0.07091731854433869,929,1225,0.4065774520598207,-0.3081088977195065,0.2812670755853268,-0.2885369612000668,1.3195901029445671,0.9748043176704175,0.00012862268206967342,1.3986208025063007e-15,11.705683397360184,-0.00853973613025109,22,207.92267793267393,108,550.1815555282947,-0.026889588135671275,-0.07436585471222883
events.csv(正本),"A2(N2,缺債務標籤當零負債)",全期 2010-2026,觸發日即買,12m,軸一 行業殺 vs 個別殺,行業不明,3,1,0,3,低(樣本不足),1.0,0.3505037880408681,0.3912031723355986,3,0,0.3505037880408681,,0.3912031723355986,,,,0.3505037880408681,0.0,0.4640107923074708,,1,0.44127986452590345,1,0.44127986452590345,0.29375028590756674,0.29375028590756674
events.csv(正本),"A2(N2,缺債務標籤當零負債)",全期 2010-2026,觸發日即買,12m,軸一 行業殺 vs 個別殺,行業殺,529,180,0,231,高,0.5406427221172023,0.10853392405500165,0.0453408906726509,286,243,0.4206832011592249,-0.2588516448824793,0.3046149369511053,-0.2362707949635358,1.6251903724630317,1.2892619123667706,0.10853392405500166,1.3877787807814457e-15,3.777265425248849,0.09223475489718765,6,0.26178460847591073,27,0.6990179878936706,0.08104058815279494,0.03442373591316178
events.csv(正本),"A2(N2,缺債務標籤當零負債)",全期 2010-2026,觸發日即買,12m,軸二 200 日線位置,線下 10% 內,485,116,0,381,高,0.42061855670103093,-0.013370542416373648,-0.1055676355676031,204,281,0.3932981446693337,-0.30860332592343526,0.2579044068222188,-0.2946463323178538,1.2744455799122247,0.8753016024105837,-0.013370542416373643,5.204170427930421e-16,2.664097942208954,-0.028717477056820193,5,-1.7403321290164067,25,-5.12915798788099,-0.03702139078852751,-0.08640398026957564
events.csv(正本),"A2(N2,缺債務標籤當零負債)",全期 2010-2026,觸發日即買,12m,軸二 200 日線位置,線下逾 10%,1931,323,0,1172,高,0.47643707923355777,0.03375219070443963,-0.0252797440947381,920,1011,0.3882345370086848,-0.2888232381777618,0.2867936995892778,-0.2615345219892777,1.3441942534060864,1.0965806632633979,0.033752190704439605,2.7755575615628914e-15,3.777265425248849,0.028525345505639944,20,0.6440247778970227,97,1.913219253355643,0.012140688674913155,-0.03245338244888208
events.csv(正本),"A2(N2,缺債務標籤當零負債)",全期 2010-2026,觸發日即買,12m,軸二 200 日線位置,線之上,270,118,0,208,高,0.34814814814814815,0.0001934935854252031,-0.16223217953979946,94,176,0.6560506840287265,-0.3500938694922471,0.31323284425186826,-0.33490195011635493,1.8739279410411238,0.9352971642686518,0.0001934935854251696,3.3501847129802087e-15,11.705683397360184,-0.06625970691900895,3,339.6339025619582,14,664.2740808849983,-0.06625970691900895,-0.13535783440668755
events.csv(正本),"A2(N2,缺債務標籤當零負債)",全期 2010-2026,觸發日即買,12m,軸二 250 日線位置(緩衝對照),線下 10% 內,489,99,0,402,高,0.3987730061349693,-0.02918138418061454,-0.1188658379740886,195,294,0.3928372161542828,-0.3090916803211076,0.24963216518466,-0.3016830127326356,1.270940763420659,0.8274651029353606,-0.029181384180614556,1.734723475976807e-15,3.777265425248849,-0.04767214323764542,5,-0.881821619471429,25,-2.3194445898429037,-0.055481454674756174,-0.10208506046329088
events.csv(正本),"A2(N2,缺債務標籤當零負債)",全期 2010-2026,觸發日即買,12m,軸二 250 日線位置(緩衝對照),線下逾 10%,1801,300,0,1107,高,0.4852859522487507,0.03877516616652675,-0.0182171092174867,874,927,0.3846059979190044,-0.28728324478456874,0.28565541712279763,-0.2587447688729739,1.338769332710013,1.104004607965756,0.03877516616652674,1.3877787807814457e-15,3.3397619190827053,0.03396448947753346,19,0.5469730811038862,91,1.6505707653663888,0.01775348793414687,-0.026568425230309587
events.csv(正本),"A2(N2,缺債務標籤當零負債)",全期 2010-2026,觸發日即買,12m,軸二 250 日線位置(緩衝對照),線之上,396,158,0,291,高,0.37626262626262624,0.008026851123238258,-0.14504592564636232,149,247,0.5793856411271103,-0.33663897766452267,0.3182160445621884,-0.3059192241137972,1.7210889991012766,1.0401962984968116,0.008026851123238254,3.469446951953614e-16,11.705683397360184,-0.03706094649017261,4,6.285405166107272,20,13.971366974484706,-0.042858070194279674,-0.10965748856743343
events.csv(正本),"A2(N2,缺債務標籤當零負債)",全期 2010-2026,跌勢衰竭,1m,總表(三格進場),全部,3165,44,39,1710,高,0.5077409162717219,0.008292153460208514,0.0021228769672949,1607,1558,0.10617946969332796,-0.09267377541438901,0.0739959372211571,-0.07240735704955885,1.145733722604356,1.0219394856590465,0.008292153460208507,6.938893903907228e-16,1.3136560667805672,0.007417482028929418,32,0.6725575660554493,159,2.1574746627236783,0.0027429355938014205,-0.01010563392588449
events.csv(正本),"A2(N2,缺債務標籤當零負債)",全期 2010-2026,跌勢衰竭,1m,軸一 行業殺 vs 個別殺,個別殺,2484,28,22,1513,高,0.499194847020934,0.004236128924396767,-0.0001742421461735,1240,1244,0.10392473373902912,-0.09513193375256797,0.07262326934015426,-0.0729884003593393,1.092427428305312,0.9949974103092077,0.004236128924396766,8.673617379884035e-17,1.3136560667805672,0.003140835602314095,25,1.307160734299829,125,4.139405893106013,-0.0013144011459861869,-0.014003619085745139
events.csv(正本),"A2(N2,缺債務標籤當零負債)",全期 2010-2026,跌勢衰竭,1m,軸一 行業殺 vs 個別殺,行業不明,4,0,0,4,低(樣本不足),1.0,0.04632348614194522,0.02792368746697325,4,0,0.04632348614194522,,0.02792368746697325,,,,0.04632348614194522,0.0,0.1255767141161698,0.0038698555176646,1,0.6777162330322867,1,0.6777162330322867,0.019905743483870367,0.019905743483870367
events.csv(正本),"A2(N2,缺債務標籤當零負債)",全期 2010-2026,跌勢衰竭,1m,軸一 行業殺 vs 個別殺,行業殺,677,16,17,281,高,0.5361890694239291,0.022949523646662622,0.0067965761591466,363,314,0.1145411680887441,-0.08293508441854619,0.0835607305162731,-0.06815070929724355,1.3810942484931028,1.2261168134262224,0.022949523646662626,3.469446951953614e-16,0.7192567440363142,0.020075551502161226,7,0.2507842619604251,34,0.8235447262317006,0.01737378461013748,0.004263693859338237
events.csv(正本),"A2(N2,缺債務標籤當零負債)",全期 2010-2026,跌勢衰竭,1m,軸二 200 日線位置,線下 10% 內,580,13,9,455,高,0.5155172413793103,0.008976236812894094,0.003746139126563,299,281,0.09931901481557744,-0.08715362305472982,0.0734438229313221,-0.067651734310017,1.1395856114117955,1.0856162621753729,0.008976236812894084,1.0408340855860843e-15,0.6034346044121959,0.0062631902932296845,6,0.5416846643234162,29,1.8008371420798874,0.004156949918202367,-0.007566846143021457
events.csv(正本),"A2(N2,缺債務標籤當零負債)",全期 2010-2026,跌勢衰竭,1m,軸二 200 日線位置,線下逾 10%,2228,16,11,1321,高,0.5035906642728905,0.008196002626298165,0.0011042921906494,1122,1106,0.10558618218330824,-0.09060307645414063,0.0714962393775129,-0.06974779155059305,1.1653708275209773,1.0250681460738664,0.00819600262629816,5.204170427930421e-16,1.3136560667805672,0.006952856775418953,23,0.7216757195418656,112,2.229014439930647,0.0023049408058299515,-0.010606170333891274
events.csv(正本),"A2(N2,缺債務標籤當零負債)",全期 2010-2026,跌勢衰竭,1m,軸二 200 日線位置,線之上,357,15,19,254,高,0.5210084033613446,0.007780824926299887,0.0094199060146786,186,171,0.12078669869703502,-0.11513784478923658,0.09345228887584885,-0.1006328349941905,1.0490616609867838,0.9286460913204305,0.00778082492629989,2.6020852139652106e-16,0.6588003368114648,0.0033359476946274126,4,0.7159153804569169,18,2.3070990098284225,0.002235459858198779,-0.01071032494036258
events.csv(正本),"A2(N2,缺債務標籤當零負債)",全期 2010-2026,跌勢衰竭,1m,軸二 250 日線位置(緩衝對照),線下 10% 內,574,5,10,468,高,0.5121951219512195,0.005543611620609992,0.003746139126563,294,280,0.09395390150546337,-0.08728719275848604,0.06357539395019704,-0.06716290104738765,1.0763767115918526,0.9465849890155966,0.005543611620610005,1.3010426069826053e-15,0.6362275365527015,0.002513024666447228,6,0.9485001024332147,29,2.9903326953877882,0.00028851122741368557,-0.011620742123824265
events.csv(正本),"A2(N2,缺債務標籤當零負債)",全期 2010-2026,跌勢衰竭,1m,軸二 250 日線位置(緩衝對照),線下逾 10%,2079,15,8,1251,高,0.5064935064935064,0.00965060022402895,0.0017831191952988,1053,1026,0.1077157328306773,-0.09099519376700486,0.073691766049595,-0.06929193626588434,1.183751892506386,1.0634969957662577,0.00965060022402895,0.0,1.3136560667805672,0.008320332533560234,21,0.6038536102705852,104,1.9058217880070731,0.003862061156220649,-0.009202047641829959
events.csv(正本),"A2(N2,缺債務標籤當零負債)",全期 2010-2026,跌勢衰竭,1m,軸二 250 日線位置(緩衝對照),線之上,512,24,21,353,高,0.5078125,0.005857489776510992,0.0018040514149634999,260,252,0.11378190032257153,-0.10549309253291653,0.08824442880666891,-0.08342636757827435,1.0785720428763492,1.0577522594864752,0.005857489776511002,9.54097911787244e-16,0.6588003368114648,0.0027548246577262744,6,0.9044346658047577,26,2.9072501193453797,0.0005664105921644173,-0.011769360935311193
events.csv(正本),"A2(N2,缺債務標籤當零負債)",全期 2010-2026,跌勢衰竭,3m,總表(三格進場),全部,3055,154,39,1669,高,0.48641571194762684,0.012201570685996777,-0.0057435687462218,1486,1569,0.1884587252817727,-0.15473159166538822,0.1234880889349679,-0.132762279578797,1.217971865043051,0.9301443853385729,0.012201570685996768,8.673617379884035e-16,3.1938156933140016,0.009598502382413214,31,0.9566984267246579,153,2.679307413703323,0.0005337634648790349,-0.02157047714734965
events.csv(正本),"A2(N2,缺債務標籤當零負債)",全期 2010-2026,跌勢衰竭,3m,軸一 行業殺 vs 個別殺,個別殺,2415,97,22,1480,高,0.4836438923395445,0.007419343670639658,-0.006623854886029,1168,1247,0.18583228885159056,-0.15969077659507858,0.12604231743745326,-0.1398052781249091,1.1637008273984286,0.9015562153872381,0.007419343670639678,1.994931997373328e-15,2.921219219496061,0.004777692751058362,25,1.5672650166177327,121,4.3399121792804545,-0.004252758526001109,-0.02608700716439657
events.csv(正本),"A2(N2,缺債務標籤當零負債)",全期 2010-2026,跌勢衰竭,3m,軸一 行業殺 vs 個別殺,行業不明,4,0,0,4,低(樣本不足),1.0,0.12152875340634582,0.1206279861373176,4,0,0.12152875340634582,,0.1206279861373176,,,,0.12152875340634582,0.0,0.1961104657368853,0.0487485756138628,1,0.4034240051018351,1,0.4034240051018351,0.09666818262949933,0.09666818262949933
events.csv(正本),"A2(N2,缺債務標籤當零負債)",全期 2010-2026,跌勢衰竭,3m,軸一 行業殺 vs 個別殺,行業殺,636,57,17,270,高,0.4937106918238994,0.029672906395440252,-0.0045671054907325,314,322,0.19908101075296536,-0.13552630095941343,0.12166165625063424,-0.1088012863514885,1.4689474245488696,1.1182005317253292,0.029672906395440263,1.0408340855860843e-15,3.1938156933140016,0.021543146891160343,7,0.4396244824833729,32,1.1638577572606887,0.01681301923137166,-0.005119732496985074
events.csv(正本),"A2(N2,缺債務標籤當零負債)",全期 2010-2026,跌勢衰竭,3m,軸二 200 日線位置,線下 10% 內,555,38,9,439,高,0.47927927927927927,0.012808249191379085,-0.0104568664141279,266,289,0.18202488974883457,-0.1429413230864173,0.11595523137448155,-0.122463145716368,1.273423848461153,0.9468581808525548,0.012808249191379087,1.734723475976807e-16,3.1938156933140016,0.003944546583723759,6,1.0044523346540548,28,2.6311521405827882,-5.7649853390832735e-05,-0.022002225260963647
events.csv(正本),"A2(N2,缺債務標籤當零負債)",全期 2010-2026,跌勢衰竭,3m,軸二 200 日線位置,線下逾 10%,2187,57,11,1295,高,0.4947416552354824,0.012457154030769973,-0.0019702141549525,1082,1105,0.1821586179507922,-0.15371206222394862,0.12258237550945834,-0.1321581885710039,1.185063913106564,0.927542794244635,0.012457154030769982,8.673617379884035e-16,2.921219219496061,0.009823646620737356,22,0.8243866631483687,110,2.452996827338298,0.002209872471320532,-0.01905881028258271
events.csv(正本),"A2(N2,缺債務標籤當零負債)",全期 2010-2026,跌勢衰竭,3m,軸二 200 日線位置,線之上,313,59,19,239,高,0.44089456869009586,0.009340013671600096,-0.0397375147454234,138,175,0.2502566700925152,-0.18063997824889294,0.15369379730585303,-0.1681600998074852,1.3853891730860464,0.9139730380857669,0.00934001367160009,6.938893903907228e-16,1.8661342617849628,-0.0066757374388201575,4,2.1084262213191147,16,4.912159638904678,-0.010486731802971577,-0.03850808913307276
events.csv(正本),"A2(N2,缺債務標籤當零負債)",全期 2010-2026,跌勢衰竭,3m,軸二 250 日線位置(緩衝對照),線下 10% 內,552,27,10,455,高,0.4492753623188406,-0.005739147735601721,-0.0200251076736284,248,304,0.16656026418715086,-0.14629919430416302,0.1076736392272648,-0.12971884137004,1.1384906456891628,0.8300539697245031,-0.0057391477356017045,1.6479873021779667e-15,3.1938156933140016,-0.014333500647898486,6,-2.130866374431155,28,-5.300394273994009,-0.0181659607584891,-0.038091048147150586
events.csv(正本),"A2(N2,缺債務標籤當零負債)",全期 2010-2026,跌勢衰竭,3m,軸二 250 日線位置(緩衝對照),線下逾 10%,2043,51,8,1228,高,0.5012236906510035,0.01631287259874675,0.0005123857268889,1024,1019,0.18536555534026786,-0.15356931300215376,0.1245825066321835,-0.1301330268108589,1.2070481511997657,0.9573473366853845,0.016312872598746753,3.469446951953614e-16,2.921219219496061,0.013499140722370602,21,0.6598148502756954,103,1.9314511086405022,0.005607031694459041,-0.01600136917263818
events.csv(正本),"A2(N2,缺債務標籤當零負債)",全期 2010-2026,跌勢衰竭,3m,軸二 250 日線位置(緩衝對照),線之上,460,76,21,335,高,0.4652173913043478,0.015470889731592814,-0.022299561658717403,214,246,0.22863734384049797,-0.16996659473712952,0.1530384927160921,-0.14741323491070935,1.3451898838951777,1.0381597880868028,0.01547088973159283,1.5612511283791264e-15,1.8661342617849628,0.004647059937172018,5,1.021830470150458,23,2.588023479523923,-0.00034144818985454745,-0.025861195939889416
events.csv(正本),"A2(N2,缺債務標籤當零負債)",全期 2010-2026,跌勢衰竭,6m,總表(三格進場),全部,2867,342,39,1591,高,0.44680851063829785,0.006588285586891954,-0.0358746011984212,1281,1586,0.2820074376993836,-0.21586564496550512,0.1839345199352464,-0.18801296992480898,1.3064025901131595,0.9783076136120096,0.006588285586891937,1.6479873021779667e-15,5.028545540148772,0.002947188971838306,29,2.653078544590371,144,7.395314900950008,-0.011002242362901659,-0.04436233549232935
events.csv(正本),"A2(N2,缺債務標籤當零負債)",全期 2010-2026,跌勢衰竭,6m,軸一 行業殺 vs 個別殺,個別殺,2301,211,22,1420,高,0.4324206866579748,-0.004774978032548291,-0.0443549147637739,995,1306,0.280243984385861,-0.22192189044167326,0.1894716031196801,-0.19691495839507023,1.262804601331189,0.9622001531216509,-0.004774978032548283,8.673617379884035e-16,2.7093591860815387,-0.008024518983029656,24,-3.4467897916546733,116,-9.848195241316596,-0.021457126717499334,-0.05454991122432854
events.csv(正本),"A2(N2,缺債務標籤當零負債)",全期 2010-2026,跌勢衰竭,6m,軸一 行業殺 vs 個別殺,行業不明,3,1,0,3,低(樣本不足),0.6666666666666666,0.11176592363906938,0.1369160456104945,2,1,0.20634948465034453,-0.0774011983834809,0.20634948465034453,-0.0774011983834809,2.6659727363392345,2.6659727363392345,0.11176592363906937,1.3877787807814457e-15,0.2757829236901945,,1,0.8225015124192131,1,0.8225015124192131,0.0297574236135068,0.0297574236135068
events.csv(正本),"A2(N2,缺債務標籤當零負債)",全期 2010-2026,跌勢衰竭,6m,軸一 行業殺 vs 個別殺,行業殺,563,130,17,246,高,0.5044404973357016,0.052469878258606835,0.0037814676309586,284,279,0.2887185361256267,-0.18801262652359263,0.166414799898781,-0.1553163831163111,1.535633757498713,1.0714568325619498,0.05246987825860683,6.938893903907228e-16,5.028545540148772,0.035889116674772986,6,0.45229832586615204,29,1.0779112985704224,0.029047403971707145,-0.004310003643427877
events.csv(正本),"A2(N2,缺債務標籤當零負債)",全期 2010-2026,跌勢衰竭,6m,軸二 200 日線位置,線下 10% 內,512,81,9,408,高,0.419921875,0.002755837729287388,-0.06038250329306345,215,297,0.30477675141804916,-0.21587883042924386,0.2020121103486869,-0.1943052287619567,1.41179545401485,1.0396637889563534,0.0027558377292873915,3.469446951953614e-16,5.028545540148772,-0.015136972193904861,6,9.070731885803658,26,19.98592217038956,-0.022505362146514933,-0.055121246438161346
events.csv(正本),"A2(N2,缺債務標籤當零負債)",全期 2010-2026,跌勢衰竭,6m,軸二 200 日線位置,線下逾 10%,2065,179,11,1240,高,0.46198547215496366,0.00895403352822816,-0.0268680736898936,954,1111,0.2632319756955267,-0.20939084210417766,0.1778504634873352,-0.1767914303530258,1.2571322272277867,1.0059902967705767,0.008954033528228128,3.1225022567582528e-15,2.7099608360439733,0.005856195748264616,21,1.5912671583805658,104,4.853133950566041,-0.00534861869274841,-0.03633082715557525
events.csv(正本),"A2(N2,缺債務標籤當零負債)",全期 2010-2026,跌勢衰竭,6m,軸二 200 日線位置,線之上,290,82,19,225,高,0.38620689655172413,-0.0034912185364381256,-0.09506032659822239,112,178,0.3982251903972971,-0.2562565994385637,0.21350140312460686,-0.2484605253848274,1.5540095016861006,0.859297076643969,-0.003491218536438162,3.642919299551295e-15,2.4755892741256345,-0.02607716599032099,3,-6.392090164182015,15,-21.10527023433295,-0.02607716599032099,-0.08138383806026317
events.csv(正本),"A2(N2,缺債務標籤當零負債)",全期 2010-2026,跌勢衰竭,6m,軸二 250 日線位置(緩衝對照),線下 10% 內,518,61,10,426,高,0.3861003861003861,-0.0134951875797706,-0.06361801359355479,200,318,0.3007507196826513,-0.21113412296494166,0.1980182639026474,-0.17260437401064832,1.4244534017487562,1.1472378092251083,-0.013495187579770626,2.6020852139652106e-15,5.028545540148772,-0.031147125222911517,6,-1.777645029572346,26,-3.7790845779947846,-0.03792411618109737,-0.06790289632302343
events.csv(正本),"A2(N2,缺債務標籤當零負債)",全期 2010-2026,跌勢衰竭,6m,軸二 250 日線位置(緩衝對照),線下逾 10%,1928,166,8,1173,高,0.46887966804979253,0.011305592567653133,-0.022095613597902297,904,1024,0.26062253750717723,-0.20879452288677053,0.17641779914496436,-0.1781676963294787,1.248224972110562,0.9901783700380885,0.011305592567653108,2.42861286636753e-15,2.155237513861947,0.00859736932295605,20,1.2258917934568874,97,3.8496116213755807,-0.002580610398613034,-0.03392326842217168
events.csv(正本),"A2(N2,缺債務標籤當零負債)",全期 2010-2026,跌勢衰竭,6m,軸二 250 日線位置(緩衝對照),線之上,421,115,21,313,高,0.42042755344418054,0.009695818226853144,-0.0656736804050991,177,244,0.37004864321972786,-0.25170766547699464,0.2293240593389052,-0.24429725958015786,1.4701524584818386,0.93870909453923,0.009695818226853087,5.7245874707234634e-15,2.7093591860815387,-0.008065025589960141,5,2.6666691816278894,22,7.2133910508278944,-0.0163539488503881,-0.06356562956064708
events.csv(正本),"A2(N2,缺債務標籤當零負債)",全期 2010-2026,跌勢衰竭,12m,總表(三格進場),全部,2666,543,39,1495,高,0.4441110277569392,0.033113059387248976,-0.04963055335336995,1184,1482,0.4347997442873391,-0.2878026186975733,0.2669322813033958,-0.25802315029785283,1.5107567340943213,1.0345284172961169,0.03311305938724901,3.469446951953614e-15,9.987976510363495,0.02598771468843351,27,0.9284827768047396,134,2.485189129146678,0.0023923829939230435,-0.05178184417669495
events.csv(正本),"A2(N2,缺債務標籤當零負債)",全期 2010-2026,跌勢衰竭,12m,軸一 行業殺 vs 個別殺,個別殺,2134,378,22,1334,高,0.4259606373008435,0.011904820661535422,-0.0697441580573865,909,1225,0.4293249244564514,-0.2978379339095492,0.2590156402865762,-0.2698001934849706,1.4414716044425477,0.960027629857889,0.011904820661535392,2.949029909160572e-15,9.987976510363495,0.002970790793340767,22,2.718332587008628,107,6.872631000612492,-0.02066952921526422,-0.07360312218865377
events.csv(正本),"A2(N2,缺債務標籤當零負債)",全期 2010-2026,跌勢衰竭,12m,軸一 行業殺 vs 個別殺,行業不明,3,1,0,3,低(樣本不足),1.0,0.30609381480077236,0.2942176333323676,3,0,0.30609381480077236,,0.2942176333323676,,,,0.30609381480077236,0.0,0.3706539719481132,,1,0.40363874736613153,1,0.40363874736613153,0.2738137362271019,0.2738137362271019
events.csv(正本),"A2(N2,缺債務標籤當零負債)",全期 2010-2026,跌勢衰竭,12m,軸一 行業殺 vs 個別殺,行業殺,529,164,17,231,高,0.5141776937618148,0.11711956066216798,0.0152865697223512,272,257,0.4545156597826939,-0.2399689177844588,0.29223372180324014,-0.1879487872737005,1.8940605474203205,1.5548582464523948,0.11711956066216794,4.163336342344337e-15,2.8281483569371337,0.10269849402730173,6,0.23958004389987017,27,0.7092781412413413,0.0900817726056113,0.03588054872741007
events.csv(正本),"A2(N2,缺債務標籤當零負債)",全期 2010-2026,跌勢衰竭,12m,軸二 200 日線位置,線下 10% 內,481,112,9,378,高,0.40332640332640335,0.014734368850800757,-0.0953616341797016,194,287,0.4536126410481032,-0.28192899284354306,0.2863423066019277,-0.2671460231003295,1.6089605984576276,1.0718568941390862,0.014734368850800789,3.1225022567582528e-15,3.56625000406416,-0.004966915897262053,5,1.9851168218261628,25,5.519971098847301,-0.014667543885069799,-0.07025017801917882
events.csv(正本),"A2(N2,缺債務標籤當零負債)",全期 2010-2026,跌勢衰竭,12m,軸二 200 日線位置,線下逾 10%,1919,325,11,1167,高,0.46743095362167797,0.04214796208016641,-0.0271830827791743,897,1022,0.4085663977728559,-0.2794541287381726,0.2634541394754752,-0.23974965533110446,1.462015965259371,1.0988718174031735,0.04214796208016641,0.0,4.494961586543262,0.03590134258437317,20,0.6480645983421477,96,1.7975677088689213,0.014989582817495182,-0.03538607951838367
events.csv(正本),"A2(N2,缺債務標籤當零負債)",全期 2010-2026,跌勢衰竭,12m,軸二 200 日線位置,線之上,266,106,19,204,高,0.34962406015037595,0.0011663371328243244,-0.1512878857481523,93,173,0.6485804953830715,-0.34686555140632586,0.2982881450954995,-0.3143858422715562,1.869832541033486,0.9487963673562881,0.0011663371328243521,2.7755575615628914e-15,9.987976510363495,-0.06434253699289662,3,55.54415150823504,14,114.85780541191507,-0.06434253699289662,-0.14017417444234748
events.csv(正本),"A2(N2,缺債務標籤當零負債)",全期 2010-2026,跌勢衰竭,12m,軸二 250 日線位置(緩衝對照),線下 10% 內,483,96,10,398,高,0.3830227743271222,-0.0038950113082098646,-0.1121722843986707,185,298,0.4521320362604049,-0.28699905090617533,0.2689274840838302,-0.26847310829265003,1.575378158334796,1.0016924443348154,-0.0038950113082098226,4.206704429243757e-15,3.3384090940801263,-0.022092929230968335,5,-7.0860300042043205,25,-20.79702645127297,-0.03182462577670868,-0.0895339256764343
events.csv(正本),"A2(N2,缺債務標籤當零負債)",全期 2010-2026,跌勢衰竭,12m,軸二 250 日線位置(緩衝對照),線下逾 10%,1791,303,8,1104,高,0.4751535455053043,0.04759619071549806,-0.0189742191838115,851,940,0.40526285967863335,-0.27620629363304255,0.2610355138813405,-0.2365922498117239,1.467247014353158,1.103313883227655,0.04759619071549803,2.7755575615628914e-15,4.494961586543262,0.040911527254629,18,0.5589220919624365,90,1.584021066623459,0.021206761512885332,-0.029267928231253282
events.csv(正本),"A2(N2,缺債務標籤當零負債)",全期 2010-2026,跌勢衰竭,12m,軸二 250 日線位置(緩衝對照),線之上,392,144,21,287,高,0.37755102040816324,0.012540635757178844,-0.1295272963614388,148,244,0.5829714658210644,-0.33345839231435825,0.3183926389697025,-0.3075678028918096,1.7482584911867654,1.0351949585623583,0.012540635757178842,1.734723475976807e-16,9.987976510363495,-0.03400897509463794,4,4.230854838061783,20,9.367471139035752,-0.040934674468332814,-0.11057498882589961
events.csv(正本),"A2(N2,缺債務標籤當零負債)",全期 2010-2026,買方回來,1m,總表(三格進場),全部,3140,33,76,1702,高,0.4767515923566879,-0.0006134817565246076,-0.0062351607278011995,1497,1643,0.10153271102782822,-0.0936827760950372,0.0714679155207782,-0.0745383398527462,1.0837927232731404,0.9588074494544183,-0.0006134817565246059,1.734723475976807e-16,0.7141447229496054,-0.001197764097675145,32,-7.478393133849149,157,-26.0544336753936,-0.005254892557431216,-0.017470948939956807
events.csv(正本),"A2(N2,缺債務標籤當零負債)",全期 2010-2026,買方回來,1m,軸一 行業殺 vs 個別殺,個別殺,2465,20,50,1505,高,0.4795131845841785,-0.0024649322569910413,-0.0058209826150661,1182,1283,0.09960617293601426,-0.09650082184244096,0.06819977874839711,-0.075043674942274,1.0321795300214487,0.9088011588033045,-0.0024649322569910356,5.637851296924623e-16,0.7141447229496054,-0.0032116617678320655,25,-1.877431622928784,124,-6.5175430223098205,-0.007165344865059668,-0.01951175887330549
events.csv(正本),"A2(N2,缺債務標籤當零負債)",全期 2010-2026,買方回來,1m,軸一 行業殺 vs 個別殺,行業不明,4,0,0,4,低(樣本不足),0.5,-0.03430250925589635,0.0010948738907348,2,2,0.01061938083539945,-0.07922439934719215,0.01061938083539945,-0.07922439934719215,0.13404179675583516,0.13404179675583516,-0.03430250925589635,0.0,0.0173689061531343,-0.1567686909581893,1,-0.12658626533384518,1,-0.12658626533384518,-0.0515263143922399,-0.0515263143922399
events.csv(正本),"A2(N2,缺債務標籤當零負債)",全期 2010-2026,買方回來,1m,軸一 行業殺 vs 個別殺,行業殺,671,13,26,280,高,0.46646795827123694,0.006388875312994388,-0.0067080879601448,313,358,0.10938892407865562,-0.08366423994860328,0.0802058380983601,-0.06899180165660734,1.3074752623803858,1.1625415799049335,0.0063888753129943895,1.734723475976807e-16,0.4774521945051209,0.0043213511599270935,7,0.6989913556507663,34,2.5233130104479295,0.0019433804120586823,-0.010251718007509814
events.csv(正本),"A2(N2,缺債務標籤當零負債)",全期 2010-2026,買方回來,1m,軸二 200 日線位置,線下 10% 內,576,9,17,452,高,0.4461805555555556,-0.009948836207070128,-0.01469586734587865,257,319,0.09632159755315033,-0.09556482829602514,0.0610195612280362,-0.0718393984626964,1.0079189098187986,0.8493885323903632,-0.009948836207070114,1.3877787807814457e-15,0.4973353533663072,-0.012543329292473414,6,-0.45735819608102074,29,-1.5316604904472122,-0.014651639229818533,-0.026522404968170387
events.csv(正本),"A2(N2,缺債務標籤當零負債)",全期 2010-2026,買方回來,1m,軸二 200 日線位置,線下逾 10%,2215,10,31,1317,高,0.47945823927765235,0.0013841611104237624,-0.0054718199475517,1062,1153,0.10016643341692306,-0.08960176533320352,0.0714393526630914,-0.0718795156132181,1.117906918958935,0.9938763784595431,0.0013841611104237553,7.155734338404329e-16,0.560873599843575,0.0006476346977012431,23,3.2562942815622105,111,11.390227407144222,-0.003155844287424715,-0.015140481645686007
events.csv(正本),"A2(N2,缺債務標籤當零負債)",全期 2010-2026,買方回來,1m,軸二 200 日線位置,線之上,349,14,28,251,高,0.5100286532951289,0.0021154157025687456,0.0027579705338884,178,171,0.11720823341981425,-0.11768880390953473,0.0859455499400857,-0.0966209168500887,0.9959165997634755,0.8895128792188314,0.0021154157025687556,9.97465998686664e-16,0.7141447229496054,-0.002750866284434407,4,2.8539497242031286,18,8.753822794176406,-0.003967345365405649,-0.017294540526628238
events.csv(正本),"A2(N2,缺債務標籤當零負債)",全期 2010-2026,買方回來,1m,軸二 250 日線位置(緩衝對照),線下 10% 內,570,3,16,465,高,0.45087719298245615,-0.009924489722047757,-0.01515878666066545,257,313,0.0925401309154885,-0.09405678206660628,0.0579035886972025,-0.0705682373030409,0.9838751537337971,0.8205333009601381,-0.00992448972204775,6.938893903907228e-16,0.4897414380497129,-0.01242964987957172,6,-0.43203483210621496,29,-1.5017864373843217,-0.014363408749159458,-0.026159895854362535
events.csv(正本),"A2(N2,缺債務標籤當零負債)",全期 2010-2026,買方回來,1m,軸二 250 日線位置(緩衝對照),線下逾 10%,2067,10,26,1247,高,0.4784712143202709,0.0018629067104899192,-0.0054718199475517,989,1078,0.10119965215952732,-0.08927256754655831,0.071829160238829,-0.0720065726917356,1.1336030198386384,0.9975361630713058,0.0018629067104899213,2.1684043449710089e-16,0.560873599843575,0.001074263208483142,21,2.4390173640508532,104,8.63453845729148,-0.0027082701857144777,-0.014975939303638958
events.csv(正本),"A2(N2,缺債務標籤當零負債)",全期 2010-2026,買方回來,1m,軸二 250 日線位置(緩衝對照),線之上,503,20,34,350,高,0.4990059642147117,-0.000238572056665426,-0.000889241100407,251,252,0.11205258477133787,-0.11208412905598614,0.0869866184387682,-0.0902216730389704,0.9997185660011462,0.9641432652351188,-0.00023857205666540787,1.813328133482006e-15,0.7141447229496054,-0.0036201631182270263,6,-23.99212386446513,26,-73.31412023142478,-0.006034403345198423,-0.018695647943302
events.csv(正本),"A2(N2,缺債務標籤當零負債)",全期 2010-2026,買方回來,3m,總表(三格進場),全部,3006,167,76,1653,高,0.4637391882900865,0.0016886988236927774,-0.0155229668010899,1394,1612,0.18282713763505157,-0.1549533506198768,0.12664963362910825,-0.129325145113552,1.179885022838604,0.9793117457390474,0.0016886988236927691,8.239936510889834e-16,3.396805041048303,-0.0008768153378450184,31,7.005474907463143,151,19.023099680549993,-0.010247113904645453,-0.03204531531100048
events.csv(正本),"A2(N2,缺債務標籤當零負債)",全期 2010-2026,買方回來,3m,軸一 行業殺 vs 個別殺,個別殺,2373,112,50,1464,高,0.4584913611462284,-0.0039286047304620255,-0.0192146675563342,1088,1285,0.17838949597569118,-0.15829599272135286,0.12270157425467526,-0.1336505927595275,1.126936272415365,0.9180772918489601,-0.00392860473046204,1.474514954580286e-15,2.3062305577382016,-0.006383812742464712,24,-2.7485738205671137,119,-7.890010149934271,-0.014877128852588968,-0.03676922012389057
events.csv(正本),"A2(N2,缺債務標籤當零負債)",全期 2010-2026,買方回來,3m,軸一 行業殺 vs 個別殺,行業不明,4,0,0,4,低(樣本不足),1.0,0.07433601278212842,0.0756588165103826,4,0,0.07433601278212842,,0.0756588165103826,,,,0.07433601278212842,0.0,0.1214681143275457,0.0245583037802028,1,0.4085103228618034,1,0.4085103228618034,0.05862531226698934,0.05862531226698934
events.csv(正本),"A2(N2,缺債務標籤當零負債)",全期 2010-2026,買方回來,3m,軸一 行業殺 vs 個別殺,行業殺,629,55,26,268,高,0.48012718600953896,0.022418861110140485,-0.0087736379620426,302,327,0.20025137149199132,-0.14181789159725688,0.1388022788231486,-0.1155529023551336,1.4120317911697446,1.2012011467835029,0.022418861110140506,2.0816681711721685e-15,3.396805041048303,0.011902556656526116,7,0.7039164285309955,32,1.6164501312390924,0.006712559030485159,-0.01456088628221104
events.csv(正本),"A2(N2,缺債務標籤當零負債)",全期 2010-2026,買方回來,3m,軸二 200 日線位置,線下 10% 內,543,42,17,433,高,0.4438305709023941,-0.0017867969445304315,-0.0246536754904129,241,302,0.18613517923837622,-0.15175102297128704,0.1208012358128278,-0.13467728259549566,1.226582698382172,0.8969681707616222,-0.0017867969445304333,1.734723475976807e-16,3.396805041048303,-0.01185615082674291,6,-7.996940787748875,28,-19.069831589430517,-0.016255323139946556,-0.037810422470583464
events.csv(正本),"A2(N2,缺債務標籤當零負債)",全期 2010-2026,買方回來,3m,軸二 200 日線位置,線下逾 10%,2151,74,31,1281,高,0.4783821478382148,0.003624701217092539,-0.0095305475605927,1029,1122,0.1732376814984182,-0.15192944914786655,0.1252420201651232,-0.1231035284700181,1.140250836622288,1.017371489848286,0.003624701217092574,3.5128150388530344e-15,2.3062305577382016,0.0010413610940331133,22,2.788609490591651,108,8.139294917040171,-0.006550168820815717,-0.027245800982465925
events.csv(正本),"A2(N2,缺債務標籤當零負債)",全期 2010-2026,買方回來,3m,軸二 200 日線位置,線之上,312,51,28,236,高,0.3974358974358974,-0.005609849080338271,-0.06612864837771,124,188,0.2559748177817814,-0.1781444165851406,0.16066637771007244,-0.15990406131375307,1.4368949793014887,1.0047673360517317,-0.005609849080338292,2.0816681711721685e-15,2.0062695247825992,-0.021288431938669715,4,-3.4027448268754505,16,-8.148023552154253,-0.025019496797466022,-0.0540930332142608
events.csv(正本),"A2(N2,缺債務標籤當零負債)",全期 2010-2026,買方回來,3m,軸二 250 日線位置(緩衝對照),線下 10% 內,543,30,16,448,高,0.44014732965009207,-0.012219029016327324,-0.0243592762268196,239,304,0.1689964810078865,-0.15468780169983753,0.1216676168692569,-0.136837782218295,1.092500372691404,0.8891375970648413,-0.012219029016327335,1.0408340855860843e-15,3.396805041048303,-0.02169104990026581,6,-1.0659659889244273,28,-2.4877436161224233,-0.025526155330389627,-0.04493387254887823
events.csv(正本),"A2(N2,缺債務標籤當零負債)",全期 2010-2026,買方回來,3m,軸二 250 日線位置(緩衝對照),線下逾 10%,2007,70,26,1211,高,0.48231190832087695,0.005289966255736035,-0.0078999764990758,968,1039,0.17426771254708004,-0.1521406963140628,0.12357558487398496,-0.1231631593796565,1.1454378530471598,1.003348610870375,0.005289966255736037,1.734723475976807e-16,2.3062305577382016,0.0025234898140116366,21,1.9980935789963068,101,5.68613054532948,-0.00533571091409126,-0.02610308038652522
events.csv(正本),"A2(N2,缺債務標籤當零負債)",全期 2010-2026,買方回來,3m,軸二 250 日線位置(緩衝對照),線之上,456,67,34,331,高,0.4100877192982456,0.002399559527684218,-0.05129486833393,187,269,0.2448113644748853,-0.16611719707129943,0.1600689515401114,-0.1433344313944727,1.4737267952445008,1.1167515717112197,0.0023995595276842113,6.505213034913027e-16,2.0062695247825992,-0.008242060510727118,5,6.479104076347924,23,17.395894471507372,-0.013293195107862048,-0.041432733732260495
events.csv(正本),"A2(N2,缺債務標籤當零負債)",全期 2010-2026,買方回來,6m,總表(三格進場),全部,2820,353,76,1579,高,0.43829787234042555,-0.0037786736709537094,-0.040126854615305296,1236,1584,0.26718868436143944,-0.2152153242568362,0.1780250652910472,-0.18923518738362777,1.241494699710968,0.9407609005091913,-0.003778673670953664,4.553649124439119e-15,3.3255009672308797,-0.006598702599234865,29,-4.231547088391846,141,-11.872268959278625,-0.01997371266942154,-0.05120010926511667
events.csv(正本),"A2(N2,缺債務標籤當零負債)",全期 2010-2026,買方回來,6m,軸一 行業殺 vs 個別殺,個別殺,2269,216,50,1406,高,0.43278977523137946,-0.010482630828282047,-0.0504782507127983,982,1287,0.2683183185414964,-0.22321187113995453,0.17886462460598052,-0.2007870293616848,1.2020790703074211,0.8908176248964037,-0.010482630828282088,4.163336342344337e-15,2.3951213801980296,-0.013455715613738279,23,-1.4672558948043324,114,-4.281383752835715,-0.026128184285701572,-0.05829150090464913
events.csv(正本),"A2(N2,缺債務標籤當零負債)",全期 2010-2026,買方回來,6m,軸一 行業殺 vs 個別殺,行業不明,3,1,0,3,低(樣本不足),0.3333333333333333,0.08607579431367708,-0.0064527715115003,1,2,0.3420813528360125,-0.0419269849474906,0.3420813528360125,-0.0419269849474906,8.158978120283047,8.158978120283047,0.08607579431367708,0.0,0.3420813528360125,,1,1.3247291938598553,1,1.3247291938598553,-0.0419269849474906,-0.0419269849474906
events.csv(正本),"A2(N2,缺債務標籤當零負債)",全期 2010-2026,買方回來,6m,軸一 行業殺 vs 個別殺,行業殺,548,136,26,246,高,0.46167883211678834,0.023487230318141365,-0.0213988308450263,253,295,0.26250807790574543,-0.18150353049427848,0.1726846789314788,-0.1510760055301379,1.4462973650753337,1.1430318026050155,0.023487230318141344,2.0816681711721685e-15,3.3255009672308797,0.011314564557793774,6,0.7906412645370552,28,1.9578421520991007,0.004971691416485757,-0.023708439347417544
events.csv(正本),"A2(N2,缺債務標籤當零負債)",全期 2010-2026,買方回來,6m,軸二 200 日線位置,線下 10% 內,505,80,17,402,高,0.4178217821782178,-0.01499947757853637,-0.0525779507985531,211,294,0.263342916999134,-0.21476221654414332,0.1732682264958398,-0.2010270596618947,1.2262069242752722,0.8619149421339486,-0.014999477578536397,2.6020852139652106e-15,3.3255009672308797,-0.0288037614538841,6,-1.3511092078548952,26,-3.1346655583196137,-0.03568944283205312,-0.06538413525065681
events.csv(正本),"A2(N2,缺債務標籤當零負債)",全期 2010-2026,買方回來,6m,軸二 200 日線位置,線下逾 10%,2029,196,31,1231,高,0.4519467718087728,0.00037213332040326194,-0.0329282042143758,917,1112,0.2555211976883857,-0.21003406454420098,0.175440679000753,-0.182634976202226,1.2165702656038069,0.960608327325501,0.0003721333204032701,8.131516293641283e-16,1.9583309553029855,-0.0024238107465271563,21,35.92390669663232,102,109.90342178678274,-0.013132267356771248,-0.0426717462751509
events.csv(正本),"A2(N2,缺債務標籤當零負債)",全期 2010-2026,買方回來,6m,軸二 200 日線位置,線之上,286,77,28,222,高,0.3776223776223776,-0.013413224063030816,-0.09773460678220465,108,178,0.37376777873770517,-0.2483320347511178,0.20007460446522915,-0.22288067927110666,1.505113019801497,0.8976758556171809,-0.013413224063030804,1.214306433183765e-15,2.212063122526249,-0.03617556526896138,3,-1.6687171651943795,15,-5.276286273706624,-0.03617556526896138,-0.0888449333758826
events.csv(正本),"A2(N2,缺債務標籤當零負債)",全期 2010-2026,買方回來,6m,軸二 250 日線位置(緩衝對照),線下 10% 內,511,62,16,422,高,0.3913894324853229,-0.027757322376877124,-0.0680382961129257,200,311,0.2579980145374292,-0.211522812353923,0.17288575576254936,-0.1902088188891358,1.2197172100082672,0.9089260780453967,-0.02775732237687714,1.734723475976807e-15,3.3255009672308797,-0.04036707879035038,6,-0.6864725313435266,26,-1.5698775217788004,-0.04736814345580176,-0.07515695160372013
events.csv(正本),"A2(N2,缺債務標籤當零負債)",全期 2010-2026,買方回來,6m,軸二 250 日線位置(緩衝對照),線下逾 10%,1894,183,26,1164,高,0.455649419218585,0.0028142805337478785,-0.02952950432124605,863,1031,0.25496242022531734,-0.20824667441661532,0.174288103538944,-0.180228609892482,1.2243288923560103,0.9670390491438519,0.002814280533747854,2.47198095326695e-15,1.9583309553029855,-0.0001754126669029044,19,4.556804577775744,95,14.556082230858285,-0.010111278990553486,-0.04016524242842905
events.csv(正本),"A2(N2,缺債務標籤當零負債)",全期 2010-2026,買方回來,6m,軸二 250 日線位置(緩衝對照),線之上,415,108,34,308,高,0.41686746987951806,-0.004342446622707786,-0.0726992428166606,173,242,0.3388037127676557,-0.249649411806728,0.1913621968420999,-0.2275065036979529,1.3571180092743362,0.8411284676773915,-0.0043424466227078296,4.336808689942018e-15,2.3951213801980296,-0.02064970286355026,5,-5.840112597742961,21,-14.744524795107203,-0.030065053408144207,-0.07201383194644848
events.csv(正本),"A2(N2,缺債務標籤當零負債)",全期 2010-2026,買方回來,12m,總表(三格進場),全部,2625,548,76,1481,高,0.43352380952380953,0.018265857774082177,-0.0595890172459668,1138,1487,0.4136281795112119,-0.2843046345842592,0.2591903068790141,-0.2472754439028252,1.4548766681769485,1.0481845782506056,0.018265857774082184,6.938893903907228e-16,7.021457922676005,0.012413466108516423,27,1.4832497044231532,132,4.1737284302839255,-0.008918705628251148,-0.061040328647396336
events.csv(正本),"A2(N2,缺債務標籤當零負債)",全期 2010-2026,買方回來,12m,軸一 行業殺 vs 個別殺,個別殺,2097,388,50,1321,高,0.4177396280400572,0.003501136109101189,-0.0743375757175622,876,1221,0.4188034780512421,-0.2944553352597075,0.25641194871684847,-0.264141522742589,1.4222988273649733,0.9707369975553857,0.003501136109101133,5.637851296924623e-15,7.021457922676005,-0.003848083142144401,21,7.68158663722214,105,21.84804188009084,-0.023629780093822012,-0.07683929326668293
events.csv(正本),"A2(N2,缺債務標籤當零負債)",全期 2010-2026,買方回來,12m,軸一 行業殺 vs 個別殺,行業不明,3,1,0,3,低(樣本不足),1.0,0.2613745661210463,0.3417274444288098,3,0,0.2613745661210463,,0.3417274444288098,,,,0.2613745661210463,0.0,0.3706539719481132,,1,0.47269834175635134,1,0.47269834175635134,0.20673486320751286,0.20673486320751286
events.csv(正本),"A2(N2,缺債務標籤當零負債)",全期 2010-2026,買方回來,12m,軸一 行業殺 vs 個別殺,行業殺,525,159,26,229,高,0.49333333333333335,0.07585118197679501,-0.0090392766591035,259,266,0.3978876363417294,-0.23771062885222008,0.2705469999064842,-0.18530521675733275,1.673831911778283,1.4600074657411302,0.07585118197679504,2.7755575615628914e-15,2.871507884621908,0.060623879345290475,6,0.36838706279775174,27,0.9961264686224839,0.04846244434543067,0.0003097414960634778
events.csv(正本),"A2(N2,缺債務標籤當零負債)",全期 2010-2026,買方回來,12m,軸二 200 日線位置,線下 10% 內,473,112,17,373,高,0.40380549682875266,0.01114455634610641,-0.0770124988035771,191,282,0.4298863494218705,-0.2724713389640743,0.2589777995260789,-0.2476206935679254,1.5777305277548899,1.0458649307313974,0.011144556346106366,4.5102810375396984e-15,4.060093723241976,-0.00796857311521538,5,2.4305129860015136,24,7.162962310785152,-0.016112757710693322,-0.07235475809796843
events.csv(正本),"A2(N2,缺債務標籤當零負債)",全期 2010-2026,買方回來,12m,軸二 200 日線位置,線下逾 10%,1890,335,31,1157,高,0.45555555555555555,0.025815654148713413,-0.041935589332690495,861,1029,0.3865345887658932,-0.2760103931840289,0.2557266105563858,-0.238223840062675,1.4004349050297271,1.0734719517958653,0.02581565414871337,4.5102810375396984e-15,3.2587107835514573,0.021125377353168093,19,0.8793628042832556,95,2.6660278638638157,0.0031459541158513583,-0.04528587318458888
events.csv(正本),"A2(N2,缺債務標籤當零負債)",全期 2010-2026,買方回來,12m,軸二 200 日線位置,線之上,262,101,28,201,高,0.3282442748091603,-0.023340018457293766,-0.17974966391289066,86,176,0.6487708676366017,-0.35175783779862907,0.30902634033015264,-0.3341887164103957,1.8443679086064995,0.9247060871757777,-0.023340018457293776,1.0408340855860843e-15,7.021457922676005,-0.07666707598351426,3,-2.247178610416913,14,-5.331184103131524,-0.07666707598351426,-0.1561118060555929
events.csv(正本),"A2(N2,缺債務標籤當零負債)",全期 2010-2026,買方回來,12m,軸二 250 日線位置(緩衝對照),線下 10% 內,474,99,16,391,高,0.379746835443038,-0.008841679547118623,-0.1094300167683731,180,294,0.4384970555564363,-0.28272253777378487,0.27716482778468055,-0.263204072754589,1.5509801907172025,1.0530415615684963,-0.008841679547118564,5.898059818321144e-15,2.871507884621908,-0.02551799316894633,5,-2.8049979527626796,24,-8.916937047901131,-0.03400123539640723,-0.09235877303803651
events.csv(正本),"A2(N2,缺債務標籤當零負債)",全期 2010-2026,買方回來,12m,軸二 250 日線位置(緩衝對照),線下逾 10%,1764,313,26,1094,高,0.463718820861678,0.02950084596948035,-0.0355786053995673,818,946,0.378816969921079,-0.27255051702460814,0.2530053021693318,-0.2340682140409571,1.3898963541018572,1.080904142435423,0.029500845969480355,3.469446951953614e-16,3.2587107835514573,0.02458090487933219,18,0.7561146817064917,89,2.2764444582413708,0.007268996644340824,-0.03965702778714838
events.csv(正本),"A2(N2,缺債務標籤當零負債)",全期 2010-2026,買方回來,12m,軸二 250 日線位置(緩衝對照),線之上,387,136,34,284,高,0.36175710594315247,0.00025669372645118523,-0.1425606860974119,140,247,0.5850508349154142,-0.33120557253449956,0.307997523975329,-0.3121543224755896,1.766428114232508,0.9866835145280243,0.0002566937264511515,3.3718687564299188e-15,7.021457922676005,-0.039844864709111805,4,179.19968754206207,20,445.159105588054,-0.04622047283296236,-0.12022609060733272
events.csv(正本),"A2(N2,缺債務標籤當零負債)",建表年份 2010-2021,觸發日即買,1m,總表(三格進場),全部,1378,0,0,854,高,0.5087082728592163,0.002988303577324676,0.00208231152310215,701,677,0.09715095856157124,-0.09451246620695425,0.0711375854229749,-0.069042145743116,1.0279168712922957,1.0303501529001629,0.0029883035773246858,9.97465998686664e-16,0.7289663457738649,0.0015903167585819347,14,1.6920439351614291,69,5.204409007823623,-0.0020892635570937345,-0.013226326630658564
events.csv(正本),"A2(N2,缺債務標籤當零負債)",建表年份 2010-2021,觸發日即買,1m,軸一 行業殺 vs 個別殺,個別殺,1102,0,0,760,高,0.5036297640653358,0.0019645217680098527,0.00043407466674285,555,547,0.0969887174428691,-0.09444942448344697,0.0689388286154182,-0.0684155190071307,1.0268852136824524,1.007648989818128,0.001964521768009854,1.3010426069826053e-16,0.7289663457738649,0.00021265350486226044,12,2.802225696032522,56,8.218059781242852,-0.0035794897201984386,-0.014939196166805845
events.csv(正本),"A2(N2,缺債務標籤當零負債)",建表年份 2010-2021,觸發日即買,1m,軸一 行業殺 vs 個別殺,行業不明,2,0,0,2,低(樣本不足),0.5,-0.0034232133850528035,-0.0034232133850528035,1,1,0.0704998945276584,-0.077346321297764,0.0704998945276584,-0.077346321297764,0.911483485507364,0.911483485507364,-0.0034232133850528035,0.0,0.0704998945276584,,1,-10.297326896928297,1,-10.297326896928297,-0.077346321297764,-0.077346321297764
events.csv(正本),"A2(N2,缺債務標籤當零負債)",建表年份 2010-2021,觸發日即買,1m,軸一 行業殺 vs 個別殺,行業殺,274,0,0,128,高,0.5291970802919708,0.00715264878823595,0.00899600027634355,145,129,0.0979557508713202,-0.09491285355321535,0.0821682007968123,-0.0746012598690704,1.0320599076330454,1.1014318114871293,0.007152648788235939,1.0408340855860843e-15,0.5261583729519421,0.0027592083502820416,3,0.618463296511091,14,1.9635079750287172,0.0027592083502820416,-0.007262722142739551
events.csv(正本),"A2(N2,缺債務標籤當零負債)",建表年份 2010-2021,觸發日即買,1m,軸二 200 日線位置,線下 10% 內,234,0,0,193,高,0.5042735042735043,0.00033463850201773674,0.00041645689106445003,118,116,0.08465184711957868,-0.08543631509170806,0.0566837896759886,-0.0688340067890396,0.9908180968328594,0.8234852556195279,0.00033463850201773115,5.583641188300348e-16,0.5261583729519421,-0.005454293255162214,3,17.090098378076604,12,43.40866082775186,-0.005454293255162214,-0.014958682663435377
events.csv(正本),"A2(N2,缺債務標籤當零負債)",建表年份 2010-2021,觸發日即買,1m,軸二 200 日線位置,線下逾 10%,980,0,0,652,高,0.5163265306122449,0.0043304694662424205,0.0031601659426603,506,474,0.09816982208985493,-0.09584402932605281,0.07187193119977595,-0.06777390836943155,1.0242664334978029,1.060466083909553,0.004330469466242409,1.1275702593849246e-15,0.6269893497150107,0.0025853721174870074,10,1.1281504377365466,49,3.5493479615359727,-0.0005606727077831291,-0.01162091948027252
events.csv(正本),"A2(N2,缺債務標籤當零負債)",建表年份 2010-2021,觸發日即買,1m,軸二 200 日線位置,線之上,164,0,0,121,高,0.4695121951219512,-0.0012456290050995185,-0.0076348126029666,77,87,0.10961005213096821,-0.09935927782667672,0.0792312485623618,-0.0868871478418358,1.1031687682168245,0.9118868616402239,-0.001245629005099537,1.8431436932253575e-15,0.7289663457738649,-0.010800499057919176,2,-5.939734364007987,9,-14.807258653997334,-0.008751054589413894,-0.02083326902430212
events.csv(正本),"A2(N2,缺債務標籤當零負債)",建表年份 2010-2021,觸發日即買,1m,軸二 250 日線位置(緩衝對照),線下 10% 內,240,0,0,211,高,0.49583333333333335,-0.003155138273298659,-0.00351835898548075,119,121,0.08008741083765157,-0.08502177748158857,0.058020478238979,-0.0615973456975484,0.9419634969992773,0.9419314676945282,-0.0031551382732986633,4.3368086899420177e-16,0.3827085241807986,-0.0076500266166116115,3,-1.3943170249733405,12,-4.037953059667726,-0.0076500266166116115,-0.016732040544883926
events.csv(正本),"A2(N2,缺債務標籤當零負債)",建表年份 2010-2021,觸發日即買,1m,軸二 250 日線位置(緩衝對照),線下逾 10%,906,0,0,604,高,0.5143487858719646,0.004750000703744766,0.00260708846769705,466,440,0.100772357480491,-0.09694640442799102,0.07224746394345591,-0.06857049094814305,1.0394646204268647,1.0536232560751766,0.004750000703744754,1.214306433183765e-15,0.6269893497150107,0.0028517295945862985,10,1.1610568619040613,46,3.4156279313149747,-0.0007735583793446743,-0.012087972491396363
events.csv(正本),"A2(N2,缺債務標籤當零負債)",建表年份 2010-2021,觸發日即買,1m,軸二 250 日線位置(緩衝對照),線之上,232,0,0,165,高,0.5,0.002463857230828973,0.00117296343852695,116,116,0.10010777134544911,-0.09518005688379116,0.0737444060079689,-0.08598670847412715,1.0517725521815393,0.85762564141129,0.002463857230828974,8.673617379884035e-17,0.7289663457738649,-0.004205162942953482,3,2.6846697868674694,12,6.6161632126304415,-0.004205162942953482,-0.014592192941370931
events.csv(正本),"A2(N2,缺債務標籤當零負債)",建表年份 2010-2021,觸發日即買,3m,總表(三格進場),全部,1378,0,0,854,高,0.5,0.022146794487144867,1.752743879810001e-05,689,689,0.19297895466937232,-0.1486853656950826,0.1379800235733723,-0.1231460074798205,1.2979014697729234,1.120458765957009,0.022146794487144864,3.469446951953614e-16,3.644043104313688,0.01798988987390819,14,0.4799741584772504,69,1.4411639097815578,0.011635114147073229,-0.01028538194141847
events.csv(正本),"A2(N2,缺債務標籤當零負債)",建表年份 2010-2021,觸發日即買,3m,軸一 行業殺 vs 個別殺,個別殺,1102,0,0,760,高,0.48366606170598914,0.012018240018006448,-0.0069940946521958,533,569,0.1887164810792074,-0.15350049897253856,0.1352412269661331,-0.1328700961197801,1.229419333112194,1.0178454815311904,0.012018240018006457,8.673617379884035e-16,3.644043104313688,0.006867905119166889,12,0.9614583046369978,56,2.6837965719241392,0.0004683028319467278,-0.0213196663669738
events.csv(正本),"A2(N2,缺債務標籤當零負債)",建表年份 2010-2021,觸發日即買,3m,軸一 行業殺 vs 個別殺,行業不明,2,0,0,2,低(樣本不足),1.0,0.04684943216237265,0.04684943216237265,2,0,0.04684943216237265,,0.04684943216237265,,,,0.04684943216237265,0.0,0.0586013587199836,,1,0.6254222945208882,1,0.6254222945208882,0.0350975056047617,0.0350975056047617
events.csv(正本),"A2(N2,缺債務標籤當零負債)",建表年份 2010-2021,觸發日即買,3m,軸一 行業殺 vs 個別殺,行業殺,274,0,0,128,高,0.5620437956204379,0.06270249430334954,0.0259470570801955,154,120,0.20962932784191715,-0.12585360873781223,0.15217803460161633,-0.114361878406742,1.6656600469727716,1.3306709956299996,0.06270249430334954,0.0,1.013628745081164,0.053695851905914145,3,0.15301708953249535,14,0.5081662316570844,0.053695851905914145,0.032499776583901345
events.csv(正本),"A2(N2,缺債務標籤當零負債)",建表年份 2010-2021,觸發日即買,3m,軸二 200 日線位置,線下 10% 內,234,0,0,193,高,0.4358974358974359,-0.0031548944842946605,-0.016367768703619848,102,132,0.16683554223280178,-0.13451114103841463,0.12139887086856965,-0.11757390943998575,1.2403102147884963,1.0325323998053864,-0.0031548944842946514,9.107298248878237e-16,0.716217057428205,-0.011972128228788528,3,-2.746128266468726,12,-7.482311398402663,-0.011972128228788528,-0.02820732703650599
events.csv(正本),"A2(N2,缺債務標籤當零負債)",建表年份 2010-2021,觸發日即買,3m,軸二 200 日線位置,線下逾 10%,980,0,0,652,高,0.5255102040816326,0.02823078060785668,0.0082526922343192,515,465,0.18890775190638978,-0.14972328437869073,0.1387061753904264,-0.1231619884613726,1.2617125832518536,1.1262092884602048,0.02823078060785668,0.0,1.1245123772670025,0.025179433552767014,10,0.3106133985366262,49,1.0834983374067098,0.019662560270010575,-0.002481287625736441
events.csv(正本),"A2(N2,缺債務標籤當零負債)",建表年份 2010-2021,觸發日即買,3m,軸二 200 日線位置,線之上,164,0,0,121,高,0.43902439024390244,0.021892458029945314,-0.020473227994107397,72,92,0.25913586427306956,-0.16377629468206495,0.1734800669993682,-0.13457440557907208,1.5822550191169233,1.2891014918690185,0.021892458029945314,0.0,3.644043104313688,-0.010856679494094681,2,1.2642317572996788,9,2.354680197697215,-0.005856098492131806,-0.03137931494852792
events.csv(正本),"A2(N2,缺債務標籤當零負債)",建表年份 2010-2021,觸發日即買,3m,軸二 250 日線位置(緩衝對照),線下 10% 內,240,0,0,211,高,0.44583333333333336,-0.009399859081973523,-0.018473706149712152,107,133,0.14437511488698304,-0.13311355994421678,0.1104402684978755,-0.0934057970564504,1.084601110115946,1.182370602020881,-0.009399859081973522,1.734723475976807e-16,0.731241176472126,-0.018530042205015577,3,-0.9466692551321827,12,-2.536097387990696,-0.018530042205015577,-0.0349882285760497
events.csv(正本),"A2(N2,缺債務標籤當零負債)",建表年份 2010-2021,觸發日即買,3m,軸二 250 日線位置(緩衝對照),線下逾 10%,906,0,0,604,高,0.5253863134657837,0.030225625608078892,0.01141339890074285,476,430,0.19505255276611766,-0.15223394957151748,0.1422231342067842,-0.13122788387573137,1.2812684247838197,1.0837874543604238,0.030225625608078913,2.0816681711721685e-15,1.1245123772670025,0.026930850926105563,10,0.31320043434292233,46,1.0349589675110524,0.020990631210540043,-0.0011131755084330655
events.csv(正本),"A2(N2,缺債務標籤當零負債)",建表年份 2010-2021,觸發日即買,3m,軸二 250 日線位置(緩衝對照),線之上,232,0,0,165,高,0.45689655172413796,0.023232035267412902,-0.0173296244660942,106,126,0.23272969205300337,-0.15301202520300447,0.16090712650620495,-0.1360236315254749,1.5209895545414531,1.182935087834865,0.02323203526741291,6.938893903907228e-16,3.644043104313688,0.0002250815134476668,3,0.9904368698618718,12,1.8180092017490685,0.0002250815134476668,-0.020040601458144604
events.csv(正本),"A2(N2,缺債務標籤當零負債)",建表年份 2010-2021,觸發日即買,6m,總表(三格進場),全部,1378,0,0,854,高,0.4760522496371553,0.02327243821460529,-0.01529145099387715,656,722,0.2765181772408066,-0.20682341331058585,0.1877380106981783,-0.1743983840013076,1.3369771478703931,1.07648939394284,0.023272438214605326,3.469446951953614e-15,3.5697477446936787,0.017326733550181952,14,0.7306342118050555,69,1.9944957476085674,0.006333141171165468,-0.024364325193866557
events.csv(正本),"A2(N2,缺債務標籤當零負債)",建表年份 2010-2021,觸發日即買,6m,軸一 行業殺 vs 個別殺,個別殺,1102,0,0,760,高,0.46823956442831216,0.01211675179294996,-0.0216279158834279,516,586,0.2649575202528682,-0.21052119449598825,0.1758195546966693,-0.17691716237049981,1.2585788375712321,0.9937959231364343,0.012116751792949979,1.908195823574488e-15,3.5697477446936787,0.004876924119387331,12,1.4495707891504601,56,3.706530457295235,-0.005507308355392152,-0.03455007864604062
events.csv(正本),"A2(N2,缺債務標籤當零負債)",建表年份 2010-2021,觸發日即買,6m,軸一 行業殺 vs 個別殺,行業不明,2,0,0,2,低(樣本不足),1.0,0.21558363190104285,0.21558363190104285,2,0,0.21558363190104285,,0.21558363190104285,,,,0.21558363190104285,0.0,0.3443168155249878,,1,0.798569011220286,1,0.798569011220286,0.0868504482770979,0.0868504482770979
events.csv(正本),"A2(N2,缺債務標籤當零負債)",建表年份 2010-2021,觸發日即買,6m,軸一 行業殺 vs 個別殺,行業殺,274,0,0,128,高,0.5036496350364964,0.06673573766457352,0.0023896212694419997,138,136,0.3206280909832395,-0.1908903267323081,0.21791268219304388,-0.15362409188225595,1.6796455664978092,1.4184798720246394,0.06673573766457357,4.163336342344337e-15,1.7917358528836975,0.049183248670296595,3,0.2710840151025706,14,0.7970642656287761,0.049183248670296595,0.01427230794347606
events.csv(正本),"A2(N2,缺債務標籤當零負債)",建表年份 2010-2021,觸發日即買,6m,軸二 200 日線位置,線下 10% 內,234,0,0,193,高,0.4444444444444444,-0.010321818848396596,-0.02237278328171765,104,130,0.22872678997547347,-0.20156070590749264,0.174014702161545,-0.17660564830503725,1.1347786709997376,0.9853292000094067,-0.0103218188483966,3.469446951953614e-16,1.0713860883041717,-0.02255593035013408,3,-1.1572507794360825,12,-3.222448269701054,-0.02255593035013408,-0.04593920268450317
events.csv(正本),"A2(N2,缺債務標籤當零負債)",建表年份 2010-2021,觸發日即買,6m,軸二 200 日線位置,線下逾 10%,980,0,0,652,高,0.48775510204081635,0.03191101873269633,-0.00951513148396605,478,502,0.2797607932889655,-0.20408936421132098,0.18539904826806713,-0.17366766207177015,1.370775955768532,1.0675507809361127,0.031911018732696333,6.938893903907228e-16,3.5697477446936787,0.02475737061030074,10,0.5289308908305329,49,1.4748170840502723,0.015187267282226209,-0.015949365119718405
events.csv(正本),"A2(N2,缺債務標籤當零負債)",建表年份 2010-2021,觸發日即買,6m,軸二 200 日線位置,線之上,164,0,0,121,高,0.45121951219512196,0.019584921415905454,-0.0513252489538879,74,90,0.3227389043296529,-0.22967502009095367,0.19559702707300058,-0.1697056129280022,1.405198110799533,1.1525666340569587,0.0195849214159054,5.551115123125783e-15,2.883677630648528,-0.016189770232675225,2,1.3771088101962474,9,3.1958993441636916,-0.007476827232851942,-0.04550366864000135
events.csv(正本),"A2(N2,缺債務標籤當零負債)",建表年份 2010-2021,觸發日即買,6m,軸二 250 日線位置(緩衝對照),線下 10% 內,240,0,0,211,高,0.44166666666666665,-0.015346074146887689,-0.02882620251184235,106,134,0.21693967724899244,-0.19909450435556902,0.1490823847758958,-0.1620265748351113,1.0896316699006074,0.9201106974433773,-0.015346074146887725,3.642919299551295e-15,1.7917358528836975,-0.030373509958602284,3,-0.9544960357305953,12,-2.2668709914839855,-0.030373509958602284,-0.05277225733013657
events.csv(正本),"A2(N2,缺債務標籤當零負債)",建表年份 2010-2021,觸發日即買,6m,軸二 250 日線位置(緩衝對照),線下逾 10%,906,0,0,604,高,0.488962472406181,0.03477140944323091,-0.00821298441911675,443,463,0.28513098651854596,-0.20477349907591505,0.1898481363399973,-0.1782826664198107,1.3924213230972833,1.0648715332367358,0.03477140944323087,4.163336342344337e-15,3.5697477446936787,0.02738043341048812,10,0.5017357569773703,46,1.3661540037631892,0.017518713286367876,-0.013412688198162909
events.csv(正本),"A2(N2,缺債務標籤當零負債)",建表年份 2010-2021,觸發日即買,6m,軸二 250 日線位置(緩衝對照),線之上,232,0,0,165,高,0.46120689655172414,0.018317158187120385,-0.04434541801305885,107,125,0.29988122854074806,-0.2227016860355849,0.2015880065525936,-0.1904168939675081,1.3465602074194931,1.058666604376982,0.018317158187120403,1.734723475976807e-15,2.883677630648528,-0.006851089171429161,3,1.369189228592455,12,2.956894354943808,-0.006851089171429161,-0.037799911279806184
events.csv(正本),"A2(N2,缺債務標籤當零負債)",建表年份 2010-2021,觸發日即買,12m,總表(三格進場),全部,1378,0,0,854,高,0.5036284470246735,0.06559159846702106,0.0051648934948812005,694,684,0.42208849932575127,-0.2961172453867199,0.2989235989838219,-0.2644146461865095,1.4254100559881842,1.1305107462654354,0.06559159846702103,2.7755575615628914e-15,11.705683397360184,0.05185577709675689,14,0.4656245411009156,69,1.1816277235298982,0.03541029681184613,-0.012541224016412191
events.csv(正本),"A2(N2,缺債務標籤當零負債)",建表年份 2010-2021,觸發日即買,12m,軸一 行業殺 vs 個別殺,個別殺,1102,0,0,760,高,0.46823956442831216,0.037105320051009354,-0.033857473080117995,516,586,0.42090986072521375,-0.30085226183958697,0.29153067442216607,-0.2736740074426229,1.3990583223523876,1.0652479464396594,0.03710532005100939,3.469446951953614e-15,11.705683397360184,0.020240252068120246,12,0.8869949510005559,56,2.1020779472167592,0.004239250952821841,-0.043082252732128325
events.csv(正本),"A2(N2,缺債務標籤當零負債)",建表年份 2010-2021,觸發日即買,12m,軸一 行業殺 vs 個別殺,行業不明,2,0,0,2,低(樣本不足),1.0,0.33015409589350286,0.33015409589350286,2,0,0.33015409589350286,,0.33015409589350286,,,,0.33015409589350286,0.0,0.4640107923074708,,1,0.7027185155036602,1,0.7027185155036602,0.1962973994795349,0.1962973994795349
events.csv(正本),"A2(N2,缺債務標籤當零負債)",建表年份 2010-2021,觸發日即買,12m,軸一 行業殺 vs 個別殺,行業殺,274,0,0,128,高,0.6423357664233577,0.17822938612976533,0.1302923601318848,176,98,0.4265887625345121,-0.26780377965835145,0.3212704172049128,-0.22325112472874076,1.592915391555449,1.4390539693597042,0.17822938612976527,5.551115123125783e-15,3.777265425248849,0.15236496825629955,3,0.1544787200965184,14,0.43180187391218133,0.15236496825629955,0.10672258184724571
events.csv(正本),"A2(N2,缺債務標籤當零負債)",建表年份 2010-2021,觸發日即買,12m,軸二 200 日線位置,線下 10% 內,234,0,0,193,高,0.42735042735042733,-0.0020150158098071694,-0.0793795268864938,100,134,0.378993689613322,-0.2863498706031872,0.2513275680451426,-0.27082114455862083,1.3235336506874738,0.928020478071428,-0.0020150158098071747,5.204170427930421e-16,2.039033253311533,-0.02694243891096473,3,-12.199411586768674,12,-31.883902092354855,-0.02694243891096473,-0.06984328977204315
events.csv(正本),"A2(N2,缺債務標籤當零負債)",建表年份 2010-2021,觸發日即買,12m,軸二 200 日線位置,線下逾 10%,980,0,0,652,高,0.5530612244897959,0.09523435979849089,0.0491409804971195,542,438,0.40102027338442986,-0.28315825473022804,0.30714014153895786,-0.2489146321669059,1.4162408006310532,1.233917583973166,0.0952343597984909,1.3877787807814457e-15,3.777265425248849,0.08582289864089153,10,0.23902331565309795,49,0.7235016458801841,0.07321825237963751,0.02771804604203905
events.csv(正本),"A2(N2,缺債務標籤當零負債)",建表年份 2010-2021,觸發日即買,12m,軸二 200 日線位置,線之上,164,0,0,121,高,0.3170731707317073,-0.015078879362629104,-0.1885624951943159,52,112,0.7245588730072742,-0.3584821215343699,0.3008680952928049,-0.3591159844445439,2.02118551939502,0.8378020147395197,-0.01507887936262911,6.938893903907228e-16,11.705683397360184,-0.12388613268999739,2,-6.1895101290953045,9,-10.101442515337858,-0.10974814796133703,-0.177117156388067
events.csv(正本),"A2(N2,缺債務標籤當零負債)",建表年份 2010-2021,觸發日即買,12m,軸二 250 日線位置(緩衝對照),線下 10% 內,240,0,0,211,高,0.44166666666666665,0.0039510440962141295,-0.057253312974786946,106,134,0.36875474626320365,-0.2846250188120015,0.2508838305644797,-0.2695766559153739,1.2955809289090323,0.9306585902721404,0.003951044096214107,2.2551405187698492e-15,3.777265425248849,-0.024888548290361485,3,7.220492821196794,12,16.11296899008753,-0.024888548290361485,-0.06285474411005533
events.csv(正本),"A2(N2,缺債務標籤當零負債)",建表年份 2010-2021,觸發日即買,12m,軸二 250 日線位置(緩衝對照),線下逾 10%,906,0,0,604,高,0.5629139072847682,0.10178284913811426,0.05521027806168685,510,396,0.39997342092376553,-0.28225046301007295,0.3093655481834908,-0.24662755875194992,1.417086854909752,1.254383531787868,0.10178284913811426,0.0,3.3397619190827053,0.0935934992941994,10,0.21818417664601614,46,0.6684267215737989,0.08046356077457546,0.03555362385641081
events.csv(正本),"A2(N2,缺債務標籤當零負債)",建表年份 2010-2021,觸發日即買,12m,軸二 250 日線位置(緩衝對照),線之上,232,0,0,165,高,0.33620689655172414,-0.011975384545982336,-0.1795529284486982,78,154,0.6391662917570694,-0.34177441540077474,0.3008680952928049,-0.3130001476607934,1.8701408383876956,0.9612394675892091,-0.011975384545982293,4.336808689942018e-15,11.705683397360184,-0.0884324033287612,3,-6.289025294908682,12,-10.851026074397872,-0.0884324033287612,-0.149661717842035
events.csv(正本),"A2(N2,缺債務標籤當零負債)",建表年份 2010-2021,跌勢衰竭,1m,總表(三格進場),全部,1378,0,0,854,高,0.5058055152394775,0.01161435185410864,0.00198187307107175,697,681,0.10950312222493969,-0.08857430152102974,0.0738548076414429,-0.0678998713845863,1.236285472699335,1.0877017310257882,0.011614351854108633,6.938893903907228e-16,1.3136560667805672,0.009610174057364775,14,0.5557996606647647,69,1.6371302261096532,0.005212051664142834,-0.007789915714584471
events.csv(正本),"A2(N2,缺債務標籤當零負債)",建表年份 2010-2021,跌勢衰竭,1m,軸一 行業殺 vs 個別殺,個別殺,1102,0,0,760,高,0.4900181488203267,0.004275842294678954,-0.0029870496960904,540,562,0.10352734599612218,-0.09109037122628073,0.071421116407743,-0.0675558457257143,1.13653446135318,1.0572159321004169,0.00427584229467895,4.3368086899420177e-16,1.3136560667805672,0.0018033185531173132,12,1.5011217020107779,56,4.182068606809249,-0.0021663069172473217,-0.014334453091767455
events.csv(正本),"A2(N2,缺債務標籤當零負債)",建表年份 2010-2021,跌勢衰竭,1m,軸一 行業殺 vs 個別殺,行業不明,2,0,0,2,低(樣本不足),1.0,0.0718063859348474,0.0718063859348474,2,0,0.0718063859348474,,0.0718063859348474,,,,0.0718063859348474,0.0,0.1255767141161698,,1,0.8744118819049759,1,0.8744118819049759,0.018036057753525,0.018036057753525
events.csv(正本),"A2(N2,缺債務標籤當零負債)",建表年份 2010-2021,跌勢衰竭,1m,軸一 行業殺 vs 個別殺,行業殺,274,0,0,128,高,0.5656934306569343,0.04068972946845181,0.012912526828121551,155,119,0.1308083650387567,-0.07669168661051669,0.0941961983911563,-0.070803650381829,1.7056394352503264,1.3303861860677562,0.04068972946845184,2.7755575615628914e-15,0.7192567440363142,0.03373830287092942,3,0.17991822923982606,14,0.5685880892211572,0.03373830287092942,0.018499251151162178
events.csv(正本),"A2(N2,缺債務標籤當零負債)",建表年份 2010-2021,跌勢衰竭,1m,軸二 200 日線位置,線下 10% 內,234,0,0,193,高,0.4829059829059829,0.004342909343611254,-0.007889835783625999,113,121,0.09324721570861019,-0.07868342635262743,0.0730316276575955,-0.0559208278456597,1.1850934819578613,1.3059825913014242,0.0043429093436112565,2.6020852139652106e-16,0.6034346044121959,-0.001762900108216062,3,1.4007218864325373,12,3.5081838544171378,-0.001762900108216062,-0.011481615912888639
events.csv(正本),"A2(N2,缺債務標籤當零負債)",建表年份 2010-2021,跌勢衰竭,1m,軸二 200 日線位置,線下逾 10%,980,0,0,652,高,0.5051020408163265,0.012289807951162744,0.0016779846552932999,495,485,0.10960548379764397,-0.08703237667565829,0.071739896855455,-0.0674993506163735,1.2593644800268802,1.0628235116391307,0.012289807951162739,5.204170427930421e-16,1.3136560667805672,0.009471263322471175,10,0.5529777975804298,49,1.6002215343459394,0.0055504543064839856,-0.007764849879225077
events.csv(正本),"A2(N2,缺債務標籤當零負債)",建表年份 2010-2021,跌勢衰竭,1m,軸二 200 日線位置,線之上,164,0,0,121,高,0.5426829268292683,0.017953196807421818,0.0138672356687141,89,75,0.1295733296165869,-0.11450269412612075,0.0945684125542869,-0.1012260376676882,1.1316181737511466,0.9342301124612087,0.017953196807421835,1.734723475976807e-15,0.6588003368114648,0.008836012035401337,2,0.3906990041394073,9,1.1375863700273778,0.01107394885035499,-0.002613541221778864
events.csv(正本),"A2(N2,缺債務標籤當零負債)",建表年份 2010-2021,跌勢衰竭,1m,軸二 250 日線位置(緩衝對照),線下 10% 內,240,0,0,211,高,0.5083333333333333,0.00715618109216072,0.0025270301600954,122,118,0.09115952079790182,-0.07969472945106314,0.0571723528123259,-0.0536462110038434,1.1438588401743517,1.0657295593202263,0.007156181092160714,6.071532165918825e-16,0.6362275365527015,-1.547165398861329e-05,3,1.0021349736845668,12,2.4267278777532066,-1.547165398861329e-05,-0.010747287434143247
events.csv(正本),"A2(N2,缺債務標籤當零負債)",建表年份 2010-2021,跌勢衰竭,1m,軸二 250 日線位置(緩衝對照),線下逾 10%,906,0,0,604,高,0.5044150110375276,0.013349782696756216,0.00128551135477135,457,449,0.1123469995893395,-0.08741130442999334,0.0750248633961339,-0.0675145834762203,1.2852685396008117,1.1112393727876413,0.013349782696756227,1.0408340855860843e-15,1.3136560667805672,0.010303782499641196,10,0.5341546384893302,46,1.4827477497018065,0.006288342095861742,-0.006789287518157741
events.csv(正本),"A2(N2,缺債務標籤當零負債)",建表年份 2010-2021,跌勢衰竭,1m,軸二 250 日線位置(緩衝對照),線之上,232,0,0,165,高,0.5086206896551724,0.009449095989577565,0.00523339787916585,118,114,0.11745454102636264,-0.10234601378534032,0.0854444091979144,-0.08091477610025805,1.1476220390245078,1.0559802957625921,0.009449095989577556,8.673617379884035e-16,0.6588003368114648,0.002927790091111059,3,0.6941579660454049,12,1.9015928236063397,0.002927790091111059,-0.00898392279561261
events.csv(正本),"A2(N2,缺債務標籤當零負債)",建表年份 2010-2021,跌勢衰竭,3m,總表(三格進場),全部,1378,0,0,854,高,0.4898403483309144,0.01909206961858801,-0.0038752309326674,675,703,0.19570695684544573,-0.15048836975286142,0.1324399938345599,-0.1263581696849128,1.3004789484187,1.048131625875974,0.019092069618588017,6.938893903907228e-16,2.921219219496061,0.014483601371179848,14,0.6863643464358089,69,1.786432069626242,0.006049413668391959,-0.015806066161125426
events.csv(正本),"A2(N2,缺債務標籤當零負債)",建表年份 2010-2021,跌勢衰竭,3m,軸一 行業殺 vs 個別殺,個別殺,1102,0,0,760,高,0.48911070780399274,0.01440159797518851,-0.0029059432228661997,539,563,0.19031992801672853,-0.1540175492581864,0.1293526329688732,-0.1301330268108589,1.235702872389476,0.9940031069659208,0.014401597975188515,5.204170427930421e-16,2.921219219496061,0.008622967169805035,12,1.0200176329647122,56,2.416820925559198,-0.00029145969212355453,-0.021496886119270874
events.csv(正本),"A2(N2,缺債務標籤當零負債)",建表年份 2010-2021,跌勢衰竭,3m,軸一 行業殺 vs 個別殺,行業不明,2,0,0,2,低(樣本不足),1.0,0.1206279861373176,0.1206279861373176,2,0,0.1206279861373176,,0.1206279861373176,,,,0.1206279861373176,0.0,0.1317854360573827,,1,0.5462473521996958,1,0.5462473521996958,0.1094705362172525,0.1094705362172525
events.csv(正本),"A2(N2,缺債務標籤當零負債)",建表年份 2010-2021,跌勢衰竭,3m,軸一 行業殺 vs 個別殺,行業殺,274,0,0,128,高,0.48905109489051096,0.037215529173291635,-0.00851688256505415,134,140,0.2184962589357056,-0.13629602645644745,0.16742584582037573,-0.11043040044717495,1.603100725797936,1.516120969790967,0.03721552917329163,6.938893903907228e-16,1.108143796587465,0.02828376168951767,3,0.24832224374990736,14,0.860988686021614,0.02828376168951767,0.005451946205206872
events.csv(正本),"A2(N2,缺債務標籤當零負債)",建表年份 2010-2021,跌勢衰竭,3m,軸二 200 日線位置,線下 10% 內,234,0,0,193,高,0.46153846153846156,1.5002759901888754e-06,-0.0222610842236448,108,126,0.1563188170202363,-0.13398477121907795,0.1147955813994049,-0.1150307746176416,1.1666909276177369,0.9979553887295076,1.5002759901766582e-06,1.22171797147224e-15,0.9173784361227636,-0.00927640101227158,3,6104.858792682986,12,17101.409629135655,-0.00927640101227158,-0.027042108799202373
events.csv(正本),"A2(N2,缺債務標籤當零負債)",建表年份 2010-2021,跌勢衰竭,3m,軸二 200 日線位置,線下逾 10%,980,0,0,652,高,0.5071428571428571,0.024709477816058093,0.0029044076348887,497,483,0.19417005968078552,-0.1496630049722846,0.13372873010869,-0.1243218446303141,1.2973818059896831,1.075665588025567,0.02470947781605809,3.469446951953614e-16,2.921219219496061,0.0191653354519701,10,0.4663226268298905,49,1.3141420433871178,0.013322836524756083,-0.008170827212805438
events.csv(正本),"A2(N2,缺債務標籤當零負債)",建表年份 2010-2021,跌勢衰竭,3m,軸二 200 日線位置,線之上,164,0,0,121,高,0.4268292682926829,0.012763613476192977,-0.0316643178141194,70,94,0.2673891995877132,-0.17685118469196037,0.15369379730585303,-0.16198693860469596,1.5119446332997544,0.9488036420079458,0.012763613476192953,2.42861286636753e-15,1.8661342617849628,-0.01801037437981014,2,1.659013342710752,9,4.4776237427243215,-0.008515235922532633,-0.04696435757363501
events.csv(正本),"A2(N2,缺債務標籤當零負債)",建表年份 2010-2021,跌勢衰竭,3m,軸二 250 日線位置(緩衝對照),線下 10% 內,240,0,0,211,高,0.4625,-0.006188006276775056,-0.010444796453071701,111,129,0.14353728463677248,-0.1350213961326183,0.1091608421541616,-0.1100153408965707,1.0630706595256196,0.9922329128333798,-0.006188006276775057,8.673617379884035e-17,0.654762120725652,-0.013799732354582976,3,-1.2022013376580905,12,-3.703204234756433,-0.013799732354582976,-0.03063521823750299
events.csv(正本),"A2(N2,缺債務標籤當零負債)",建表年份 2010-2021,跌勢衰竭,3m,軸二 250 日線位置(緩衝對照),線下逾 10%,906,0,0,604,高,0.5121412803532008,0.028800413666868942,0.0054846066898317,464,442,0.19992191976478452,-0.15083845246306957,0.13562669151830914,-0.12373033830961055,1.3254042089415645,1.0961474232692254,0.028800413666868932,1.0408340855860843e-15,2.921219219496061,0.022815525203788614,10,0.44156005762353956,46,1.1820367858428693,0.016262802479666667,-0.005523160081145174
events.csv(正本),"A2(N2,缺債務標籤當零負債)",建表年份 2010-2021,跌勢衰竭,3m,軸二 250 日線位置(緩衝對照),線之上,232,0,0,165,高,0.43103448275862066,0.0073311149080044595,-0.03423320190728945,100,132,0.23405786505134085,-0.16443157459452312,0.14415153512734596,-0.1460221659677836,1.4234362568655767,0.9871894049232884,0.007331114908004449,1.0408340855860843e-15,1.8661342617849628,-0.014375913653222905,3,2.935588023938703,12,6.2962382483288035,-0.014375913653222905,-0.04094518560659401
events.csv(正本),"A2(N2,缺債務標籤當零負債)",建表年份 2010-2021,跌勢衰竭,6m,總表(三格進場),全部,1378,0,0,854,高,0.4833091436865022,0.024696227246398087,-0.011854723179981149,666,712,0.27929864293010603,-0.21345715596336245,0.18646394396249075,-0.18148836463124074,1.3084529383406782,1.0274154177396424,0.024696227246398098,1.0408340855860843e-15,2.7099608360439733,0.019329221327611362,14,0.6913948219163578,69,1.9670044114713612,0.007699608952312459,-0.025140194832914728
events.csv(正本),"A2(N2,缺債務標籤當零負債)",建表年份 2010-2021,跌勢衰竭,6m,軸一 行業殺 vs 個別殺,個別殺,1102,0,0,760,高,0.47005444646098005,0.01275509123603559,-0.02001045954999835,518,584,0.2718935030344175,-0.21709713018787166,0.183278156622347,-0.18319929066248003,1.2524048696504009,1.0004304927141463,0.01275509123603559,0.0,2.4755892741256345,0.006512385845516199,12,1.3493299338076428,56,3.706976689593273,-0.004504789142448294,-0.03637625581629193
events.csv(正本),"A2(N2,缺債務標籤當零負債)",建表年份 2010-2021,跌勢衰竭,6m,軸一 行業殺 vs 個別殺,行業不明,2,0,0,2,低(樣本不足),1.0,0.20634948465034453,0.20634948465034453,2,0,0.20634948465034453,,0.20634948465034453,,,,0.20634948465034453,0.0,0.2757829236901945,,1,0.6682423369205494,1,0.6682423369205494,0.1369160456104945,0.1369160456104945
events.csv(正本),"A2(N2,缺債務標籤當零負債)",建表年份 2010-2021,跌勢衰竭,6m,軸一 行業殺 vs 個別殺,行業殺,274,0,0,128,高,0.5328467153284672,0.07139631983257176,0.0230195903587554,146,128,0.3065709770569979,-0.1968497735640392,0.20330609433463714,-0.16888089358901442,1.5573854696727103,1.203843075519243,0.0713963198325718,4.163336342344337e-15,2.7099608360439733,0.0511484949822591,3,0.2914414204704408,14,0.7721789171610125,0.0511484949822591,0.01714142618931999
events.csv(正本),"A2(N2,缺債務標籤當零負債)",建表年份 2010-2021,跌勢衰竭,6m,軸二 200 日線位置,線下 10% 內,234,0,0,193,高,0.44017094017094016,-0.007265641352416272,-0.042279308603666646,103,131,0.2518095185771193,-0.21096595793823433,0.2005417065933246,-0.1865148851753622,1.1936026126586876,1.0752048363580973,-0.00726564135241628,7.806255641895632e-16,1.311755947285533,-0.022409959742962362,3,-2.0448313498729758,12,-5.2533091538779635,-0.022409959742962362,-0.04789020977125673
events.csv(正本),"A2(N2,缺債務標籤當零負債)",建表年份 2010-2021,跌勢衰竭,6m,軸二 200 日線位置,線下逾 10%,980,0,0,652,高,0.5020408163265306,0.03572087134026359,0.00099424156832825,492,488,0.2736987255892308,-0.20420762105828535,0.1850139119486329,-0.17080221760832132,1.3402963325796307,1.0832055610243974,0.035720871340263596,6.938893903907228e-16,2.7099608360439733,0.029271905636267203,10,0.43820603624240606,49,1.3280006604345398,0.02027465412488586,-0.012333125674635435
events.csv(正本),"A2(N2,缺債務標籤當零負債)",建表年份 2010-2021,跌勢衰竭,6m,軸二 200 日線位置,線之上,164,0,0,121,高,0.4329268292682927,0.004421386027705233,-0.058927876193460904,71,93,0.35798229279022226,-0.2655014567694852,0.1791817342586308,-0.2496129619060276,1.3483251547694186,0.7178382600423121,0.004421386027705199,3.469446951953614e-15,2.4755892741256345,-0.03554523863983432,2,6.542150283320924,9,16.474191545143558,-0.024806504169650044,-0.07238999602056823
events.csv(正本),"A2(N2,缺債務標籤當零負債)",建表年份 2010-2021,跌勢衰竭,6m,軸二 250 日線位置(緩衝對照),線下 10% 內,240,0,0,211,高,0.44166666666666665,0.00047161956680002076,-0.033870711961667355,106,134,0.2620732957018355,-0.20646701976389967,0.17588143307111853,-0.16384208881664694,1.2693228003267691,1.0734813889485053,0.00047161956680003003,9.269928574751063e-16,2.7099608360439733,-0.020784944591301948,3,44.52052846996033,12,92.83256526578745,-0.020784944591301948,-0.045589510156616136
events.csv(正本),"A2(N2,缺債務標籤當零負債)",建表年份 2010-2021,跌勢衰竭,6m,軸二 250 日線位置(緩衝對照),線下逾 10%,906,0,0,604,高,0.5055187637969095,0.03686648984085797,0.0045837511577091,458,448,0.2724919181499802,-0.2040184346358786,0.18646394396249075,-0.17150929142367477,1.3356240019991796,1.087194416201475,0.03686648984085798,1.3877787807814457e-15,2.155237513861947,0.031312125273287375,10,0.41054869072548983,46,1.2748244985635557,0.021973534195060856,-0.010673748852775423
events.csv(正本),"A2(N2,缺債務標籤當零負債)",建表年份 2010-2021,跌勢衰竭,6m,軸二 250 日線位置(緩衝對照),線之上,232,0,0,165,高,0.4396551724137931,0.00222919247278985,-0.06310700558103535,102,130,0.3277630228859328,-0.25318965908213775,0.20192454794966286,-0.2419758595431743,1.2945355828280591,0.8344822013686646,0.002229192472789826,2.3852447794681098e-15,2.4755892741256345,-0.025898332209038172,3,12.467578638557098,12,27.64601949031114,-0.025898332209038172,-0.06263905731821029
events.csv(正本),"A2(N2,缺債務標籤當零負債)",建表年份 2010-2021,跌勢衰竭,12m,總表(三格進場),全部,1378,0,0,854,高,0.4796806966618287,0.07497172912544896,-0.0161654836375401,661,717,0.45587271101485183,-0.27617966422029067,0.2841498830848525,-0.2313506636277303,1.6506382260325714,1.228221603643559,0.07497172912544897,1.3877787807814457e-15,9.987976510363495,0.061304692297151325,14,0.45362920358684033,69,1.1743648935548239,0.04138279816519367,-0.013761511817802295
events.csv(正本),"A2(N2,缺債務標籤當零負債)",建表年份 2010-2021,跌勢衰竭,12m,軸一 行業殺 vs 個別殺,個別殺,1102,0,0,760,高,0.44918330308529947,0.04583310120176283,-0.044487067965783056,495,607,0.45131265477414034,-0.28482979668674924,0.2744602406799623,-0.2407301876825791,1.584499445015881,1.1401155929885238,0.045833101201762844,1.3877787807814457e-15,9.987976510363495,0.028654219015520514,12,0.8074115343240267,56,1.922248347776115,0.00892410381161126,-0.0445324962200506
events.csv(正本),"A2(N2,缺債務標籤當零負債)",建表年份 2010-2021,跌勢衰竭,12m,軸一 行業殺 vs 個別殺,行業不明,2,0,0,2,低(樣本不足),1.0,0.2738137362271019,0.2738137362271019,2,0,0.2738137362271019,,0.2738137362271019,,,,0.2738137362271019,0.0,0.2942176333323676,,1,0.5372587171600891,1,0.5372587171600891,0.2534098391218362,0.2534098391218362
events.csv(正本),"A2(N2,缺債務標籤當零負債)",建表年份 2010-2021,跌勢衰竭,12m,軸一 行業殺 vs 個別殺,行業殺,274,0,0,128,高,0.5985401459854015,0.19071291145281685,0.0871735958928653,164,110,0.47185652679977697,-0.22844666051901458,0.33237246806672005,-0.1521122006247531,2.0654997789319944,2.1850480546702005,0.19071291145281688,2.7755575615628914e-15,2.8281483569371337,0.1635368930116076,3,0.15188572259755176,14,0.465888124657105,0.1635368930116076,0.10734690936906878
events.csv(正本),"A2(N2,缺債務標籤當零負債)",建表年份 2010-2021,跌勢衰竭,12m,軸二 200 日線位置,線下 10% 內,234,0,0,193,高,0.405982905982906,0.02665845000680741,-0.0813453888144752,95,139,0.4555514495354377,-0.26646985902355136,0.3392534097999951,-0.2358082338968645,1.7095796545423727,1.43868347679655,0.026658450006807444,3.469446951953614e-15,3.3384090940801263,-0.007254886081081519,3,1.2686530807019474,12,2.8688301069153246,-0.007254886081081519,-0.05251309311027923
events.csv(正本),"A2(N2,缺債務標籤當零負債)",建表年份 2010-2021,跌勢衰竭,12m,軸二 200 日線位置,線下逾 10%,980,0,0,652,高,0.5295918367346939,0.10282053090852816,0.0271552067419853,519,461,0.4249763678976018,-0.2598668430553096,0.2827483421517762,-0.1989555764155105,1.6353620296497409,1.421163192537353,0.10282053090852818,1.3877787807814457e-15,4.437920301721452,0.09246260663232693,10,0.25428290017461547,49,0.76432459125154,0.0774654923189502,0.02550765331536955
events.csv(正本),"A2(N2,缺債務標籤當零負債)",建表年份 2010-2021,跌勢衰竭,12m,軸二 200 日線位置,線之上,164,0,0,121,高,0.2865853658536585,-0.022507041811474834,-0.19684169492957934,47,117,0.7976965816190462,-0.3519905486596327,0.318717390884726,-0.3127032981278297,2.26624432007236,1.0192325849868005,-0.022507041811474726,1.0755285551056204e-14,9.987976510363495,-0.12995955132636614,2,-3.949758568539174,9,-7.320336384587699,-0.1127797863064567,-0.19813967779694133
events.csv(正本),"A2(N2,缺債務標籤當零負債)",建表年份 2010-2021,跌勢衰竭,12m,軸二 250 日線位置(緩衝對照),線下 10% 內,240,0,0,211,高,0.42083333333333334,0.031163571395186655,-0.078904415827839,101,139,0.42988670975659465,-0.2585561190688581,0.2580217009596079,-0.2296035088703749,1.66264372819623,1.1237707220984885,0.031163571395186607,4.85722573273506e-15,3.3384090940801263,-0.005249191705293743,3,1.1663344917450063,12,2.467031996798585,-0.005249191705293743,-0.04812416460132203
events.csv(正本),"A2(N2,缺債務標籤當零負債)",建表年份 2010-2021,跌勢衰竭,12m,軸二 250 日線位置(緩衝對照),線下逾 10%,906,0,0,604,高,0.5408388520971302,0.1116105358589652,0.0355185544614684,490,416,0.42611588733891903,-0.25884047910540353,0.2838154041416543,-0.19600411178823574,1.6462490287904257,1.448007399193189,0.11161053585896516,4.163336342344337e-15,4.437920301721452,0.10084563814119094,10,0.2446403988084289,46,0.7105254777187731,0.08524700603662524,0.03403653062056871
events.csv(正本),"A2(N2,缺債務標籤當零負債)",建表年份 2010-2021,跌勢衰竭,12m,軸二 250 日線位置(緩衝對照),線之上,232,0,0,165,高,0.3017241379310345,-0.02279034434568367,-0.1905061948226623,70,162,0.7016645642761521,-0.33582641597240276,0.35888319545577096,-0.29942957837884826,2.089366800537254,1.1985562595345876,-0.02279034434568361,5.898059818321144e-15,9.987976510363495,-0.09833926984568421,3,-3.2591564165937807,12,-5.967837161146864,-0.09833926984568421,-0.16746119415158003
events.csv(正本),"A2(N2,缺債務標籤當零負債)",建表年份 2010-2021,買方回來,1m,總表(三格進場),全部,1374,0,4,851,高,0.4810771470160116,-0.0002561363871751626,-0.005133120695859699,661,713,0.09815724926927799,-0.09149210822296133,0.068420813811501,-0.0728478800516226,1.0728493547232956,0.939228619460382,-0.0002561363871751779,1.5287250632045613e-15,0.5119884978389664,-0.0013411432835077075,14,-16.480891362090624,69,-60.58446919793965,-0.004523584191185361,-0.01660805227236515
events.csv(正本),"A2(N2,缺債務標籤當零負債)",建表年份 2010-2021,買方回來,1m,軸一 行業殺 vs 個別殺,個別殺,1098,0,4,757,高,0.4854280510018215,-0.003716042755963421,-0.00362900921639735,533,565,0.0940269971770141,-0.09592319370158645,0.0651989517190132,-0.0745383398527462,0.9802321372819243,0.8747035666184224,-0.0037160427559634057,1.5178830414797062e-15,0.5119884978389664,-0.0050726675887867315,11,-1.0975982577833818,55,-4.047681797891742,-0.007873644675447697,-0.019746526092666822
events.csv(正本),"A2(N2,缺債務標籤當零負債)",建表年份 2010-2021,買方回來,1m,軸一 行業殺 vs 個別殺,行業不明,2,0,0,2,低(樣本不足),0.5,0.00784439920846965,0.00784439920846965,1,1,0.0173689061531343,-0.001680107736195,0.0173689061531343,-0.001680107736195,10.337971654407283,10.337971654407283,0.00784439920846965,0.0,0.0173689061531343,,1,1.1070896375582835,1,1.1070896375582835,-0.001680107736195,-0.001680107736195
events.csv(正本),"A2(N2,缺債務標籤當零負債)",建表年份 2010-2021,買方回來,1m,軸一 行業殺 vs 個別殺,行業殺,274,0,0,128,高,0.4635036496350365,0.013549615881942414,-0.0066362845965144,127,147,0.11612742807473317,-0.07507203138665912,0.0880890115333883,-0.0645437019409891,1.5468800554579094,1.3647963919690593,0.013549615881942409,5.204170427930421e-16,0.4774521945051209,0.008886535975215095,3,0.3513293503925951,14,1.2857935273686052,0.008886535975215095,-0.004080905960634069
events.csv(正本),"A2(N2,缺債務標籤當零負債)",建表年份 2010-2021,買方回來,1m,軸二 200 日線位置,線下 10% 內,233,0,1,193,高,0.4291845493562232,-0.012698056847716894,-0.0159555844960389,100,133,0.08899008605175938,-0.08915530714807499,0.0489424109796976,-0.0660227711163451,0.9981468170364644,0.7412959218790053,-0.012698056847716889,5.204170427930421e-16,0.4973353533663072,-0.01803666524705059,3,-0.4021384310366733,12,-1.2496937204142566,-0.01803666524705059,-0.03011787388761477
events.csv(正本),"A2(N2,缺債務標籤當零負債)",建表年份 2010-2021,買方回來,1m,軸二 200 日線位置,線下逾 10%,978,0,2,650,高,0.49284253578732107,0.0030831539870919606,-0.0019166310593335002,482,496,0.09739062957997908,-0.08856241705277011,0.0696990036711787,-0.07013118940339524,1.099683509337247,0.9938374675248897,0.003083153987091969,8.239936510889834e-16,0.5119884978389664,0.0016008735328856298,10,1.3592019260309356,49,4.9487076088569335,-0.0011189157063060911,-0.01281661484255032
events.csv(正本),"A2(N2,缺債務標籤當零負債)",建表年份 2010-2021,買方回來,1m,軸二 200 日線位置,線之上,163,0,1,120,高,0.48466257668711654,-0.0025068021462366554,-0.0053906051794615,79,84,0.11443860385147978,-0.11249117207266046,0.0827628671188729,-0.0912248666989961,1.0173118631705733,0.9072402088780874,-0.002506802146236671,1.5612511283791264e-15,0.4530993277839494,-0.010053199130267787,2,-2.0347503560486935,9,-7.07730605879266,-0.007702022043795999,-0.02143154500474454
events.csv(正本),"A2(N2,缺債務標籤當零負債)",建表年份 2010-2021,買方回來,1m,軸二 250 日線位置(緩衝對照),線下 10% 內,239,0,1,211,高,0.4393305439330544,-0.011322167973676429,-0.0164792540860198,105,134,0.08333894942496738,-0.08549692414425551,0.046921567024367,-0.0638618727018722,0.9747596215783497,0.7347352189844478,-0.011322167973676418,1.0408340855860843e-15,0.4774521945051209,-0.016336079316721337,3,-0.42472925373589904,12,-1.2619036604393794,-0.016336079316721337,-0.026963467448989458
events.csv(正本),"A2(N2,缺債務標籤當零負債)",建表年份 2010-2021,買方回來,1m,軸二 250 日線位置(緩衝對照),線下逾 10%,904,0,2,602,高,0.49336283185840707,0.0036504001718687985,-0.00152255485900665,446,458,0.09923050258414369,-0.0894254200811325,0.07044955258243729,-0.0715091070120807,1.1096453613985306,0.9851829441882919,0.003650400171868809,1.0408340855860843e-15,0.5119884978389664,0.002026199435844362,10,1.2489454742505743,46,4.342271591823979,-0.0009189155975382385,-0.012854741758830671
events.csv(正本),"A2(N2,缺債務標籤當零負債)",建表年份 2010-2021,買方回來,1m,軸二 250 日線位置(緩衝對照),線之上,231,0,1,164,高,0.47619047619047616,-0.004094783574196534,-0.0036463583325216,110,121,0.10795043568039187,-0.10595407380564051,0.0885797428347149,-0.0887319056109349,1.0188417660883284,0.9982851402190415,-0.004094783574196528,6.071532165918825e-16,0.4530993277839494,-0.009411395248445921,3,-1.2685373152966066,12,-3.973034978972096,-0.009411395248445921,-0.021479310271596986
events.csv(正本),"A2(N2,缺債務標籤當零負債)",建表年份 2010-2021,買方回來,3m,總表(三格進場),全部,1374,0,4,851,高,0.45414847161572053,-0.005962877108403061,-0.0202768803692844,624,750,0.1749552331397569,-0.15648674483487213,0.12553322735733152,-0.1300080767201614,1.1180195058972764,0.9655802202776843,-0.005962877108403056,5.204170427930421e-16,2.3062305577382016,-0.010211561138731439,14,-1.824353907712622,69,-4.950396774175267,-0.017014641331205237,-0.03735751723557577
events.csv(正本),"A2(N2,缺債務標籤當零負債)",建表年份 2010-2021,買方回來,3m,軸一 行業殺 vs 個別殺,個別殺,1098,0,4,757,高,0.45719489981785066,-0.007151203894949318,-0.016975246816891547,502,596,0.17190649902021726,-0.15796826239060976,0.11960712527967265,-0.13017159798263261,1.0882344112587772,0.918841952724822,-0.007151203894949304,1.3877787807814457e-15,2.3062305577382016,-0.012474044795351009,11,-1.6512921959242792,55,-4.26410085057124,-0.019151797905980112,-0.039629755550910965
events.csv(正本),"A2(N2,缺債務標籤當零負債)",建表年份 2010-2021,買方回來,3m,軸一 行業殺 vs 個別殺,行業不明,2,0,0,2,低(樣本不足),1.0,0.11201858586722405,0.11201858586722405,2,0,0.11201858586722405,,0.11201858586722405,,,,0.11201858586722405,0.0,0.1214681143275457,,1,0.5421783956080387,1,0.5421783956080387,0.1025690574069024,0.1025690574069024
events.csv(正本),"A2(N2,缺債務標籤當零負債)",建表年份 2010-2021,買方回來,3m,軸一 行業殺 vs 個別殺,行業殺,274,0,0,128,高,0.43795620437956206,-0.0020620746059339555,-0.033318884723663955,120,154,0.18875804832770643,-0.1507530794892901,0.15772045636574145,-0.12483892808029365,1.2521007794147005,1.2633916262425702,-0.002062074605933939,1.6479873021779667e-15,0.6581006107032707,-0.009028383817127644,3,-3.330363641415148,14,-12.183304162085197,-0.009028383817127644,-0.028648762097589882
events.csv(正本),"A2(N2,缺債務標籤當零負債)",建表年份 2010-2021,買方回來,3m,軸二 200 日線位置,線下 10% 內,233,0,1,193,高,0.39914163090128757,-0.030707121920617853,-0.0402342410248218,93,140,0.14350404306466336,-0.14643311008941182,0.1041202998939503,-0.12361217210640905,0.9799972354410831,0.8423142973680653,-0.030707121920617857,3.469446951953614e-16,0.5882669160723786,-0.03810324808732911,3,-0.22488354407755723,12,-0.699398576655169,-0.03810324808732911,-0.055017140060734875
events.csv(正本),"A2(N2,缺債務標籤當零負債)",建表年份 2010-2021,買方回來,3m,軸二 200 日線位置,線下逾 10%,978,0,2,650,高,0.48057259713701433,0.0014591550453719833,-0.008333754781983348,470,508,0.17026695502800213,-0.15472128982044722,0.12553322735733152,-0.12524850007119434,1.1004752818800536,1.0022732989694514,0.0014591550453720015,1.8214596497756474e-15,2.3062305577382016,-0.002990678253853736,10,6.62971991305581,49,19.474178421016653,-0.00829949613887691,-0.028378518253801766
events.csv(正本),"A2(N2,缺債務標籤當零負債)",建表年份 2010-2021,買方回來,3m,軸二 200 日線位置,線之上,163,0,1,120,高,0.37423312883435583,-0.015124462416046919,-0.0753756669887559,61,102,0.25902820673825583,-0.17907850965538483,0.1676481152962849,-0.15733300696792074,1.4464505385750899,1.0655622652052112,-0.015124462416046897,2.2551405187698492e-15,2.0062695247825992,-0.04558212456124404,2,-1.4200480859553486,9,-3.254335015336487,-0.037056608635605254,-0.06810492465773274
events.csv(正本),"A2(N2,缺債務標籤當零負債)",建表年份 2010-2021,買方回來,3m,軸二 250 日線位置(緩衝對照),線下 10% 內,239,0,1,211,高,0.4309623430962343,-0.03192876971492067,-0.0185352100343662,103,136,0.12479400882035205,-0.15062322698795805,0.0999388197405943,-0.12601979160019777,0.8285176948859887,0.79304066822816,-0.03192876971492063,3.469446951953614e-15,0.5414594858492707,-0.038576113123151914,3,-0.19302730640991517,12,-0.572272700470186,-0.038576113123151914,-0.052854516223727714
events.csv(正本),"A2(N2,缺債務標籤當零負債)",建表年份 2010-2021,買方回來,3m,軸二 250 日線位置(緩衝對照),線下逾 10%,904,0,2,602,高,0.4823008849557522,0.0034768992672253233,-0.00883895485200985,436,468,0.17458909487843,-0.15593531715688844,0.12769753744270135,-0.12636138863615126,1.1196250988015355,1.0105740275646815,0.003476899267225303,2.0383000842727483e-15,2.3062305577382016,-0.0013316847883568185,10,3.010058513481841,46,8.446529915573654,-0.00706694514455811,-0.02727892109996952
events.csv(正本),"A2(N2,缺債務標籤當零負債)",建表年份 2010-2021,買方回來,3m,軸二 250 日線位置(緩衝對照),線之上,231,0,1,164,高,0.36796536796536794,-0.01603954165649983,-0.0647832586137573,85,146,0.23761690827901824,-0.1637162419614247,0.1562268435096525,-0.1435787463479286,1.451394836774999,1.0880917091383029,-0.016039541656499817,1.3877787807814457e-15,2.0062695247825992,-0.037425380169451156,3,-1.303016947880014,12,-2.573692882216479,-0.037425380169451156,-0.06046123946016861
events.csv(正本),"A2(N2,缺債務標籤當零負債)",建表年份 2010-2021,買方回來,6m,總表(三格進場),全部,1374,0,4,851,高,0.45633187772925765,0.007370619219341328,-0.027122134116207952,627,747,0.2643124062314335,-0.2082953787145031,0.1880531558995881,-0.1761166196662372,1.2689307264646965,1.0677763192137806,0.007370619219341332,3.469446951953614e-16,2.0910620379283267,0.003157403825811389,14,1.9076983294375938,69,5.76477193994138,-0.0067591694747670605,-0.03697620320328753
events.csv(正本),"A2(N2,缺債務標籤當零負債)",建表年份 2010-2021,買方回來,6m,軸一 行業殺 vs 個別殺,個別殺,1098,0,4,757,高,0.4517304189435337,-0.001641143691536318,-0.032994943544462044,496,602,0.2576414523549326,-0.2152693291384609,0.18246653141890629,-0.1861645786562173,1.1968330713253537,0.980135602250415,-0.0016411436915363398,2.168404344971009e-15,2.0910620379283267,-0.006754138944468746,11,-8.307001337330629,55,-25.39037092893084,-0.01542869450966376,-0.04559425605226797
events.csv(正本),"A2(N2,缺債務標籤當零負債)",建表年份 2010-2021,買方回來,6m,軸一 行業殺 vs 個別殺,行業不明,2,0,0,2,低(樣本不足),0.5,0.1678142906622561,0.1678142906622561,1,1,0.3420813528360125,-0.0064527715115003,0.3420813528360125,-0.0064527715115003,53.0130893719615,53.0130893719615,0.1678142906622561,0.0,0.3420813528360125,,1,1.0192259297048998,1,1.0192259297048998,-0.0064527715115003,-0.0064527715115003
events.csv(正本),"A2(N2,缺債務標籤當零負債)",建表年份 2010-2021,買方回來,6m,軸一 行業殺 vs 個別殺,行業殺,274,0,0,128,高,0.4744525547445255,0.04231232846480786,-0.014134830718307099,130,144,0.28916643835558636,-0.18054207629770047,0.21116047887300837,-0.1480746086840926,1.6016567676931575,1.4260411069091885,0.04231232846480787,6.938893903907228e-16,1.8328535984228669,0.027070186666112196,3,0.36723411987886395,14,1.0836167534530696,0.027070186666112196,-0.0037285282815814934
events.csv(正本),"A2(N2,缺債務標籤當零負債)",建表年份 2010-2021,買方回來,6m,軸二 200 日線位置,線下 10% 內,233,0,1,193,高,0.4291845493562232,-0.026883240206161754,-0.0465742517481415,100,133,0.22040181186385044,-0.21281185078511833,0.174307879135437,-0.1902088188891358,1.0356651241494812,0.9164027207226035,-0.02688324020616177,1.734723475976807e-15,0.7954813443117896,-0.037339702336755855,3,-0.37107481666933695,12,-1.167649397579618,-0.037339702336755855,-0.06143760809513486
events.csv(正本),"A2(N2,缺債務標籤當零負債)",建表年份 2010-2021,買方回來,6m,軸二 200 日線位置,線下逾 10%,978,0,2,650,高,0.4723926380368098,0.022562767171457918,-0.01514745651661535,462,516,0.26921879882894817,-0.1982804239637368,0.1981414316763511,-0.1702329122977532,1.3577679200352386,1.1639431470794748,0.02256276717145793,1.0408340855860843e-15,1.8745145258363929,0.017265338995448562,10,0.6046136252356644,49,1.8958049455892019,0.009013169918191994,-0.021277909551308444
events.csv(正本),"A2(N2,缺債務標籤當零負債)",建表年份 2010-2021,買方回來,6m,軸二 200 日線位置,線之上,163,0,1,120,高,0.3987730061349693,-0.034818162688804714,-0.0986259146435145,65,98,0.2969940378730727,-0.25489768346964176,0.179355428586029,-0.22288067927110666,1.1651500077616226,0.8047150124119344,-0.034818162688804735,2.0816681711721685e-15,2.0910620379283267,-0.06628966797883232,2,-0.6553401908255099,9,-1.6677108910642549,-0.05835187803307566,-0.09831312380077105
events.csv(正本),"A2(N2,缺債務標籤當零負債)",建表年份 2010-2021,買方回來,6m,軸二 250 日線位置(緩衝對照),線下 10% 內,239,0,1,211,高,0.4351464435146444,-0.019511953386281727,-0.0396333638852157,104,135,0.22335644064199725,-0.20661056804510405,0.168912135435566,-0.1754758355315259,1.081050416517114,0.9625948491649685,-0.019511953386281713,1.3877787807814457e-15,1.8328535984228669,-0.03575221694372097,3,-0.8093239383670234,12,-1.8426723040885618,-0.03575221694372097,-0.0583982175686087
events.csv(正本),"A2(N2,缺債務標籤當零負債)",建表年份 2010-2021,買方回來,6m,軸二 250 日線位置(緩衝對照),線下逾 10%,904,0,2,602,高,0.47013274336283184,0.024407161484453124,-0.015494293618238399,425,479,0.2726725299778902,-0.19587004438133138,0.2107078133869275,-0.1672100593196205,1.3921094000828182,1.2601383806949167,0.024407161484453113,1.0408340855860843e-15,1.8745145258363929,0.01911371406585024,10,0.5544099964241851,46,1.7373111027638672,0.01099723803636708,-0.018960474031575587
events.csv(正本),"A2(N2,缺債務標籤當零負債)",建表年份 2010-2021,買方回來,6m,軸二 250 日線位置(緩衝對照),線之上,231,0,1,164,高,0.42424242424242425,-0.031486953745667956,-0.0895068223347224,98,133,0.27152024122181373,-0.2547554131953913,0.1779284151062622,-0.2283951408722375,1.0658075438560524,0.7790376556469474,-0.03148695374566794,1.3877787807814457e-15,2.0910620379283267,-0.053528388919242546,3,-0.6779398688081524,12,-1.5908132286358954,-0.053528388919242546,-0.08604677883036548
events.csv(正本),"A2(N2,缺債務標籤當零負債)",建表年份 2010-2021,買方回來,12m,總表(三格進場),全部,1374,0,4,851,高,0.475254730713246,0.049138977960676025,-0.02333388879546305,653,721,0.4079034864739796,-0.2757892107483216,0.2674826950878954,-0.2304085770929163,1.4790407694600578,1.1609059804228916,0.049138977960675984,4.163336342344337e-15,7.021457922676005,0.03888094313359108,14,0.5507559093295468,69,1.5474564360062097,0.02230264218849715,-0.028323825247010215
events.csv(正本),"A2(N2,缺債務標籤當零負債)",建表年份 2010-2021,買方回來,12m,軸一 行業殺 vs 個別殺,個別殺,1098,0,4,757,高,0.45081967213114754,0.028166567697821436,-0.04355179871796185,495,603,0.41279616707503247,-0.28757414820884436,0.267039971447039,-0.2460668584294365,1.4354425446311272,1.0852333920604624,0.028166567697821387,4.85722573273506e-15,7.021457922676005,0.015425743496231296,11,0.9380440418463617,55,2.6893771866523384,0.0017627462605339407,-0.05009317801601921
events.csv(正本),"A2(N2,缺債務標籤當零負債)",建表年份 2010-2021,買方回來,12m,軸一 行業殺 vs 個別殺,行業不明,2,0,0,2,低(樣本不足),1.0,0.20673486320751286,0.20673486320751286,2,0,0.20673486320751286,,0.20673486320751286,,,,0.20673486320751286,0.0,0.3417274444288098,,1,0.8264872192499926,1,0.8264872192499926,0.0717422819862159,0.0717422819862159
events.csv(正本),"A2(N2,缺債務標籤當零負債)",建表年份 2010-2021,買方回來,12m,軸一 行業殺 vs 個別殺,行業殺,274,0,0,128,高,0.5693430656934306,0.13203136736987553,0.05667137512274675,156,118,0.3949577194804654,-0.21556618287802298,0.2721139885258605,-0.13047733876886164,1.8321877495226149,2.0855268132645297,0.13203136736987547,5.551115123125783e-15,2.871507884621908,0.104640336135193,3,0.21613597521646774,14,0.5883779399680232,0.104640336135193,0.057273401610083714
events.csv(正本),"A2(N2,缺債務標籤當零負債)",建表年份 2010-2021,買方回來,12m,軸二 200 日線位置,線下 10% 內,233,0,1,193,高,0.4206008583690987,0.009674329016857235,-0.0580088718920192,98,135,0.38923005192859556,-0.2658550105783306,0.25474756616814553,-0.2384745699018916,1.4640688963577542,1.0682378681842204,0.009674329016857247,1.214306433183765e-15,1.8942875632127123,-0.013487502258837172,3,2.376203291026304,12,6.938340964246659,-0.013487502258837172,-0.06056889222832579
events.csv(正本),"A2(N2,缺債務標籤當零負債)",建表年份 2010-2021,買方回來,12m,軸二 200 日線位置,線下逾 10%,978,0,2,650,高,0.5194274028629857,0.07754273888697664,0.0107311353821715,508,470,0.38506735194635644,-0.25484556629209776,0.2662908697780412,-0.203725316940178,1.5109831320549703,1.3071074021508822,0.07754273888697664,0.0,2.871507884621908,0.06931152072871502,10,0.27658637448397855,49,0.8918727371947253,0.05667497256768099,0.00882672277280399
events.csv(正本),"A2(N2,缺債務標籤當零負債)",建表年份 2010-2021,買方回來,12m,軸二 200 日線位置,線之上,163,0,1,120,高,0.2883435582822086,-0.06487092990442962,-0.2100853577175917,47,116,0.6936641870161119,-0.3722084341739594,0.3299638434735579,-0.3645108925148345,1.863644461887485,0.9052235481828005,-0.06487092990442964,1.3877787807814457e-15,7.021457922676005,-0.1510666338999956,2,-1.0724149806467775,9,-2.0788615049523296,-0.13610954268084224,-0.21140106004112413
events.csv(正本),"A2(N2,缺債務標籤當零負債)",建表年份 2010-2021,買方回來,12m,軸二 250 日線位置(緩衝對照),線下 10% 內,239,0,1,211,高,0.4225941422594142,0.01338123114019043,-0.0549235301849194,101,138,0.38594260515900775,-0.25929049911995844,0.2362260841480732,-0.23471780244317936,1.4884564088113958,1.0064259365467558,0.013381231140190436,5.204170427930421e-16,2.871507884621908,-0.013285382454932035,3,1.980374690088504,12,5.102696779840474,-0.013285382454932035,-0.057801290767794354
events.csv(正本),"A2(N2,缺債務標籤當零負債)",建表年份 2010-2021,買方回來,12m,軸二 250 日線位置(緩衝對照),線下逾 10%,904,0,2,602,高,0.5298672566371682,0.08370752418474109,0.0214901746518606,479,425,0.3825712803141121,-0.2531295091940088,0.267039971447039,-0.196219264357206,1.5113657887310714,1.3609263714336832,0.0837075241847411,1.3877787807814457e-15,2.696027406641117,0.07554063441847098,10,0.260528184500041,46,0.8179044830698122,0.06259174139980664,0.016059976058484186
events.csv(正本),"A2(N2,缺債務標籤當零負債)",建表年份 2010-2021,買方回來,12m,軸二 250 日線位置(緩衝對照),線之上,231,0,1,164,高,0.31601731601731603,-0.04914614886382083,-0.1928891863770743,73,158,0.6045086339176611,-0.3511512067312143,0.3197557983104822,-0.3341887164103957,1.7215052157869333,0.95681207236755,-0.049146148863820766,6.2450045135165055e-15,7.021457922676005,-0.10942745718035038,3,-1.1976558462818374,12,-2.3703263303053803,-0.10942745718035038,-0.17471464500357434
events.csv(正本),"A2(N2,缺債務標籤當零負債)",驗證年份 2022-2026,觸發日即買,1m,總表(三格進場),全部,1837,28,0,876,高,0.49101796407185627,0.004805301537563554,-0.0024406815764708,902,935,0.10263898279668035,-0.0895754262653491,0.0746082708905504,-0.0711919641498045,1.145838619764232,1.0479872522347775,0.004805301537563561,6.938893903907228e-16,0.8506280957372951,0.003559191123732157,19,1.0743226862848652,92,3.289996192809071,-0.0003608754354323984,-0.011584282252005751
events.csv(正本),"A2(N2,缺債務標籤當零負債)",驗證年份 2022-2026,觸發日即買,1m,軸一 行業殺 vs 個別殺,個別殺,1415,13,0,771,高,0.48692579505300354,0.004578208209551605,-0.0029614553678225,689,726,0.10437064610166906,-0.0901283891839318,0.0741214806628001,-0.07234307858463065,1.158021873537227,1.0245828918669666,0.004578208209551578,2.688821387764051e-15,0.8506280957372951,0.0029591942017960747,15,1.1984566827374796,71,3.5880993155497425,-0.0009183107571578526,-0.012474801644361877
events.csv(正本),"A2(N2,缺債務標籤當零負債)",驗證年份 2022-2026,觸發日即買,1m,軸一 行業殺 vs 個別殺,行業不明,2,0,0,2,低(樣本不足),0.5,-0.09258258801910335,-0.09258258801910335,1,1,0.0167464446116818,-0.2019116206498885,0.0167464446116818,-0.2019116206498885,0.08293947895510119,0.08293947895510119,-0.09258258801910335,0.0,0.0167464446116818,,1,-0.09044057295215363,1,-0.09044057295215363,-0.2019116206498885,-0.2019116206498885
events.csv(正本),"A2(N2,缺債務標籤當零負債)",驗證年份 2022-2026,觸發日即買,1m,軸一 行業殺 vs 個別殺,行業殺,420,15,0,157,高,0.5047619047619047,0.00603414162863556,0.0012551547687809999,212,208,0.09741623053747164,-0.08710529514383197,0.07746367209717644,-0.06729861801339325,1.1183732329545961,1.1510440241396966,0.00603414162863556,0.0,0.484710453679422,0.0027977892483537496,5,0.8038365436909596,21,2.25572256440556,0.0011979392593908303,-0.007976008210417461
events.csv(正本),"A2(N2,缺債務標籤當零負債)",驗證年份 2022-2026,觸發日即買,1m,軸二 200 日線位置,線下 10% 內,361,6,0,271,高,0.4792243767313019,-0.0014044295329189408,-0.0044130780038323,173,188,0.09858086032150516,-0.09341216966491558,0.0778801486910014,-0.0700342610070282,1.0553320908306756,1.112029277829973,-0.0014044295329189438,3.0357660829594124e-16,0.5190550424377625,-0.00547550056588335,4,-3.5270834198798457,19,-10.69082515339351,-0.006429207408081126,-0.017331103449040642
events.csv(正本),"A2(N2,缺債務標籤當零負債)",驗證年份 2022-2026,觸發日即買,1m,軸二 200 日線位置,線下逾 10%,1264,10,0,682,高,0.5007911392405063,0.008202144450174972,3.589693968708563e-05,633,631,0.10166921693578786,-0.0855611786613828,0.0705642095244185,-0.0698001079457342,1.1882633984993858,1.0109469970917286,0.008202144450174975,3.469446951953614e-16,0.8506280957372951,0.006536700660006065,13,0.6363644900936982,64,1.980849518822582,0.0030135851303302636,-0.008474139807255027
events.csv(正本),"A2(N2,缺債務標籤當零負債)",驗證年份 2022-2026,觸發日即買,1m,軸二 200 日線位置,線之上,212,12,0,142,高,0.4528301886792453,-0.00487345565628858,-0.01858068207662225,96,116,0.1163464513190788,-0.1051933786703857,0.0927333461240437,-0.07995433238866961,1.1060244740654284,1.1598289092485126,-0.004873455656288564,1.6479873021779667e-15,0.7266316573582035,-0.01172659558875524,3,-1.3721675159659596,11,-3.3048801460700163,-0.01172659558875524,-0.022127782136676506
events.csv(正本),"A2(N2,缺債務標籤當零負債)",驗證年份 2022-2026,觸發日即買,1m,軸二 250 日線位置(緩衝對照),線下 10% 內,341,7,0,263,高,0.46920821114369504,0.0025342035953123177,-0.0044130780038323,160,181,0.10583790987891209,-0.08878398980455487,0.08111298389682915,-0.0648351791947947,1.1920832811399775,1.251064389798761,0.002534203595312326,8.239936510889834e-16,0.7225226504839646,-0.0021641950455072033,4,2.234136663726738,18,6.4573898324449965,-0.003164675867893642,-0.014600856639725759
events.csv(正本),"A2(N2,缺債務標籤當零負債)",驗證年份 2022-2026,觸發日即買,1m,軸二 250 日線位置(緩衝對照),線下逾 10%,1188,7,0,659,高,0.5008417508417509,0.007163919236057127,3.589693968708563e-05,595,593,0.09937487644677663,-0.08535803614400714,0.070174002167261,-0.0698001079457342,1.1642123101229946,1.005356642454156,0.00716391923605713,2.6020852139652106e-16,0.8506280957372951,0.005535483708867929,12,0.7009323852775406,60,2.221622631078921,0.0021643584445020744,-0.009217116816307571
events.csv(正本),"A2(N2,缺債務標籤當零負債)",驗證年份 2022-2026,觸發日即買,1m,軸二 250 日線位置(緩衝對照),線之上,308,14,0,200,高,0.4772727272727273,-0.0017777940062763625,-0.0081970186562229,147,161,0.11236901643637848,-0.10599879484522211,0.0871982930827561,-0.0805615068437705,1.06009711337245,1.0823816050493698,-0.0017777940062763675,4.98732999343332e-16,0.7266316573582035,-0.006805266486875649,4,-3.409943449341395,16,-9.029836163055869,-0.007943128545839177,-0.018808022757881182
events.csv(正本),"A2(N2,缺債務標籤當零負債)",驗證年份 2022-2026,觸發日即買,3m,總表(三格進場),全部,1729,136,0,832,高,0.4898785425101215,0.010392805192280677,-0.005774921288018,847,882,0.18741102975704532,-0.15960088665166,0.1344261795549775,-0.1360363916123472,1.1742480489227036,0.9881633727689704,0.010392805192280682,5.204170427930421e-16,1.5379776085719985,0.00812276619654988,18,0.9305321247579937,87,2.9256751848926554,0.0007295612959736801,-0.02107354801893001
events.csv(正本),"A2(N2,缺債務標籤當零負債)",驗證年份 2022-2026,觸發日即買,3m,軸一 行業殺 vs 個別殺,個別殺,1350,78,0,735,高,0.4874074074074074,0.006228423193074191,-0.00641298121765555,658,692,0.18648802146570373,-0.16517448961529313,0.13277551567779775,-0.14404800491526965,1.1290364625920857,0.9217449124401099,0.00622842319307422,2.949029909160572e-15,1.5379776085719985,0.0034357769979719726,14,1.5519733674355773,68,4.921061858835254,-0.003473949870500199,-0.025717429049231598
events.csv(正本),"A2(N2,缺債務標籤當零負債)",驗證年份 2022-2026,觸發日即買,3m,軸一 行業殺 vs 個別殺,行業不明,2,0,0,2,低(樣本不足),0.5,-0.02014256373712415,-0.02014256373712415,1,1,0.0441877598938091,-0.0844728873680574,0.0441877598938091,-0.0844728873680574,0.5230999113511807,0.5230999113511807,-0.02014256373712415,0.0,0.0441877598938091,,1,-1.0968752654948284,1,-1.0968752654948284,-0.0844728873680574,-0.0844728873680574
events.csv(正本),"A2(N2,缺債務標籤當零負債)",驗證年份 2022-2026,觸發日即買,3m,軸一 行業殺 vs 個別殺,行業殺,377,58,0,144,高,0.4986737400530504,0.02546703977261904,-0.0025904360194133,188,189,0.191403384680269,-0.13959133505615448,0.141219952865357,-0.1111886241095515,1.3711695256963599,1.270093536963065,0.02546703977261902,1.734723475976807e-15,1.2201125721561443,0.01778529745575491,4,0.38212386194122266,19,1.1597718086554232,0.01590422123539054,-0.0042848630086599095
events.csv(正本),"A2(N2,缺債務標籤當零負債)",驗證年份 2022-2026,觸發日即買,3m,軸二 200 日線位置,線下 10% 內,335,32,0,253,高,0.5044776119402985,0.01396817995621381,0.003172700433464,169,166,0.1859376567951313,-0.16110917899425037,0.1327663632026474,-0.1284500896198696,1.154109641398936,1.033602729243329,0.013968179956213814,3.469446951953614e-16,1.5379776085719985,0.0033716079452876936,4,0.9316710476313924,17,2.3102734894748287,0.0009659650135133935,-0.019280551962583676
events.csv(正本),"A2(N2,缺債務標籤當零負債)",驗證年份 2022-2026,觸發日即買,3m,軸二 200 日線位置,線下逾 10%,1230,44,0,656,高,0.49105691056910566,0.009667970073558357,-0.0053935434793354504,604,626,0.17991475332456608,-0.1545956993890753,0.13159195749437,-0.13169312287230206,1.1637759267272345,0.9992318097124163,0.009667970073558338,1.908195823574488e-15,1.1911755414800729,0.007129148664504396,13,0.8757111879447759,62,2.892071991800097,0.0012144562316979974,-0.019263501142381668
events.csv(正本),"A2(N2,缺債務標籤當零負債)",驗證年份 2022-2026,觸發日即買,3m,軸二 200 日線位置,線之上,164,60,0,123,高,0.45121951219512196,0.008525711595395622,-0.03772958243290705,74,90,0.25196171888922025,-0.19163278329063796,0.1854012233250648,-0.1685488894997875,1.314815317935893,1.099984840453657,0.008525711595395627,5.204170427930421e-16,1.0512265443298503,-0.009200280076336081,2,1.4078742131585704,9,5.282012466721788,-0.0035203489938801054,-0.038626976436271006
events.csv(正本),"A2(N2,缺債務標籤當零負債)",驗證年份 2022-2026,觸發日即買,3m,軸二 250 日線位置(緩衝對照),線下 10% 內,327,21,0,252,高,0.44954128440366975,-0.009079707241793673,-0.0246555479521798,147,180,0.17130752202223212,-0.1563959444740814,0.1387159788557495,-0.1284500896198696,1.095345039785363,1.07992123062164,-0.009079707241793675,1.734723475976807e-16,0.6710089819005816,-0.014532233087171085,4,-0.7630107598657618,17,-2.530361463134607,-0.01620585836326395,-0.03381248410823238
events.csv(正本),"A2(N2,缺債務標籤當零負債)",驗證年份 2022-2026,觸發日即買,3m,軸二 250 日線位置(緩衝對照),線下逾 10%,1156,39,0,635,高,0.5,0.012925011165054939,-0.0006214305498072243,578,578,0.18112443019552876,-0.15527440786541888,0.13082938775483904,-0.13152679633872874,1.1664796065589567,0.9946975931650185,0.012925011165054942,3.469446951953614e-16,1.2201125721561443,0.009997946080820209,12,0.691807632506015,58,2.2436645460225106,0.004025173599839341,-0.01692348008489988
events.csv(正本),"A2(N2,缺債務標籤當零負債)",驗證年份 2022-2026,觸發日即買,3m,軸二 250 日線位置(緩衝對照),線之上,246,76,0,176,高,0.4959349593495935,0.024377689181773615,-0.00220784344989665,122,124,0.23659849027814478,-0.1844201957678819,0.1519256705075302,-0.16282231469664646,1.282931564479719,0.9330764692209557,0.02437768918177359,2.42861286636753e-15,1.5379776085719985,0.010248644820949988,3,0.5847161200540325,13,1.8577453877131012,0.010248644820949988,-0.02207649447578278
events.csv(正本),"A2(N2,缺債務標籤當零負債)",驗證年份 2022-2026,觸發日即買,6m,總表(三格進場),全部,1530,335,0,752,高,0.42091503267973857,-0.004629770597786736,-0.049784709004229155,644,886,0.28902430282723257,-0.2180758465410288,0.1929830154416616,-0.18632971910214885,1.325338442617741,1.0357071130229383,-0.004629770597786742,6.071532165918825e-16,3.397946482669285,-0.00977864866360268,16,-3.8102365208255358,77,-10.52152925068344,-0.022505644760338565,-0.05616883494185937
events.csv(正本),"A2(N2,缺債務標籤當零負債)",驗證年份 2022-2026,觸發日即買,6m,軸一 行業殺 vs 個別殺,個別殺,1222,206,0,671,高,0.4148936170212766,-0.011122204545246758,-0.053514594797831855,507,715,0.29063684574410154,-0.22509680384133013,0.192289639754843,-0.1938980692863956,1.291163805013288,0.991704767677821,-0.011122204545246775,1.734723475976807e-15,2.4249454197243,-0.016395476350869274,13,-1.5253908519639576,62,-4.379851156254297,-0.02838993418871379,-0.06303392559399447
events.csv(正本),"A2(N2,缺債務標籤當零負債)",驗證年份 2022-2026,觸發日即買,6m,軸一 行業殺 vs 個別殺,行業不明,1,1,0,1,低(樣本不足),0.0,-0.1009803445989245,-0.1009803445989245,0,1,,-0.1009803445989245,,-0.1009803445989245,,,-0.1009803445989245,0.0,-0.1009803445989245,,1,1.0,1,1.0,,
events.csv(正本),"A2(N2,缺債務標籤當零負債)",驗證年份 2022-2026,觸發日即買,6m,軸一 行業殺 vs 個別殺,行業殺,307,128,0,122,高,0.44625407166123776,0.021526922750087163,-0.0452191984899218,137,170,0.28305671699619217,-0.1892353232011857,0.195346692862961,-0.1649110232307089,1.495792181966261,1.184558127382867,0.021526922750087163,0.0,3.397946482669285,0.0011541599065832554,4,1.1236573844967646,16,2.347975068494009,-0.002697104388800932,-0.030613233115923694
events.csv(正本),"A2(N2,缺債務標籤當零負債)",驗證年份 2022-2026,觸發日即買,6m,軸二 200 日線位置,線下 10% 內,282,85,0,218,高,0.425531914893617,0.010760598861993584,-0.04003040438771775,120,162,0.34128161101536136,-0.23406978051087143,0.2053451783500218,-0.204359049942307,1.458033626854751,1.0048254697210288,0.01076059886199357,1.3877787807814457e-15,3.397946482669285,-0.01646966753670324,3,2.51427058257337,15,6.209622997032918,-0.01646966753670324,-0.059208026399652475
events.csv(正本),"A2(N2,缺債務標籤當零負債)",驗證年份 2022-2026,觸發日即買,6m,軸二 200 日線位置,線下逾 10%,1118,156,0,600,高,0.4221824686940966,-0.011567937399657446,-0.0499738057418906,472,646,0.2624148319721258,-0.21175349025334425,0.18203981367712213,-0.18045974487376615,1.23924678482593,1.0087557965044296,-0.011567937399657446,0.0,1.8017305547099904,-0.016177784265070945,12,-1.214967828350152,56,-3.5725900015645156,-0.02590061217352775,-0.055684648031733334
events.csv(正本),"A2(N2,缺債務標籤當零負債)",驗證年份 2022-2026,觸發日即買,6m,軸二 200 日線位置,線之上,130,94,0,106,高,0.4,0.02165320091631633,-0.0571228756777348,52,78,0.4099626347702126,-0.23721975498628126,0.2545896584713551,-0.2356267545482158,1.7281976991921322,1.080478568571291,0.021653200916316284,4.5102810375396984e-15,2.0255555923139856,-0.018974671257989947,2,1.4102751661862076,7,3.315258225517024,-0.00902257952009884,-0.052985834950696246
events.csv(正本),"A2(N2,缺債務標籤當零負債)",驗證年份 2022-2026,觸發日即買,6m,軸二 250 日線位置(緩衝對照),線下 10% 內,284,64,0,221,高,0.36619718309859156,-0.03199821769452378,-0.09850212063098525,104,180,0.3063126155835701,-0.22746669914408907,0.19958887843803852,-0.199319163902975,1.3466261951141076,1.0013531791413435,-0.03199821769452375,2.7755575615628914e-15,3.397946482669285,-0.05523132145874716,3,-0.7078417469505074,15,-1.65570636662161,-0.05523132145874716,-0.08971641341389244
events.csv(正本),"A2(N2,缺債務標籤當零負債)",驗證年份 2022-2026,觸發日即買,6m,軸二 250 日線位置(緩衝對照),線下逾 10%,1050,145,0,579,高,0.43333333333333335,-0.005914366918331153,-0.045928847090372246,455,595,0.2629527062728406,-0.21151859935863898,0.1758551128152163,-0.1783029358626073,1.2431658826701706,0.9862715493968244,-0.005914366918331138,1.5612511283791264e-15,1.8017305547099904,-0.010807412327588148,11,-2.4338033755533757,53,-7.295568906730869,-0.02052378416058524,-0.05167120383775413
events.csv(正本),"A2(N2,缺債務標籤當零負債)",驗證年份 2022-2026,觸發日即買,6m,軸二 250 日線位置(緩衝對照),線之上,196,126,0,153,高,0.4336734693877551,0.0419083167085651,-0.03585435412836805,85,111,0.40743126642240024,-0.23799664478401136,0.290067249350971,-0.2283020348915035,1.7119202112792622,1.2705416729588956,0.041908316708565096,6.938893903907228e-16,2.4249454197243,0.00942631273295692,2,0.5418169852639572,10,1.6745258073776725,0.019399634344538536,-0.029788039075710107
events.csv(正本),"A2(N2,缺債務標籤當零負債)",驗證年份 2022-2026,觸發日即買,12m,總表(三格進場),全部,1308,557,0,650,高,0.40061162079510704,-0.024191293762353596,-0.1017208726249267,524,784,0.3934121017693951,-0.3033037673065325,0.2663551028247072,-0.2872406163257478,1.2970894007122404,0.9272891356097245,-0.024191293762353544,5.204170427930421e-15,3.061586771067589,-0.03051762324609384,14,-0.9628144240957333,66,-2.682382641096213,-0.047996746983960156,-0.09381540505855408
events.csv(正本),"A2(N2,缺債務標籤當零負債)",驗證年份 2022-2026,觸發日即買,12m,軸一 行業殺 vs 個別殺,個別殺,1052,376,0,583,高,0.3925855513307985,-0.038605522280450826,-0.12160365013329845,413,639,0.3886706170202499,-0.314763653002187,0.2667424590268668,-0.2970563020510165,1.2348014559913287,0.8979525335269822,-0.038605522280450805,2.0816681711721685e-15,3.061586771067589,-0.046168231483957,11,-0.565811444519902,53,-1.637450773715583,-0.06108771851684405,-0.10722203520310232
events.csv(正本),"A2(N2,缺債務標籤當零負債)",驗證年份 2022-2026,觸發日即買,12m,軸一 行業殺 vs 個別殺,行業不明,1,1,0,1,低(樣本不足),1.0,0.3912031723355986,0.3912031723355986,1,0,0.3912031723355986,,0.3912031723355986,,,,0.3912031723355986,0.0,0.3912031723355986,,1,1.0,1,1.0,,
events.csv(正本),"A2(N2,缺債務標籤當零負債)",驗證年份 2022-2026,觸發日即買,12m,軸一 行業殺 vs 個別殺,行業殺,255,180,0,103,高,0.43137254901960786,0.03364546676682418,-0.0641129654321308,110,145,0.41123430295876534,-0.25280123655120024,0.26497718699397194,-0.2399463404465982,1.6267100136413986,1.104318517635173,0.033645466766824145,3.469446951953614e-15,2.664097942208954,0.004338576216089558,3,0.8725672563060765,13,2.1287519857471735,0.004338576216089558,-0.04001749501335973
events.csv(正本),"A2(N2,缺債務標籤當零負債)",驗證年份 2022-2026,觸發日即買,12m,軸二 200 日線位置,線下 10% 內,251,116,0,188,高,0.41434262948207173,-0.02395696961134001,-0.1374888092466295,104,147,0.40705242837703715,-0.3288887885963143,0.26045830818175897,-0.3188312623080397,1.2376597880223357,0.8169158391065066,-0.023956969611339973,3.816391647148976e-15,2.664097942208954,-0.05391254129795345,3,-1.2234935869842989,13,-3.0312351367703654,-0.05391254129795345,-0.10185134703618158
events.csv(正本),"A2(N2,缺債務標籤當零負債)",驗證年份 2022-2026,觸發日即買,12m,軸二 200 日線位置,線下逾 10%,951,323,0,520,高,0.39747634069400634,-0.029604828971869758,-0.0973440167829327,378,573,0.3699015499302358,-0.2931535396612168,0.25871211479096023,-0.2735561383123807,1.2618014108160278,0.9457368289631664,-0.02960482897186975,6.938893903907228e-16,3.061586771067589,-0.0378680484956427,10,-0.6942588225024463,48,-1.9580251953001908,-0.050691273946043905,-0.09222681099809298
events.csv(正本),"A2(N2,缺債務標籤當零負債)",驗證年份 2022-2026,觸發日即買,12m,軸二 200 日線位置,線之上,106,118,0,87,高,0.39622641509433965,0.023822447957886534,-0.12363461628915774,42,64,0.5712310214838581,-0.3354144284185323,0.3219736718877174,-0.29529397546242686,1.7030603727370734,1.0903496130712131,0.023822447957886544,1.0408340855860843e-15,2.437321261174755,-0.03627108145071491,2,1.7340919604128822,6,4.211584725057892,-0.017824172667916475,-0.08109827857353707
events.csv(正本),"A2(N2,缺債務標籤當零負債)",驗證年份 2022-2026,觸發日即買,12m,軸二 250 日線位置(緩衝對照),線下 10% 內,249,99,0,191,高,0.357429718875502,-0.061116254808883136,-0.1707133336722085,89,160,0.42151970838410713,-0.32958250933498395,0.2361714633499501,-0.3189653515038712,1.2789504796071542,0.7404298373990749,-0.06111625480888311,2.7755575615628914e-15,2.664097942208954,-0.08997804405134226,3,-0.4545061949464548,13,-1.170896338815577,-0.08997804405134226,-0.13998553558421337
events.csv(正本),"A2(N2,缺債務標籤當零負債)",驗證年份 2022-2026,觸發日即買,12m,軸二 250 日線位置(緩衝對照),線下逾 10%,895,300,0,503,高,0.40670391061452515,-0.025006912908622177,-0.0873768751765661,364,531,0.36307471843431177,-0.2910365057689384,0.25508132311538456,-0.2706403056845289,1.2475229438143627,0.9425104751866463,-0.025006912908622142,3.469446951953614e-15,3.061586771067589,-0.0337734357341233,9,-0.8069411335170928,45,-2.303397795549649,-0.045645019755527906,-0.08698113408633047
events.csv(正本),"A2(N2,缺債務標籤當零負債)",驗證年份 2022-2026,觸發日即買,12m,軸二 250 日線位置(緩衝對照),線之上,164,158,0,126,高,0.4329268292682927,0.03632269670408686,-0.09921422054278155,71,93,0.5137111235336342,-0.3281351345313741,0.3257312992132464,-0.292663912801377,1.565547451257514,1.1129875770994402,0.036322696704086804,5.551115123125783e-15,2.437321261174755,-0.004083122528253604,2,0.7844206459578837,9,2.5883214492575615,0.007927095387504315,-0.06104198320178329
events.csv(正本),"A2(N2,缺債務標籤當零負債)",驗證年份 2022-2026,跌勢衰竭,1m,總表(三格進場),全部,1787,44,39,856,高,0.5092333519865697,0.005730323920871992,0.0026525432738804,910,877,0.10363377099603854,-0.0958570612996543,0.0742978457489904,-0.075617078984306,1.0811281880640367,0.9825537662518092,0.005730323920872006,1.3877787807814457e-15,0.6301154964506914,0.004722139014179715,18,0.8513837652387937,90,2.9680242549937206,0.0008602845946871945,-0.011875511622507969
events.csv(正本),"A2(N2,缺債務標籤當零負債)",驗證年份 2022-2026,跌勢衰竭,1m,軸一 行業殺 vs 個別殺,個別殺,1382,28,22,753,高,0.5065123010130246,0.004204461678339626,0.00163982679533035,700,682,0.1042312899978431,-0.098462370907661,0.07362819926028194,-0.0785558157982167,1.058590089157941,0.9372724159520902,0.004204461678339627,8.673617379884035e-17,0.6301154964506914,0.002896862359799657,14,1.2108014058675145,70,4.144576530681215,-0.0008953768201793358,-0.013926653656765303
events.csv(正本),"A2(N2,缺債務標籤當零負債)",驗證年份 2022-2026,跌勢衰竭,1m,軸一 行業殺 vs 個別殺,行業不明,2,0,0,2,低(樣本不足),1.0,0.02084058634904305,0.02084058634904305,2,0,0.02084058634904305,,0.02084058634904305,,,,0.02084058634904305,0.0,0.0378113171804215,,1,0.907155790800428,1,0.907155790800428,0.0038698555176646,0.0038698555176646
events.csv(正本),"A2(N2,缺債務標籤當零負債)",驗證年份 2022-2026,跌勢衰竭,1m,軸一 行業殺 vs 個別殺,行業殺,403,16,17,153,高,0.5161290322580645,0.010887944502319596,0.0034204115065945,208,195,0.10241897805387892,-0.08674515795267701,0.07670074399767204,-0.0669151252600883,1.180688126820319,1.1462392650323618,0.0108879445023196,3.469446951953614e-16,0.4381969419239579,0.007954775168787665,5,0.4385519325635002,21,1.4915238046916566,0.006189812075052335,-0.0056458864255022195
events.csv(正本),"A2(N2,缺債務標籤當零負債)",驗證年份 2022-2026,跌勢衰竭,1m,軸二 200 日線位置,線下 10% 內,346,13,9,262,高,0.5375722543352601,0.01210975885859405,0.0088714856008417,186,160,0.10300779599346614,-0.09355920931069475,0.0767421518927704,-0.07666763299409905,1.100990450351009,1.0009719733838278,0.012109758858594055,5.204170427930421e-16,0.5074338447238707,0.00829374087651801,4,0.414132481153576,18,1.4182094364189795,0.007177693491825439,-0.0053423406642930955
events.csv(正本),"A2(N2,缺債務標籤當零負債)",驗證年份 2022-2026,跌勢衰竭,1m,軸二 200 日線位置,線下逾 10%,1248,16,11,669,高,0.5024038461538461,0.00498131575260643,0.0006143226633002501,627,621,0.10241304932988532,-0.0933917872312162,0.0706505341059782,-0.0726529214883456,1.0965958824230935,0.9724389970651269,0.0049813157526064356,5.204170427930421e-16,0.6301154964506914,0.0035348507742579884,13,1.0469098071283829,63,3.4317924007516085,-0.00023613227237087066,-0.012757536024961918
events.csv(正本),"A2(N2,缺債務標籤當零負債)",驗證年份 2022-2026,跌勢衰竭,1m,軸二 200 日線位置,線之上,193,15,19,133,高,0.5025906735751295,-0.0008630558431508721,0.0001538903413993,97,96,0.1127247383687864,-0.11563405624479582,0.0897480301885012,-0.10062489897157076,0.9748403024983363,0.8919067855547107,-0.00086305584315087,2.0599841277224584e-16,0.4464844521312823,-0.007106002230087364,2,-5.032681303408546,10,-19.991264572129996,-0.005261059601116942,-0.019106613519190255
events.csv(正本),"A2(N2,缺債務標籤當零負債)",驗證年份 2022-2026,跌勢衰竭,1m,軸二 250 日線位置(緩衝對照),線下 10% 內,334,5,10,257,高,0.5149700598802395,0.004384879066202279,0.0054727404300783,172,162,0.09593596223989657,-0.09281750553796696,0.06900922049237485,-0.0758109717828855,1.033597721505821,0.9102801200070335,0.004384879066202274,5.204170427930421e-16,0.5074338447238707,0.0005061666440068885,4,1.1335988149514673,17,3.6119291062945162,-0.0005929154305495108,-0.012067191637346411
events.csv(正本),"A2(N2,缺債務標籤當零負債)",驗證年份 2022-2026,跌勢衰竭,1m,軸二 250 日線位置(緩衝對照),線下逾 10%,1173,15,8,647,高,0.5080988917306053,0.0067934311530222094,0.0019774181207088,596,577,0.1041645769435823,-0.09378404352838822,0.0726195044389348,-0.0726409695635164,1.1106854964304447,0.9997045038810664,0.006793431153022209,8.673617379884035e-17,0.6301154964506914,0.00525889051042173,12,0.7644454486970884,59,2.5748719338789865,0.0016167634061484003,-0.011265416247400805
events.csv(正本),"A2(N2,缺債務標籤當零負債)",驗證年份 2022-2026,跌勢衰竭,1m,軸二 250 日線位置(緩衝對照),線之上,280,24,21,188,高,0.5071428571428571,0.002881587485684402,0.00082049682791025,142,138,0.11072998762505495,-0.10809285323743603,0.08860509477525605,-0.08563812779091026,1.0243969356773865,1.0346453975685899,0.0028815874856843934,8.673617379884035e-16,0.4464844521312823,-0.0013857767914412836,3,1.4757548364477129,14,5.639613231699226,-0.0013857767914412836,-0.01407310676513711
events.csv(正本),"A2(N2,缺債務標籤當零負債)",驗證年份 2022-2026,跌勢衰竭,3m,總表(三格進場),全部,1677,154,39,815,高,0.4836016696481813,0.006539610322782276,-0.0067419773292168,811,866,0.18242598014554673,-0.15817614709784358,0.1180968711433472,-0.138921897850102,1.1533090386422349,0.8500954347080314,0.006539610322782274,1.734723475976807e-16,3.1938156933140016,0.003048310731789867,17,1.6034314838581256,84,4.8209698390303695,-0.003986619721735134,-0.02630527019872084
events.csv(正本),"A2(N2,缺債務標籤當零負債)",驗證年份 2022-2026,跌勢衰竭,3m,軸一 行業殺 vs 個別殺,個別殺,1313,97,22,720,高,0.47905559786747903,0.0015591424188400875,-0.0106102268225743,629,684,0.18198676021882526,-0.16436040669839774,0.1203928046647324,-0.1472648147702058,1.1072420899564455,0.8175259300912788,0.001559142418840087,4.336808689942018e-17,1.4586750600263767,-0.0012349387351026444,14,6.128573645272548,66,19.431488399057436,-0.008082355682353394,-0.03025829601218727
events.csv(正本),"A2(N2,缺債務標籤當零負債)",驗證年份 2022-2026,跌勢衰竭,3m,軸一 行業殺 vs 個別殺,行業不明,2,0,0,2,低(樣本不足),1.0,0.12242952067537405,0.12242952067537405,2,0,0.12242952067537405,,0.12242952067537405,,,,0.12242952067537405,0.0,0.1961104657368853,,1,0.8009116782253797,1,0.8009116782253797,0.0487485756138628,0.0487485756138628
events.csv(正本),"A2(N2,缺債務標籤當零負債)",驗證年份 2022-2026,跌勢衰竭,3m,軸一 行業殺 vs 個別殺,行業殺,362,57,17,142,高,0.4972375690607735,0.023963849375740587,-0.0020992022671339,180,182,0.1846274371058143,-0.1349342044232334,0.108399117735744,-0.10648196608465575,1.368277508990334,1.0180044726969453,0.0239638493757406,1.3877787807814457e-15,3.1938156933140016,0.010384140188431631,4,0.6607955220259827,19,1.5545184013968432,0.008219467867106362,-0.014024487323231619
events.csv(正本),"A2(N2,缺債務標籤當零負債)",驗證年份 2022-2026,跌勢衰竭,3m,軸二 200 日線位置,線下 10% 內,321,38,9,246,高,0.49221183800623053,0.022144010082970986,-0.0041991642605074,158,163,0.19959612933547136,-0.14986479262804164,0.1194345930439378,-0.127589189664563,1.3318413607047845,0.9360870882394977,0.022144010082970983,3.469446951953614e-16,3.1938156933140016,0.0072447797427836105,4,0.776716413166033,17,1.8257505752076173,0.00500678382784374,-0.019307969504462886
events.csv(正本),"A2(N2,缺債務標籤當零負債)",驗證年份 2022-2026,跌勢衰竭,3m,軸二 200 日線位置,線下逾 10%,1207,57,11,643,高,0.48467274233637114,0.002509119805763883,-0.0078017385101478,585,622,0.1719540255750543,-0.1568562658454176,0.1148987286563261,-0.13865484764416885,1.0962521939959708,0.8286672309589327,0.0025091198057638903,7.37257477290143e-16,1.4586750600263767,-0.0005285848283758354,13,3.910512068072831,61,11.488790470376005,-0.007382334953286441,-0.027718483169832102
events.csv(正本),"A2(N2,缺債務標籤當零負債)",驗證年份 2022-2026,跌勢衰竭,3m,軸二 200 日線位置,線之上,149,59,19,118,高,0.4563758389261745,0.005571756168558263,-0.0494717232545238,68,81,0.23262024267098785,-0.1850368497840987,0.16047185564673488,-0.172751130721306,1.257156306662211,0.9289192781355459,0.005571756168558262,8.673617379884035e-17,0.8238175799457532,-0.010118158580425906,2,1.9219195673669323,8,6.56043178809454,-0.005206598261376167,-0.032739178348647625
events.csv(正本),"A2(N2,缺債務標籤當零負債)",驗證年份 2022-2026,跌勢衰竭,3m,軸二 250 日線位置(緩衝對照),線下 10% 內,312,27,10,244,高,0.4391025641025641,-0.0053938719346991555,-0.0245344092608657,137,175,0.18521391915132598,-0.15461254267061597,0.1039156105622143,-0.1413098578913277,1.1979229883432077,0.7353741070359656,-0.005393871934699146,9.54097911787244e-16,3.1938156933140016,-0.020660098217703062,4,-3.2104661967884063,16,-6.65432709138426,-0.0230056598073611,-0.043518160621939826
events.csv(正本),"A2(N2,缺債務標籤當零負債)",驗證年份 2022-2026,跌勢衰竭,3m,軸二 250 日線位置(緩衝對照),線下逾 10%,1137,51,8,624,高,0.4925241864555849,0.006362378132855188,-0.0050046003090997,560,577,0.17330456767423977,-0.1556612373665822,0.11712342918545321,-0.1352133920398207,1.1133444048508205,0.8662117517986684,0.006362378132855201,1.3010426069826053e-15,1.4586750600263767,0.0031473546720765856,12,1.543716917628229,57,4.6106246468723935,-0.0034962321752045303,-0.024184578817778257
events.csv(正本),"A2(N2,缺債務標籤當零負債)",驗證年份 2022-2026,跌勢衰竭,3m,軸二 250 日線位置(緩衝對照),線之上,228,76,21,170,高,0.5,0.023753467622261677,0.00361313599091015,114,114,0.2238825006730919,-0.17637556542856855,0.16575558594056525,-0.15090871705976272,1.2693510018186929,1.0983831098035435,0.023753467622261673,3.469446951953614e-16,0.8238175799457532,0.01333437576344475,3,0.4460209490240755,12,1.4754961335804202,0.01333437576344475,-0.01192216434759719
events.csv(正本),"A2(N2,缺債務標籤當零負債)",驗證年份 2022-2026,跌勢衰竭,6m,總表(三格進場),全部,1489,342,39,737,高,0.41302887844190733,-0.010169769219554958,-0.0548496453612844,615,874,0.28494086423001586,-0.21782770923269687,0.182317098709565,-0.1912197498303268,1.3081020097660054,0.9534428262318024,-0.010169769219554925,3.2959746043559335e-15,5.028545540148772,-0.01656031182622865,15,-1.7525421007841349,75,-4.793248211216073,-0.02827758276857026,-0.06204096183788134
events.csv(正本),"A2(N2,缺債務標籤當零負債)",驗證年份 2022-2026,跌勢衰竭,6m,軸一 行業殺 vs 個別殺,個別殺,1199,211,22,660,高,0.3978315262718932,-0.02088685153878635,-0.0655928499149214,477,722,0.28931222199602397,-0.22582446660264302,0.196433318454466,-0.203577540059117,1.2811376302510789,0.964906631632466,-0.020886851538786347,3.469446951953614e-16,2.7093591860815387,-0.02601127704585934,12,-0.7504152696563748,60,-2.2385859890664594,-0.0369302746237374,-0.07120719388439019
events.csv(正本),"A2(N2,缺債務標籤當零負債)",驗證年份 2022-2026,跌勢衰竭,6m,軸一 行業殺 vs 個別殺,行業不明,1,1,0,1,低(樣本不足),0.0,-0.0774011983834809,-0.0774011983834809,0,1,,-0.0774011983834809,,-0.0774011983834809,,,-0.0774011983834809,0.0,-0.0774011983834809,,1,1.0,1,1.0,,
events.csv(正本),"A2(N2,缺債務標籤當零負債)",驗證年份 2022-2026,跌勢衰竭,6m,軸一 行業殺 vs 個別殺,行業殺,289,130,17,118,高,0.47750865051903113,0.03452577794280618,-0.0132035389901472,138,151,0.26983117108229204,-0.18052153499261797,0.14862680656424515,-0.1370330405245279,1.4947312025311894,1.0846056250035703,0.03452577794280619,6.938893903907228e-16,5.028545540148772,0.008105461091079277,3,0.767671524451743,15,1.654007739852445,0.008105461091079277,-0.023816264283640053
events.csv(正本),"A2(N2,缺債務標籤當零負債)",驗證年份 2022-2026,跌勢衰竭,6m,軸二 200 日線位置,線下 10% 內,278,81,9,215,高,0.4028776978417266,0.011191183431153055,-0.06503962687860775,112,166,0.3534876887628329,-0.21975585631070324,0.21159010365664166,-0.20113603674444794,1.6085472974292527,1.0519751064075906,0.011191183431153023,3.1225022567582528e-15,5.028545540148772,-0.021834759164480626,3,2.930013246579125,14,6.124024986101614,-0.021834759164480626,-0.060384868106160415
events.csv(正本),"A2(N2,缺債務標籤當零負債)",驗證年份 2022-2026,跌勢衰竭,6m,軸二 200 日線位置,線下逾 10%,1085,179,11,588,高,0.4258064516129032,-0.015222465140707065,-0.0458292836403534,462,623,0.2520855667178159,-0.2134508932605106,0.1729964758324479,-0.1828303824546516,1.1810002894209153,0.9462129516430735,-0.015222465140707062,3.469446951953614e-16,1.549405252963584,-0.0195105932718598,11,-0.8513502359988038,55,-2.5918103254537646,-0.02847075806084151,-0.05759581078282333
events.csv(正本),"A2(N2,缺債務標籤當零負債)",驗證年份 2022-2026,跌勢衰竭,6m,軸二 200 日線位置,線之上,126,82,19,104,高,0.3253968253968254,-0.013790164159608865,-0.12270160626406555,41,85,0.467914110643695,-0.24614163788826135,0.3030813541018551,-0.2401758982534036,1.9009953564057684,1.261914106727235,-0.013790164159608903,3.816391647148976e-15,1.7279322796280936,-0.053964001090264724,2,-1.931899815907387,7,-5.732781352967009,-0.04108349878929133,-0.09830769893806077
events.csv(正本),"A2(N2,缺債務標籤當零負債)",驗證年份 2022-2026,跌勢衰竭,6m,軸二 250 日線位置(緩衝對照),線下 10% 內,278,61,10,215,高,0.3381294964028777,-0.025552862814220055,-0.0977910743873793,94,184,0.34436568715037985,-0.21453299160048306,0.2198272317532409,-0.1888476783779779,1.6051875498556394,1.1640451905014026,-0.025552862814220048,6.938893903907228e-16,5.028545540148772,-0.05269496587848473,3,-1.0399403208378588,14,-2.2393163863096954,-0.05269496587848473,-0.08716332731167056
events.csv(正本),"A2(N2,缺債務標籤當零負債)",驗證年份 2022-2026,跌勢衰竭,6m,軸二 250 日線位置(緩衝對照),線下逾 10%,1022,166,8,569,高,0.436399217221135,-0.01135406783305488,-0.039805266910692194,446,576,0.2484338013313841,-0.2125092581930198,0.1671487352760117,-0.1832832350995518,1.1690493084575846,0.9119695818617752,-0.011354067833054898,1.908195823574488e-15,1.549405252963584,-0.015895922048937385,11,-1.2143296956858989,52,-3.570794776657306,-0.025415198674674466,-0.05467922727003407
events.csv(正本),"A2(N2,缺債務標籤當零負債)",驗證年份 2022-2026,跌勢衰竭,6m,軸二 250 日線位置(緩衝對照),線之上,189,115,21,148,高,0.3968253968253968,0.018861200104856757,-0.0715965259560148,75,114,0.4275570868736893,-0.25001767276937525,0.2981005781345924,-0.2471651788349398,1.7101074581558977,1.2060783785958293,0.018861200104856674,8.326672684688674e-15,2.7093591860815387,-0.013448309311962486,2,1.244763455786505,10,4.17555657192601,-0.004665907197281863,-0.06324088660366817
events.csv(正本),"A2(N2,缺債務標籤當零負債)",驗證年份 2022-2026,跌勢衰竭,12m,總表(三格進場),全部,1288,543,39,641,高,0.406055900621118,-0.011670517397874924,-0.09251541886692291,523,765,0.4081664154022798,-0.2986962897566735,0.2486231851511284,-0.2755118746691505,1.3664930881290283,0.9024046076042586,-0.011670517397874919,5.204170427930421e-16,4.494961586543262,-0.020243174202722345,13,-2.3332713698102436,65,-6.46129636965254,-0.03929763917569642,-0.09170516725383279
events.csv(正本),"A2(N2,缺債務標籤當零負債)",驗證年份 2022-2026,跌勢衰竭,12m,軸一 行業殺 vs 個別殺,個別殺,1032,378,22,574,高,0.4011627906976744,-0.024324796737040747,-0.1021150148749448,414,618,0.403035246902693,-0.31061453470928957,0.24401634971833597,-0.2871640868889035,1.2975414923190953,0.8497453576523993,-0.024324796737040744,3.469446951953614e-16,4.494961586543262,-0.03506709686556014,11,-1.2029911848802752,52,-3.109218132162729,-0.05416464916243662,-0.10525967803983398
events.csv(正本),"A2(N2,缺債務標籤當零負債)",驗證年份 2022-2026,跌勢衰竭,12m,軸一 行業殺 vs 個別殺,行業不明,1,1,0,1,低(樣本不足),1.0,0.3706539719481132,0.3706539719481132,1,0,0.3706539719481132,,0.3706539719481132,,,,0.3706539719481132,0.0,0.3706539719481132,,1,1.0,1,1.0,,
events.csv(正本),"A2(N2,缺債務標籤當零負債)",驗證年份 2022-2026,跌勢衰竭,12m,軸一 行業殺 vs 個別殺,行業殺,255,164,17,103,高,0.4235294117647059,0.03804278373417662,-0.0775114284504597,108,147,0.42818323209008646,-0.24859101505792044,0.262836877578931,-0.2199844302332236,1.7224404992687363,1.194797637724979,0.038042783734176605,1.3877787807814457e-15,2.3864854113217677,0.011476029298717907,3,0.7018878200773533,13,1.9617013095367823,0.011476029298717907,-0.03855114755608871
events.csv(正本),"A2(N2,缺債務標籤當零負債)",驗證年份 2022-2026,跌勢衰竭,12m,軸二 200 日線位置,線下 10% 內,247,112,9,185,高,0.4008097165991903,0.003437870913531299,-0.101433910126316,99,148,0.4517521682572267,-0.29644804420150817,0.2552230732721166,-0.28874860177626815,1.5238831123815808,0.8838937113533514,0.0034378709135313157,1.6479873021779667e-15,3.56625000406416,-0.03001910237222901,3,9.625832276964367,13,24.995849670766404,-0.03001910237222901,-0.08707766883018615
events.csv(正本),"A2(N2,缺債務標籤當零負債)",驗證年份 2022-2026,跌勢衰竭,12m,軸二 200 日線位置,線下逾 10%,939,325,11,515,高,0.402555910543131,-0.02117378174496088,-0.092502949921589,378,561,0.38603524831586356,-0.29554991964690674,0.23976799379841804,-0.2669427392800665,1.3061592057851328,0.8982000950655649,-0.021173781744960873,6.938893903907228e-16,4.494961586543262,-0.03221444420322948,10,-1.346973619260892,47,-3.343291335245227,-0.050229229749957964,-0.09680953443636678
events.csv(正本),"A2(N2,缺債務標籤當零負債)",驗證年份 2022-2026,跌勢衰竭,12m,軸二 200 日線位置,線之上,102,106,19,83,高,0.45098039215686275,0.03922941700405039,-0.055227808253984545,46,56,0.49622275509848884,-0.3361579678592384,0.28111551914427324,-0.32168291575093755,1.4761594325982939,0.8738901115964967,0.03922941700405033,5.551115123125783e-15,2.048303421011408,-0.01884519475101397,2,0.9954781775440162,6,2.364214183963934,0.00018093622791894636,-0.056862160049659057
events.csv(正本),"A2(N2,缺債務標籤當零負債)",驗證年份 2022-2026,跌勢衰竭,12m,軸二 250 日線位置(緩衝對照),線下 10% 內,243,96,10,187,高,0.345679012345679,-0.03852077200292246,-0.1416235741131934,84,159,0.4788793931280815,-0.3118642554683585,0.3071404647711315,-0.3036730420586636,1.5355379295036529,1.0114182763440625,-0.03852077200292245,1.3877787807814457e-15,2.3864854113217677,-0.06624225433846788,3,-0.6984199777820492,13,-2.196065808335928,-0.06624225433846788,-0.13007359183107123
events.csv(正本),"A2(N2,缺債務標籤當零負債)",驗證年份 2022-2026,跌勢衰竭,12m,軸二 250 日線位置(緩衝對照),線下逾 10%,885,303,8,500,高,0.40790960451977404,-0.017937138889000503,-0.0865268463108724,361,524,0.3769581960954201,-0.2899928944794124,0.2361837130528203,-0.26218374443419284,1.2998876981869694,0.9008327864205232,-0.017937138889000476,2.7755575615628914e-15,4.494961586543262,-0.029642751283979557,9,-1.565463592337862,45,-3.8953375634764877,-0.046489854956436066,-0.09251236852308084
events.csv(正本),"A2(N2,缺債務標籤當零負債)",驗證年份 2022-2026,跌勢衰竭,12m,軸二 250 日線位置(緩衝對照),線之上,160,144,21,122,高,0.4875,0.06377055690632946,-0.02731126034468745,78,82,0.4764520184895753,-0.3287801016728557,0.27452297901203504,-0.32240264513990136,1.44915101633388,0.8514910877760022,0.06377055690632943,2.7755575615628914e-15,3.56625000406416,0.016902752798263105,2,0.5502689737877983,8,1.4074702182873267,0.02904263088567813,-0.027352213413606784
events.csv(正本),"A2(N2,缺債務標籤當零負債)",驗證年份 2022-2026,買方回來,1m,總表(三格進場),全部,1766,33,72,851,高,0.4733861834654587,-0.0008915069759391818,-0.0067980612475457,836,930,0.1042015868919451,-0.09536228813029538,0.07283419742735535,-0.07566711814841964,1.0926917645848893,0.9625607424944138,-0.0008915069759391769,4.87890977618477e-16,0.7141447229496054,-0.0019316248317800613,18,-5.44834192531119,89,-18.481102648181285,-0.005807939379778336,-0.018289250873451988
events.csv(正本),"A2(N2,缺債務標籤當零負債)",驗證年份 2022-2026,買方回來,1m,軸一 行業殺 vs 個別殺,個別殺,1367,20,46,748,高,0.4747622531089978,-0.0014600168744953051,-0.006649186879156,649,718,0.10418814624810531,-0.0969553620925563,0.0714784753583837,-0.0757604352264228,1.0745991144733635,0.9434802630787199,-0.001460016874495304,1.0842021724855044e-16,0.7141447229496054,-0.0028056424680019893,14,-3.444621813077713,69,-11.560857832823167,-0.006556369277902358,-0.01931394532101523
events.csv(正本),"A2(N2,缺債務標籤當零負債)",驗證年份 2022-2026,買方回來,1m,軸一 行業殺 vs 個別殺,行業不明,2,0,0,2,低(樣本不足),0.5,-0.07644941772026234,-0.07644941772026234,1,1,0.0038698555176646,-0.1567686909581893,0.0038698555176646,-0.1567686909581893,0.024685130009133666,0.024685130009133666,-0.07644941772026234,0.0,0.0038698555176646,,1,-0.025309908388216045,1,-0.025309908388216045,-0.1567686909581893,-0.1567686909581893
events.csv(正本),"A2(N2,缺債務標籤當零負債)",驗證年份 2022-2026,買方回來,1m,軸一 行業殺 vs 個別殺,行業殺,397,13,26,152,高,0.46851385390428213,0.001446701721327491,-0.0068915048259003,186,211,0.10478790253294677,-0.0896502809846497,0.07947610527971545,-0.0753142638089838,1.1688519141494829,1.0552596714121396,0.0014467017213274924,1.5178830414797062e-16,0.4697212378988598,-0.0019162046081974572,4,2.946313194730305,20,10.475863882462884,-0.0028443935258939362,-0.014436003156923467
events.csv(正本),"A2(N2,缺債務標籤當零負債)",驗證年份 2022-2026,買方回來,1m,軸二 200 日線位置,線下 10% 內,343,9,16,259,高,0.4577259475218659,-0.008081289824356729,-0.0141951707265732,157,186,0.10099135010180699,-0.10014798051472071,0.0714679155207782,-0.0733866535989556,1.0084212340853176,0.9738544001656902,-0.008081289824356713,1.5612511283791264e-15,0.4897414380497129,-0.01222001115675893,4,-0.6409674496509231,18,-1.902572826529749,-0.01341760710521198,-0.02475566326427321
events.csv(正本),"A2(N2,缺債務標籤當零負債)",驗證年份 2022-2026,買方回來,1m,軸二 200 日線位置,線下逾 10%,1237,10,29,667,高,0.4688763136620857,4.0899159428210565e-05,-0.0071529534808927,580,657,0.10247322212279719,-0.09038641791630088,0.0724876662760454,-0.0727270593295956,1.1337236775738682,0.9967083358552244,4.089915942821071e-05,1.4230153513872246e-17,0.560873599843575,-0.0012826228914592916,13,115.91824171880161,62,394.9772214870572,-0.004749978421750944,-0.016963572857317737
events.csv(正本),"A2(N2,缺債務標籤當零負債)",驗證年份 2022-2026,買方回來,1m,軸二 200 日線位置,線之上,186,14,27,131,高,0.532258064516129,0.00616606897867241,0.0064188545050282,99,87,0.11941834186323266,-0.12270720706237889,0.0891282327612985,-0.0979821531581497,0.9731974569556104,0.9096374175145918,0.006166068978672411,8.673617379884035e-17,0.7141447229496054,-0.002770634281117069,2,1.0785530859091048,10,3.31526711315422,-0.00048962856953142,-0.015087238583065245
events.csv(正本),"A2(N2,缺債務標籤當零負債)",驗證年份 2022-2026,買方回來,1m,軸二 250 日線位置(緩衝對照),線下 10% 內,331,3,15,254,高,0.459214501510574,-0.00891529001769956,-0.0141951707265732,152,179,0.09889621023459849,-0.10046472039953923,0.06564306383953215,-0.0781990269462405,0.9843874530411978,0.8394358140115964,-0.008915290017699556,3.469446951953614e-16,0.4897414380497129,-0.012887265797408209,4,-0.5488612852834411,17,-1.7156808231359708,-0.013977459452191985,-0.02552187320469841
events.csv(正本),"A2(N2,缺債務標籤當零負債)",驗證年份 2022-2026,買方回來,1m,軸二 250 日線位置(緩衝對照),線下逾 10%,1163,10,24,645,高,0.46689595872742906,0.00047348788926334506,-0.0077693064647829,543,620,0.10281703836693266,-0.08915965390005026,0.0728135016214039,-0.0723195508908627,1.1531789757976472,1.006830113357405,0.00047348788926335206,6.993104012531504e-16,0.560873599843575,-0.0009333469767760199,12,10.18915428997114,59,34.766027921221294,-0.004396315075325853,-0.01684222604290773
events.csv(正本),"A2(N2,缺債務標籤當零負債)",驗證年份 2022-2026,買方回來,1m,軸二 250 日線位置(緩衝對照),線之上,272,20,33,186,高,0.5183823529411765,0.0030363722835907714,0.0051394014167536,141,131,0.11525284292739503,-0.11774624115745042,0.0869866184387682,-0.0929752692559626,0.9788239674953088,0.93558877683153,0.003036372283590799,2.7755575615628914e-15,0.7141447229496054,-0.00307814736929667,3,2.002577065710869,14,6.084304589149389,-0.00307814736929667,-0.016275553867228017
events.csv(正本),"A2(N2,缺債務標籤當零負債)",驗證年份 2022-2026,買方回來,3m,總表(三格進場),全部,1632,167,72,802,高,0.47181372549019607,0.008130650619464644,-0.0130231700618379,770,862,0.1892064472520177,-0.15361919092005488,0.12728359784845655,-0.1291120173461992,1.2316589230735033,0.9858385026016598,0.008130650619464663,1.908195823574488e-15,3.396805041048303,0.004063080810112507,17,1.5232990555217008,82,4.179560120264386,-0.004299548756152708,-0.027219540965865055
events.csv(正本),"A2(N2,缺債務標籤當零負債)",驗證年份 2022-2026,買方回來,3m,軸一 行業殺 vs 個別殺,個別殺,1275,112,46,707,高,0.4596078431372549,-0.0011533781558682632,-0.0233898600494782,586,689,0.1839431896133156,-0.15857948659235846,0.1270976336003998,-0.1370703500441783,1.1599431525854074,0.9272438099080927,-0.0011533781558682593,3.903127820947816e-16,1.1604887548557072,-0.003846402111536251,13,-8.551632329746061,64,-26.935509999195695,-0.011130127737375683,-0.03392300902790463
events.csv(正本),"A2(N2,缺債務標籤當零負債)",驗證年份 2022-2026,買方回來,3m,軸一 行業殺 vs 個別殺,行業不明,2,0,0,2,低(樣本不足),1.0,0.0366534396970328,0.0366534396970328,2,0,0.0366534396970328,,0.0366534396970328,,,,0.0366534396970328,0.0,0.0487485756138628,,1,0.6649931905000601,1,0.6649931905000601,0.0245583037802028,0.0245583037802028
events.csv(正本),"A2(N2,缺債務標籤當零負債)",驗證年份 2022-2026,買方回來,3m,軸一 行業殺 vs 個別殺,行業殺,355,55,26,140,高,0.5126760563380282,0.04131400586001203,0.0136943434522092,182,173,0.20782938676514617,-0.1338640249187996,0.13006947116843945,-0.0970866077249231,1.552540997412958,1.339726191041376,0.041314005860012035,6.938893903907228e-16,3.396805041048303,0.02277275258241833,4,0.5149193859804754,18,1.0779996628993351,0.020269006502034764,-0.0033945990450630374
events.csv(正本),"A2(N2,缺債務標籤當零負債)",驗證年份 2022-2026,買方回來,3m,軸二 200 日線位置,線下 10% 內,310,42,16,240,高,0.4774193548387097,0.019950092472980442,-0.01181475898677105,148,162,0.21292366345564173,-0.15634675015315455,0.13067460958044713,-0.138408836044398,1.3618681760066353,0.9441204283990228,0.01995009247298045,6.938893903907228e-16,3.396805041048303,0.0024509379839179023,4,1.0064141530229684,16,2.131710315562346,-0.00012963566419168688,-0.02380644520037194
events.csv(正本),"A2(N2,缺債務標籤當零負債)",驗證年份 2022-2026,買方回來,3m,軸二 200 日線位置,線下逾 10%,1173,74,29,631,高,0.47655583972719523,0.0054302461070692715,-0.0102094450070351,559,614,0.17573543005136197,-0.14961958748390733,0.1226466640120786,-0.12017004290824146,1.174548286134418,1.0206093053135399,0.005430246107069256,1.5612511283791264e-15,1.7484214417058572,0.0016713946995656815,12,1.9263621632983134,59,5.587743818932388,-0.005082368066190944,-0.026232005394287047
events.csv(正本),"A2(N2,缺債務標籤當零負債)",驗證年份 2022-2026,買方回來,3m,軸二 200 日線位置,線之上,149,51,27,116,高,0.4228187919463087,0.004798754770134945,-0.0475342765842856,63,86,0.2530183618080521,-0.1770365387576416,0.1401394842987047,-0.16304714015336497,1.4291872377511154,0.8595028662685349,0.004798754770134903,4.250072516143177e-15,1.1278795445705931,-0.0152680616409617,2,2.8538245775852125,8,9.045066966037254,-0.009017084222227092,-0.040796732045529256
events.csv(正本),"A2(N2,缺債務標籤當零負債)",驗證年份 2022-2026,買方回來,3m,軸二 250 日線位置(緩衝對照),線下 10% 內,304,30,15,237,高,0.4473684210526316,0.0032764579144746774,-0.0262626370713482,136,168,0.20247335332638686,-0.1579781717046923,0.13141260097294066,-0.1428813233877195,1.2816539851142799,0.9197325294667269,0.003276457914474701,2.3418766925686896e-15,3.396805041048303,-0.013562096293280717,4,5.834016336796528,16,11.831441025759155,-0.016049630433202147,-0.0374603584892373
events.csv(正本),"A2(N2,缺債務標籤當零負債)",驗證年份 2022-2026,買方回來,3m,軸二 250 日線位置(緩衝對照),線下逾 10%,1103,70,24,609,高,0.4823209428830462,0.006775925056836385,-0.0072110541774782,532,571,0.17400432401988344,-0.14903056924848945,0.1150959137118512,-0.1192977373022986,1.167574712338067,0.9647786815956111,0.006775925056836357,2.7755575615628914e-15,1.7484214417058572,0.0027815440478092058,12,1.6593230744451857,56,4.569741386813361,-0.004516662406942191,-0.02548203917917476
events.csv(正本),"A2(N2,缺債務標籤當零負債)",驗證年份 2022-2026,買方回來,3m,軸二 250 日線位置(緩衝對照),線之上,225,67,33,167,高,0.4533333333333333,0.02133037007677984,-0.0283319031616341,102,123,0.2508067446381078,-0.16896711126676042,0.1623623313076557,-0.1433344313944727,1.484352444436014,1.1327517730950218,0.021330370076779848,6.938893903907228e-16,1.1336980377157997,0.007320312559198968,3,0.6613885101034603,12,2.007220880737123,0.007320312559198968,-0.02269478253716512
events.csv(正本),"A2(N2,缺債務標籤當零負債)",驗證年份 2022-2026,買方回來,6m,總表(三格進場),全部,1446,353,72,728,高,0.4211618257261411,-0.01437281504803904,-0.0545575969326071,609,837,0.270149975638145,-0.22139118963332707,0.1682271011383496,-0.2009500328786346,1.220238149881092,0.8371588634670775,-0.014372815048039028,1.214306433183765e-15,3.3255009672308797,-0.01990005268844049,15,-1.2298893102743118,73,-3.3039290879821235,-0.03238573827603964,-0.06514854187694516
events.csv(正本),"A2(N2,缺債務標籤當零負債)",驗證年份 2022-2026,買方回來,6m,軸一 行業殺 vs 個別殺,個別殺,1171,216,46,649,高,0.4150298889837746,-0.018772940713975308,-0.0639772213821714,486,685,0.27921487333272205,-0.2301920321398073,0.1720314299454699,-0.2107110627779614,1.212964978575543,0.816432833081714,-0.018772940713975297,1.0408340855860843e-15,2.3951213801980296,-0.024562222437863043,12,-0.8901617175363592,59,-2.5489388160118627,-0.035851285344031085,-0.07015892541986937
events.csv(正本),"A2(N2,缺債務標籤當零負債)",驗證年份 2022-2026,買方回來,6m,軸一 行業殺 vs 個別殺,行業不明,1,1,0,1,低(樣本不足),0.0,-0.0774011983834809,-0.0774011983834809,0,1,,-0.0774011983834809,,-0.0774011983834809,,,-0.0774011983834809,0.0,-0.0774011983834809,,1,1.0,1,1.0,,
events.csv(正本),"A2(N2,缺債務標籤當零負債)",驗證年份 2022-2026,買方回來,6m,軸一 行業殺 vs 個別殺,行業殺,274,136,26,118,高,0.4489051094890511,0.004662132171474868,-0.0266564308194076,123,151,0.23433257499127952,-0.1824204139665117,0.1546960482051511,-0.1561988075155745,1.2845742967905869,0.9903791883284796,0.0046621321714748615,6.938893903907228e-16,3.3255009672308797,-0.016526401567913792,3,4.506004326808805,14,9.785938643828809,-0.016526401567913792,-0.043166810673044634
events.csv(正本),"A2(N2,缺債務標籤當零負債)",驗證年份 2022-2026,買方回來,6m,軸二 200 日線位置,線下 10% 內,272,80,16,209,高,0.40808823529411764,-0.00481963679825433,-0.054102925997927404,111,161,0.3020285973011912,-0.2163733882581205,0.1704395218115955,-0.2108165789121104,1.395867577490117,0.8084730465275782,-0.004819636798254326,4.3368086899420177e-16,3.3255009672308797,-0.030467261270684484,3,-5.25176264562109,14,-12.438291281253392,-0.030467261270684484,-0.06828220860783973
events.csv(正本),"A2(N2,缺債務標籤當零負債)",驗證年份 2022-2026,買方回來,6m,軸二 200 日線位置,線下逾 10%,1051,196,29,581,高,0.4329210275927688,-0.020277191043375484,-0.0502309079442512,455,596,0.24161286422258385,-0.22021003524809274,0.1626473306284677,-0.19733394603535734,1.0971927957342102,0.824223778504512,-0.02027719104337547,1.3877787807814457e-15,1.9583309553029855,-0.025424595333466797,11,-0.6440267758034894,53,-1.9233159445665224,-0.03368883991257207,-0.06242459350542605
events.csv(正本),"A2(N2,缺債務標籤當零負債)",驗證年份 2022-2026,買方回來,6m,軸二 200 日線位置,線之上,123,77,27,102,高,0.34959349593495936,0.014952670213401263,-0.0968432989208948,43,80,0.48982110795168443,-0.24028911507092596,0.3219413270982025,-0.22075621951735758,2.0384656533738714,1.4583567692999424,0.01495267021340127,6.938893903907228e-16,2.212063122526249,-0.034993289121172236,2,2.3436773540872817,7,5.7555231754471725,-0.020423656321591523,-0.07539875583932536
events.csv(正本),"A2(N2,缺債務標籤當零負債)",驗證年份 2022-2026,買方回來,6m,軸二 250 日線位置(緩衝對照),線下 10% 內,272,62,15,211,高,0.35294117647058826,-0.035002334100231174,-0.08667072464451175,96,176,0.29552638625748046,-0.21529072702261934,0.1806425461118702,-0.20089307305437942,1.3726851608728659,0.8991974853357555,-0.03500233410023114,3.469446951953614e-15,3.3255009672308797,-0.05630179266064693,3,-0.5907743994116618,14,-1.431426238497338,-0.05630179266064693,-0.08972372652274029
events.csv(正本),"A2(N2,缺債務標籤當零負債)",驗證年份 2022-2026,買方回來,6m,軸二 250 日線位置(緩衝對照),線下逾 10%,990,183,24,562,高,0.44242424242424244,-0.016902855203057714,-0.0448165015885725,438,552,0.2377779529996473,-0.21898653997259537,0.15941288666262765,-0.19648714437222314,1.0858108129814898,0.8113145884019648,-0.016902855203057718,3.469446951953614e-16,1.9583309553029855,-0.022358130470023035,10,-0.7753513770364587,50,-2.36892515719936,-0.030314716518357588,-0.05997341444772175
events.csv(正本),"A2(N2,缺債務標籤當零負債)",驗證年份 2022-2026,買方回來,6m,軸二 250 日線位置(緩衝對照),線之上,184,108,33,144,高,0.4076086956521739,0.0297357117762259,-0.0677880287577879,75,109,0.4267207822542225,-0.24341915323156996,0.2649236502072296,-0.22478950552125,1.75302878425624,1.1785410070319569,0.02973571177622586,4.163336342344337e-15,2.3951213801980296,-0.006818736268140315,2,0.8420530303389976,10,2.757381393182326,0.004748277275281779,-0.055260261679869215
events.csv(正本),"A2(N2,缺債務標籤當零負債)",驗證年份 2022-2026,買方回來,12m,總表(三格進場),全部,1251,548,72,630,高,0.3876898481215028,-0.015642749049562858,-0.1023424916804026,485,766,0.4213358590025782,-0.29231980506168875,0.2467532128919902,-0.266390099294599,1.441352421925921,0.9262852243585356,-0.015642749049562893,3.469446951953614e-15,4.060093723241976,-0.02378658988402517,13,-1.6975301575082553,63,-4.88425925280311,-0.0426398876589009,-0.09692721762082769
events.csv(正本),"A2(N2,缺債務標籤當零負債)",驗證年份 2022-2026,買方回來,12m,軸一 行業殺 vs 個別殺,個別殺,999,388,46,564,高,0.3813813813813814,-0.02360861752895169,-0.1084795004491967,381,618,0.4266082521541916,-0.3011695032073944,0.2437238124045062,-0.27770570403742806,1.4165054815009486,0.8776334402251171,-0.023608617528951686,3.469446951953614e-16,4.060093723241976,-0.03383694179285444,10,-1.1114809303460143,50,-3.2731955595360267,-0.05035318155562179,-0.10619953145617413
events.csv(正本),"A2(N2,缺債務標籤當零負債)",驗證年份 2022-2026,買方回來,12m,軸一 行業殺 vs 個別殺,行業不明,1,1,0,1,低(樣本不足),1.0,0.3706539719481132,0.3706539719481132,1,0,0.3706539719481132,,0.3706539719481132,,,,0.3706539719481132,0.0,0.3706539719481132,,1,1.0,1,1.0,,
events.csv(正本),"A2(N2,缺債務標籤當零負債)",驗證年份 2022-2026,買方回來,12m,軸一 行業殺 vs 個別殺,行業殺,251,159,26,101,高,0.4103585657370518,0.014523011468013889,-0.0926573733091781,103,148,0.4023251803257798,-0.25536633577759343,0.2589939911068188,-0.2117489875655565,1.5754824499505582,1.2231179666284615,0.014523011468013935,4.683753385137379e-15,2.614167005250864,-0.01292240535023868,3,1.879153357304466,13,5.042720947573797,-0.01292240535023868,-0.06191946703185777
events.csv(正本),"A2(N2,缺債務標籤當零負債)",驗證年份 2022-2026,買方回來,12m,軸二 200 日線位置,線下 10% 內,240,112,16,180,高,0.3875,0.012571902044919136,-0.0965501819948484,93,147,0.4727284693610205,-0.27854755891016536,0.2701824743217298,-0.2639382759439852,1.6971194118900197,1.0236577978522137,0.012571902044919148,1.214306433183765e-15,4.060093723241976,-0.025313704747168573,3,2.988345387079397,12,7.330771434875946,-0.025313704747168573,-0.0837787772084553
events.csv(正本),"A2(N2,缺債務標籤當零負債)",驗證年份 2022-2026,買方回來,12m,軸二 200 日線位置,線下逾 10%,912,335,29,507,高,0.38706140350877194,-0.029654838037713585,-0.10734616734188555,353,559,0.3886460797129887,-0.2938055070287653,0.2408925226890739,-0.2638429599343067,1.3228005276120913,0.9130147825397839,-0.02965483803771357,1.3877787807814457e-15,3.2587107835514573,-0.0391943344425067,10,-0.8711650499513521,46,-2.2901270846935837,-0.05610427495155372,-0.10275079153338995
events.csv(正本),"A2(N2,缺債務標籤當零負債)",驗證年份 2022-2026,買方回來,12m,軸二 200 日線位置,線之上,99,101,27,81,中,0.3939393939393939,0.04503915897586931,-0.0869545108774726,39,60,0.5946686622305256,-0.31222001813965716,0.3030123873135777,-0.30680321130872706,1.904646171548578,0.9876441189159042,0.04503915897586935,4.163336342344337e-15,2.402013046725654,-0.021840709618844146,1,0.538703621458233,5,2.2854405475076915,0.020988405019238838,-0.060974691022867206
events.csv(正本),"A2(N2,缺債務標籤當零負債)",驗證年份 2022-2026,買方回來,12m,軸二 250 日線位置(緩衝對照),線下 10% 內,235,99,15,180,高,0.33617021276595743,-0.031442852543998916,-0.1604352888782514,79,156,0.5056869225202374,-0.3034508796598621,0.2993928221157598,-0.3076302368018942,1.6664539680592176,0.9732230005354152,-0.031442852543998895,2.0816681711721685e-15,2.614167005250864,-0.06169676557138372,3,-0.9371380889269425,12,-2.8286605113455243,-0.06169676557138372,-0.12686207110461062
events.csv(正本),"A2(N2,缺債務標籤當零負債)",驗證年份 2022-2026,買方回來,12m,軸二 250 日線位置(緩衝對照),線下逾 10%,860,313,24,492,高,0.3941860465116279,-0.02747919717772397,-0.09796731866681896,339,521,0.3735122068583568,-0.2883929898230817,0.2265965461590127,-0.2544781786085721,1.295150090463338,0.890436057810498,-0.027479197177723957,1.3877787807814457e-15,3.2587107835514573,-0.03758990348971582,9,-0.8967003918462769,43,-2.3611910726874132,-0.0526710123231078,-0.09722403393513995
events.csv(正本),"A2(N2,缺債務標籤當零負債)",驗證年份 2022-2026,買方回來,12m,軸二 250 日線位置(緩衝對照),線之上,156,136,33,120,高,0.42948717948717946,0.07341090294666165,-0.054128900301084554,67,89,0.5638505464502798,-0.29579646912909574,0.3030123873135777,-0.2745711745334123,1.9062112137795533,1.103584117409617,0.0734109029466617,4.163336342344337e-15,4.060093723241976,0.018854416309990546,2,0.5642726037036175,8,1.5084071681012396,0.03240255902410124,-0.03934006869513029
events.csv(正本),B(總債務/四季經營現金流<=3),全期 2010-2026,觸發日即買,1m,總表(三格進場),全部,1589,13,0,1080,高,0.4971680302076778,0.0004866516086699431,-0.0005675852175576,790,799,0.09220226802578967,-0.09019587275869499,0.06212881556928915,-0.0662424148752688,1.0222448678163187,0.9379008251174816,0.0004866516086699385,4.607859233063394e-16,0.914636785560262,-0.0010043104512241826,16,11.216582073065227,80,31.825241163747815,-0.005022488674147804,-0.015796442965383146
events.csv(正本),B(總債務/四季經營現金流<=3),全期 2010-2026,觸發日即買,1m,軸一 行業殺 vs 個別殺,個別殺,1221,7,0,908,高,0.4963144963144963,0.0013663155935121328,-0.0005675852175576,606,615,0.09191841474416859,-0.08786063088664692,0.0603554625519887,-0.0635336739083307,1.0461843241571622,0.9499759550985881,0.0013663155935121282,4.553649124439119e-16,0.914636785560262,-0.0005729511019209888,13,4.238819401218719,62,11.61663770877442,-0.004472872170072244,-0.015281650054612954
events.csv(正本),B(總債務/四季經營現金流<=3),全期 2010-2026,觸發日即買,1m,軸一 行業殺 vs 個別殺,行業不明,9,0,0,9,低(樣本不足),0.3333333333333333,-0.05975367774416987,-0.1089928823768175,3,6,0.07908515335552609,-0.12917309329401785,0.0533153674676643,-0.12949238077549816,0.6122416932101804,0.41172590347301996,-0.059753677744169884,1.3877787807814457e-15,0.1640145722475534,-0.12917309329401788,1,-0.30498275669094455,1,-0.30498275669094455,-0.08772470899313528,-0.08772470899313528
events.csv(正本),B(總債務/四季經營現金流<=3),全期 2010-2026,觸發日即買,1m,軸一 行業殺 vs 個別殺,行業殺,359,6,0,197,高,0.5041782729805014,-0.0009949828239672633,0.003583322608414,181,178,0.09337003837205025,-0.09695042572553562,0.072664597120313,-0.07185709406334795,0.9630699161278429,1.0112376247257253,-0.000994982823967247,1.6263032587282567e-15,0.5261583729519421,-0.00523513300693849,4,-5.441453872532724,18,-14.552161786281415,-0.006481351581049416,-0.016290950302623772
events.csv(正本),B(總債務/四季經營現金流<=3),全期 2010-2026,觸發日即買,1m,軸二 200 日線位置,線下 10% 內,281,3,0,242,高,0.42704626334519574,-0.0020248755713857284,-0.0171490444731151,120,161,0.0934645185683546,-0.07319709480597478,0.0735011016589982,-0.0568889310151367,1.276888363071009,1.2920105958651504,-0.002024875571385719,9.54097911787244e-16,0.5261583729519421,-0.006098286108874443,3,-1.9795311557615878,15,-6.563610579474185,-0.006098286108874443,-0.016179018994633053
events.csv(正本),B(總債務/四季經營現金流<=3),全期 2010-2026,觸發日即買,1m,軸二 200 日線位置,線下逾 10%,1151,3,0,832,高,0.5178105994787141,-0.0020804389136298194,0.0040326830691159,596,555,0.08541036797825735,-0.09603453063897172,0.05771968382869825,-0.0695513857728458,0.889371431400499,0.8298854607614897,-0.0020804389136298285,9.107298248878237e-16,0.7225226504839646,-0.0036539756375402366,12,-2.247217486626828,58,-6.863056480510747,-0.006826812028838913,-0.017226677578338855
events.csv(正本),B(總債務/四季經營現金流<=3),全期 2010-2026,觸發日即買,1m,軸二 200 日線位置,線之上,157,7,0,122,高,0.4713375796178344,0.023801685549833432,-0.0046708288583005,74,83,0.14485770536662032,-0.08412777790127778,0.09893296759846446,-0.0732577778001777,1.7218772322336608,1.3504773222622168,0.02380168554983344,6.938893903907228e-16,0.914636785560262,0.009092779901584733,2,0.43983480631243843,8,1.1675879884230735,0.013504912903159494,-0.004203044473643585
events.csv(正本),B(總債務/四季經營現金流<=3),全期 2010-2026,觸發日即買,1m,軸二 250 日線位置(緩衝對照),線下 10% 內,270,4,0,240,高,0.42962962962962964,-0.005468206048535432,-0.02125780035119755,116,154,0.09372207008200402,-0.08018295949751322,0.06600777823922095,-0.06618492986457014,1.1688527172024712,0.9973233842551215,-0.005468206048535443,1.0408340855860843e-15,0.7225226504839646,-0.010577299399017066,3,-0.9128346220495069,14,-2.5897511429481352,-0.010577299399017066,-0.02070298713438911
events.csv(正本),B(總債務/四季經營現金流<=3),全期 2010-2026,觸發日即買,1m,軸二 250 日線位置(緩衝對照),線下逾 10%,1087,1,0,784,高,0.5206991720331187,-0.001959952990858363,0.0040734481493127,566,521,0.08454317222441465,-0.09593455735140448,0.05786253442336295,-0.0676971429750885,0.8812587930617782,0.8547263869710937,-0.0019599529908583616,1.3010426069826053e-16,0.5752410910143657,-0.003444910946346202,11,-2.275394050002827,55,-7.215652212685989,-0.006485246433325235,-0.016960456919648512
events.csv(正本),B(總債務/四季經營現金流<=3),全期 2010-2026,觸發日即買,1m,軸二 250 日線位置(緩衝對照),線之上,232,8,0,182,高,0.46551724137931033,0.01888006008769028,-0.00912730358766895,108,124,0.13070922344298777,-0.07851953380240753,0.09589535047483319,-0.061145582711031404,1.6646714150381268,1.5683119895680135,0.018880060087690276,3.469446951953614e-16,0.914636785560262,0.00892400617408012,3,0.533443776046989,12,1.2324109137986647,0.00892400617408012,-0.004627273763965814
events.csv(正本),B(總債務/四季經營現金流<=3),全期 2010-2026,觸發日即買,3m,總表(三格進場),全部,1521,81,0,1047,高,0.4990138067061144,0.017365216199906493,-0.0007922592981119,759,762,0.17622158237851687,-0.14086573121422116,0.1287549388031008,-0.11680427521241585,1.2509897251768665,1.1023135802944877,0.017365216199906497,3.469446951953614e-16,1.5379776085719985,0.014623794975617865,16,0.5693240505434786,77,1.6901044201424942,0.007558289609356417,-0.012622838466766118
events.csv(正本),B(總債務/四季經營現金流<=3),全期 2010-2026,觸發日即買,3m,軸一 行業殺 vs 個別殺,個別殺,1193,35,0,885,高,0.4886839899413244,0.013182091434389946,-0.0044087109980759,583,610,0.17335337820544333,-0.13989964657794468,0.1240630921723893,-0.1163417306981399,1.2391266343111167,1.066367944055115,0.013182091434389948,1.734723475976807e-16,1.5379776085719985,0.01010843413599057,12,0.6975782990837511,60,2.184202598544369,0.004027057377030933,-0.016436935965144645
events.csv(正本),B(總債務/四季經營現金流<=3),全期 2010-2026,觸發日即買,3m,軸一 行業殺 vs 個別殺,行業不明,9,0,0,9,低(樣本不足),0.4444444444444444,-0.06528800378811794,-0.0699490286331995,4,5,0.1286262012413739,-0.2204193678117114,0.1526724962462514,-0.2907097978368811,0.5835521738327918,0.5251714850419895,-0.06528800378811794,0.0,0.1954531591957764,-0.18139836429689013,1,-0.33263412002760573,1,-0.33263412002760573,-0.09788064916110475,-0.09788064916110475
events.csv(正本),B(總債務/四季經營現金流<=3),全期 2010-2026,觸發日即買,3m,軸一 行業殺 vs 個別殺,行業殺,319,46,0,184,高,0.5391849529780565,0.035341225056186934,0.0217476942218832,172,147,0.18705032980555433,-0.1421687478478348,0.1398526883500033,-0.1179750968284317,1.3156923208309954,1.1854424544646711,0.035341225056186934,0.0,1.5292572058180784,0.024946205481271966,4,0.3607452088664724,16,0.8761998057861037,0.02287893058381256,0.004606286857103747
events.csv(正本),B(總債務/四季經營現金流<=3),全期 2010-2026,觸發日即買,3m,軸二 200 日線位置,線下 10% 內,266,18,0,232,高,0.5075187969924813,0.02708989159328724,0.0078220940195413,135,131,0.17707484632989554,-0.12747475641772132,0.1297385466133029,-0.1055227122680021,1.389097349985435,1.229484570902598,0.027089891593287244,3.469446951953614e-16,1.5379776085719985,0.015224886425694957,3,0.4443249383831978,14,1.1827333458175397,0.015224886425694957,-0.005225239113602255
events.csv(正本),B(總債務/四季經營現金流<=3),全期 2010-2026,觸發日即買,3m,軸二 200 日線位置,線下逾 10%,1132,22,0,816,高,0.5008833922261484,0.014045138767968672,0.0004603869426197256,567,565,0.17243940113517472,-0.14490981125363459,0.125178403301597,-0.1195745636461613,1.189977404865674,1.0468648137577008,0.01404513876796866,1.214306433183765e-15,1.5292572058180784,0.010734247515520746,12,0.6875415463846091,57,2.025212102792134,0.004435542222470078,-0.01516274116777513
events.csv(正本),B(總債務/四季經營現金流<=3),全期 2010-2026,觸發日即買,3m,軸二 200 日線位置,線之上,123,41,0,110,高,0.4634146341463415,0.02689012675530757,-0.0185696245256989,57,66,0.2118234443353394,-0.13282501115471992,0.1563502647898229,-0.10628403142500405,1.5947557052233101,1.471060729382913,0.026890126755307567,3.469446951953614e-16,0.9042121479456776,0.009731152685451171,2,0.47222997326037214,7,1.2653804024870068,0.014426378171501825,-0.007566740149429039
events.csv(正本),B(總債務/四季經營現金流<=3),全期 2010-2026,觸發日即買,3m,軸二 250 日線位置(緩衝對照),線下 10% 內,258,16,0,232,高,0.46511627906976744,0.0006877030851874113,-0.016874977789616448,120,138,0.157273729856255,-0.1354740593244366,0.1130573473519128,-0.11335873894466865,1.1609139833893367,0.9973412584194065,0.0006877030851873966,1.463672932855431e-15,0.731241176472126,-0.0073552010007734685,3,11.570950697073155,13,35.45025229145778,-0.0073552010007734685,-0.02494864716273719
events.csv(正本),B(總債務/四季經營現金流<=3),全期 2010-2026,觸發日即買,3m,軸二 250 日線位置(緩衝對照),線下逾 10%,1069,19,0,769,高,0.5070159027128157,0.016660490968933756,0.0026779907329743,542,527,0.17312358196785033,-0.14425600869219105,0.12882487574586904,-0.1184469270126679,1.200113489464803,1.0876168676971352,0.016660490968933767,1.0408340855860843e-15,1.5292572058180784,0.01316128818524629,11,0.5727126042504528,54,1.7211387394003634,0.007192831971728023,-0.012653721883282624
events.csv(正本),B(總債務/四季經營現金流<=3),全期 2010-2026,觸發日即買,3m,軸二 250 日線位置(緩衝對照),線之上,194,46,0,167,高,0.5,0.043427843290150696,0.00077259785178415,97,97,0.21697270119555492,-0.13011701461525352,0.1555146566383125,-0.1067856892639012,1.6675198231155803,1.4563248850132589,0.0434278432901507,6.938893903907228e-16,1.5379776085719985,0.026252025151084723,2,0.2975254802320006,10,0.8759354590558992,0.030824734123973224,0.005680673672527564
events.csv(正本),B(總債務/四季經營現金流<=3),全期 2010-2026,觸發日即買,6m,總表(三格進場),全部,1418,184,0,993,高,0.45557122708039494,0.011445439751747277,-0.02547335559760855,646,772,0.2595849180117601,-0.1961945899839629,0.1789280235947983,-0.16466445905206084,1.323099266055087,1.0866219986076526,0.011445439751747277,0.0,2.55430340500854,0.006715194678402817,15,1.3785116139652598,71,3.7756997561037413,-0.0043785493912188115,-0.03344364509004351
events.csv(正本),B(總債務/四季經營現金流<=3),全期 2010-2026,觸發日即買,6m,軸一 行業殺 vs 個別殺,個別殺,1112,116,0,845,高,0.4433453237410072,0.0010344043429418228,-0.03240075402816015,493,619,0.2490228349099088,-0.1964749595819608,0.1704060159774767,-0.1625268667566015,1.2674532950140516,1.0484790568975586,0.0010344043429418442,2.1467203015212988e-15,2.55430340500854,-0.004967280211159988,12,15.714980652693232,56,40.510596759710964,-0.015387289783197491,-0.04303727780594749
events.csv(正本),B(總債務/四季經營現金流<=3),全期 2010-2026,觸發日即買,6m,軸一 行業殺 vs 個別殺,行業不明,8,1,0,8,低(樣本不足),0.5,-0.062469282025903586,-0.07153568600949105,4,4,0.16227127378248507,-0.2872098378342922,0.09088826456389934,-0.25863102530939197,0.564992045558372,0.35142057862227716,-0.06246928202590357,1.3877787807814457e-15,0.4293856598867376,-0.222183289044353,1,-0.8591936027628108,1,-0.8591936027628108,-0.13273427372770946,-0.13273427372770946
events.csv(正本),B(總債務/四季經營現金流<=3),全期 2010-2026,觸發日即買,6m,軸一 行業殺 vs 個別殺,行業殺,298,67,0,169,高,0.5,0.05227896038534752,-0.00020264820348980003,149,149,0.2971443914757184,-0.19258647070502335,0.2283552042754291,-0.166008723961631,1.5429141537716948,1.375561469457521,0.05227896038534753,1.3877787807814457e-15,1.748384273304791,0.038246332955405145,3,0.27578317398065416,15,0.9126218060615787,0.038246332955405145,0.00481016346132891
events.csv(正本),B(總債務/四季經營現金流<=3),全期 2010-2026,觸發日即買,6m,軸二 200 日線位置,線下 10% 內,242,42,0,213,高,0.4380165289256198,0.023899287402569136,-0.025958017405663503,106,136,0.3026640499917275,-0.19337324814486312,0.21151149196944824,-0.16466445905206084,1.5651805660573617,1.2844999654878537,0.023899287402569136,0.0,2.55430340500854,-0.0015793837255036406,3,1.065265736259691,13,2.286516851369082,-0.0015793837255036406,-0.03249228954998496
events.csv(正本),B(總債務/四季經營現金流<=3),全期 2010-2026,觸發日即買,6m,軸二 200 日線位置,線下逾 10%,1064,90,0,777,高,0.45394736842105265,0.003955271341813195,-0.027691256920287552,483,581,0.24333602810214724,-0.1950480083746091,0.1704060159774767,-0.1604756424085653,1.2475699194774459,1.0618808774955955,0.003955271341813199,4.3368086899420177e-16,1.748384273304791,-0.0007031661804930757,11,3.430634414977388,54,10.023278838710437,-0.009714247898575463,-0.03759766855122481
events.csv(正本),B(總債務/四季經營現金流<=3),全期 2010-2026,觸發日即買,6m,軸二 200 日線位置,線之上,112,52,0,99,高,0.5089285714285714,0.055692833114880984,0.0274118803189351,57,55,0.31716080987959283,-0.21528307007763853,0.2246037397079356,-0.182281202758931,1.473226899659196,1.2321826733005303,0.05569283311488098,6.938893903907228e-16,1.3953069957386952,0.022097136046364377,2,0.42131880927039783,6,1.018516363694624,0.03281436579987934,-0.0010896001919960614
events.csv(正本),B(總債務/四季經營現金流<=3),全期 2010-2026,觸發日即買,6m,軸二 250 日線位置(緩衝對照),線下 10% 內,238,36,0,215,高,0.4327731092436975,-0.01240017483877512,-0.03746154360930855,103,135,0.23520787600500015,-0.20131594696402594,0.1961500459809624,-0.1637607773622501,1.168351934121893,1.197784042921737,-0.012400174838775146,2.6020852139652106e-15,1.1818514370842634,-0.025136554261021116,3,-1.001561047413011,12,-2.7889750710194017,-0.025136554261021116,-0.04947867652661695
events.csv(正本),B(總債務/四季經營現金流<=3),全期 2010-2026,觸發日即買,6m,軸二 250 日線位置(緩衝對照),線下逾 10%,1006,82,0,732,高,0.4562624254473161,0.007335927455222951,-0.02525142284383815,459,547,0.24607969839558283,-0.19299933920222712,0.1707379033021034,-0.1604756424085653,1.2750287094907484,1.0639490251574177,0.007335927455222949,2.6020852139652106e-16,1.748384273304791,0.0024182203337605747,11,1.9563175089363554,51,5.453568911293187,-0.007093033894406959,-0.03441579560291475
events.csv(正本),B(總債務/四季經營現金流<=3),全期 2010-2026,觸發日即買,6m,軸二 250 日線位置(緩衝對照),線之上,174,66,0,151,高,0.4827586206896552,0.06782144919340134,-0.0106497554402929,84,90,0.363272193375113,-0.20793257870952955,0.2242484615857691,-0.18410333451196184,1.7470672254903568,1.218057577176577,0.06782144919340137,2.7755575615628914e-15,2.55430340500854,0.03173319496596665,2,0.4219369078111661,9,1.0611533147534702,0.03966094962162206,-0.004373734052991164
events.csv(正本),B(總債務/四季經營現金流<=3),全期 2010-2026,觸發日即買,12m,總表(三格進場),全部,1315,287,0,932,高,0.46539923954372625,0.03159328827778987,-0.0284270716760891,612,703,0.38238880504066625,-0.27379342048306404,0.25699035940154236,-0.2318032016565373,1.3966325573711862,1.1086575058714023,0.03159328827778993,5.551115123125783e-15,4.011141292429923,0.023171465884079995,14,0.8369717384620359,66,2.171805078525424,0.005206024217077266,-0.03897745875209761
events.csv(正本),B(總債務/四季經營現金流<=3),全期 2010-2026,觸發日即買,12m,軸一 行業殺 vs 個別殺,個別殺,1040,188,0,794,高,0.4375,-0.0007015789471489714,-0.0523270751876479,455,585,0.35513348406616013,-0.27746218351305607,0.2517166408389231,-0.2395670080147716,1.2799347268506205,1.050714966659359,-0.0007015789471489786,7.26415455565288e-16,4.011141292429923,-0.010996095010065274,11,-34.02036353992385,52,-86.66183108733614,-0.024832198029502983,-0.06473862648358343
events.csv(正本),B(總債務/四季經營現金流<=3),全期 2010-2026,觸發日即買,12m,軸一 行業殺 vs 個別殺,行業不明,7,2,0,7,低(樣本不足),0.5714285714285714,0.21858706387274413,0.1706627563618212,4,3,0.5235909946549365,-0.18808484383684576,0.48986525728686725,-0.2001480624179993,2.7838021606308994,2.447514361961736,0.21858706387274407,5.551115123125783e-15,0.9439707076841906,-0.09839794378717902,1,0.6169301872278528,1,0.6169301872278528,0.09768978990416972,0.09768978990416972
events.csv(正本),B(總債務/四季經營現金流<=3),全期 2010-2026,觸發日即買,12m,軸一 行業殺 vs 個別殺,行業殺,268,97,0,157,高,0.5708955223880597,0.15203248784783363,0.0913604993816263,153,115,0.45975065004029503,-0.25736645837344113,0.2954219327180967,-0.2177259596976813,1.7863658417103931,1.3568521325077565,0.15203248784783363,0.0,3.532489196045592,0.121744090345582,3,0.20818711139826285,14,0.6019290870501449,0.121744090345582,0.06385544335097422
events.csv(正本),B(總債務/四季經營現金流<=3),全期 2010-2026,觸發日即買,12m,軸二 200 日線位置,線下 10% 內,224,60,0,196,高,0.42410714285714285,0.003292510360152693,-0.09546057582382085,95,129,0.3659857176437772,-0.2638071384146095,0.2511838850246746,-0.2175646743351528,1.3873230263715604,1.1545251350765349,0.003292510360152684,9.107298248878237e-16,4.011141292429923,-0.0321387124320775,3,10.630427782844933,12,20.355492041342657,-0.0321387124320775,-0.0673354123024628
events.csv(正本),B(總債務/四季經營現金流<=3),全期 2010-2026,觸發日即買,12m,軸二 200 日線位置,線下逾 10%,991,163,0,731,高,0.4843592330978809,0.037214193270413566,-0.0126538150591652,480,511,0.36442938215693677,-0.2701503677188842,0.25447878045470695,-0.2334439444645255,1.3489871778970088,1.0901065822822316,0.03721419327041356,6.938893903907228e-16,3.532489196045592,0.02813032119432129,10,0.5934454362204942,50,1.7052838373089834,0.01528382641228959,-0.027641179501409527
events.csv(正本),B(總債務/四季經營現金流<=3),全期 2010-2026,觸發日即買,12m,軸二 200 日線位置,線之上,100,64,0,88,高,0.37,0.039283862336396386,-0.1083345634387344,37,63,0.6574919479297096,-0.32379072761523187,0.2954219327180967,-0.3137835468616855,2.030607710023811,0.941483183783111,0.03928386233639647,8.326672684688674e-15,3.600580356905249,-0.03874055359599395,1,0.9165545704423573,5,2.7308538046263497,0.0033111704720645463,-0.07157328693196782
events.csv(正本),B(總債務/四季經營現金流<=3),全期 2010-2026,觸發日即買,12m,軸二 250 日線位置(緩衝對照),線下 10% 內,225,49,0,202,高,0.3688888888888889,-0.0418489748854741,-0.1136826041621029,83,142,0.32954993157157136,-0.2589342511948739,0.2275346334145007,-0.218653965790367,1.2727166454450713,1.0406151683187306,-0.04184897488547412,2.0816681711721685e-15,2.4576013817173674,-0.06489837450681636,3,-0.5300987185937387,12,-1.2893889791686444,-0.06489837450681636,-0.10120624847779207
events.csv(正本),B(總債務/四季經營現金流<=3),全期 2010-2026,觸發日即買,12m,軸二 250 日線位置(緩衝對照),線下逾 10%,932,156,0,686,高,0.49356223175965663,0.043992795653787116,-0.00789512473929195,460,472,0.36799217518511707,-0.2717693115165768,0.25604928217228007,-0.23367068253309103,1.3540608140469572,1.095769821856107,0.04399279565378711,6.938893903907228e-16,3.532489196045592,0.03435390458378818,10,0.5337840393856045,47,1.468990359270648,0.020732596235147307,-0.02172791823767064
events.csv(正本),B(總債務/四季經營現金流<=3),全期 2010-2026,觸發日即買,12m,軸二 250 日線位置(緩衝對照),線之上,158,82,0,136,高,0.43670886075949367,0.06303739167845421,-0.0830597809912578,69,89,0.5419261417288908,-0.30823590892244596,0.2856451559900101,-0.2612670795202632,1.758153823230384,1.0933071113073634,0.06303739167845426,5.551115123125783e-15,4.011141292429923,0.0018730593104438658,2,0.7642361492769529,8,1.7275693508461425,0.015052475870901251,-0.048310158096795085
events.csv(正本),B(總債務/四季經營現金流<=3),全期 2010-2026,跌勢衰竭,1m,總表(三格進場),全部,1569,17,19,1070,高,0.491395793499044,0.004387906244973336,-0.0026186567568029,771,798,0.09797317704118037,-0.08603094561451992,0.0674391318233318,-0.0687600622438856,1.1388132065892915,0.9807892782896476,0.004387906244973351,1.474514954580286e-15,0.8538246840434487,0.0029846481440411908,16,1.2204271525476773,79,3.7742039966372416,-0.0009771785336156068,-0.01281835832777675
events.csv(正本),B(總債務/四季經營現金流<=3),全期 2010-2026,跌勢衰竭,1m,軸一 行業殺 vs 個別殺,個別殺,1212,8,11,900,高,0.48514851485148514,0.003798450554864495,-0.0041888360190606,588,624,0.09768060885006186,-0.0846674293771484,0.06638476493054099,-0.06676624980628204,1.153697585584495,0.9942862617438016,0.0037984505548644965,1.3010426069826053e-16,0.8538246840434487,0.0019793682114980244,13,1.4910792915427262,61,4.39242561610975,-0.0018855651157805083,-0.01356888330858775
events.csv(正本),B(總債務/四季經營現金流<=3),全期 2010-2026,跌勢衰竭,1m,軸一 行業殺 vs 個別殺,行業不明,9,0,0,9,低(樣本不足),0.4444444444444444,-0.034715813071181406,-0.0157064799459929,4,5,0.06227016050495283,-0.11230459193208879,0.05578944478245435,-0.0823668960976706,0.554475640164455,0.6773284829902935,-0.034715813071181406,0.0,0.1324351823314955,-0.09274273158950617,1,-0.4238708230420337,1,-0.4238708230420337,-0.05560968749651603,-0.05560968749651603
events.csv(正本),B(總債務/四季經營現金流<=3),全期 2010-2026,跌勢衰竭,1m,軸一 行業殺 vs 個別殺,行業殺,348,9,8,193,高,0.514367816091954,0.007452141216977097,0.0033747324461025,179,169,0.09973207180387637,-0.09028814029222393,0.0718804558325953,-0.0727547193454825,1.1045976966751834,0.9879834116500995,0.0074521412169770915,5.204170427930421e-16,0.5543251903755493,0.00305993225726502,4,0.7301100874269958,18,2.22114303712657,0.002034644459456414,-0.0095965011056389
events.csv(正本),B(總債務/四季經營現金流<=3),全期 2010-2026,跌勢衰竭,1m,軸二 200 日線位置,線下 10% 內,276,5,3,239,高,0.4927536231884058,0.004108485438899177,-0.0032247564830358002,136,140,0.09697953623396935,-0.08610910676202613,0.0738417664713304,-0.07576872013322314,1.1262401838865324,0.9745679528636011,0.004108485438899183,6.071532165918825e-16,0.6256721723559786,-0.00158623939645403,3,1.3818919860415213,14,3.6693999125600842,-0.00158623939645403,-0.011553223760660718
events.csv(正本),B(總債務/四季經營現金流<=3),全期 2010-2026,跌勢衰竭,1m,軸二 200 日線位置,線下逾 10%,1146,4,4,827,高,0.48342059336823734,0.0027975468244999632,-0.0038569857446536498,554,592,0.09609666273379629,-0.08451277448251046,0.062794696739697,-0.0649613515869287,1.137066713549714,0.9666470171216747,0.0027975468244999593,3.903127820947816e-16,0.8538246840434487,0.0009332193683838331,12,1.9717843993081787,58,5.966786796098521,-0.0027473807451491583,-0.014635535063681296
events.csv(正本),B(總債務/四季經營現金流<=3),全期 2010-2026,跌勢衰竭,1m,軸二 200 日線位置,線之上,147,8,12,118,高,0.5510204081632653,0.017310845281292758,0.0096382033651678,81,66,0.11247594341243307,-0.09948268424328854,0.0753786539082717,-0.08257948789945666,1.1306082487417513,0.9128011789083481,0.017310845281292744,1.3877787807814457e-15,0.470658171841124,0.00942347499002466,2,0.3354782236695211,8,1.0554596527041695,0.01166210170653581,-0.0010153083431328675
events.csv(正本),B(總債務/四季經營現金流<=3),全期 2010-2026,跌勢衰竭,1m,軸二 250 日線位置(緩衝對照),線下 10% 內,267,3,4,239,高,0.49063670411985016,-0.0027806526613609922,-0.0026186567568029,131,136,0.08366623714500167,-0.08604934798954857,0.0615137728971297,-0.07351557801181766,0.9723053003860489,0.8367447357516707,-0.002780652661361002,9.97465998686664e-16,0.3385480038417703,-0.0063348749581940665,3,-1.2525994256368245,14,-4.350765421184223,-0.0063348749581940665,-0.015701942960601005
events.csv(正本),B(總債務/四季經營現金流<=3),全期 2010-2026,跌勢衰竭,1m,軸二 250 日線位置(緩衝對照),線下逾 10%,1083,3,2,780,高,0.48291782086795937,0.0034436718854954466,-0.0041365785183106,523,560,0.0971696181962645,-0.08408966725831207,0.0654219021512501,-0.0649613515869287,1.155547659592618,1.007089608714577,0.003443671885495457,1.0408340855860843e-15,0.8538246840434487,0.0014723867862753094,11,1.5827696220336747,55,4.935272885405793,-0.002027460218523305,-0.014276835652523448
events.csv(正本),B(總債務/四季經營現金流<=3),全期 2010-2026,跌勢衰竭,1m,軸二 250 日線位置(緩衝對照),線之上,219,11,13,176,高,0.5342465753424658,0.01779708907285379,0.009559405915932,117,102,0.11758403518041452,-0.09666440793287762,0.0806684336572329,-0.08369196420415556,1.216414993842027,0.96387310806152,0.0177970890728538,1.0408340855860843e-15,0.6256721723559786,0.010242273425376779,3,0.43238086472414394,11,1.0911454132742535,0.010242273425376779,-0.0017079083916281034
events.csv(正本),B(總債務/四季經營現金流<=3),全期 2010-2026,跌勢衰竭,3m,總表(三格進場),全部,1496,90,19,1037,高,0.48462566844919786,0.013700181597607568,-0.00773441843871425,725,771,0.17818423363816932,-0.140970295353634,0.1240620618214229,-0.1137157189333144,1.263984254208885,1.0909842806707826,0.01370018159760758,1.214306433183765e-15,1.8661342617849628,0.010874885976940134,15,0.7125982577573697,75,2.2222779775274955,0.003977335763705953,-0.017629249585717974
events.csv(正本),B(總債務/四季經營現金流<=3),全期 2010-2026,跌勢衰竭,3m,軸一 行業殺 vs 個別殺,個別殺,1169,51,11,876,高,0.48075278015397777,0.010392691080033921,-0.0092203448494426,562,607,0.17642654717450618,-0.1433322300486208,0.12635245494949549,-0.1159036767198895,1.2308923618551053,1.0901505329710817,0.010392691080033906,1.5612511283791264e-15,1.8661342617849628,0.006839418813255787,12,0.9542801167370174,59,2.878499918594279,0.0004800807400595461,-0.020560360781622204
events.csv(正本),B(總債務/四季經營現金流<=3),全期 2010-2026,跌勢衰竭,3m,軸一 行業殺 vs 個別殺,行業不明,9,0,0,9,低(樣本不足),0.4444444444444444,-0.07047473198157239,-0.0328300062239943,4,5,0.0281646876376032,-0.14938626767691288,0.0301421656528365,-0.1364238431668301,0.1885359884518753,0.22094499724638475,-0.07047473198157239,0.0,0.04380817534927,-0.12306084908151578,1,-0.06906837247824571,1,-0.06906837247824571,-0.0847600953979277,-0.0847600953979277
events.csv(正本),B(總債務/四季經營現金流<=3),全期 2010-2026,跌勢衰竭,3m,軸一 行業殺 vs 個別殺,行業殺,318,39,8,183,高,0.5,0.028241158444325218,0.0002317964004745,159,159,0.18817101336509331,-0.13168869647644293,0.1224966565647309,-0.1047370878316493,1.4289078592159516,1.1695633237543104,0.02824115844432519,2.7755575615628914e-15,1.1153245832828405,0.01923950230281821,4,0.4113401562098826,16,1.1572483374709746,0.0168362121720246,-0.0046761533706377225
events.csv(正本),B(總債務/四季經營現金流<=3),全期 2010-2026,跌勢衰竭,3m,軸二 200 日線位置,線下 10% 內,258,23,3,226,高,0.4883720930232558,0.005582598275667519,-0.01640091263824735,126,132,0.16967845783231306,-0.15105435857385774,0.11780968842947055,-0.11699108668388555,1.1232940210020428,1.0069971291727282,0.005582598275667525,6.071532165918825e-16,0.853645876999308,-0.0026261582511139915,3,1.464948649193905,13,4.622981991852369,-0.0026261582511139915,-0.021298850935862406
events.csv(正本),B(總債務/四季經營現金流<=3),全期 2010-2026,跌勢衰竭,3m,軸二 200 日線位置,線下逾 10%,1117,33,4,810,高,0.4879140555058192,0.015278511235368442,-0.0048303998680242,545,572,0.17542904609175766,-0.13731247040227512,0.1240620618214229,-0.11173116001376215,1.2775900512008485,1.1103622463611935,0.015278511235368455,1.3877787807814457e-15,1.27780806138149,0.012246510944439178,12,0.647849560039339,56,1.9751429036814554,0.005438763424919403,-0.01568509277262525
events.csv(正本),B(總債務/四季經營現金流<=3),全期 2010-2026,跌勢衰竭,3m,軸二 200 日線位置,線之上,121,34,12,108,高,0.4462809917355372,0.016438547644563255,-0.0166236201252785,54,67,0.22583802927395133,-0.15233118381792865,0.1492621970305704,-0.1260444441659656,1.482546275908159,1.1842029057150145,0.01643854764456326,6.938893903907228e-16,1.8661342617849628,-0.01172517281658128,2,1.3523705035952305,7,2.7888607941640315,-0.0058898115692316046,-0.031211921760676834
events.csv(正本),B(總債務/四季經營現金流<=3),全期 2010-2026,跌勢衰竭,3m,軸二 250 日線位置(緩衝對照),線下 10% 內,249,21,4,225,高,0.4457831325301205,-0.010822223211168954,-0.032113220570294,111,138,0.16123672289561192,-0.14921746247097095,0.1173101581371507,-0.1260118339241515,1.0805486182756876,0.9309455666502048,-0.01082222321116895,5.204170427930421e-16,0.6929877263161628,-0.01833602524818913,3,-0.673880581454648,13,-2.320509017026011,-0.01833602524818913,-0.03791477605712596
events.csv(正本),B(總債務/四季經營現金流<=3),全期 2010-2026,跌勢衰竭,3m,軸二 250 日線位置(緩衝對照),線下逾 10%,1056,30,2,764,高,0.4943181818181818,0.01820248976616206,-0.0022595922535896,522,534,0.17617786445075279,-0.13622287649855022,0.12476605981611705,-0.10744237702450671,1.2933060068851783,1.1612369650725334,0.018202489766162067,6.938893903907228e-16,1.27780806138149,0.01500317695656772,11,0.539410263965196,53,1.670517536810047,0.008472131324536726,-0.012850023493039707
events.csv(正本),B(總債務/四季經營現金流<=3),全期 2010-2026,跌勢衰竭,3m,軸二 250 日線位置(緩衝對照),線之上,191,39,13,164,高,0.4816753926701571,0.020776837992329107,-0.0153513906058193,92,99,0.21001573807572682,-0.1550815338023435,0.1366356972586765,-0.1260444441659656,1.3542278885595675,1.084027924933884,0.020776837992329128,2.0816681711721685e-15,1.8661342617849628,0.0022594592436427376,2,0.6853635089107839,10,1.8673987238227543,0.00660632760714597,-0.01901748247009454
events.csv(正本),B(總債務/四季經營現金流<=3),全期 2010-2026,跌勢衰竭,6m,總表(三格進場),全部,1392,194,19,983,高,0.4511494252873563,0.005985683307674872,-0.029901780579935852,628,764,0.25909771974361645,-0.20206976025485301,0.17029461968169776,-0.17621692515821247,1.2822191673649685,0.9663919599595925,0.005985683307674863,8.673617379884035e-16,2.7093591860815387,0.0006898269035014081,14,2.5174579007335374,70,7.329952552373334,-0.00917530277047603,-0.0398953215831408
events.csv(正本),B(總債務/四季經營現金流<=3),全期 2010-2026,跌勢衰竭,6m,軸一 行業殺 vs 個別殺,個別殺,1099,121,11,836,高,0.43585077343039125,-0.00479874051972394,-0.0356331268274201,479,620,0.2515901335672636,-0.20287982227402562,0.1629833013713388,-0.17733411333351073,1.2400944103127514,0.9190747245839693,-0.00479874051972394,0.0,2.7093591860815387,-0.011539888162861833,11,-3.3057444475563256,55,-8.892918813640359,-0.020871050765186885,-0.04997455158613167
events.csv(正本),B(總債務/四季經營現金流<=3),全期 2010-2026,跌勢衰竭,6m,軸一 行業殺 vs 個別殺,行業不明,8,1,0,8,低(樣本不足),0.5,-0.04213936929754075,-0.023518870356126757,4,4,0.23358550851805482,-0.3178642471131363,0.27782118200841244,-0.3755327707510119,0.7348593326852376,0.7398054275071914,-0.04213936929754075,0.0,0.2946753406447964,-0.23748653180838947,1,-0.8741093707529505,1,-0.8741093707529505,-0.09025575643216034,-0.09025575643216034
events.csv(正本),B(總債務/四季經營現金流<=3),全期 2010-2026,跌勢衰竭,6m,軸一 行業殺 vs 個別殺,行業殺,285,72,8,167,高,0.5087719298245614,0.04892281385908896,0.0075536392424684,145,140,0.28460242749103215,-0.19517392883113796,0.1971117703804252,-0.15572298113969366,1.4581989981728891,1.2657847219326164,0.04892281385908896,0.0,1.2536055434238025,0.036883868685062764,3,0.25401638710186114,15,0.9672484555027785,0.036883868685062764,0.0016913142547594039
events.csv(正本),B(總債務/四季經營現金流<=3),全期 2010-2026,跌勢衰竭,6m,軸二 200 日線位置,線下 10% 內,241,40,3,212,高,0.4315352697095436,0.029343903339504897,-0.0427052741391691,104,137,0.33466565960629757,-0.20243319630827936,0.2486528836040833,-0.2061120016189287,1.653215311073019,1.2063969184279066,0.029343903339504887,1.0408340855860843e-15,2.7093591860815387,0.0034925805102597337,3,0.8824592500725874,13,2.0186156442016867,0.0034925805102597337,-0.0315944224555193
events.csv(正本),B(總債務/四季經營現金流<=3),全期 2010-2026,跌勢衰竭,6m,軸二 200 日線位置,線下逾 10%,1043,107,4,768,高,0.4554170661553212,-0.0008296477128551042,-0.0286114583553031,475,568,0.23547067717641187,-0.19843995461849206,0.160825947059725,-0.17240512858003604,1.1866092069468204,0.9328373719756509,-0.0008296477128550972,7.047314121155779e-16,1.549405252963584,-0.00497446202304962,11,-15.033111514682878,53,-45.83952836115869,-0.013443617415626085,-0.04094070788062336
events.csv(正本),B(總債務/四季經營現金流<=3),全期 2010-2026,跌勢衰竭,6m,軸二 200 日線位置,線之上,108,47,12,96,高,0.4537037037037037,0.019680676147876035,-0.024668810509977948,49,59,0.32774628043144055,-0.23617041893508425,0.1769117403704878,-0.2167229335134652,1.3877533092809884,0.8163037363071505,0.01968067614787608,4.5102810375396984e-15,2.2681717099013325,-0.02345104498101144,2,1.6338010134835323,6,3.4260859327406186,-0.01270898404495302,-0.050555659287373246
events.csv(正本),B(總債務/四季經營現金流<=3),全期 2010-2026,跌勢衰竭,6m,軸二 250 日線位置(緩衝對照),線下 10% 內,237,33,4,214,高,0.4050632911392405,-0.011622178043914501,-0.0444449381867434,96,141,0.27162395826140645,-0.2044706112730692,0.23731732373469774,-0.167680912776005,1.3284254229506576,1.4152912207229924,-0.011622178043914522,2.0816681711721685e-15,1.134916657960224,-0.02389086898298437,3,-1.0296069145369686,12,-3.253957482314611,-0.02389086898298437,-0.05207706465074014
events.csv(正本),B(總債務/四季經營現金流<=3),全期 2010-2026,跌勢衰竭,6m,軸二 250 日線位置(緩衝對照),線下逾 10%,986,100,2,724,高,0.4594320486815416,0.0019631706448999153,-0.02514203853145085,453,533,0.23590399777841334,-0.19686458674999985,0.1605299655078722,-0.1735759746419043,1.1983059100313964,0.9248397760061746,0.0019631706448999114,3.903127820947816e-16,1.549405252963584,-0.0024134605123015507,10,6.21503647331884,50,19.903083494979327,-0.010342904124252981,-0.039092349267969465
events.csv(正本),B(總債務/四季經營現金流<=3),全期 2010-2026,跌勢衰竭,6m,軸二 250 日線位置(緩衝對照),線之上,169,61,13,147,高,0.46745562130177515,0.054146988785916214,-0.0245141938299159,79,90,0.3768728735730999,-0.22913462119394504,0.2266266672266284,-0.2168304580006123,1.6447661711239423,1.0451791197433546,0.054146988785916186,2.7755575615628914e-15,2.7093591860815387,0.010704454876505232,2,0.5579519769750341,9,1.4715520145478913,0.024222222870665867,-0.02696935973615906
events.csv(正本),B(總債務/四季經營現金流<=3),全期 2010-2026,跌勢衰竭,12m,總表(三格進場),全部,1310,276,19,928,高,0.4763358778625954,0.04089984908576545,-0.024852780877524752,624,686,0.39010025036279,-0.27674016607001195,0.25837337770580215,-0.24052567789590457,1.409626422873864,1.0742028874672656,0.040899849085765466,1.3877787807814457e-15,4.59119401420062,0.031194007575873577,14,0.7005209428054507,66,1.753923389860074,0.012380963888211229,-0.032471312103241556
events.csv(正本),B(總債務/四季經營現金流<=3),全期 2010-2026,跌勢衰竭,12m,軸一 行業殺 vs 個別殺,個別殺,1035,185,11,790,高,0.45217391304347826,0.011275252438883896,-0.0508760624279103,468,567,0.36520231097783745,-0.2808550181012047,0.2445257497539935,-0.2483862886365465,1.3003232537801357,0.9844575201644807,0.011275252438883915,1.908195823574488e-15,4.59119401420062,6.413637344384019e-05,11,2.378990676141672,52,5.803623689595252,-0.015715492542790338,-0.057027204640737496
events.csv(正本),B(總債務/四季經營現金流<=3),全期 2010-2026,跌勢衰竭,12m,軸一 行業殺 vs 個別殺,行業不明,7,2,0,7,低(樣本不足),0.5714285714285714,0.24994045419105168,0.0738406550526042,4,3,0.5508245596551004,-0.15123835309434663,0.5337180591611544,-0.1809718328573734,3.6420957276060846,2.9491775086445946,0.24994045419105165,2.7755575615628914e-15,1.0620214652454885,-0.09496860105760893,1,0.6070139892678433,1,0.6070139892678433,0.11459361901531218,0.11459361901531218
events.csv(正本),B(總債務/四季經營現金流<=3),全期 2010-2026,跌勢衰竭,12m,軸一 行業殺 vs 個別殺,行業殺,268,89,8,157,高,0.5671641791044776,0.14984825689839754,0.05548638363733485,152,116,0.4625301082245567,-0.25987278966691446,0.28073574354566083,-0.19318100087435244,1.7798327744024038,1.4532264677946005,0.14984825689839754,0.0,4.060473141568552,0.11636729547838212,3,0.23212535880771412,14,0.6109049641145183,0.11636729547838212,0.061518886046966044
events.csv(正本),B(總債務/四季經營現金流<=3),全期 2010-2026,跌勢衰竭,12m,軸二 200 日線位置,線下 10% 內,223,58,3,195,高,0.43946188340807174,0.016565127902813895,-0.0951203887122157,98,125,0.38087214108738254,-0.26905157043388794,0.22871194672116957,-0.2385066263926563,1.4156101764177267,0.9589333016879723,0.016565127902813864,3.1225022567582528e-15,4.156567244916808,-0.02079522595346405,3,2.2384733562496497,12,4.556667550413463,-0.02079522595346405,-0.0622673629968069
events.csv(正本),B(總債務/四季經營現金流<=3),全期 2010-2026,跌勢衰竭,12m,軸二 200 日線位置,線下逾 10%,987,163,4,727,高,0.49746707193515705,0.048460991730264504,-0.0015275137198319,491,496,0.37338034145072496,-0.2731829613196268,0.2540725488449862,-0.2362642693103309,1.366777560529722,1.0753744084394932,0.0484609917302645,6.938893903907228e-16,4.060473141568552,0.0384899824106896,10,0.5129905204246283,50,1.4065736581182935,0.023842527995448413,-0.020754348099172277
events.csv(正本),B(總債務/四季經營現金流<=3),全期 2010-2026,跌勢衰竭,12m,軸二 200 日線位置,線之上,100,55,12,88,高,0.35,0.0205377994225417,-0.10003958418584344,35,65,0.6504953927860428,-0.31867013546549733,0.4207457967830719,-0.2892662012356919,2.041281313781826,1.4545280263844285,0.02053779942254172,2.0816681711721685e-15,4.59119401420062,-0.06035976847586623,1,2.2354848831377025,5,5.067635244244826,-0.025630445171176255,-0.08793713344248592
events.csv(正本),B(總債務/四季經營現金流<=3),全期 2010-2026,跌勢衰竭,12m,軸二 250 日線位置(緩衝對照),線下 10% 內,223,47,4,200,高,0.39461883408071746,-0.029879302072160472,-0.1051934537986126,88,135,0.323333571525634,-0.26012176782479685,0.2410699517791432,-0.2344682437325628,1.243008511857466,1.0281560860502301,-0.02987930207216044,3.1225022567582528e-15,2.221079679080189,-0.05336651366242988,3,-0.7620417764076993,12,-1.782731109333519,-0.05336651366242988,-0.08787474947159475
events.csv(正本),B(總債務/四季經營現金流<=3),全期 2010-2026,跌勢衰竭,12m,軸二 250 日線位置(緩衝對照),線下逾 10%,929,157,2,683,高,0.5048439181916039,0.055024457781559254,0.0029899480695838,469,460,0.37923476542789514,-0.2755290950143789,0.2540725488449862,-0.24025616314878162,1.3763873663073738,1.0575068939548853,0.05502445778155926,6.938893903907228e-16,4.060473141568552,0.04445017832982298,10,0.4800067055466576,47,1.2704598279340924,0.028923691287106125,-0.015674932087890912
events.csv(正本),B(總債務/四季經營現金流<=3),全期 2010-2026,跌勢衰竭,12m,軸二 250 日線位置(緩衝對照),線之上,158,72,13,136,高,0.4240506329113924,0.05774788218592389,-0.08140708739660016,67,91,0.5538521932304822,-0.3075157314402895,0.318717390884726,-0.2794764052255062,1.8010532034782227,1.1404089394507444,0.05774788218592383,5.551115123125783e-15,4.59119401420062,-0.009724927592798296,2,0.9587464594995353,8,1.8583273942671474,0.0024128469631957837,-0.05221014066728176
events.csv(正本),B(總債務/四季經營現金流<=3),全期 2010-2026,買方回來,1m,總表(三格進場),全部,1548,19,38,1065,高,0.48643410852713176,0.0005862067338238862,-0.0033553518962608003,753,795,0.09131406036796297,-0.08534847727436067,0.0598692782540819,-0.0685606559774403,1.069896772433624,0.8732308260554236,0.0005862067338238894,3.144186300207963e-16,0.9102662588263796,-0.0010967878745017938,16,9.926353312829555,78,27.727392195924814,-0.005287337907891906,-0.016499128730462057
events.csv(正本),B(總債務/四季經營現金流<=3),全期 2010-2026,買方回來,1m,軸一 行業殺 vs 個別殺,個別殺,1197,9,25,894,高,0.47201336675020883,-0.00223645594362573,-0.0070887329322593,565,632,0.08832033205116327,-0.08319307812251148,0.0576767497340762,-0.06651619679399615,1.0616307755929082,0.8671083512592258,-0.0022364559436257314,1.3010426069826053e-16,0.8952976135932049,-0.004097731132801846,12,-2.4408754758427,60,-7.04057665333711,-0.0077732941703304885,-0.018931334520229787
events.csv(正本),B(總債務/四季經營現金流<=3),全期 2010-2026,買方回來,1m,軸一 行業殺 vs 個別殺,行業不明,9,0,0,9,低(樣本不足),0.5555555555555556,-0.0435247042361935,0.0052702700843132,5,4,0.06772410473815434,-0.1825857154541283,0.0614912073330673,-0.1546163607011972,0.3709167750046083,0.3977018153460598,-0.0435247042361935,0.0,0.1153101905757043,-0.11263370269975936,1,-0.29436715589778323,1,-0.29436715589778323,-0.06337906608768072,-0.06337906608768072
events.csv(正本),B(總債務/四季經營現金流<=3),全期 2010-2026,買方回來,1m,軸一 行業殺 vs 個別殺,行業殺,342,10,13,194,高,0.5350877192982456,0.01162633955147694,0.009902374171694851,183,159,0.10120152636326823,-0.09146963017530171,0.070074359928584,-0.0774730218673551,1.1063948347589831,0.9045001503692646,0.01162633955147694,0.0,0.9102662588263796,0.0055362859504071256,4,0.6191744105779563,18,1.5856775708377593,0.004480005335737031,-0.007187579989924203
events.csv(正本),B(總債務/四季經營現金流<=3),全期 2010-2026,買方回來,1m,軸二 200 日線位置,線下 10% 內,273,3,8,236,高,0.47985347985347987,-0.001026281239981688,-0.0045484423714504,131,142,0.090949262858774,-0.08587695924658023,0.0688392349614721,-0.06555965668567809,1.0590647789196816,1.0500243357209411,-0.0010262812399816704,1.7564075194265172e-15,0.6139280533791474,-0.006054632595216058,3,-4.8347536112027605,14,-14.047613855681737,-0.006054632595216058,-0.016277845093416555
events.csv(正本),B(總債務/四季經營現金流<=3),全期 2010-2026,買方回來,1m,軸二 200 日線位置,線下逾 10%,1134,4,16,822,高,0.47971781305114636,-0.0022844005303210716,-0.00520949744772545,544,590,0.0867524012665428,-0.08437934998370063,0.059231628373567755,-0.06810457434174895,1.0281236023185834,0.8697158589721635,-0.0022844005303210707,8.673617379884035e-17,0.9102662588263796,-0.004424071988442611,12,-2.4503117051569956,57,-6.756012191153057,-0.007966192219397634,-0.01865555125649156
events.csv(正本),B(總債務/四季經營現金流<=3),全期 2010-2026,買方回來,1m,軸二 200 日線位置,線之上,141,12,14,118,高,0.5531914893617021,0.026795269530911155,0.0141054103168258,78,63,0.12374138119971075,-0.09323324967807885,0.0608458468471815,-0.0835702000422684,1.327223727875754,0.7280806653137925,0.026795269530911138,1.734723475976807e-15,0.8952976135932049,0.013141165977599347,2,0.38504329886210825,8,0.9246155066145874,0.01671502308282734,0.0021414484393878007
events.csv(正本),B(總債務/四季經營現金流<=3),全期 2010-2026,買方回來,1m,軸二 250 日線位置(緩衝對照),線下 10% 內,262,1,11,235,高,0.4580152671755725,-0.011565818148076421,-0.014020284908173801,120,142,0.07891483863944586,-0.08802834501077131,0.0600129657296196,-0.0655646421547518,0.8964707746100383,0.915325147172639,-0.011565818148076425,3.469446951953614e-16,0.3468829534453626,-0.015006935894380688,3,-0.28266764708030845,14,-0.9831951649154083,-0.015006935894380688,-0.02423212077799872
events.csv(正本),B(總債務/四季經營現金流<=3),全期 2010-2026,買方回來,1m,軸二 250 日線位置(緩衝對照),線下逾 10%,1073,4,11,776,高,0.483690587138863,-0.0006269449850751408,-0.0044787157659508,519,554,0.08796146508441567,-0.08361861434620461,0.0593169222009768,-0.0667124294261254,1.0519364111946465,0.8891434881210842,-0.0006269449850751369,3.903127820947816e-16,0.9102662588263796,-0.0028839506416169455,11,-8.926768704547317,54,-25.342910618584174,-0.006288000113842674,-0.01739076670367038
events.csv(正本),B(總債務/四季經營現金流<=3),全期 2010-2026,買方回來,1m,軸二 250 日線位置(緩衝對照),線之上,213,14,16,177,高,0.5352112676056338,0.0216450908344649,0.0132013694221673,114,99,0.11962900387307787,-0.09118486963424098,0.0648584269738894,-0.0771987948569935,1.311939188518133,0.840148179696795,0.02164509083446487,2.7755575615628914e-15,0.8952976135932049,0.012103483328649542,3,0.44869662022989704,11,1.039885585710983,0.012103483328649542,-0.0009103399889807612
events.csv(正本),B(總債務/四季經營現金流<=3),全期 2010-2026,買方回來,3m,總表(三格進場),全部,1452,115,38,1019,高,0.46831955922865015,0.0051086286506815525,-0.0141111840836688,680,772,0.16867864565019952,-0.13896858839552598,0.1283171327278803,-0.12344807398992835,1.2137897318933266,1.0394421604208195,0.005108628650681568,1.5612511283791264e-15,1.4945570917341993,0.0025130202050608706,15,1.7525588128027847,73,5.22925841902532,-0.003884674446774707,-0.02274945031239019
events.csv(正本),B(總債務/四季經營現金流<=3),全期 2010-2026,買方回來,3m,軸一 行業殺 vs 個別殺,個別殺,1138,68,25,863,高,0.4648506151142355,0.0015457608855045236,-0.01631207134607085,529,609,0.16484020415202733,-0.14029785239526815,0.1253886639824697,-0.1265974668253315,1.1749303452458757,0.9904516032336603,0.001545760885504524,4.336808689942018e-17,1.4945570917341993,-0.001655367653989206,12,5.67955754034138,57,16.887543086534517,-0.007310565572236811,-0.025853278407385383
events.csv(正本),B(總債務/四季經營現金流<=3),全期 2010-2026,買方回來,3m,軸一 行業殺 vs 個別殺,行業不明,8,1,0,8,低(樣本不足),0.375,-0.08822569847083425,-0.07682038197398809,3,5,0.05885884381058017,-0.1764764238396829,0.0728122416944971,-0.1436211808871228,0.33352241919889264,0.5069742585651271,-0.08822569847083425,0.0,0.0818872216447068,-0.1764764238396829,1,-0.1160195145292292,1,-0.1160195145292292,-0.11252754420162582,-0.11252754420162582
events.csv(正本),B(總債務/四季經營現金流<=3),全期 2010-2026,買方回來,3m,軸一 行業殺 vs 個別殺,行業殺,306,46,13,178,高,0.48366013071895425,0.020798883989712882,-0.00633517205487635,148,158,0.18462455752892887,-0.13265807603436283,0.1431382046755788,-0.10747783443980345,1.3917325129990954,1.3317927870583226,0.0207988839897129,1.734723475976807e-15,1.156133431086872,0.011073350633960609,4,0.564387787426215,16,1.4152548416504496,0.009180251156921294,-0.009113352437800723
events.csv(正本),B(總債務/四季經營現金流<=3),全期 2010-2026,買方回來,3m,軸二 200 日線位置,線下 10% 內,249,27,8,220,高,0.4819277108433735,0.005484158616167547,-0.0187119003299153,120,129,0.17083965487266906,-0.14833490766895016,0.13146505047654194,-0.1251450016494297,1.1517157866437238,1.0505018078533945,0.0054841586161675365,1.0408340855860843e-15,0.8457191767405765,-0.003106942382316425,3,1.5597046979123799,13,5.035731523515721,-0.003106942382316425,-0.023351759999998736
events.csv(正本),B(總債務/四季經營現金流<=3),全期 2010-2026,買方回來,3m,軸二 200 日線位置,線下逾 10%,1085,53,16,794,高,0.47096774193548385,0.004418408290673949,-0.0113245413845222,511,574,0.16118780181960862,-0.135144588387524,0.1179100926852725,-0.12158015639227605,1.1927062988079575,0.9698136290007543,0.004418408290673942,6.938893903907228e-16,1.156133431086872,0.001381218559192856,11,1.8921066419490038,55,5.729513994058843,-0.003982062523746525,-0.02201277899883082
events.csv(正本),B(總債務/四季經營現金流<=3),全期 2010-2026,買方回來,3m,軸二 200 日線位置,線之上,118,35,14,105,高,0.4152542372881356,0.010662714491378459,-0.050699820971228646,49,69,0.24150517811419123,-0.15326889011032918,0.1694485122406031,-0.147056737142521,1.5756960068044206,1.1522662309335816,0.010662714491378442,1.734723475976807e-15,1.4945570917341993,-0.014719271221198859,2,1.8541288213002352,6,3.5737053608209677,-0.009264354721767898,-0.02891282931061579
events.csv(正本),B(總債務/四季經營現金流<=3),全期 2010-2026,買方回來,3m,軸二 250 日線位置(緩衝對照),線下 10% 內,242,21,11,220,高,0.4462809917355372,-0.010010692473966288,-0.0334483241232807,108,134,0.1574687799709442,-0.14499414787732695,0.11485835008823335,-0.11508012386489111,1.0860354178168037,0.9980728750612214,-0.010010692473966257,3.1225022567582528e-15,0.6929877263161628,-0.017888804676615917,3,-0.7648172372805406,13,-2.5699851404326965,-0.017888804676615917,-0.037766819464433436
events.csv(正本),B(總債務/四季經營現金流<=3),全期 2010-2026,買方回來,3m,軸二 250 日線位置(緩衝對照),線下逾 10%,1026,51,11,748,高,0.47855750487329435,0.007611419873132863,-0.0095880348411248,491,535,0.1622219142881629,-0.13428344509467977,0.1229876006308106,-0.1216868206124941,1.2080559459416942,1.0106895719007958,0.007611419873132866,2.6020852139652106e-16,1.156133431086872,0.0044084284217984085,11,1.1589313689808927,52,3.3408364376339517,-0.001222803357846147,-0.01876830933744432
events.csv(正本),B(總債務/四季經營現金流<=3),全期 2010-2026,買方回來,3m,軸二 250 日線位置(緩衝對照),線之上,184,43,16,161,高,0.44021739130434784,0.01103804124812574,-0.04280322875864,81,103,0.22276408505908282,-0.15546496407893756,0.1613035968959857,-0.1362094258972478,1.432889309683782,1.1842322646427434,0.011038041248125768,2.7755575615628914e-15,1.4945570917341993,-0.006340248866260654,2,1.1522780607120433,10,3.3373544049608475,-0.001699322411096929,-0.027282562283644292
events.csv(正本),B(總債務/四季經營現金流<=3),全期 2010-2026,買方回來,6m,總表(三格進場),全部,1373,194,38,977,高,0.4573925710123816,0.0009106719773160994,-0.036490509237995,628,745,0.2529598030141037,-0.21155490425235185,0.18296835421918084,-0.1891200921825675,1.195717035764684,0.9674717905834771,0.0009106719773160771,2.233456475320139e-15,2.3951213801980296,-0.0035490103114189865,14,16.18351764094063,69,46.665857783544276,-0.01396964763567502,-0.04378713584809042
events.csv(正本),B(總債務/四季經營現金流<=3),全期 2010-2026,買方回來,6m,軸一 行業殺 vs 個別殺,個別殺,1087,119,25,830,高,0.4452621895124195,-0.010343873589765044,-0.0413123832650991,484,603,0.24014012957414335,-0.21139571029180762,0.17093908126336094,-0.1891584053983337,1.1359744681794033,0.9036821858557851,-0.010343873589765032,1.214306433183765e-15,2.3951213801980296,-0.015921928019358725,11,-1.3671548680144672,55,-3.917472586442201,-0.024735867690487603,-0.05357658139944146
events.csv(正本),B(總債務/四季經營現金流<=3),全期 2010-2026,買方回來,6m,軸一 行業殺 vs 個別殺,行業不明,8,1,0,8,低(樣本不足),0.625,-0.039500488562895106,0.08808724514983575,5,3,0.17159278968509417,-0.3913226189762106,0.1788668389513408,-0.4070795244843949,0.43849443237914565,0.43939040947316804,-0.03950048856289512,1.3877787807814457e-15,0.2629220353406338,-0.19955867332579205,1,-0.8320214663990585,1,-0.8320214663990585,-0.08270370626339922,-0.08270370626339922
events.csv(正本),B(總債務/四季經營現金流<=3),全期 2010-2026,買方回來,6m,軸一 行業殺 vs 個別殺,行業殺,278,74,13,166,高,0.5,0.04607966591882289,-4.33989683042e-05,139,139,0.3005249613708365,-0.20836562953319068,0.2126386629641268,-0.1803907223015369,1.4422962272814084,1.1787671796595227,0.04607966591882291,2.0816681711721685e-15,1.7251471777104237,0.030292210813378028,3,0.3497062998487987,14,1.0697361928350835,0.030292210813378028,-0.0033838291294885224
events.csv(正本),B(總債務/四季經營現金流<=3),全期 2010-2026,買方回來,6m,軸二 200 日線位置,線下 10% 內,239,37,8,210,高,0.4435146443514644,0.014310863488861493,-0.0414540353668708,106,133,0.2970360724688404,-0.2110190023147307,0.21156570088636034,-0.193265372717909,1.4076271293606863,1.0946901553604358,0.014310863488861486,6.938893903907228e-16,2.3951213801980296,-0.008965502984698934,3,1.6186185269128468,12,3.647693621226332,-0.008965502984698934,-0.03989381890622974
events.csv(正本),B(總債務/四季經營現金流<=3),全期 2010-2026,買方回來,6m,軸二 200 日線位置,線下逾 10%,1026,112,16,763,高,0.46296296296296297,-0.0012848877259879236,-0.027708005284377397,475,551,0.23934595085608354,-0.20872526581398057,0.1746190151930498,-0.1865790173215825,1.1467032988205301,0.9358984611441126,-0.0012848877259879071,1.6479873021779667e-15,1.7251471777104237,-0.005790823217587705,11,-10.425179042075037,52,-30.500601362623488,-0.014839166698181742,-0.04263560491727646
events.csv(正本),B(總債務/四季經營現金流<=3),全期 2010-2026,買方回來,6m,軸二 200 日線位置,線之上,108,45,14,96,高,0.4351851851851852,-0.007885638352956336,-0.0640587310798647,47,61,0.2911405522238374,-0.23828286715802696,0.1805908337033559,-0.2167229335134652,1.221827467900811,0.8332797585177373,-0.007885638352956387,5.0306980803327406e-15,1.628229807121687,-0.043108633576364706,2,-3.122025535690531,6,-7.110010493627662,-0.0331181008194294,-0.06771452801445386
events.csv(正本),B(總債務/四季經營現金流<=3),全期 2010-2026,買方回來,6m,軸二 250 日線位置(緩衝對照),線下 10% 內,234,29,11,212,高,0.41452991452991456,-0.024870089284723833,-0.045168969402067494,97,137,0.2348197057776564,-0.20873804637268645,0.1836724282465318,-0.1795800384083398,1.124949235935662,1.0227886677966205,-0.024870089284723798,3.469446951953614e-15,1.134916657960224,-0.038624450945602955,3,-0.5331374664782597,12,-1.4683839151251419,-0.038624450945602955,-0.06470724880992972
events.csv(正本),B(總債務/四季經營現金流<=3),全期 2010-2026,買方回來,6m,軸二 250 日線位置(緩衝對照),線下逾 10%,970,107,11,719,高,0.4690721649484536,0.0042890996263416125,-0.02141082782936685,455,515,0.24515845940703998,-0.2085178104711686,0.1776679716007547,-0.1877815180122314,1.17571951697113,0.9461419498652794,0.004289099626341608,4.3368086899420177e-16,1.7251471777104237,-0.0004604867706072906,10,3.121104855250143,49,9.406049479289916,-0.00919239702168982,-0.03797258650403098
events.csv(正本),B(總債務/四季經營現金流<=3),全期 2010-2026,買方回來,6m,軸二 250 日線位置(緩衝對照),線之上,169,58,16,147,高,0.44970414201183434,0.017216135384195336,-0.0560002541658662,76,93,0.322817707923964,-0.23252278411066934,0.20508661982465234,-0.2120476840160563,1.3883272091319823,0.9671721753354454,0.01721613538419539,5.551115123125783e-15,2.3951213801980296,-0.018711159644465316,2,1.5079254307819328,9,3.7944081808907124,-0.008849237687781763,-0.050815035723719135
events.csv(正本),B(總債務/四季經營現金流<=3),全期 2010-2026,買方回來,12m,總表(三格進場),全部,1287,280,38,915,高,0.4467754467754468,0.03061112054876599,-0.0461066828304024,575,712,0.4018539484973862,-0.269198747527718,0.2605099141989784,-0.23584415835036665,1.4927779277873847,1.1045849768810838,0.030611120548765997,6.938893903907228e-16,5.764461747877843,0.019995178423905944,13,0.9310308916170849,65,2.3876524345189547,0.002132764769328422,-0.0447370425460849
events.csv(正本),B(總債務/四季經營現金流<=3),全期 2010-2026,買方回來,12m,軸一 行業殺 vs 個別殺,個別殺,1013,193,25,778,高,0.4215202369200395,-0.00038931892744225265,-0.0711744606459816,427,586,0.3746375383273129,-0.27365974221717004,0.2317642000369246,-0.24146858875688038,1.3689903209439158,0.9598109684993997,-0.00038931892744228924,3.6591823321385775e-15,4.318216874517566,-0.011172588611532855,11,-67.54740078684077,51,-168.77673022137276,-0.02697976942163656,-0.0696014130385917
events.csv(正本),B(總債務/四季經營現金流<=3),全期 2010-2026,買方回來,12m,軸一 行業殺 vs 個別殺,行業不明,7,2,0,7,低(樣本不足),0.42857142857142855,0.15777891798242286,-0.0378671382303473,3,4,0.5361263095578478,-0.12598162569914587,0.4820553309064042,-0.1015256228566255,4.255591294226985,4.748114981645203,0.15777891798242283,2.7755575615628914e-15,0.7937163040858524,-0.12598162569914584,1,0.7186514199157323,1,0.7186514199157323,0.051789353631851255,0.051789353631851255
events.csv(正本),B(總債務/四季經營現金流<=3),全期 2010-2026,買方回來,12m,軸一 行業殺 vs 個別殺,行業殺,267,85,13,156,高,0.5430711610486891,0.14489303293589464,0.0560679037315217,145,122,0.479223535114213,-0.25246699014489354,0.3251727936514685,-0.19162507560464614,1.898163141403878,1.6969219327138225,0.14489303293589467,2.7755575615628914e-15,5.764461747877843,0.10271178377245717,3,0.29908487158811725,14,0.6754019148692755,0.10271178377245717,0.04963456236213353
events.csv(正本),B(總債務/四季經營現金流<=3),全期 2010-2026,買方回來,12m,軸二 200 日線位置,線下 10% 內,217,59,8,190,高,0.4147465437788018,0.014892646633027463,-0.0692603849353741,90,127,0.3906485627456293,-0.25139107344676914,0.24575733405738065,-0.2244406269372471,1.5539476298403543,1.0949770431985724,0.014892646633027445,1.734723475976807e-15,3.640024427571196,-0.022861003844561925,3,2.5138311984230586,11,4.834175751222231,-0.022861003844561925,-0.060150108429305536
events.csv(正本),B(總債務/四季經營現金流<=3),全期 2010-2026,買方回來,12m,軸二 200 日線位置,線下逾 10%,970,168,16,716,高,0.46804123711340206,0.03743010746254487,-0.0308396225928654,454,516,0.3845231110338722,-0.26795792281145253,0.25641194871684847,-0.23605957791596965,1.435013031148328,1.0862170939241604,0.037430107462544826,4.163336342344337e-15,5.764461747877843,0.02525248112089328,10,0.714208353499568,49,1.867990708874927,0.010808641332496371,-0.03421749831095401
events.csv(正本),B(總債務/四季經營現金流<=3),全期 2010-2026,買方回來,12m,軸二 200 日線位置,線之上,100,53,14,88,高,0.31,-0.0014239641177364482,-0.13214385154732,31,69,0.6881986235326579,-0.3112544020476238,0.4258040203323212,-0.272569553230823,2.2110486438272425,1.5621848269007985,-0.0014239641177364315,1.6696713456276768e-15,4.318216874517566,-0.08045508358564976,1,-30.325320847142272,5,-70.38845471330289,-0.04505669986152738,-0.10700483992883865
events.csv(正本),B(總債務/四季經營現金流<=3),全期 2010-2026,買方回來,12m,軸二 250 日線位置(緩衝對照),線下 10% 內,217,46,11,196,高,0.3686635944700461,-0.03581740109547699,-0.1059893590981565,80,137,0.33360850268505604,-0.2515405565877591,0.2079900922042279,-0.225921223028741,1.3262612884799934,0.9206310474769697,-0.035817401095477014,2.0816681711721685e-15,2.614167005250864,-0.0643114849591533,3,-0.7707143497008008,11,-1.5237960949432174,-0.0643114849591533,-0.09522277811856411
events.csv(正本),B(總債務/四季經營現金流<=3),全期 2010-2026,買方回來,12m,軸二 250 日線位置(緩衝對照),線下逾 10%,914,163,11,673,高,0.47702407002188185,0.04376321127057452,-0.0211440030131836,436,478,0.388152721100915,-0.2703661324240456,0.2505944878350152,-0.23645036617442824,1.4356558553426042,1.0598185652635146,0.04376321127057453,1.3877787807814457e-15,5.764461747877843,0.030857870588957642,10,0.648279600315702,46,1.6303315369387388,0.015562684227691541,-0.02904722770795176
events.csv(正本),B(總債務/四季經營現金流<=3),全期 2010-2026,買方回來,12m,軸二 250 日線位置(緩衝對照),線之上,156,71,16,135,高,0.3782051282051282,0.045957135145353954,-0.09174965073179661,59,97,0.5956398944270106,-0.2883859864795712,0.4136920970220097,-0.2266458757187274,2.0654259303588067,1.8252796160977174,0.04595713514535396,6.938893903907228e-16,4.318216874517566,-0.016420691395284084,2,1.1100423723048176,8,2.1842097431984224,-0.00512291051567235,-0.057364664895566915
events.csv(正本),B(總債務/四季經營現金流<=3),建表年份 2010-2021,觸發日即買,1m,總表(三格進場),全部,690,0,0,512,高,0.4753623188405797,-0.008716848673125948,-0.0074018906693246005,328,362,0.08900227079404417,-0.09725792929531324,0.05860230570228625,-0.06183004329969195,0.9151158310578292,0.9477966143131945,-0.008716848673125936,1.214306433183765e-15,0.7289663457738649,-0.011511244642930797,7,-0.6193459996347914,35,-1.7199034820546957,-0.01426026336675163,-0.024975879496823807
events.csv(正本),B(總債務/四季經營現金流<=3),建表年份 2010-2021,觸發日即買,1m,軸一 行業殺 vs 個別殺,個別殺,538,0,0,434,高,0.4851301115241636,-0.004704088799103815,-0.004217497749447,261,277,0.08614845303186139,-0.09030883037990496,0.0567062111482163,-0.0571903980496176,0.9539316661444736,0.9915337728375098,-0.00470408879910382,5.204170427930421e-16,0.7289663457738649,-0.008269905157297955,6,-1.2166817897140696,27,-3.1168513213596865,-0.01054507100048156,-0.020389288440999048
events.csv(正本),B(總債務/四季經營現金流<=3),建表年份 2010-2021,觸發日即買,1m,軸一 行業殺 vs 個別殺,行業不明,6,0,0,6,低(樣本不足),0.16666666666666666,-0.10208398307894583,-0.1126842514943711,1,5,0.0199255203513606,-0.1264858837650071,0.0199255203513606,-0.1163756206119247,0.1575315739452744,0.17121730691177842,-0.10208398307894583,0.0,0.0199255203513606,-0.15966918140171887,1,-0.032531254741421024,1,-0.032531254741421024,-0.12648588376500713,-0.12648588376500713
events.csv(正本),B(總債務/四季經營現金流<=3),建表年份 2010-2021,觸發日即買,1m,軸一 行業殺 vs 個別殺,行業殺,146,0,0,86,高,0.4520547945205479,-0.01966658843880394,-0.0134117121839495,66,80,0.10133444028453494,-0.11949243713555853,0.06563586701797515,-0.08656103748769205,0.8480406184165095,0.7582610944018293,-0.019666588438803943,3.469446951953614e-16,0.5261583729519421,-0.02929111976502705,2,-0.34390922889195097,8,-0.8555114827800974,-0.026797194560724585,-0.038607034627502965
events.csv(正本),B(總債務/四季經營現金流<=3),建表年份 2010-2021,觸發日即買,1m,軸二 200 日線位置,線下 10% 內,101,0,0,91,高,0.39603960396039606,-0.0047485869548426676,-0.0250203553767845,40,61,0.08875888429059149,-0.0660649615420126,0.06639542354311051,-0.0543465845237544,1.3435092100091084,1.2217037027246795,-0.004748586954842662,5.204170427930421e-16,0.5261583729519421,-0.014688078464060238,2,-1.5624851443415515,6,-3.0509181379132166,-0.012414005417861017,-0.020451050942187958
events.csv(正本),B(總債務/四季經營現金流<=3),建表年份 2010-2021,觸發日即買,1m,軸二 200 日線位置,線下逾 10%,527,0,0,394,高,0.4990512333965844,-0.010931954877589793,-0.002732311614313,263,264,0.08410972077818218,-0.10561362418618081,0.0553298582535948,-0.06737516839523294,0.7963908200887936,0.8212203334175207,-0.010931954877589793,0.0,0.5752410910143657,-0.013931511725269359,6,-0.442962564323895,27,-1.2702509292759117,-0.015956064618018278,-0.026158467878511702
events.csv(正本),B(總債務/四季經營現金流<=3),建表年份 2010-2021,觸發日即買,1m,軸二 200 日線位置,線之上,62,0,0,52,中,0.4032258064516129,0.0036471277172907567,-0.0158827573618638,25,37,0.14086131536643667,-0.08906516123483486,0.0890620209852148,-0.0861196587632501,1.5815534762805041,1.0341659763196867,0.0036471277172907546,2.1684043449710089e-16,0.7289663457738649,-0.023073941569432693,1,3.223775698966767,4,8.127647180077826,-0.008243351267243246,-0.027788228526740188
events.csv(正本),B(總債務/四季經營現金流<=3),建表年份 2010-2021,觸發日即買,1m,軸二 250 日線位置(緩衝對照),線下 10% 內,109,0,0,103,高,0.42201834862385323,-0.010555563273176125,-0.0217278968053695,46,63,0.07569846305865553,-0.073534693610704,0.054877894743281155,-0.0568889310151367,1.0294251507921774,0.9646497792106437,-0.010555563273176125,0.0,0.2966717409475412,-0.01787614162574921,2,-0.4529058601873917,6,-1.1316463484772428,-0.01562289842385259,-0.023811449921408892
events.csv(正本),B(總債務/四季經營現金流<=3),建表年份 2010-2021,觸發日即買,1m,軸二 250 日線位置(緩衝對照),線下逾 10%,496,0,0,367,高,0.5020161290322581,-0.009918897619916163,0.0001673317540078,249,247,0.08609244807574763,-0.10670766311878369,0.0556639342085383,-0.069089931350963,0.806806611254453,0.8056736071393192,-0.009918897619916135,2.7755575615628914e-15,0.5752410910143657,-0.01323242958266668,5,-0.4892046428651095,25,-1.4496280179839334,-0.014921688636029924,-0.025587291551085672
events.csv(正本),B(總債務/四季經營現金流<=3),建表年份 2010-2021,觸發日即買,1m,軸二 250 日線位置(緩衝對照),線之上,85,0,0,69,中,0.38823529411764707,0.0006553415505613163,-0.0194417730324029,33,52,0.12950290754203564,-0.08111330609787434,0.0890620209852148,-0.06516388809738055,1.596567983380835,1.3667389037947062,0.0006553415505612947,2.157562323246154e-15,0.7289663457738649,-0.018680249259400532,1,13.086419820042687,5,36.99022375683395,-0.00801502754733515,-0.02506000710696804
events.csv(正本),B(總債務/四季經營現金流<=3),建表年份 2010-2021,觸發日即買,3m,總表(三格進場),全部,690,0,0,512,高,0.518840579710145,0.02190145361867438,0.0074028146891995,358,332,0.17085585981394688,-0.13871805667622786,0.11815451689175516,-0.10954867676293555,1.2316771436088498,1.078557225729369,0.021901453618674405,2.42861286636753e-15,1.5292572058180784,0.016692478166627518,7,0.45717471422891376,35,1.364390223867008,0.012010508558356945,-0.008407123900937313
events.csv(正本),B(總債務/四季經營現金流<=3),建表年份 2010-2021,觸發日即買,3m,軸一 行業殺 vs 個別殺,個別殺,538,0,0,434,高,0.5074349442379182,0.016683026235058462,0.0032892604970950496,273,265,0.16268152508223319,-0.13372297446410647,0.1184009089919198,-0.104687046228171,1.2165562853666532,1.130998659890152,0.016683026235058462,0.0,0.9686750379143788,0.01156772616868737,6,0.537701981488186,27,1.6065037014897052,0.0077995133919765095,-0.01065294448928316
events.csv(正本),B(總債務/四季經營現金流<=3),建表年份 2010-2021,觸發日即買,3m,軸一 行業殺 vs 個別殺,行業不明,6,0,0,6,低(樣本不足),0.3333333333333333,-0.11726671305448126,-0.18032941323504031,2,4,0.15757859746728126,-0.2546893683153625,0.15757859746728126,-0.3013972434508509,0.6187089728541934,0.5228269365143604,-0.11726671305448126,0.0,0.1954531591957764,-0.3162694815427502,1,-0.27779005383646294,1,-0.27779005383646294,-0.17981068750453277,-0.17981068750453277
events.csv(正本),B(總債務/四季經營現金流<=3),建表年份 2010-2021,觸發日即買,3m,軸一 行業殺 vs 個別殺,行業殺,146,0,0,86,高,0.5684931506849316,0.046850240827060005,0.02595673574829335,83,63,0.198062461096491,-0.152365858892984,0.099636323533865,-0.1373829725612241,1.2999136587127602,0.725245069868193,0.04685024082706003,2.7755575615628914e-15,1.5292572058180784,0.024120876223140335,2,0.39116119720128006,8,0.8852315576258216,0.028920414598978626,0.0056886352031030206
events.csv(正本),B(總債務/四季經營現金流<=3),建表年份 2010-2021,觸發日即買,3m,軸二 200 日線位置,線下 10% 內,101,0,0,91,高,0.44554455445544555,-0.0012006026908366425,-0.0174955908334332,45,56,0.15005025349502374,-0.12274146926876019,0.120301753726508,-0.1085375611460344,1.2224902829415136,1.1083882156209979,-0.0012006026908366607,1.8214596497756474e-15,0.9686750379143788,-0.020087816531861223,2,-11.647204445908683,6,-23.72456869289677,-0.015491020571931621,-0.03155918688367574
events.csv(正本),B(總債務/四季經營現金流<=3),建表年份 2010-2021,觸發日即買,3m,軸二 200 日線位置,線下逾 10%,527,0,0,394,高,0.540796963946869,0.027358669483984535,0.0142557412310415,285,242,0.17202408232580949,-0.14301175473056138,0.1126547430846625,-0.11292652993024624,1.2028667339262302,0.997593241855996,0.02735866948398452,1.3877787807814457e-15,1.5292572058180784,0.02067131331369561,6,0.41199492722069353,27,1.1216764627392168,0.01627229981659634,-0.003508667058977977
events.csv(正本),B(總債務/四季經營現金流<=3),建表年份 2010-2021,觸發日即買,3m,軸二 200 日線位置,線之上,62,0,0,52,中,0.45161290322580644,0.013149113719354531,-0.0390007484384855,28,34,0.192402605116472,-0.13447140860768342,0.1318092284134231,-0.10086174349317581,1.4308067946086684,1.3068307551350347,0.013149113719354524,6.938893903907228e-16,0.6576816842054325,-0.015665066477919994,1,0.8067288280025872,4,2.7209990488020956,0.0025830060064679916,-0.02419027511419284
events.csv(正本),B(總債務/四季經營現金流<=3),建表年份 2010-2021,觸發日即買,3m,軸二 250 日線位置(緩衝對照),線下 10% 內,109,0,0,103,高,0.4036697247706422,-0.014547760385268813,-0.0327925461948342,44,65,0.14114550217677124,-0.11994012273495745,0.11181645621238205,-0.104687046228171,1.1767997143764246,1.0681021219060105,-0.014547760385268803,1.0408340855860843e-15,0.731241176472126,-0.02989577259756691,2,-0.778952794835387,6,-1.6075595747190412,-0.02636351318281003,-0.04014390830371398
events.csv(正本),B(總債務/四季經營現金流<=3),建表年份 2010-2021,觸發日即買,3m,軸二 250 日線位置(緩衝對照),線下逾 10%,496,0,0,367,高,0.5504032258064516,0.029340101788966937,0.02108715993827465,273,223,0.17272301747558647,-0.14619144970182738,0.1126547430846625,-0.1185541911403105,1.1814850856727461,0.9502383846669248,0.02934010178896694,3.469446951953614e-16,1.5292572058180784,0.022244299889744936,5,0.3579344617874557,25,1.0390231316892027,0.01903010397186673,-0.001205714559064104
events.csv(正本),B(總債務/四季經營現金流<=3),建表年份 2010-2021,觸發日即買,3m,軸二 250 日線位置(緩衝對照),線之上,85,0,0,69,中,0.4823529411764706,0.02523551048884739,-0.0081946624677977,41,44,0.1903076084580475,-0.12858167170972545,0.1224959880106313,-0.10510393166993234,1.480052373931403,1.1654748406112614,0.025235510488847396,6.938893903907228e-16,0.9686750379143788,-0.0007218508178702866,1,0.45159288224726785,5,1.4536016049207092,0.014004087543305349,-0.012162297312405474
events.csv(正本),B(總債務/四季經營現金流<=3),建表年份 2010-2021,觸發日即買,6m,總表(三格進場),全部,690,0,0,512,高,0.4782608695652174,0.025264647249885235,-0.0208662320408982,330,360,0.2587134753750703,-0.1887301118648677,0.19055071542579827,-0.15670755561850963,1.37081185836583,1.2159638038747587,0.025264647249885253,1.734723475976807e-15,2.55430340500854,0.016950021480503515,7,0.6105187808046242,35,1.6432312425503093,0.009940955890577172,-0.01711938504697081
events.csv(正本),B(總債務/四季經營現金流<=3),建表年份 2010-2021,觸發日即買,6m,軸一 行業殺 vs 個別殺,個別殺,538,0,0,434,高,0.4628252788104089,0.016287605763657932,-0.02274437502577225,249,289,0.24470053641318107,-0.1805110784291838,0.1838752792880236,-0.1453040042065694,1.3555984405088988,1.265452251588469,0.01628760576365794,6.938893903907228e-16,2.55430340500854,0.006220312772147996,6,0.931160282041384,27,2.329784670352933,0.0011338796853408706,-0.02280341791029401
events.csv(正本),B(總債務/四季經營現金流<=3),建表年份 2010-2021,觸發日即買,6m,軸一 行業殺 vs 個別殺,行業不明,6,0,0,6,低(樣本不足),0.5,-0.0643055787133813,-0.07153568600949105,3,3,0.18238199731422602,-0.3109931547409886,0.0798374259405365,-0.3014021635045808,0.586450198449298,0.2648867049002556,-0.06430557871338129,1.3877787807814457e-15,0.4293856598867376,-0.3109931547409886,1,-1.112878199366828,1,-1.112878199366828,-0.16304382643340504,-0.16304382643340504
events.csv(正本),B(總債務/四季經營現金流<=3),建表年份 2010-2021,觸發日即買,6m,軸一 行業殺 vs 個別殺,行業殺,146,0,0,86,高,0.5342465753424658,0.06202539845104884,0.01947154079227205,78,68,0.30638291429421055,-0.21826704619257783,0.2312499903863951,-0.19609955712696645,1.4037066961720266,1.1792478972130986,0.062025398451048847,6.938893903907228e-16,1.748384273304791,0.03434140850227468,2,0.3418252338335831,8,0.8885432607473932,0.04139054590136873,0.007313910903484435
events.csv(正本),B(總債務/四季經營現金流<=3),建表年份 2010-2021,觸發日即買,6m,軸二 200 日線位置,線下 10% 內,101,0,0,91,高,0.45544554455445546,0.044814533463327755,-0.0249619326208943,46,55,0.3027962922503382,-0.1709520284312628,0.2464462743456316,-0.1570160315325421,1.771235445574651,1.5695612221262565,0.04481453346332777,1.3877787807814457e-15,2.55430340500854,0.0030777073456501954,2,0.7992204404286044,6,1.2870028350368572,0.009179616882905237,-0.013674228564607843
events.csv(正本),B(總債務/四季經營現金流<=3),建表年份 2010-2021,觸發日即買,6m,軸二 200 日線位置,線下逾 10%,527,0,0,394,高,0.4838709677419355,0.023436193343136368,-0.010521004460352,255,272,0.25066745649326405,-0.18959311586010832,0.1856563975693794,-0.1545752141470194,1.322133746028097,1.201074820396484,0.023436193343136374,6.938893903907228e-16,1.748384273304791,0.014828530841174158,6,0.6108261119585765,27,1.6735257354670134,0.009225791963903824,-0.016637262843314148
events.csv(正本),B(總債務/四季經營現金流<=3),建表年份 2010-2021,觸發日即買,6m,軸二 200 日線位置,線之上,62,0,0,52,中,0.46774193548387094,0.008959110174061974,-0.0339880066410037,29,33,0.25953848360259646,-0.21124700586919556,0.1889434170078259,-0.1790775741452577,1.2286019512309825,1.0550925648264902,0.008959110174061993,1.908195823574488e-15,1.3953069957386952,-0.03527220845067488,1,2.5119628073475266,4,5.583832529335229,-0.01376790434339103,-0.04389927172905751
events.csv(正本),B(總債務/四季經營現金流<=3),建表年份 2010-2021,觸發日即買,6m,軸二 250 日線位置(緩衝對照),線下 10% 內,109,0,0,103,高,0.44036697247706424,-0.02017108010581459,-0.0498265058596801,48,61,0.192277128921765,-0.18734344130784444,0.15778243988605584,-0.1625268667566015,1.026334989789226,0.9708083533188955,-0.020171080105814587,3.469446951953614e-16,0.6868595306109748,-0.035301086951529635,2,-0.5192223840434312,6,-1.217638897608943,-0.031217148115630325,-0.04733792943290286
events.csv(正本),B(總債務/四季經營現金流<=3),建表年份 2010-2021,觸發日即買,6m,軸二 250 日線位置(緩衝對照),線下逾 10%,496,0,0,367,高,0.4838709677419355,0.02824247004358279,-0.0114438563104018,240,256,0.25866503668968155,-0.18777868618713484,0.19055071542579827,-0.15279739312467022,1.3774994486429808,1.2470809320046736,0.028242470043582782,6.938893903907228e-16,1.748384273304791,0.01912280204981637,5,0.4754334234551382,25,1.4046820177391295,0.014965921972852929,-0.012035866247418935
events.csv(正本),B(總債務/四季經營現金流<=3),建表年份 2010-2021,觸發日即買,6m,軸二 250 日線位置(緩衝對照),線之上,85,0,0,69,中,0.49411764705882355,0.06615281402750046,-0.0041785715958635,42,43,0.3349175209524974,-0.1963615508759849,0.211027702963519,-0.1719206370292306,1.7056166008997333,1.2274716206853007,0.06615281402750049,2.7755575615628914e-15,2.55430340500854,0.007441419368419003,1,0.454260770852858,5,1.1153696322095856,0.03653197365867858,-0.008109027437980688
events.csv(正本),B(總債務/四季經營現金流<=3),建表年份 2010-2021,觸發日即買,12m,總表(三格進場),全部,690,0,0,512,高,0.5144927536231884,0.07226145539837815,0.01325573703695685,355,335,0.38755770797132233,-0.2618584540445925,0.2649261046922408,-0.2137817521117503,1.4800274804392002,1.239236286892044,0.07226145539837814,1.3877787807814457e-15,4.011141292429923,0.05786936004609688,7,0.362877885835867,35,0.9851935378410629,0.04651122423548231,0.0011271086845572435
events.csv(正本),B(總債務/四季經營現金流<=3),建表年份 2010-2021,觸發日即買,12m,軸一 行業殺 vs 個別殺,個別殺,538,0,0,434,高,0.4888475836431227,0.03926943334428444,-0.012602896416179898,263,275,0.3566971019376036,-0.2643068460740535,0.2517166408389231,-0.2140559857621636,1.3495568020120985,1.1759383412833129,0.03926943334428448,4.163336342344337e-15,4.011141292429923,0.02084403776420818,6,0.6888620708989531,27,1.6073331630978356,0.012356009530505998,-0.02510978569732211
events.csv(正本),B(總債務/四季經營現金流<=3),建表年份 2010-2021,觸發日即買,12m,軸一 行業殺 vs 個別殺,行業不明,6,0,0,6,低(樣本不足),0.5,0.22657444845789795,0.07297342570221771,3,3,0.6412337407526417,-0.18808484383684576,0.7521958811592337,-0.2001480624179993,3.409279172482819,3.7581971669968506,0.22657444845789798,2.7755575615628914e-15,0.9439707076841906,-0.18808484383684576,1,0.6943786130850196,1,0.6943786130850196,0.08309519661263944,0.08309519661263944
events.csv(正本),B(總債務/四季經營現金流<=3),建表年份 2010-2021,觸發日即買,12m,軸一 行業殺 vs 個別殺,行業殺,146,0,0,86,高,0.6095890410958904,0.18749316708841443,0.1463230672891635,89,57,0.47020165503339034,-0.2539288579484779,0.3301918953172171,-0.2012907772781802,1.851706256753197,1.6403726975573147,0.1874931670884144,2.7755575615628914e-15,2.4924322238772105,0.14772912228559626,2,0.16546778757633593,8,0.47761691833673603,0.15864226931606717,0.10362112846746287
events.csv(正本),B(總債務/四季經營現金流<=3),建表年份 2010-2021,觸發日即買,12m,軸二 200 日線位置,線下 10% 內,101,0,0,91,高,0.38613861386138615,0.013176141227605393,-0.0990621322642191,39,62,0.42727965647785754,-0.24730832804271452,0.3648640565085299,-0.2110303122802376,1.7277204526814753,1.72896515465517,0.013176141227605409,1.5612511283791264e-15,4.011141292429923,-0.04363777918007071,2,3.6568152719124707,6,5.561504309421158,-0.03571377673814274,-0.0638990055170278
events.csv(正本),B(總債務/四季經營現金流<=3),建表年份 2010-2021,觸發日即買,12m,軸二 200 日線位置,線下逾 10%,527,0,0,394,高,0.5635673624288425,0.09919414641207319,0.0543130097397623,297,230,0.371746676291825,-0.25275412043264983,0.2590313810174598,-0.20821497934831046,1.4707838418439654,1.2440573767948828,0.0991941464120732,1.3877787807814457e-15,2.4924322238772105,0.0866071111826894,6,0.22838045758228678,27,0.683123509118708,0.07742160223196691,0.033129636854698045
events.csv(正本),B(總債務/四季經營現金流<=3),建表年份 2010-2021,觸發日即買,12m,軸二 200 日線位置,線之上,62,0,0,52,中,0.3064516129032258,-0.06041453545596433,-0.1795529284486982,19,43,0.553174572026892,-0.33153530387862173,0.2042782622245655,-0.3137835468616855,1.6685238813342622,0.6510164865801918,-0.06041453545596431,1.3877787807814457e-15,3.600580356905249,-0.16439619067110295,1,-0.9612566956938334,4,-1.8389917033754495,-0.12043084516680388,-0.1833450797450243
events.csv(正本),B(總債務/四季經營現金流<=3),建表年份 2010-2021,觸發日即買,12m,軸二 250 日線位置(緩衝對照),線下 10% 內,109,0,0,103,高,0.3577981651376147,-0.04405439007346017,-0.0990621322642191,39,70,0.2958589152067833,-0.23343466015816722,0.2521354959442994,-0.20581220530451622,1.267416393976454,1.2250755273296063,-0.044054390073460126,4.163336342344337e-15,1.1328963922061166,-0.06928870697990769,2,-0.3902046537657607,6,-0.9030908248783116,-0.06238937731573897,-0.08872336023631967
events.csv(正本),B(總債務/四季經營現金流<=3),建表年份 2010-2021,觸發日即買,12m,軸二 250 日線位置(緩衝對照),線下逾 10%,496,0,0,367,高,0.5725806451612904,0.1084185589447603,0.07222568871953025,284,212,0.3807327253143205,-0.2563796639276695,0.26469917096143164,-0.21096638432821407,1.4850348092418666,1.2546983340702373,0.10841855894476031,1.3877787807814457e-15,2.4924322238772105,0.09509617918289613,5,0.19491210515613777,25,0.6297033372911047,0.08817533363317671,0.042277976972960436
events.csv(正本),B(總債務/四季經營現金流<=3),建表年份 2010-2021,觸發日即買,12m,軸二 250 日線位置(緩衝對照),線之上,85,0,0,69,中,0.3764705882352941,0.010432088309258541,-0.1098396341100393,32,53,0.5598873327339948,-0.32131447436228033,0.27722845088431824,-0.312623054711601,1.7424902312453092,0.8867818502383493,0.010432088309258541,0.0,4.011141292429923,-0.09689257860075749,1,4.523533175626761,5,12.003175508483707,-0.03719540221598746,-0.12196022974844607
events.csv(正本),B(總債務/四季經營現金流<=3),建表年份 2010-2021,跌勢衰竭,1m,總表(三格進場),全部,690,0,0,512,高,0.5,0.010053217894438228,-3.157111823774152e-05,345,345,0.1033767297173749,-0.08327029392849844,0.0672248606299423,-0.0649235700280009,1.2414598873175735,1.0354461500029788,0.010053217894438228,0.0,0.8538246840434487,0.006932788226851825,7,0.605787886390129,35,1.8755969887037631,0.004003717700696162,-0.009272933507565653
events.csv(正本),B(總債務/四季經營現金流<=3),建表年份 2010-2021,跌勢衰竭,1m,軸一 行業殺 vs 個別殺,個別殺,538,0,0,434,高,0.5148698884758365,0.013213928947875628,0.00292844141102005,277,261,0.09946653731980556,-0.07832619564608832,0.0638215455584481,-0.0594901947589018,1.26990129546491,1.072807810045002,0.013213928947875639,1.0408340855860843e-15,0.8538246840434487,0.009224670913349373,6,0.5001912657439266,27,1.3875101470902713,0.006678923234716588,-0.005391088011789888
events.csv(正本),B(總債務/四季經營現金流<=3),建表年份 2010-2021,跌勢衰竭,1m,軸一 行業殺 vs 個別殺,行業不明,6,0,0,6,低(樣本不足),0.5,-0.04171939917987544,-0.0341001869590358,3,3,0.07104439617917598,-0.15448319453892684,0.0756314360826253,-0.1785834802820323,0.4598843025690677,0.42350745972238035,-0.04171939917987543,6.938893903907228e-16,0.1324351823314955,-0.15448319453892684,1,-0.5290711472956665,1,-0.5290711472956665,-0.07655031548214962,-0.07655031548214962
events.csv(正本),B(總債務/四季經營現金流<=3),建表年份 2010-2021,跌勢衰竭,1m,軸一 行業殺 vs 個別殺,行業殺,146,0,0,86,高,0.4452054794520548,0.0005338559471543764,-0.015105592218689701,65,81,0.1215324265595487,-0.09656376244550771,0.0805479723514206,-0.0764743753486215,1.2585717818123663,1.0532674766446788,0.0005338559471543894,1.3010426069826053e-15,0.5543251903755493,-0.010207870954315109,2,14.125244546252247,8,39.8647322070778,-0.007104309162467761,-0.021950960795676554
events.csv(正本),B(總債務/四季經營現金流<=3),建表年份 2010-2021,跌勢衰竭,1m,軸二 200 日線位置,線下 10% 內,101,0,0,91,高,0.4752475247524752,0.0030816526861315342,-0.0069056168935148,48,53,0.09388441588510334,-0.07915481209784292,0.05934853727203945,-0.0674362559351595,1.1860860179802235,0.8800686878154022,0.0030816526861315308,3.469446951953614e-16,0.5889011028764939,-0.009395583669282961,2,2.979785640438381,6,5.766495395531621,-0.006224264499181603,-0.01561638965522562
events.csv(正本),B(總債務/四季經營現金流<=3),建表年份 2010-2021,跌勢衰竭,1m,軸二 200 日線位置,線下逾 10%,527,0,0,394,高,0.48956356736242884,0.00928297754532537,-0.0016586544520342,258,269,0.10364110373804107,-0.08121663791088522,0.06721881996830086,-0.0619869711375686,1.2761067978677108,1.084402395127859,0.009282977545325366,3.469446951953614e-16,0.8538246840434487,0.005253454663305791,6,0.7353262155805396,27,2.0858507629034233,0.0024852559315476533,-0.010624244375085681
events.csv(正本),B(總債務/四季經營現金流<=3),建表年份 2010-2021,跌勢衰竭,1m,軸二 200 日線位置,線之上,62,0,0,52,中,0.6290322580645161,0.027957165475429382,0.0247271913138492,39,23,0.11331064168191742,-0.1167726420051373,0.0753786539082717,-0.0931124731902054,0.9703526419906849,0.8095441064516893,0.027957165475429376,6.938893903907228e-16,0.470658171841124,0.011472933429122237,1,0.27153184906455796,4,0.7628489010325403,0.02069977192845078,0.00708731889696238
events.csv(正本),B(總債務/四季經營現金流<=3),建表年份 2010-2021,跌勢衰竭,1m,軸二 250 日線位置(緩衝對照),線下 10% 內,109,0,0,103,高,0.41284403669724773,-0.011699838211561639,-0.0103218412802474,45,64,0.07256063963346483,-0.0709454866963459,0.045664058371925,-0.047913357705238,1.0227661125792533,0.9530548589988069,-0.011699838211561654,1.5612511283791264e-15,0.3385480038417703,-0.02049028530990043,2,-0.5042906854453006,6,-1.0986165491091333,-0.017928928813763928,-0.025983773554392332
events.csv(正本),B(總債務/四季經營現金流<=3),建表年份 2010-2021,跌勢衰竭,1m,軸二 250 日線位置(緩衝對照),線下逾 10%,496,0,0,367,高,0.4959677419354839,0.010949165794044684,-0.0006646056763913,246,250,0.10631510929846144,-0.08289092261430141,0.0708802952200342,-0.06381930543941261,1.282590492968148,1.1106403420094408,0.010949165794044688,3.469446951953614e-16,0.8538246840434487,0.006676404282012028,5,0.5786679400642933,25,1.7851875522719294,0.004660212527447824,-0.009053472929651288
events.csv(正本),B(總債務/四季經營現金流<=3),建表年份 2010-2021,跌勢衰竭,1m,軸二 250 日線位置(緩衝對照),線之上,85,0,0,69,中,0.6352941176470588,0.03272019386325214,0.0312686819187968,54,31,0.1156708533623501,-0.11177450332872493,0.0744112384197969,-0.0914575612245056,1.0348590234587411,0.8136149425320427,0.03272019386325213,6.938893903907228e-16,0.5889011028764939,0.017154673133489697,1,0.21174227445260643,5,0.6871744365059177,0.02609899256547546,0.010875445150589184
events.csv(正本),B(總債務/四季經營現金流<=3),建表年份 2010-2021,跌勢衰竭,3m,總表(三格進場),全部,690,0,0,512,高,0.5028985507246376,0.02691590320538627,0.0006344391215452,347,343,0.1816796081934866,-0.12965262633068023,0.1173101581371507,-0.1046753752969273,1.4012798146495782,1.120704442705679,0.02691590320538627,0.0,1.8661342617849628,0.020833633632121144,7,0.4236939611842079,35,1.27582935284739,0.01567077644895659,-0.007820908934483709
events.csv(正本),B(總債務/四季經營現金流<=3),建表年份 2010-2021,跌勢衰竭,3m,軸一 行業殺 vs 個別殺,個別殺,538,0,0,434,高,0.5092936802973977,0.024061345286462872,0.004366822916447,274,264,0.1723319333247732,-0.12982555290481376,0.11803893859101394,-0.10830714602376955,1.3274115108227154,1.0898536516243222,0.02406134528646285,2.0816681711721685e-15,1.8661342617849628,0.01654217178307448,6,0.5041755197989046,27,1.3001375228869652,0.012064755192752921,-0.007603290339578316
events.csv(正本),B(總債務/四季經營現金流<=3),建表年份 2010-2021,跌勢衰竭,3m,軸一 行業殺 vs 個別殺,行業不明,6,0,0,6,低(樣本不足),0.5,-0.05679397229706586,-0.0492037889712149,3,3,0.022950191733714265,-0.136538136327846,0.0187643593012711,-0.1364238431668301,0.1680863116412241,0.13754457333623513,-0.05679397229706587,6.938893903907228e-16,0.0415199720044019,-0.136538136327846,1,-0.12184383402293715,1,-0.12184383402293715,-0.07645676115735942,-0.07645676115735942
events.csv(正本),B(總債務/四季經營現金流<=3),建表年份 2010-2021,跌勢衰竭,3m,軸一 行業殺 vs 個別殺,行業殺,146,0,0,86,高,0.4794520547945205,0.04087488548891711,-0.008494619021745,70,76,0.2250717676707264,-0.1287801375732757,0.1041029591052301,-0.09732965154734965,1.747721130851106,1.069591408683769,0.04087488548891707,3.469446951953614e-15,1.1153245832828405,0.02131110574457492,2,0.3399201728774694,8,1.0601302789724776,0.027355419115888433,-0.002600300485817642
events.csv(正本),B(總債務/四季經營現金流<=3),建表年份 2010-2021,跌勢衰竭,3m,軸二 200 日線位置,線下 10% 內,101,0,0,91,高,0.42574257425742573,-0.01303829622437622,-0.0470379793267814,43,58,0.15762466287355678,-0.1395642831418093,0.1025700923888113,-0.11699108668388555,1.1294054562183118,0.8767342478488097,-0.013038296224376217,3.469446951953614e-16,0.853645876999308,-0.03139392625684951,2,-1.0159790778775677,6,-2.1500071358367334,-0.02681594113485624,-0.04366466674462907
events.csv(正本),B(總債務/四季經營現金流<=3),建表年份 2010-2021,跌勢衰竭,3m,軸二 200 日線位置,線下逾 10%,527,0,0,394,高,0.5256166982922201,0.03695233225720238,0.0105676761937936,277,250,0.18396393207620565,-0.12593652034225322,0.1196809704672545,-0.10054146441073819,1.4607671513890759,1.1903643055995923,0.0369523322572024,2.0816681711721685e-15,1.27780806138149,0.03078195976693818,6,0.30532729314287144,27,0.9347070402738276,0.02596539790228379,0.0025430144075179796
events.csv(正本),B(總債務/四季經營現金流<=3),建表年份 2010-2021,跌勢衰竭,3m,軸二 200 日線位置,線之上,62,0,0,52,中,0.43548387096774194,0.006692935981175281,-0.016488935601121052,27,35,0.1965538649802943,-0.13977120924671657,0.0856615650260224,-0.121029402798235,1.406254306874802,0.707774830293318,0.006692935981175277,4.3368086899420177e-16,1.8661342617849628,-0.03916010284272201,1,4.497120514952796,4,7.32972251566016,-0.023789708704132714,-0.04528611223632528
events.csv(正本),B(總債務/四季經營現金流<=3),建表年份 2010-2021,跌勢衰竭,3m,軸二 250 日線位置(緩衝對照),線下 10% 內,109,0,0,103,高,0.3944954128440367,-0.02779377658133578,-0.0470379793267814,43,66,0.13291856748782688,-0.13250030377791144,0.1025700923888113,-0.10593992251210704,1.003156700007394,0.9681911215018056,-0.027793776581335757,2.42861286636753e-15,0.5595937993164746,-0.040816138664987546,2,-0.31382481585178706,6,-0.7305166675655739,-0.037198698322141246,-0.05089939519919308
events.csv(正本),B(總債務/四季經營現金流<=3),建表年份 2010-2021,跌勢衰竭,3m,軸二 250 日線位置(緩衝對照),線下逾 10%,496,0,0,367,高,0.532258064516129,0.03965286222783053,0.013309064854433901,264,232,0.18693493777190348,-0.1279439823568042,0.12214776931213375,-0.10308899290856019,1.461068620254355,1.1848769288150742,0.039652862227830515,1.3877787807814457e-15,1.27780806138149,0.0331109279580809,5,0.26180089333729745,25,0.8735641707284301,0.029569790034030638,0.005279654117427735
events.csv(正本),B(總債務/四季經營現金流<=3),建表年份 2010-2021,跌勢衰竭,3m,軸二 250 日線位置(緩衝對照),線之上,85,0,0,69,中,0.47058823529411764,0.022749119930331553,-0.0159387693568469,40,45,0.1994125517345193,-0.13428504167339086,0.10240624690440575,-0.121029402798235,1.4849945254478312,0.8461270115917582,0.02274911993033156,6.938893903907228e-16,1.8661342617849628,-0.015620674228924122,1,0.9650712112871587,5,2.13099980336889,0.0008040587177764325,-0.027337328303521542
events.csv(正本),B(總債務/四季經營現金流<=3),建表年份 2010-2021,跌勢衰竭,6m,總表(三格進場),全部,690,0,0,512,高,0.4985507246376812,0.02818724324085198,-0.00120814713726735,344,346,0.2514345734999393,-0.193769640022518,0.17415472547940045,-0.16495352557115944,1.297595296511466,1.0557805592598364,0.028187243240852047,6.591949208711867e-15,2.396370699337096,0.019813271330366467,7,0.5140155844118623,35,1.515718282979299,0.013838956140670303,-0.015313445669318332
events.csv(正本),B(總債務/四季經營現金流<=3),建表年份 2010-2021,跌勢衰竭,6m,軸一 行業殺 vs 個別殺,個別殺,538,0,0,434,高,0.48698884758364314,0.02227923911450488,-0.007525838952173101,262,276,0.2429156414253469,-0.18716546162984518,0.1681704733137162,-0.1541948791876699,1.2978657456884763,1.0906359160542334,0.022279239114504884,3.469446951953614e-16,2.396370699337096,0.011670410707404178,6,0.7272190278107487,27,1.8125906681165112,0.006145894074899997,-0.019060468036955925
events.csv(正本),B(總債務/四季經營現金流<=3),建表年份 2010-2021,跌勢衰竭,6m,軸一 行業殺 vs 個別殺,行業不明,6,0,0,6,低(樣本不足),0.6666666666666666,0.029520637911542903,0.1778492137199635,4,2,0.23358550851805482,-0.3786091033014809,0.27782118200841244,-0.3786091033014809,0.6169569259724167,0.733794247380226,0.029520637911542885,1.734723475976807e-15,0.2946753406447964,-0.22439795906412127,1,1.6636685467738204,1,1.6636685467738204,-0.023510302635107793,-0.023510302635107793
events.csv(正本),B(總債務/四季經營現金流<=3),建表年份 2010-2021,跌勢衰竭,6m,軸一 行業殺 vs 個別殺,行業殺,146,0,0,86,高,0.5342465753424658,0.049903036747362926,0.0193462131007444,78,68,0.28096478457007684,-0.21513837987280898,0.19118820153343724,-0.22552934736841396,1.3059723919841024,0.84773092178164,0.04990303674736292,6.938893903907228e-16,1.172938022987668,0.028368704575646355,2,0.3085036727577311,8,0.9948958203058026,0.034987041165551847,0.00026948009970522867
events.csv(正本),B(總債務/四季經營現金流<=3),建表年份 2010-2021,跌勢衰竭,6m,軸二 200 日線位置,線下 10% 內,101,0,0,91,高,0.45544554455445546,0.04567261324258971,-0.0140655760819863,46,55,0.3278267960126042,-0.19031088507414967,0.2650916747118618,-0.2134271616909145,1.7225856307949756,1.2420709370429988,0.04567261324258973,1.3877787807814457e-15,2.396370699337096,0.0038293063578855417,2,0.7531842537339363,6,1.3292548957310417,0.011500451841015141,-0.015987695606381695
events.csv(正本),B(總債務/四季經營現金流<=3),建表年份 2010-2021,跌勢衰竭,6m,軸二 200 日線位置,線下逾 10%,527,0,0,394,高,0.5142314990512334,0.027851874922403597,0.0118169286307066,271,256,0.23501498314848734,-0.19144969667630227,0.1629833013713388,-0.15089499602980722,1.2275547427262004,1.0801107104913121,0.02785187492240361,1.3877787807814457e-15,1.172938022987668,0.021778784695234515,6,0.4233679786736811,27,1.3686384664706528,0.016245238207948185,-0.010821705172552584
events.csv(正本),B(總債務/四季經營現金流<=3),建表年份 2010-2021,跌勢衰竭,6m,軸二 200 日線位置,線之上,62,0,0,52,中,0.43548387096774194,0.002553642170638938,-0.037951282716662496,27,35,0.2860888975614535,-0.21617355484513232,0.1469525324843015,-0.1678626776031389,1.3234222741371342,0.8754330300373668,0.0025536421706389423,4.3368086899420177e-16,2.2681717099013325,-0.06008566406806358,1,14.325975305567004,4,27.00809849706646,-0.034587637628224886,-0.07099574793473941
events.csv(正本),B(總債務/四季經營現金流<=3),建表年份 2010-2021,跌勢衰竭,6m,軸二 250 日線位置(緩衝對照),線下 10% 內,109,0,0,103,高,0.4036697247706422,-0.0155218786506711,-0.0329955334572353,44,65,0.2344884342326491,-0.18475962891014935,0.2533510714406832,-0.1660002546480879,1.2691540658304927,1.5262089324969685,-0.015521878650671075,2.42861286636753e-15,0.7632727091877158,-0.033608833627686734,2,-0.8088989834312216,6,-1.930143813819774,-0.02860232379274249,-0.04813073496190912
events.csv(正本),B(總債務/四季經營現金流<=3),建表年份 2010-2021,跌勢衰竭,6m,軸二 250 日線位置(緩衝對照),線下逾 10%,496,0,0,367,高,0.5181451612903226,0.030205858891312647,0.01332385008954605,257,239,0.23686146901116217,-0.19201377207438328,0.162403185285044,-0.1531053975804621,1.2335650013656603,1.06072802038018,0.030205858891312665,1.734723475976807e-15,1.172938022987668,0.023765215225734805,5,0.34948618351538746,25,1.284200032409098,0.01984942354297636,-0.009040159264595386
events.csv(正本),B(總債務/四季經營現金流<=3),建表年份 2010-2021,跌勢衰竭,6m,軸二 250 日線位置(緩衝對照),線之上,85,0,0,69,中,0.5058823529411764,0.07245854822376403,0.0084885727308916,43,42,0.3558745265552065,-0.2177054295917603,0.1834895003312975,-0.19253236305610893,1.6346607763643741,0.9530319859930452,0.07245854822376406,2.7755575615628914e-15,2.396370699337096,0.005078240047287172,1,0.3890858587964796,5,1.1654158908443653,0.04479292737717674,-0.012734907510206056
events.csv(正本),B(總債務/四季經營現金流<=3),建表年份 2010-2021,跌勢衰竭,12m,總表(三格進場),全部,690,0,0,512,高,0.5304347826086957,0.09101410768596527,0.02042280481117325,366,324,0.404177095828119,-0.26274408262276394,0.2683195776756505,-0.21902752435022943,1.5382919066855567,1.2250495843919693,0.0910141076859653,2.7755575615628914e-15,4.59119401420062,0.07425258561549937,7,0.31180110885789425,35,0.8280477338064111,0.06327775623947432,0.01648634599971063
events.csv(正本),B(總債務/四季經營現金流<=3),建表年份 2010-2021,跌勢衰竭,12m,軸一 行業殺 vs 個別殺,個別殺,538,0,0,434,高,0.5130111524163569,0.06377841858050427,0.0069692036704084,276,262,0.3788778182374899,-0.2681583535772363,0.2593903282603658,-0.2257654320117939,1.4128883668297272,1.14893731050383,0.06377841858050426,1.3877787807814457e-15,4.59119401420062,0.04390388128754045,6,0.4689813193316526,27,1.0890602984455913,0.03424949633285027,-0.005980249014332953
events.csv(正本),B(總債務/四季經營現金流<=3),建表年份 2010-2021,跌勢衰竭,12m,軸一 行業殺 vs 個別殺,行業不明,6,0,0,6,低(樣本不足),0.5,0.27929042071412624,0.18854575436403873,3,3,0.709819194522599,-0.15123835309434663,0.6698321730960957,-0.1809718328573734,4.6933808785909905,3.7013062337938547,0.2792904207141262,5.551115123125783e-15,1.0620214652454885,-0.15123835309434663,1,0.6337617204640562,1,0.6337617204640562,0.1227442118078538,0.1227442118078538
events.csv(正本),B(總債務/四季經營現金流<=3),建表年份 2010-2021,跌勢衰竭,12m,軸一 行業殺 vs 個別殺,行業殺,146,0,0,86,高,0.5958904109589042,0.1836383738542464,0.06594407550567111,87,59,0.47389749029858086,-0.24437083175011146,0.2941161730866171,-0.1562890280578683,1.9392555441443953,1.88187345421149,0.1836383738542463,8.326672684688674e-15,3.04044672635054,0.13905396630601385,2,0.19315710858409227,8,0.50411633341235,0.15022519593180161,0.09634230030683662
events.csv(正本),B(總債務/四季經營現金流<=3),建表年份 2010-2021,跌勢衰竭,12m,軸二 200 日線位置,線下 10% 內,101,0,0,91,高,0.4158415841584158,0.03446028525692569,-0.1065547477279303,42,59,0.4436290416816582,-0.2568123888081381,0.3539182953916393,-0.2154103037281944,1.7274440837551994,1.6429961300189935,0.034460285256925655,3.469446951953614e-15,4.156567244916808,-0.025628601475045622,2,1.4626339929210355,6,2.380513519717763,-0.01626457005986414,-0.05057749324991767
events.csv(正本),B(總債務/四季經營現金流<=3),建表年份 2010-2021,跌勢衰竭,12m,軸二 200 日線位置,線下逾 10%,527,0,0,394,高,0.5806451612903226,0.11678106678236713,0.061147645051151,306,221,0.38434867692231334,-0.25369716264217373,0.259267518752896,-0.2104592446612746,1.5149900492360515,1.231913186660801,0.11678106678236719,5.551115123125783e-15,3.04044672635054,0.10360380988054814,6,0.20442372607410153,27,0.6128665382084127,0.09397820658205447,0.047651191022551644
events.csv(正本),B(總債務/四季經營現金流<=3),建表年份 2010-2021,跌勢衰竭,12m,軸二 200 日線位置,線之上,62,0,0,52,中,0.2903225806451613,-0.035877043579692666,-0.10003958418584344,18,44,0.6492056769018903,-0.31613815650397664,0.33050895467665653,-0.28791644467483324,2.053550523863209,1.147933578611414,-0.03587704357969268,1.3877787807814457e-15,4.59119401420062,-0.14702129308374431,1,-2.064036190540226,4,-3.255352991059154,-0.11173066747773057,-0.16319841468701202
events.csv(正本),B(總債務/四季經營現金流<=3),建表年份 2010-2021,跌勢衰竭,12m,軸二 250 日線位置(緩衝對照),線下 10% 內,109,0,0,103,高,0.3853211009174312,-0.03891142261081428,-0.1121540508076732,42,67,0.2906996422175371,-0.24553328414500464,0.2605978147282647,-0.2104419034951221,1.183952078960743,1.238336141234843,-0.038911422610814234,4.85722573273506e-15,0.9341140019592382,-0.06352510100591002,2,-0.4067968381715207,6,-0.9683172417202977,-0.05576365258358671,-0.08105157882228789
events.csv(正本),B(總債務/四季經營現金流<=3),建表年份 2010-2021,跌勢衰竭,12m,軸二 250 日線位置(緩衝對照),線下逾 10%,496,0,0,367,高,0.5907258064516129,0.12920248294748587,0.07232976088817195,293,203,0.39607263362389333,-0.2559844832997426,0.266974300222579,-0.2181638593914603,1.5472525073330943,1.2237329361850724,0.12920248294748587,0.0,3.04044672635054,0.11527222256602992,5,0.16904676021890952,25,0.5602994571736686,0.10845451325726144,0.05982581599939195
events.csv(正本),B(總債務/四季經營現金流<=3),建表年份 2010-2021,跌勢衰竭,12m,軸二 250 日線位置(緩衝對照),線之上,85,0,0,69,中,0.36470588235294116,0.03478409206990337,-0.097709800883373,31,54,0.6345209821985238,-0.30950930781874914,0.318717390884726,-0.251348281813983,2.05008691554473,1.2680309114688968,0.03478409206990335,2.0816681711721685e-15,4.59119401420062,-0.08351240748537024,1,1.5528376338626593,5,3.8822749966075945,-0.019458883193557534,-0.10652340128107766
events.csv(正本),B(總債務/四季經營現金流<=3),建表年份 2010-2021,買方回來,1m,總表(三格進場),全部,687,0,3,510,高,0.5007278020378457,0.0019511745693150308,0.0001314278520325,344,343,0.08787594964750624,-0.0842241100572091,0.05477044634774485,-0.0670538715429652,1.043358601091975,0.8168125879599708,0.0019511745693150326,1.734723475976807e-16,0.9102662588263796,-0.0015682138719664781,7,3.097123172421974,35,8.530857250126322,-0.0041339754230734545,-0.015482806415860587
events.csv(正本),B(總債務/四季經營現金流<=3),建表年份 2010-2021,買方回來,1m,軸一 行業殺 vs 個別殺,個別殺,535,0,3,432,高,0.48785046728971965,-0.0004648035654735075,-0.0029151198270228,261,274,0.08194824217316807,-0.07896774129461748,0.0541809446929462,-0.0629629412418217,1.0377432712356653,0.8605211831647684,-0.00046480356547349416,1.3335686721571705e-15,0.7064275410730556,-0.003594562087649822,6,-11.145738157414314,27,-31.30351648220152,-0.005709413203152138,-0.015812819796198467
events.csv(正本),B(總債務/四季經營現金流<=3),建表年份 2010-2021,買方回來,1m,軸一 行業殺 vs 個別殺,行業不明,6,0,0,6,低(樣本不足),0.3333333333333333,-0.10326354649163368,-0.09887947386017176,2,4,0.05538079143335555,-0.1825857154541283,0.05538079143335555,-0.1546163607011972,0.30331393283210634,0.3581819620006535,-0.10326354649163369,1.3877787807814457e-15,0.0614912073330673,-0.21171496346843346,1,-0.09924639336633227,1,-0.09924639336633227,-0.1362144972565739,-0.1362144972565739
events.csv(正本),B(總債務/四季經營現金流<=3),建表年份 2010-2021,買方回來,1m,軸一 行業殺 vs 個別殺,行業殺,146,0,0,86,高,0.5547945205479452,0.015128137778065452,0.0102192162125963,81,65,0.10777868998368609,-0.10032870420124643,0.0567604977853832,-0.0769641444046554,1.074255775969118,0.7374927406059734,0.015128137778065445,6.938893903907228e-16,0.9102662588263796,0.0009752538840364679,2,0.7727085640782833,8,1.6513758057255785,0.003486253049486928,-0.010425355278333206
events.csv(正本),B(總債務/四季經營現金流<=3),建表年份 2010-2021,買方回來,1m,軸二 200 日線位置,線下 10% 內,101,0,0,91,高,0.4158415841584158,-0.017159092595890654,-0.017796467154571,42,59,0.07426469217136669,-0.08224043090478571,0.046578342183001456,-0.0582308371143538,0.9030192492224054,0.7998913374975332,-0.01715909259589066,6.938893903907228e-16,0.3468829534453626,-0.02711828542490945,2,-0.3995517009264454,6,-0.8054831432216482,-0.024500189496184314,-0.032937112588640606
events.csv(正本),B(總債務/四季經營現金流<=3),建表年份 2010-2021,買方回來,1m,軸二 200 日線位置,線下逾 10%,524,0,3,392,高,0.5267175572519084,0.00694744576823239,0.0063824361362585,276,248,0.08822644603806054,-0.08350821582238281,0.0554078904581908,-0.06749592504222535,1.0565001918579262,0.8209071943754783,0.006947445768232391,8.673617379884035e-17,0.9102662588263796,0.002355751180440074,6,1.040802381010844,27,2.5192680246517196,-0.0002867557925611979,-0.011128444421221212
events.csv(正本),B(總債務/四季經營現金流<=3),建表年份 2010-2021,買方回來,1m,軸二 200 日線位置,線之上,62,0,0,52,中,0.41935483870967744,-0.009144133891119182,-0.0184924230553892,26,36,0.10614271157846292,-0.0924068556191507,0.05459795826293885,-0.07631869876938766,1.148645421027242,0.7153942499454504,-0.00914413389111917,1.214306433183765e-15,0.2837001973725026,-0.02314386902751337,1,-0.5004092995055999,4,-1.8463980089720773,-0.01394486063314577,-0.02782286826017682
events.csv(正本),B(總債務/四季經營現金流<=3),建表年份 2010-2021,買方回來,1m,軸二 250 日線位置(緩衝對照),線下 10% 內,108,0,1,103,高,0.3888888888888889,-0.023033342895110078,-0.02432122217717065,42,66,0.06898152455622049,-0.08158825854595682,0.0580115212209897,-0.054706746870968104,0.845483477470778,1.0604088990671712,-0.023033342895110092,1.3877787807814457e-15,0.3468829534453626,-0.03067434824616783,2,-0.22271198611481674,6,-0.472609383720667,-0.028694524521882214,-0.03591435905554751
events.csv(正本),B(總債務/四季經營現金流<=3),建表年份 2010-2021,買方回來,1m,軸二 250 日線位置(緩衝對照),線下逾 10%,494,0,2,365,高,0.5344129554655871,0.009114201795736611,0.007379000812273851,264,230,0.09040111982601215,-0.0841890432477101,0.0550114123717651,-0.06749592504222535,1.0737872333342027,0.8150330903287872,0.009114201795736618,6.938893903907228e-16,0.9102662588263796,0.0042551944390008005,5,0.7485592254917314,25,1.9827490303534607,0.0023151142894091334,-0.009434423562344831
events.csv(正本),B(總債務/四季經營現金流<=3),建表年份 2010-2021,買方回來,1m,軸二 250 日線位置(緩衝對照),線之上,85,0,0,69,中,0.4470588235294118,-0.007933620297677297,-0.0177905010542955,38,47,0.0912159740345705,-0.08809712209821809,0.049318103917831355,-0.0744803602278204,1.0354024270267905,0.662162532068551,-0.007933620297677302,5.204170427930421e-16,0.2837001973725026,-0.017962313374103287,1,-0.42069688939236555,5,-1.9060547914680397,-0.011405451460417533,-0.02449650623473778
events.csv(正本),B(總債務/四季經營現金流<=3),建表年份 2010-2021,買方回來,3m,總表(三格進場),全部,687,0,3,510,高,0.4643377001455604,0.0017452443150146966,-0.013856757247781,319,368,0.1599873308562266,-0.13542656439869888,0.1179100926852725,-0.12153028920660741,1.1813585581719424,0.9702115699306829,0.0017452443150147018,5.204170427930421e-16,1.4945570917341993,-0.003555726209021571,7,5.4901604237978585,35,14.921055157170862,-0.00791709605412537,-0.025599856303073886
events.csv(正本),B(總債務/四季經營現金流<=3),建表年份 2010-2021,買方回來,3m,軸一 行業殺 vs 個別殺,個別殺,535,0,3,432,高,0.4654205607476635,-0.001853690281048028,-0.0147446530603237,249,286,0.14864726991325106,-0.1328842465341266,0.1166876494857853,-0.1206133917766653,1.11862221286762,0.9674518539520958,-0.0018536902810480232,4.77048955893622e-16,1.4945570917341993,-0.007485544755863033,6,-4.545735670050115,27,-12.373483854810129,-0.01039667453188241,-0.026107891573418553
events.csv(正本),B(總債務/四季經營現金流<=3),建表年份 2010-2021,買方回來,3m,軸一 行業殺 vs 個別殺,行業不明,6,0,0,6,低(樣本不足),0.3333333333333333,-0.10583277476234138,-0.07682038197398809,2,4,0.0518821448686217,-0.1846902345778229,0.0518821448686217,-0.1829491817811611,0.28091439153357145,0.28358773930282855,-0.10583277476234139,1.3877787807814457e-15,0.0818872216447068,-0.23924353424843847,1,-0.12895693517216691,1,-0.12895693517216691,-0.143376774043751,-0.143376774043751
events.csv(正本),B(總債務/四季經營現金流<=3),建表年份 2010-2021,買方回來,3m,軸一 行業殺 vs 個別殺,行業殺,146,0,0,86,高,0.4657534246575342,0.019354135570889327,-0.01248470946949265,68,78,0.2046915300735226,-0.1422220545083294,0.1361206673506706,-0.13087207480665808,1.4392390180352415,1.0401047553633307,0.01935413557088933,3.469446951953614e-16,1.156133431086872,-0.0012834228350505823,2,0.7561098529435049,8,1.9132364478950337,0.004785842456237427,-0.018699534022045886
events.csv(正本),B(總債務/四季經營現金流<=3),建表年份 2010-2021,買方回來,3m,軸二 200 日線位置,線下 10% 內,101,0,0,91,高,0.44554455445544555,-0.01705555400479162,-0.0419469188507926,45,56,0.13050879500508317,-0.13563404874486956,0.0986413264278558,-0.1182588168095411,0.9622126318043701,0.8341139298452496,-0.01705555400479162,0.0,0.8457191767405765,-0.03537013401366044,2,-0.753614184652543,6,-1.4411648767840877,-0.030513080852736536,-0.04426502482578672
events.csv(正本),B(總債務/四季經營現金流<=3),建表年份 2010-2021,買方回來,3m,軸二 200 日線位置,線下逾 10%,524,0,3,392,高,0.4866412213740458,0.0092232843676516,-0.0023941364131179503,255,269,0.16066474813265735,-0.13433646752854342,0.1207148720953497,-0.1215743687578831,1.1959875906259019,0.9929302806889739,0.00922328436765163,2.949029909160572e-15,1.156133431086872,0.0035005139153308244,6,0.9889048175908762,27,2.7531318998574705,0.00010351935863791946,-0.017048064869832312
events.csv(正本),B(總債務/四季經營現金流<=3),建表年份 2010-2021,買方回來,3m,軸二 200 日線位置,線之上,62,0,0,52,中,0.3064516129032258,-0.030829148544361102,-0.06773582682495125,19,43,0.22071326284631185,-0.14197579543791425,0.1562268435096525,-0.1301623246324271,1.554583738485405,1.2002462613573512,-0.0308291485443611,3.469446951953614e-16,1.4945570917341993,-0.0680211128452997,1,-0.7819145413443189,4,-1.2439047798981355,-0.05583548035220637,-0.0739485478325975
events.csv(正本),B(總債務/四季經營現金流<=3),建表年份 2010-2021,買方回來,3m,軸二 250 日線位置(緩衝對照),線下 10% 內,108,0,1,103,高,0.39814814814814814,-0.0375710085466629,-0.04338208989806045,43,65,0.11413371533875635,-0.13792951819394023,0.0885489701414419,-0.1160811699323465,0.827478532755222,0.7628194150097669,-0.037571008546662885,1.3877787807814457e-15,0.4612795433350851,-0.04846591112174692,2,-0.18454671969284997,6,-0.4445389196913487,-0.04534432464515252,-0.05746530080934086
events.csv(正本),B(總債務/四季經營現金流<=3),建表年份 2010-2021,買方回來,3m,軸二 250 日線位置(緩衝對照),線下逾 10%,494,0,2,365,高,0.49190283400809715,0.012181307450419425,-0.0015143326244563002,243,251,0.16240893875270682,-0.13325819217689464,0.1229876006308106,-0.1192918236100948,1.2187538799649615,1.0309809751320045,0.012181307450419426,1.734723475976807e-16,1.156133431086872,0.006126950349786407,5,0.7049913498226634,25,2.0760695460151672,0.0036303353532957682,-0.01380665114105274
events.csv(正本),B(總債務/四季經營現金流<=3),建表年份 2010-2021,買方回來,3m,軸二 250 日線位置(緩衝對照),線之上,85,0,0,69,中,0.38823529411764707,-0.008951930741794198,-0.0546653806607764,33,52,0.20190414141400043,-0.14276443807143313,0.1455413911751801,-0.1316599340208237,1.4142467419860985,1.105434179787458,-0.00895193074179422,2.2551405187698492e-15,1.4945570917341993,-0.04333725920394718,1,-1.9641600360631866,5,-4.662204703020159,-0.026850847676032213,-0.05385564336900396
events.csv(正本),B(總債務/四季經營現金流<=3),建表年份 2010-2021,買方回來,6m,總表(三格進場),全部,687,0,3,510,高,0.4949053857350801,0.0163004578606832,-0.0014325305606086,340,347,0.24228571567619359,-0.20512601953779958,0.18344023226628695,-0.1792785278934335,1.1811554488412739,1.0232136241955716,0.016300457860683223,2.42861286636753e-15,1.9922281935905384,0.00855673884775835,7,0.9457704376836968,35,2.487393804700408,0.0008930663524981116,-0.02554670617264923
events.csv(正本),B(總債務/四季經營現金流<=3),建表年份 2010-2021,買方回來,6m,軸一 行業殺 vs 個別殺,個別殺,535,0,3,432,高,0.48411214953271026,0.003735091026295322,-0.0086896692719736,259,276,0.22040254112786115,-0.19958690019220304,0.1682940232356826,-0.16770118151719987,1.104293623056486,1.0035351075831385,0.003735091026295323,8.673617379884035e-17,1.9922281935905384,-0.005647031299151237,6,3.7650937267667217,27,9.53205507570872,-0.010445017144907092,-0.03356177412753612
events.csv(正本),B(總債務/四季經營現金流<=3),建表年份 2010-2021,買方回來,6m,軸一 行業殺 vs 個別殺,行業不明,6,0,0,6,低(樣本不足),0.6666666666666666,0.011468733916554785,0.1663890583845535,4,2,0.20892518398589138,-0.38344416622211847,0.20943371139258282,-0.38344416622211847,0.5448646827628795,0.5461908925516518,0.01146873391655473,5.551115123125783e-15,0.2629220353406338,-0.20432568487549027,1,3.8208523750111225,1,3.8208523750111225,-0.03882192636826103,-0.03882192636826103
events.csv(正本),B(總債務/四季經營現金流<=3),建表年份 2010-2021,買方回來,6m,軸一 行業殺 vs 個別殺,行業殺,146,0,0,86,高,0.5273972602739726,0.06254334553234271,0.04240951710930625,77,69,0.3176257719720286,-0.22211385498730682,0.2222393414062398,-0.2022327681185511,1.4300133235280619,1.0989284450478403,0.0625433455323427,1.3877787807814457e-15,1.7251471777104237,0.032916916937748585,2,0.34592948387387995,8,0.9228122938948928,0.041475921602213014,0.005107436931680976
events.csv(正本),B(總債務/四季經營現金流<=3),建表年份 2010-2021,買方回來,6m,軸二 200 日線位置,線下 10% 內,101,0,0,91,高,0.44554455445544555,0.010435677557699186,-0.0368339842489113,45,56,0.2763220439520496,-0.20322300972347526,0.2222393414062398,-0.18283360566515322,1.3596986105463151,1.2155278598686905,0.010435677557699183,3.469446951953614e-16,1.9922281935905384,-0.0209359780885531,2,2.433683187582008,6,4.297279298281665,-0.01526370709106585,-0.03658256527398899
events.csv(正本),B(總債務/四季經營現金流<=3),建表年份 2010-2021,買方回來,6m,軸二 200 日線位置,線下逾 10%,524,0,3,392,高,0.5190839694656488,0.025549353174147738,0.007700968944021251,272,252,0.23595307738261606,-0.20155307930483396,0.17990651001509866,-0.1709457992567326,1.1706746341779015,1.0524184320253962,0.02554935317414772,1.734723475976807e-15,1.7251471777104237,0.016980861759588902,6,0.5844391899297591,27,1.5706728537356796,0.010740290325392702,-0.015372412230148133
events.csv(正本),B(總債務/四季經營現金流<=3),建表年份 2010-2021,買方回來,6m,軸二 200 日線位置,線之上,62,0,0,52,中,0.3709677419354839,-0.05231370881115598,-0.08451861211994535,23,39,0.25058323060834825,-0.23094523718676108,0.1450005286686777,-0.1980430400265558,1.0850331172047782,0.7321667484463702,-0.05231370881115599,6.938893903907228e-16,1.628229807121687,-0.10138206078366102,1,-0.5020055293232716,4,-0.9882248487764628,-0.07986360251497308,-0.11118461687896176
events.csv(正本),B(總債務/四季經營現金流<=3),建表年份 2010-2021,買方回來,6m,軸二 250 日線位置(緩衝對照),線下 10% 內,108,0,1,103,高,0.4166666666666667,-0.031656907545056776,-0.0437909689619294,45,63,0.18840317111533275,-0.18884267801676358,0.1788668389513408,-0.1531954175616395,0.9976726293756976,1.1675730370940904,-0.03165690754505676,1.3877787807814457e-15,0.5406188506626846,-0.04709919051745382,2,-0.3070369945207644,6,-0.7949423319378934,-0.04215744267640916,-0.06016481306562333
events.csv(正本),B(總債務/四季經營現金流<=3),建表年份 2010-2021,買方回來,6m,軸二 250 日線位置(緩衝對照),線下逾 10%,494,0,2,365,高,0.520242914979757,0.028924608313289954,0.007700968944021251,257,237,0.2435558821709506,-0.20381900932982733,0.1833575191352698,-0.1795865359190968,1.194961564045381,1.020998139960068,0.028924608313289912,4.163336342344337e-15,1.7251471777104237,0.019853206558569515,5,0.4878431112307112,25,1.4051088923365835,0.01496540915518775,-0.01234222243352413
events.csv(正本),B(總債務/四季經營現金流<=3),建表年份 2010-2021,買方回來,6m,軸二 250 日線位置(緩衝對照),線之上,85,0,0,69,中,0.4470588235294118,0.0038659300987089213,-0.0375280646367098,38,47,0.29750365557319813,-0.2335432947530058,0.1912491037914554,-0.2173257734635619,1.2738693949138487,0.8800111498212214,0.003865930098708892,2.949029909160572e-15,1.9922281935905384,-0.04742931766954224,1,6.062701122286564,5,15.865800243558256,-0.01980504922857476,-0.061062028640651654
events.csv(正本),B(總債務/四季經營現金流<=3),建表年份 2010-2021,買方回來,12m,總表(三格進場),全部,687,0,3,510,高,0.49199417758369723,0.0626545883545406,-0.0046364487228099,338,349,0.38973945178433866,-0.2541210100387882,0.2834404749933064,-0.2075718869419829,1.5336766201458516,1.3655051229193145,0.0626545883545406,0.0,4.318216874517566,0.04662801282551777,7,0.42306683877576845,35,1.1103156592861656,0.03651961644234117,-0.007282813475863281
events.csv(正本),B(總債務/四季經營現金流<=3),建表年份 2010-2021,買方回來,12m,軸一 行業殺 vs 個別殺,個別殺,535,0,3,432,高,0.4635514018691589,0.03224675898169972,-0.0327750106809303,248,287,0.3644045813666977,-0.2547746345774623,0.2577133260573607,-0.2142726493548722,1.4303016545232379,1.2027355186640891,0.03224675898169971,1.3877787807814457e-15,4.318216874517566,0.014092781378283152,6,0.8541593818856446,27,1.9374570452438813,0.0047562281383941715,-0.03183666140869402
events.csv(正本),B(總債務/四季經營現金流<=3),建表年份 2010-2021,買方回來,12m,軸一 行業殺 vs 個別殺,行業不明,6,0,0,6,低(樣本不足),0.5,0.19975117114112048,0.1473700777254697,3,3,0.5361263095578478,-0.1366239672756068,0.4820553309064042,-0.108996644743488,3.924101460736671,4.422662110754603,0.1997511711411205,2.7755575615628914e-15,0.7937163040858524,-0.1366239672756068,1,0.6622541931807637,1,0.6622541931807637,0.08095814455217411,0.08095814455217411
events.csv(正本),B(總債務/四季經營現金流<=3),建表年份 2010-2021,買方回來,12m,軸一 行業殺 vs 個別殺,行業殺,146,0,0,86,高,0.5958904109589042,0.16844643231173512,0.0844229339306703,87,59,0.45691057006312535,-0.2569159403047217,0.3372232377565012,-0.1534953210210154,1.7784438346690163,2.1969610246968454,0.16844643231173517,5.551115123125783e-15,3.19190012482648,0.12469361682974778,2,0.20265941937579818,8,0.5382700274586242,0.13617458136772964,0.0822855646277867
events.csv(正本),B(總債務/四季經營現金流<=3),建表年份 2010-2021,買方回來,12m,軸二 200 日線位置,線下 10% 內,101,0,0,91,高,0.37623762376237624,0.006095035132792951,-0.0947069251566021,38,63,0.41496134085643716,-0.2405227365735321,0.32618154599588445,-0.2059475065028643,1.7252478778844098,1.5838091537726287,0.00609503513279297,1.908195823574488e-15,3.640024427571196,-0.04594763886359239,2,7.1954048522184095,6,11.350103655400497,-0.0385240629681905,-0.06706851353872836
events.csv(正本),B(總債務/四季經營現金流<=3),建表年份 2010-2021,買方回來,12m,軸二 200 日線位置,線下逾 10%,524,0,3,392,高,0.5438931297709924,0.09069769766657074,0.04409098699863625,285,239,0.3719106960821965,-0.24463997826838052,0.2723516192253059,-0.196791874332762,1.520236793326537,1.383957646364897,0.09069769766657072,1.3877787807814457e-15,3.19190012482648,0.07820564129913408,6,0.2511398223378527,27,0.7331798176071787,0.0687066109069174,0.025514663071665538
events.csv(正本),B(總債務/四季經營現金流<=3),建表年份 2010-2021,買方回來,12m,軸二 200 日線位置,線之上,62,0,0,52,中,0.24193548387096775,-0.0822175794536412,-0.1616290650366073,15,47,0.6645903578090563,-0.32056053815450214,0.4136920970220097,-0.2388684531219731,2.0732132583603926,1.7318825136392817,-0.08221757945364122,1.3877787807814457e-15,4.318216874517566,-0.1909564498106312,1,-0.8471261222873158,4,-1.3433347268649147,-0.1543558491908741,-0.20595043385749226
events.csv(正本),B(總債務/四季經營現金流<=3),建表年份 2010-2021,買方回來,12m,軸二 250 日線位置(緩衝對照),線下 10% 內,108,0,1,103,高,0.3333333333333333,-0.06886173151502072,-0.10666072825247219,36,72,0.2608994156857725,-0.23374230511541733,0.2737069454294489,-0.21132319376589126,1.1161839768669413,1.295205417596839,-0.06886173151502073,1.3877787807814457e-15,0.6889863747811951,-0.08735402286642159,2,-0.165894393958594,6,-0.4241368845157348,-0.08180032761337362,-0.10383726894581707
events.csv(正本),B(總債務/四季經營現金流<=3),建表年份 2010-2021,買方回來,12m,軸二 250 日線位置(緩衝對照),線下逾 10%,494,0,2,365,高,0.5566801619433198,0.10284783549560052,0.06060347220796325,275,219,0.3809457955986515,-0.24636193175708918,0.2745994692332756,-0.196219264357206,1.5462851459301792,1.3994521390793868,0.10284783549560045,6.938893903907228e-15,3.19190012482648,0.08966675412299886,5,0.2017862867730718,25,0.6544986995583199,0.08293396527226583,0.03742820061876958
events.csv(正本),B(總債務/四季經營現金流<=3),建表年份 2010-2021,買方回來,12m,軸二 250 日線位置(緩衝對照),線之上,85,0,0,69,中,0.3176470588235294,-0.0038360180192355156,-0.114173961851544,27,58,0.6510911832884994,-0.30871592207628445,0.4136920970220097,-0.22141736547453836,2.109030136539615,1.8683814439549087,-0.0038360180192354987,1.691355389077387e-15,4.318216874517566,-0.11297846642886897,1,-13.243564344631793,5,-32.16466417424392,-0.05528902864467363,-0.13517151496018762
events.csv(正本),B(總債務/四季經營現金流<=3),驗證年份 2022-2026,觸發日即買,1m,總表(三格進場),全部,899,13,0,568,高,0.5139043381535039,0.007550517230960446,0.00356844502852,462,437,0.0944741275323103,-0.0843458396551348,0.06690798398229145,-0.0685606172078503,1.1200804677336438,0.9758952983088136,0.007550517230960452,6.071532165918825e-16,0.914636785560262,0.004975203302950394,9,0.7290205906239238,45,2.0968875044839215,0.002066724938266138,-0.00871847673855376
events.csv(正本),B(總債務/四季經營現金流<=3),驗證年份 2022-2026,觸發日即買,1m,軸一 行業殺 vs 個別殺,個別殺,683,7,0,474,高,0.5051244509516838,0.006147981132644462,0.0009118732303001,345,338,0.09628351621347928,-0.08585426621317804,0.0642135129105756,-0.06766446950297085,1.1214761998478349,0.9489989854683819,0.0061479811326444755,1.3877787807814457e-15,0.914636785560262,0.0027484386505974546,7,0.9507633509374273,35,2.721394926316058,0.00030584051894810117,-0.01115472177497648
events.csv(正本),B(總債務/四季經營現金流<=3),驗證年份 2022-2026,觸發日即買,1m,軸一 行業殺 vs 個別殺,行業不明,3,0,0,3,低(樣本不足),0.6666666666666666,0.02490693292538203,0.0533153674676643,2,1,0.10866496985760885,-0.1426091409390716,0.10866496985760885,-0.1426091409390716,0.7619775923342454,0.7619775923342454,0.02490693292538202,1.0408340855860843e-15,0.1640145722475534,,1,2.1950323729664607,1,2.1950323729664607,-0.04464688673570365,-0.04464688673570365
events.csv(正本),B(總債務/四季經營現金流<=3),驗證年份 2022-2026,觸發日即買,1m,軸一 行業殺 vs 個別殺,行業殺,213,6,0,111,高,0.539906103286385,0.011803394733620323,0.0131676091788883,115,98,0.08879916423097206,-0.07854878375817,0.0744031146385026,-0.06876974384474455,1.130496997946654,1.0819164138007555,0.011803394733620326,3.469446951953614e-16,0.5190344119868899,0.005943008622735575,3,0.5035916015545023,11,1.1482425810458419,0.005943008622735575,-0.0018450499712294446
events.csv(正本),B(總債務/四季經營現金流<=3),驗證年份 2022-2026,觸發日即買,1m,軸二 200 日線位置,線下 10% 內,180,3,0,151,高,0.4444444444444444,-0.00049657085066822,-0.01419891751858035,80,100,0.09581733570723613,-0.0775476960969917,0.0768405539628692,-0.06115163580152275,1.2355922939012132,1.2565576203434248,-0.0004965708506682251,5.095750210681871e-16,0.3285289150014849,-0.00530546806298514,2,-6.714663722073165,9,-24.318433771085683,-0.003873920690314849,-0.013234101258205268
events.csv(正本),B(總債務/四季經營現金流<=3),驗證年份 2022-2026,觸發日即買,1m,軸二 200 日線位置,線下逾 10%,624,3,0,438,高,0.5336538461538461,0.005395120241829967,0.0065282119520667994,333,291,0.0864376058569954,-0.08734421896727688,0.0580920605482075,-0.0717341177321264,0.9896202276349721,0.8098247024538332,0.005395120241829962,5.204170427930421e-16,0.7225226504839646,0.002771018518980671,7,0.9383534047177361,32,2.7646650226703637,0.00033636410937678564,-0.010035205928931635
events.csv(正本),B(總債務/四季經營現金流<=3),驗證年份 2022-2026,觸發日即買,1m,軸二 200 日線位置,線之上,95,7,0,70,中,0.5157894736842106,0.036955186451071806,0.003583322608414,49,46,0.14689667985650995,-0.08015640435037316,0.1013012984386905,-0.0671361579399006,1.8326256154705634,1.5088932930802217,0.03695518645107182,1.3877787807814457e-15,0.914636785560262,0.015044544784336929,1,0.26052515389750414,5,0.7906115639483887,0.02761814816267617,0.008167876955818163
events.csv(正本),B(總債務/四季經營現金流<=3),驗證年份 2022-2026,觸發日即買,1m,軸二 250 日線位置(緩衝對照),線下 10% 內,161,4,0,137,高,0.43478260869565216,-0.002023970411977451,-0.0171490444731151,70,91,0.10556615469734733,-0.08478560511145804,0.0752892011159601,-0.0731976270362315,1.245095255952605,1.0285743426995702,-0.002023970411977445,5.637851296924623e-16,0.7225226504839646,-0.010550835712996365,2,-3.2254772868438844,9,-8.171278765392222,-0.008659816363608927,-0.019661486148982246
events.csv(正本),B(總債務/四季經營現金流<=3),驗證年份 2022-2026,觸發日即買,1m,軸二 250 日線位置(緩衝對照),線下逾 10%,591,1,0,417,高,0.5363790186125211,0.0047196350565404,0.0065045965470595,317,274,0.08332623314876195,-0.08622303499905898,0.0580920605482075,-0.06766446950297085,0.9664033880235293,0.8585312347074107,0.004719635056540397,2.6020852139652106e-16,0.4860574193284961,0.002471169730784516,6,0.8735137678762305,30,2.953988356143195,0.0006030916127913272,-0.009715273012341494
events.csv(正本),B(總債務/四季經營現金流<=3),驗證年份 2022-2026,觸發日即買,1m,軸二 250 日線位置(緩衝對照),線之上,147,8,0,113,高,0.5102040816326531,0.029418162643173016,0.003583322608414,75,72,0.13124000243940667,-0.07664625381123705,0.0959641796362669,-0.060375929890135654,1.7122820218013797,1.5894443333773933,0.029418162643173013,3.469446951953614e-16,0.914636785560262,0.015262675804538951,2,0.3717473389117174,8,0.8232997501861189,0.018736963640279304,0.005497373475919188
events.csv(正本),B(總債務/四季經營現金流<=3),驗證年份 2022-2026,觸發日即買,3m,總表(三格進場),全部,831,81,0,535,高,0.4825511432009627,0.013598665274575754,-0.0061110679822173,401,430,0.18101192820923026,-0.14252393574122993,0.1327541164317127,-0.12102904654961,1.2700458155876364,1.0968781479848855,0.013598665274575775,2.0816681711721685e-15,1.5379776085719985,0.009182720270258469,9,0.7185379710653415,42,2.12450923540298,0.0038694149399961554,-0.016105838172033243
events.csv(正本),B(總債務/四季經營現金流<=3),驗證年份 2022-2026,觸發日即買,3m,軸一 行業殺 vs 個別殺,個別殺,655,35,0,451,高,0.4732824427480916,0.01030651445307749,-0.0115120272355746,310,345,0.18275149402039936,-0.1446440468972697,0.12901005607511706,-0.1238929496802224,1.2634567266373198,1.0413026440011504,0.010306514453077495,5.204170427930421e-16,1.5379776085719985,0.004683387281238216,7,1.0009516213733143,33,2.9514771279460685,-9.913848968906089e-06,-0.02118001178735888
events.csv(正本),B(總債務/四季經營現金流<=3),驗證年份 2022-2026,觸發日即買,3m,軸一 行業殺 vs 個別殺,行業不明,3,0,0,3,低(樣本不足),0.6666666666666666,0.03866941474460863,0.0137066532772163,2,1,0.0996738050154665,-0.0833393657971071,0.0996738050154665,-0.0833393657971071,1.1959990823319464,1.1959990823319464,0.03866941474460862,1.3877787807814457e-15,0.1856409567537167,,1,1.600239344882587,1,1.600239344882587,-0.0348163562599454,-0.0348163562599454
events.csv(正本),B(總債務/四季經營現金流<=3),驗證年份 2022-2026,觸發日即買,3m,軸一 行業殺 vs 個別殺,行業殺,173,46,0,98,高,0.5144508670520231,0.025628414058802725,0.0109507970379956,89,84,0.176780589388164,-0.1345209145639729,0.1458304668286074,-0.1096631486608613,1.3141494760213963,1.3298037545830033,0.025628414058802743,1.734723475976807e-15,0.630242410366203,0.01657153153266033,2,0.26081050135955836,9,0.92095731913293,0.019165824767603236,0.0021369071327388954
events.csv(正本),B(總債務/四季經營現金流<=3),驗證年份 2022-2026,觸發日即買,3m,軸二 200 日線位置,線下 10% 內,165,18,0,141,高,0.5454545454545454,0.044407103245993375,0.0294125014641326,90,75,0.19058714274733143,-0.1310089441556123,0.13747319732746274,-0.1005731404814199,1.454764359607022,1.3668977290498336,0.04440710324599336,1.3877787807814457e-15,1.5379776085719985,0.027324406206289495,2,0.30476846798408413,9,0.80665381259034,0.031252030918077614,0.009081287035742255
events.csv(正本),B(總債務/四季經營現金流<=3),驗證年份 2022-2026,觸發日即買,3m,軸二 200 日線位置,線下逾 10%,605,22,0,422,高,0.46611570247933887,0.002448063251703623,-0.0169611231300935,282,323,0.17285913822974597,-0.14633188456194327,0.1308123210822057,-0.1238889916575453,1.1812814325955978,1.0558833301654267,0.0024480632517036166,6.505213034913027e-16,1.1045361818197938,-0.0023719543117671858,7,3.7682497734063602,31,10.969539609614536,-0.006856178223740563,-0.02572416106375282
events.csv(正本),B(總債務/四季經營現金流<=3),驗證年份 2022-2026,觸發日即買,3m,軸二 200 日線位置,線之上,61,41,0,58,中,0.47540983606557374,0.040856402300046724,-0.0118707926786785,29,32,0.23057459944321138,-0.13107571386094624,0.1977203535041158,-0.1393075237907509,1.759094744948863,1.4193085062735364,0.04085640230004671,1.3877787807814457e-15,0.9042121479456776,0.00905679481533474,1,0.362810945943364,4,0.9647975992099099,0.026467139872619543,0.0015391728134219603
events.csv(正本),B(總債務/四季經營現金流<=3),驗證年份 2022-2026,觸發日即買,3m,軸二 250 日線位置(緩衝對照),線下 10% 內,149,16,0,129,高,0.5100671140939598,0.011833109248138607,0.0121993028277767,76,73,0.16661112482858773,-0.14930564669863036,0.1142916817818885,-0.136085791258432,1.1159063874180728,0.8398502204013667,0.011833109248138615,8.673617379884035e-16,0.6675272342277536,-0.0006939991226443262,2,0.7496667955943167,8,2.2602879483715115,0.0030025224712189966,-0.015759259727671563
events.csv(正本),B(總債務/四季經營現金流<=3),驗證年份 2022-2026,觸發日即買,3m,軸二 250 日線位置(緩衝對照),線下逾 10%,573,19,0,402,高,0.4694589877835951,0.005684772004297711,-0.0118622834122432,269,304,0.17353010280944153,-0.14283626084630655,0.1312419227218848,-0.11696136596117256,1.214888304841317,1.122096357573773,0.005684772004297692,1.908195823574488e-15,1.1045361818197938,0.0006111922728036003,6,1.5198837744421967,29,4.717891231429506,-0.002986695019839054,-0.022262065376491478
events.csv(正本),B(總債務/四季經營現金流<=3),驗證年份 2022-2026,觸發日即買,3m,軸二 250 日線位置(緩衝對照),線之上,109,46,0,98,高,0.5137614678899083,0.057614524832451455,0.0250940715355862,56,53,0.2364953583783729,-0.1313916389141825,0.18045633227505495,-0.1246620004612927,1.799926999410047,1.4475648682622118,0.05761452483245148,2.7755575615628914e-15,1.5379776085719985,0.029647925121219595,2,0.3888847591021706,6,0.747892198893488,0.03586722850672461,0.015371191817828546
events.csv(正本),B(總債務/四季經營現金流<=3),驗證年份 2022-2026,觸發日即買,6m,總表(三格進場),全部,728,184,0,481,高,0.4340659340659341,-0.001652435486872483,-0.03619732063358355,316,412,0.2604949688665312,-0.20271694950550243,0.17054353843173015,-0.17738449193802103,1.285018196564074,0.961434320263571,-0.0016524354868724528,3.0140820395097023e-15,2.4249454197243,-0.009426209939386369,8,-9.73711689874427,37,-27.385886689114585,-0.017939530690074198,-0.04941744753366728
events.csv(正本),B(總債務/四季經營現金流<=3),驗證年份 2022-2026,觸發日即買,6m,軸一 行業殺 vs 個別殺,個別殺,574,116,0,411,高,0.4250871080139373,-0.013262150298774667,-0.04477941403293185,244,330,0.25343370509714325,-0.21045544943999883,0.16301038069619783,-0.1808875796056235,1.2042154563899643,0.9011695609593425,-0.013262150298774672,5.204170427930421e-16,2.4249454197243,-0.0231935261700676,6,-1.232528720964856,29,-3.425324597111115,-0.029920893395637856,-0.06181223786886181
events.csv(正本),B(總債務/四季經營現金流<=3),驗證年份 2022-2026,觸發日即買,6m,軸一 行業殺 vs 個別殺,行業不明,2,1,0,2,低(樣本不足),0.5,-0.05696039196347045,-0.05696039196347045,1,1,0.1019391031872622,-0.2158598871142031,0.1019391031872622,-0.2158598871142031,0.4722466251144205,0.4722466251144205,-0.05696039196347045,0.0,0.1019391031872622,,1,-0.8948244532151154,1,-0.8948244532151154,-0.2158598871142031,-0.2158598871142031
events.csv(正本),B(總債務/四季經營現金流<=3),驗證年份 2022-2026,觸發日即買,6m,軸一 行業殺 vs 個別殺,行業殺,152,67,0,83,高,0.46710526315789475,0.042917250138029155,-0.0178126814966042,71,81,0.28699502837934676,-0.1710274690611505,0.2283552042754291,-0.1433482311708809,1.6780639388210343,1.5930102688411554,0.042917250138029134,2.0816681711721685e-15,1.2009924089330104,0.022385501633034894,2,0.3433449814962771,8,1.0366336936351408,0.0285575853859633,-0.0016595628039536908
events.csv(正本),B(總債務/四季經營現金流<=3),驗證年份 2022-2026,觸發日即買,6m,軸二 200 日線位置,線下 10% 內,141,42,0,122,高,0.425531914893617,0.008917444479614367,-0.0269541021904327,60,81,0.30256266426012585,-0.20859753313557935,0.2048143528020607,-0.1794021498995791,1.4504613727309672,1.1416493777622296,0.008917444479614345,2.2551405187698492e-15,2.4249454197243,-0.023271915199624085,2,2.8685482270521505,8,6.2797761378455395,-0.016902425792683015,-0.04991411722509987
events.csv(正本),B(總債務/四季經營現金流<=3),驗證年份 2022-2026,觸發日即買,6m,軸二 200 日線位置,線下逾 10%,537,90,0,383,高,0.4245810055865922,-0.015162877437883839,-0.0449534574879648,228,309,0.2351364042436614,-0.1998497260572764,0.15716626096224023,-0.168255824545112,1.176566057319848,0.934091056800839,-0.015162877437883832,6.938893903907228e-16,1.6797225587949196,-0.023755714287302335,6,-0.955179311922466,27,-2.6415987259954954,-0.029981128956848485,-0.05814037419811782
events.csv(正本),B(總債務/四季經營現金流<=3),驗證年份 2022-2026,觸發日即買,6m,軸二 200 日線位置,線之上,50,52,0,47,中,0.56,0.11364264956149653,0.052781125749333,28,22,0.37684107638076764,-0.22133716639030296,0.2627578613463253,-0.1841394707197887,1.7025657395299405,1.426950236791833,0.1136426495614966,6.938893903907228e-15,1.232710075141248,0.048941104881452605,1,0.21694497266612567,3,0.5951815734138572,0.09080453883537919,0.048941104881452605
events.csv(正本),B(總債務/四季經營現金流<=3),驗證年份 2022-2026,觸發日即買,6m,軸二 250 日線位置(緩衝對照),線下 10% 內,129,36,0,112,高,0.4263565891472868,-0.0058340610860053346,-0.0340793512217273,55,74,0.2726747098230964,-0.21283382324817554,0.2018590560160451,-0.17102568815731445,1.2811624847106335,1.180285009760459,-0.005834061086005357,2.2551405187698492e-15,1.1818514370842634,-0.02943208349052514,2,-2.7820602621467883,7,-7.30611908553187,-0.022412247302684908,-0.05123880648449978
events.csv(正本),B(總債務/四季經營現金流<=3),驗證年份 2022-2026,觸發日即買,6m,軸二 250 日線位置(緩衝對照),線下逾 10%,510,82,0,365,高,0.4294117647058823,-0.012996710042476026,-0.041028208420011,219,291,0.2322875468404061,-0.19759207862443887,0.1549822433400911,-0.1730962170997962,1.175591392415647,0.8953531506164475,-0.012996710042476031,5.204170427930421e-16,1.6797225587949196,-0.022034336029464724,6,-1.1733760292856559,26,-3.0978955689574104,-0.02858300875715419,-0.05612018977682697
events.csv(正本),B(總債務/四季經營現金流<=3),驗證年份 2022-2026,觸發日即買,6m,軸二 250 日線位置(緩衝對照),線之上,89,66,0,82,中,0.47191011235955055,0.06941508952038532,-0.0127761053646073,42,47,0.39162686579772876,-0.21851883821681517,0.2619101274600777,-0.2089865615615606,1.792188119768215,1.2532390862985108,0.06941508952038535,2.7755575615628914e-15,2.4249454197243,0.01534064027343877,1,0.39251664066081277,5,1.0805604016103236,0.04264769940443174,-0.005924971030625175
events.csv(正本),B(總債務/四季經營現金流<=3),驗證年份 2022-2026,觸發日即買,12m,總表(三格進場),全部,625,287,0,420,高,0.4112,-0.013304368223339575,-0.092789048745971,257,368,0.37524888075902074,-0.2846581317789553,0.2521256180435587,-0.2534760473725331,1.3182440227999934,0.9946723592111657,-0.013304368223339552,2.2551405187698492e-15,3.532489196045592,-0.02792107313250447,7,-2.005825241976717,32,-5.033238171190671,-0.040443573861515994,-0.08459993909003853
events.csv(正本),B(總債務/四季經營現金流<=3),驗證年份 2022-2026,觸發日即買,12m,軸一 行業殺 vs 個別殺,個別殺,502,188,0,360,高,0.38247011952191234,-0.0435390383351792,-0.11332326621490274,192,310,0.35299165333600574,-0.28913224091862283,0.2497104574960893,-0.267078916737144,1.2208657609905094,0.9349688120154068,-0.04353903833517925,4.85722573273506e-15,3.061586771067589,-0.05763541706114771,6,-0.5284296042539167,26,-1.3695682326870975,-0.06735135136367236,-0.10880398845511505
events.csv(正本),B(總債務/四季經營現金流<=3),驗證年份 2022-2026,觸發日即買,12m,軸一 行業殺 vs 個別殺,行業不明,1,2,0,1,低(樣本不足),1.0,0.1706627563618212,0.1706627563618212,1,0,0.1706627563618212,,0.1706627563618212,,,,0.1706627563618212,0.0,0.1706627563618212,,1,1.0,1,1.0,,
events.csv(正本),B(總債務/四季經營現金流<=3),驗證年份 2022-2026,觸發日即買,12m,軸一 行業殺 vs 個別殺,行業殺,122,97,0,71,高,0.5245901639344263,0.10959593728123689,0.02588741091496545,64,58,0.4452172212217717,-0.2607447898255602,0.2584556849016695,-0.2212449427179472,1.707482713344434,1.1681879898658754,0.10959593728123687,1.3877787807814457e-15,3.532489196045592,0.044729006116018065,2,0.4480011240783795,7,0.9188408216364401,0.0615051147545662,0.00943613373087821
events.csv(正本),B(總債務/四季經營現金流<=3),驗證年份 2022-2026,觸發日即買,12m,軸二 200 日線位置,線下 10% 內,123,60,0,105,高,0.45528455284552843,-0.004823316612308478,-0.080629699050856,56,67,0.3232988673843285,-0.2790746942811394,0.21306311116058024,-0.2216605838480162,1.158467155960181,0.9612133445731114,-0.004823316612308476,1.734723475976807e-16,2.4576013817173674,-0.04445854467983422,2,-6.454143560066188,7,-13.586201517935088,-0.0365479704053499,-0.07459936013196601
events.csv(正本),B(總債務/四季經營現金流<=3),驗證年份 2022-2026,觸發日即買,12m,軸二 200 日線位置,線下逾 10%,464,163,0,337,高,0.39439655172413796,-0.03318114144004897,-0.09980320272439705,183,281,0.3525537736429379,-0.284389288985197,0.2521256180435587,-0.2564556786404182,1.239687243148208,0.9831157546605519,-0.03318114144004897,0.0,3.532489196045592,-0.051636089285633555,5,-0.7357026608667763,24,-1.782449042798157,-0.05821996580931089,-0.09736073534274986
events.csv(正本),B(總債務/四季經營現金流<=3),驗證年份 2022-2026,觸發日即買,12m,軸二 200 日線位置,線之上,38,64,0,36,中,0.47368421052631576,0.2019496692607744,-0.04600197433629345,18,20,0.7676047336049056,-0.30713988864894365,0.4927846098360912,-0.32223669234763397,2.499202356885225,1.5292628727223512,0.20194966926077432,8.326672684688674e-15,2.057862042741794,0.053170795408327844,1,0.26815723185339935,2,0.5323941917259647,0.151789875382909,0.09967910712121178
events.csv(正本),B(總債務/四季經營現金流<=3),驗證年份 2022-2026,觸發日即買,12m,軸二 250 日線位置(緩衝對照),線下 10% 內,116,49,0,99,高,0.3793103448275862,-0.03977664509676308,-0.11840934267159861,44,72,0.3594124233494517,-0.2837255202583388,0.21306311116058024,-0.2432912515320371,1.266760998524906,0.8757532785042361,-0.0397766450967631,1.3877787807814457e-15,2.4576013817173674,-0.0850045187832396,2,-0.8298571952293409,6,-1.6476744629190525,-0.07406252023647292,-0.11106009512201906
events.csv(正本),B(總債務/四季經營現金流<=3),驗證年份 2022-2026,觸發日即買,12m,軸二 250 日線位置(緩衝對照),線下逾 10%,436,156,0,319,高,0.4036697247706422,-0.029298898365301623,-0.09604346754655575,176,260,0.34743356020390237,-0.28431779339676283,0.2509890603055803,-0.25591660104169983,1.2219902105073743,0.980745521329753,-0.02929889836530164,1.734723475976807e-15,3.532489196045592,-0.048920339999459245,5,-0.8866941610657553,22,-1.9927567203398486,-0.05591933727508695,-0.09234403645374745
events.csv(正本),B(總債務/四季經營現金流<=3),驗證年份 2022-2026,觸發日即買,12m,軸二 250 日線位置(緩衝對照),線之上,73,82,0,67,中,0.5068493150684932,0.12429014217683268,0.0041858419314264,37,36,0.5263921386974494,-0.28898135424713434,0.304388321519514,-0.23320499263294608,1.8215436081294138,1.3052393007666316,0.12429014217683279,1.1102230246251565e-14,2.057862042741794,0.0465724398041548,1,0.22680713452202847,4,0.7855314054859027,0.09743497689120825,0.028201626719383404
events.csv(正本),B(總債務/四季經營現金流<=3),驗證年份 2022-2026,跌勢衰竭,1m,總表(三格進場),全部,879,17,19,558,高,0.48464163822525597,-5.926672218340288e-05,-0.0050050274886784,426,453,0.09359706043722002,-0.08813342868665548,0.0681058005907122,-0.0720224944138862,1.061992728888259,0.9456184646887369,-5.926672218339868e-05,4.2012834183813297e-16,0.6256721723559786,-0.0019239457124675655,9,-75.59575930820496,44,-243.81909750528214,-0.00458654075549113,-0.015274204501982636
events.csv(正本),B(總債務/四季經營現金流<=3),驗證年份 2022-2026,跌勢衰竭,1m,軸一 行業殺 vs 個別殺,個別殺,674,8,11,466,高,0.46142433234421365,-0.0037171686965301503,-0.010030510398494251,311,363,0.09608992657958274,-0.08922682883667094,0.0702564385087465,-0.0745041299307065,1.0769174230709762,0.9429871682830117,-0.003717168696530146,4.3368086899420177e-16,0.6256721723559786,-0.006167887774640379,7,-1.2898519265375308,34,-4.077731551905505,-0.008601094778536452,-0.019877507715252086
events.csv(正本),B(總債務/四季經營現金流<=3),驗證年份 2022-2026,跌勢衰竭,1m,軸一 行業殺 vs 個別殺,行業不明,3,0,0,3,低(樣本不足),0.3333333333333333,-0.02070864085379337,-0.0157064799459929,1,2,0.0359474534822834,-0.049036688021831754,0.0359474534822834,-0.049036688021831754,0.7330726224062918,0.7330726224062918,-0.020708640853793373,3.469446951953614e-16,0.0359474534822834,,1,-0.5786224493771902,1,-0.5786224493771902,-0.049036688021831754,-0.049036688021831754
events.csv(正本),B(總債務/四季經營現金流<=3),驗證年份 2022-2026,跌勢衰竭,1m,軸一 行業殺 vs 個別殺,行業殺,202,9,8,107,高,0.5643564356435643,0.012452486015957878,0.0209384811131203,114,88,0.08730204496950182,-0.0845117153556786,0.06160054063269285,-0.06851840767723269,1.0330170746396492,0.899036371698426,0.012452486015957866,1.214306433183765e-15,0.3530810025108648,0.007885964420142942,3,0.37612087042541603,11,1.063393632148084,0.007885964420142942,-0.0008348716240869546
events.csv(正本),B(總債務/四季經營現金流<=3),驗證年份 2022-2026,跌勢衰竭,1m,軸二 200 日線位置,線下 10% 內,175,5,3,148,高,0.5028571428571429,0.004701114627639358,0.0034447264045969,88,87,0.09866778369698719,-0.09034563109767796,0.08331578006598389,-0.0826876282057375,1.0921146102827226,1.0075966849440097,0.004701114627639377,1.908195823574488e-15,0.6256721723559786,-0.002571214441988753,2,1.1888782141046892,9,3.0865443663144068,-0.000898203315923347,-0.010340902062032243
events.csv(正本),B(總債務/四季經營現金流<=3),驗證年份 2022-2026,跌勢衰竭,1m,軸二 200 日線位置,線下逾 10%,619,4,4,433,高,0.4781906300484653,-0.002723974968512944,-0.0051434008946582,296,323,0.0895207648314478,-0.0872578541660002,0.06042497031106125,-0.0719698751595635,1.0259336043394172,0.8395869824297153,-0.0027239749685129405,3.469446951953614e-16,0.5057637588599584,-0.005067917329640666,7,-1.7373946533451303,31,-5.134843887330079,-0.00754188236040914,-0.01759219179150456
events.csv(正本),B(總債務/四季經營現金流<=3),驗證年份 2022-2026,跌勢衰竭,1m,軸二 200 日線位置,線之上,85,8,12,66,中,0.49411764705882355,0.00954529408086369,-0.0079577205604315,42,43,0.11170086644791187,-0.09023456730090432,0.0769890812358199,-0.0695866398177366,1.2378944099706723,1.1063773367628038,0.009545294080863687,3.469446951953614e-16,0.3830313370612188,-0.0028571363628154788,1,0.4720913767637311,5,2.008234344199189,0.005099031664430891,-0.010225386650171002
events.csv(正本),B(總債務/四季經營現金流<=3),驗證年份 2022-2026,跌勢衰竭,1m,軸二 250 日線位置(緩衝對照),線下 10% 內,158,3,4,136,高,0.5443037974683544,0.003372456357448316,0.013678346487849699,86,72,0.08947730561034072,-0.09947500247239538,0.0800397351887096,-0.0914752027047734,0.8994953846336515,0.8749883336911473,0.0033724563574483238,7.806255641895632e-16,0.2868597103673267,-0.001804710781520279,2,1.0460273841810626,8,3.4135528154104917,-0.00015721541291606572,-0.008573713618308052
events.csv(正本),B(總債務/四季經營現金流<=3),驗證年份 2022-2026,跌勢衰竭,1m,軸二 250 日線位置(緩衝對照),線下逾 10%,587,3,2,413,高,0.47189097103918226,-0.0028982786743689823,-0.0072653099804615,277,310,0.08904762970839288,-0.08505639680993361,0.0601603805260781,-0.06763127140047795,1.0469245471022954,0.889534963343199,-0.0028982786743689815,8.673617379884035e-17,0.5057637588599584,-0.005371551629115986,6,-1.514386806355122,30,-4.929211330726667,-0.007362650737357332,-0.01811006367249459
events.csv(正本),B(總債務/四季經營現金流<=3),驗證年份 2022-2026,跌勢衰竭,1m,軸二 250 日線位置(緩衝對照),線之上,134,11,13,107,高,0.4701492537313433,0.008330940511780209,-0.0113147661277854,63,71,0.11922390531018405,-0.09006704233750769,0.0820471800417641,-0.0720224944138862,1.3237239973243156,1.1391882592995157,0.008330940511780224,1.5612511283791264e-15,0.6256721723559786,-0.0018684697860633511,2,0.9035760271406057,7,2.33571410264148,0.0008154736300102385,-0.011741095541733663
events.csv(正本),B(總債務/四季經營現金流<=3),驗證年份 2022-2026,跌勢衰竭,3m,總表(三格進場),全部,806,90,19,525,高,0.46898263027295284,0.0023864745140253093,-0.016238788441333148,378,428,0.17497551678447854,-0.15004029646315065,0.13061789222503423,-0.1261110533769897,1.1661901563054555,1.035737064494831,0.002386474514025322,1.2576745200831851e-15,1.0303512131369832,-0.0011756685859949506,9,3.631763353366975,41,11.518305510333231,-0.006351559288360584,-0.026446986187059648
events.csv(正本),B(總債務/四季經營現金流<=3),驗證年份 2022-2026,跌勢衰竭,3m,軸一 行業殺 vs 個別殺,個別殺,631,51,11,442,高,0.45641838351822506,-0.0012614071181574734,-0.0202115366484069,288,343,0.18032211729543277,-0.15372803986193,0.13501638338132727,-0.1294503656374317,1.1729943181308242,1.0429973118769322,-0.001261407118157462,1.1275702593849246e-15,1.0303512131369832,-0.005833611822318029,7,-7.184750394243612,32,-22.765438218551925,-0.010440119902598601,-0.03157938304172493
events.csv(正本),B(總債務/四季經營現金流<=3),驗證年份 2022-2026,跌勢衰竭,3m,軸一 行業殺 vs 個別殺,行業不明,3,0,0,3,低(樣本不足),0.3333333333333333,-0.09783625135058545,-0.0328300062239943,1,2,0.04380817534927,-0.16865846470051318,0.04380817534927,-0.16865846470051318,0.2597448958583856,0.2597448958583856,-0.09783625135058546,1.3877787807814457e-15,0.04380817534927,,1,-0.14925679300708355,1,-0.14925679300708355,-0.16865846470051318,-0.16865846470051318
events.csv(正本),B(總債務/四季經營現金流<=3),驗證年份 2022-2026,跌勢衰竭,3m,軸一 行業殺 vs 個別殺,行業殺,172,39,8,97,高,0.5174418604651163,0.017517180836706524,0.01497005910545355,89,83,0.1591479481808875,-0.1343519552311502,0.1235800718069077,-0.1156495405268314,1.184559970914277,1.0685738243658336,0.01751718083670653,6.938893903907228e-16,0.5398890031683794,0.008609065960886281,2,0.35340217883133435,9,1.3023309499999491,0.011459824738055853,-0.005588402324376497
events.csv(正本),B(總債務/四季經營現金流<=3),驗證年份 2022-2026,跌勢衰竭,3m,軸二 200 日線位置,線下 10% 內,157,23,3,135,高,0.5286624203821656,0.017561645055950436,0.0259367051539809,83,74,0.17592319497962053,-0.1600600933719498,0.1288958645066886,-0.11928068369847995,1.0991071620257515,1.0806097056964739,0.01756164505595044,3.469446951953614e-16,0.6929877263161628,0.006239963886096467,2,0.45565963002916965,8,1.488955427081497,0.009682860913724101,-0.009047901210724756
events.csv(正本),B(總債務/四季經營現金流<=3),驗證年份 2022-2026,跌勢衰竭,3m,軸二 200 日線位置,線下逾 10%,590,33,4,416,高,0.4542372881355932,-0.004080986524812043,-0.019096884294380598,268,322,0.16660754080186183,-0.1461447297656462,0.12617190295871875,-0.1263835518557109,1.1400174407180421,0.9983253446047015,-0.00408098652481205,6.938893903907228e-16,1.0303512131369832,-0.008986954655021208,6,-1.9820681331126455,30,-6.397714487594226,-0.012294811852242163,-0.03180729312782952
events.csv(正本),B(總債務/四季經營現金流<=3),驗證年份 2022-2026,跌勢衰竭,3m,軸二 200 日線位置,線之上,59,34,12,56,中,0.4576271186440678,0.026679698884055705,-0.0274332944445094,27,32,0.2551221935676084,-0.16606865600519183,0.1937132494344093,-0.14472257143256423,1.5362453078420317,1.3385144246464211,0.026679698884055733,2.7755575615628914e-15,0.8238175799457532,-0.00986947258290098,1,0.523357099728498,3,1.351114719646937,0.012935942314026448,-0.00986947258290098
events.csv(正本),B(總債務/四季經營現金流<=3),驗證年份 2022-2026,跌勢衰竭,3m,軸二 250 日線位置(緩衝對照),線下 10% 內,140,21,4,122,高,0.4857142857142857,0.002391343341318077,-0.01106836566646235,68,72,0.17914379175641712,-0.16454152460627547,0.12708845094365434,-0.1404000562093245,1.0887451795835903,0.9051880346413559,0.002391343341318075,1.734723475976807e-16,0.6929877263161628,-0.010685530207893066,2,3.7526272679633177,7,11.299216652006653,-0.006677875104148195,-0.02592522438059827
events.csv(正本),B(總債務/四季經營現金流<=3),驗證年份 2022-2026,跌勢衰竭,3m,軸二 250 日線位置(緩衝對照),線下逾 10%,560,30,2,397,高,0.4607142857142857,-0.0007964115570300143,-0.0168455746022233,258,302,0.1651706266337614,-0.14258282166704384,0.1257481337112732,-0.1182702233637129,1.1584188382767742,1.0632273292032577,-0.0007964115570300023,1.1926223897340549e-15,1.0303512131369832,-0.00594892424559274,6,-10.700650288211799,28,-32.18575027676267,-0.009419455855608539,-0.02782054215697451
events.csv(正本),B(總債務/四季經營現金流<=3),驗證年份 2022-2026,跌勢衰竭,3m,軸二 250 日線位置(緩衝對照),線之上,106,39,13,95,高,0.49056603773584906,0.019195291155251672,-0.013987962616393,52,54,0.21817203526127102,-0.17241194390980402,0.18129154803130332,-0.13308778638570984,1.2654113764612853,1.3621952318441244,0.019195291155251648,2.42861286636753e-15,0.8238175799457532,-0.0008940954984957715,2,0.7404038713311647,6,1.8242020704709752,0.005078850643200909,-0.01677004663625872
events.csv(正本),B(總債務/四季經營現金流<=3),驗證年份 2022-2026,跌勢衰竭,6m,總表(三格進場),全部,702,194,19,471,高,0.4045584045584046,-0.015836362780490665,-0.058593170473434,284,418,0.2683798405458171,-0.2089401947055419,0.16604280065860405,-0.18139901474153608,1.284481623672473,0.915345658823935,-0.01583636278049068,1.3877787807814457e-15,2.7093591860815387,-0.024117457772516223,8,-1.0653014440735693,36,-2.8874784299582004,-0.03308388727584012,-0.06489127648669903
events.csv(正本),B(總債務/四季經營現金流<=3),驗證年份 2022-2026,跌勢衰竭,6m,軸一 行業殺 vs 個別殺,個別殺,561,121,11,402,高,0.3868092691622103,-0.03076657125629275,-0.0684081799355862,217,344,0.2620634835266285,-0.21548785581412389,0.1607041497427885,-0.19517191000690703,1.2161403831159745,0.8233979456218943,-0.030766571256292757,6.938893903907228e-16,2.7093591860815387,-0.0412204709424097,6,-0.5477719257569356,29,-1.486372349202379,-0.04813444210977442,-0.08066710958804807
events.csv(正本),B(總債務/四季經營現金流<=3),驗證年份 2022-2026,跌勢衰竭,6m,軸一 行業殺 vs 個別殺,行業不明,2,1,0,2,低(樣本不足),0.0,-0.25711939092479175,-0.25711939092479175,0,2,,-0.25711939092479175,,-0.25711939092479175,,,-0.25711939092479175,0.0,-0.1310620701228515,,1,0.2548661725812574,1,0.2548661725812574,-0.383176711726732,-0.383176711726732
events.csv(正本),B(總債務/四季經營現金流<=3),驗證年份 2022-2026,跌勢衰竭,6m,軸一 行業殺 vs 個別殺,行業殺,139,72,8,81,高,0.48201438848920863,0.047893227228240055,-0.0120891860941214,67,72,0.28883729536915925,-0.17631861395844867,0.2171082452124184,-0.1353020037406135,1.6381554328530894,1.6046195858905021,0.04789322722824005,6.938893903907228e-16,1.2536055434238025,0.025230880613069558,2,0.35582943195917666,7,0.9334468379063768,0.031301792898250975,0.0033564769270620068
events.csv(正本),B(總債務/四季經營現金流<=3),驗證年份 2022-2026,跌勢衰竭,6m,軸二 200 日線位置,線下 10% 內,140,40,3,121,高,0.4142857142857143,0.01756390548085086,-0.0523434292141796,58,82,0.34008958590474403,-0.2105640148189761,0.19992832813783146,-0.1807354670211687,1.6151363099583862,1.106193108818065,0.01756390548085085,1.0408340855860843e-15,2.7093591860815387,-0.01636697036792386,2,1.5633831098478819,7,3.229143336849622,-0.010038616497990167,-0.041213118812310795
events.csv(正本),B(總債務/四季經營現金流<=3),驗證年份 2022-2026,跌勢衰竭,6m,軸二 200 日線位置,線下逾 10%,516,107,4,374,高,0.3953488372093023,-0.03012259815622978,-0.0659212790318082,204,312,0.23607603541938998,-0.2041755508787504,0.1581357730122624,-0.17862553329947867,1.1562404724921433,0.8852920973349107,-0.030122598156229766,1.3877787807814457e-15,1.549405252963584,-0.038696644421205274,6,-0.4886615493882599,26,-1.2568414842958455,-0.04536991074453357,-0.07158913353676839
events.csv(正本),B(總債務/四季經營現金流<=3),驗證年份 2022-2026,跌勢衰竭,6m,軸二 200 日線位置,線之上,46,47,12,44,中,0.4782608695652174,0.04276493933458692,-0.00820444930736645,22,24,0.3788712503173336,-0.26533251239959754,0.2878351429945583,-0.27039534763466944,1.4279111402176896,1.0644973943244458,0.04276493933458694,2.0816681711721685e-15,1.2044936228343008,-0.03382220371590741,1,0.6122923212820136,3,1.7393067384950402,0.01694874636792661,-0.03382220371590741
events.csv(正本),B(總債務/四季經營現金流<=3),驗證年份 2022-2026,跌勢衰竭,6m,軸二 250 日線位置(緩衝對照),線下 10% 內,128,33,4,111,高,0.40625,-0.008301339245973328,-0.05600876614890585,52,76,0.3030463247472781,-0.2213286882939875,0.19992832813783146,-0.17330633109534,1.3692139373489005,1.1536123745406972,-0.008301339245973344,1.5612511283791264e-15,1.134916657960224,-0.031188628552761506,2,-1.8745681256051996,7,-5.485877184873244,-0.0242415392470455,-0.05695626242047076
events.csv(正本),B(總債務/四季經營現金流<=3),驗證年份 2022-2026,跌勢衰竭,6m,軸二 250 日線位置(緩衝對照),線下逾 10%,490,100,2,357,高,0.4,-0.026625346437183187,-0.061716156670502745,196,294,0.234648538049758,-0.200807936095144,0.1549946125440527,-0.17862553329947867,1.1685222337954817,0.867706926781811,-0.026625346437183187,0.0,1.549405252963584,-0.035635601013723796,5,-0.5207805481235547,25,-1.4749066640444637,-0.04090874512344802,-0.06943800256266629
events.csv(正本),B(總債務/四季經營現金流<=3),驗證年份 2022-2026,跌勢衰竭,6m,軸二 250 日線位置(緩衝對照),線之上,84,61,13,78,中,0.42857142857142855,0.03561743459285593,-0.0350266840218587,36,48,0.4019542325111394,-0.23913516384585665,0.3214576548252799,-0.24549657747939418,1.6808662768234024,1.3094180706134753,0.035617434592855934,6.938893903907228e-16,2.7093591860815387,-0.025150564411816314,1,0.9055754967610643,5,2.3050973169636717,0.0034036785508236226,-0.04942625745871251
events.csv(正本),B(總債務/四季經營現金流<=3),驗證年份 2022-2026,跌勢衰竭,12m,總表(三格進場),全部,620,276,19,416,高,0.4161290322580645,-0.014872470969295637,-0.1040109838906009,258,362,0.3701307719119744,-0.2892670473874384,0.23852326470198326,-0.25883537705854265,1.2795469627628506,0.9215249762710557,-0.01487247096929567,3.2959746043559335e-15,4.060473141568552,-0.030430297428427594,7,-1.9468798066833706,31,-4.50890150017365,-0.044327860216050945,-0.08624313435162294
events.csv(正本),B(總債務/四季經營現金流<=3),驗證年份 2022-2026,跌勢衰竭,12m,軸一 行業殺 vs 個別殺,個別殺,497,185,11,356,高,0.386317907444668,-0.04555916080898686,-0.1166071842239462,192,305,0.3455437692920871,-0.29176166106933504,0.22484095800178105,-0.2700998191248959,1.1843357623672532,0.8324365367227927,-0.045559160808986865,6.938893903907228e-16,2.855936277733377,-0.06181842550943073,5,-0.5154150742506514,25,-1.3298790926487913,-0.0697426756359627,-0.11176954685381123
events.csv(正本),B(總債務/四季經營現金流<=3),驗證年份 2022-2026,跌勢衰竭,12m,軸一 行業殺 vs 個別殺,行業不明,1,2,0,1,低(樣本不足),1.0,0.0738406550526042,0.0738406550526042,1,0,0.0738406550526042,,0.0738406550526042,,,,0.0738406550526042,0.0,0.0738406550526042,,1,1.0,1,1.0,,
events.csv(正本),B(總債務/四季經營現金流<=3),驗證年份 2022-2026,跌勢衰竭,12m,軸一 行業殺 vs 個別殺,行業殺,122,89,8,71,高,0.5327868852459017,0.10941090382008666,0.01858981635478395,65,57,0.447315304525478,-0.2759186759316755,0.2634541394754752,-0.2070950055439776,1.6211853112699217,1.2721414443745698,0.10941090382008664,1.3877787807814457e-15,4.060473141568552,0.04858012694751104,2,0.47059421023370934,7,0.8836590062774522,0.058888145378348584,0.013503780343394263
events.csv(正本),B(總債務/四季經營現金流<=3),驗證年份 2022-2026,跌勢衰竭,12m,軸二 200 日線位置,線下 10% 內,122,58,3,104,高,0.45901639344262296,0.001750284519491848,-0.07073951158944461,56,66,0.333804465641676,-0.27999265703872495,0.18413694919300644,-0.27387567435881177,1.1921900708828534,0.6723377299721908,0.0017502845194918848,3.686287386450715e-15,2.221079679080189,-0.0439771337515223,2,19.258723608139185,7,42.91532158341777,-0.03249059396495648,-0.07782935736201216
events.csv(正本),B(總債務/四季經營現金流<=3),驗證年份 2022-2026,跌勢衰竭,12m,軸二 200 日線位置,線下逾 10%,460,163,4,333,高,0.40217391304347827,-0.029810050775079155,-0.1105110250124344,185,275,0.3552381216977193,-0.28884245771132544,0.2437981353684093,-0.2552899761678824,1.2298680897278298,0.9549851468045267,-0.0298100507750792,4.5102810375396984e-15,4.060473141568552,-0.05091287717486421,5,-0.9762912564818652,23,-2.0642787130024054,-0.05956074207242179,-0.09615400423536413
events.csv(正本),B(總債務/四季經營現金流<=3),驗證年份 2022-2026,跌勢衰竭,12m,軸二 200 日線位置,線之上,38,55,12,36,中,0.4473684210526316,0.11258306958408203,-0.10587771066248974,17,21,0.6518609743104392,-0.3239752342420167,0.5174377828054648,-0.2892662012356919,2.012070385057534,1.7887944757979535,0.11258306958408204,1.3877787807814457e-15,1.8837679031422776,-0.009281976133299263,1,0.44032233034250795,2,0.7754469380437375,0.0647132092176443,0.02668536594395949
events.csv(正本),B(總債務/四季經營現金流<=3),驗證年份 2022-2026,跌勢衰竭,12m,軸二 250 日線位置(緩衝對照),線下 10% 內,114,47,4,97,高,0.40350877192982454,-0.02124332717116692,-0.09574086419822239,46,68,0.3531297678504182,-0.2744957149798863,0.20272059363900002,-0.2381389171525572,1.2864673238206792,0.8512703260052729,-0.021243327171166948,2.7755575615628914e-15,2.221079679080189,-0.0675611526230254,2,-1.6981208470275715,6,-3.1226768464342647,-0.05834058289898046,-0.09244489379589768
events.csv(正本),B(總債務/四季經營現金流<=3),驗證年份 2022-2026,跌勢衰竭,12m,軸二 250 日線位置(緩衝對照),線下逾 10%,433,157,2,316,高,0.4064665127020785,-0.029946213078255075,-0.1104427333045998,176,257,0.35120354166978457,-0.29096705679675694,0.2379964882192056,-0.2601580367232272,1.2070216660819557,0.9148150532531945,-0.02994621307825507,6.938893903907228e-16,4.060473141568552,-0.05237505064014179,5,-1.0324526433459038,22,-2.1201359558855355,-0.06157529100303727,-0.09843771026952738
events.csv(正本),B(總債務/四季經營現金流<=3),驗證年份 2022-2026,跌勢衰竭,12m,軸二 250 日線位置(緩衝對照),線之上,73,72,13,67,中,0.4931506849315068,0.08448654191005735,-0.0211705326623031,36,37,0.4843874027302244,-0.30460618753659174,0.3383526883140351,-0.2892662012356919,1.5902086777933093,1.16969312995661,0.0844865419100573,4.163336342344337e-15,1.8837679031422776,0.02165180640836051,1,0.30543373164147036,4,0.9626942108036206,0.05949652300405428,0.0033345523179307223
events.csv(正本),B(總債務/四季經營現金流<=3),驗證年份 2022-2026,買方回來,1m,總表(三格進場),全部,861,19,35,555,高,0.47502903600464574,-0.0005029139432753217,-0.0070887329322593,409,452,0.09420577207416617,-0.08620170283958851,0.067724101709752,-0.06923873137612549,1.0928527972292184,0.9781245318007696,-0.0005029139432753196,2.0599841277224584e-16,0.8952976135932049,-0.0029173754918134895,9,-11.188504152928486,44,-32.1594171066278,-0.006194519763847768,-0.017574446630460705
events.csv(正本),B(總債務/四季經營現金流<=3),驗證年份 2022-2026,買方回來,1m,軸一 行業殺 vs 個別殺,個別殺,662,9,22,462,高,0.459214501510574,-0.003668229391226088,-0.01184933754991335,304,358,0.09379110658457364,-0.08642699513603928,0.06213287277214195,-0.06872432474865214,1.0852061492701786,0.9040885159567978,-0.003668229391226102,1.4311468676808659e-15,0.8952976135932049,-0.006826202008812736,7,-1.6711790158313298,34,-4.63538488815177,-0.009903214140939602,-0.021791062936567445
events.csv(正本),B(總債務/四季經營現金流<=3),驗證年份 2022-2026,買方回來,1m,軸一 行業殺 vs 個別殺,行業不明,3,0,0,3,低(樣本不足),1.0,0.07595298027468687,0.1072784801640431,3,0,0.07595298027468687,,0.1072784801640431,,,,0.07595298027468687,0.0,0.1153101905757043,,1,0.5060595391108226,1,0.5060595391108226,0.05627437512417815,0.05627437512417815
events.csv(正本),B(總債務/四季經營現金流<=3),驗證年份 2022-2026,買方回來,1m,軸一 行業殺 vs 個別殺,行業殺,196,10,13,108,高,0.5204081632653061,0.009017857199018155,0.007769725776792949,102,94,0.09597848466470113,-0.0853436747318293,0.07608569014791719,-0.07762913838072764,1.1246115774401442,0.9801176688933387,0.009017857199018174,1.908195823574488e-15,0.39271951294566,0.00406978097881162,2,0.4016609963621209,10,1.5035795659305662,0.005451361832557749,-0.004785359614652991
events.csv(正本),B(總債務/四季經營現金流<=3),驗證年份 2022-2026,買方回來,1m,軸二 200 日線位置,線下 10% 內,172,3,8,145,高,0.5174418604651163,0.008447055660871835,0.0049722552329857,89,83,0.09882288048653926,-0.0884619613208679,0.0835459329176309,-0.0683454976139373,1.1171228741819368,1.2224058033720993,0.00844705566087186,2.42861286636753e-15,0.6139280533791474,0.0008989402933415019,2,0.6935766576505502,9,1.8152694072952513,0.0026188264995410876,-0.007266869218828124
events.csv(正本),B(總債務/四季經營現金流<=3),驗證年份 2022-2026,買方回來,1m,軸二 200 日線位置,線下逾 10%,610,4,13,430,高,0.43934426229508194,-0.010214707842521098,-0.0156912193511227,268,342,0.08523435515856181,-0.08501104960945156,0.0634884315109636,-0.0686320632844728,1.0026267826375057,0.9250549739093611,-0.010214707842521105,6.938893903907228e-16,0.560873599843575,-0.012702848495770566,7,-0.45533821048997597,31,-1.3577996244726271,-0.015038426742370933,-0.025373718363157587
events.csv(正本),B(總債務/四季經營現金流<=3),驗證年份 2022-2026,買方回來,1m,軸二 200 日線位置,線之上,79,12,14,66,中,0.6582278481012658,0.055000877279846344,0.0363279724872944,52,27,0.13254071601033474,-0.09433510842331637,0.0648584269738894,-0.0903545581151473,1.404998819904629,0.7178213067151987,0.05500087727984638,3.469446951953614e-15,0.8952976135932049,0.03132127902839604,1,0.2060490985818649,4,0.5425394732194967,0.04422784219890587,0.026502635909499184
events.csv(正本),B(總債務/四季經營現金流<=3),驗證年份 2022-2026,買方回來,1m,軸二 250 日線位置(緩衝對照),線下 10% 內,154,1,10,132,高,0.5064935064935064,-0.0035236579358709974,0.00371558396881575,78,76,0.08426354622272104,-0.09362105167758387,0.07029815895737665,-0.07525819166725514,0.9000491311816428,0.9340931186360594,-0.003523657935871005,7.806255641895632e-16,0.2692534862480091,-0.008530164657813682,2,-0.939234056005993,8,-3.136065775190861,-0.0069231079639957265,-0.01537266077242123
events.csv(正本),B(總債務/四季經營現金流<=3),驗證年份 2022-2026,買方回來,1m,軸二 250 日線位置(緩衝對照),線下逾 10%,579,4,9,411,高,0.44041450777202074,-0.008938044311018153,-0.0149226269374976,255,324,0.08543570488135109,-0.0832136802494569,0.0647283500535307,-0.06592779351934899,1.0267026362159808,0.9818067100112144,-0.008938044311018141,1.214306433183765e-15,0.560873599843575,-0.011553446022698564,6,-0.48694127114057606,29,-1.5536580388362706,-0.013429512906187812,-0.02402819334718427
events.csv(正本),B(總債務/四季經營現金流<=3),驗證年份 2022-2026,買方回來,1m,軸二 250 日線位置(緩衝對照),線之上,128,14,16,108,高,0.59375,0.04128720369565307,0.029727072955532848,76,52,0.13383551879233152,-0.09397571836872316,0.08674600783776905,-0.0821782913384746,1.4241499944402067,1.0555830064716363,0.04128720369565306,1.3877787807814457e-15,0.8952976135932049,0.025728713794551782,2,0.2855806271148099,7,0.6966052327324741,0.029964574651359054,0.013250984786903383
events.csv(正本),B(總債務/四季經營現金流<=3),驗證年份 2022-2026,買方回來,3m,總表(三格進場),全部,765,115,35,509,高,0.4718954248366013,0.008129079681535315,-0.0143656109195566,361,404,0.17635878254570467,-0.14219498649164572,0.1376089179927202,-0.125273586721488,1.2402602011292863,1.0984671357630758,0.008129079681535312,3.469446951953614e-16,1.1256720008353378,0.00424813189915129,8,1.0305985867288834,39,3.3832925602161823,-0.0002513670244267116,-0.020414725856338654
events.csv(正本),B(總債務/四季經營現金流<=3),驗證年份 2022-2026,買方回來,3m,軸一 行業殺 vs 個別殺,個別殺,603,68,22,431,高,0.46434494195688225,0.004561857691649818,-0.0187119003299153,280,323,0.17924034924293908,-0.14686222167169694,0.13552711132842338,-0.1332573718577797,1.2204660068647322,1.0170327497758704,0.004561857691649809,8.673617379884035e-16,1.1256720008353378,-0.0003847821019272975,7,2.105198253322295,31,6.339517419083124,-0.005100972421288417,-0.02567822643459675
events.csv(正本),B(總債務/四季經營現金流<=3),驗證年份 2022-2026,買方回來,3m,軸一 行業殺 vs 個別殺,行業不明,2,1,0,2,低(樣本不足),0.5,-0.035404469596312854,-0.035404469596312854,1,1,0.0728122416944971,-0.1436211808871228,0.0728122416944971,-0.1436211808871228,0.5069742585651271,0.5069742585651271,-0.035404469596312854,0.0,0.0728122416944971,,1,-1.028291660978308,1,-1.028291660978308,-0.1436211808871228,-0.1436211808871228
events.csv(正本),B(總債務/四季經營現金流<=3),驗證年份 2022-2026,買方回來,3m,軸一 行業殺 vs 個別殺,行業殺,160,46,13,92,高,0.5,0.022117216921889376,0.002146666043275,80,80,0.16756763086602416,-0.1233331970222454,0.14681505450792393,-0.09027550390795575,1.3586579681040805,1.6263000277197621,0.02211721692188938,3.469446951953614e-16,0.5678284131145663,0.012702034213061856,2,0.3011028233325968,8,1.0176153808535322,0.015653327050581284,-0.0004101086310518479
events.csv(正本),B(總債務/四季經營現金流<=3),驗證年份 2022-2026,買方回來,3m,軸二 200 日線位置,線下 10% 內,148,27,8,129,高,0.5067567567567568,0.020865989526416707,0.013671230646744,75,73,0.1950381707932206,-0.15807803232303938,0.1584062199330027,-0.1322383633484591,1.2338094542741498,1.1978840022058435,0.020865989526416703,3.469446951953614e-16,0.6929877263161628,0.008525475117656013,2,0.4158273738038135,8,1.3900440177867681,0.012356317158730746,-0.00860372035512192
events.csv(正本),B(總債務/四季經營現金流<=3),驗證年份 2022-2026,買方回來,3m,軸二 200 日線位置,線下逾 10%,561,53,13,402,高,0.4563279857397504,-6.956865110196622e-05,-0.0174069667415278,256,305,0.16170881232809525,-0.13585732448937898,0.11552217371029169,-0.1216868206124941,1.1902840935214891,0.949340061058597,-6.956865110196997e-05,3.754050022231059e-16,1.1256720008353378,-0.005404804285966758,6,-123.71565572550435,29,-371.6546568894349,-0.00877009777731105,-0.027338291153267878
events.csv(正本),B(總債務/四季經營現金流<=3),驗證年份 2022-2026,買方回來,3m,軸二 200 日線位置,線之上,56,35,14,53,中,0.5357142857142857,0.056600134280947255,0.01847379509028595,30,26,0.2546733911171815,-0.17194593129932303,0.22062463439463384,-0.15929748866161608,1.4811248465882378,1.384985012935706,0.05660013428094725,6.938893903907228e-16,0.8383083659735373,0.02211921204335387,1,0.26448333453100276,3,0.6301377280943316,0.04238725734108197,0.02211921204335387
events.csv(正本),B(總債務/四季經營現金流<=3),驗證年份 2022-2026,買方回來,3m,軸二 250 日線位置(緩衝對照),線下 10% 內,134,21,10,117,高,0.48507462686567165,0.012202099584625007,-0.012757114820750148,65,69,0.18613659195839152,-0.1516492338109521,0.1394451425826015,-0.1139402842199609,1.2274153141481203,1.2238440823388121,0.012202099584625023,1.5612511283791264e-15,0.6929877263161628,-0.001662254921157379,2,0.7853701891837834,7,2.3823232058875865,0.002658615148520945,-0.017796936108619738
events.csv(正本),B(總債務/四季經營現金流<=3),驗證年份 2022-2026,買方回來,3m,軸二 250 日線位置(緩衝對照),線下逾 10%,532,51,9,383,高,0.46616541353383456,0.0033679528370810547,-0.01461704816515155,248,284,0.1620386604781461,-0.13518956651145467,0.12117862600045115,-0.12319542631809255,1.198603299496611,0.9836292598035743,0.003367952837081023,3.165870343657673e-15,1.1256720008353378,-0.0022402681833159077,6,2.683481437220669,27,7.586184804030086,-0.00573456158930695,-0.02336792596359876
events.csv(正本),B(總債務/四季經營現金流<=3),驗證年份 2022-2026,買方回來,3m,軸二 250 日線位置(緩衝對照),線之上,99,43,16,92,中,0.48484848484848486,0.028201148512198418,-0.013847130304328,48,51,0.2371052963150769,-0.16841452000815782,0.2068524835444858,-0.1463871702703253,1.4078673044556478,1.413050632528127,0.028201148512198404,1.3877787807814457e-15,0.8383083659735373,0.008277337721587013,1,0.3002629935017448,5,1.0780031615716774,0.0199347483340215,-0.002316788251558339
events.csv(正本),B(總債務/四季經營現金流<=3),驗證年份 2022-2026,買方回來,6m,總表(三格進場),全部,686,194,35,467,高,0.4198250728862974,-0.014501547996259996,-0.06228281173583965,288,398,0.2655611561213587,-0.2171599871567479,0.180492871436785,-0.19612064061107254,1.222882537424698,0.9203155306570764,-0.014501547996259995,1.734723475976807e-16,2.3951213801980296,-0.022124594916702926,7,-0.9694324787514483,35,-3.1031777915533154,-0.02885425074606936,-0.06270148504061347
events.csv(正本),B(總債務/四季經營現金流<=3),驗證年份 2022-2026,買方回來,6m,軸一 行業殺 vs 個別殺,個別殺,552,119,22,398,高,0.4076086956521739,-0.02398924690424383,-0.0775509219220803,225,327,0.26286028694119706,-0.2213627793667032,0.1719452195539923,-0.203304718438318,1.1874637989874093,0.8457512490353732,-0.023989246904243866,3.469446951953614e-15,2.3951213801980296,-0.033211134396182417,6,-0.628525940775215,28,-1.8818438122166918,-0.039496419794027224,-0.0728274065618414
events.csv(正本),B(總債務/四季經營現金流<=3),驗證年份 2022-2026,買方回來,6m,軸一 行業殺 vs 個別殺,行業不明,2,1,0,2,低(樣本不足),0.5,-0.19240815600124478,-0.19240815600124478,1,1,0.0222632124819053,-0.4070795244843949,0.0222632124819053,-0.4070795244843949,0.05469008177236079,0.05469008177236079,-0.19240815600124478,0.0,0.0222632124819053,,1,-0.057854128807723906,1,-0.057854128807723906,-0.4070795244843949,-0.4070795244843949
events.csv(正本),B(總債務/四季經營現金流<=3),驗證年份 2022-2026,買方回來,6m,軸一 行業殺 vs 個別殺,行業殺,132,74,13,80,高,0.4696969696969697,0.027869838467505514,-0.020222446925380402,62,70,0.2792868578822591,-0.19481380729984765,0.20403235702894812,-0.1633846142927889,1.4336091561128148,1.2487856210457955,0.02786983846750553,1.3877787807814457e-15,1.3209934147504554,0.004315649501276451,2,0.608274552273073,7,1.6020781693939927,0.011085283797172447,-0.017719491320068007
events.csv(正本),B(總債務/四季經營現金流<=3),驗證年份 2022-2026,買方回來,6m,軸二 200 日線位置,線下 10% 內,138,37,8,119,高,0.4420289855072464,0.017147050293552745,-0.0496711831074779,61,77,0.3123169131779484,-0.216688815108371,0.207341654730055,-0.1934973174674117,1.4413153397961571,1.0715479544824953,0.01714705029355279,4.5102810375396984e-15,2.3951213801980296,-0.017130004459898155,2,1.4976703957338775,7,3.4954624594540826,-0.008659073118573743,-0.04507629924514971
events.csv(正本),B(總債務/四季經營現金流<=3),驗證年份 2022-2026,買方回來,6m,軸二 200 日線位置,線下逾 10%,502,112,13,371,高,0.4043824701195219,-0.029295131215372555,-0.07249309271848889,203,299,0.24389206703728133,-0.21477005176817773,0.1705061757354053,-0.1958341230414834,1.1355962576222585,0.8706663225350523,-0.029295131215372597,4.163336342344337e-15,1.4469216077252542,-0.03725034899556371,6,-0.46054101573034306,26,-1.3380175251272517,-0.04330432224199489,-0.07223371880585422
events.csv(正本),B(總債務/四季經營現金流<=3),驗證年份 2022-2026,買方回來,6m,軸二 200 日線位置,線之上,46,45,14,44,中,0.5217391304347826,0.051995674003747536,0.01000422756523285,24,22,0.33000798543868126,-0.25129048392527104,0.22410252087753574,-0.23720588181794494,1.3132530141364975,0.9447595445779629,0.051995674003747536,0.0,1.0306399376185458,-0.013289887010064987,1,0.4309053871206852,3,1.238926708549708,0.03024802370119646,-0.013289887010064987
events.csv(正本),B(總債務/四季經營現金流<=3),驗證年份 2022-2026,買方回來,6m,軸二 250 日線位置(緩衝對照),線下 10% 內,126,29,10,109,高,0.4126984126984127,-0.01905281649015272,-0.0515108287205426,52,74,0.2749878607738979,-0.2256759951081343,0.19986181837034916,-0.1995455547622077,1.2185073589334812,1.0015849193359299,-0.019052816490152752,3.1225022567582528e-15,1.134916657960224,-0.04474229393144841,2,-0.9240308502451984,7,-2.5113553990662445,-0.03724946810968064,-0.0708365753471818
events.csv(正本),B(總債務/四季經營現金流<=3),驗證年份 2022-2026,買方回來,6m,軸二 250 日線位置(緩衝對照),線下逾 10%,476,107,9,354,高,0.41596638655462187,-0.0212780039269199,-0.0654026268093042,198,278,0.24723857228418628,-0.21252362295497393,0.17021132638375164,-0.1946486281590708,1.1633463087374865,0.874454282023768,-0.021278003926919878,2.0816681711721685e-15,1.4469216077252542,-0.029693552634519796,5,-0.5938250852963175,24,-1.88109796596831,-0.0342734314601041,-0.06455909421426585
events.csv(正本),B(總債務/四季經營現金流<=3),驗證年份 2022-2026,買方回來,6m,軸二 250 日線位置(緩衝對照),線之上,84,58,16,78,中,0.4523809523809524,0.030725271684985185,-0.06255889241518514,38,46,0.3481317602747297,-0.23148008845436902,0.24049956145217954,-0.20770795675070086,1.5039382549024551,1.1578736087651973,0.03072527168498515,3.469446951953614e-15,2.3951213801980296,-0.022971930060945653,1,0.9280096871591261,5,2.3825654002424237,0.0022385715824183917,-0.04516828599690551
events.csv(正本),B(總債務/四季經營現金流<=3),驗證年份 2022-2026,買方回來,12m,總表(三格進場),全部,600,280,35,405,高,0.395,-0.00607865008884595,-0.0982700061913539,237,363,0.4191311632189475,-0.2836949744798847,0.2231309171937312,-0.2656603747143626,1.4774007329081746,0.8399104210917455,-0.006078650088845949,8.673617379884035e-17,5.764461747877843,-0.025362019314426536,6,-5.015629451896715,30,-12.658313689153132,-0.03693626919417809,-0.08739379970532268
events.csv(正本),B(總債務/四季經營現金流<=3),驗證年份 2022-2026,買方回來,12m,軸一 行業殺 vs 個別殺,個別殺,478,193,22,346,高,0.37447698744769875,-0.03691714671277898,-0.11910329684850396,179,299,0.38881504294313735,-0.2917869191154848,0.2081757446581831,-0.272569553230823,1.3325307526525898,0.7637527456410048,-0.03691714671277904,6.2450045135165055e-15,2.9316931220603903,-0.05384083075554726,5,-0.6677903362384282,24,-1.866925593977392,-0.06222090683487317,-0.11143371079924572
events.csv(正本),B(總債務/四季經營現金流<=3),驗證年份 2022-2026,買方回來,12m,軸一 行業殺 vs 個別殺,行業不明,1,2,0,1,低(樣本不足),0.0,-0.094054600969763,-0.094054600969763,0,1,,-0.094054600969763,,-0.094054600969763,,,-0.094054600969763,0.0,-0.094054600969763,,1,1.0,1,1.0,,
events.csv(正本),B(總債務/四季經營現金流<=3),驗證年份 2022-2026,買方回來,12m,軸一 行業殺 vs 個別殺,行業殺,121,85,13,70,高,0.4793388429752066,0.11647322873033511,-0.0164212765745878,58,63,0.5126929826908444,-0.24830051301108627,0.31732101043742944,-0.2186050544909747,2.0648083907420416,1.4515721568118194,0.11647322873033505,5.551115123125783e-15,5.764461747877843,0.03807212648368025,2,0.594513146782045,7,0.9876579759251403,0.04802211700203228,0.001525783882114391
events.csv(正本),B(總債務/四季經營現金流<=3),驗證年份 2022-2026,買方回來,12m,軸二 200 日線位置,線下 10% 內,116,59,8,99,高,0.4482758620689655,0.02255263595650752,-0.04102223427630275,52,64,0.3728815325877314,-0.2620895925563619,0.17959668071457935,-0.24114476165266707,1.4227254464808399,0.7447670829908446,0.022552635956507527,6.938893903907228e-16,2.614167005250864,-0.029859964359163115,2,1.713973022159343,6,3.4558899265994016,-0.0163844644173434,-0.058407889180060284
events.csv(正本),B(總債務/四季經營現金流<=3),驗證年份 2022-2026,買方回來,12m,軸二 200 日線位置,線下逾 10%,446,168,13,324,高,0.3789237668161435,-0.02515333932424788,-0.1126581566334489,169,277,0.4057925682008994,-0.2880770157565579,0.2220650397245063,-0.2700998191248959,1.4086252842323874,0.8221591574699353,-0.025153339324247875,3.469446951953614e-16,5.764461747877843,-0.051269356243836606,5,-1.3975969606274716,23,-3.010274419718819,-0.060991329209519024,-0.1063565479789415
events.csv(正本),B(總債務/四季經營現金流<=3),驗證年份 2022-2026,買方回來,12m,軸二 200 日線位置,線之上,38,53,14,36,中,0.42105263157894735,0.13039719774610814,-0.0977595768456801,16,22,0.7103313726485343,-0.29137311127383825,0.6551404705599835,-0.2757030361357081,2.4378755113780928,2.3762541020313845,0.13039719774610808,5.551115123125783e-15,1.723437564064923,0.01112693413336352,1,0.3478113095288913,2,0.6747662404014166,0.08734205271046451,0.044765658134313734
events.csv(正本),B(總債務/四季經營現金流<=3),驗證年份 2022-2026,買方回來,12m,軸二 250 日線位置(緩衝對照),線下 10% 內,109,46,10,93,高,0.4036697247706422,-0.003076229670607982,-0.102330960377323,44,65,0.3930977556844699,-0.2712555428340454,0.20598513110156003,-0.2612247189643994,1.4491787027738925,0.788536138226767,-0.003076229670608027,4.5102810375396984e-15,2.614167005250864,-0.059675384694684676,2,-13.372543709170225,6,-26.468138469213002,-0.04503966120213356,-0.08942053377217872
events.csv(正本),B(總債務/四季經營現金流<=3),驗證年份 2022-2026,買方回來,12m,軸二 250 日線位置(緩衝對照),線下逾 10%,420,163,9,308,高,0.38333333333333336,-0.025731561032194143,-0.10885260203630259,161,259,0.40046268702093013,-0.2906631206327849,0.2166797171148256,-0.2697234271123928,1.3777554102808343,0.8033403677038996,-0.025731561032194122,2.0816681711721685e-15,5.764461747877843,-0.0534800746065386,5,-1.4507648726427325,21,-2.957232177246976,-0.0638217890995298,-0.10718501188146638
events.csv(正本),B(總債務/四季經營現金流<=3),驗證年份 2022-2026,買方回來,12m,軸二 250 日線位置(緩衝對照),線之上,71,71,16,66,中,0.4507042253521127,0.10556865653958082,-0.0420529380596866,32,39,0.5488528694501296,-0.2581517232844592,0.4314170838518093,-0.2530731889991942,2.1260864055722175,1.7047127179212296,0.10556865653958084,1.3877787807814457e-15,1.723437564064923,0.04308417345038015,1,0.22993347934531788,4,0.7611155946837823,0.08245624357493306,0.02672430010987724
events_gatefix.csv,"A(淨現金 N2, gatefix)",全期 2010-2026,觸發日即買,1m,總表(三格進場),全部,1747,16,0,1136,高,0.4962793360045793,0.0044586845796983875,-0.0012775070489561,867,880,0.1009172288582298,-0.090574903931082,0.0744160899671111,-0.0684264970458042,1.1141853259377148,1.0875332390213914,0.004458684579698391,3.469446951953614e-16,0.7289663457738649,0.0032174319421542754,18,1.2056139283459069,88,3.5187447003011787,-0.000926311791496459,-0.011825987587423765
events_gatefix.csv,"A(淨現金 N2, gatefix)",全期 2010-2026,觸發日即買,1m,軸一 行業殺 vs 個別殺,個別殺,1403,6,0,990,高,0.4932287954383464,0.0035107225489228616,-0.0021295413305435,692,711,0.10172372489731034,-0.09207774105879041,0.0733790598460856,-0.0684353860406796,1.104759127750116,1.0722385609466332,0.0035107225489228663,4.77048955893622e-16,0.7289663457738649,0.001962445058944827,15,1.6125882108242564,71,4.57828054612247,-0.002173868893845725,-0.01323196496253811
events_gatefix.csv,"A(淨現金 N2, gatefix)",全期 2010-2026,觸發日即買,1m,軸一 行業殺 vs 個別殺,行業不明,2,0,0,2,低(樣本不足),0.5,-0.09258258801910335,-0.09258258801910335,1,1,0.0167464446116818,-0.2019116206498885,0.0167464446116818,-0.2019116206498885,0.08293947895510119,0.08293947895510119,-0.09258258801910335,0.0,0.0167464446116818,,1,-0.09044057295215363,1,-0.09044057295215363,-0.2019116206498885,-0.2019116206498885
events_gatefix.csv,"A(淨現金 N2, gatefix)",全期 2010-2026,觸發日即買,1m,軸一 行業殺 vs 個別殺,行業殺,342,10,0,192,高,0.5087719298245614,0.008915039183136013,0.0032848070857485,174,168,0.09819352498008502,-0.08355196396370403,0.08140917379798195,-0.0666087312946652,1.1752389808902812,1.2221997359151342,0.00891503918313602,6.938893903907228e-16,0.5261583729519421,0.004722425112680562,4,0.5901207035580343,18,1.6597470372100118,0.003697333656634999,-0.006208430170334324
events_gatefix.csv,"A(淨現金 N2, gatefix)",全期 2010-2026,觸發日即買,1m,軸二 200 日線位置,線下 10% 內,316,4,0,263,高,0.4462025316455696,-0.005073071157186281,-0.014454117565448399,141,175,0.10095166612917163,-0.09049871662790894,0.0845488232797577,-0.069437963590893,1.1155038423830985,1.2176166884428408,-0.00507307115718629,9.54097911787244e-16,0.5261583729519421,-0.009723129605700024,4,-1.1371520331437615,16,-2.8536363588760434,-0.010980923367836239,-0.020592425940498333
events_gatefix.csv,"A(淨現金 N2, gatefix)",全期 2010-2026,觸發日即買,1m,軸二 200 日線位置,線下逾 10%,1236,5,0,860,高,0.5218446601941747,0.00933832032031205,0.0047614251880424,645,591,0.0985397174223795,-0.08801345824285803,0.0716096447439158,-0.0658224895501774,1.1195982908713356,1.0879206367502519,0.009338320320312045,5.204170427930421e-16,0.7225226504839646,0.007800008779150335,13,0.5599957533399178,62,1.6606457969102189,0.004152576564714038,-0.006495129538579128
events_gatefix.csv,"A(淨現金 N2, gatefix)",全期 2010-2026,觸發日即買,1m,軸二 200 日線位置,線之上,195,7,0,157,高,0.4153846153846154,-0.011024366510265353,-0.0225664538454669,81,114,0.11978931800539806,-0.10397093182402622,0.086732027818372,-0.08598670847412715,1.1521423911843447,1.0086678436408472,-0.011024366510265352,1.734723475976807e-16,0.7289663457738649,-0.020544032667040874,2,-0.677100596874781,10,-1.642286607092652,-0.01868056721571923,-0.03070410549428219
events_gatefix.csv,"A(淨現金 N2, gatefix)",全期 2010-2026,觸發日即買,1m,軸二 250 日線位置(緩衝對照),線下 10% 內,325,5,0,279,高,0.4461538461538462,-0.004409844621240445,-0.0142596423349211,145,180,0.10075540251792843,-0.0891262937055709,0.0816590419295117,-0.06394085504533605,1.1304789903053114,1.2771027517791702,-0.00440984462124043,1.474514954580286e-15,0.7225226504839646,-0.008907870110575852,4,-1.2234616730148822,17,-3.277796804045635,-0.009927302686185864,-0.019905637171432036
events_gatefix.csv,"A(淨現金 N2, gatefix)",全期 2010-2026,觸發日即買,1m,軸二 250 日線位置(緩衝對照),線下逾 10%,1145,3,0,807,高,0.5231441048034935,0.009762021707042915,0.00488965029239,599,546,0.09922479444707899,-0.08838486633559739,0.072141749516206,-0.06707423089725735,1.1226446173525044,1.0755509016079654,0.009762021707042927,1.214306433183765e-15,0.6269893497150107,0.008254207494463173,12,0.5421897799193418,58,1.6361926584505526,0.004516487674777429,-0.006541906982700737
events_gatefix.csv,"A(淨現金 N2, gatefix)",全期 2010-2026,觸發日即買,1m,軸二 250 日線位置(緩衝對照),線之上,277,8,0,219,高,0.44404332129963897,-0.007057737876996066,-0.0140270346713289,123,154,0.10935001773321383,-0.1000327634617741,0.0827379521488014,-0.0796621824337736,1.09314202616226,1.038610161321965,-0.007057737876996074,8.673617379884035e-16,0.7289663457738649,-0.01368502260765698,3,-0.9180096515826399,14,-2.3445436257717804,-0.01368502260765698,-0.02486144748060245
events_gatefix.csv,"A(淨現金 N2, gatefix)",全期 2010-2026,觸發日即買,3m,總表(三格進場),全部,1681,82,0,1097,高,0.4997025580011898,0.015282670021460302,-0.0002054996003511,840,841,0.1864678275773459,-0.15569893800106513,0.13215892275586436,-0.132031708130653,1.1976178512924107,1.0009635157115855,0.015282670021460318,1.5612511283791264e-15,1.5379776085719985,0.012996165523289416,17,0.5952745981934523,85,2.025854326184233,0.006248475775332906,-0.01651276334410266
events_gatefix.csv,"A(淨現金 N2, gatefix)",全期 2010-2026,觸發日即買,3m,軸一 行業殺 vs 個別殺,個別殺,1359,50,0,960,高,0.48859455481972036,0.006330663783754291,-0.0053421980012851,664,695,0.1826139250509169,-0.16208960309595213,0.12812592812934803,-0.1415618678761415,1.1266233093483176,0.9050878605349489,0.006330663783754284,6.938893903907228e-16,1.5379776085719985,0.003641953638865396,14,1.4479217491292387,68,4.870342603344908,-0.0028651579713262344,-0.025792407050244204
events_gatefix.csv,"A(淨現金 N2, gatefix)",全期 2010-2026,觸發日即買,3m,軸一 行業殺 vs 個別殺,行業不明,2,0,0,2,低(樣本不足),0.5,-0.02014256373712415,-0.02014256373712415,1,1,0.0441877598938091,-0.0844728873680574,0.0441877598938091,-0.0844728873680574,0.5230999113511807,0.5230999113511807,-0.02014256373712415,0.0,0.0441877598938091,,1,-1.0968752654948284,1,-1.0968752654948284,-0.0844728873680574,-0.0844728873680574
events_gatefix.csv,"A(淨現金 N2, gatefix)",全期 2010-2026,觸發日即買,3m,軸一 行業殺 vs 個別殺,行業殺,320,32,0,181,高,0.546875,0.05352212922320916,0.0174901256636419,175,145,0.2019036638358168,-0.1255590332402828,0.1463921852832279,-0.1057823735861069,1.6080377383077884,1.383899607471604,0.05352212922320916,0.0,1.2201125721561443,0.045083237504927376,4,0.205045611011438,16,0.566324973492043,0.043086229401522146,0.024432853483828988
events_gatefix.csv,"A(淨現金 N2, gatefix)",全期 2010-2026,觸發日即買,3m,軸二 200 日線位置,線下 10% 內,302,18,0,251,高,0.4503311258278146,-0.0032163866189109866,-0.01640740357005145,136,166,0.17745578457983766,-0.15123696061306655,0.1149103933504618,-0.1246340839792343,1.1733625422019085,0.9219820909471875,-0.0032163866189110074,2.0816681711721685e-15,1.5379776085719985,-0.014868414705911267,4,-4.285281459397991,16,-10.084459513337487,-0.017227689886181823,-0.03764641955063253
events_gatefix.csv,"A(淨現金 N2, gatefix)",全期 2010-2026,觸發日即買,3m,軸二 200 日線位置,線下逾 10%,1213,28,0,840,高,0.5210222588623248,0.02287705227802691,0.0058362720975853,632,581,0.18429931547126624,-0.15271480716797525,0.13666911271650733,-0.1310723567365574,1.2068202087866327,1.0426997432509653,0.022877052278026902,6.938893903907228e-16,1.1245123772670025,0.020409290728677726,13,0.3895526439625672,61,1.307237591802474,0.01411652613455305,-0.007400869370808231
events_gatefix.csv,"A(淨現金 N2, gatefix)",全期 2010-2026,觸發日即買,3m,軸二 200 日線位置,線之上,166,36,0,143,高,0.43373493975903615,-0.006556309326872021,-0.037634752953495096,72,94,0.22252529283711653,-0.18202306843120372,0.15068175060259645,-0.14837200780539084,1.222511491290571,1.0155672409598657,-0.00655630932687204,1.8214596497756474e-15,0.8525058109459431,-0.021578529923003905,2,-1.517661853460128,9,-5.656100205576926,-0.016707869524576754,-0.04614107648724534
events_gatefix.csv,"A(淨現金 N2, gatefix)",全期 2010-2026,觸發日即買,3m,軸二 250 日線位置(緩衝對照),線下 10% 內,317,13,0,272,高,0.4479495268138801,-0.01785314620537474,-0.0251670650671564,142,175,0.15486177001543489,-0.15799896393883167,0.11181645621238205,-0.1315172831962957,0.9801442120556478,0.850203513142001,-0.01785314620537473,6.938893903907228e-16,0.731241176472126,-0.024825162961843426,4,-0.4874252411605182,16,-1.4009518730146822,-0.026894584137703233,-0.04514305883141801
events_gatefix.csv,"A(淨現金 N2, gatefix)",全期 2010-2026,觸發日即買,3m,軸二 250 日線位置(緩衝對照),線下逾 10%,1124,24,0,789,高,0.5249110320284698,0.027047050720980417,0.00863475265090705,590,534,0.18990907494717474,-0.15289413709447774,0.13944362246092584,-0.1296292315656638,1.2420952075475882,1.0757112479702586,0.027047050720980417,0.0,1.2201125721561443,0.024133690543244646,12,0.34839716547894695,57,1.1478375043228952,0.017814121263231564,-0.004212175228811798
events_gatefix.csv,"A(淨現金 N2, gatefix)",全期 2010-2026,觸發日即買,3m,軸二 250 日線位置(緩衝對照),線之上,240,45,0,200,高,0.45,0.003953044344985694,-0.0163451622969968,108,132,0.20922453336986765,-0.1639963557662814,0.12496597353927505,-0.1437155244091708,1.275787699014745,0.8695370528203055,0.003953044344985668,2.6020852139652106e-15,1.5379776085719985,-0.009455654934790142,3,3.362093220621097,12,9.227386913443704,-0.009455654934790142,-0.034234974012839925
events_gatefix.csv,"A(淨現金 N2, gatefix)",全期 2010-2026,觸發日即買,6m,總表(三格進場),全部,1567,196,0,1036,高,0.4345883854499043,0.007285750965029327,-0.0425342887005777,681,886,0.28822925509295033,-0.2086538949843095,0.1841038251185895,-0.1783894599483431,1.3813749085039835,1.0320330874475494,0.007285750965029328,8.673617379884035e-17,3.5697477446936787,0.001000895079405027,16,2.5716513292485113,79,6.826930156060704,-0.011568784342869114,-0.044707480958354195
events_gatefix.csv,"A(淨現金 N2, gatefix)",全期 2010-2026,觸發日即買,6m,軸一 行業殺 vs 個別殺,個別殺,1277,132,0,911,高,0.41895066562255284,-0.00835498353761365,-0.0496627280731404,535,742,0.2803192450673043,-0.21649610524062055,0.1755937307573583,-0.1825380699841049,1.294800406481903,0.9619567620751588,-0.008354983537613672,2.2551405187698492e-15,3.5697477446936787,-0.015343551626843898,13,-2.140913172781547,64,-5.6957185134062005,-0.026512174696657047,-0.058894248247905005
events_gatefix.csv,"A(淨現金 N2, gatefix)",全期 2010-2026,觸發日即買,6m,軸一 行業殺 vs 個別殺,行業不明,1,1,0,1,低(樣本不足),0.0,-0.1009803445989245,-0.1009803445989245,0,1,,-0.1009803445989245,,-0.1009803445989245,,,-0.1009803445989245,0.0,-0.1009803445989245,,1,1.0,1,1.0,,
events_gatefix.csv,"A(淨現金 N2, gatefix)",全期 2010-2026,觸發日即買,6m,軸一 行業殺 vs 個別殺,行業殺,289,63,0,166,高,0.5051903114186851,0.07677185496308826,0.0037132978887792,146,143,0.3172145658033654,-0.1687151085521598,0.21308237231707824,-0.1433482311708809,1.8801787731138238,1.4864667012393717,0.0767718549630882,5.551115123125783e-15,3.397946482669285,0.0549771505911649,3,0.2913229261900312,15,0.7653812606621878,0.0549771505911649,0.018998180563178195
events_gatefix.csv,"A(淨現金 N2, gatefix)",全期 2010-2026,觸發日即買,6m,軸二 200 日線位置,線下 10% 內,271,49,0,226,高,0.3985239852398524,-0.01985332586119979,-0.0508309848949908,108,163,0.29637416779172565,-0.22937829098092952,0.17023631360217026,-0.2015834902348565,1.2920759262975159,0.8444953175671036,-0.019853325861199783,6.938893903907228e-16,3.397946482669285,-0.04641520549086831,3,-1.3120249145548357,14,-2.932435517025124,-0.04641520549086831,-0.08232486901017366
events_gatefix.csv,"A(淨現金 N2, gatefix)",全期 2010-2026,觸發日即買,6m,軸二 200 日線位置,線下逾 10%,1141,100,0,799,高,0.44609991235758106,0.013971214759855771,-0.037604450613331,509,632,0.2807477878622638,-0.2008852341469887,0.1856052972928064,-0.16983133441750964,1.3975531305443747,1.0928801680172775,0.013971214759855757,1.3877787807814457e-15,3.5697477446936787,0.007968245525724647,12,1.1748123919739972,58,3.3167807115087884,-0.0024683008134252712,-0.03410172006918746
events_gatefix.csv,"A(淨現金 N2, gatefix)",全期 2010-2026,觸發日即買,6m,軸二 200 日線位置,線之上,155,47,0,134,高,0.4129032258064516,0.005521722771552666,-0.0588504162844174,64,91,0.33398575898282074,-0.22548595104736116,0.17676589897148315,-0.1875767621161912,1.4811821199125184,0.9423656586096125,0.005521722771552634,3.209238430557093e-15,2.883677630648528,-0.03264877032946409,2,5.1680611251563064,8,11.439548848790354,-0.023315726106796372,-0.060781399071298176
events_gatefix.csv,"A(淨現金 N2, gatefix)",全期 2010-2026,觸發日即買,6m,軸二 250 日線位置(緩衝對照),線下 10% 內,290,40,0,251,高,0.3896551724137931,-0.032387420348629826,-0.0733377262200393,113,177,0.26317718443615823,-0.22108120758411595,0.1699195713573269,-0.1804477985420423,1.190409566294891,0.9416549979008891,-0.032387420348629806,2.0816681711721685e-15,3.397946482669285,-0.051987004812145556,3,-0.5885552988420458,15,-1.4202369217993676,-0.051987004812145556,-0.08266078855847678
events_gatefix.csv,"A(淨現金 N2, gatefix)",全期 2010-2026,觸發日即買,6m,軸二 250 日線位置(緩衝對照),線下逾 10%,1056,92,0,748,高,0.45075757575757575,0.019893720113915662,-0.0294540758984672,476,580,0.28849893380091574,-0.20054780008438097,0.1865058688485911,-0.17318761586801296,1.4385544677105861,1.076900723610215,0.019893720113915617,4.5102810375396984e-15,3.5697477446936787,0.013423053948313531,11,0.8434301009307681,53,2.4283931573195807,0.0031475446740351913,-0.029917599890998528
events_gatefix.csv,"A(淨現金 N2, gatefix)",全期 2010-2026,觸發日即買,6m,軸二 250 日線位置(緩衝對照),線之上,221,64,0,184,高,0.416289592760181,-0.0008988451447572045,-0.0512396085857318,92,129,0.31760443899758034,-0.228048474145494,0.18635826399162808,-0.1987600429434971,1.3927058279502014,0.9376042650816162,-0.0008988451447571599,4.456070928915423e-15,2.883677630648528,-0.03232460238828509,3,-34.47419382163408,12,-70.69035126437191,-0.03232460238828509,-0.06813834372890978
events_gatefix.csv,"A(淨現金 N2, gatefix)",全期 2010-2026,觸發日即買,12m,總表(三格進場),全部,1426,337,0,958,高,0.4537166900420757,0.030538872245737387,-0.04827569352452135,647,779,0.43064989160619255,-0.3017741309971567,0.2853311673817835,-0.2871503598652163,1.427060332120549,0.9936646693241592,0.03053887224573737,1.734723475976807e-15,11.705683397360184,0.01749993404713516,15,1.0352489454263267,72,2.5832030355964273,-0.0010879066596106816,-0.05092024332106483
events_gatefix.csv,"A(淨現金 N2, gatefix)",全期 2010-2026,觸發日即買,12m,軸一 行業殺 vs 個別殺,個別殺,1169,240,0,846,高,0.42857142857142855,0.0059806680166447305,-0.0912729512676291,501,668,0.43057128248024684,-0.31246229283105686,0.2807283560184141,-0.29736523618284705,1.3779943767904486,0.9440523701492697,0.005980668016644736,5.204170427930421e-16,11.705683397360184,-0.009995390018774005,12,5.491344081088639,59,13.427083723656176,-0.027139833277608636,-0.07827272474984757
events_gatefix.csv,"A(淨現金 N2, gatefix)",全期 2010-2026,觸發日即買,12m,軸一 行業殺 vs 個別殺,行業不明,1,1,0,1,低(樣本不足),1.0,0.3912031723355986,0.3912031723355986,1,0,0.3912031723355986,,0.3912031723355986,,,,0.3912031723355986,0.0,0.3912031723355986,,1,1.0,1,1.0,,
events_gatefix.csv,"A(淨現金 N2, gatefix)",全期 2010-2026,觸發日即買,12m,軸一 行業殺 vs 個別殺,行業殺,256,96,0,148,高,0.56640625,0.1412727646040165,0.07315589593178065,145,111,0.43119354602943,-0.2374525805012534,0.3261345588303361,-0.2158595384865181,1.8159143401145474,1.5108647091391119,0.1412727646040165,0.0,2.4576013817173674,0.11769221998561065,3,0.17667772264047973,13,0.5023964409458908,0.11769221998561065,0.07405861974847422
events_gatefix.csv,"A(淨現金 N2, gatefix)",全期 2010-2026,觸發日即買,12m,軸二 200 日線位置,線下 10% 內,255,65,0,210,高,0.39215686274509803,-0.055773270762719936,-0.1612572973071806,100,155,0.3644788938051668,-0.3269036995161953,0.2295692825357008,-0.3108780076034207,1.1149427013049449,0.7384545606987953,-0.055773270762719984,4.85722573273506e-15,2.4576013817173674,-0.07969842721675728,3,-0.412160298009838,13,-1.0449290724950697,-0.07969842721675728,-0.12017916374777048
events_gatefix.csv,"A(淨現金 N2, gatefix)",全期 2010-2026,觸發日即買,12m,軸二 200 日線位置,線下逾 10%,1034,207,0,737,高,0.4864603481624758,0.05296477983681398,-0.01373065706775565,503,531,0.4088581149810274,-0.2841620517593054,0.2920775689905821,-0.2599758028400203,1.4388202522106774,1.1234798231215237,0.05296477983681394,4.163336342344337e-15,3.3397619190827053,0.04461654720267323,11,0.45684912881972,52,1.3220406148014634,0.02907719820604627,-0.01796002221014434
events_gatefix.csv,"A(淨現金 N2, gatefix)",全期 2010-2026,觸發日即買,12m,軸二 200 日線位置,線之上,137,65,0,119,高,0.32116788321167883,0.021934551209119992,-0.1668417965055646,44,93,0.8301581512098436,-0.3604508079310073,0.28807514436825543,-0.3736427360648042,2.3031108071999147,0.7709908866481804,0.021934551209119996,3.469446951953614e-16,11.705683397360184,-0.10796789277588785,2,5.093541777339375,7,7.896366188242197,-0.0911202239897481,-0.15941393486045669
events_gatefix.csv,"A(淨現金 N2, gatefix)",全期 2010-2026,觸發日即買,12m,軸二 250 日線位置(緩衝對照),線下 10% 內,271,59,0,234,高,0.36531365313653136,-0.07895442918575385,-0.173351452237932,99,172,0.361692706642401,-0.3325827224821919,0.24963216518466,-0.31329280004639765,1.0875270487382813,0.7968014750025864,-0.07895442918575393,8.326672684688674e-15,2.4576013817173674,-0.10171070866965871,3,-0.2739596866510759,14,-0.7189264061513844,-0.10171070866965871,-0.14310998918253115
events_gatefix.csv,"A(淨現金 N2, gatefix)",全期 2010-2026,觸發日即買,12m,軸二 250 日線位置(緩衝對照),線下逾 10%,957,191,0,689,高,0.4994775339602926,0.0675061672699636,-0.0012730635877994,478,479,0.4136453879817253,-0.2779104245885377,0.29373081984516114,-0.2531672623098173,1.4884126372522763,1.1602243400874777,0.06750616726996356,4.163336342344337e-15,3.3397619190827053,0.058529853136316104,10,0.3591993033635175,48,1.0624386281648892,0.0437147888661626,-0.004437566337178038
events_gatefix.csv,"A(淨現金 N2, gatefix)",全期 2010-2026,觸發日即買,12m,軸二 250 日線位置(緩衝對照),線之上,198,87,0,164,高,0.35353535353535354,0.0017256568404325396,-0.15850644010232362,70,128,0.6442915208049171,-0.34967755001514506,0.2957427546946453,-0.33801916788606334,1.8425304134538003,0.8749289472079044,0.0017256568404324935,4.618701254788249e-15,11.705683397360184,-0.08785154406775782,2,44.797065432721524,10,79.68107395866728,-0.07634991683601935,-0.14299868952602046
events_gatefix.csv,"A(淨現金 N2, gatefix)",全期 2010-2026,跌勢衰竭,1m,總表(三格進場),全部,1717,26,26,1117,高,0.5101921956901573,0.00858305808089061,0.0028442532895385,876,841,0.10504799131931496,-0.09189646809849075,0.0740398504183884,-0.0720815059206056,1.143112390421022,1.027168473698924,0.008583058080890618,8.673617379884035e-16,0.7576747152682597,0.007392190290002655,18,0.620233610001409,86,2.0108236201915624,0.0032940902525018805,-0.009133427108581463
events_gatefix.csv,"A(淨現金 N2, gatefix)",全期 2010-2026,跌勢衰竭,1m,軸一 行業殺 vs 個別殺,個別殺,1381,18,15,973,高,0.503982621288921,0.004306190938107848,0.0009128627050465,696,685,0.10224867404771734,-0.09520909117034208,0.07176059753244984,-0.0743980608284894,1.073938137533321,0.9645493005238439,0.004306190938107843,5.204170427930421e-16,0.7576747152682597,0.0028497387728846323,14,1.2101438344801034,70,3.9692553152896557,-0.0009141871221605193,-0.013468890189152915
events_gatefix.csv,"A(淨現金 N2, gatefix)",全期 2010-2026,跌勢衰竭,1m,軸一 行業殺 vs 個別殺,行業不明,2,0,0,2,低(樣本不足),1.0,0.02084058634904305,0.02084058634904305,2,0,0.02084058634904305,,0.02084058634904305,,,,0.02084058634904305,0.0,0.0378113171804215,,1,0.907155790800428,1,0.907155790800428,0.0038698555176646,0.0038698555176646
events_gatefix.csv,"A(淨現金 N2, gatefix)",全期 2010-2026,跌勢衰竭,1m,軸一 行業殺 vs 個別殺,行業殺,334,8,11,189,高,0.5329341317365269,0.026193352894204047,0.00614943546860665,178,156,0.11693978699893558,-0.07735065525093833,0.0925408092824534,-0.0668400102733461,1.511813786445164,1.384512194178343,0.026193352894204047,0.0,0.6504215157449131,0.021822526833605978,4,0.2198640058160483,17,0.700017033754123,0.02068206682417498,0.008278943024734609
events_gatefix.csv,"A(淨現金 N2, gatefix)",全期 2010-2026,跌勢衰竭,1m,軸二 200 日線位置,線下 10% 內,307,8,6,256,高,0.48859934853420195,0.007474267584301291,-0.0037504852701798,150,157,0.10333679367212084,-0.08411413313654544,0.07996338018026866,-0.0629513798137894,1.228530685852407,1.2702403095341337,0.007474267584301281,1.0408340855860843e-15,0.6034346044121959,0.0025377647989979213,4,0.81736755396992,16,2.2689654730953657,0.0013830641510221703,-0.010006076848296734
events_gatefix.csv,"A(淨現金 N2, gatefix)",全期 2010-2026,跌勢衰竭,1m,軸二 200 日線位置,線下逾 10%,1224,11,8,849,高,0.5138888888888888,0.009256846870868876,0.0034585207762066,629,595,0.10230977178058188,-0.08911338803368488,0.0696708848599492,-0.0706849532879996,1.1480853106147055,0.9856536875122677,0.009256846870868862,1.3877787807814457e-15,0.7576747152682597,0.007685220215976079,13,0.574742119848591,62,1.8646737677964018,0.003978805633759611,-0.008431224490516524
events_gatefix.csv,"A(淨現金 N2, gatefix)",全期 2010-2026,跌勢衰竭,1m,軸二 200 日線位置,線之上,186,7,12,152,高,0.521505376344086,0.005979193583683742,0.0064784790211234,97,89,0.12545025664861606,-0.12423084144214136,0.0985990555551854,-0.1109919764535224,1.0098157204146656,0.8883439930135265,0.005979193583683734,7.806255641895632e-16,0.6588003368114648,-0.0018493596845947245,2,0.9938449483585372,10,3.3006189504240413,3.720226968710303e-05,-0.014537428229767375
events_gatefix.csv,"A(淨現金 N2, gatefix)",全期 2010-2026,跌勢衰竭,1m,軸二 250 日線位置(緩衝對照),線下 10% 內,322,2,7,276,高,0.5124223602484472,0.006445518497677372,0.00461806739458045,165,157,0.09602610481935173,-0.08769968368752179,0.070545487367827,-0.06714224957776,1.0949424305964133,1.0506869789360511,0.006445518497677376,3.469446951953614e-16,0.6034346044121959,0.0020156707555586653,4,0.8533089466084499,17,2.491812618800792,0.0009573929785579984,-0.01015145205611406
events_gatefix.csv,"A(淨現金 N2, gatefix)",全期 2010-2026,跌勢衰竭,1m,軸二 250 日線位置(緩衝對照),線下逾 10%,1134,10,6,797,高,0.517636684303351,0.011291034657277904,0.00399551422061355,587,547,0.10480451651099264,-0.08906072740511799,0.071739896855455,-0.0694372123926052,1.1767758872466823,1.0331621098184383,0.011291034657277904,0.0,0.7576747152682597,0.009599740596919919,12,0.47669133463822244,57,1.5580839915731692,0.00597189088964249,-0.006634843094758539
events_gatefix.csv,"A(淨現金 N2, gatefix)",全期 2010-2026,跌勢衰竭,1m,軸二 250 日線位置(緩衝對照),線之上,261,14,13,209,高,0.47509578544061304,-0.0005455154510194659,-0.01252613277451,124,137,0.11820549926269491,-0.10802818570284854,0.08847249898164394,-0.0882371736353033,1.0942097980599337,1.0026669637823316,-0.0005455154510194613,4.662069341687669e-16,0.6588003368114648,-0.006201846444939832,3,-10.238106715697647,14,-33.88375454361591,-0.006201846444939832,-0.02010822943847161
events_gatefix.csv,"A(淨現金 N2, gatefix)",全期 2010-2026,跌勢衰竭,3m,總表(三格進場),全部,1655,88,26,1085,高,0.49244712990936557,0.013548940833007941,-0.0039962355524151,815,840,0.18370670023016128,-0.15154459953446822,0.1225487104398199,-0.12893309171553108,1.2122286164897478,0.9504829893492569,0.013548940833007936,5.204170427930421e-16,3.1938156933140016,0.008742329239729483,17,0.9359023302983343,83,2.4184741172989597,0.0008774688090977838,-0.020233556123004363
events_gatefix.csv,"A(淨現金 N2, gatefix)",全期 2010-2026,跌勢衰竭,3m,軸一 行業殺 vs 個別殺,個別殺,1337,62,15,949,高,0.4869109947643979,0.006017115033463487,-0.0050757490089363,651,686,0.17961107893241093,-0.15872001397268054,0.1225487104398199,-0.14080504470118066,1.1316221214756585,0.8703431805294709,0.006017115033463485,1.734723475976807e-16,2.921219219496061,0.0013023442749329206,14,1.9578963517576902,67,5.2036358760343395,-0.005824764840657428,-0.026628155870457894
events_gatefix.csv,"A(淨現金 N2, gatefix)",全期 2010-2026,跌勢衰竭,3m,軸一 行業殺 vs 個別殺,行業不明,2,0,0,2,低(樣本不足),1.0,0.12242952067537405,0.12242952067537405,2,0,0.12242952067537405,,0.12242952067537405,,,,0.12242952067537405,0.0,0.1961104657368853,,1,0.8009116782253797,1,0.8009116782253797,0.0487485756138628,0.0487485756138628
events_gatefix.csv,"A(淨現金 N2, gatefix)",全期 2010-2026,跌勢衰竭,3m,軸一 行業殺 vs 個別殺,行業殺,316,26,11,180,高,0.5126582278481012,0.04472707353650859,0.00680961324674015,162,154,0.2009215386495751,-0.11958138976424976,0.12398335718777104,-0.09724156151340535,1.6802074222894081,1.2750037664777645,0.044727073536508545,4.163336342344337e-15,3.1938156933140016,0.028430027962112508,4,0.41906541413067117,16,0.8654306215296056,0.02631662578748989,0.006339902192559978
events_gatefix.csv,"A(淨現金 N2, gatefix)",全期 2010-2026,跌勢衰竭,3m,軸二 200 日線位置,線下 10% 內,293,22,6,247,高,0.4641638225255973,0.009631895943048549,-0.0187856898301013,136,157,0.18859566273934344,-0.14539404217348714,0.1147955813994049,-0.1181266277067503,1.2971347375727216,0.97180105474936,0.009631895943048557,8.673617379884035e-16,3.1938156933140016,-0.006834608084274812,3,1.702315432175361,15,3.9077539374788,-0.006834608084274812,-0.02951836231172355
events_gatefix.csv,"A(淨現金 N2, gatefix)",全期 2010-2026,跌勢衰竭,3m,軸二 200 日線位置,線下逾 10%,1201,34,8,831,高,0.5062447960033306,0.015941303677175892,0.0033927424279951,608,593,0.17674431470294327,-0.1489292371384507,0.1226943805713687,-0.1268683792247197,1.186767072060099,0.9670997715990549,0.015941303677175916,2.42861286636753e-15,2.921219219496061,0.01167162804765498,13,0.671968614184481,61,1.8731284978190093,0.00528647034701429,-0.014663584777235086
events_gatefix.csv,"A(淨現金 N2, gatefix)",全期 2010-2026,跌勢衰竭,3m,軸二 200 日線位置,線之上,161,32,12,140,高,0.4409937888198758,0.002831340689606612,-0.0429171823170189,71,90,0.23396348191043959,-0.1795062373846061,0.1334811295149311,-0.1585184420142442,1.303372436073932,0.8420542608092042,0.0028313406896065957,1.6479873021779667e-15,1.8661342617849628,-0.025560976348385507,2,7.428687372841803,9,17.617190431435347,-0.01843075765067576,-0.0498347191703276
events_gatefix.csv,"A(淨現金 N2, gatefix)",全期 2010-2026,跌勢衰竭,3m,軸二 250 日線位置(緩衝對照),線下 10% 內,307,17,7,266,高,0.43973941368078173,-0.0013404926583929788,-0.019093488964363,135,172,0.18030341954912366,-0.14390984235615314,0.1112944981599244,-0.12565322314115365,1.2528915089970178,0.8857273643900144,-0.0013404926583929916,1.2793585635328952e-15,3.1938156933140016,-0.016293081534481783,4,-12.423417978693372,16,-25.961200142837885,-0.018231537716338227,-0.03812844086547058
events_gatefix.csv,"A(淨現金 N2, gatefix)",全期 2010-2026,跌勢衰竭,3m,軸二 250 日線位置(緩衝對照),線下逾 10%,1115,29,6,782,高,0.515695067264574,0.020978433120810883,0.0098000008287681,575,540,0.1801896116476382,-0.14855198845868114,0.1260262096117352,-0.1252654910733795,1.2129734076077807,1.0060728500071106,0.020978433120810908,2.42861286636753e-15,2.921219219496061,0.016392138142541878,12,0.5315327761049549,56,1.4704546061081933,0.009934628089971134,-0.010391295134125822
events_gatefix.csv,"A(淨現金 N2, gatefix)",全期 2010-2026,跌勢衰竭,3m,軸二 250 日線位置(緩衝對照),線之上,233,42,13,195,高,0.45064377682403434,-0.0023859425105122317,-0.0339368449587964,105,128,0.20734259381959808,-0.17442888246880583,0.1334811295149311,-0.14741323491070935,1.188694159390022,0.9054894534794169,-0.002385942510512218,1.3877787807814457e-15,1.8661342617849628,-0.021958281387047484,3,-8.084693633017128,12,-16.94271429955238,-0.021958281387047484,-0.04513482515247833
events_gatefix.csv,"A(淨現金 N2, gatefix)",全期 2010-2026,跌勢衰竭,6m,總表(三格進場),全部,1537,206,26,1025,高,0.43201040988939493,0.0030154256290423893,-0.044960793238055,664,873,0.2859466290932204,-0.21218081618105403,0.1769343978744869,-0.1860300208983518,1.3476554301177819,0.9511066924578006,0.0030154256290423898,4.336808689942018e-17,5.028545540148772,-0.0036367567200246294,16,6.673331915180754,77,16.986877867299576,-0.017287471121391836,-0.05074967794545701
events_gatefix.csv,"A(淨現金 N2, gatefix)",全期 2010-2026,跌勢衰竭,6m,軸一 行業殺 vs 個別殺,個別殺,1258,141,15,902,高,0.40779014308426076,-0.015339628244494379,-0.05710340710670955,513,745,0.2823001346679516,-0.2202915723707827,0.1859300715080309,-0.1968940779305552,1.2814840423981335,0.9443152047143271,-0.015339628244494377,1.734723475976807e-16,2.7093591860815387,-0.021315037849946174,13,-1.1754962108300087,63,-3.138090001343428,-0.0337197584953973,-0.06682323592191401
events_gatefix.csv,"A(淨現金 N2, gatefix)",全期 2010-2026,跌勢衰竭,6m,軸一 行業殺 vs 個別殺,行業不明,1,1,0,1,低(樣本不足),0.0,-0.0774011983834809,-0.0774011983834809,0,1,,-0.0774011983834809,,-0.0774011983834809,,,-0.0774011983834809,0.0,-0.0774011983834809,,1,1.0,1,1.0,,
events_gatefix.csv,"A(淨現金 N2, gatefix)",全期 2010-2026,跌勢衰竭,6m,軸一 行業殺 vs 個別殺,行業殺,278,64,11,163,高,0.5431654676258992,0.08636461410717827,0.02432387858298985,151,127,0.2983350505512524,-0.1656632276491619,0.1604528378862273,-0.1371127009379936,1.8008525777552769,1.1702259293892021,0.08636461410717823,4.163336342344337e-15,5.028545540148772,0.057324570725513176,3,0.3434121041786162,14,0.7403039477756299,0.057324570725513176,0.023617942103307817
events_gatefix.csv,"A(淨現金 N2, gatefix)",全期 2010-2026,跌勢衰竭,6m,軸二 200 日線位置,線下 10% 內,268,47,6,223,高,0.3880597014925373,-0.006050964764410557,-0.08972098270008905,104,164,0.33268697936185593,-0.22086039274692096,0.1746524128032781,-0.2036678978560208,1.5063225018488244,0.8575353044923424,-0.006050964764410527,3.0357660829594124e-15,5.028545540148772,-0.040269129171237254,3,-5.580496976519694,14,-11.160399076686021,-0.040269129171237254,-0.07763785518726381
events_gatefix.csv,"A(淨現金 N2, gatefix)",全期 2010-2026,跌勢衰竭,6m,軸二 200 日線位置,線下逾 10%,1117,118,8,790,高,0.4565801253357207,0.009862894982925146,-0.0295736349327204,510,607,0.2650415294739716,-0.2045376051660595,0.17679429046832715,-0.1760850526483558,1.295808314851395,1.0040278138848486,0.009862894982925141,5.204170427930421e-16,2.155237513861947,0.005179180585442104,12,1.49737976517771,56,4.423784553368024,-0.004958877922423137,-0.0355507384644973
events_gatefix.csv,"A(淨現金 N2, gatefix)",全期 2010-2026,跌勢衰竭,6m,軸二 200 日線位置,線之上,152,41,12,133,高,0.32894736842105265,-0.03131898649491588,-0.11231870711055435,50,102,0.401958716650796,-0.24371001744869622,0.17804673731455928,-0.2284460124160377,1.6493319431787943,0.7793821193530265,-0.03131898649491588,0.0,2.4755892741256345,-0.07538375309316964,2,-0.9964867109396703,8,-2.5889525387919643,-0.06336164620836121,-0.11864693143183734
events_gatefix.csv,"A(淨現金 N2, gatefix)",全期 2010-2026,跌勢衰竭,6m,軸二 250 日線位置(緩衝對照),線下 10% 內,284,40,7,245,高,0.3767605633802817,-0.018376212390726135,-0.0750010175022444,107,177,0.30778969101591347,-0.21554995060829923,0.1847101113449611,-0.1726032004104798,1.4279274485904836,1.0701430269293326,-0.01837621239072612,1.3877787807814457e-15,5.028545540148772,-0.045174599517298034,3,-1.432351242635891,15,-3.0385864133316325,-0.045174599517298034,-0.07835224446048311
events_gatefix.csv,"A(淨現金 N2, gatefix)",全期 2010-2026,跌勢衰竭,6m,軸二 250 日線位置(緩衝對照),線下逾 10%,1037,107,6,741,高,0.46576663452266154,0.015615229682512069,-0.0225780568860344,483,554,0.2664802226887911,-0.20309919562801648,0.1744455857109033,-0.1765035889429529,1.3120693160048713,0.9883401621214922,0.015615229682512041,2.7755575615628914e-15,2.155237513861947,0.010585828488414073,11,0.9527258915479714,52,2.9125438897153137,0.0007461104442401939,-0.0314414316386537
events_gatefix.csv,"A(淨現金 N2, gatefix)",全期 2010-2026,跌勢衰竭,6m,軸二 250 日線位置(緩衝對照),線之上,216,59,13,181,高,0.3425925925925926,-0.029349257731299285,-0.10729709252195954,74,142,0.3814205029798573,-0.24341237246809921,0.20192454794966286,-0.23495731907530953,1.5669725376422472,0.8594094823023629,-0.02934925773129929,3.469446951953614e-16,2.7093591860815387,-0.06475380206605236,3,-1.1756749110532625,11,-2.562275097500444,-0.06475380206605236,-0.11016013691905971
events_gatefix.csv,"A(淨現金 N2, gatefix)",全期 2010-2026,跌勢衰竭,12m,總表(三格進場),全部,1419,324,26,952,高,0.44326990838618746,0.04240462392355297,-0.0472426735653188,629,790,0.45553364097859766,-0.28652974535191933,0.2783435678299681,-0.25902419195268267,1.5898301951830713,1.0745852182054663,0.042404623923552986,1.3877787807814457e-15,9.987976510363495,0.02902403194662029,15,0.8497707030052699,71,2.100629866517477,0.006438476850350185,-0.04913002812462228
events_gatefix.csv,"A(淨現金 N2, gatefix)",全期 2010-2026,跌勢衰竭,12m,軸一 行業殺 vs 個別殺,個別殺,1162,237,15,840,高,0.4225473321858864,0.019767947480991727,-0.0697441580573865,491,671,0.4539576957002981,-0.29794765069438744,0.267267016348818,-0.271794812796398,1.5236156238933871,0.9833411226616315,0.019767947480991727,0.0,9.987976510363495,0.0033617108384857886,12,1.9179900555332499,59,4.625439948776352,-0.018336136901915007,-0.07550103586252953
events_gatefix.csv,"A(淨現金 N2, gatefix)",全期 2010-2026,跌勢衰竭,12m,軸一 行業殺 vs 個別殺,行業不明,1,1,0,1,低(樣本不足),1.0,0.3706539719481132,0.3706539719481132,1,0,0.3706539719481132,,0.3706539719481132,,,,0.3706539719481132,0.0,0.3706539719481132,,1,1.0,1,1.0,,
events_gatefix.csv,"A(淨現金 N2, gatefix)",全期 2010-2026,跌勢衰竭,12m,軸一 行業殺 vs 個別殺,行業殺,256,86,11,148,高,0.53515625,0.1438716890728952,0.03687648772511995,137,119,0.46180129645798124,-0.2221481110259014,0.3026777011388641,-0.175989134646982,2.078799114362658,1.7198658414112196,0.14387168907289516,2.7755575615628914e-15,2.653162381898963,0.11761077060531952,3,0.1921098574967231,13,0.5496657813243127,0.11761077060531952,0.06825649481554559
events_gatefix.csv,"A(淨現金 N2, gatefix)",全期 2010-2026,跌勢衰竭,12m,軸二 200 日線位置,線下 10% 內,253,62,6,208,高,0.37549407114624506,-0.019974195266138566,-0.1203063505268314,95,158,0.4507273623945619,-0.30299095461909137,0.2875815483728323,-0.2897323721892502,1.4875934595512896,0.9925765153539245,-0.019974195266138556,1.0408340855860843e-15,3.3384090940801263,-0.05267887317390209,3,-1.6060735769466137,13,-3.9592189306234866,-0.05267887317390209,-0.10442196268256045
events_gatefix.csv,"A(淨現金 N2, gatefix)",全期 2010-2026,跌勢衰竭,12m,軸二 200 日線位置,線下逾 10%,1031,204,8,735,高,0.4742967992240543,0.06009999977288664,-0.0189742191838115,489,542,0.42755897831611983,-0.27142664323014115,0.2832449243333856,-0.2328283395741154,1.575228478781263,1.216539725582767,0.0600999997728866,3.469446951953614e-15,4.494961586543262,0.049986782466886544,11,0.48353014134534433,52,1.3332895130055478,0.03137458174301067,-0.021094638759216588
events_gatefix.csv,"A(淨現金 N2, gatefix)",全期 2010-2026,跌勢衰竭,12m,軸二 200 日線位置,線之上,135,58,12,117,高,0.3333333333333333,0.024166910992656304,-0.1351043844245693,45,90,0.7696715633660426,-0.34858541519403685,0.2622196156823868,-0.3148418151540341,2.207985560547942,0.832861465857379,0.024166910992656276,2.7755575615628914e-15,9.987976510363495,-0.1058318175943521,2,4.468666093499848,7,7.522446156051701,-0.08508750030492869,-0.16624762281670924
events_gatefix.csv,"A(淨現金 N2, gatefix)",全期 2010-2026,跌勢衰竭,12m,軸二 250 日線位置(緩衝對照),線下 10% 內,268,56,7,231,高,0.3582089552238806,-0.03838097645563272,-0.14556120217959934,96,172,0.44685542441781073,-0.30921059554778724,0.2864565961423053,-0.2871640868889035,1.4451491341238694,0.9975362840309766,-0.03838097645563279,6.938893903907228e-15,3.3384090940801263,-0.06944282483491335,3,-0.7890498398384022,14,-2.046500089004315,-0.06944282483491335,-0.12337247919065449
events_gatefix.csv,"A(淨現金 N2, gatefix)",全期 2010-2026,跌勢衰竭,12m,軸二 250 日線位置(緩衝對照),線下逾 10%,955,189,6,688,高,0.48586387434554973,0.07379112911140752,-0.0064685591004942,464,491,0.4309567875495982,-0.263734055237514,0.28079424608167686,-0.2288365856472933,1.634058169550711,1.2270513706862682,0.07379112911140753,1.3877787807814457e-15,4.494961586543262,0.06291369843645737,10,0.3956912997779222,48,1.109070223135467,0.045064500911935076,-0.008474350877957336
events_gatefix.csv,"A(淨現金 N2, gatefix)",全期 2010-2026,跌勢衰竭,12m,軸二 250 日線位置(緩衝對照),線之上,196,79,13,162,高,0.3520408163265306,-6.257787634151993e-05,-0.1325547930717323,69,127,0.6328781160639788,-0.34394374230061003,0.2622196156823868,-0.3307278292078134,1.8400628888629043,0.7928562174839561,-6.257787634150747e-05,1.2468324983583301e-15,9.987976510363495,-0.0893502495866633,2,-1188.6552793604137,10,-2268.4503089464856,-0.07521358653776831,-0.1496527238500514
events_gatefix.csv,"A(淨現金 N2, gatefix)",全期 2010-2026,買方回來,1m,總表(三格進場),全部,1701,17,51,1112,高,0.48736037624926515,-0.0016094255332459594,-0.0039036098212706,829,872,0.09631239681402769,-0.09470253416385357,0.0657865921416418,-0.0745597277165648,1.016999150702649,0.882334125356873,-0.001609425533245952,7.37257477290143e-16,0.7141447229496054,-0.0026710759238644296,18,-2.896167888703372,86,-9.762028015141608,-0.006337657237848272,-0.01824302243573275
events_gatefix.csv,"A(淨現金 N2, gatefix)",全期 2010-2026,買方回來,1m,軸一 行業殺 vs 個別殺,個別殺,1367,12,35,968,高,0.48500365764447695,-0.004066947778790326,-0.0048548871201177,663,704,0.09422652472001711,-0.09663594247582065,0.0624101909235021,-0.07496179697329869,0.9750670641370688,0.8325599631200482,-0.004066947778790339,1.3010426069826053e-15,0.7141447229496054,-0.005393967522197063,14,-1.1327163742908155,69,-3.797772793780745,-0.008763395600662598,-0.02054953956325541
events_gatefix.csv,"A(淨現金 N2, gatefix)",全期 2010-2026,買方回來,1m,軸一 行業殺 vs 個別殺,行業不明,2,0,0,2,低(樣本不足),0.5,-0.07644941772026234,-0.07644941772026234,1,1,0.0038698555176646,-0.1567686909581893,0.0038698555176646,-0.1567686909581893,0.024685130009133666,0.024685130009133666,-0.07644941772026234,0.0,0.0038698555176646,,1,-0.025309908388216045,1,-0.025309908388216045,-0.1567686909581893,-0.1567686909581893
events_gatefix.csv,"A(淨現金 N2, gatefix)",全期 2010-2026,買方回來,1m,軸一 行業殺 vs 個別殺,行業殺,332,5,16,189,高,0.49698795180722893,0.0089601916174564,-0.00058459971665265,165,167,0.10525406796327227,-0.08618046465236168,0.0735370263112777,-0.0678329713238248,1.2213216578472916,1.08408971148002,0.008960191617456398,1.734723475976807e-16,0.4697212378988598,0.005185577767620978,4,0.5483718734489661,17,1.861655874446792,0.0040960242434097535,-0.008137269139023082
events_gatefix.csv,"A(淨現金 N2, gatefix)",全期 2010-2026,買方回來,1m,軸二 200 日線位置,線下 10% 內,308,3,10,256,高,0.44155844155844154,-0.0169438991072648,-0.018865096624498902,136,172,0.09105783153587539,-0.10234061635998029,0.0552517784971972,-0.0768439578580773,0.8897526199723284,0.7190126593848982,-0.0169438991072648,0.0,0.4973353533663072,-0.021572270595644413,4,-0.3272266489450312,16,-0.8927226399932509,-0.0227842943589372,-0.033827367282962685
events_gatefix.csv,"A(淨現金 N2, gatefix)",全期 2010-2026,買方回來,1m,軸二 200 日線位置,線下逾 10%,1214,7,22,846,高,0.49917627677100496,0.003121085413351514,-7.662226955223151e-05,606,608,0.09394632640361314,-0.08740538833681057,0.0660099597829447,-0.06624188514081715,1.074834494660644,0.9964988110259932,0.0031210854133515153,1.3010426069826053e-16,0.560873599843575,0.001875244423263485,13,1.4060905596356377,61,4.859610402125009,-0.001281162525499376,-0.012683482137842714
events_gatefix.csv,"A(淨現金 N2, gatefix)",全期 2010-2026,買方回來,1m,軸二 200 日線位置,線之上,179,7,19,149,高,0.4860335195530726,-0.007306757535321549,-0.0060704257008118,87,92,0.12100733413057849,-0.12864725726285742,0.0897480301885012,-0.11283574334431196,0.9406134005898881,0.795386528492484,-0.007306757535321527,2.168404344971009e-15,0.7141447229496054,-0.01634243513690368,2,-0.945769102039191,9,-2.528709675871528,-0.014377910088414715,-0.027148430920767092
events_gatefix.csv,"A(淨現金 N2, gatefix)",全期 2010-2026,買方回來,1m,軸二 250 日線位置(緩衝對照),線下 10% 內,321,0,10,275,高,0.4517133956386293,-0.014653553344270258,-0.0183441100519894,145,176,0.0862429382468562,-0.09777850380286873,0.0557549701635136,-0.07612492641177865,0.8820235010011056,0.7324141091699861,-0.014653553344270251,6.938893903907228e-16,0.3628620400465205,-0.01810421910792303,4,-0.2930258993686061,17,-0.9721708851956984,-0.019186508206329996,-0.030515391176790873
events_gatefix.csv,"A(淨現金 N2, gatefix)",全期 2010-2026,買方回來,1m,軸二 250 日線位置(緩衝對照),線下逾 10%,1125,7,18,794,高,0.5013333333333333,0.004606739966554071,0.00031716630088,564,561,0.0956395148133897,-0.08691284116288495,0.06715605092581794,-0.0663293740231546,1.1004071841829441,1.0124632097745225,0.0046067399665540715,8.673617379884035e-17,0.560873599843575,0.0032195944842464273,12,1.0112951049943877,57,3.4266425088355525,-5.2594620893600834e-05,-0.011775538304064373
events_gatefix.csv,"A(淨現金 N2, gatefix)",全期 2010-2026,買方回來,1m,軸二 250 日線位置(緩衝對照),線之上,255,10,23,207,高,0.47058823529411764,-0.012613430082015514,-0.0130031680229153,120,135,0.11164220465235841,-0.12306288317923678,0.0832285665405211,-0.100171811385579,0.9071964004756451,0.830858156494342,-0.012613430082015514,0.0,0.7141447229496054,-0.01923480227424455,3,-0.5070056566045091,13,-1.3905154452345596,-0.01923480227424455,-0.031772367166335934
events_gatefix.csv,"A(淨現金 N2, gatefix)",全期 2010-2026,買方回來,3m,總表(三格進場),全部,1617,101,51,1071,高,0.46691403834260975,0.0011802719950728977,-0.0140193244830832,755,862,0.17699491793072702,-0.15281051417826685,0.1181932793755995,-0.1257656844491514,1.1582640035112175,0.9397895768888093,0.0011802719950728957,1.951563910473908e-16,3.396805041048303,-0.0034342981564185163,17,11.053010789151127,81,27.176467210705635,-0.011991355776044656,-0.032524598213556195
events_gatefix.csv,"A(淨現金 N2, gatefix)",全期 2010-2026,買方回來,3m,軸一 行業殺 vs 個別殺,個別殺,1306,73,35,937,高,0.4540581929555896,-0.009589144462002848,-0.02317630541673795,593,713,0.168615065567516,-0.1578010610784189,0.116583311202046,-0.1329988961040195,1.0685293521804844,0.876573525173211,-0.009589144462002833,1.5612511283791264e-15,2.3062305577382016,-0.013546612629558493,14,-1.1410757986028655,66,-3.0623998074282346,-0.020753558195659983,-0.04102834663894314
events_gatefix.csv,"A(淨現金 N2, gatefix)",全期 2010-2026,買方回來,3m,軸一 行業殺 vs 個別殺,行業不明,2,0,0,2,低(樣本不足),1.0,0.0366534396970328,0.0366534396970328,2,0,0.0366534396970328,,0.0366534396970328,,,,0.0366534396970328,0.0,0.0487485756138628,,1,0.6649931905000601,1,0.6649931905000601,0.0245583037802028,0.0245583037802028
events_gatefix.csv,"A(淨現金 N2, gatefix)",全期 2010-2026,買方回來,3m,軸一 行業殺 vs 個別殺,行業殺,309,28,16,176,高,0.517799352750809,0.04646801166347745,0.0124190295762514,160,149,0.20980701422979928,-0.1289295749849218,0.1325132183962789,-0.1132172098558847,1.6272993551272934,1.1704335283033054,0.04646801166347745,0.0,3.396805041048303,0.025190040629808876,4,0.518334765053366,16,0.9436898390060762,0.02267556051939693,0.0027595083833171614
events_gatefix.csv,"A(淨現金 N2, gatefix)",全期 2010-2026,買方回來,3m,軸二 200 日線位置,線下 10% 內,288,23,10,240,高,0.4236111111111111,-0.014704144064951567,-0.038873466459676,122,166,0.1826576205974975,-0.15975315182892016,0.11244688836179355,-0.1318182851299177,1.143374127560912,0.8530446914171881,-0.01470414406495156,6.938893903907228e-16,3.396805041048303,-0.03198839555219641,3,-1.1528069201919873,15,-2.4194506111809666,-0.03198839555219641,-0.05304273695978021
events_gatefix.csv,"A(淨現金 N2, gatefix)",全期 2010-2026,買方回來,3m,軸二 200 日線位置,線下逾 10%,1171,50,22,820,高,0.4884713919726729,0.0075526276755491,-0.0030158178930833,572,599,0.17013487292522403,-0.14770120251278823,0.11943481547774076,-0.1218200996615971,1.151885496060829,0.9804196172020677,0.007552627675549081,1.908195823574488e-15,2.3062305577382016,0.0028118478767851715,12,1.4908158132933729,59,3.988028711483374,-0.0037453299312638216,-0.023764843010892732
events_gatefix.csv,"A(淨現金 N2, gatefix)",全期 2010-2026,買方回來,3m,軸二 200 日線位置,線之上,158,28,19,138,高,0.3860759493670886,-0.017093884185626983,-0.07251642033754824,61,97,0.22999649199305044,-0.17248061559696018,0.1378514036773892,-0.1453053056889072,1.3334628427491764,0.9487017905080735,-0.017093884185626948,3.469446951953614e-15,1.4945570917341993,-0.04103693611937678,2,-1.0447081691154536,8,-2.4391821087850407,-0.03540010725980682,-0.06192439296276396
events_gatefix.csv,"A(淨現金 N2, gatefix)",全期 2010-2026,買方回來,3m,軸二 250 日線位置(緩衝對照),線下 10% 內,303,18,10,261,高,0.43234323432343236,-0.01315564107108742,-0.0259959280361193,131,172,0.17716461451121124,-0.15810885898551252,0.1216676168692569,-0.1333978660266355,1.1205230095768688,0.9120656911030613,-0.013155641071087396,2.42861286636753e-15,3.396805041048303,-0.028815482020601132,4,-1.311115149730853,16,-2.6121455680184154,-0.030810946552825767,-0.050169294245919656
events_gatefix.csv,"A(淨現金 N2, gatefix)",全期 2010-2026,買方回來,3m,軸二 250 日線位置(緩衝對照),線下逾 10%,1085,47,18,768,高,0.4930875576036866,0.009651336505560094,-0.0025951828623961,535,550,0.1708143139025785,-0.14711628696244872,0.1175093529429156,-0.12161915034658645,1.1610836395441293,0.9662076458192738,0.00965133650556009,3.469446951953614e-16,2.3062305577382016,0.004539566932116263,11,1.2115400699953707,55,3.2011771226603662,-0.0020625550967686623,-0.022378705547827428
events_gatefix.csv,"A(淨現金 N2, gatefix)",全期 2010-2026,買方回來,3m,軸二 250 日線位置(緩衝對照),線之上,229,36,23,192,高,0.388646288209607,-0.019987078812053877,-0.0669584507470584,89,140,0.21389820897585102,-0.16867129747722204,0.1216790627226553,-0.13467615886623396,1.2681363822717768,0.9034937122279533,-0.0199870788120539,2.42861286636753e-15,1.4945570917341993,-0.03644660373953395,3,-0.7996195268568305,12,-1.8600860131886672,-0.03644660373953395,-0.060325949691528866
events_gatefix.csv,"A(淨現金 N2, gatefix)",全期 2010-2026,買方回來,6m,總表(三格進場),全部,1512,206,51,1016,高,0.4246031746031746,-0.007306069267635186,-0.05250731519827405,642,870,0.2712165954432089,-0.21283658736460292,0.18003576229800522,-0.19094039365686383,1.2742949828386283,0.9428898665703227,-0.00730606926763519,4.3368086899420177e-16,3.32550096723088,-0.0124973234711873,16,-2.3189101064322593,76,-6.192609623273744,-0.02450752603044157,-0.0553308862350407
events_gatefix.csv,"A(淨現金 N2, gatefix)",全期 2010-2026,買方回來,6m,軸一 行業殺 vs 個別殺,個別殺,1240,139,35,893,高,0.4129032258064516,-0.02137955564772293,-0.062026292571169955,512,728,0.2654737833098549,-0.2231225632662392,0.17608600230557944,-0.20471840566140953,1.189811462469981,0.8601376204385542,-0.02137955564772294,1.0408340855860843e-15,2.3951213801980296,-0.026573441347727707,13,-0.7326592177449819,62,-2.0173366103077726,-0.03743595791667114,-0.06790454312419653
events_gatefix.csv,"A(淨現金 N2, gatefix)",全期 2010-2026,買方回來,6m,軸一 行業殺 vs 個別殺,行業不明,1,1,0,1,低(樣本不足),0.0,-0.0774011983834809,-0.0774011983834809,0,1,,-0.0774011983834809,,-0.0774011983834809,,,-0.0774011983834809,0.0,-0.0774011983834809,,1,1.0,1,1.0,,
events_gatefix.csv,"A(淨現金 N2, gatefix)",全期 2010-2026,買方回來,6m,軸一 行業殺 vs 個別殺,行業殺,271,66,16,162,高,0.4797047970479705,0.057347872578950236,-0.0067259251971435,130,141,0.2938344401530343,-0.16068938830495702,0.18606018042993275,-0.1394851741229228,1.8285864626940642,1.3339065000984638,0.05734787257895023,6.938893903907228e-16,3.32550096723088,0.034880830673874354,3,0.398500860350495,14,0.9395208109211803,0.034880830673874354,0.0036572903371633442
events_gatefix.csv,"A(淨現金 N2, gatefix)",全期 2010-2026,買方回來,6m,軸二 200 日線位置,線下 10% 內,265,46,10,220,高,0.3886792452830189,-0.027464126648360655,-0.0788803976045753,103,162,0.2849311179293239,-0.22608579449713545,0.1622388807258254,-0.2112718053363083,1.2602787298647993,0.7679154370246852,-0.027464126648360662,6.938893903907228e-16,3.32550096723088,-0.05394478079085766,3,-0.941954530072289,14,-2.035800064751255,-0.05394478079085766,-0.08802602918812326
events_gatefix.csv,"A(淨現金 N2, gatefix)",全期 2010-2026,買方回來,6m,軸二 200 日線位置,線下逾 10%,1098,123,22,783,高,0.44808743169398907,0.0025839172694222343,-0.035334066126665856,492,606,0.26067329623697416,-0.20695399436760012,0.18253562864033485,-0.18890155057940833,1.2595712251581654,0.9663003192956987,0.0025839172694222534,1.908195823574488e-15,1.8745145258363929,-0.001925932399602842,11,4.922925453336534,55,15.568802151148864,-0.010239092252469635,-0.03962967235044869
events_gatefix.csv,"A(淨現金 N2, gatefix)",全期 2010-2026,買方回來,6m,軸二 200 日線位置,線之上,149,37,19,131,高,0.31543624161073824,-0.04433506263539892,-0.1229857838076641,47,102,0.35152951870698934,-0.22674325207747978,0.1767313256104059,-0.20038778887442354,1.550341699195834,0.8819465826890162,-0.04433506263539892,0.0,2.0910620379283267,-0.08255581135172976,2,-0.5781165701015959,8,-1.5036393062186877,-0.07091781394714869,-0.1172968213701431
events_gatefix.csv,"A(淨現金 N2, gatefix)",全期 2010-2026,買方回來,6m,軸二 250 日線位置(緩衝對照),線下 10% 內,282,39,10,243,高,0.3723404255319149,-0.04111521067063559,-0.0794126533585275,105,177,0.25814515656113723,-0.21864254716406012,0.1719452195539923,-0.1896071705264982,1.1806721057243996,0.9068497730151108,-0.041115210670635574,1.3877787807814457e-15,3.32550096723088,-0.0607142478217853,3,-0.46097637805034414,15,-1.0795462953612323,-0.0607142478217853,-0.09030441010239305
events_gatefix.csv,"A(淨現金 N2, gatefix)",全期 2010-2026,買方回來,6m,軸二 250 日線位置(緩衝對照),線下逾 10%,1019,113,18,734,高,0.4553483807654563,0.008924898142011872,-0.0331482442788785,464,555,0.2643274121615574,-0.2046008072725271,0.18241046649632942,-0.1889490137313718,1.2919177381811344,0.9653951766885737,0.008924898142011875,3.469446951953614e-16,1.8745145258363929,0.0040831043969678715,11,1.5515379109314449,51,4.671972516902489,-0.004976136557911765,-0.034498603643388956
events_gatefix.csv,"A(淨現金 N2, gatefix)",全期 2010-2026,買方回來,6m,軸二 250 日線位置(緩衝對照),線之上,211,54,23,177,高,0.3459715639810427,-0.040505964598366154,-0.1204585192024034,73,138,0.3338067615432614,-0.23851197190516918,0.1767313256104059,-0.2188050322188022,1.399538810890301,0.8077114306661688,-0.04050596459836617,1.3877787807814457e-15,2.3951213801980296,-0.07096574148081593,3,-0.7270728049419758,11,-1.5915163588119643,-0.07096574148081593,-0.11074532272986103
events_gatefix.csv,"A(淨現金 N2, gatefix)",全期 2010-2026,買方回來,12m,總表(三格進場),全部,1396,322,51,942,高,0.43123209169054444,0.020732425530799146,-0.0647243850506862,602,794,0.4229270309807654,-0.2842060536642634,0.2546968608872304,-0.2476206935679254,1.4881000088772742,1.0285766396069154,0.02073242553079918,3.469446951953614e-15,7.021457922676005,0.010297258047559642,14,1.3677405384170036,70,3.8641185823093833,-0.00770138787628915,-0.0625148226288641
events_gatefix.csv,"A(淨現金 N2, gatefix)",全期 2010-2026,買方回來,12m,軸一 行業殺 vs 個別殺,個別殺,1141,238,35,831,高,0.4127957931638913,0.004052662920263864,-0.0786603542216793,471,670,0.42822990201624567,-0.29413760516064275,0.2461235408683475,-0.26025461980527076,1.4558828742158578,0.9457028699529081,0.00405266292026385,1.3877787807814457e-15,7.021457922676005,-0.008764760271286438,12,7.5073374653246585,58,20.36666335893427,-0.026652350430798513,-0.08268990141295265
events_gatefix.csv,"A(淨現金 N2, gatefix)",全期 2010-2026,買方回來,12m,軸一 行業殺 vs 個別殺,行業不明,1,1,0,1,低(樣本不足),1.0,0.3706539719481132,0.3706539719481132,1,0,0.3706539719481132,,0.3706539719481132,,,,0.3706539719481132,0.0,0.3706539719481132,,1,1.0,1,1.0,,
events_gatefix.csv,"A(淨現金 N2, gatefix)",全期 2010-2026,買方回來,12m,軸一 行業殺 vs 個別殺,行業殺,254,83,16,147,高,0.5118110236220472,0.09428237668120643,0.013732303104339,130,124,0.40411642176016077,-0.2305436383209232,0.2662954293948867,-0.1739906886547275,1.7528847237051903,1.5305154054728274,0.09428237668120637,5.551115123125783e-15,2.614167005250864,0.06845820719792337,3,0.2824783583433944,13,0.7665880039663046,0.06845820719792337,0.0231937177755939
events_gatefix.csv,"A(淨現金 N2, gatefix)",全期 2010-2026,買方回來,12m,軸二 200 日線位置,線下 10% 內,249,62,10,206,高,0.3654618473895582,-0.02927466075671743,-0.1213756081954566,91,158,0.42388734320204485,-0.2902730301253717,0.282693120318306,-0.2737264898554024,1.4603056405859127,1.0327576277606172,-0.029274660756717474,4.5102810375396984e-15,2.614167005250864,-0.0555562880311698,3,-0.8748956860492356,13,-2.5285523237861627,-0.0555562880311698,-0.10898727071207864
events_gatefix.csv,"A(淨現金 N2, gatefix)",全期 2010-2026,買方回來,12m,軸二 200 日線位置,線下逾 10%,1014,207,22,728,高,0.46646942800788954,0.03767430926043249,-0.034305344875055904,473,541,0.3920992420494455,-0.272201833455285,0.2493628538040955,-0.2330058801488921,1.440472450432103,1.0701998320589645,0.0376743092604325,6.938893903907228e-16,3.2587107835514573,0.02945544360521958,11,0.6454763769602274,51,1.9148787562316527,0.013502913929344754,-0.036292802856535925
events_gatefix.csv,"A(淨現金 N2, gatefix)",全期 2010-2026,買方回來,12m,軸二 200 日線位置,線之上,133,53,19,115,高,0.2857142857142857,-0.014811225719250356,-0.1882182603247593,38,95,0.8043521823591293,-0.3424765889506022,0.2979723623033602,-0.3279265137453498,2.3486340623275326,0.908655902507321,-0.014811225719250365,8.673617379884035e-16,7.021457922676005,-0.1197430220787505,2,-5.756492702021236,7,-10.38923574049889,-0.10159975433476234,-0.17806012695129825
events_gatefix.csv,"A(淨現金 N2, gatefix)",全期 2010-2026,買方回來,12m,軸二 250 日線位置(緩衝對照),線下 10% 內,263,58,10,227,高,0.34980988593155893,-0.053062564981955614,-0.1562398362143983,92,171,0.41976606356864776,-0.30744989730157846,0.29085992135911093,-0.2945006620718922,1.3653153481358886,0.987637580550184,-0.05306256498195561,6.938893903907228e-16,2.614167005250864,-0.07820350352884406,3,-0.45698664174642994,14,-1.3688792051710328,-0.07820350352884406,-0.13276620954844223
events_gatefix.csv,"A(淨現金 N2, gatefix)",全期 2010-2026,買方回來,12m,軸二 250 日線位置(緩衝對照),線下逾 10%,940,192,18,681,高,0.4787234042553192,0.049748576664394535,-0.021476508763541298,450,490,0.39090460428850404,-0.2635579793169306,0.2460580074420044,-0.224477828456072,1.4831825820702553,1.096135013129617,0.049748576664394556,2.0816681711721685e-15,3.2587107835514573,0.04091928063962568,10,0.4912976976959306,47,1.4529357224356076,0.025579336082146572,-0.023718850012242873
events_gatefix.csv,"A(淨現金 N2, gatefix)",全期 2010-2026,買方回來,12m,軸二 250 日線位置(緩衝對照),線之上,193,72,23,160,高,0.31088082901554404,-0.02002974835896852,-0.1523857614203515,60,133,0.6679420478713051,-0.3303929647034528,0.2988962820310027,-0.3247230365569715,2.02165941538986,0.9204652838929782,-0.020029748358968508,1.3877787807814457e-15,7.021457922676005,-0.09190758569925363,2,-2.9333764280166514,10,-6.344339870633456,-0.0796095090600759,-0.15514381933335963
events_gatefix.csv,"A(淨現金 N2, gatefix)",建表年份 2010-2021,觸發日即買,1m,總表(三格進場),全部,685,0,0,497,高,0.5065693430656935,0.0037710330447218183,0.000827829429691,347,338,0.09997527565280083,-0.09499486099374983,0.072141749516206,-0.06812568983399159,1.0524282535597234,1.0589507378494183,0.0037710330447218235,5.204170427930421e-16,0.7289663457738649,0.0009559543242393273,7,1.509193344303762,35,4.406949364950102,-0.0019400098456526416,-0.013539518871216578
events_gatefix.csv,"A(淨現金 N2, gatefix)",建表年份 2010-2021,觸發日即買,1m,軸一 行業殺 vs 個別殺,個別殺,567,0,0,439,高,0.5008818342151675,0.003390148983149325,0.0002156425914934,284,283,0.102751804835159,-0.09632260812628794,0.0731495740682235,-0.0684176080509288,1.0667464973585619,1.0691629852621027,0.0033901489831493214,3.469446951953614e-16,0.7289663457738649,-1.592608698150497e-05,6,1.7543962885629194,29,5.079593019629086,-0.002584868920836602,-0.014575934476020335
events_gatefix.csv,"A(淨現金 N2, gatefix)",建表年份 2010-2021,觸發日即買,1m,軸一 行業殺 vs 個別殺,行業殺,118,0,0,74,高,0.5338983050847458,0.005601213238887951,0.0118473143821655,63,55,0.08745885838629727,-0.0881629984754173,0.0637258927264796,-0.063200029082032,0.9920132016685395,1.0083206234567559,0.005601213238887938,1.3010426069826053e-15,0.5261583729519421,-0.0028208799445717373,2,1.1473948663025444,6,2.4389464480417877,-0.0008398243881413381,-0.008491623353473653
events_gatefix.csv,"A(淨現金 N2, gatefix)",建表年份 2010-2021,觸發日即買,1m,軸二 200 日線位置,線下 10% 內,121,0,0,102,高,0.4462809917355372,-0.005310552958942557,-0.0224201475968953,54,67,0.09258124598608405,-0.0842084207653819,0.06496319990208095,-0.069042145743116,1.0994297855796415,0.9409209288452373,-0.00531055295894254,1.734723475976807e-15,0.5261583729519421,-0.01678664457158196,2,-1.487041652586377,7,-3.2396466231013097,-0.013429542313158592,-0.023897359808955784
events_gatefix.csv,"A(淨現金 N2, gatefix)",建表年份 2010-2021,觸發日即買,1m,軸二 200 日線位置,線下逾 10%,484,0,0,370,高,0.5433884297520661,0.010622047804831732,0.0127797223191853,263,221,0.10108462433267297,-0.097032511592554,0.0752709986143269,-0.0648074154722914,1.0417603612811144,1.1614565719953645,0.010622047804831738,6.938893903907228e-16,0.6269893497150107,0.007144335958418377,5,0.5141651460451736,25,1.56658574154082,0.005214429113314011,-0.006346094995155536
events_gatefix.csv,"A(淨現金 N2, gatefix)",建表年份 2010-2021,觸發日即買,1m,軸二 200 日線位置,線之上,80,0,0,67,中,0.375,-0.023941707423400783,-0.02340136188544175,30,50,0.10355923895934521,-0.10044227525304837,0.054996122009563,-0.08598670847412715,1.031032388488255,0.639588640913159,-0.023941707423400772,1.0408340855860843e-15,0.7289663457738649,-0.040023326892516684,1,-0.3805943812205768,4,-0.7024274838291551,-0.03347218910944211,-0.042904232344625245
events_gatefix.csv,"A(淨現金 N2, gatefix)",建表年份 2010-2021,觸發日即買,1m,軸二 250 日線位置(緩衝對照),線下 10% 內,127,0,0,114,高,0.4409448818897638,-0.013327869302326071,-0.018953970682816,56,71,0.08373470872466493,-0.08988426887291051,0.0661860881613397,-0.0616859105555538,0.9315835771336073,1.072953087102979,-0.013327869302326066,5.204170427930421e-16,0.3827085241807986,-0.020696348187142305,2,-0.38359368194222293,7,-0.9477037733966396,-0.018735401452617262,-0.0274730012424806
events_gatefix.csv,"A(淨現金 N2, gatefix)",建表年份 2010-2021,觸發日即買,1m,軸二 250 日線位置(緩衝對照),線下逾 10%,445,0,0,340,高,0.550561797752809,0.013713411501707995,0.0128100350609221,245,200,0.10483568444321051,-0.09791137285163255,0.0752709986143269,-0.0666684889365787,1.070720197152894,1.1290341181413563,0.01371341150170801,1.5612511283791264e-15,0.6269893497150107,0.00989610702393379,5,0.4446007130459268,23,1.3239376440132877,0.0077029691853218165,-0.00468440555662409
events_gatefix.csv,"A(淨現金 N2, gatefix)",建表年份 2010-2021,觸發日即買,1m,軸二 250 日線位置(緩衝對照),線之上,113,0,0,91,高,0.40707964601769914,-0.016165230807346904,-0.0200515231864896,46,67,0.09385944074682781,-0.09170455754603404,0.056100978796406145,-0.076191278390915,1.0234981036761674,0.7363175941026814,-0.01616523080734692,1.734723475976807e-15,0.7289663457738649,-0.027210278709835667,2,-0.5209650401128436,6,-0.9314284528077852,-0.02502975544447084,-0.03297275233840346
events_gatefix.csv,"A(淨現金 N2, gatefix)",建表年份 2010-2021,觸發日即買,3m,總表(三格進場),全部,685,0,0,497,高,0.5124087591240876,0.029961358077141044,0.0042188998701093,351,334,0.2012409817463976,-0.15003609074893393,0.1377678264328576,-0.12981844619509358,1.3412838253907087,1.0612345970141834,0.02996135807714105,6.938893903907228e-16,1.1245123772670025,0.025753513519300268,7,0.2984327841930355,35,1.1124722208961138,0.02123692625230547,-0.0035512723562151375
events_gatefix.csv,"A(淨現金 N2, gatefix)",建表年份 2010-2021,觸發日即買,3m,軸一 行業殺 vs 個別殺,個別殺,567,0,0,439,高,0.49206349206349204,0.019847742453003758,-0.0048367843648362,279,288,0.20213612408457993,-0.15674412725258563,0.1377678264328576,-0.1395026446670386,1.2895929667517767,0.9875642627541461,0.01984774245300376,3.469446951953614e-16,1.1245123772670025,0.014705737425840934,6,0.4769166289303032,29,1.7265332344934214,0.010493061720605488,-0.01519733316699889
events_gatefix.csv,"A(淨現金 N2, gatefix)",建表年份 2010-2021,觸發日即買,3m,軸一 行業殺 vs 個別殺,行業殺,118,0,0,74,高,0.6101694915254238,0.07855813823719053,0.038736945196105446,72,46,0.19777230518594102,-0.10803794916085371,0.13476360582219304,-0.10555698091267479,1.8305818161309702,1.276690604988791,0.07855813823719054,1.3877787807814457e-15,0.6761377981809862,0.06407185182246221,2,0.13961199716742498,6,0.3669982054943337,0.06875583276179933,0.052391412609871124
events_gatefix.csv,"A(淨現金 N2, gatefix)",建表年份 2010-2021,觸發日即買,3m,軸二 200 日線位置,線下 10% 內,121,0,0,102,高,0.4132231404958678,-0.003787132048825855,-0.0180988065378852,50,71,0.17102099493557887,-0.12689144682657563,0.1102763752968258,-0.1077149392423674,1.3477740163946252,1.023779766042433,-0.0037871320488258448,1.0408340855860843e-15,0.716217057428205,-0.021064061774856972,2,-3.06477723424078,7,-8.042394152151973,-0.015652568271855863,-0.036347487927187346
events_gatefix.csv,"A(淨現金 N2, gatefix)",建表年份 2010-2021,觸發日即買,3m,軸二 200 日線位置,線下逾 10%,484,0,0,370,高,0.5516528925619835,0.04467812385845161,0.02126896036561805,267,217,0.20527290545547897,-0.1529200636365083,0.1443816601305563,-0.1400307696453248,1.342354303117566,1.0310709603057358,0.0446781238584516,6.938893903907228e-16,1.1245123772670025,0.03880369622621984,5,0.21123659506582154,25,0.7774508871571943,0.03560832368417748,0.010484638746925547
events_gatefix.csv,"A(淨現金 N2, gatefix)",建表年份 2010-2021,觸發日即買,3m,軸二 200 日線位置,線之上,80,0,0,67,中,0.425,-0.008030483584262962,-0.046013435618159654,34,46,0.2140196791056977,-0.17215451687684255,0.15068175060259645,-0.12832101892452724,1.2431836410008632,1.1742561886234772,-0.008030483584262935,2.7755575615628914e-15,0.7992374428238906,-0.03476897727620701,1,-1.2440680477669588,4,-3.9569139166426734,-0.0182490649312016,-0.04190149035389853
events_gatefix.csv,"A(淨現金 N2, gatefix)",建表年份 2010-2021,觸發日即買,3m,軸二 250 日線位置(緩衝對照),線下 10% 內,127,0,0,114,高,0.4566929133858268,-0.0008677918144671414,-0.0161750950129365,58,69,0.15973185171495058,-0.13586459362180375,0.11040442757336705,-0.1077149392423674,1.1756694474763922,1.024968573068106,-0.0008677918144671254,1.6046192152785466e-15,0.731241176472126,-0.018111801478648163,2,-13.133690291083768,7,-35.831930938083225,-0.012461342354701256,-0.033826924322867796
events_gatefix.csv,"A(淨現金 N2, gatefix)",建表年份 2010-2021,觸發日即買,3m,軸二 250 日線位置(緩衝對照),線下逾 10%,445,0,0,340,高,0.550561797752809,0.04719484520555434,0.0259719375516476,245,200,0.21257860222428024,-0.15540025714238484,0.1498958444629896,-0.14106256444128246,1.3679424097059631,1.062619590510734,0.047194845205554364,2.7755575615628914e-15,1.1245123772670025,0.04081916754251775,5,0.21749780124706217,23,0.742285838279505,0.037349730031141164,0.012825680299778925
events_gatefix.csv,"A(淨現金 N2, gatefix)",建表年份 2010-2021,觸發日即買,3m,軸二 250 日線位置(緩衝對照),線之上,113,0,0,91,高,0.4247787610619469,-0.0032563387008207384,-0.0282518674200169,48,65,0.19352874267853656,-0.14857455264249994,0.12148313127895145,-0.1231460074798205,1.3025699168296025,0.9864967104098642,-0.0032563387008207184,1.994931997373328e-15,0.7992374428238906,-0.02184308033381496,2,-3.9593822400842105,6,-9.401047839391712,-0.016440409011009596,-0.03576854963327479
events_gatefix.csv,"A(淨現金 N2, gatefix)",建表年份 2010-2021,觸發日即買,6m,總表(三格進場),全部,685,0,0,497,高,0.47153284671532847,0.030152928374735634,-0.0191364763572364,323,362,0.29290137737732874,-0.20428836728227417,0.1814164485664047,-0.16738704270291985,1.433764346320386,1.0838141688684015,0.03015292837473567,3.469446951953614e-15,3.5697477446936787,0.018565740569017206,7,0.6699138908440988,35,1.7615072491249342,0.010055823042342276,-0.024198071345690266
events_gatefix.csv,"A(淨現金 N2, gatefix)",建表年份 2010-2021,觸發日即買,6m,軸一 行業殺 vs 個別殺,個別殺,567,0,0,439,高,0.4567901234567901,0.017236712690446004,-0.0276733187819571,259,308,0.2907597316668893,-0.21277128053974498,0.1760542981141684,-0.1804799779036656,1.3665365500894109,0.9754782783059764,0.017236712690445966,3.816391647148976e-15,3.5697477446936787,0.003156551820671425,6,1.268269890845544,29,3.1443216835187524,-0.004673546551060819,-0.03895338139639112
events_gatefix.csv,"A(淨現金 N2, gatefix)",建表年份 2010-2021,觸發日即買,6m,軸一 行業殺 vs 個別殺,行業殺,118,0,0,74,高,0.5423728813559322,0.09221643933229683,0.0191836567367622,64,54,0.3015683498617632,-0.155904343517441,0.22645534914033116,-0.13395027146372696,1.934316537037512,1.6905926853731992,0.09221643933229684,1.3877787807814457e-15,1.4418322033578748,0.06514408272681149,2,0.22714512535384504,6,0.5117534725553323,0.072498716464968,0.04743637536359003
events_gatefix.csv,"A(淨現金 N2, gatefix)",建表年份 2010-2021,觸發日即買,6m,軸二 200 日線位置,線下 10% 內,121,0,0,102,高,0.4297520661157025,-0.02167903396854687,-0.0274120810396764,52,69,0.22485739605595254,-0.20747460442179277,0.1400465315141393,-0.1941822729763767,1.083782743833172,0.7212117222007011,-0.021679033968546854,1.734723475976807e-15,0.948120560229579,-0.04214351486540656,2,-0.657118196483179,7,-1.7246932819617495,-0.03652849850627034,-0.06269574477049074
events_gatefix.csv,"A(淨現金 N2, gatefix)",建表年份 2010-2021,觸發日即買,6m,軸二 200 日線位置,線下逾 10%,484,0,0,370,高,0.4855371900826446,0.04156668387682481,-0.009702921832939651,235,249,0.29886094718502326,-0.20126123530962758,0.1874064404043758,-0.1660893506378326,1.4849404393510988,1.1283471196959902,0.04156668387682477,3.469446951953614e-15,3.5697477446936787,0.028249762805820967,5,0.46791958017015506,25,1.2812297206421157,0.02234768310298088,-0.012326485527307465
events_gatefix.csv,"A(淨現金 N2, gatefix)",建表年份 2010-2021,觸發日即買,6m,軸二 200 日線位置,線之上,80,0,0,67,中,0.45,0.039495550631310994,-0.0480848213408889,36,44,0.35228438081908825,-0.21642258315868856,0.17867559383820458,-0.13391764658304578,1.627761648888467,1.3342199358872637,0.03949555063131098,1.3877787807814457e-15,2.883677630648528,-0.034530338560575635,1,0.912659016191316,4,2.041356294237481,0.0034932458209664848,-0.0432936213097798
events_gatefix.csv,"A(淨現金 N2, gatefix)",建表年份 2010-2021,觸發日即買,6m,軸二 250 日線位置(緩衝對照),線下 10% 內,127,0,0,114,高,0.4409448818897638,-0.013062401461396844,-0.0215866331078159,56,71,0.21880916674033551,-0.19594701863459424,0.166821510111895,-0.1625268667566015,1.1166751516050113,1.0264242056774842,-0.013062401461396866,2.2551405187698492e-15,0.948120560229579,-0.03281865103435785,2,-1.0390633856366116,7,-2.7752412288100516,-0.027061225581195187,-0.05219035000942017
events_gatefix.csv,"A(淨現金 N2, gatefix)",建表年份 2010-2021,觸發日即買,6m,軸二 250 日線位置(緩衝對照),線下逾 10%,445,0,0,340,高,0.48764044943820223,0.04705474349441638,-0.0070391355054277,217,228,0.31031897186970125,-0.2035081405294293,0.1914886019609769,-0.1741204888244729,1.5248479547914007,1.0997476704422326,0.04705474349441639,1.3877787807814457e-15,3.5697477446936787,0.03260004924939359,5,0.4495712574627429,23,1.1690340306092897,0.026194604693090717,-0.008387356786032295
events_gatefix.csv,"A(淨現金 N2, gatefix)",建表年份 2010-2021,觸發日即買,6m,軸二 250 日線位置(緩衝對照),線之上,113,0,0,91,高,0.4424778761061947,0.012162124489168345,-0.0508309848949908,50,63,0.3002922931938645,-0.21651261257805088,0.1505313224180867,-0.1875767621161912,1.3869505781590983,0.802505175586956,0.012162124489168327,1.734723475976807e-15,2.883677630648528,-0.04040145502175619,2,3.218444690760776,6,5.506716810598371,-0.027467144654544914,-0.05788477897509846
events_gatefix.csv,"A(淨現金 N2, gatefix)",建表年份 2010-2021,觸發日即買,12m,總表(三格進場),全部,685,0,0,497,高,0.5065693430656935,0.08393903390477028,0.0084253664530926,347,338,0.45211657890867646,-0.2940420551968731,0.297582223494524,-0.26732522523691093,1.5375915482768818,1.1131842243125336,0.08393903390477028,0.0,11.705683397360184,0.056968053594456766,7,0.4716186286147338,35,1.0742129044156057,0.044809731512447624,-0.006564786549908337
events_gatefix.csv,"A(淨現金 N2, gatefix)",建表年份 2010-2021,觸發日即買,12m,軸一 行業殺 vs 個別殺,個別殺,567,0,0,439,高,0.47266313932980597,0.06041756528906071,-0.027703631619627,268,299,0.4638114181089571,-0.3011528445963314,0.28758203447503183,-0.2776956403326895,1.540119664918507,1.03560154610457,0.06041756528906067,4.163336342344337e-15,11.705683397360184,0.027678606109129922,6,0.7348349043405988,29,1.6022720652383875,0.016191973110177428,-0.038349236624202886
events_gatefix.csv,"A(淨現金 N2, gatefix)",建表年份 2010-2021,觸發日即買,12m,軸一 行業殺 vs 個別殺,行業殺,118,0,0,74,高,0.6694915254237288,0.19696168394805275,0.1570586500500006,79,39,0.4124429471912687,-0.23952600313435918,0.3532019345809758,-0.1822939417285646,1.721913035721278,1.9375407171067316,0.19696168394805272,2.7755575615628914e-15,1.2574204879185324,0.17020898171358453,2,0.10710395538257031,6,0.2945717250092868,0.17889848627182542,0.14638568064031635
events_gatefix.csv,"A(淨現金 N2, gatefix)",建表年份 2010-2021,觸發日即買,12m,軸二 200 日線位置,線下 10% 內,121,0,0,102,高,0.39669421487603307,-0.04920716257796727,-0.1170016381830861,48,73,0.3144000331263209,-0.28829134605475953,0.2231830614097284,-0.2803030987891898,1.0905635477056677,0.7962204569760386,-0.0492071625779673,2.7755575615628914e-15,1.8894103837943388,-0.08162102911115572,2,-0.4978398453627251,7,-1.0189537195647336,-0.07494317901822722,-0.10544723731436531
events_gatefix.csv,"A(淨現金 N2, gatefix)",建表年份 2010-2021,觸發日即買,12m,軸二 200 日線位置,線下逾 10%,484,0,0,370,高,0.5681818181818182,0.12365708657183845,0.05897245967823925,275,209,0.4258375806549534,-0.27394882669541815,0.3111886784324507,-0.2281536485847444,1.5544420678552797,1.3639434668819863,0.12365708657183846,1.3877787807814457e-15,3.3397619190827053,0.10841933148503188,5,0.19237441250077486,25,0.602467194998034,0.100911097203456,0.051835185764497964
events_gatefix.csv,"A(淨現金 N2, gatefix)",建表年份 2010-2021,觸發日即買,12m,軸二 200 日線位置,線之上,80,0,0,67,中,0.3,0.0450284374491485,-0.19271992366919874,24,56,1.0286631921306308,-0.376529314557201,0.2497125067066826,-0.3892294200266465,2.7319604406906275,0.6415560948337033,0.045028437449148584,8.326672684688674e-15,11.705683397360184,-0.18013579417774722,1,3.2495252057601496,4,5.189200844172815,-0.10257478989149754,-0.19856122965658493
events_gatefix.csv,"A(淨現金 N2, gatefix)",建表年份 2010-2021,觸發日即買,12m,軸二 250 日線位置(緩衝對照),線下 10% 內,127,0,0,114,高,0.4015748031496063,-0.042366300839693005,-0.1242287762533221,51,76,0.32657209832585166,-0.2899433844902559,0.2521354959442994,-0.27456231647425544,1.126330572777137,0.9183179220734069,-0.04236630083969306,5.551115123125783e-15,1.8894103837943388,-0.07315976099413035,2,-0.5509080009729191,7,-1.1783577340733673,-0.06675753470300809,-0.09767248171228736
events_gatefix.csv,"A(淨現金 N2, gatefix)",建表年份 2010-2021,觸發日即買,12m,軸二 250 日線位置(緩衝對照),線下逾 10%,445,0,0,340,高,0.5820224719101124,0.14041803298697195,0.0726866982024452,259,186,0.43454533312120697,-0.2691463258020973,0.3265393880538194,-0.2238769403565877,1.614531916147082,1.458566422846911,0.14041803298697192,2.7755575615628914e-15,3.3397619190827053,0.1239495321781291,5,0.18425903071005453,23,0.544126861087354,0.11584638713383665,0.06750165926227751
events_gatefix.csv,"A(淨現金 N2, gatefix)",建表年份 2010-2021,觸發日即買,12m,軸二 250 日線位置(緩衝對照),線之上,113,0,0,91,高,0.3274336283185841,0.003475519931027858,-0.1795735655186926,37,76,0.7481630969810728,-0.3590697478433362,0.2231901673305545,-0.37554090451127364,2.08361495635522,0.5943165302352686,0.0034755199310278484,9.54097911787244e-16,11.705683397360184,-0.15527270359465695,2,38.97363969428097,6,52.239545986715676,-0.1343561261446782,-0.18807008557665714
events_gatefix.csv,"A(淨現金 N2, gatefix)",建表年份 2010-2021,跌勢衰竭,1m,總表(三格進場),全部,685,0,0,497,高,0.5124087591240876,0.014246066345572557,0.0031792123204146,351,334,0.11237829333548152,-0.08888091471268506,0.0773999611066573,-0.06785663903267666,1.264369225932853,1.1406394747813107,0.014246066345572558,1.734723475976807e-16,0.7576747152682597,0.011278092197789684,7,0.42197754632838586,35,1.3366537488985464,0.008319563663129753,-0.005054237346110268
events_gatefix.csv,"A(淨現金 N2, gatefix)",建表年份 2010-2021,跌勢衰竭,1m,軸一 行業殺 vs 個別殺,個別殺,567,0,0,439,高,0.5044091710758377,0.008188948049261437,0.0021581225056428,286,281,0.10693396301487634,-0.09231309565239644,0.07459511612908551,-0.0679793791140541,1.1583834585889585,1.097319762275729,0.00818894804926143,6.938893903907228e-16,0.7576747152682597,0.004651106183403036,6,0.7467951835894192,29,2.2609372381536836,0.002095657355723566,-0.010882341983760924
events_gatefix.csv,"A(淨現金 N2, gatefix)",建表年份 2010-2021,跌勢衰竭,1m,軸一 行業殺 vs 個別殺,行業殺,118,0,0,74,高,0.5508474576271186,0.04335103307445736,0.007095087346250251,65,53,0.13633334674614428,-0.07068387991912094,0.1096843008989134,-0.067651734310017,1.9287756543944934,1.6213080421010397,0.043351033074457354,6.938893903907228e-16,0.6504215157449131,0.03193509935013851,2,0.21251942918423677,6,0.47646419687200003,0.03472668413766683,0.023911665305478693
events_gatefix.csv,"A(淨現金 N2, gatefix)",建表年份 2010-2021,跌勢衰竭,1m,軸二 200 日線位置,線下 10% 內,121,0,0,102,高,0.47107438016528924,0.006349284043593351,-0.0088611059572553,57,64,0.10600762402836393,-0.08240892500534293,0.0773253879825517,-0.061614601273938,1.2863609617707183,1.2549847987940987,0.006349284043593362,1.0408340855860843e-15,0.6034346044121959,-0.0055526045943063325,2,1.4121754999008858,7,3.0782434736831106,-0.0026610028427426634,-0.014005599414606499
events_gatefix.csv,"A(淨現金 N2, gatefix)",建表年份 2010-2021,跌勢衰竭,1m,軸二 200 日線位置,線下逾 10%,484,0,0,370,高,0.518595041322314,0.013983835496539145,0.00381601729984865,251,233,0.1075935030189757,-0.08685748016067792,0.0748113597111068,-0.0674993506163735,1.2387361781614912,1.1083271028234103,0.013983835496539143,1.734723475976807e-16,0.7576747152682597,0.010080451319674047,5,0.41530733064012487,25,1.3459673582451614,0.008261593140940809,-0.005101455560867791
events_gatefix.csv,"A(淨現金 N2, gatefix)",建表年份 2010-2021,跌勢衰竭,1m,軸二 200 日線位置,線之上,80,0,0,67,中,0.5375,0.027776446213968253,0.0128884333235791,43,37,0.14875295659010154,-0.11281787665559205,0.1173144760162954,-0.1105325977269119,1.3185229238466465,1.0613563639039696,0.02777644621396825,3.469446951953614e-16,0.6588003368114648,0.011799773726609982,1,0.29647436344834066,4,0.732863337851246,0.01978880202918981,0.007810639082056703
events_gatefix.csv,"A(淨現金 N2, gatefix)",建表年份 2010-2021,跌勢衰竭,1m,軸二 250 日線位置(緩衝對照),線下 10% 內,127,0,0,114,高,0.5196850393700787,0.012537370302358228,0.0053662792714963,66,61,0.09898485246930534,-0.08099597105860094,0.06871162517609794,-0.0544438225519476,1.2220960027467214,1.262064674289479,0.01253737030235822,6.938893903907228e-16,0.6034346044121959,0.0013610912661012268,2,0.6813788122000991,7,1.5262920632038586,0.0040585865667065795,-0.006983220395120993
events_gatefix.csv,"A(淨現金 N2, gatefix)",建表年份 2010-2021,跌勢衰竭,1m,軸二 250 日線位置(緩衝對照),線下逾 10%,445,0,0,340,高,0.5191011235955056,0.01576527646005562,0.0037879981784936,231,214,0.11165677691951566,-0.08774377310132411,0.0773999611066573,-0.06757554246319525,1.2725322034029407,1.145384236446387,0.015765276460055634,1.3877787807814457e-15,0.7576747152682597,0.011529567260549815,5,0.40066339164210596,23,1.2160332488627894,0.009556078997523757,-0.0035914493657208863
events_gatefix.csv,"A(淨現金 N2, gatefix)",建表年份 2010-2021,跌勢衰竭,1m,軸二 250 日線位置(緩衝對照),線之上,113,0,0,91,高,0.4778761061946903,0.010183729146840311,-0.0101829291779419,54,59,0.13183454128466193,-0.10115769213184386,0.1082034110986707,-0.0889113677792695,1.3032577009846706,1.216980615654181,0.010183729146840327,1.5612511283791264e-15,0.6588003368114648,-0.0014797429688685106,2,0.8583203029788954,6,1.9142204116538557,0.0014688245548453497,-0.009832238831457162
events_gatefix.csv,"A(淨現金 N2, gatefix)",建表年份 2010-2021,跌勢衰竭,3m,總表(三格進場),全部,685,0,0,497,高,0.5007299270072992,0.026158205119569507,0.0004854322125962,343,342,0.2017338495811413,-0.14993081841937528,0.133014950116427,-0.1294012717890027,1.3455128952665785,1.0279261422817902,0.026158205119569497,1.0408340855860843e-15,2.921219219496061,0.01702465538112161,7,0.5901626970664982,35,1.43718454480369,0.010831292981582892,-0.012051745621054124
events_gatefix.csv,"A(淨現金 N2, gatefix)",建表年份 2010-2021,跌勢衰竭,3m,軸一 行業殺 vs 個別殺,個別殺,567,0,0,439,高,0.4991181657848324,0.019780916858613957,-0.0003923188242601,283,284,0.19685999926804826,-0.15667464765501246,0.1273681739287921,-0.14063695680275268,1.2564891781440055,0.9056522327017469,0.019780916858613967,1.0408340855860843e-15,2.921219219496061,0.008702525393358055,6,0.8440438549931126,29,1.9330251931962807,0.0031179497148478815,-0.019450938977017943
events_gatefix.csv,"A(淨現金 N2, gatefix)",建表年份 2010-2021,跌勢衰竭,3m,軸一 行業殺 vs 個別殺,行業殺,118,0,0,74,高,0.5084745762711864,0.05680161566161861,0.00680961324674015,60,58,0.22472217689122995,-0.11690930974832421,0.1804694910888609,-0.09783715751410595,1.9221923162064614,1.8445904978672465,0.05680161566161857,3.469446951953614e-15,1.108143796587465,0.036787909151097045,2,0.2679494239363564,6,0.596583556112965,0.04229858056068243,0.02414227932210088
events_gatefix.csv,"A(淨現金 N2, gatefix)",建表年份 2010-2021,跌勢衰竭,3m,軸二 200 日線位置,線下 10% 內,121,0,0,102,高,0.47107438016528924,0.010273864923414734,-0.0104568664141279,57,64,0.17052419869233215,-0.13244908858952736,0.1143811414919713,-0.11688850940596901,1.2874697780730169,0.9785490641745692,0.010273864923414727,6.938893903907228e-16,0.9173784361227636,-0.007627644429519122,2,1.2646552452159388,7,3.1955896838523183,-0.0027647302614725302,-0.023942282566106397
events_gatefix.csv,"A(淨現金 N2, gatefix)",建表年份 2010-2021,跌勢衰竭,3m,軸二 200 日線位置,線下逾 10%,484,0,0,370,高,0.5165289256198347,0.030930114683572152,0.009660024506236,250,234,0.2007383070363001,-0.15048889424028253,0.13944794835533336,-0.1301647633792425,1.3339077813661477,1.0713187250918574,0.030930114683572124,2.7755575615628914e-15,2.921219219496061,0.020389355907799053,5,0.44716707337056316,25,1.1481138131964135,0.01727767419124763,-0.004830696685270024
events_gatefix.csv,"A(淨現金 N2, gatefix)",建表年份 2010-2021,跌勢衰竭,3m,軸二 200 日線位置,線之上,80,0,0,67,中,0.45,0.02131321680403756,-0.0172162854326615,36,44,0.2580626200498191,-0.17239084039705646,0.134910998979395,-0.15077205750561373,1.4969624804626538,0.8948010739614125,0.02131321680403754,2.0816681711721685e-15,1.8661342617849628,-0.036226269736994374,1,1.0944700880578968,4,2.9220281896180076,-0.0020389483223032428,-0.04312063527242146
events_gatefix.csv,"A(淨現金 N2, gatefix)",建表年份 2010-2021,跌勢衰竭,3m,軸二 250 日線位置(緩衝對照),線下 10% 內,127,0,0,114,高,0.47244094488188976,0.011805139048951195,-0.0039676081668214,60,67,0.1600784459513753,-0.12097692683381668,0.1120770869838424,-0.0855262606300982,1.3232146835013547,1.3104406314287111,0.011805139048951183,1.214306433183765e-15,0.654762120725652,-0.0023077613096237886,2,0.8176215361419048,7,2.3606405410752824,0.002187451175384998,-0.016999532912044212
events_gatefix.csv,"A(淨現金 N2, gatefix)",建表年份 2010-2021,跌勢衰竭,3m,軸二 250 日線位置(緩衝對照),線下逾 10%,445,0,0,340,高,0.5235955056179775,0.035872372927987194,0.0139152465443557,233,212,0.20790649855597598,-0.1532028689178684,0.147040522030303,-0.1301647633792425,1.3570666138597836,1.129649209301691,0.03587237292798719,6.938893903907228e-16,2.921219219496061,0.024435091940626073,5,0.4291413745137142,23,1.0450377063860983,0.02071075865604089,-0.0017036639400236228
events_gatefix.csv,"A(淨現金 N2, gatefix)",建表年份 2010-2021,跌勢衰竭,3m,軸二 250 日線位置(緩衝對照),線之上,113,0,0,91,高,0.4424778761061947,0.004034618537469085,-0.0265827946861501,50,63,0.2229557897141306,-0.16971234271384958,0.13324803981567906,-0.1530656988024097,1.3137276060707872,0.8705284126895539,0.004034618537469101,1.5612511283791264e-15,1.8661342617849628,-0.036714256539432395,2,7.4276112481333785,6,12.672609921021053,-0.026400220024775666,-0.04973534304283802
events_gatefix.csv,"A(淨現金 N2, gatefix)",建表年份 2010-2021,跌勢衰竭,6m,總表(三格進場),全部,685,0,0,497,高,0.4832116788321168,0.02602071545609126,-0.0108084580801057,331,354,0.28457477949860094,-0.21573463821077513,0.1847101113449611,-0.18812728059019285,1.3190963762646601,0.9818358654071254,0.026020715456091276,1.734723475976807e-15,2.4755892741256345,0.016019342506647504,7,0.7356041234153191,35,2.0428650766663696,0.006950799944802452,-0.028597269787747428
events_gatefix.csv,"A(淨現金 N2, gatefix)",建表年份 2010-2021,跌勢衰竭,6m,軸一 行業殺 vs 個別殺,個別殺,567,0,0,439,高,0.4620811287477954,0.012750357887287905,-0.0239318954079954,262,305,0.2859761914196205,-0.22195511222901096,0.18632290513852184,-0.1958100341920119,1.2884415616638434,0.9515493212968497,0.012750357887287858,4.683753385137379e-15,2.4755892741256345,0.0005859120996512846,6,1.57790888221388,29,4.204708312905324,-0.00744735304318039,-0.043063732113729915
events_gatefix.csv,"A(淨現金 N2, gatefix)",建表年份 2010-2021,跌勢衰竭,6m,軸一 行業殺 vs 個別殺,行業殺,118,0,0,74,高,0.5847457627118644,0.08978590818076501,0.0459377614063829,69,49,0.27925347626226554,-0.17701536115849092,0.1744382739056846,-0.1528341615305156,1.577566344720985,1.1413565668749746,0.08978590818076498,2.7755575615628914e-15,1.704129745530019,0.05950910919385968,2,0.26173935582232505,6,0.5551261994558091,0.06742825417732655,0.04208322311167201
events_gatefix.csv,"A(淨現金 N2, gatefix)",建表年份 2010-2021,跌勢衰竭,6m,軸二 200 日線位置,線下 10% 內,121,0,0,102,高,0.4214876033057851,-0.01205611593025751,-0.0683081419107816,51,70,0.26088112063736135,-0.21091038828666556,0.1949032999783269,-0.18714973199489704,1.2369287390565915,1.0414297573433942,-0.012056115930257544,3.2959746043559335e-15,1.311755947285533,-0.03763584606450667,2,-1.5967066432588004,7,-3.5465324926558273,-0.03183235088813235,-0.058179265440957
events_gatefix.csv,"A(淨現金 N2, gatefix)",建表年份 2010-2021,跌勢衰竭,6m,軸二 200 日線位置,線下逾 10%,484,0,0,370,高,0.5082644628099173,0.036388227208431635,0.0035878076017423497,246,238,0.273734200742732,-0.20893576224298815,0.18802076931932984,-0.17610609215119355,1.3101356981883483,1.0676562464284718,0.03638822720843159,4.85722573273506e-15,2.155237513861947,0.02598345506002193,5,0.41911938068605875,25,1.3416458146194252,0.021357854954029146,-0.013109003475284946
events_gatefix.csv,"A(淨現金 N2, gatefix)",建表年份 2010-2021,跌勢衰竭,6m,軸二 200 日線位置,線之上,80,0,0,67,中,0.425,0.020888476826284513,-0.05597346876353205,34,46,0.3985500434946878,-0.25825268114601363,0.1745140543266272,-0.23104952041574164,1.5432561696013967,0.7553101777169383,0.020888476826284474,3.816391647148976e-15,2.4755892741256345,-0.062036527057847075,1,1.4814323793887978,4,4.785944725857412,-0.010183685164846499,-0.08324486175964907
events_gatefix.csv,"A(淨現金 N2, gatefix)",建表年份 2010-2021,跌勢衰竭,6m,軸二 250 日線位置(緩衝對照),線下 10% 內,127,0,0,114,高,0.44881889763779526,0.0008131589085243532,-0.0329955334572353,57,70,0.2538143996975626,-0.20520213716254967,0.1847101113449611,-0.1538613093297293,1.2368993968932447,1.2004974619650604,0.0008131589085243196,3.3610267347050637e-15,1.311755947285533,-0.023217488924742218,2,22.554789215563336,7,50.09767646155732,-0.01780790837395198,-0.042253125427711216
events_gatefix.csv,"A(淨現金 N2, gatefix)",建表年份 2010-2021,跌勢衰竭,6m,軸二 250 日線位置(緩衝對照),線下逾 10%,445,0,0,340,高,0.5146067415730337,0.04123954367908134,0.006414962920519,229,216,0.2778575997676448,-0.20961941393333086,0.1879356989320826,-0.18319929066248003,1.3255337115674648,1.0258538570344617,0.04123954367908131,3.469446951953614e-15,2.155237513861947,0.029949630887286933,5,0.4022260008850609,23,1.2197930685141105,0.024932062480205096,-0.009558184367202361
events_gatefix.csv,"A(淨現金 N2, gatefix)",建表年份 2010-2021,跌勢衰竭,6m,軸二 250 日線位置(緩衝對照),線之上,113,0,0,91,高,0.39823008849557523,-0.0055812215146130665,-0.0872954378841291,45,68,0.3577209085441148,-0.24600174875935946,0.1791817342586308,-0.21651957177908288,1.4541396975760517,0.8275544459391955,-0.005581221514613072,5.204170427930421e-16,2.4755892741256345,-0.06435062509734785,2,-7.521684202900532,6,-14.553790950271592,-0.04841836950611031,-0.09167695563977411
events_gatefix.csv,"A(淨現金 N2, gatefix)",建表年份 2010-2021,跌勢衰竭,12m,總表(三格進場),全部,685,0,0,497,高,0.4759124087591241,0.08800028250794498,-0.013736978929427,326,359,0.4826086045583207,-0.27033485116454103,0.3038033640405581,-0.2183418315241793,1.7852252585242068,1.3914116315677911,0.088000282507945,2.7755575615628914e-15,9.987976510363495,0.0621152696470646,7,0.47202605180212664,35,1.1119442007884393,0.04694155128289065,-0.010381566287290018
events_gatefix.csv,"A(淨現金 N2, gatefix)",建表年份 2010-2021,跌勢衰竭,12m,軸一 行業殺 vs 個別殺,個別殺,567,0,0,439,高,0.4444444444444444,0.06260698376290294,-0.0396597336244236,252,315,0.48962985438431994,-0.27901131273423063,0.29382175285527923,-0.2313369974534682,1.7548745589778714,1.2701027336294506,0.06260698376290294,0.0,9.987976510363495,0.031171241444896695,6,0.7268168129357471,29,1.6292614316165521,0.017286097018400146,-0.04151974507704917
events_gatefix.csv,"A(淨現金 N2, gatefix)",建表年份 2010-2021,跌勢衰竭,12m,軸一 行業殺 vs 個別殺,行業殺,118,0,0,74,高,0.6271186440677966,0.21001723495234184,0.1289948793662961,74,44,0.45869840244816085,-0.20821927401789891,0.33812453813839216,-0.12366959092375049,2.202958417810689,2.734096034544706,0.21001723495234195,1.1102230246251565e-14,2.653162381898963,0.1694353100984577,2,0.162194730946417,6,0.36073343611332437,0.17898722786332844,0.1414493352241588
events_gatefix.csv,"A(淨現金 N2, gatefix)",建表年份 2010-2021,跌勢衰竭,12m,軸二 200 日線位置,線下 10% 內,121,0,0,102,高,0.371900826446281,0.004654822754617272,-0.1065547477279303,45,76,0.4726476680843812,-0.2724462040853746,0.2875815483728323,-0.238096749175583,1.7348293387720344,1.207834837596867,0.004654822754617205,6.678685382510707e-15,3.3384090940801263,-0.056607379124506,2,10.466647765267878,7,19.510997540316605,-0.044806165199610046,-0.09145627122737669
events_gatefix.csv,"A(淨現金 N2, gatefix)",建表年份 2010-2021,跌勢衰竭,12m,軸二 200 日線位置,線下逾 10%,484,0,0,370,高,0.5330578512396694,0.11817996113562204,0.033003014595084895,258,226,0.4365812113507571,-0.24530465194183299,0.3144901966123471,-0.18067583899829576,1.7797510479103344,1.7406322746635403,0.11817996113562208,4.163336342344337e-15,3.1620849519155945,0.1036589395047291,5,0.20065057551891965,25,0.6536331329929338,0.09545317038992623,0.043163123038510096
events_gatefix.csv,"A(淨現金 N2, gatefix)",建表年份 2010-2021,跌勢衰竭,12m,軸二 200 日線位置,線之上,80,0,0,67,中,0.2875,0.031473234687406794,-0.1867859333941264,23,57,1.0184046736400016,-0.3667622582232894,0.2667148650240822,-0.3888568676218874,2.776743382957317,0.6858947011922845,0.03147323468740676,3.469446951953614e-15,9.987976510363495,-0.1910970666424745,1,3.966853347600115,4,7.703597110692605,-0.09455845234646776,-0.22208830012068467
events_gatefix.csv,"A(淨現金 N2, gatefix)",建表年份 2010-2021,跌勢衰竭,12m,軸二 250 日線位置(緩衝對照),線下 10% 內,127,0,0,114,高,0.3858267716535433,0.007424840313459066,-0.1065547477279303,49,78,0.4368960747421186,-0.26237119157121175,0.2690931870577067,-0.21829335468465888,1.6651831023282828,1.2327135997631808,0.007424840313459025,4.163336342344337e-15,3.3384090940801263,-0.05080604492089594,2,6.251803069880698,7,11.372886498157024,-0.03961769993802386,-0.08150968567902786
events_gatefix.csv,"A(淨現金 N2, gatefix)",建表年份 2010-2021,跌勢衰竭,12m,軸二 250 日線位置(緩衝對照),線下逾 10%,445,0,0,340,高,0.5483146067415731,0.13515888807747134,0.0507423434809333,244,201,0.44553901510287497,-0.24162096761505847,0.32003405801626783,-0.1765707303727404,1.8439584093243562,1.8124977868114194,0.13515888807747134,0.0,3.1620849519155945,0.11947184141766598,5,0.19082048395237264,23,0.5862458531454791,0.11061061959456439,0.05897046194242516
events_gatefix.csv,"A(淨現金 N2, gatefix)",建表年份 2010-2021,跌勢衰竭,12m,軸二 250 日線位置(緩衝對照),線之上,113,0,0,91,高,0.2920353982300885,-0.007154569879130375,-0.1843427489774821,33,80,0.8245750829862798,-0.35024305168611203,0.2667148650240822,-0.3486599417136915,2.3542939082350856,0.7649713463300581,-0.007154569879130324,5.117434254131581e-15,9.987976510363495,-0.1640072663891346,2,-18.033118742515573,6,-26.188323786441224,-0.1386273596478004,-0.20542846873080686
events_gatefix.csv,"A(淨現金 N2, gatefix)",建表年份 2010-2021,買方回來,1m,總表(三格進場),全部,682,0,3,494,高,0.4809384164222874,-0.002871606611530015,-0.0063988947619857,328,354,0.09459863053258634,-0.09318301277895985,0.0638369679165022,-0.06948824558182701,1.0151918006448717,0.9186728975813607,-0.002871606611530006,9.107298248878237e-16,0.5119884978389664,-0.004972827761611114,7,-1.43764596741745,35,-5.358717250391111,-0.0070725524572517046,-0.01924750993354534
events_gatefix.csv,"A(淨現金 N2, gatefix)",建表年份 2010-2021,買方回來,1m,軸一 行業殺 vs 個別殺,個別殺,564,0,3,436,高,0.4804964539007092,-0.005922823529151645,-0.00670381055009375,271,293,0.0930721664685039,-0.09748474260548151,0.0624101909235021,-0.0727385244607767,0.9547357256218524,0.8580073817301035,-0.00592282352915164,5.204170427930421e-16,0.5119884978389664,-0.008482329432285211,6,-0.7296822857232773,29,-2.560920073029029,-0.010354759960697103,-0.022233935464291785
events_gatefix.csv,"A(淨現金 N2, gatefix)",建表年份 2010-2021,買方回來,1m,軸一 行業殺 vs 個別殺,行業殺,118,0,0,74,高,0.4830508474576271,0.011712175943881834,-0.0037638719877170004,57,61,0.10185602985480281,-0.0725206055794378,0.0701654611242579,-0.0627630166926052,1.4045115735172882,1.1179427762038223,0.011712175943881818,1.5612511283791264e-15,0.3625591337089022,0.0029785363020137646,2,0.5123789815075133,6,1.4037399504853665,0.00580957045842436,-0.004981995121497611
events_gatefix.csv,"A(淨現金 N2, gatefix)",建表年份 2010-2021,買方回來,1m,軸二 200 日線位置,線下 10% 內,121,0,0,102,高,0.4297520661157025,-0.01481339414635232,-0.0187520817050381,52,69,0.08656349370916766,-0.09121336760268622,0.0476386619564699,-0.0677844306583492,0.9490220127188723,0.7027965196990573,-0.01481339414635232,0.0,0.4973353533663072,-0.025272936042476518,2,-0.4709933949752142,7,-1.1868334471165372,-0.02215663023966639,-0.034383557192387657
events_gatefix.csv,"A(淨現金 N2, gatefix)",建表年份 2010-2021,買方回來,1m,軸二 200 日線位置,線下逾 10%,482,0,2,368,高,0.5062240663900415,0.003866103225556848,0.00198534739506965,244,238,0.09386846553217264,-0.0884052261980324,0.06945417197334484,-0.06422071652971065,1.0617976964608664,1.0814917012209453,0.0038661032255568675,1.951563910473908e-15,0.5119884978389664,0.001211114057004865,5,1.0495650954855502,25,3.944152731830228,-0.0001936324104953615,-0.012005067868304868
events_gatefix.csv,"A(淨現金 N2, gatefix)",建表年份 2010-2021,買方回來,1m,軸二 200 日線位置,線之上,79,0,1,66,中,0.4050632911392405,-0.025689579393332163,-0.0485536336329956,32,47,0.11322323599879637,-0.12026851753265369,0.08547733066632975,-0.1104574155069673,0.9414204009628332,0.7738487296123464,-0.025689579393332156,6.938893903907228e-16,0.3313784984456429,-0.03814544153929307,1,-0.16328272538301508,4,-0.5542089407304811,-0.0302673752630626,-0.04205641258881422
events_gatefix.csv,"A(淨現金 N2, gatefix)",建表年份 2010-2021,買方回來,1m,軸二 250 日線位置(緩衝對照),線下 10% 內,127,0,0,114,高,0.4330708661417323,-0.01161693150431121,-0.016429518496896,55,72,0.0803644625260185,-0.08188049638859085,0.046921567024367,-0.05800634946223965,0.9814847988295343,0.8089039813634799,-0.011616931504311208,1.734723475976807e-16,0.3468829534453626,-0.01986841390575714,2,-0.4553931212508735,7,-1.2451110981876239,-0.017177717436639765,-0.027602711121635388
events_gatefix.csv,"A(淨現金 N2, gatefix)",建表年份 2010-2021,買方回來,1m,軸二 250 日線位置(緩衝對照),線下逾 10%,443,0,2,338,高,0.5124153498871332,0.005610487459435851,0.003341586073394,227,216,0.09697244449374484,-0.09040416183124998,0.0701654611242579,-0.0651860517686638,1.0726546491825821,1.0763876507395376,0.005610487459435862,1.0408340855860843e-15,0.5119884978389664,0.0024257536442263794,5,0.8554766334591561,23,2.8921049171041044,0.0008201027745634252,-0.01119696307819482
events_gatefix.csv,"A(淨現金 N2, gatefix)",建表年份 2010-2021,買方回來,1m,軸二 250 日線位置(緩衝對照),線之上,112,0,1,90,高,0.4107142857142857,-0.026504744219160964,-0.04599957105464865,46,66,0.09990348860167877,-0.11460745194277656,0.07038518521097284,-0.1020802545725466,0.8717015072594104,0.6895083236783207,-0.026504744219160985,2.0816681711721685e-15,0.3313784984456429,-0.0352120012610923,2,-0.20405812188305783,6,-0.5385607601684491,-0.03249349350088676,-0.04308741372034991
events_gatefix.csv,"A(淨現金 N2, gatefix)",建表年份 2010-2021,買方回來,3m,總表(三格進場),全部,682,0,3,494,高,0.43841642228739003,-0.005251342179794462,-0.02491998666756535,299,383,0.18576220088918347,-0.15437157554173803,0.1263632765794411,-0.12548528661197,1.2033445939596454,1.0069967562825597,-0.0052513421797944215,4.076600168545497e-15,2.3062305577382016,-0.01282655221731784,7,-2.4187912501445825,35,-6.185684090613103,-0.01813942447190102,-0.03977576417588463
events_gatefix.csv,"A(淨現金 N2, gatefix)",建表年份 2010-2021,買方回來,3m,軸一 行業殺 vs 個別殺,個別殺,564,0,3,436,高,0.43617021276595747,-0.010780213838999877,-0.02469531079298075,246,318,0.18087628975895836,-0.15904279209402417,0.11943481547774076,-0.1319064586959773,1.1372806486698654,0.9054508525091889,-0.010780213838999866,1.0408340855860843e-15,2.3062305577382016,-0.01997834972216564,6,-1.3049875451805262,29,-3.1092725715293335,-0.025115444209979385,-0.046700082416292046
events_gatefix.csv,"A(淨現金 N2, gatefix)",建表年份 2010-2021,買方回來,3m,軸一 行業殺 vs 個別殺,行業殺,118,0,0,74,高,0.4491525423728814,0.021174790157424638,-0.0303619085342247,53,65,0.2084402034936244,-0.13151854687055364,0.173369244432457,-0.1185840516861624,1.5848730726836608,1.4619946102978998,0.02117479015742464,3.469446951953614e-16,0.6581006107032707,0.006268219831730696,2,0.49662909997269106,6,1.23912742195247,0.010842545130801769,-0.00533473046183999
events_gatefix.csv,"A(淨現金 N2, gatefix)",建表年份 2010-2021,買方回來,3m,軸二 200 日線位置,線下 10% 內,121,0,0,102,高,0.3884297520661157,-0.03275570963720899,-0.047713521893745,47,74,0.14734621469286274,-0.14714476968468698,0.1067496167010653,-0.11133760655010336,1.0013690259504802,0.9587920919875944,-0.03275570963720898,6.938893903907228e-16,0.5414594858492707,-0.04593751005832898,2,-0.25525981742668397,7,-0.7310050511488152,-0.04180796687365558,-0.06018189613291837
events_gatefix.csv,"A(淨現金 N2, gatefix)",建表年份 2010-2021,買方回來,3m,軸二 200 日線位置,線下逾 10%,482,0,2,368,高,0.46265560165975106,0.0027662549320339263,-0.0125053335214656,223,259,0.1845182977289169,-0.15372295566142125,0.1277381037528124,-0.1244754265358045,1.2003301454554594,1.0262114162434255,0.0027662549320339597,3.3393426912553537e-15,2.3062305577382016,-0.006283152514907802,5,4.380829767839065,25,11.696450906824126,-0.009450268854239463,-0.031207770364896713
events_gatefix.csv,"A(淨現金 N2, gatefix)",建表年份 2010-2021,買方回來,3m,軸二 200 日線位置,線之上,79,0,1,66,中,0.3670886075949367,-0.012041890857694783,-0.0779424620546723,29,50,0.2575877786811325,-0.16842709919021456,0.1562268435096525,-0.1420001416827837,1.5293725292402236,1.1001879410701578,-0.012041890857694762,2.0816681711721685e-15,1.4945570917341993,-0.05830253973239419,1,-1.5710526214475837,4,-4.134282081456787,-0.031357262429385725,-0.06512387589525503
events_gatefix.csv,"A(淨現金 N2, gatefix)",建表年份 2010-2021,買方回來,3m,軸二 250 日線位置(緩衝對照),線下 10% 內,127,0,0,114,高,0.41732283464566927,-0.02892959440255582,-0.0246536754904129,53,74,0.13616720587417588,-0.14717460000616098,0.1097528068022075,-0.1195971360316316,0.9252086016777059,0.9176875838663859,-0.02892959440255584,1.734723475976807e-15,0.5414594858492707,-0.04150842922840646,2,-0.275365020686915,7,-0.7309035302989174,-0.03748612544789853,-0.05299534007792048
events_gatefix.csv,"A(淨現金 N2, gatefix)",建表年份 2010-2021,買方回來,3m,軸二 250 日線位置(緩衝對照),線下逾 10%,443,0,2,338,高,0.4650112866817156,0.005189505919770177,-0.0147446530603237,206,237,0.1886974004885411,-0.15431524632143997,0.12912442152427855,-0.1235992501527911,1.222804648190645,1.044702304946489,0.005189505919770188,1.0408340855860843e-15,2.3062305577382016,-0.004645485930506817,5,2.5407730784928044,23,6.414762878172944,-0.008087127849895858,-0.029638750468144317
events_gatefix.csv,"A(淨現金 N2, gatefix)",建表年份 2010-2021,買方回來,3m,軸二 250 日線位置(緩衝對照),線之上,112,0,1,90,高,0.35714285714285715,-0.019699178571012714,-0.06981271253105995,40,72,0.2363592913473767,-0.16195388408122904,0.14646025567228255,-0.137452201786954,1.459423419748483,1.0655359009766225,-0.019699178571012693,2.0816681711721685e-15,1.4945570917341993,-0.052165060934472415,2,-1.2788708699149733,6,-2.1635183999501506,-0.045708100283220206,-0.06584618824348935
events_gatefix.csv,"A(淨現金 N2, gatefix)",建表年份 2010-2021,買方回來,6m,總表(三格進場),全部,682,0,3,494,高,0.44574780058651026,0.0071001681273889766,-0.0363449479708565,304,378,0.26998507344985967,-0.20432049647057693,0.1823143906297387,-0.1704353212112142,1.321380273215706,1.0696984013296351,0.0071001681273889505,2.6020852139652106e-15,2.0910620379283267,-0.0011067624565642249,7,2.29128106200589,35,6.499009477957852,-0.009263391437702878,-0.04115600344115524
events_gatefix.csv,"A(淨現金 N2, gatefix)",建表年份 2010-2021,買方回來,6m,軸一 行業殺 vs 個別殺,個別殺,564,0,3,436,高,0.4379432624113475,-0.0051414413135876195,-0.0490929270914201,247,317,0.2638829335790396,-0.21475980282298487,0.175440679000753,-0.1857501399908521,1.228735220047414,0.9444982329994107,-0.0051414413135876386,1.908195823574488e-15,2.0910620379283267,-0.015140070003119127,6,-3.370472206303614,29,-8.936571568299746,-0.022712144924401403,-0.053857571890178514
events_gatefix.csv,"A(淨現金 N2, gatefix)",建表年份 2010-2021,買方回來,6m,軸一 行業殺 vs 個別殺,行業殺,118,0,0,74,高,0.4830508474576271,0.06561091155714151,-0.0064376768392564,57,61,0.29642767955674654,-0.15007033067199765,0.2096822947818899,-0.1333112020279461,1.9752583887126625,1.5728782847365976,0.06561091155714148,2.7755575615628914e-15,1.3214999163761805,0.03931618687310511,2,0.30593519108628775,6,0.6885756800042493,0.0463233665993302,0.021527449597197563
events_gatefix.csv,"A(淨現金 N2, gatefix)",建表年份 2010-2021,買方回來,6m,軸二 200 日線位置,線下 10% 內,121,0,0,102,高,0.4214876033057851,-0.03198718657682248,-0.0549870871447824,51,70,0.2173253727248652,-0.2136291940680521,0.1742654050712984,-0.16044480256231625,1.0173018424421696,1.0861392970558474,-0.03198718657682251,2.7755575615628914e-15,0.7338272238232355,-0.050000117293650864,2,-0.37226752663756807,7,-1.0434229842175815,-0.04463270812060791,-0.06937689142487502
events_gatefix.csv,"A(淨現金 N2, gatefix)",建表年份 2010-2021,買方回來,6m,軸二 200 日線位置,線下逾 10%,482,0,2,368,高,0.46887966804979253,0.02296275864028221,-0.021451707514478148,226,256,0.27133389329421437,-0.19630238367139224,0.19428439819742224,-0.17251805711858043,1.3822241392056855,1.1261684802297576,0.02296275864028223,2.0816681711721685e-15,1.8745145258363929,0.012996726630483242,5,0.6558161838297536,25,1.9685181850253914,0.00798625486609928,-0.023456471275590404
events_gatefix.csv,"A(淨現金 N2, gatefix)",建表年份 2010-2021,買方回來,6m,軸二 200 日線位置,線之上,79,0,1,66,中,0.34177215189873417,-0.029813739568876264,-0.1015693614168655,27,52,0.3581632753813623,-0.23126334348534622,0.1717016770242911,-0.2012447886112187,1.5487247999770313,0.8531981285537713,-0.02981373956887623,3.469446951953614e-15,2.0910620379283267,-0.09587199716156872,1,-0.8878168288638272,4,-2.5381482067266843,-0.0570044546649942,-0.1111113187483125
events_gatefix.csv,"A(淨現金 N2, gatefix)",建表年份 2010-2021,買方回來,6m,軸二 250 日線位置(緩衝對照),線下 10% 內,127,0,0,114,高,0.4330708661417323,-0.029767448050029115,-0.0525779507985531,55,72,0.20281346449608217,-0.20743342291164193,0.1742654050712984,-0.1606287032220536,0.977727994116321,1.0848957974241589,-0.02976744805002912,6.938893903907228e-16,0.7338272238232355,-0.04514717062070489,2,-0.3461634703882374,7,-0.9893181885295353,-0.04071300079037479,-0.06267124650556608
events_gatefix.csv,"A(淨現金 N2, gatefix)",建表年份 2010-2021,買方回來,6m,軸二 250 日線位置(緩衝對照),線下逾 10%,443,0,2,338,高,0.46952595936794583,0.02939426012118398,-0.0213943452650654,208,235,0.28156444837457606,-0.19380318309883962,0.21148528910269176,-0.1687612467140796,1.4528370683724952,1.253162637871457,0.029394260121184,1.734723475976807e-15,1.8745145258363929,0.018588726420613533,5,0.5574256765651961,23,1.588435373810822,0.013157651005017895,-0.018243818433189368
events_gatefix.csv,"A(淨現金 N2, gatefix)",建表年份 2010-2021,買方回來,6m,軸二 250 日線位置(緩衝對照),線之上,112,0,1,90,高,0.36607142857142855,-0.0392756845397458,-0.10009763803019,41,71,0.3013491834039269,-0.23597455194383848,0.1450005286686777,-0.2176565696952568,1.2770410237950043,0.6661895336846226,-0.039275684539745795,6.938893903907228e-16,2.0910620379283267,-0.0855950736402709,2,-0.8455094619325301,6,-1.6362337968642358,-0.07380153194092309,-0.1094006352982026
events_gatefix.csv,"A(淨現金 N2, gatefix)",建表年份 2010-2021,買方回來,12m,總表(三格進場),全部,682,0,3,494,高,0.47653958944281527,0.058046217798755455,-0.021476508763541298,325,357,0.4228894904283935,-0.2740940163878899,0.2674826950878954,-0.2218069303155438,1.5428629052227563,1.2059257783666768,0.058046217798755434,2.0816681711721685e-15,7.021457922676005,0.03827808643471862,7,0.5444052199942495,35,1.4290270567272367,0.026719804016037733,-0.026250567882333042
events_gatefix.csv,"A(淨現金 N2, gatefix)",建表年份 2010-2021,買方回來,12m,軸一 行業殺 vs 個別殺,個別殺,564,0,3,436,高,0.450354609929078,0.041393621038785376,-0.04355179871796185,254,310,0.4373346999861919,-0.28302261784070254,0.27300200854657863,-0.23820690246877624,1.5452287994606244,1.1460709396628979,0.04139362103878538,6.938893903907228e-16,7.021457922676005,0.017439207224709215,6,0.8264638868704794,29,2.101189975450999,0.007260527760453259,-0.04805305357390244
events_gatefix.csv,"A(淨現金 N2, gatefix)",建表年份 2010-2021,買方回來,12m,軸一 行業殺 vs 個別殺,行業殺,118,0,0,74,高,0.6016949152542372,0.13763998536335825,0.08639451310652846,71,47,0.37121226186950934,-0.2152032408480615,0.2620438588832892,-0.1319016570326606,1.7249380650897996,1.9866608561134576,0.1376399853633582,5.551115123125783e-15,2.2570250523836943,0.10273632052548848,2,0.20742113587858566,6,0.46284170632384397,0.11097141469244369,0.07789523430507432
events_gatefix.csv,"A(淨現金 N2, gatefix)",建表年份 2010-2021,買方回來,12m,軸二 200 日線位置,線下 10% 內,121,0,0,102,高,0.371900826446281,-0.022600426426127338,-0.0793394976437548,45,76,0.39032782956023465,-0.26709742010226273,0.2589777995260789,-0.24124708606202788,1.4613687747743542,1.0734960730654886,-0.022600426426127362,2.42861286636753e-15,1.7846921630808308,-0.06189494141501133,2,-1.2659589325143779,7,-3.0794831915514522,-0.05207233793957129,-0.0978593440965008
events_gatefix.csv,"A(淨現金 N2, gatefix)",建表年份 2010-2021,買方回來,12m,軸二 200 日線位置,線下逾 10%,482,0,2,368,高,0.5414937759336099,0.0932363626756692,0.03022243401869555,261,221,0.3832327006787262,-0.24924800030531669,0.2674826950878954,-0.196219264357206,1.537555768589055,1.363182641440131,0.09323636267566919,1.3877787807814457e-15,2.222932215619504,0.0815706473325217,5,0.20431206252783624,25,0.7400760599709889,0.07496469113907415,0.025560093743950737
events_gatefix.csv,"A(淨現金 N2, gatefix)",建表年份 2010-2021,買方回來,12m,軸二 200 日線位置,線之上,79,0,1,66,中,0.24050632911392406,-0.03313613510582193,-0.2156078627846063,19,60,1.0447682727299892,-0.3744725309204954,0.3299638434735579,-0.37315911531807855,2.7899730593371745,0.8842443609940996,-0.03313613510582186,6.938893903907228e-15,7.021457922676005,-0.213348085828121,1,-2.6822444418230544,4,-5.95666539423709,-0.12357964866712738,-0.24281124462353948
events_gatefix.csv,"A(淨現金 N2, gatefix)",建表年份 2010-2021,買方回來,12m,軸二 250 日線位置(緩衝對照),線下 10% 內,127,0,0,114,高,0.3779527559055118,-0.024992024947005274,-0.0952139810202132,48,79,0.3790748285347966,-0.2705009992144292,0.28524413498500495,-0.2455604629759672,1.4013805111096824,1.1616044844031816,-0.02499202494700528,6.938893903907228e-16,1.7846921630808308,-0.06666676430359325,2,-1.090727981466572,7,-2.710239815142271,-0.05308755028413797,-0.09813544637053999
events_gatefix.csv,"A(淨現金 N2, gatefix)",建表年份 2010-2021,買方回來,12m,軸二 250 日線位置(緩衝對照),線下逾 10%,443,0,2,338,高,0.5575620767494357,0.10790320309219524,0.0477124051451327,247,196,0.38613560235408523,-0.2427264021000846,0.2620438588832892,-0.18705678439660445,1.5908265397303916,1.4008786675584803,0.10790320309219523,1.3877787807814457e-15,2.222932215619504,0.09530348234647228,5,0.19166291701746124,23,0.6412540395035008,0.08821784719494016,0.04082966270867514
events_gatefix.csv,"A(淨現金 N2, gatefix)",建表年份 2010-2021,買方回來,12m,軸二 250 日線位置(緩衝對照),線之上,112,0,1,90,高,0.26785714285714285,-0.044996529132335664,-0.2010814183073955,30,82,0.7955999612699536,-0.35253183049902687,0.2634002887982614,-0.3417341004169002,2.2568173777208744,0.7707755488168283,-0.044996529132335705,4.163336342344337e-15,7.021457922676005,-0.17097533130641154,2,-2.25010902742619,6,-3.518497031779357,-0.14890260054559237,-0.2148251748337848
events_gatefix.csv,"A(淨現金 N2, gatefix)",驗證年份 2022-2026,觸發日即買,1m,總表(三格進場),全部,1062,16,0,639,高,0.4896421845574388,0.00490222629481981,-0.0025113349738109,520,542,0.10154580147800644,-0.08781854694366181,0.077005393088669,-0.0691255277304937,1.1563138427142396,1.1139935652845543,0.004902226294819824,1.3877787807814457e-15,0.7266316573582035,0.0030293017583556785,11,1.0229452235542738,54,3.1165652557048404,-0.00011365994700254157,-0.010931732664676405
events_gatefix.csv,"A(淨現金 N2, gatefix)",驗證年份 2022-2026,觸發日即買,1m,軸一 行業殺 vs 個別殺,個別殺,836,6,0,551,高,0.4880382775119617,0.0035924991180539567,-0.00258552799610355,408,428,0.10100810062684705,-0.0892709714791133,0.0738716638174449,-0.0694691510624495,1.1314775559542318,1.0633736368973006,0.0035924991180539545,2.1684043449710089e-16,0.7266316573582035,0.0012067172865463747,9,1.4589736910863462,42,4.255262986976292,-0.0016668066713976853,-0.01231313172109278
events_gatefix.csv,"A(淨現金 N2, gatefix)",驗證年份 2022-2026,觸發日即買,1m,軸一 行業殺 vs 個別殺,行業不明,2,0,0,2,低(樣本不足),0.5,-0.09258258801910335,-0.09258258801910335,1,1,0.0167464446116818,-0.2019116206498885,0.0167464446116818,-0.2019116206498885,0.08293947895510119,0.08293947895510119,-0.09258258801910335,0.0,0.0167464446116818,,1,-0.09044057295215363,1,-0.09044057295215363,-0.2019116206498885,-0.2019116206498885
events_gatefix.csv,"A(淨現金 N2, gatefix)",驗證年份 2022-2026,觸發日即買,1m,軸一 行業殺 vs 個別殺,行業殺,224,10,0,118,高,0.4955357142857143,0.010660715350195261,-0.0016392420952415,111,113,0.10428617358736995,-0.08130765513056927,0.0891908925483613,-0.0671264346711436,1.2826119929285902,1.3286999821353955,0.010660715350195263,1.734723475976807e-16,0.484710453679422,0.0050448596683520175,3,0.5331181426378815,12,1.4403165524125439,0.0050448596683520175,-0.004959792604490002
events_gatefix.csv,"A(淨現金 N2, gatefix)",驗證年份 2022-2026,觸發日即買,1m,軸二 200 日線位置,線下 10% 內,195,4,0,161,高,0.4461538461538462,-0.004925710654558027,-0.0120700196468315,87,108,0.10614709932143289,-0.09440102980188404,0.0918791012659383,-0.0694691510624495,1.1244273451698557,1.3225885139051623,-0.004925710654558026,1.734723475976807e-16,0.484710453679422,-0.010942654868225913,2,-0.8481024856717427,10,-2.7792206959661128,-0.009197551970755198,-0.01962158265604901
events_gatefix.csv,"A(淨現金 N2, gatefix)",驗證年份 2022-2026,觸發日即買,1m,軸二 200 日線位置,線下逾 10%,752,5,0,490,高,0.5079787234042553,0.008512091460594595,0.00152842557512505,382,370,0.09678759564906231,-0.0826264020529045,0.06948887918693646,-0.06595675873418211,1.1713882396463373,1.0535520622987167,0.008512091460594597,1.734723475976807e-16,0.7225226504839646,0.00617499914839411,8,0.5896671635380688,38,1.7687080157685926,0.003530347521778723,-0.006891556482365925
events_gatefix.csv,"A(淨現金 N2, gatefix)",驗證年份 2022-2026,觸發日即買,1m,軸二 200 日線位置,線之上,115,7,0,90,高,0.4434782608695652,-0.0020383902228667994,-0.0223040962970217,51,64,0.1293364233266056,-0.10672769477010263,0.0985378293810912,-0.08468858324062001,1.2118356309035199,1.163531442025925,-0.0020383902228668094,9.97465998686664e-16,0.7266316573582035,-0.01392048471321676,2,-4.546368714585511,6,-8.87512701041514,-0.011505764003769212,-0.021237400641961262
events_gatefix.csv,"A(淨現金 N2, gatefix)",驗證年份 2022-2026,觸發日即買,1m,軸二 250 日線位置(緩衝對照),線下 10% 內,198,5,0,165,高,0.4494949494949495,0.001310302522688217,-0.00886702603762115,89,109,0.11146505254515039,-0.0886325667617075,0.0918791012659383,-0.0645961259082382,1.257608310552813,1.4223624091088194,0.0013103025226882253,8.239936510889834e-16,0.7225226504839646,-0.005699057624048465,2,4.056531595876792,10,11.631764366656924,-0.004045848214434758,-0.01467182914207946
events_gatefix.csv,"A(淨現金 N2, gatefix)",驗證年份 2022-2026,觸發日即買,1m,軸二 250 日線位置(緩衝對照),線下逾 10%,700,3,0,467,高,0.5057142857142857,0.007250066766148689,0.0011163067385378499,354,346,0.09534155137066029,-0.08287821517025915,0.07021318930676075,-0.06719902833994565,1.150381329699214,1.0448542343732576,0.007250066766148672,1.734723475976807e-15,0.5489794551578135,0.005072444119425549,7,0.6320056720140536,35,2.005955479343761,0.002694932775214277,-0.007677099356858291
events_gatefix.csv,"A(淨現金 N2, gatefix)",驗證年份 2022-2026,觸發日即買,1m,軸二 250 日線位置(緩衝對照),線之上,164,8,0,128,高,0.4695121951219512,-0.0007824531140104258,-0.00790390456372035,77,87,0.11860412866014569,-0.10644643928194172,0.0884638128272496,-0.082659563962291,1.1142141480749979,1.0702187210618057,-0.0007824531140104424,1.6588293239028218e-15,0.7266316573582035,-0.009440502930668145,2,-8.305153258242095,9,-22.764925696250618,-0.0073707331326787,-0.01967464631549847
events_gatefix.csv,"A(淨現金 N2, gatefix)",驗證年份 2022-2026,觸發日即買,3m,總表(三格進場),全部,996,82,0,600,高,0.49096385542168675,0.005187387573527262,-0.0045865716195174,489,507,0.17586378440078737,-0.15942949220661115,0.1267917430639249,-0.1321277498217427,1.10308188257213,0.9596147912530355,0.005187387573527283,2.0816681711721685e-15,1.5379776085719985,0.0014160673519873137,10,1.7672406905653726,50,5.559737115270664,-0.004020339680371899,-0.024903288748102378
events_gatefix.csv,"A(淨現金 N2, gatefix)",驗證年份 2022-2026,觸發日即買,3m,軸一 行業殺 vs 個別殺,個別殺,792,50,0,521,高,0.4861111111111111,-0.0033463357180947588,-0.0060294813958025,385,407,0.1684666691278209,-0.1658721511128798,0.1217424660793844,-0.1443260534910281,1.0156416734064988,0.84352383464121,-0.0033463357180947284,3.0357660829594124e-15,1.5379776085719985,-0.0076592829787459635,8,-2.6268608238416635,40,-8.505430820404897,-0.012260537734883796,-0.033500296854784756
events_gatefix.csv,"A(淨現金 N2, gatefix)",驗證年份 2022-2026,觸發日即買,3m,軸一 行業殺 vs 個別殺,行業不明,2,0,0,2,低(樣本不足),0.5,-0.02014256373712415,-0.02014256373712415,1,1,0.0441877598938091,-0.0844728873680574,0.0441877598938091,-0.0844728873680574,0.5230999113511807,0.5230999113511807,-0.02014256373712415,0.0,0.0441877598938091,,1,-1.0968752654948284,1,-1.0968752654948284,-0.0844728873680574,-0.0844728873680574
events_gatefix.csv,"A(淨現金 N2, gatefix)",驗證年份 2022-2026,觸發日即買,3m,軸一 行業殺 vs 個別殺,行業殺,202,32,0,107,高,0.5099009900990099,0.03889713385860618,0.00416369135542115,103,99,0.2047916038629144,-0.13370014301456298,0.1626289656340012,-0.1071312215024522,1.5317231473761994,1.5180352034936768,0.03889713385860619,6.938893903907228e-16,1.2201125721561443,0.02523379887976633,3,0.360903053144553,11,0.8340788186380499,0.02523379887976633,0.006825546581599994
events_gatefix.csv,"A(淨現金 N2, gatefix)",驗證年份 2022-2026,觸發日即買,3m,軸二 200 日線位置,線下 10% 內,181,18,0,149,高,0.47513812154696133,-0.0028348385690784104,-0.0129103954460584,86,95,0.18119694134975559,-0.16943202881139124,0.12019324468583045,-0.1315172831962957,1.0694373585732178,0.9138969553259128,-0.002834838569078388,2.2551405187698492e-15,1.5379776085719985,-0.021547242496053873,2,-5.375285726338335,10,-12.627499796736288,-0.01827483777503538,-0.0408909293937147
events_gatefix.csv,"A(淨現金 N2, gatefix)",驗證年份 2022-2026,觸發日即買,3m,軸二 200 日線位置,線下逾 10%,729,28,0,470,高,0.5006858710562414,0.008402815453712017,4.196020626512365e-07,365,364,0.16895699074308873,-0.15259244273481132,0.1267917430639249,-0.1264427898690248,1.1072435024630753,1.0027597713974958,0.00840281545371202,3.469446951953614e-16,1.002392961981596,0.004831511037969231,8,0.9457092394808683,37,3.144842014024774,0.0004612570472147069,-0.01898635371657235
events_gatefix.csv,"A(淨現金 N2, gatefix)",驗證年份 2022-2026,觸發日即買,3m,軸二 200 日線位置,線之上,86,36,0,76,中,0.4418604651162791,-0.005184984436275798,-0.02568068621040695,38,48,0.23013557880733337,-0.1914804303374664,0.15526857043987916,-0.1685488894997875,1.2018751911187002,0.9212079112516188,-0.005184984436275797,8.673617379884035e-17,0.8525058109459431,-0.03359797730874512,1,-1.9118395413995435,5,-8.104186780686039,-0.015275464381948942,-0.05011895977285464
events_gatefix.csv,"A(淨現金 N2, gatefix)",驗證年份 2022-2026,觸發日即買,3m,軸二 250 日線位置(緩衝對照),線下 10% 內,190,13,0,158,高,0.4421052631578947,-0.0292065146666656,-0.0296732175853011,84,106,0.15149909455624547,-0.17240718612633096,0.1134489904850263,-0.15074851271642192,0.8787284217099562,0.7525712091000127,-0.029206514666665587,1.3877787807814457e-15,0.5357200760766647,-0.03820137319804069,2,-0.19252558844087894,10,-0.7798634972943455,-0.03520004285607865,-0.054871587634967266
events_gatefix.csv,"A(淨現金 N2, gatefix)",驗證年份 2022-2026,觸發日即買,3m,軸二 250 日線位置(緩衝對照),線下逾 10%,679,24,0,449,高,0.508100147275405,0.013842678783373058,0.0040728967728522,345,334,0.1738104251416941,-0.1513934664071082,0.1292100533817999,-0.12100647437915124,1.1480708465602143,1.067794546074818,0.013842678783373058,0.0,1.2201125721561443,0.009290706504756552,7,0.6216094610136239,34,2.0081741339208925,0.005292500547166805,-0.014691486885171409
events_gatefix.csv,"A(淨現金 N2, gatefix)",驗證年份 2022-2026,觸發日即買,3m,軸二 250 日線位置(緩衝對照),線之上,127,45,0,109,高,0.47244094488188976,0.010367692251884325,-0.0068738001293374,60,67,0.22178116592293257,-0.17895780655800964,0.1318346004910691,-0.1594725881878792,1.2392930500689927,0.8266912952823653,0.01036769225188433,5.204170427930421e-16,1.5379776085719985,-0.01492738934635225,2,1.8155153175260805,7,4.341103728434778,-0.008590292028229033,-0.036660174793587096
events_gatefix.csv,"A(淨現金 N2, gatefix)",驗證年份 2022-2026,觸發日即買,6m,總表(三格進場),全部,882,196,0,539,高,0.40589569160997735,-0.010473904959742583,-0.0540672090164737,358,524,0.2840139045402849,-0.211669774808998,0.1842837063365435,-0.18240111581942292,1.3417782713501123,1.010321156801389,-0.010473904959742555,2.7755575615628914e-15,3.397946482669285,-0.0190450496424135,9,-1.6399891053625364,45,-4.560203530306307,-0.027936056788285167,-0.0613680671683746
events_gatefix.csv,"A(淨現金 N2, gatefix)",驗證年份 2022-2026,觸發日即買,6m,軸一 行業殺 vs 個別殺,個別殺,710,132,0,472,高,0.38873239436619716,-0.02879229587748664,-0.06535398678712795,276,434,0.27052183191769386,-0.2191395292218871,0.17431125829828803,-0.18857509888367618,1.2344729993637078,0.9243598933802659,-0.02879229587748665,6.938893903907228e-16,2.4249454197243,-0.03647043080905014,8,-0.538333833108757,36,-1.4966336852646633,-0.0447969168741638,-0.0757233074070125
events_gatefix.csv,"A(淨現金 N2, gatefix)",驗證年份 2022-2026,觸發日即買,6m,軸一 行業殺 vs 個別殺,行業不明,1,1,0,1,低(樣本不足),0.0,-0.1009803445989245,-0.1009803445989245,0,1,,-0.1009803445989245,,-0.1009803445989245,,,-0.1009803445989245,0.0,-0.1009803445989245,,1,1.0,1,1.0,,
events_gatefix.csv,"A(淨現金 N2, gatefix)",驗證年份 2022-2026,觸發日即買,6m,軸一 行業殺 vs 個別殺,行業殺,171,63,0,92,高,0.47953216374269003,0.06611418855626598,-0.0169088135183219,82,89,0.32942624653827446,-0.17648793228109017,0.21151149196944824,-0.1570267617544252,1.8665652788860447,1.3469773534541325,0.06611418855626595,2.7755575615628914e-15,3.397946482669285,0.03004539030027401,2,0.4441870908005558,9,1.0094973523657587,0.037181996634437935,-0.0006627936198225976
events_gatefix.csv,"A(淨現金 N2, gatefix)",驗證年份 2022-2026,觸發日即買,6m,軸二 200 日線位置,線下 10% 內,150,49,0,124,高,0.37333333333333335,-0.01838058798793982,-0.09803733737313791,56,94,0.3627825986892293,-0.2454565289871044,0.19571536114420252,-0.20968116795508907,1.4779912361112582,0.9333950351999287,-0.018380587987939817,3.469446951953614e-16,3.397946482669285,-0.06677627184597641,2,-2.1119715742913843,8,-4.247372071188044,-0.057972838517463224,-0.1018835747111935
events_gatefix.csv,"A(淨現金 N2, gatefix)",驗證年份 2022-2026,觸發日即買,6m,軸二 200 日線位置,線下逾 10%,657,100,0,429,高,0.4170471841704718,-0.00635786751200574,-0.0498487383458351,274,383,0.2652127789540577,-0.2006407843049597,0.18423392483460935,-0.1730962170997962,1.3218288588373597,1.0643440273936886,-0.006357867512005733,6.938893903907228e-16,1.6797225587949196,-0.013330367544156903,7,-2.1521361591473354,33,-6.4615731282017785,-0.020256688769750064,-0.04994852331862768
events_gatefix.csv,"A(淨現金 N2, gatefix)",驗證年份 2022-2026,觸發日即買,6m,軸二 200 日線位置,線之上,75,47,0,67,中,0.37333333333333335,-0.030717026945522866,-0.0624787135459389,28,47,0.3104589594790482,-0.23397080609207588,0.17676589897148315,-0.2289165002324124,1.3269132361619147,0.7721850490987665,-0.03071702694552289,2.42861286636753e-15,0.902361278286858,-0.06886330999671864,1,-0.3916877675638813,4,-1.447905500175272,-0.04332619323244693,-0.07942856958694804
events_gatefix.csv,"A(淨現金 N2, gatefix)",驗證年份 2022-2026,觸發日即買,6m,軸二 250 日線位置(緩衝對照),線下 10% 內,163,40,0,137,高,0.3496932515337423,-0.04744433690494018,-0.1105670101415167,57,106,0.30676681585661564,-0.23791637188049372,0.1705530558470136,-0.1981602291722826,1.2893892649418248,0.8606825726807824,-0.04744433690494017,1.3877787807814457e-15,3.397946482669285,-0.08234569967264992,2,-0.5922080818493565,9,-1.1862430679357467,-0.07647965736185591,-0.10978669471046155
events_gatefix.csv,"A(淨現金 N2, gatefix)",驗證年份 2022-2026,觸發日即買,6m,軸二 250 日線位置(緩衝對照),線下逾 10%,611,92,0,408,高,0.4238952536824877,0.00011196004137423015,-0.0466855445188389,259,352,0.27021728028382525,-0.1986303068415656,0.1813738120671144,-0.17318761586801296,1.3604030753441865,1.047267791972725,0.0001119600413742039,2.6251245101305276e-15,1.6797225587949196,-0.007356141173044693,7,135.849907759194,31,395.7335038355959,-0.015272775769852044,-0.046556492804086906
events_gatefix.csv,"A(淨現金 N2, gatefix)",驗證年份 2022-2026,觸發日即買,6m,軸二 250 日線位置(緩衝對照),線之上,108,64,0,93,高,0.3888888888888889,-0.01456448929877187,-0.0580199776674918,42,66,0.3382141363829562,-0.2390599783689625,0.2069752099081916,-0.22860926756195793,1.4147668659994619,0.9053666638956225,-0.014564489298771882,1.214306433183765e-15,2.4249454197243,-0.05508092378404988,2,-2.1153090039726306,6,-4.066968194769924,-0.04622897681394831,-0.07813885134699951
events_gatefix.csv,"A(淨現金 N2, gatefix)",驗證年份 2022-2026,觸發日即買,12m,總表(三格進場),全部,741,337,0,461,高,0.4048582995951417,-0.018825649665784257,-0.1176328891563713,300,441,0.4058200899596529,-0.3077003024722041,0.2687967060472414,-0.2971711593908308,1.3188810238375128,0.9045181456984116,-0.018825649665784233,2.42861286636753e-15,3.061586771067589,-0.029584780555949007,8,-1.2723684700651594,38,-3.619286906742945,-0.04324570290887371,-0.09166167576949702
events_gatefix.csv,"A(淨現金 N2, gatefix)",驗證年份 2022-2026,觸發日即買,12m,軸一 行業殺 vs 個別殺,個別殺,602,240,0,407,高,0.38704318936877075,-0.045291293367840095,-0.13780252221560585,233,369,0.3923379934309148,-0.32162631728141705,0.2564501644963666,-0.3118154507153668,1.2198566235101538,0.8224421333452809,-0.04529129336784013,3.469446951953614e-15,3.061586771067589,-0.05804455516862737,7,-0.5305671219287037,31,-1.4302437238614685,-0.07013691000360177,-0.11604460006053013
events_gatefix.csv,"A(淨現金 N2, gatefix)",驗證年份 2022-2026,觸發日即買,12m,軸一 行業殺 vs 個別殺,行業不明,1,1,0,1,低(樣本不足),1.0,0.3912031723355986,0.3912031723355986,1,0,0.3912031723355986,,0.3912031723355986,,,,0.3912031723355986,0.0,0.3912031723355986,,1,1.0,1,1.0,,
events_gatefix.csv,"A(淨現金 N2, gatefix)",驗證年份 2022-2026,觸發日即買,12m,軸一 行業殺 vs 個別殺,行業殺,138,96,0,74,高,0.4782608695652174,0.09365470313592757,-0.02334120508620905,66,72,0.4536374446387442,-0.23632947657498768,0.3046149369511053,-0.2296389495380377,1.9195127548755198,1.3264950809254963,0.09365470313592758,1.3877787807814457e-15,2.4576013817173674,0.04840483667029095,2,0.37310775689006614,7,0.8671315823759272,0.05957480996971597,0.013108685532853201
events_gatefix.csv,"A(淨現金 N2, gatefix)",驗證年份 2022-2026,觸發日即買,12m,軸二 200 日線位置,線下 10% 內,134,65,0,108,高,0.3880597014925373,-0.06170236845193691,-0.19170160830792765,52,82,0.4107055344317939,-0.36127811174405877,0.26045830818175897,-0.35952761297385394,1.136812668913502,0.7244459084167768,-0.06170236845193683,8.326672684688674e-15,2.4576013817173674,-0.10390810455656851,2,-0.4804490612964253,7,-1.0786184531382113,-0.09273126214313974,-0.1353248924670464
events_gatefix.csv,"A(淨現金 N2, gatefix)",驗證年份 2022-2026,觸發日即買,12m,軸二 200 日線位置,線下逾 10%,550,207,0,367,高,0.41454545454545455,-0.009244450090007541,-0.08813434450612656,228,322,0.388378496295371,-0.2907911326237539,0.26474468337040874,-0.2812159886229561,1.3355926392634625,0.9414282760621002,-0.009244450090007572,3.1225022567582528e-15,3.061586771067589,-0.023453684042276567,6,-2.605894952302676,28,-6.9481909823864765,-0.033702176018391004,-0.07741793134748255
events_gatefix.csv,"A(淨現金 N2, gatefix)",驗證年份 2022-2026,觸發日即買,12m,軸二 200 日線位置,線之上,57,65,0,52,中,0.3508771929824561,-0.010477920706709446,-0.1557407950860643,20,37,0.591952102104899,-0.33611577087514644,0.3559356191251881,-0.2661801889361394,1.7611553916783795,1.337198010670067,-0.01047792070670947,2.42861286636753e-15,1.8822074319603224,-0.1025777192133232,1,-3.151501518397914,3,-8.274635169178033,-0.044275873432906454,-0.1025777192133232
events_gatefix.csv,"A(淨現金 N2, gatefix)",驗證年份 2022-2026,觸發日即買,12m,軸二 250 日線位置(緩衝對照),線下 10% 內,144,59,0,120,高,0.3333333333333333,-0.1112231257131825,-0.22783725153259385,48,96,0.39900835297873477,-0.3663388650591412,0.18672619192961545,-0.3640405708804181,1.089178329234381,0.512926873721864,-0.1112231257131826,9.71445146547012e-15,2.4576013817173674,-0.15148918033368233,2,-0.24802553456191376,8,-0.6025719957716358,-0.14076436150023366,-0.18872795281778942
events_gatefix.csv,"A(淨現金 N2, gatefix)",驗證年份 2022-2026,觸發日即買,12m,軸二 250 日線位置(緩衝對照),線下逾 10%,512,191,0,349,高,0.427734375,0.004135502730766898,-0.0713154200181941,219,293,0.38892810126425603,-0.2834739821799298,0.2564501644963666,-0.2706403056845289,1.3720063417227166,0.9475682635213137,0.004135502730766877,2.0816681711721685e-15,3.061586771067589,-0.011055678238641441,6,6.257522261293802,26,15.853023565545842,-0.022000313846537414,-0.06471081562122526
events_gatefix.csv,"A(淨現金 N2, gatefix)",驗證年份 2022-2026,觸發日即買,12m,軸二 250 日線位置(緩衝對照),線之上,85,87,0,73,中,0.38823529411764707,-0.000600631738829468,-0.1454204030741972,33,52,0.5278294505468033,-0.33595049165086566,0.3626129093782115,-0.2726428209810171,1.5711524872401337,1.3299925084161985,-0.000600631738829488,1.994931997373328e-15,1.8822074319603224,-0.060890354329725824,1,-36.867210663469564,5,-146.96993040748575,-0.023015013449533654,-0.09443015138231875
events_gatefix.csv,"A(淨現金 N2, gatefix)",驗證年份 2022-2026,跌勢衰竭,1m,總表(三格進場),全部,1032,26,26,620,高,0.5087209302325582,0.0048241814710968745,0.0026621699314043996,525,507,0.10014716082850644,-0.0938830456741497,0.0703461509847451,-0.0745041299307065,1.0667225387648618,0.9441912958405315,0.0048241814710968806,6.071532165918825e-16,0.538630455223547,0.0033681381339425694,11,0.9925898644602954,52,3.3517377356292086,3.613297688850372e-05,-0.011947200323054083
events_gatefix.csv,"A(淨現金 N2, gatefix)",驗證年份 2022-2026,跌勢衰竭,1m,軸一 行業殺 vs 個別殺,個別殺,814,18,15,534,高,0.5036855036855037,0.0016016168815672029,0.0008157861773666,410,404,0.0989803993047723,-0.09722338508257655,0.06971694016328564,-0.08003469211709491,1.018071930129808,0.8710840051872273,0.0016016168815672152,1.235990476633475e-15,0.538630455223547,-0.00025773735727421045,9,3.148915707888897,41,10.022440500119878,-0.00348021875192957,-0.015216948663121718
events_gatefix.csv,"A(淨現金 N2, gatefix)",驗證年份 2022-2026,跌勢衰竭,1m,軸一 行業殺 vs 個別殺,行業不明,2,0,0,2,低(樣本不足),1.0,0.02084058634904305,0.02084058634904305,2,0,0.02084058634904305,,0.02084058634904305,,,,0.02084058634904305,0.0,0.0378113171804215,,1,0.907155790800428,1,0.907155790800428,0.0038698555176646,0.0038698555176646
events_gatefix.csv,"A(淨現金 N2, gatefix)",驗證年份 2022-2026,跌勢衰竭,1m,軸一 行業殺 vs 個別殺,行業殺,216,8,11,115,高,0.5231481481481481,0.0168201757586953,0.0059510847949981495,113,103,0.10578419953372706,-0.08078113187799,0.0768730487550148,-0.0629617649346854,1.3095161837234606,1.2209481235915247,0.016820175758695308,6.938893903907228e-16,0.4381969419239579,0.011417562697099053,3,0.3306261718700106,11,0.9940357082832825,0.011417562697099053,0.00010570348268041442
events_gatefix.csv,"A(淨現金 N2, gatefix)",驗證年份 2022-2026,跌勢衰竭,1m,軸二 200 日線位置,線下 10% 內,186,8,6,154,高,0.5,0.008206111715622048,-0.00066535388292375,93,93,0.10169983313119768,-0.0852876096999536,0.084245871889987,-0.06714224957776,1.1924338539792962,1.2547371054706569,0.008206111715622043,5.204170427930421e-16,0.4381969419239579,0.002121270482941892,2,0.5179780857556456,10,1.9874001701277846,0.00399852052198964,-0.008563097700916263
events_gatefix.csv,"A(淨現金 N2, gatefix)",驗證年份 2022-2026,跌勢衰竭,1m,軸二 200 日線位置,線下逾 10%,740,11,8,479,高,0.5108108108108108,0.006165140796781834,0.0031825362699751496,378,362,0.09880126241328864,-0.0905653950348192,0.06484470844071319,-0.07278782250817084,1.090938347647057,0.8908730362614434,0.0061651407967818345,8.673617379884035e-17,0.538630455223547,0.004137670354509458,8,0.8067950137655607,37,2.61160037780865,0.0012041538219316437,-0.010458677091933813
events_gatefix.csv,"A(淨現金 N2, gatefix)",驗證年份 2022-2026,跌勢衰竭,1m,軸二 200 日線位置,線之上,106,7,12,85,高,0.5094339622641509,-0.010471563118417775,0.0022447254721663,54,52,0.10689440299150724,-0.1323516048479553,0.08628861335476584,-0.1153212457314286,0.8076547550315454,0.748245588291018,-0.010471563118417779,3.469446951953614e-16,0.4464844521312823,-0.02170652943175701,2,-0.7133087379176899,6,-1.7647115148305037,-0.018286040217181058,-0.030687902199669895
events_gatefix.csv,"A(淨現金 N2, gatefix)",驗證年份 2022-2026,跌勢衰竭,1m,軸二 250 日線位置(緩衝對照),線下 10% 內,195,2,7,162,高,0.5076923076923077,0.0024780047582185554,0.0038698555176646,99,96,0.09405360638604932,-0.09195933442048192,0.070545487367827,-0.0770140967300817,1.0227738921640233,0.9160074630891819,0.0024780047582185494,6.071532165918825e-16,0.3475352776677276,-0.002565819961548532,2,1.4019225397693895,10,5.655615826298763,-0.0010062868568230334,-0.012160240233249506
events_gatefix.csv,"A(淨現金 N2, gatefix)",驗證年份 2022-2026,跌勢衰竭,1m,軸二 250 日線位置(緩衝對照),線下逾 10%,689,10,6,457,高,0.5166908563134979,0.008401284871739322,0.0046376654030377,356,333,0.10035824641445105,-0.08990705839914769,0.0644436378285282,-0.0719698751595635,1.1162443550194325,0.8954251717909892,0.008401284871739335,1.3877787807814457e-15,0.538630455223547,0.006232863175340094,7,0.5688359389380484,35,2.0014722930380464,0.003659511465202953,-0.00886392602936087
events_gatefix.csv,"A(淨現金 N2, gatefix)",驗證年份 2022-2026,跌勢衰竭,1m,軸二 250 日線位置(緩衝對照),線之上,148,14,13,118,高,0.47297297297297297,-0.008737438691277275,-0.015412073113085352,70,78,0.10769166684574895,-0.11322509750655722,0.08492678329200165,-0.08710010534446305,0.9511289388778154,0.9750479974293216,-0.008737438691277272,3.469446951953614e-16,0.4464844521312823,-0.016809072272270555,2,-0.6177953980214617,8,-1.9916426709293111,-0.0143290235587395,-0.02763296839050836
events_gatefix.csv,"A(淨現金 N2, gatefix)",驗證年份 2022-2026,跌勢衰竭,3m,總表(三格進場),全部,970,88,26,588,高,0.4865979381443299,0.004644460383219618,-0.00637561795784755,472,498,0.17060646246027536,-0.1526528588544718,0.11575571297115744,-0.12815828475518415,1.1176106608191283,0.903224580387301,0.004644460383219598,1.994931997373328e-15,3.1938156933140016,-0.0006376124126482359,10,2.2686382818130095,49,6.343729399723632,-0.0059535167013550295,-0.02613917189011126
events_gatefix.csv,"A(淨現金 N2, gatefix)",驗證年份 2022-2026,跌勢衰竭,3m,軸一 行業殺 vs 個別殺,個別殺,770,62,15,510,高,0.4779220779220779,-0.00411804812869277,-0.01076484345573785,368,402,0.1663462842177768,-0.16016499913242607,0.11913889404775785,-0.14126408534460885,1.0385932327214635,0.8433770958635568,-0.004118048128692764,6.071532165918825e-16,0.9946850859458584,-0.007587982039139109,8,-1.9204602680800567,39,-6.445061215927884,-0.01215285941634418,-0.03229483271457772
events_gatefix.csv,"A(淨現金 N2, gatefix)",驗證年份 2022-2026,跌勢衰竭,3m,軸一 行業殺 vs 個別殺,行業不明,2,0,0,2,低(樣本不足),1.0,0.12242952067537405,0.12242952067537405,2,0,0.12242952067537405,,0.12242952067537405,,,,0.12242952067537405,0.0,0.1961104657368853,,1,0.8009116782253797,1,0.8009116782253797,0.0487485756138628,0.0487485756138628
events_gatefix.csv,"A(淨現金 N2, gatefix)",驗證年份 2022-2026,跌勢衰竭,3m,軸一 行業殺 vs 個別殺,行業殺,198,26,11,106,高,0.5151515151515151,0.037531134290230896,0.0072140226314115,102,96,0.18692116321330762,-0.12119577144053807,0.10241278344988086,-0.09540311784384459,1.5423076316240638,1.0734741774111582,0.037531134290230916,2.0816681711721685e-15,3.1938156933140016,0.013536178210993382,2,0.5553655337762817,10,1.0957472586188644,0.0168579178604984,-0.003784647009504904
events_gatefix.csv,"A(淨現金 N2, gatefix)",驗證年份 2022-2026,跌勢衰竭,3m,軸二 200 日線位置,線下 10% 內,172,22,6,145,高,0.45930232558139533,0.009180278230116527,-0.02187415653168635,79,93,0.20163456717832623,-0.1543023973280401,0.1193749484663277,-0.1256343901291152,1.306749413294338,0.9501773228146,0.00918027823011651,1.734723475976807e-15,3.1938156933140016,-0.01720684014719942,2,2.4615478674755304,9,4.69793084869841,-0.01357526802382423,-0.03582246539562309
events_gatefix.csv,"A(淨現金 N2, gatefix)",驗證年份 2022-2026,跌勢衰竭,3m,軸二 200 日線位置,線下逾 10%,717,34,8,461,高,0.499302649930265,0.005823333625438392,-0.0016657839932359,358,359,0.1599887334645656,-0.14791263613057148,0.113677802201595,-0.1242175384305579,1.081643446090257,0.9151509813982106,0.0058233336254383955,3.469446951953614e-16,0.9946850859458584,0.001984405642807793,8,1.4634358513008277,36,4.378625615579812,-0.002729192820978253,-0.020714945079465395
events_gatefix.csv,"A(淨現金 N2, gatefix)",驗證年份 2022-2026,跌勢衰竭,3m,軸二 200 日線位置,線之上,81,32,12,73,中,0.43209876543209874,-0.015422364114769634,-0.0774659757940667,35,46,0.20917579696707786,-0.18631226928574057,0.1257971903023353,-0.16407141287222085,1.1227161676951736,0.7667221735958745,-0.01542236411476966,2.6020852139652106e-15,0.8238175799457532,-0.04307785653844594,1,-0.6594700612079029,5,-2.440337409837015,-0.02591286341552616,-0.0565488030682337
events_gatefix.csv,"A(淨現金 N2, gatefix)",驗證年份 2022-2026,跌勢衰竭,3m,軸二 250 日線位置(緩衝對照),線下 10% 內,180,17,7,152,高,0.4166666666666667,-0.01061546614079692,-0.03494222308527995,75,105,0.19648339842732232,-0.1585432265465964,0.1107332977769437,-0.1387705011980565,1.2393049057165189,0.7979599181450138,-0.010615466140796906,1.3877787807814457e-15,3.1938156933140016,-0.03593748265996854,2,-2.034140756974582,9,-3.7391190165896884,-0.03257071530884052,-0.05295574469243645
events_gatefix.csv,"A(淨現金 N2, gatefix)",驗證年份 2022-2026,跌勢衰竭,3m,軸二 250 日線位置(緩衝對照),線下逾 10%,670,29,6,442,高,0.5104477611940299,0.011086189517537062,0.0075108084484679,342,328,0.16130646939722088,-0.14554593157652349,0.11439945738093946,-0.12178039559803645,1.108285663844963,0.9393914087661577,0.011086189517537079,1.734723475976807e-15,0.9946850859458584,0.007000423382721546,7,0.7349051419863536,34,2.3808480819851057,0.002969920859974047,-0.01612671409798062
events_gatefix.csv,"A(淨現金 N2, gatefix)",驗證年份 2022-2026,跌勢衰竭,3m,軸二 250 日線位置(緩衝對照),線之上,120,42,13,104,高,0.4583333333333333,-0.008431970830694632,-0.05792397803825365,55,65,0.19314877937002303,-0.17900029792360958,0.1387505642739432,-0.1423867167674527,1.0790416642348355,0.9744628391182858,-0.008431970830694663,3.1225022567582528e-15,0.8238175799457532,-0.026689724926374336,2,-1.5177341287314898,6,-3.53209666307919,-0.021589282101262652,-0.04022579669997073
events_gatefix.csv,"A(淨現金 N2, gatefix)",驗證年份 2022-2026,跌勢衰竭,6m,總表(三格進場),全部,852,206,26,528,高,0.3908450704225352,-0.015480611379793854,-0.062011987842200245,333,519,0.2873102393509352,-0.20975682196425008,0.1709482140803975,-0.1856520797370713,1.369730131589727,0.9207988099163874,-0.015480611379793854,0.0,5.028545540148772,-0.026684708953407268,9,-1.337472330636543,43,-3.2411845568119753,-0.036571822833793274,-0.06914588712820642
events_gatefix.csv,"A(淨現金 N2, gatefix)",驗證年份 2022-2026,跌勢衰竭,6m,軸一 行業殺 vs 個別殺,個別殺,691,141,15,463,高,0.36324167872648333,-0.038388864332367836,-0.077942497503183,251,440,0.2784629758275643,-0.21913843678723818,0.1859300715080309,-0.19728340836659286,1.2707171772787829,0.9424516387233886,-0.03838886433236781,2.7755575615628914e-15,2.7093591860815387,-0.04725785170398166,7,-0.41843077081802,35,-1.1531716384848234,-0.05500920318745633,-0.08706791069304934
events_gatefix.csv,"A(淨現金 N2, gatefix)",驗證年份 2022-2026,跌勢衰竭,6m,軸一 行業殺 vs 個別殺,行業不明,1,1,0,1,低(樣本不足),0.0,-0.0774011983834809,-0.0774011983834809,0,1,,-0.0774011983834809,,-0.0774011983834809,,,-0.0774011983834809,0.0,-0.0774011983834809,,1,1.0,1,1.0,,
events_gatefix.csv,"A(淨現金 N2, gatefix)",驗證年份 2022-2026,跌勢衰竭,6m,軸一 行業殺 vs 個別殺,行業殺,160,64,11,89,高,0.5125,0.08384140972790807,0.0055265945190374,82,78,0.3143914972090584,-0.15853175916253207,0.15206577781579284,-0.13417291070502213,1.9831451998632887,1.1333567783299268,0.08384140972790802,5.551115123125783e-15,5.028545540148772,0.036655016579891564,2,0.48760034331311947,8,0.8827448711033153,0.04350411094756879,0.010348247688974313
events_gatefix.csv,"A(淨現金 N2, gatefix)",驗證年份 2022-2026,跌勢衰竭,6m,軸二 200 日線位置,線下 10% 內,147,47,6,121,高,0.36054421768707484,-0.0011079491789174666,-0.0993900853651728,53,94,0.40178318304014315,-0.22826997053647294,0.1557278954312173,-0.2106863624803061,1.7601228146474321,0.73914558872207,-0.001107949178917489,2.233456475320139e-15,5.028545540148772,-0.0627478466214681,2,-47.51012831911838,8,-81.38933427917377,-0.05448809141745642,-0.09653690434623442
events_gatefix.csv,"A(淨現金 N2, gatefix)",驗證年份 2022-2026,跌勢衰竭,6m,軸二 200 日線位置,線下逾 10%,633,118,8,420,高,0.41706161137440756,-0.01041871765079545,-0.0525559644537735,264,369,0.25694154033717204,-0.20170085344706487,0.16957410016724928,-0.1749560729492614,1.2738743339259333,0.9692381482317968,-0.010418717650795453,3.469446951953614e-16,1.549405252963584,-0.017760532564188355,7,-1.3690065539014116,32,-3.8516327286492977,-0.02495800731936594,-0.053239188099972225
events_gatefix.csv,"A(淨現金 N2, gatefix)",驗證年份 2022-2026,跌勢衰竭,6m,軸二 200 日線位置,線之上,72,41,12,66,中,0.2222222222222222,-0.08932727907402743,-0.1591231061397603,16,56,0.40920214710752595,-0.23176425798304265,0.2680839678269429,-0.2284460124160377,1.7655964326365878,1.173511259801366,-0.0893272790740274,2.7755575615628914e-15,1.7279322796280936,-0.14680619834165218,1,-0.26866439555816474,4,-0.6727732906539308,-0.11492248412616998,-0.1582139504772242
events_gatefix.csv,"A(淨現金 N2, gatefix)",驗證年份 2022-2026,跌勢衰竭,6m,軸二 250 日線位置(緩衝對照),線下 10% 內,157,40,7,131,高,0.3184713375796178,-0.03389882484298607,-0.0993900853651728,50,107,0.3693215231188335,-0.22231954818963073,0.16921486109661216,-0.1880987306336949,1.6612192950473939,0.8996066083302957,-0.033898824842986106,3.469446951953614e-15,5.028545540148772,-0.08006313196380041,2,-1.1580850129436389,8,-1.987626731473124,-0.07410050128037296,-0.10671472843509781
events_gatefix.csv,"A(淨現金 N2, gatefix)",驗證年份 2022-2026,跌勢衰竭,6m,軸二 250 日線位置(緩衝對照),線下逾 10%,592,107,6,401,高,0.42905405405405406,-0.003646290129098278,-0.04593216552188065,254,338,0.2562226661885649,-0.1989324289003599,0.1663077058306771,-0.1755373461557553,1.2879884270497706,0.9474206456505917,-0.0036462901290982425,3.5561831257524545e-15,1.549405252963584,-0.01146467062633502,6,-3.7274068458005,30,-11.580937405777586,-0.01741399006057987,-0.04832252445458033
events_gatefix.csv,"A(淨現金 N2, gatefix)",驗證年份 2022-2026,跌勢衰竭,6m,軸二 250 日線位置(緩衝對照),線之上,103,59,13,90,高,0.2815533980582524,-0.05542487027970261,-0.1370330405245279,29,74,0.4181957357249751,-0.24103294560586006,0.2299666712940422,-0.23959531602913203,1.7350148324072416,0.9598128840969533,-0.055424870279702595,1.3877787807814457e-15,2.7093591860815387,-0.11350546727353303,2,-0.7772774108388038,6,-1.3378262852001006,-0.1004559713318713,-0.13758858778505717
events_gatefix.csv,"A(淨現金 N2, gatefix)",驗證年份 2022-2026,跌勢衰竭,12m,總表(三格進場),全部,734,324,26,455,高,0.4128065395095368,-0.00014718279348862118,-0.09057404114836295,303,431,0.4264034821436482,-0.3000192279813133,0.2512612363103335,-0.2762069227611301,1.4212538476707457,0.9096847892101161,-0.00014718279348860386,1.7320129705455933e-15,4.494961586543262,-0.014197771390048118,8,-209.58173211269158,37,-556.588706275538,-0.03133553935409577,-0.0864239858550754
events_gatefix.csv,"A(淨現金 N2, gatefix)",驗證年份 2022-2026,跌勢衰竭,12m,軸一 行業殺 vs 個別殺,個別殺,595,237,15,401,高,0.4016806722689076,-0.021055134152358955,-0.1097379589427743,239,356,0.41634521039329586,-0.31470311827149244,0.2388709371362665,-0.2871640868889035,1.3229777088961585,0.8318273351106039,-0.021055134152358962,6.938893903907228e-16,4.494961586543262,-0.038510715433037315,6,-1.438334893522734,30,-3.855475776833469,-0.05186245099056354,-0.10766097848421423
events_gatefix.csv,"A(淨現金 N2, gatefix)",驗證年份 2022-2026,跌勢衰竭,12m,軸一 行業殺 vs 個別殺,行業不明,1,1,0,1,低(樣本不足),1.0,0.3706539719481132,0.3706539719481132,1,0,0.3706539719481132,,0.3706539719481132,,,,0.3706539719481132,0.0,0.3706539719481132,,1,1.0,1,1.0,,
events_gatefix.csv,"A(淨現金 N2, gatefix)",驗證年份 2022-2026,跌勢衰竭,12m,軸一 行業殺 vs 個別殺,行業殺,138,86,11,74,高,0.45652173913043476,0.08731245419046971,-0.045136556528794544,63,75,0.46544596561237367,-0.23031969540392955,0.2634541394754752,-0.1785138825745429,2.020869143631355,1.4758187748533416,0.08731245419046973,2.7755575615628914e-15,2.221079679080189,0.04395763357631224,2,0.36703639292611717,7,0.9382525216211329,0.05607833544609159,0.005679409886044242
events_gatefix.csv,"A(淨現金 N2, gatefix)",驗證年份 2022-2026,跌勢衰竭,12m,軸二 200 日線位置,線下 10% 內,132,62,6,106,高,0.3787878787878788,-0.04255079511849809,-0.12465423698420434,50,82,0.4309990872737246,-0.3313007234064388,0.2696756700275329,-0.33475613545560945,1.300930112201947,0.8055884312934226,-0.04255079511849813,4.163336342344337e-15,2.221079679080189,-0.08853863589675062,2,-0.732174116256906,7,-1.7555799145552513,-0.07483931494472713,-0.12381823489399475
events_gatefix.csv,"A(淨現金 N2, gatefix)",驗證年份 2022-2026,跌勢衰竭,12m,軸二 200 日線位置,線下逾 10%,547,204,8,365,高,0.42230347349177333,0.008709320980265167,-0.0778137030744824,231,316,0.41748219856314833,-0.29010882687304507,0.2505721201313338,-0.2640393740421372,1.4390537615246133,0.948995281633056,0.00870932098026514,2.7755575615628914e-15,4.494961586543262,-0.010122316432903478,6,3.7823644412468016,28,9.62393464856565,-0.024501257368915553,-0.07916071750877095
events_gatefix.csv,"A(淨現金 N2, gatefix)",驗證年份 2022-2026,跌勢衰竭,12m,軸二 200 日線位置,線之上,55,58,12,50,中,0.4,0.013539531073019204,-0.1045511255913099,22,33,0.5096324026250851,-0.31718904996169145,0.2601485474331968,-0.2818718950607052,1.6067149943752348,0.9229318424143352,0.013539531073019195,8.673617379884035e-16,2.048303421011408,-0.08463432521859139,1,2.7506034131594905,3,6.9099467365491405,-0.02414128170361761,-0.08463432521859139
events_gatefix.csv,"A(淨現金 N2, gatefix)",驗證年份 2022-2026,跌勢衰竭,12m,軸二 250 日線位置(緩衝對照),線下 10% 內,141,56,7,117,高,0.3333333333333333,-0.07963869794268702,-0.2159864384390414,47,94,0.4572385762073623,-0.34807733501771165,0.3289492856304847,-0.33606032598245955,1.313612034475316,0.9788399885312674,-0.07963869794268705,2.7755575615628914e-15,2.221079679080189,-0.12343359047070981,2,-0.36622898995682335,8,-0.9826534321614944,-0.11037023307260181,-0.1673934378275239
events_gatefix.csv,"A(淨現金 N2, gatefix)",驗證年份 2022-2026,跌勢衰竭,12m,軸二 250 日線位置(緩衝對照),線下逾 10%,510,189,6,348,高,0.43137254901960786,0.020244751190038116,-0.0642426925621554,220,290,0.41478377153596385,-0.27906071252066417,0.24160874322404108,-0.2542941630413958,1.4863567421918968,0.9501151750176441,0.02024475119003813,1.3877787807814457e-15,4.494961586543262,0.00010706980515760689,6,1.745228816628573,26,4.185308932470364,-0.01526657878148597,-0.06794989931538618
events_gatefix.csv,"A(淨現金 N2, gatefix)",驗證年份 2022-2026,跌勢衰竭,12m,軸二 250 日線位置(緩衝對照),線之上,83,79,13,71,中,0.43373493975903615,0.009592784729864932,-0.0905673057040568,36,47,0.45715589638520293,-0.3332215135593302,0.2601485474331968,-0.3169803321802384,1.3719279151638755,0.8207087980628198,0.009592784729864912,2.0816681711721685e-15,2.048303421011408,-0.05587847290264092,1,2.572595462627924,5,9.371986350855977,-0.015269540102836833,-0.08545878223699609
events_gatefix.csv,"A(淨現金 N2, gatefix)",驗證年份 2022-2026,買方回來,1m,總表(三格進場),全部,1019,17,48,618,高,0.4916584887144259,-0.0007646684229518212,-0.0033188474667409,501,518,0.09743438352123879,-0.09574097155816318,0.0666855623802236,-0.07620174520545615,1.0176874324076277,0.875118571109167,-0.0007646684229518017,1.951563910473908e-15,0.7141447229496054,-0.0025364677260416623,11,-6.545566096519544,51,-20.82103971829096,-0.0058328208271062635,-0.017564970422621007
events_gatefix.csv,"A(淨現金 N2, gatefix)",驗證年份 2022-2026,買方回來,1m,軸一 行業殺 vs 個別殺,個別殺,803,12,32,532,高,0.48816936488169366,-0.002763443515771917,-0.0045484423714504,392,411,0.09502456320511939,-0.09603083678727896,0.06242292381359935,-0.0761494959507174,0.9895213494349883,0.819741785999455,-0.0027634435157719295,1.2576745200831851e-15,0.7141447229496054,-0.005021124037294093,9,-1.8860931352993113,41,-5.753201306621778,-0.008065958381117571,-0.019666218583036188
events_gatefix.csv,"A(淨現金 N2, gatefix)",驗證年份 2022-2026,買方回來,1m,軸一 行業殺 vs 個別殺,行業不明,2,0,0,2,低(樣本不足),0.5,-0.07644941772026234,-0.07644941772026234,1,1,0.0038698555176646,-0.1567686909581893,0.0038698555176646,-0.1567686909581893,0.024685130009133666,0.024685130009133666,-0.07644941772026234,0.0,0.0038698555176646,,1,-0.025309908388216045,1,-0.025309908388216045,-0.1567686909581893,-0.1567686909581893
events_gatefix.csv,"A(淨現金 N2, gatefix)",驗證年份 2022-2026,買方回來,1m,軸一 行業殺 vs 個別殺,行業殺,214,5,16,115,高,0.5046728971962616,0.007442742315969474,0.0016593369516172,108,106,0.10704747696496447,-0.09404132694904431,0.08153510772835171,-0.0766469939440117,1.1383024935725063,1.063774370432722,0.007442742315969461,1.3010426069826053e-15,0.4697212378988598,0.0015356318681006783,3,0.7965663388212254,11,2.258992487169061,0.0015356318681006783,-0.009878109976278512
events_gatefix.csv,"A(淨現金 N2, gatefix)",驗證年份 2022-2026,買方回來,1m,軸二 200 日線位置,線下 10% 內,187,3,10,154,高,0.44919786096256686,-0.0183224611407964,-0.0200612586715496,84,103,0.09384004066669446,-0.109794792711954,0.0652656461901297,-0.0899762830906443,0.8546857127631113,0.7253649956220074,-0.018322461140796394,6.938893903907228e-16,0.4697212378988598,-0.025181481227790747,2,-0.2520171013818999,10,-0.7893478056912175,-0.02318803506268438,-0.03463752996692894
events_gatefix.csv,"A(淨現金 N2, gatefix)",驗證年份 2022-2026,買方回來,1m,軸二 200 日線位置,線下逾 10%,732,7,20,478,高,0.49453551912568305,0.002630513575260023,-0.0021072856881057,362,370,0.09399880721198742,-0.08676224938824086,0.06504583603000774,-0.06902933990134034,1.0834067566801393,0.9422925979442076,0.0026305135752600142,8.673617379884035e-16,0.560873599843575,0.0006629663733742205,8,1.741638542391358,37,5.861344193569177,-0.001972447052079905,-0.01346862294573078
events_gatefix.csv,"A(淨現金 N2, gatefix)",驗證年份 2022-2026,買方回來,1m,軸二 200 日線位置,線之上,100,7,18,83,高,0.55,0.007215671732506835,0.01672719025074565,55,45,0.12553626395270626,-0.13739838542551464,0.0897480301885012,-0.1152140711816566,0.9136662236890769,0.7789676145285812,0.0072156717325068676,3.2959746043559335e-15,0.7141447229496054,-0.008605733142779999,1,0.989713431297547,5,3.0013150354844025,7.497424546543231e-05,-0.015200876136195487
events_gatefix.csv,"A(淨現金 N2, gatefix)",驗證年份 2022-2026,買方回來,1m,軸二 250 日線位置(緩衝對照),線下 10% 內,194,0,10,161,高,0.4639175257731959,-0.016641444961150664,-0.01937524467194035,90,104,0.08983534007625697,-0.10878481662813806,0.05885189764786875,-0.0912115036734204,0.8258077079207058,0.6452245087262887,-0.01664144496115067,6.938893903907228e-16,0.3628620400465205,-0.02227784163099366,2,-0.21882643902315893,10,-0.846011995723558,-0.020494314697013728,-0.03238988892796061
events_gatefix.csv,"A(淨現金 N2, gatefix)",驗證年份 2022-2026,買方回來,1m,軸二 250 日線位置(緩衝對照),線下逾 10%,682,7,16,456,高,0.4941348973607038,0.003954745627336142,-0.0021072856881057,337,345,0.09474166603760152,-0.08472697083138685,0.0659213187023188,-0.0680055671246081,1.1181996135108463,0.9693517970599336,0.003954745627336144,1.734723475976807e-16,0.560873599843575,0.001798714407285263,7,1.1518433375323736,35,3.9801806842072676,-0.0006067292009626191,-0.012423422184152247
events_gatefix.csv,"A(淨現金 N2, gatefix)",驗證年份 2022-2026,買方回來,1m,軸二 250 日線位置(緩衝對照),線之上,143,10,22,117,高,0.5174825174825175,-0.0017335197088666262,0.0053269146895529,74,69,0.11893924435953764,-0.1311506869706335,0.08657409150015416,-0.0979821531581497,0.9068899836275338,0.8835700044314991,-0.001733519708866614,1.214306433183765e-15,0.7141447229496054,-0.013418848718311433,2,-4.989971068889,8,-12.480353163194124,-0.010531019894998418,-0.0247532553955243
events_gatefix.csv,"A(淨現金 N2, gatefix)",驗證年份 2022-2026,買方回來,3m,總表(三格進場),全部,935,101,48,577,高,0.48770053475935826,0.0058715670402702674,-0.0049198259684857,456,479,0.171246195113669,-0.15156231688764168,0.11508692170361275,-0.1263823991363313,1.1298731678839382,0.9106246003406384,0.0058715670402702536,1.3877787807814457e-15,3.396805041048303,-0.0012452231637771493,10,2.256609149268185,47,5.479444584701873,-0.007458029888894811,-0.027693435625457466
events_gatefix.csv,"A(淨現金 N2, gatefix)",驗證年份 2022-2026,買方回來,3m,軸一 行業殺 vs 個別殺,個別殺,742,73,32,501,高,0.46765498652291104,-0.008683803318301606,-0.01669047583946645,347,395,0.15992267031940405,-0.15680138902028606,0.1150328734858459,-0.1329988961040195,1.0199059543963234,0.864916001978526,-0.008683803318301597,8.673617379884035e-16,1.1256720008353378,-0.012730266237527028,8,-0.9624046011906847,38,-3.0727014068635174,-0.017226870035492007,-0.03727552725795282
events_gatefix.csv,"A(淨現金 N2, gatefix)",驗證年份 2022-2026,買方回來,3m,軸一 行業殺 vs 個別殺,行業不明,2,0,0,2,低(樣本不足),1.0,0.0366534396970328,0.0366534396970328,2,0,0.0366534396970328,,0.0366534396970328,,,,0.0366534396970328,0.0,0.0487485756138628,,1,0.6649931905000601,1,0.6649931905000601,0.0245583037802028,0.0245583037802028
events_gatefix.csv,"A(淨現金 N2, gatefix)",驗證年份 2022-2026,買方回來,3m,軸一 行業殺 vs 個別殺,行業殺,191,28,16,102,高,0.5602094240837696,0.06209419039496558,0.0238203544010713,107,84,0.21048403263182977,-0.12692620388294476,0.1161114716803453,-0.09480564060300906,1.6583181895674166,1.224731682016186,0.06209419039496557,1.3877787807814457e-15,3.396805041048303,0.027710251032688364,2,0.43383057862745217,10,0.8811198042711755,0.03552785123113369,0.00778960207726683
events_gatefix.csv,"A(淨現金 N2, gatefix)",驗證年份 2022-2026,買方回來,3m,軸二 200 日線位置,線下 10% 內,167,23,10,138,高,0.4491017964071856,-0.0016248660155914203,-0.0318776679787258,75,92,0.2047861016310685,-0.16989467659710764,0.1181588489465916,-0.13799654046624255,1.205370914102878,0.8562450083703095,-0.0016248660155914196,6.505213034913027e-17,3.396805041048303,-0.031422267477278554,2,-15.437151276758282,9,-28.24223006521333,-0.02703190387853042,-0.05022123973077737
events_gatefix.csv,"A(淨現金 N2, gatefix)",驗證年份 2022-2026,買方回來,3m,軸二 200 日線位置,線下逾 10%,689,50,20,452,高,0.5065312046444121,0.010901004544016902,0.00412020621343,349,340,0.16094431782143176,-0.14311404349662366,0.1145757302550871,-0.1186791058599462,1.1245878733433226,0.9654246164467947,0.010901004544016893,8.673617379884035e-16,1.7484214417058572,0.0045648134107107875,7,0.9660392962602941,35,2.663734126115856,0.00037400555191429823,-0.01910697428474065
events_gatefix.csv,"A(淨現金 N2, gatefix)",驗證年份 2022-2026,買方回來,3m,軸二 200 日線位置,線之上,79,28,18,72,中,0.4050632911392405,-0.022145877513559193,-0.0634279576739934,32,47,0.2049918884319762,-0.17679286709349817,0.1199361710491274,-0.151743772496297,1.1595031621019232,0.790386116517923,-0.022145877513559203,1.0408340855860843e-15,0.8383083659735373,-0.05069835664671709,1,-0.4791635958866577,4,-1.502771503784335,-0.03317734217365018,-0.058382128296153406
events_gatefix.csv,"A(淨現金 N2, gatefix)",驗證年份 2022-2026,買方回來,3m,軸二 250 日線位置(緩衝對照),線下 10% 內,176,18,10,147,高,0.4431818181818182,-0.0017732997466755468,-0.0289441177066539,78,98,0.20502182807227373,-0.16636534025563515,0.125195107318107,-0.13799654046624255,1.2323590223615053,0.9072336661130495,-0.0017732997466755468,0.0,3.396805041048303,-0.028731711659281744,2,-13.10407839906582,9,-24.11127172424003,-0.02529823863666298,-0.04692962200337745
events_gatefix.csv,"A(淨現金 N2, gatefix)",驗證年份 2022-2026,買方回來,3m,軸二 250 日線位置(緩衝對照),線下逾 10%,642,47,16,430,高,0.5124610591900312,0.0127301386075927,0.0072036761362046,329,313,0.15961700132899706,-0.1416653177353531,0.1136786771261262,-0.1185107045841407,1.1267189731447167,0.95922708016149,0.0127301386075927,0.0,1.7484214417058572,0.005936492730820757,7,0.9116108488368675,33,2.3330967930533966,0.0011376099929897353,-0.01789009107350794
events_gatefix.csv,"A(淨現金 N2, gatefix)",驗證年份 2022-2026,買方回來,3m,軸二 250 日線位置(緩衝對照),線之上,117,36,22,102,高,0.4188034188034188,-0.02026267562399072,-0.0595049033664722,49,68,0.19556263152970765,-0.17578385283768516,0.1181932793755995,-0.13287971523488756,1.1125176082599906,0.8894757124266311,-0.020262675623990728,6.938893903907228e-16,0.8383083659735373,-0.03924810376830032,2,-0.6266746555093189,6,-1.5422336531437175,-0.033534011862358305,-0.05429691294831674
events_gatefix.csv,"A(淨現金 N2, gatefix)",驗證年份 2022-2026,買方回來,6m,總表(三格進場),全部,830,206,48,522,高,0.4072289156626506,-0.019143483609088772,-0.06208845054897945,338,492,0.27232423652598464,-0.21937943768562296,0.17457023506733466,-0.20293297365261526,1.2413389303888778,0.8602359287661526,-0.019143483609088754,1.734723475976807e-15,3.32550096723088,-0.028219644525514745,9,-0.9099028594375702,42,-2.3578770234528275,-0.0369629976738292,-0.06770763314801796
events_gatefix.csv,"A(淨現金 N2, gatefix)",驗證年份 2022-2026,買方回來,6m,軸一 行業殺 vs 個別殺,個別殺,676,139,32,457,高,0.39201183431952663,-0.03492733151229736,-0.08128900239307615,265,411,0.26695657532310524,-0.22957267290252048,0.1767313256104059,-0.2117313104203577,1.1628412560952255,0.8346962254167081,-0.03492733151229736,0.0,2.3951213801980296,-0.04289575991099458,7,-0.4059916591494045,34,-1.1889302989779884,-0.04962136751130357,-0.08050243315540226
events_gatefix.csv,"A(淨現金 N2, gatefix)",驗證年份 2022-2026,買方回來,6m,軸一 行業殺 vs 個別殺,行業不明,1,1,0,1,低(樣本不足),0.0,-0.0774011983834809,-0.0774011983834809,0,1,,-0.0774011983834809,,-0.0774011983834809,,,-0.0774011983834809,0.0,-0.0774011983834809,,1,1.0,1,1.0,,
events_gatefix.csv,"A(淨現金 N2, gatefix)",驗證年份 2022-2026,買方回來,6m,軸一 行業殺 vs 個別殺,行業殺,153,66,16,88,高,0.477124183006536,0.05097507127550861,-0.0108074218879008,73,80,0.2918095819884918,-0.16878641975008854,0.1718305701529217,-0.14364413493907216,1.728868841584269,1.1962240590317526,0.05097507127550863,1.3877787807814457e-15,3.32550096723088,0.01362071243509374,2,0.6246435193578768,8,1.1886287564017646,0.019387251478356394,-0.010145867160242383
events_gatefix.csv,"A(淨現金 N2, gatefix)",驗證年份 2022-2026,買方回來,6m,軸二 200 日線位置,線下 10% 內,144,46,10,118,高,0.3611111111111111,-0.023663499902917034,-0.10349363342095075,52,92,0.3512367526490815,-0.23556364264969884,0.14174146320365394,-0.21730457551683158,1.4910482309504673,0.6522709559453118,-0.02366349990291705,1.734723475976807e-15,3.32550096723088,-0.07278782263410771,2,-1.6788110060790407,8,-3.2629088195858085,-0.06428286150316172,-0.10680918611126076
events_gatefix.csv,"A(淨現金 N2, gatefix)",驗證年份 2022-2026,買方回來,6m,軸二 200 日線位置,線下逾 10%,616,123,20,415,高,0.4318181818181818,-0.01336186445258184,-0.049916384197478306,266,350,0.25161579648157456,-0.21474488676254072,0.181048362984316,-0.1979252774387885,1.1716963336119137,0.9147308788808346,-0.013361864452581834,5.204170427930421e-16,1.5462099646901235,-0.019594837793857144,7,-0.9015306142479458,31,-2.776609812935241,-0.025700040231740055,-0.053136632172667335
events_gatefix.csv,"A(淨現金 N2, gatefix)",驗證年份 2022-2026,買方回來,6m,軸二 200 日線位置,線之上,70,37,18,65,中,0.2857142857142857,-0.06072341295333159,-0.13881477099417078,20,50,0.34257394719658596,-0.2220423570132986,0.1810780454366437,-0.20038778887442354,1.542831520096269,0.9036381231299446,-0.0607234129533316,6.938893903907228e-16,1.7279322796280936,-0.11465848055398377,1,-0.4065111898568866,4,-0.9304163649537097,-0.08664595922262762,-0.12432580162222329
events_gatefix.csv,"A(淨現金 N2, gatefix)",驗證年份 2022-2026,買方回來,6m,軸二 250 日線位置(緩衝對照),線下 10% 內,155,39,10,129,高,0.3225806451612903,-0.05041305488235831,-0.1183914388228437,50,105,0.3190100178326977,-0.22632880379428974,0.17040277445487934,-0.2108165789121104,1.40949809518123,0.8082987369125291,-0.050413054882358324,1.3877787807814457e-15,3.32550096723088,-0.08657111342055525,2,-0.5708221406461326,8,-1.117311677586223,-0.08022510543762511,-0.11254913754971374
events_gatefix.csv,"A(淨現金 N2, gatefix)",驗證年份 2022-2026,買方回來,6m,軸二 250 日線位置(緩衝對照),線下逾 10%,576,113,16,396,高,0.4444444444444444,-0.006818031296830578,-0.04504569298625505,256,320,0.2503223202384798,-0.2125303125250789,0.17197410524493462,-0.1979252774387885,1.1778193767486291,0.8688839923345331,-0.006818031296830604,2.6020852139652106e-15,1.5462099646901235,-0.013451855308583616,6,-1.7126182901472704,29,-5.685405378399126,-0.018689397623827313,-0.047997862132922564
events_gatefix.csv,"A(淨現金 N2, gatefix)",驗證年份 2022-2026,買方回來,6m,軸二 250 日線位置(緩衝對照),線之上,99,54,22,87,中,0.32323232323232326,-0.041897796583876046,-0.1361898579459861,32,67,0.37539303353428377,-0.24120087962538528,0.20002803845814665,-0.2201040033357701,1.5563501846150622,0.9087887336288135,-0.041897796583876074,2.7755575615628914e-15,2.3951213801980296,-0.09689141103383747,1,-0.5774324004388346,5,-1.5414716647862583,-0.06676533920409956,-0.11214600234739411
events_gatefix.csv,"A(淨現金 N2, gatefix)",驗證年份 2022-2026,買方回來,12m,總表(三格進場),全部,714,322,48,448,高,0.38795518207282914,-0.014909039912822972,-0.1050247015220768,277,437,0.42297107675520873,-0.2924669170685319,0.2421666859188023,-0.2656603747143626,1.4462185364237168,0.9115649489660599,-0.014909039912823024,5.204170427930421e-15,3.2587107835514573,-0.027166966095674722,8,-1.8584626867287868,36,-5.280106112277448,-0.04309984572242045,-0.0986018758361084
events_gatefix.csv,"A(淨現金 N2, gatefix)",驗證年份 2022-2026,買方回來,12m,軸一 行業殺 vs 個別殺,個別殺,577,238,32,395,高,0.37608318890814557,-0.032446991115864604,-0.126721879261843,217,360,0.41757267305603213,-0.30370884424170236,0.2361468426748063,-0.2760670323430513,1.3749111393137858,0.8553967515446079,-0.03244699111586463,2.7755575615628914e-15,3.2587107835514573,-0.04728956442344162,6,-0.8076613458375203,29,-2.405125677022866,-0.05926949217139202,-0.11633297382275636
events_gatefix.csv,"A(淨現金 N2, gatefix)",驗證年份 2022-2026,買方回來,12m,軸一 行業殺 vs 個別殺,行業不明,1,1,0,1,低(樣本不足),1.0,0.3706539719481132,0.3706539719481132,1,0,0.3706539719481132,,0.3706539719481132,,,,0.3706539719481132,0.0,0.3706539719481132,,1,1.0,1,1.0,,
events_gatefix.csv,"A(淨現金 N2, gatefix)",驗證年份 2022-2026,買方回來,12m,軸一 行業殺 vs 個別殺,行業殺,136,83,16,73,高,0.4338235294117647,0.056663275030515894,-0.0568935018372815,59,77,0.4437129531539957,-0.23990725755760506,0.2777187681478796,-0.1902489491217129,1.8495186751382628,1.459765057467978,0.05666327503051588,1.3877787807814457e-15,2.614167005250864,0.012337097516011178,2,0.584942702868569,7,1.4021680854922558,0.023869528255120818,-0.02402472770385387
events_gatefix.csv,"A(淨現金 N2, gatefix)",驗證年份 2022-2026,買方回來,12m,軸二 200 日線位置,線下 10% 內,128,62,10,104,高,0.359375,-0.035583897897353375,-0.1517530027320782,46,82,0.45671730219946804,-0.31175286380532635,0.31115585318172834,-0.3117530765773351,1.464997936585643,0.998084306329344,-0.03558389789735336,1.3877787807814457e-15,2.614167005250864,-0.08745756206485086,2,-0.9896700307939786,7,-2.351840622635719,-0.07192402816527937,-0.12617156176827324
events_gatefix.csv,"A(淨現金 N2, gatefix)",驗證年份 2022-2026,買方回來,12m,軸二 200 日線位置,線下逾 10%,532,207,20,360,高,0.39849624060150374,-0.012665746653372193,-0.09849960292225915,212,320,0.40301512552943486,-0.28805432447448187,0.23166599716517405,-0.25655339452215,1.3990941683124676,0.9029933031939391,-0.012665746653372195,1.734723475976807e-16,3.2587107835514573,-0.028658739744415157,6,-2.244073680941571,27,-6.056846247432755,-0.04155730679772809,-0.0941589715378789
events_gatefix.csv,"A(淨現金 N2, gatefix)",驗證年份 2022-2026,買方回來,12m,軸二 200 日線位置,線之上,54,53,18,49,中,0.35185185185185186,0.011997438012956227,-0.11033064151922385,19,35,0.5639360919882698,-0.28762640271649964,0.2929323372931427,-0.2531752940222128,1.9606548170201055,1.1570336609046923,0.011997438012956274,4.683753385137379e-15,2.048303421011408,-0.08283789508035509,1,3.1616370755641086,3,7.5210413851378135,-0.026423429590788174,-0.08283789508035509
events_gatefix.csv,"A(淨現金 N2, gatefix)",驗證年份 2022-2026,買方回來,12m,軸二 250 日線位置(緩衝對照),線下 10% 內,136,58,10,113,高,0.3235294117647059,-0.0792754957498872,-0.18785134319744978,44,92,0.46415650178739437,-0.3391777554416305,0.359957465694967,-0.32311250760463095,1.3684756572052723,1.11403135819001,-0.07927549574988715,4.163336342344337e-15,2.614167005250864,-0.1290144642799232,2,-0.4180960199139749,7,-0.9739922016273751,-0.11409817940260171,-0.16498087296974664
events_gatefix.csv,"A(淨現金 N2, gatefix)",驗證年份 2022-2026,買方回來,12m,軸二 250 日線位置(緩衝對照),線下逾 10%,497,192,16,343,高,0.4084507042253521,-0.002087438441270858,-0.0827616095530465,203,294,0.3967072815190532,-0.2774456974614946,0.2250973127874047,-0.24054766974820865,1.4298555902965853,0.9357700825912115,-0.00208743844127085,7.806255641895632e-16,3.2587107835514573,-0.019149297592132034,5,-12.47772971191726,25,-36.7988771534701,-0.028419845035675028,-0.08308200448282427
events_gatefix.csv,"A(淨現金 N2, gatefix)",驗證年份 2022-2026,買方回來,12m,軸二 250 日線位置(緩衝對照),線之上,81,72,22,70,中,0.37037037037037035,0.014492220117786052,-0.0823122976954338,30,51,0.5402841344726564,-0.2947971412674318,0.30701653144155494,-0.2559938618912577,1.8327319327107234,1.1993120818340983,0.014492220117786059,6.938893903907228e-16,2.048303421011408,-0.05530983120697611,1,1.7449152959429068,5,6.671464567197991,-0.01093041989338422,-0.0875994887466139
events_gatefix.csv,"A2(N2, gatefix, 資料不足當過閘)",全期 2010-2026,觸發日即買,1m,總表(三格進場),全部,2918,27,0,1621,高,0.49348869088416725,0.003793004308700976,-0.00198661466397375,1440,1478,0.10070497920726074,-0.09062732306202029,0.07369989646934699,-0.0690105081123774,1.1111988725336603,1.0679518016203178,0.003793004308700984,8.239936510889834e-16,0.8506280957372951,0.00300574973376332,30,1.376722967140716,146,4.139934798852878,-0.0014437551045619296,-0.012537069333743867
events_gatefix.csv,"A2(N2, gatefix, 資料不足當過閘)",全期 2010-2026,觸發日即買,1m,軸一 行業殺 vs 個別殺,個別殺,2289,12,0,1437,高,0.49148099606815204,0.0038648078267776807,-0.002150894615474,1125,1164,0.10195964270409154,-0.09094334443866742,0.0727454795925437,-0.06841656352902975,1.1211336391180726,1.0632729245700443,0.003864807826777686,5.204170427930421e-16,0.8506280957372951,0.0028610319407807307,23,1.3876722321489359,115,4.232114979199299,-0.0015134862717254421,-0.013152277360602994
events_gatefix.csv,"A2(N2, gatefix, 資料不足當過閘)",全期 2010-2026,觸發日即買,1m,軸一 行業殺 vs 個別殺,行業不明,2,0,0,2,低(樣本不足),0.5,-0.09258258801910335,-0.09258258801910335,1,1,0.0167464446116818,-0.2019116206498885,0.0167464446116818,-0.2019116206498885,0.08293947895510119,0.08293947895510119,-0.09258258801910335,0.0,0.0167464446116818,,1,-0.09044057295215363,1,-0.09044057295215363,-0.2019116206498885,-0.2019116206498885
events_gatefix.csv,"A2(N2, gatefix, 資料不足當過閘)",全期 2010-2026,觸發日即買,1m,軸一 行業殺 vs 個別殺,行業殺,627,15,0,263,高,0.5007974481658692,0.0038382880914410566,0.000431658983824,314,313,0.09647715150235914,-0.08909654612909657,0.07830143505233769,-0.0698001079457342,1.0828382882830097,1.121795328930047,0.0038382880914410653,8.673617379884035e-16,0.5261583729519421,0.0015361624133008755,7,1.1474334264682111,32,3.532504531287638,-0.0005722810679249771,-0.010243264208309384
events_gatefix.csv,"A2(N2, gatefix, 資料不足當過閘)",全期 2010-2026,觸發日即買,1m,軸二 200 日線位置,線下 10% 內,543,6,0,428,高,0.48066298342541436,-0.00024375129235755912,-0.0044130780038323,261,282,0.09600630044157549,-0.08932624598227432,0.0734445532022656,-0.06864895389398185,1.0747826619807435,1.069856844660588,-0.00024375129235756215,3.0357660829594124e-16,0.5261583729519421,-0.0030782978163319936,6,-21.09052267905425,28,-61.50771653149387,-0.005444756507201628,-0.01606472004072092
events_gatefix.csv,"A2(N2, gatefix, 資料不足當過閘)",全期 2010-2026,觸發日即買,1m,軸二 200 日線位置,線下逾 10%,2025,9,0,1246,高,0.505679012345679,0.006597262450371984,0.0010976191488625,1024,1001,0.09993895263039412,-0.08888914188963068,0.07112404436786585,-0.0676486172340159,1.1243100170151654,1.0513746958319554,0.006597262450371989,5.204170427930421e-16,0.8506280957372951,0.005518949735938188,21,0.7864133326098538,102,2.4038706586075693,0.0014238531855603966,-0.00975296356835761
events_gatefix.csv,"A2(N2, gatefix, 資料不足當過閘)",全期 2010-2026,觸發日即買,1m,軸二 200 日線位置,線之上,350,12,0,242,高,0.44285714285714284,-0.006168894107039049,-0.0167644023967379,155,195,0.11367766548181064,-0.10143154403663751,0.0865350323892402,-0.081994270970344,1.1207328702474428,1.055379008376555,-0.006168894107039052,3.469446951953614e-16,0.7289663457738649,-0.011813061329886451,4,-1.0555835704093737,18,-2.6920444028362414,-0.012827274800313974,-0.024010665168235086
events_gatefix.csv,"A2(N2, gatefix, 資料不足當過閘)",全期 2010-2026,觸發日即買,1m,軸二 250 日線位置(緩衝對照),線下 10% 內,538,6,0,445,高,0.4739776951672863,0.0008416623734201652,-0.00537662804932065,255,283,0.09754907332787138,-0.08629752417564364,0.0737430730377597,-0.0616859105555538,1.130380903272812,1.1954605577451487,0.0008416623734201767,1.1492543028346347e-15,0.7225226504839646,-0.002189667028415831,6,5.929753102674823,27,17.619599724597933,-0.004195983046736308,-0.014727188573835702
events_gatefix.csv,"A2(N2, gatefix, 資料不足當過閘)",全期 2010-2026,觸發日即買,1m,軸二 250 日線位置(緩衝對照),線下逾 10%,1882,7,0,1176,高,0.5047821466524973,0.006216081736397146,0.00085171606805375,950,932,0.09967509221258493,-0.08904793108804317,0.07101483607030576,-0.06777466255223474,1.119342032933191,1.0478080361606195,0.006216081736397157,1.0408340855860843e-15,0.8506280957372951,0.005133479133279809,19,0.8290545167160533,95,2.5743995375309368,0.0010734482467673907,-0.010306868533393297
events_gatefix.csv,"A2(N2, gatefix, 資料不足當過閘)",全期 2010-2026,觸發日即買,1m,軸二 250 日線位置(緩衝對照),線之上,498,14,0,339,高,0.4718875502008032,-0.002175689983955891,-0.0081970186562229,235,263,0.10829284577826624,-0.10088331699582737,0.0829654949958091,-0.0807455743955914,1.0734465222108562,1.0274927835591559,-0.0021756899839558905,4.336808689942018e-17,0.7289663457738649,-0.006108106981852448,5,-2.5183247582497232,25,-7.267522641397852,-0.007732418662353589,-0.01893828323277566
events_gatefix.csv,"A2(N2, gatefix, 資料不足當過閘)",全期 2010-2026,觸發日即買,3m,總表(三格進場),全部,2817,128,0,1577,高,0.49804756833510827,0.0167200260028953,-0.0011491188897649,1403,1414,0.18959980592176054,-0.15481486171009476,0.1352412269661331,-0.13137865969205084,1.2246873706272712,1.0294002639632347,0.016720026002895294,6.938893903907228e-16,3.644043104313688,0.014462750520651825,29,0.6137813548949738,141,1.8704757166601629,0.006524755798958972,-0.015321255206034294
events_gatefix.csv,"A2(N2, gatefix, 資料不足當過閘)",全期 2010-2026,觸發日即買,3m,軸一 行業殺 vs 個別殺,個別殺,2229,72,0,1401,高,0.4908030506953791,0.009791716148653878,-0.0041430563455482,1094,1135,0.18690111916799176,-0.16091990226822334,0.1329707775597567,-0.1392499210655841,1.1614543417784495,0.9549073819376168,0.009791716148653887,8.673617379884035e-16,3.644043104313688,0.006941841437998085,23,1.0741764770084952,112,3.2335728952446865,-0.0007338876483812289,-0.02302757240173732
events_gatefix.csv,"A2(N2, gatefix, 資料不足當過閘)",全期 2010-2026,觸發日即買,3m,軸一 行業殺 vs 個別殺,行業不明,2,0,0,2,低(樣本不足),0.5,-0.02014256373712415,-0.02014256373712415,1,1,0.0441877598938091,-0.0844728873680574,0.0441877598938091,-0.0844728873680574,0.5230999113511807,0.5230999113511807,-0.02014256373712415,0.0,0.0441877598938091,,1,-1.0968752654948284,1,-1.0968752654948284,-0.0844728873680574,-0.0844728873680574
events_gatefix.csv,"A2(N2, gatefix, 資料不足當過閘)",全期 2010-2026,觸發日即買,3m,軸一 行業殺 vs 個別殺,行業殺,586,56,0,250,高,0.5255972696245734,0.04319942505508672,0.01059519252165015,308,278,0.19965751811218582,-0.13014263487867775,0.1451344529144055,-0.1100534724931915,1.5341438130426022,1.3187630487841653,0.04319942505508673,1.3877787807814457e-15,1.2201125721561443,0.03805311492707781,6,0.21586538379521986,30,0.7088775177205958,0.034224586978104876,0.013254902480354025
events_gatefix.csv,"A2(N2, gatefix, 資料不足當過閘)",全期 2010-2026,觸發日即買,3m,軸二 200 日線位置,線下 10% 內,522,27,0,414,高,0.48084291187739464,0.007036588564334033,-0.008206698846241301,251,271,0.17879101710107004,-0.15204223639035505,0.1224959880106313,-0.1251077236062937,1.1759299346402656,0.9791241058475224,0.007036588564334034,8.673617379884035e-17,1.5379776085719985,0.00021798224101398343,6,1.5692520540447628,27,4.279671456239442,-0.0040521691506186916,-0.02433648222722432
events_gatefix.csv,"A2(N2, gatefix, 資料不足當過閘)",全期 2010-2026,觸發日即買,3m,軸二 200 日線位置,線下逾 10%,1992,42,0,1219,高,0.5120481927710844,0.01999189376995405,0.00404522612916675,1020,972,0.18304039740005276,-0.15110838781718655,0.13508901781539334,-0.12851247379969744,1.2113185776391056,1.0511743632446626,0.019991893769954083,3.469446951953614e-15,1.1911755414800729,0.018348182868738176,20,0.4248781542960471,100,1.4624450555913182,0.011614385136629764,-0.00973379684579158
events_gatefix.csv,"A2(N2, gatefix, 資料不足當過閘)",全期 2010-2026,觸發日即買,3m,軸二 200 日線位置,線之上,303,59,0,223,高,0.43564356435643564,0.011892282606683922,-0.0393220342385094,132,171,0.26083922021066375,-0.18027728326305495,0.1854012233250648,-0.1500711408754008,1.4468779176689464,1.235422228708166,0.011892282606683874,4.85722573273506e-15,3.644043104313688,-0.0066973157104730655,4,1.8059703631815267,16,4.0607683928688525,-0.00971305244636996,-0.038428764406430165
events_gatefix.csv,"A2(N2, gatefix, 資料不足當過閘)",全期 2010-2026,觸發日即買,3m,軸二 250 日線位置(緩衝對照),線下 10% 內,526,18,0,436,高,0.4543726235741445,-0.008686244280002751,-0.01837360872036855,239,287,0.159292232657792,-0.1485707599180966,0.119558703926073,-0.1120575341530866,1.0721640836030313,1.0669403430093216,-0.008686244280002711,3.989863994746656e-15,0.731241176472126,-0.01281953788565294,6,-0.867874231358369,27,-2.757973650333403,-0.016412021225492332,-0.03440891416341609
events_gatefix.csv,"A2(N2, gatefix, 資料不足當過閘)",全期 2010-2026,觸發日即買,3m,軸二 250 日線位置(緩衝對照),線下逾 10%,1851,38,0,1151,高,0.5170178282009724,0.02285649315864979,0.0057129682914838,957,894,0.18649612648769395,-0.15231479218351493,0.1377678264328576,-0.129952230233197,1.2244124409334847,1.0601420705565088,0.022856493158649793,3.469446951953614e-16,1.2201125721561443,0.02098028590138397,19,0.3955107338964994,93,1.3142055726864406,0.013959798219892563,-0.0075615535006708975
events_gatefix.csv,"A2(N2, gatefix, 資料不足當過閘)",全期 2010-2026,觸發日即買,3m,軸二 250 日線位置(緩衝對照),線之上,440,72,0,316,高,0.47045454545454546,0.0212770656926744,-0.011685048336236351,207,233,0.2389415026777517,-0.1720986358348406,0.1615318598997792,-0.1500711408754008,1.3883985861866956,1.0763685739811484,0.0212770656926744,0.0,3.644043104313688,0.007159408804487861,5,0.8593911777711016,22,2.077383935638349,0.003026130999804352,-0.02413007239453607
events_gatefix.csv,"A2(N2, gatefix, 資料不足當過閘)",全期 2010-2026,觸發日即買,6m,總表(三格進場),全部,2635,310,0,1500,高,0.45199240986717265,0.011752952529856421,-0.0309099664830035,1191,1444,0.2822502550770934,-0.21135112457108485,0.1842033881224578,-0.1806047198388873,1.3354566040274967,1.0199256602307003,0.011752952529856406,1.5612511283791264e-15,3.5697477446936787,0.008023426313890632,27,1.5144355198715658,132,4.120366858338423,-0.00610873044664257,-0.0386075647564176
events_gatefix.csv,"A2(N2, gatefix, 資料不足當過閘)",全期 2010-2026,觸發日即買,6m,軸一 行業殺 vs 個別殺,個別殺,2112,189,0,1340,高,0.4460227272727273,0.0028889399122244523,-0.034369078414357046,942,1170,0.2772796246542722,-0.21803073959803967,0.17749422569470086,-0.18550662306452687,1.2717455582889985,0.9568080253013987,0.002888939912224442,1.0408340855860843e-15,3.5697477446936787,-0.0013167044573013033,22,6.0368493335870275,106,16.424764866692993,-0.014704325125046594,-0.04691589941797669
events_gatefix.csv,"A2(N2, gatefix, 資料不足當過閘)",全期 2010-2026,觸發日即買,6m,軸一 行業殺 vs 個別殺,行業不明,1,1,0,1,低(樣本不足),0.0,-0.1009803445989245,-0.1009803445989245,0,1,,-0.1009803445989245,,-0.1009803445989245,,,-0.1009803445989245,0.0,-0.1009803445989245,,1,1.0,1,1.0,,
events_gatefix.csv,"A2(N2, gatefix, 資料不足當過閘)",全期 2010-2026,觸發日即買,6m,軸一 行業殺 vs 個別殺,行業殺,522,120,0,228,高,0.47701149425287354,0.04783250798113515,-0.018367347406510352,249,273,0.30105480872487456,-0.18312849159831945,0.2002573931656064,-0.1568480356016314,1.6439539587603818,1.2767606071537148,0.047832507981135156,6.938893903907228e-16,3.397946482669285,0.03478906195837835,6,0.44915799253411265,27,1.1164859860841843,0.026654528610531653,-0.005875734142283709
events_gatefix.csv,"A2(N2, gatefix, 資料不足當過閘)",全期 2010-2026,觸發日即買,6m,軸二 200 日線位置,線下 10% 內,474,75,0,380,高,0.43670886075949367,0.002580101025300941,-0.02972263545094415,207,267,0.29340932183532803,-0.2228942387038212,0.1990052175217831,-0.196320947363461,1.3163611744366632,1.0136728667743873,0.0025801010253009293,1.1709383462843448e-15,3.397946482669285,-0.013602034470976127,5,8.253352275860305,24,20.5910930916919,-0.018913895307396227,-0.053242839339181273
events_gatefix.csv,"A2(N2, gatefix, 資料不足當過閘)",全期 2010-2026,觸發日即買,6m,軸二 200 日線位置,線下逾 10%,1890,144,0,1166,高,0.4603174603174603,0.013685067285994014,-0.02689038867191405,870,1020,0.26900596098804075,-0.20408863616575174,0.18101213007133604,-0.1746514594182986,1.318083975873924,1.0364192241749515,0.013685067285993988,2.6020852139652106e-15,3.5697477446936787,0.009910738218463859,19,1.1126733819071917,95,3.257369081301254,-0.0015576012378831338,-0.03252721352618272
events_gatefix.csv,"A2(N2, gatefix, 資料不足當過閘)",全期 2010-2026,觸發日即買,6m,軸二 200 日線位置,線之上,271,91,0,208,高,0.42066420664206644,0.014322084352953264,-0.05680017201523,114,157,0.36306261506412146,-0.23890352393413697,0.2048342597163037,-0.2074408471501349,1.5197038917023835,0.9874345507664425,0.014322084352953318,5.377642775528102e-15,2.883677630648528,-0.011090295032432728,3,1.7657771011838936,14,4.706971053576754,-0.011090295032432728,-0.05598369893155449
events_gatefix.csv,"A2(N2, gatefix, 資料不足當過閘)",全期 2010-2026,觸發日即買,6m,軸二 250 日線位置(緩衝對照),線下 10% 內,486,58,0,405,高,0.4053497942386831,-0.02264488472045422,-0.05279711770853045,197,289,0.2627601214990012,-0.21719431802575775,0.1705530558470136,-0.1807616411357323,1.2097927970097249,0.9435246038674038,-0.022644884720454242,2.0816681711721685e-15,3.397946482669285,-0.037270663621371734,5,-0.8546788713929808,25,-2.049694376394219,-0.04243556916584597,-0.0728050956764152
events_gatefix.csv,"A2(N2, gatefix, 資料不足當過閘)",全期 2010-2026,觸發日即買,6m,軸二 250 日線位置(緩衝對照),線下逾 10%,1755,134,0,1098,高,0.4672364672364672,0.018417805789296228,-0.0212507872396974,820,935,0.27177440580934675,-0.20377728727641656,0.18101213007133604,-0.1752551819057055,1.3336835004614354,1.0328489469071906,0.01841780578929622,6.938893903907228e-16,3.5697477446936787,0.014399775791444039,18,0.8455904991594831,88,2.4653932932017395,0.0028733545010779776,-0.02841408070417974
events_gatefix.csv,"A2(N2, gatefix, 資料不足當過閘)",全期 2010-2026,觸發日即買,6m,軸二 250 日線位置(緩衝對照),線之上,394,118,0,294,高,0.4416243654822335,0.02449541809669428,-0.04434541801305885,174,220,0.3536856155048886,-0.23586410167160488,0.22975308222451313,-0.21187865556164134,1.4995313530048222,1.0843616201711814,0.024495418096694282,3.469446951953614e-16,2.883677630648528,0.005925872346318962,4,0.961376244863399,20,2.6091746526661543,0.0009558086718741721,-0.04152528857651906
events_gatefix.csv,"A2(N2, gatefix, 資料不足當過閘)",全期 2010-2026,觸發日即買,12m,總表(三格進場),全部,2432,513,0,1401,高,0.45805921052631576,0.027617347140990355,-0.04231307885176695,1114,1318,0.41209851545161247,-0.2973538376071379,0.2851706611517409,-0.2778461714617648,1.3858859827330514,1.0263616721851574,0.027617347140990317,3.816391647148976e-15,11.705683397360184,0.01979491933609481,25,0.9952930745142549,122,2.6494998402372163,0.00013134294877410011,-0.04796073471113128
events_gatefix.csv,"A2(N2, gatefix, 資料不足當過閘)",全期 2010-2026,觸發日即買,12m,軸一 行業殺 vs 個別殺,個別殺,1956,345,0,1255,高,0.4350715746421268,0.005180968408936795,-0.06624669084357099,851,1105,0.40817790263112996,-0.305181376408336,0.2832555842021582,-0.2874320645616314,1.3374928294608106,0.9854696783191436,0.005180968408936781,1.3877787807814457e-15,11.705683397360184,-0.00435844929107416,20,5.283859665188269,98,13.801783749772671,-0.022423824048138898,-0.06982397542252872
events_gatefix.csv,"A2(N2, gatefix, 資料不足當過閘)",全期 2010-2026,觸發日即買,12m,軸一 行業殺 vs 個別殺,行業不明,1,1,0,1,低(樣本不足),1.0,0.3912031723355986,0.3912031723355986,1,0,0.3912031723355986,,0.3912031723355986,,,,0.3912031723355986,0.0,0.3912031723355986,,1,1.0,1,1.0,,
events_gatefix.csv,"A2(N2, gatefix, 資料不足當過閘)",全期 2010-2026,觸發日即買,12m,軸一 行業殺 vs 個別殺,行業殺,475,167,0,209,高,0.5515789473684211,0.11924254919299491,0.0497617260992173,262,213,0.4249127782506454,-0.2567461832628944,0.2989235989838219,-0.2385150474357695,1.65499160630387,1.2532693521750238,0.11924254919299491,0.0,3.777265425248849,0.10114670787605387,5,0.23486091054567876,24,0.6558217988898655,0.0922077433383545,0.04322466937159659
events_gatefix.csv,"A2(N2, gatefix, 資料不足當過閘)",全期 2010-2026,觸發日即買,12m,軸二 200 日線位置,線下 10% 內,446,103,0,353,高,0.4170403587443946,-0.02165717249436466,-0.10930426452507716,186,260,0.3812857206623382,-0.3099163191372366,0.2579044068222188,-0.29780991131397855,1.230286038901675,0.8660034371734268,-0.021657172494364635,2.42861286636753e-15,2.664097942208954,-0.037968016951974014,5,-1.1227853759576525,23,-2.959618124602191,-0.04649477088165715,-0.090416886998581
events_gatefix.csv,"A2(N2, gatefix, 資料不足當過閘)",全期 2010-2026,觸發日即買,12m,軸二 200 日線位置,線下逾 10%,1739,295,0,1089,高,0.484186313973548,0.04356607183833559,-0.0177217108558482,842,897,0.39162873673665155,-0.28315495808851177,0.2902040434658725,-0.25911429049265,1.383089808422962,1.1199847098904194,0.04356607183833558,1.3877787807814457e-15,3.777265425248849,0.03777810184992308,18,0.511811606779376,87,1.5165248544111403,0.021490898088467877,-0.023688042100898067
events_gatefix.csv,"A2(N2, gatefix, 資料不足當過閘)",全期 2010-2026,觸發日即買,12m,軸二 200 日線位置,線之上,247,115,0,189,高,0.3481781376518219,0.004304001022306028,-0.1601997696138006,86,161,0.6791535562516371,-0.35617464338590815,0.3008680952928049,-0.3386253635131115,1.906799287550034,0.8884984047603846,0.004304001022305964,6.331740687315346e-15,11.705683397360184,-0.06836269165135493,3,16.6906039771897,13,31.47114483139342,-0.06836269165135493,-0.1384338295332163
events_gatefix.csv,"A2(N2, gatefix, 資料不足當過閘)",全期 2010-2026,觸發日即買,12m,軸二 250 日線位置(緩衝對照),線下 10% 內,454,90,0,377,高,0.4008810572687225,-0.02857718885566441,-0.1180729723225052,182,272,0.39519882798776557,-0.3121332001259006,0.2504080251046673,-0.3064762005003029,1.266122372847105,0.8170553690495124,-0.028577188855664404,6.938893903907228e-16,3.777265425248849,-0.04849891017660049,5,-0.9698847522001683,23,-2.4039833462654587,-0.05692064797045242,-0.10246735226516263
events_gatefix.csv,"A2(N2, gatefix, 資料不足當過閘)",全期 2010-2026,觸發日即買,12m,軸二 250 日線位置(緩衝對照),線下逾 10%,1616,273,0,1025,高,0.4938118811881188,0.049265025371518334,-0.0095530597698331,798,818,0.3873622759193698,-0.2805657887326204,0.2896893074003166,-0.25790706982602385,1.3806468624317079,1.1232313545950179,0.049265025371518306,2.7755575615628914e-15,3.3397619190827053,0.043922107138911405,17,0.4396092845424096,81,1.3226266901935015,0.027901177679180815,-0.016732929457918926
events_gatefix.csv,"A2(N2, gatefix, 資料不足當過閘)",全期 2010-2026,觸發日即買,12m,軸二 250 日線位置(緩衝對照),線之上,362,150,0,267,高,0.3701657458563536,0.0014562181960954617,-0.14422325741957687,134,228,0.5823616666840736,-0.3399531243363128,0.31323284425186826,-0.30720444168098615,1.7130646109548564,1.0196234225582659,0.0014562181960954546,7.155734338404329e-16,11.705683397360184,-0.047956640747781706,4,37.769164623229464,19,78.73751883923346,-0.05414218274247658,-0.11947349790667054
events_gatefix.csv,"A2(N2, gatefix, 資料不足當過閘)",全期 2010-2026,跌勢衰竭,1m,總表(三格進場),全部,2870,42,38,1599,高,0.5097560975609756,0.00935964787192664,0.0026621699314043996,1463,1407,0.10717659309970805,-0.09235050910621422,0.0739959372211571,-0.0726529214883456,1.160541442997808,1.0184853644602156,0.009359647871926648,6.938893903907228e-16,1.3136560667805672,0.008396094128477262,29,0.6077481629671478,144,1.9441104727463998,0.003708814901761653,-0.009303328806415958
events_gatefix.csv,"A2(N2, gatefix, 資料不足當過閘)",全期 2010-2026,跌勢衰竭,1m,軸一 行業殺 vs 個別殺,個別殺,2257,27,21,1417,高,0.5033229951262738,0.005974338404447826,0.0007323016258407,1136,1121,0.10518633127843956,-0.09456520120737608,0.0729691636111249,-0.0730115006577503,1.1123154176743297,0.9994201318115092,0.005974338404447825,8.673617379884035e-17,1.3136560667805672,0.004771051756867106,23,0.9573725727322384,113,2.990963978430998,0.00025729262099373083,-0.012521604992484002
events_gatefix.csv,"A2(N2, gatefix, 資料不足當過閘)",全期 2010-2026,跌勢衰竭,1m,軸一 行業殺 vs 個別殺,行業不明,2,0,0,2,低(樣本不足),1.0,0.02084058634904305,0.02084058634904305,2,0,0.02084058634904305,,0.02084058634904305,,,,0.02084058634904305,0.0,0.0378113171804215,,1,0.907155790800428,1,0.907155790800428,0.0038698555176646,0.0038698555176646
events_gatefix.csv,"A2(N2, gatefix, 資料不足當過閘)",全期 2010-2026,跌勢衰竭,1m,軸一 行業殺 vs 個別殺,行業殺,611,15,17,259,高,0.5319148936170213,0.0218272118508881,0.0055571923167738,325,286,0.11466462215343828,-0.08366984531110075,0.0819790199609313,-0.06949799683509936,1.3704414263835785,1.1795882427438327,0.021827211850888095,3.469446951953614e-16,0.7192567440363142,0.01863572474433996,7,0.28751092356331803,31,0.8773786802364926,0.01573188436728035,0.0028195348467434348
events_gatefix.csv,"A2(N2, gatefix, 資料不足當過閘)",全期 2010-2026,跌勢衰竭,1m,軸二 200 日線位置,線下 10% 內,530,11,9,420,高,0.5150943396226415,0.009535266044768604,0.0036681062789931,273,257,0.10062274247068896,-0.08722302603412734,0.0747582521061351,-0.0685459779133156,1.1536259064357477,1.0906293028699021,0.009535266044768599,5.204170427930421e-16,0.6034346044121959,0.006567997061560371,6,0.5580333455983806,27,1.761308791526498,0.004262524628429279,-0.007648945110926467
events_gatefix.csv,"A2(N2, gatefix, 資料不足當過閘)",全期 2010-2026,跌勢衰竭,1m,軸二 200 日線位置,線下逾 10%,2009,16,10,1233,高,0.5072175211548033,0.00992180337063668,0.0021228769672949,1019,990,0.10683051469358767,-0.08982564798096643,0.0712525818995708,-0.0694267379223673,1.1893097026834083,1.0262988587947939,0.009921803370636667,1.214306433183765e-15,1.3136560667805672,0.008545521159284114,21,0.6155639255565698,101,1.8729258623020553,0.0038545910315227225,-0.009119468823204968
events_gatefix.csv,"A2(N2, gatefix, 資料不足當過閘)",全期 2010-2026,跌勢衰竭,1m,軸二 200 日線位置,線之上,331,15,19,233,高,0.5166163141993958,0.005666451411157137,0.0067416786204395,171,160,0.11970206162344402,-0.11620910700322447,0.0898202174227458,-0.10092943633093934,1.0300574947204666,0.8899308337384614,0.005666451411157139,1.734723475976807e-16,0.6588003368114648,0.0008498975679940778,4,1.0602697951923352,17,3.265559503038766,-0.000345693430128066,-0.013532716627551056
events_gatefix.csv,"A2(N2, gatefix, 資料不足當過閘)",全期 2010-2026,跌勢衰竭,1m,軸二 250 日線位置(緩衝對照),線下 10% 內,532,4,9,440,高,0.5131578947368421,0.006671674745621081,0.003809402844913,273,259,0.0950353013894335,-0.08646836414920823,0.0633791608463454,-0.0685896565517862,1.0990759721722307,0.9240337979895439,0.006671674745621081,0.0,0.6362275365527015,0.0034068714158443252,6,0.8503458040688581,27,2.5503748701467286,0.0010098332159909841,-0.010896620858333974
events_gatefix.csv,"A2(N2, gatefix, 資料不足當過閘)",全期 2010-2026,跌勢衰竭,1m,軸二 250 日線位置(緩衝對照),線下逾 10%,1867,15,8,1164,高,0.5099089448312801,0.011292065825174087,0.0026525432738804,952,915,0.10903490264450863,-0.09040321357592587,0.07383820737508659,-0.0689899021510139,1.2060954288194057,1.0702755776267097,0.0112920658251741,1.214306433183765e-15,1.3136560667805672,0.00981314343858094,19,0.5311114250918567,94,1.6655470325194512,0.005349157715520835,-0.00791384855165838
events_gatefix.csv,"A2(N2, gatefix, 資料不足當過閘)",全期 2010-2026,跌勢衰竭,1m,軸二 250 日線位置(緩衝對照),線之上,471,23,21,326,高,0.505307855626327,0.004735820662758008,0.0006897987905809,238,233,0.11367013070582059,-0.1065361355185677,0.08685976385353655,-0.0853132185281977,1.0669631496630505,1.0181278511351401,0.004735820662758017,8.673617379884035e-16,0.6588003368114648,0.001354150678136894,5,1.0580332936099415,24,3.6695632788968617,-0.00027778414730420583,-0.013321368799115068
events_gatefix.csv,"A2(N2, gatefix, 資料不足當過閘)",全期 2010-2026,跌勢衰竭,3m,總表(三格進場),全部,2768,144,38,1560,高,0.49096820809248554,0.014457016326716095,-0.004650983150557401,1359,1409,0.18803210385516453,-0.15295855780469725,0.1235841296304562,-0.1320440441610194,1.2293009724585033,0.935931116133895,0.014457016326716102,6.938893903907228e-16,3.1938156933140016,0.011586203261394262,28,0.8331131143463479,139,2.3010576562784477,0.002437341620411515,-0.01980389950694715
events_gatefix.csv,"A2(N2, gatefix, 資料不足當過閘)",全期 2010-2026,跌勢衰竭,3m,軸一 行業殺 vs 個別殺,個別殺,2195,89,21,1386,高,0.4874715261958998,0.008861345103405065,-0.0057435687462218,1070,1125,0.18558170600152157,-0.1592193537063591,0.12604231743745326,-0.139507344948678,1.1655725367644776,0.9034815871796695,0.008861345103405055,1.0408340855860843e-15,2.921219219496061,0.005956538527797502,22,1.323201960168752,110,3.695893896990345,-0.002893000006994613,-0.025149590106739575
events_gatefix.csv,"A2(N2, gatefix, 資料不足當過閘)",全期 2010-2026,跌勢衰竭,3m,軸一 行業殺 vs 個別殺,行業不明,2,0,0,2,低(樣本不足),1.0,0.12242952067537405,0.12242952067537405,2,0,0.12242952067537405,,0.12242952067537405,,,,0.12242952067537405,0.0,0.1961104657368853,,1,0.8009116782253797,1,0.8009116782253797,0.0487485756138628,0.0487485756138628
events_gatefix.csv,"A2(N2, gatefix, 資料不足當過閘)",全期 2010-2026,跌勢衰竭,3m,軸一 行業殺 vs 個別殺,行業殺,571,55,17,248,高,0.5026269702276708,0.035589333886208906,0.0020424665733689,287,284,0.1976248943421245,-0.12815786981395932,0.1218340185343904,-0.10605599239950965,1.5420425965959572,1.1487707179755144,0.0355893338862089,6.938893903907228e-16,3.1938156933140016,0.026560480921883428,6,0.3728408064966614,29,0.9900104192819795,0.02255720637566906,0.0003745449464040091
events_gatefix.csv,"A2(N2, gatefix, 資料不足當過閘)",全期 2010-2026,跌勢衰竭,3m,軸二 200 日線位置,線下 10% 內,508,33,9,407,高,0.48031496062992124,0.014792222072735013,-0.0113165102416061,244,264,0.1872929295941558,-0.1446402500303963,0.11890396313965604,-0.122816388924052,1.2948880381138446,0.9681441066728045,0.014792222072735034,2.0816681711721685e-15,3.1938156933140016,0.005115366784058448,6,0.9501998414604209,26,2.3840379800746896,0.0007454596458614223,-0.02157734970217659
events_gatefix.csv,"A2(N2, gatefix, 資料不足當過閘)",全期 2010-2026,跌勢衰竭,3m,軸二 200 日線位置,線下逾 10%,1972,53,10,1207,高,0.5015212981744422,0.01566814523250386,0.00085716702520005,989,983,0.18023411717162005,-0.14990229855975037,0.1218134956882599,-0.1284490113225462,1.202343919361447,0.9483412478931116,0.01566814523250387,1.0408340855860843e-15,2.921219219496061,0.012751970925796859,20,0.6765807502382312,99,1.9653696687335829,0.005119299651011546,-0.015925034108225423
events_gatefix.csv,"A2(N2, gatefix, 資料不足當過閘)",全期 2010-2026,跌勢衰竭,3m,軸二 200 日線位置,線之上,288,58,19,218,高,0.4375,0.005572881878135967,-0.040434097325967006,126,162,0.25067152726557396,-0.18505939786764916,0.1530384927160921,-0.1730777214127143,1.354546324876996,0.8842183238081958,0.005572881878135955,1.214306433183765e-15,1.8661342617849628,-0.011887413699445322,3,3.110862338489788,15,8.472143775992608,-0.011887413699445322,-0.04392936225764114
events_gatefix.csv,"A2(N2, gatefix, 資料不足當過閘)",全期 2010-2026,跌勢衰竭,3m,軸二 250 日線位置(緩衝對照),線下 10% 內,511,25,9,427,高,0.4500978473581213,-0.003390570182731278,-0.019093488964363,230,281,0.17099512504861275,-0.1461261926140805,0.11101389796843406,-0.1300567719399096,1.1701880545140264,0.853580296608669,-0.003390570182731284,6.071532165918825e-16,3.1938156933140016,-0.012664692261849988,6,-3.8962701358684404,26,-9.268553978377344,-0.01679838888605661,-0.036682691240729516
events_gatefix.csv,"A2(N2, gatefix, 資料不足當過閘)",全期 2010-2026,跌勢衰竭,3m,軸二 250 日線位置(緩衝對照),線下逾 10%,1835,47,8,1141,高,0.5084468664850136,0.019792345591378598,0.0037425321598443,933,902,0.1834478681009729,-0.14948770152774724,0.1233920482394796,-0.12541547701125655,1.2271769933322718,0.9838661956243618,0.019792345591378588,1.0408340855860843e-15,2.921219219496061,0.01666484853415729,19,0.5617724629444555,92,1.6049489990044465,0.00876429836456432,-0.012605344213476246
events_gatefix.csv,"A2(N2, gatefix, 資料不足當過閘)",全期 2010-2026,跌勢衰竭,3m,軸二 250 日線位置(緩衝對照),線之上,422,72,21,309,高,0.46445497630331756,0.0128688350605358,-0.02537942077851745,196,226,0.22984637469275465,-0.17530637630191948,0.15130803617580352,-0.15261609111624497,1.311112462315143,0.9914291151681698,0.012868835060535821,2.0816681711721685e-15,1.8661342617849628,0.0010447386880692786,5,1.3390607664603265,22,3.25095006661136,-0.004415635029665237,-0.030560295919243457
events_gatefix.csv,"A2(N2, gatefix, 資料不足當過閘)",全期 2010-2026,跌勢衰竭,6m,總表(三格進場),全部,2597,315,38,1485,高,0.4485945321524836,0.010212392654412447,-0.0347633241673686,1165,1432,0.2844884891995129,-0.2129242361689409,0.1826087202748267,-0.18438195864810336,1.3361019596369041,0.9903827989122248,0.010212392654412442,5.204170427930421e-16,5.028545540148772,0.0061964989056417915,26,1.7453215016381753,130,4.861329504253756,-0.007688489539723233,-0.04151137970454882
events_gatefix.csv,"A2(N2, gatefix, 資料不足當過閘)",全期 2010-2026,跌勢衰竭,6m,軸一 行業殺 vs 個別殺,個別殺,2089,195,21,1329,高,0.4337003350885591,-0.0012503840954758755,-0.0439179942619188,906,1183,0.2838519256838433,-0.2195958554902884,0.19044986904439834,-0.191900459002004,1.292610577964194,0.9924409250235795,-0.0012503840954758982,2.2768245622195593e-15,2.7093591860815387,-0.0048251066853104785,21,-13.03433465938901,105,-38.346535711193255,-0.017726507342797296,-0.05180202221275975
events_gatefix.csv,"A2(N2, gatefix, 資料不足當過閘)",全期 2010-2026,跌勢衰竭,6m,軸一 行業殺 vs 個別殺,行業不明,1,1,0,1,低(樣本不足),0.0,-0.0774011983834809,-0.0774011983834809,0,1,,-0.0774011983834809,,-0.0774011983834809,,,-0.0774011983834809,0.0,-0.0774011983834809,,1,1.0,1,1.0,,
events_gatefix.csv,"A2(N2, gatefix, 資料不足當過閘)",全期 2010-2026,跌勢衰竭,6m,軸一 行業殺 vs 個別殺,行業殺,507,119,17,224,高,0.5108481262327417,0.05761545818016115,0.0058652640302696,259,248,0.2867152326172604,-0.18164599980051915,0.164682512843284,-0.15120824990211795,1.5784285529663558,1.0891106335129754,0.057615458180161144,6.938893903907228e-16,5.028545540148772,0.03922301820559314,6,0.4574003076765327,26,0.9997841279320981,0.03163652664668052,1.3109869078885494e-05
events_gatefix.csv,"A2(N2, gatefix, 資料不足當過閘)",全期 2010-2026,跌勢衰竭,6m,軸二 200 日線位置,線下 10% 內,470,71,9,377,高,0.42127659574468085,0.006574752178161336,-0.0557969215090391,198,272,0.31311718471085964,-0.21657010679784697,0.20579792414887085,-0.1888988320986346,1.4458005739597877,1.0894610721648734,0.006574752178161364,2.7755575615628914e-15,5.028545540148772,-0.012902728566074708,5,3.770523564112326,24,8.67094078466442,-0.01841137149196464,-0.05314850062171286
events_gatefix.csv,"A2(N2, gatefix, 資料不足當過閘)",全期 2010-2026,跌勢衰竭,6m,軸二 200 日線位置,線下逾 10%,1860,165,10,1154,高,0.4661290322580645,0.01376985060433843,-0.024249593651931897,867,993,0.2625704756117337,-0.20346090657734506,0.1748054788445225,-0.1727365540515824,1.2905205232235526,1.0119773420530451,0.013769850604338413,1.734723475976807e-15,2.7099608360439733,0.010337812881637036,19,1.047343341059146,93,3.161815507176563,-0.0006586387638783808,-0.03133460691364566
events_gatefix.csv,"A2(N2, gatefix, 資料不足當過閘)",全期 2010-2026,跌勢衰竭,6m,軸二 200 日線位置,線之上,267,79,19,206,高,0.37453183520599254,-0.00816656151421792,-0.1109840594477462,100,167,0.41783284989309183,-0.26325602942278664,0.21350140312460686,-0.2524915881698607,1.5871729540600807,0.8455782811306027,-0.008166561514217907,1.214306433183765e-15,2.4755892741256345,-0.03277335298466379,3,-2.9680241197070227,14,-9.43762748909004,-0.03277335298466379,-0.08995633872024865
events_gatefix.csv,"A2(N2, gatefix, 資料不足當過閘)",全期 2010-2026,跌勢衰竭,6m,軸二 250 日線位置(緩衝對照),線下 10% 內,480,56,9,399,高,0.38958333333333334,-0.009776559315669809,-0.06038250329306345,187,293,0.3053151214569657,-0.21087602793165217,0.1992780325530401,-0.1686309514824078,1.447841769648291,1.1817405452630059,-0.009776559315669786,2.2551405187698492e-15,5.028545540148772,-0.028811343385743794,5,-2.4312269465958622,24,-5.338439593640044,-0.033898705282276106,-0.06522961121685464
events_gatefix.csv,"A2(N2, gatefix, 資料不足當過閘)",全期 2010-2026,跌勢衰竭,6m,軸二 250 日線位置(緩衝對照),線下逾 10%,1730,152,8,1088,高,0.47398843930635837,0.01645892172051239,-0.0180962999544787,820,910,0.2593933795791579,-0.2024490512949704,0.17358382342791528,-0.17445283856368765,1.2812773283941896,0.9950186242715958,0.016458921720512373,1.734723475976807e-15,2.155237513861947,0.01344915347582028,18,0.8471891122314378,87,2.658533644228565,0.0025415462738883755,-0.028743139670520862
events_gatefix.csv,"A2(N2, gatefix, 資料不足當過閘)",全期 2010-2026,跌勢衰竭,6m,軸二 250 日線位置(緩衝對照),線之上,387,107,21,289,高,0.4082687338501292,0.007081130797271842,-0.0715965259560148,158,229,0.39007968955740785,-0.2571711499193286,0.2305840225026212,-0.2459978797610769,1.5168096797785093,0.9373415036201683,0.007081130797271795,4.683753385137379e-15,2.7093591860815387,-0.012272714978032062,4,3.350262891636106,20,10.261763106696664,-0.016816331151938393,-0.06915780261883406
events_gatefix.csv,"A2(N2, gatefix, 資料不足當過閘)",全期 2010-2026,跌勢衰竭,12m,總表(三格進場),全部,2414,498,38,1392,高,0.44739022369511183,0.040840079025456826,-0.04669203925599465,1080,1334,0.44096365323789705,-0.2830980470235952,0.2694350888027798,-0.25500628161793426,1.5576358010026976,1.0565821637541604,0.04084007902545683,6.938893903907228e-16,9.987976510363495,0.03297960126766713,25,0.7726177193406236,121,2.0482955234247457,0.009383488108429356,-0.045071656106907984
events_gatefix.csv,"A2(N2, gatefix, 資料不足當過閘)",全期 2010-2026,跌勢衰竭,12m,軸一 行業殺 vs 個別殺,個別殺,1938,346,21,1246,高,0.42879256965944273,0.01928258655491133,-0.0650484940558568,831,1107,0.4347566896404537,-0.29260447727895117,0.2667148650240822,-0.2647469322358874,1.485816941980636,1.0074332600252431,0.01928258655491133,0.0,9.987976510363495,0.00945504942238284,20,1.692919479335255,97,4.295396239544247,-0.013500604964498779,-0.06689180506449462
events_gatefix.csv,"A2(N2, gatefix, 資料不足當過閘)",全期 2010-2026,跌勢衰竭,12m,軸一 行業殺 vs 個別殺,行業不明,1,1,0,1,低(樣本不足),1.0,0.3706539719481132,0.3706539719481132,1,0,0.3706539719481132,,0.3706539719481132,,,,0.3706539719481132,0.0,0.3706539719481132,,1,1.0,1,1.0,,
events_gatefix.csv,"A2(N2, gatefix, 資料不足當過閘)",全期 2010-2026,跌勢衰竭,12m,軸一 行業殺 vs 個別殺,行業殺,475,151,17,209,高,0.5221052631578947,0.12810030326755054,0.0271242461182312,248,227,0.46204549368453085,-0.2367384950734676,0.2883400213837024,-0.1855721700385487,1.9517125575253118,1.553789134026971,0.12810030326755054,0.0,2.8281483569371337,0.11209916169525502,5,0.20744272083348034,24,0.6653939521575127,0.10260690045449902,0.04514410132327072
events_gatefix.csv,"A2(N2, gatefix, 資料不足當過閘)",全期 2010-2026,跌勢衰竭,12m,軸二 200 日線位置,線下 10% 內,442,99,9,350,高,0.40271493212669685,0.008008407234725276,-0.09463064859257465,178,264,0.43894107591449755,-0.28254467998118177,0.2940309756458158,-0.26847310829265003,1.553528015263753,1.0951971224071588,0.008008407234725318,4.163336342344337e-15,3.3384090940801263,-0.01080167796272321,5,3.5374366431343662,23,9.556581871156487,-0.020553329700174275,-0.07228608528729842
events_gatefix.csv,"A2(N2, gatefix, 資料不足當過閘)",全期 2010-2026,跌勢衰竭,12m,軸二 200 日線位置,線下逾 10%,1728,297,10,1084,高,0.4722222222222222,0.05386463786822883,-0.021885601746389052,816,912,0.4173167576169736,-0.271329364012227,0.26839595100993274,-0.2356019392587382,1.5380449481987062,1.139192452550996,0.053864637868228815,1.3877787807814457e-15,4.494961586543262,0.0469467405194893,18,0.518322471435712,87,1.4498983547194522,0.02621849496796175,-0.025518392112939183
events_gatefix.csv,"A2(N2, gatefix, 資料不足當過閘)",全期 2010-2026,跌勢衰竭,12m,軸二 200 日線位置,線之上,244,102,19,186,高,0.3524590163934426,0.008074346448380293,-0.14578598645146015,86,158,0.6695204624267184,-0.35195328629932265,0.28949036570986364,-0.314851878304345,1.902299221202092,0.9194493844817841,0.008074346448380343,5.0306980803327406e-15,9.987976510363495,-0.06332859905833318,3,8.746753144904952,13,17.588703781892995,-0.06332859905833318,-0.14148085591927595
events_gatefix.csv,"A2(N2, gatefix, 資料不足當過閘)",全期 2010-2026,跌勢衰竭,12m,軸二 250 日線位置(緩衝對照),線下 10% 內,448,88,9,373,高,0.3861607142857143,0.0013491164944060402,-0.10993112446715364,173,275,0.4621735146481395,-0.28855132307139714,0.2690931870577067,-0.2718776067435819,1.6017029820853828,0.9897585545230236,0.001349116494406083,4.2717565595928875e-15,3.3384090940801263,-0.018244744673046112,5,22.056234703740063,23,61.60984121432614,-0.028727937855321614,-0.0861949222458803
events_gatefix.csv,"A2(N2, gatefix, 資料不足當過閘)",全期 2010-2026,跌勢衰竭,12m,軸二 250 日線位置(緩衝對照),線下逾 10%,1607,275,8,1022,高,0.48039825762289984,0.05986695531611979,-0.0153672151197846,772,835,0.41321779589612845,-0.26682388172312177,0.26774329895023186,-0.2305788246773318,1.5486537158053826,1.1611790428930646,0.05986695531611977,2.0816681711721685e-15,4.494961586543262,0.05243842291323203,17,0.47207270227130504,81,1.2956231276050847,0.031943319313746436,-0.018637468485706108
events_gatefix.csv,"A2(N2, gatefix, 資料不足當過閘)",全期 2010-2026,跌勢衰竭,12m,軸二 250 日線位置(緩衝對照),線之上,359,135,21,264,高,0.37604456824512533,0.004950833941377114,-0.1310198146094501,135,224,0.5724488076369594,-0.3370680341340854,0.3180678870546789,-0.30501330911236557,1.698318290868364,1.0428000272522668,0.004950833941377075,3.903127820947816e-15,9.987976510363495,-0.04341287506041768,4,10.91357855937951,18,23.021795479918694,-0.049633500718901796,-0.1147813039642954
events_gatefix.csv,"A2(N2, gatefix, 資料不足當過閘)",全期 2010-2026,買方回來,1m,總表(三格進場),全部,2850,30,71,1594,高,0.4792982456140351,-0.0005885093875190837,-0.005944631186396401,1366,1484,0.10080615833578209,-0.09392079787136637,0.07083866476370346,-0.07496179697329869,1.0733102850536458,0.9449968867333332,-0.0005885093875190664,1.734723475976807e-15,0.7141447229496054,-0.0012206202462591515,29,-7.740237820554734,143,-27.151713587724533,-0.00519658958477686,-0.01744274510720526
events_gatefix.csv,"A2(N2, gatefix, 資料不足當過閘)",全期 2010-2026,買方回來,1m,軸一 行業殺 vs 個別殺,個別殺,2243,17,46,1412,高,0.48417298261257247,-0.001792006083382372,-0.0048202621593655,1086,1157,0.09915304239412019,-0.09654250102423612,0.06797469714172875,-0.0750141960715892,1.027040332933044,0.9061577768141066,-0.0017920060833823692,2.8189256484623115e-16,0.7141447229496054,-0.0025970195230790505,23,-2.5891931653947426,113,-8.936959845425173,-0.006498492332631221,-0.01875178801057995
events_gatefix.csv,"A2(N2, gatefix, 資料不足當過閘)",全期 2010-2026,買方回來,1m,軸一 行業殺 vs 個別殺,行業不明,2,0,0,2,低(樣本不足),0.5,-0.07644941772026234,-0.07644941772026234,1,1,0.0038698555176646,-0.1567686909581893,0.0038698555176646,-0.1567686909581893,0.024685130009133666,0.024685130009133666,-0.07644941772026234,0.0,0.0038698555176646,,1,-0.025309908388216045,1,-0.025309908388216045,-0.1567686909581893,-0.1567686909581893
events_gatefix.csv,"A2(N2, gatefix, 資料不足當過閘)",全期 2010-2026,買方回來,1m,軸一 行業殺 vs 個別殺,行業殺,605,13,25,258,高,0.46115702479338844,0.004124159877748425,-0.0071096379284365,279,326,0.10758830964568504,-0.08442337934082311,0.0777406179163748,-0.0720065726917356,1.2743899910869887,1.0796322475892164,0.004124159877748425,0.0,0.4774521945051209,0.0018186776841359884,7,1.1765506346421686,31,3.9448356107000415,-0.0007366462232245173,-0.012800886041270738
events_gatefix.csv,"A2(N2, gatefix, 資料不足當過閘)",全期 2010-2026,買方回來,1m,軸二 200 日線位置,線下 10% 內,528,6,16,419,高,0.45454545454545453,-0.009937880633729648,-0.014173832591497099,240,288,0.09415302368834162,-0.09668030090212237,0.05913441726648865,-0.0737697400687332,0.9738594399252095,0.8016080470310939,-0.009937880633729648,0.0,0.4973353533663072,-0.012769521912236442,6,-0.48464190049636263,27,-1.523471700261772,-0.014923782427644151,-0.026429467395234402
events_gatefix.csv,"A2(N2, gatefix, 資料不足當過閘)",全期 2010-2026,買方回來,1m,軸二 200 日線位置,線下逾 10%,1999,10,27,1229,高,0.4832416208104052,0.0018863086231672296,-0.0048202621593655,966,1033,0.09944420942872029,-0.0893440226238456,0.070398548746024,-0.0716053440703847,1.1130482656618037,0.9831465746023861,0.0018863086231672363,6.722053469410127e-16,0.560873599843575,0.0010912033979216928,20,2.2895541857528445,100,8.327509079211122,-0.0024570802749233666,-0.014549797357209985
events_gatefix.csv,"A2(N2, gatefix, 資料不足當過閘)",全期 2010-2026,買方回來,1m,軸二 200 日線位置,線之上,323,14,28,230,高,0.4953560371517028,-0.0006216152245554989,-0.0009868870086875,160,163,0.11900862683332833,-0.11805007368628195,0.09064724339397234,-0.0966209168500887,1.008119886054402,0.9381741174596309,-0.0006216152245555051,6.179952383167375e-16,0.7141447229496054,-0.005908942287944441,4,-10.494054225488208,17,-30.280757981609238,-0.0072344700589118145,-0.02052485069683781
events_gatefix.csv,"A2(N2, gatefix, 資料不足當過閘)",全期 2010-2026,買方回來,1m,軸二 250 日線位置(緩衝對照),線下 10% 內,529,2,14,438,高,0.45935727788279773,-0.009608482033065496,-0.0149911407787297,243,286,0.08953558196896261,-0.0938462706781453,0.0567192315353828,-0.0720726870520356,0.954066488971452,0.7869726224364608,-0.00960848203306549,6.938893903907228e-16,0.4897414380497129,-0.012191906213104568,6,-0.4649634538280537,27,-1.5335130772731487,-0.01423755963352417,-0.02565251130155321
events_gatefix.csv,"A2(N2, gatefix, 資料不足當過閘)",全期 2010-2026,買方回來,1m,軸二 250 日線位置(緩衝對照),線下逾 10%,1858,10,23,1160,高,0.48170075349838537,0.002239764643299812,-0.0048375746397416,895,963,0.10051131136879841,-0.0890925659063588,0.0714784753583837,-0.0717136889614034,1.128167208411545,0.9967201017486871,0.0022397646432998145,2.6020852139652106e-16,0.560873599843575,0.001384794475359278,19,2.018402745528184,93,7.131540082384105,-0.0023045488931661383,-0.014456826074593846
events_gatefix.csv,"A2(N2, gatefix, 資料不足當過閘)",全期 2010-2026,買方回來,1m,軸二 250 日線位置(緩衝對照),線之上,463,18,34,324,高,0.4924406047516199,-0.00163249992697363,-0.0010985188569354,228,235,0.11397562365414836,-0.11379697727376431,0.08943813147489985,-0.0927215911762407,1.001569869294105,0.9645879707230238,-0.0016324999269736185,1.1492543028346347e-15,0.7141447229496054,-0.00531723321912953,5,-3.3085766090345508,24,-10.786022337134277,-0.007110538674277407,-0.020292562915643346
events_gatefix.csv,"A2(N2, gatefix, 資料不足當過閘)",全期 2010-2026,買方回來,3m,總表(三格進場),全部,2726,154,71,1545,高,0.46551724137931033,0.002218484460050439,-0.01511672242191615,1269,1457,0.18155893678376958,-0.1539812643380275,0.1254745043597227,-0.1278296436637594,1.1790975841398612,0.9815759534601254,0.002218484460050449,9.97465998686664e-16,3.396805041048303,-0.0006102521063061333,28,5.450389068902555,137,14.500861066686907,-0.00997558279029221,-0.03153636693373063
events_gatefix.csv,"A2(N2, gatefix, 資料不足當過閘)",全期 2010-2026,買方回來,3m,軸一 行業殺 vs 個別殺,個別殺,2158,102,46,1372,高,0.4592215013901761,-0.004105809282554553,-0.019391087306195147,991,1167,0.1777109033299988,-0.15850200653965857,0.1226466640120786,-0.1333432801212747,1.1211902436423353,0.9197813635642711,-0.004105809282554551,1.734723475976807e-16,2.3062305577382016,-0.006806215130398001,22,-2.7003153815203866,108,-7.559532448740454,-0.015349269280833373,-0.03699528643626568
events_gatefix.csv,"A2(N2, gatefix, 資料不足當過閘)",全期 2010-2026,買方回來,3m,軸一 行業殺 vs 個別殺,行業不明,2,0,0,2,低(樣本不足),1.0,0.0366534396970328,0.0366534396970328,2,0,0.0366534396970328,,0.0366534396970328,,,,0.0366534396970328,0.0,0.0487485756138628,,1,0.6649931905000601,1,0.6649931905000601,0.0245583037802028,0.0245583037802028
events_gatefix.csv,"A2(N2, gatefix, 資料不足當過閘)",全期 2010-2026,買方回來,3m,軸一 行業殺 vs 個別殺,行業殺,566,52,25,245,高,0.4876325088339223,0.026209572774657523,-0.0056511162901842,276,290,0.1964256474607995,-0.13578917416801553,0.1325132183962789,-0.11346106927251196,1.4465486565059806,1.1679179408930767,0.026209572774657533,1.0408340855860843e-15,3.396805041048303,0.01453668742302512,6,0.6063806925640515,29,1.3824828585378894,0.010427128818221564,-0.010566084116953148
events_gatefix.csv,"A2(N2, gatefix, 資料不足當過閘)",全期 2010-2026,買方回來,3m,軸二 200 日線位置,線下 10% 內,498,36,16,400,高,0.44377510040160645,-0.0013698108818703911,-0.02463125361923795,221,277,0.18744554465753016,-0.15201310898370263,0.1184725033474192,-0.1328676086528063,1.2330880271491997,0.8916582796112281,-0.0013698108818704091,1.7997756063259374e-15,3.396805041048303,-0.012130859337860633,5,-10.052233585674175,25,-24.67716796785607,-0.015293014153439543,-0.037031894969969496
events_gatefix.csv,"A2(N2, gatefix, 資料不足當過閘)",全期 2010-2026,買方回來,3m,軸二 200 日線位置,線下逾 10%,1941,68,27,1195,高,0.4817104585265327,0.004899344987149858,-0.0080938763795574,935,1006,0.1708833033648863,-0.14937003978738647,0.1238634271603786,-0.12161915034658645,1.1440266308298628,1.0184533176510153,0.004899344987149862,3.469446951953614e-16,2.3062305577382016,0.0020380495005546686,20,2.0929861240955034,98,5.9965730444534655,-0.00541066742687389,-0.025781635391071284
events_gatefix.csv,"A2(N2, gatefix, 資料不足當過閘)",全期 2010-2026,買方回來,3m,軸二 200 日線位置,線之上,287,50,28,215,高,0.39372822299651566,-0.009685972692644327,-0.0702176471749519,113,174,0.2583799713550506,-0.18377477543626228,0.1612638038800335,-0.16592013459852634,1.405959935152598,0.9719363130354272,-0.009685972692644332,5.204170427930421e-16,2.0062695247825992,-0.02678777013652225,3,-1.7367162228450779,15,-4.889202620262646,-0.02678777013652225,-0.06018839045403287
events_gatefix.csv,"A2(N2, gatefix, 資料不足當過閘)",全期 2010-2026,買方回來,3m,軸二 250 日線位置(緩衝對照),線下 10% 內,503,28,14,420,高,0.4433399602385686,-0.011416334693354072,-0.0243592762268196,223,280,0.16756807895162104,-0.1539646355606021,0.1216676168692569,-0.13300637397327492,1.0883543376145262,0.9147502727478585,-0.011416334693354069,3.469446951953614e-16,3.396805041048303,-0.021303522119842013,6,-1.1735222650622585,26,-2.646893066358867,-0.025113218900660192,-0.04390351860319045
events_gatefix.csv,"A2(N2, gatefix, 資料不足當過閘)",全期 2010-2026,買方回來,3m,軸二 250 日線位置(緩衝對照),線下逾 10%,1804,64,23,1126,高,0.48503325942350334,0.006576407862237991,-0.00659349726022985,875,929,0.17210859696639275,-0.14933388865674524,0.1230655478784383,-0.121585944026669,1.1525086402993014,1.0121692014945805,0.006576407862237996,4.3368086899420177e-16,2.3062305577382016,0.0035002504694583154,19,1.6356795932264572,91,4.548150003822672,-0.004224986469279966,-0.024573662097546224
events_gatefix.csv,"A2(N2, gatefix, 資料不足當過閘)",全期 2010-2026,買方回來,3m,軸二 250 日線位置(緩衝對照),線之上,419,62,34,306,高,0.4081145584725537,-0.00017621669361035113,-0.0565456042873898,171,248,0.24816132647250544,-0.17140895815089174,0.1563562435972041,-0.15172761900069925,1.4477733786471556,1.0305061440164267,-0.00017621669361034265,8.483881999699072e-16,2.0062695247825992,-0.01178290228511091,5,-96.01746946671443,21,-241.47575270343364,-0.017302572301672762,-0.044982782416712594
events_gatefix.csv,"A2(N2, gatefix, 資料不足當過閘)",全期 2010-2026,買方回來,6m,總表(三格進場),全部,2557,323,71,1474,高,0.4407508799374267,-0.0011193946569173962,-0.0386770965418188,1127,1430,0.26843406267561754,-0.21355767886234878,0.1767313256104059,-0.1886940948825405,1.2569628219673619,0.9366023124381223,-0.0011193946569173913,4.98732999343332e-16,3.32550096723088,-0.004226694443106085,26,-14.196534907942688,128,-40.470390056234464,-0.01718566668821101,-0.04886799975581679
events_gatefix.csv,"A2(N2, gatefix, 資料不足當過閘)",全期 2010-2026,買方回來,6m,軸一 行業殺 vs 個別殺,個別殺,2062,198,46,1316,高,0.43452958292919497,-0.008225885651453551,-0.0484139567031548,896,1166,0.27013227257097605,-0.2221271804776087,0.1780250652910472,-0.20091765437873388,1.2161153443272847,0.8860598429815745,-0.008225885651453532,1.908195823574488e-15,2.3951213801980296,-0.011494579137764045,21,-1.857432942704648,104,-5.506225863631603,-0.023746760469700912,-0.056362179311586165
events_gatefix.csv,"A2(N2, gatefix, 資料不足當過閘)",全期 2010-2026,買方回來,6m,軸一 行業殺 vs 個別殺,行業不明,1,1,0,1,低(樣本不足),0.0,-0.0774011983834809,-0.0774011983834809,0,1,,-0.0774011983834809,,-0.0774011983834809,,,-0.0774011983834809,0.0,-0.0774011983834809,,1,1.0,1,1.0,,
events_gatefix.csv,"A2(N2, gatefix, 資料不足當過閘)",全期 2010-2026,買方回來,6m,軸一 行業殺 vs 個別殺,行業殺,494,124,25,224,高,0.4676113360323887,0.028698148327819688,-0.01448841410537405,231,263,0.2618470667178632,-0.17608284082845424,0.1718305701529217,-0.145676568924744,1.4870674819073557,1.1795347146162452,0.02869814832781971,2.0816681711721685e-15,3.32550096723088,0.015218575852543902,5,0.6439544489748767,25,1.620895979433506,0.010322325008550038,-0.018768381806996276
events_gatefix.csv,"A2(N2, gatefix, 資料不足當過閘)",全期 2010-2026,買方回來,6m,軸二 200 日線位置,線下 10% 內,465,69,16,373,高,0.421505376344086,-0.00940342557563411,-0.0523989704017903,196,269,0.27144044024686076,-0.2140331568068943,0.174307879135437,-0.2002505649131788,1.2682167767667916,0.8704488759420499,-0.009403425575634103,6.938893903907228e-16,3.32550096723088,-0.02436654754406672,5,-2.093243980710804,24,-5.200870479108446,-0.029403253576847616,-0.06148272604380033
events_gatefix.csv,"A2(N2, gatefix, 資料不足當過閘)",全期 2010-2026,買方回來,6m,軸二 200 日線位置,線下逾 10%,1829,180,27,1146,高,0.4576271186440678,0.003832556680549299,-0.0291565611176396,837,992,0.2536564111347443,-0.20695632051517776,0.1725032850292589,-0.18174207283659127,1.2256519177733527,0.9491653877215366,0.0038325566805492844,1.474514954580286e-15,1.8745145258363929,0.0008068295956039889,19,3.3854579234872766,92,10.575502305231442,-0.009238372673933059,-0.03864239527789887
events_gatefix.csv,"A2(N2, gatefix, 資料不足當過閘)",全期 2010-2026,買方回來,6m,軸二 200 日線位置,線之上,263,74,28,203,高,0.3574144486692015,-0.020910438835713262,-0.1070862687719819,94,169,0.39374942794952367,-0.2515496546807563,0.20007460446522915,-0.22478950552125,1.5652950446274088,0.8900531366056834,-0.02091043883571328,1.734723475976807e-15,2.212063122526249,-0.04577287808800706,3,-1.1640269895277642,14,-3.5412326778505525,-0.04577287808800706,-0.10029823784405725
events_gatefix.csv,"A2(N2, gatefix, 資料不足當過閘)",全期 2010-2026,買方回來,6m,軸二 250 日線位置(緩衝對照),線下 10% 內,474,57,14,395,高,0.39662447257383965,-0.02169231512107713,-0.061519861273581555,188,286,0.263850678444967,-0.20939190529735788,0.17288575576254936,-0.18474182705450398,1.2600806037381058,0.9358235680517724,-0.021692315121077124,6.938893903907228e-16,3.32550096723088,-0.035254016259669535,5,-0.8367588027636169,24,-2.0727831898861777,-0.040268322080928357,-0.07021075625396006
events_gatefix.csv,"A2(N2, gatefix, 資料不足當過閘)",全期 2010-2026,買方回來,6m,軸二 250 日線位置(緩衝對照),線下逾 10%,1702,166,23,1080,高,0.4618096357226792,0.006452124469320183,-0.025947330126625402,786,916,0.25261423366892993,-0.2047743142106943,0.17197410524493462,-0.17755231734575275,1.2336226574247622,0.9685827130605369,0.00645212446932017,1.3010426069826053e-15,1.8745145258363929,0.0033735633627804424,18,1.9864975001616723,86,6.306776907356619,-0.006433039151328495,-0.036062162564033745
events_gatefix.csv,"A2(N2, gatefix, 資料不足當過閘)",全期 2010-2026,買方回來,6m,軸二 250 日線位置(緩衝對照),線之上,381,100,34,284,高,0.4015748031496063,-0.00934816434942301,-0.0912230482791641,153,228,0.35533642760776596,-0.25407071947858934,0.1944216194063559,-0.2289488924156676,1.3985729183472886,0.8491922251948448,-0.009348164349423038,2.7755575615628914e-15,2.3951213801980296,-0.02716193875261673,4,-2.4698167268229265,20,-7.270309797709196,-0.03278056999049721,-0.08159544042899894
events_gatefix.csv,"A2(N2, gatefix, 資料不足當過閘)",全期 2010-2026,買方回來,12m,總表(三格進場),全部,2380,500,71,1378,高,0.4373949579831933,0.023030754679119,-0.0559006328787455,1041,1339,0.41394538371333967,-0.28088420336764996,0.2589939911068188,-0.2440196022221642,1.4737225474069313,1.061365516328567,0.023030754679119025,2.42861286636753e-15,7.021457922676005,0.016918304819334533,24,1.1281335660245995,119,3.2952624484358233,-0.00298107397544582,-0.05564381723591524
events_gatefix.csv,"A2(N2, gatefix, 資料不足當過閘)",全期 2010-2026,買方回來,12m,軸一 行業殺 vs 個別殺,個別殺,1908,352,46,1234,高,0.4219077568134172,0.007450926605560988,-0.0689520116087459,805,1103,0.41630963229515133,-0.29094549957768495,0.2570972868773111,-0.260305401513703,1.4308852788561284,0.9876755740843778,0.007450926605560959,2.8622937353617317e-15,7.021457922676005,-0.00020053418232790976,20,3.584761302994762,96,10.183661604816635,-0.01946288018059195,-0.07205204891032949
events_gatefix.csv,"A2(N2, gatefix, 資料不足當過閘)",全期 2010-2026,買方回來,12m,軸一 行業殺 vs 個別殺,行業不明,1,1,0,1,低(樣本不足),1.0,0.3706539719481132,0.3706539719481132,1,0,0.3706539719481132,,0.3706539719481132,,,,0.3706539719481132,0.0,0.3706539719481132,,1,1.0,1,1.0,,
events_gatefix.csv,"A2(N2, gatefix, 資料不足當過閘)",全期 2010-2026,買方回來,12m,軸一 行業殺 vs 個別殺,行業殺,471,147,25,206,高,0.4989384288747346,0.08540589002323724,-0.0009061910147372,235,236,0.4060307935150704,-0.23386043336905424,0.2593866226512094,-0.18227371834372608,1.7362098738366518,1.4230610150941574,0.08540589002323723,1.3877787807814457e-15,2.871507884621908,0.06848283906275426,5,0.3175935721728694,24,0.9097905809144413,0.058906866612915415,0.00811807563020521
events_gatefix.csv,"A2(N2, gatefix, 資料不足當過閘)",全期 2010-2026,買方回來,12m,軸二 200 日線位置,線下 10% 內,434,100,16,345,高,0.4009216589861751,0.004553309144178968,-0.075706894347884,174,260,0.4150283078375644,-0.27014918998139437,0.2728712488163114,-0.2476206935679254,1.5362929937570722,1.1019727183724226,0.004553309144178924,4.423544863740858e-15,2.614167005250864,-0.011326283770961603,5,5.387064828365368,22,16.167070011312635,-0.02020847897718011,-0.07274804762292235
events_gatefix.csv,"A2(N2, gatefix, 資料不足當過閘)",全期 2010-2026,買方回來,12m,軸二 200 日線位置,線下逾 10%,1706,303,27,1076,高,0.4630715123094959,0.033917644990174675,-0.03676251862878995,790,916,0.3876756985791818,-0.27117936629292105,0.2546968608872304,-0.23345545422777444,1.4295914319691432,1.0909869796348022,0.03391764499017466,1.3877787807814457e-15,3.2587107835514573,0.028734881431355164,18,0.67943165500745,86,2.0419111551012423,0.010988866815669426,-0.03721520282411459
events_gatefix.csv,"A2(N2, gatefix, 資料不足當過閘)",全期 2010-2026,買方回來,12m,軸二 200 日線位置,線之上,240,97,28,183,高,0.32083333333333336,-0.02094350993961848,-0.17974966391289066,77,163,0.6810184026532032,-0.35254514963070605,0.3030123873135777,-0.3365084732032337,1.9317196772287908,0.9004599035180132,-0.020943509939618465,1.3877787807814457e-15,7.021457922676005,-0.0791904229089775,3,-2.7338795095985615,12,-6.028749134267679,-0.0791904229089775,-0.15495439721749468
events_gatefix.csv,"A2(N2, gatefix, 資料不足當過閘)",全期 2010-2026,買方回來,12m,軸二 250 日線位置(緩衝對照),線下 10% 內,439,92,14,366,高,0.3804100227790433,-0.001758019914582831,-0.0983509487087525,167,272,0.45324343267495765,-0.2811155294088963,0.286690867372261,-0.264824486489491,1.6123030756358283,1.0825693317586693,-0.0017580199145828534,2.2551405187698492e-15,2.871507884621908,-0.019724287659957238,5,-15.232014700987953,22,-45.992696104659416,-0.028864963221388557,-0.0869726330092503
events_gatefix.csv,"A2(N2, gatefix, 資料不足當過閘)",全期 2010-2026,買方回來,12m,軸二 250 日線位置(緩衝對照),線下逾 10%,1587,281,23,1014,高,0.47195967233774416,0.037551447645223675,-0.0288490978295258,749,838,0.37823309264217203,-0.26694801787114186,0.2521417167065962,-0.2276490837230431,1.4168791949028385,1.1075894204491976,0.03755144764522367,6.938893903907228e-16,3.2587107835514573,0.03210045794965192,16,0.5726376145495542,80,1.7882589593070668,0.016211519412662242,-0.03117161288688762
events_gatefix.csv,"A2(N2, gatefix, 資料不足當過閘)",全期 2010-2026,買方回來,12m,軸二 250 日線位置(緩衝對照),線之上,354,127,34,261,高,0.3531073446327684,-0.011325368740578762,-0.144799171626627,125,229,0.5754312383990541,-0.3316073595373217,0.3030123873135777,-0.3106140883814642,1.7352788526826726,0.9755268632292337,-0.011325368740578795,3.2959746043559335e-15,7.021457922676005,-0.050572274581436184,4,-3.9905194490413427,18,-9.627881665252843,-0.05716540980133656,-0.12681278658255818
events_gatefix.csv,"A2(N2, gatefix, 資料不足當過閘)",建表年份 2010-2021,觸發日即買,1m,總表(三格進場),全部,1255,0,0,791,高,0.5043824701195219,0.0023348306857932763,0.000827829429691,633,622,0.09746939406519554,-0.0944821767405116,0.071467787587973,-0.06874252166519705,1.0316167284427424,1.0396445439701654,0.0023348306857932655,1.0842021724855044e-15,0.7289663457738649,0.0007979358819227808,13,2.24990683518937,63,6.739908717272092,-0.002948866864448106,-0.014110027125383978
events_gatefix.csv,"A2(N2, gatefix, 資料不足當過閘)",建表年份 2010-2021,觸發日即買,1m,軸一 行業殺 vs 個別殺,個別殺,1015,0,0,711,高,0.5004926108374385,0.0021712700148003375,0.0001223833323467,508,507,0.09850209540183454,-0.09434955700021617,0.07101483607030576,-0.0678337716170544,1.0440122723799206,1.046894996067882,0.0021712700148003444,6.938893903907228e-16,0.7289663457738649,0.0002694093661256004,11,2.5790623051346717,51,7.491228505735476,-0.003466134655537864,-0.01483985784328469
events_gatefix.csv,"A2(N2, gatefix, 資料不足當過閘)",建表年份 2010-2021,觸發日即買,1m,軸一 行業殺 vs 個別殺,行業殺,240,0,0,111,高,0.5208333333333334,0.003026556023534253,0.00659444308210695,125,115,0.0932724958330947,-0.09506685681294448,0.0766588526965053,-0.0749891257259747,0.9811252728868443,1.022266254665138,0.0030265560235342645,1.1709383462843448e-15,0.5261583729519421,-0.0018718616514794525,3,1.610748113189531,12,4.447244801732649,-0.0018718616514794525,-0.0109823994939801
events_gatefix.csv,"A2(N2, gatefix, 資料不足當過閘)",建表年份 2010-2021,觸發日即買,1m,軸二 200 日線位置,線下 10% 內,212,0,0,177,高,0.49528301886792453,-0.0013883932188553435,-0.0009437436166201,105,107,0.08593565073547337,-0.08708021205254238,0.0642610962409377,-0.069042145743116,0.9868562410438504,0.9307517248961661,-0.0013883932188553383,5.204170427930421e-16,0.5261583729519421,-0.007811418726372997,3,-4.546612931803878,11,-10.41181276806306,-0.007811418726372997,-0.01671117260671355
events_gatefix.csv,"A2(N2, gatefix, 資料不足當過閘)",建表年份 2010-2021,觸發日即買,1m,軸二 200 日線位置,線下逾 10%,893,0,0,603,高,0.5151175811870101,0.004206045942478923,0.0026704587475092,460,433,0.09849544696458587,-0.09596283274151458,0.07224746394345591,-0.0677248717448144,1.0263916159070996,1.0667788964692695,0.004206045942478941,1.734723475976807e-15,0.6269893497150107,0.002289941020787539,9,1.1757199488211139,45,3.730379564042696,-0.0007466108107830606,-0.012093517670854776
events_gatefix.csv,"A2(N2, gatefix, 資料不足當過閘)",建表年份 2010-2021,觸發日即買,1m,軸二 200 日線位置,線之上,150,0,0,111,高,0.4533333333333333,-0.003542981023771878,-0.0121280286611411,68,82,0.10833790459315572,-0.09632225202317524,0.07594939763270445,-0.08598670847412715,1.1247443069239027,0.8832690421631517,-0.003542981023771874,3.903127820947816e-16,0.7289663457738649,-0.01405472343574455,2,-2.2831765651719462,8,-5.147021028465801,-0.011789424596044002,-0.02300575231328981
events_gatefix.csv,"A2(N2, gatefix, 資料不足當過閘)",建表年份 2010-2021,觸發日即買,1m,軸二 250 日線位置(緩衝對照),線下 10% 內,220,0,0,194,高,0.4818181818181818,-0.004042691661510081,-0.0077444875809202,106,114,0.084338429056671,-0.08622162846964336,0.0628158340176625,-0.0616416281265511,0.978158619288484,1.019048911049214,-0.004042691661510084,2.6020852139652106e-16,0.3827085241807986,-0.008964125751509183,3,-1.1871288768475523,11,-3.238542595878729,-0.008964125751509183,-0.018036969272962347
events_gatefix.csv,"A2(N2, gatefix, 資料不足當過閘)",建表年份 2010-2021,觸發日即買,1m,軸二 250 日線位置(緩衝對照),線下逾 10%,821,0,0,554,高,0.5140073081607796,0.004426477571135824,0.0026025348026939,422,399,0.10050330026242972,-0.09718860808231286,0.07224746394345591,-0.0682818064008552,1.034105768623721,1.058077806543663,0.004426477571135824,0.0,0.6269893497150107,0.0023297668364562264,9,1.2692293539060258,42,3.723285267907949,-0.0012049466119123352,-0.012704486150040438
events_gatefix.csv,"A2(N2, gatefix, 資料不足當過閘)",建表年份 2010-2021,觸發日即買,1m,軸二 250 日線位置(緩衝對照),線之上,214,0,0,154,高,0.49065420560747663,0.0008666663098143417,-0.0008055464133004001,105,109,0.09853200240491725,-0.09321462075427561,0.0733614976977519,-0.0839811411187981,1.0570445023282222,0.8735472835975893,0.0008666663098143429,1.192622389734055e-16,0.7289663457738649,-0.0063939838918881395,3,8.27425138405879,11,18.793408647026006,-0.0063939838918881395,-0.016256565672823825
events_gatefix.csv,"A2(N2, gatefix, 資料不足當過閘)",建表年份 2010-2021,觸發日即買,3m,總表(三格進場),全部,1255,0,0,791,高,0.500398406374502,0.02386906895049172,0.0002405544779473,628,627,0.19626198225078992,-0.14879879317484684,0.1387773982281427,-0.1236568718778849,1.3189756318801,1.1222780919542408,0.023869068950491693,2.7755575615628914e-15,3.644043104313688,0.019307905196649582,13,0.46507938849475816,63,1.3720763762925805,0.012901700067324934,-0.009350504558828677
events_gatefix.csv,"A2(N2, gatefix, 資料不足當過閘)",建表年份 2010-2021,觸發日即買,3m,軸一 行業殺 vs 個別殺,個別殺,1015,0,0,711,高,0.4827586206896552,0.01251577919722712,-0.0075416475928402,490,525,0.19147024004040306,-0.15450838425640373,0.13548502588061606,-0.1335937310758853,1.2392223306319858,1.0141570625320468,0.012515779197227156,3.642919299551295e-15,3.644043104313688,0.006924153272042313,11,0.9461222895056184,51,2.622439749896713,0.0006817095130705162,-0.02138038292071506
events_gatefix.csv,"A2(N2, gatefix, 資料不足當過閘)",建表年份 2010-2021,觸發日即買,3m,軸一 行業殺 vs 個別殺,行業殺,240,0,0,111,高,0.575,0.0718840235320066,0.03160535395451085,138,102,0.21327613937462736,-0.1194111920197744,0.14744885688718284,-0.1122641030455083,1.7860649053675721,1.3134105460889112,0.0718840235320066,0.0,1.013628745081164,0.061701510865259684,3,0.15238130831234634,12,0.4443538099622414,0.061701510865259684,0.042044298736993765
events_gatefix.csv,"A2(N2, gatefix, 資料不足當過閘)",建表年份 2010-2021,觸發日即買,3m,軸二 200 日線位置,線下 10% 內,212,0,0,177,高,0.4481132075471698,-0.0023179957934406437,-0.013701567313092,95,117,0.16502548466621533,-0.1381951807820502,0.1163179792474491,-0.1196295467866218,1.1941478981563014,0.9723181469116539,-0.002317995793440636,7.806255641895632e-16,0.716217057428205,-0.012051346505907227,3,-4.125465981117647,11,-10.552033314408114,-0.012051346505907227,-0.0282430034887495
events_gatefix.csv,"A2(N2, gatefix, 資料不足當過閘)",建表年份 2010-2021,觸發日即買,3m,軸二 200 日線位置,線下逾 10%,893,0,0,603,高,0.5251959686450168,0.030519014809242438,0.0078468496910526,469,424,0.19238946003639754,-0.14853107672739846,0.1399553420630697,-0.12421464194956365,1.2952808548576882,1.1267217766476953,0.030519014809242462,2.42861286636753e-15,1.1245123772670025,0.02717710315731159,9,0.28888826710124155,45,1.0268927089604707,0.02192338184397668,-0.0008642923488697594
events_gatefix.csv,"A2(N2, gatefix, 資料不足當過閘)",建表年份 2010-2021,觸發日即買,3m,軸二 200 日線位置,線之上,150,0,0,111,高,0.4266666666666667,0.02129077610948688,-0.0273128815776641,64,86,0.2710069852052368,-0.16454454228735027,0.18620818054877625,-0.13457440557907208,1.6470129087111696,1.3836819843084176,0.021290776109486903,2.42861286636753e-15,3.644043104313688,-0.014589606115899607,2,1.4212887462922958,8,2.4996390463552807,-0.009090774704144265,-0.033727266740487344
events_gatefix.csv,"A2(N2, gatefix, 資料不足當過閘)",建表年份 2010-2021,觸發日即買,3m,軸二 250 日線位置(緩衝對照),線下 10% 內,220,0,0,194,高,0.4636363636363636,-0.00608153949221395,-0.015514076041565048,102,118,0.1453869051122562,-0.13701188991302715,0.11040442757336705,-0.09353163004871246,1.0611261928037439,1.1803967012642358,-0.006081539492213975,2.5153490401663703e-15,0.731241176472126,-0.01600733876130007,3,-1.5962269733370762,11,-4.037766687512709,-0.01600733876130007,-0.03224987059228253
events_gatefix.csv,"A2(N2, gatefix, 資料不足當過閘)",建表年份 2010-2021,觸發日即買,3m,軸二 250 日線位置(緩衝對照),線下逾 10%,821,0,0,554,高,0.5237515225334958,0.03233471361444822,0.0083843347506165,430,391,0.19885371617824946,-0.1507936012255378,0.144750884831328,-0.1318522067763068,1.3187145512947163,1.0978267893301505,0.03233471361444823,6.938893903907228e-16,1.1245123772670025,0.028705307411755292,9,0.29616527768351203,42,0.9923140798687864,0.023010541280966575,0.00026192115994542407
events_gatefix.csv,"A2(N2, gatefix, 資料不足當過閘)",建表年份 2010-2021,觸發日即買,3m,軸二 250 日線位置(緩衝對照),線之上,214,0,0,154,高,0.4485981308411215,0.02218140347519712,-0.0182117886785609,96,118,0.23870794349373592,-0.1539757816246311,0.1592850828218439,-0.1360236315254749,1.5502953839563458,1.1710103680919042,0.022181403475197092,2.7755575615628914e-15,3.644043104313688,-0.0028031666908440384,3,1.1246030245391665,11,1.9649987122149744,-0.0028031666908440384,-0.022564904033393108
events_gatefix.csv,"A2(N2, gatefix, 資料不足當過閘)",建表年份 2010-2021,觸發日即買,6m,總表(三格進場),全部,1255,0,0,791,高,0.47649402390438245,0.022533248092840893,-0.0144888492500895,598,657,0.275565354663929,-0.2077760361225483,0.18121150529848123,-0.1777450744902948,1.3262614871591731,1.019502260853792,0.022533248092840866,2.7755575615628914e-15,3.5697477446936787,0.016001649463489934,13,0.7866466516496363,63,2.0902733473343256,0.004857864437939121,-0.025865844613878374
events_gatefix.csv,"A2(N2, gatefix, 資料不足當過閘)",建表年份 2010-2021,觸發日即買,6m,軸一 行業殺 vs 個別殺,個別殺,1015,0,0,711,高,0.470935960591133,0.010872682429710859,-0.0207336311353446,478,537,0.2643118749791789,-0.21472123570556986,0.174014702161545,-0.1812372663907726,1.230953585520571,0.9601485700316471,0.010872682429710831,2.7755575615628914e-15,3.5697477446936787,0.0030067705509213088,11,1.6623705615099211,51,4.17472331671127,-0.007280648344201119,-0.03634390539540664
events_gatefix.csv,"A2(N2, gatefix, 資料不足當過閘)",建表年份 2010-2021,觸發日即買,6m,軸一 行業殺 vs 個別殺,行業殺,240,0,0,111,高,0.5,0.07184772370982832,-0.00141904198892065,120,120,0.3203917154081836,-0.176696267988527,0.22538735168011015,-0.14666512198216874,1.8132341959196718,1.5367481282121886,0.07184772370982831,1.3877787807814457e-15,1.7917358528836975,0.05184186480977225,3,0.2874674539946894,12,0.7326872833970003,0.05184186480977225,0.020216642322753633
events_gatefix.csv,"A2(N2, gatefix, 資料不足當過閘)",建表年份 2010-2021,觸發日即買,6m,軸二 200 日線位置,線下 10% 內,212,0,0,177,高,0.4481132075471698,-0.011273389442029219,-0.0180377411789527,95,117,0.22725044651755544,-0.20494658958015352,0.1737308405703863,-0.1863186059513977,1.108827655942423,0.9324395686800329,-0.011273389442029214,5.204170427930421e-16,1.0713860883041717,-0.0248089610625185,3,-1.1695241688023488,11,-3.0191019659126876,-0.0248089610625185,-0.047788493302583605
events_gatefix.csv,"A2(N2, gatefix, 資料不足當過閘)",建表年份 2010-2021,觸發日即買,6m,軸二 200 日線位置,線下逾 10%,893,0,0,603,高,0.48936170212765956,0.032624623243205385,-0.0070391355054277,437,456,0.2792157005877914,-0.20369182587868953,0.1812203082899919,-0.1747491063676046,1.3707751864038018,1.0370313877816026,0.03262462324320535,3.469446951953614e-15,3.5697477446936787,0.0247740913307908,9,0.5270818962322328,45,1.4683181823513296,0.015585855248372011,-0.016089484553819963
events_gatefix.csv,"A2(N2, gatefix, 資料不足當過閘)",建表年份 2010-2021,觸發日即買,6m,軸二 200 日線位置,線之上,150,0,0,111,高,0.44,0.010235975746954005,-0.06353983975789736,66,84,0.32093982595449955,-0.23388847798754603,0.18927473230061675,-0.17621712539954204,1.3721916903131448,1.0740995341483912,0.010235975746954007,1.734723475976807e-16,2.883677630648528,-0.02913662420153812,2,2.880802138963479,8,6.087070150384717,-0.0195120051478879,-0.055004711284216475
events_gatefix.csv,"A2(N2, gatefix, 資料不足當過閘)",建表年份 2010-2021,觸發日即買,6m,軸二 250 日線位置(緩衝對照),線下 10% 內,220,0,0,194,高,0.45,-0.012944368340020863,-0.021795838817487152,99,121,0.21706411332777273,-0.20113312606821562,0.1507616997833267,-0.1625268667566015,1.0792061833422408,0.9276109408366668,-0.01294436834002087,6.938893903907228e-16,1.7917358528836975,-0.029323617971153414,3,-1.2344659618453293,11,-2.7574216284245723,-0.029323617971153414,-0.051197315333777534
events_gatefix.csv,"A2(N2, gatefix, 資料不足當過閘)",建表年份 2010-2021,觸發日即買,6m,軸二 250 日線位置(緩衝對照),線下逾 10%,821,0,0,554,高,0.49086479902557856,0.03545215598718642,-0.0039040286279461,403,418,0.284397871584716,-0.20456010091665192,0.1840168207062145,-0.17921726129205826,1.3902900434165997,1.0267806760328444,0.03545215598718643,6.938893903907228e-16,3.5697477446936787,0.027295665622962862,9,0.5023281360625903,42,1.3637573992778824,0.017839097034679646,-0.013591274600550398
events_gatefix.csv,"A2(N2, gatefix, 資料不足當過閘)",建表年份 2010-2021,觸發日即買,6m,軸二 250 日線位置(緩衝對照),線之上,214,0,0,154,高,0.4485981308411215,0.009442837971214275,-0.0485386517919218,96,118,0.29881658980145326,-0.22597987538220055,0.19470257748689035,-0.19397450861995708,1.3223150481699475,1.0037534254996348,0.009442837971214244,3.1225022567582528e-15,2.883677630648528,-0.017998638833314446,3,2.8793419436604237,11,5.763469472727125,-0.017998638833314446,-0.04741804664099794
events_gatefix.csv,"A2(N2, gatefix, 資料不足當過閘)",建表年份 2010-2021,觸發日即買,12m,總表(三格進場),全部,1255,0,0,791,高,0.501195219123506,0.06784083326750985,0.0016638724730315,629,626,0.43068797170134215,-0.29674518921632487,0.301755307601945,-0.2697247767624303,1.4513730545682884,1.118752645656008,0.06784083326750981,4.163336342344337e-15,11.705683397360184,0.05276095572780394,13,0.4728883670625533,63,1.173577887281377,0.036133988700773015,-0.012398040251701384
events_gatefix.csv,"A2(N2, gatefix, 資料不足當過閘)",建表年份 2010-2021,觸發日即買,12m,軸一 行業殺 vs 個別殺,個別殺,1015,0,0,711,高,0.46502463054187193,0.03906544039115985,-0.034593166258612,472,543,0.430549995276078,-0.3012305262859697,0.2974861474545265,-0.2779967025908401,1.4293039971232544,1.070106748324894,0.03906544039115989,4.163336342344337e-15,11.705683397360184,0.020756320477943797,11,0.8687086457677824,51,2.024171919395542,0.005185148298030704,-0.042126424246325705
events_gatefix.csv,"A2(N2, gatefix, 資料不足當過閘)",建表年份 2010-2021,觸發日即買,12m,軸一 行業殺 vs 個別殺,行業殺,240,0,0,111,高,0.6541666666666667,0.1895367656404067,0.12939723509133555,157,83,0.431102779807869,-0.26740135754382915,0.3116222132753499,-0.231293754987986,1.612193684309205,1.3473005930987474,0.18953676564040672,2.7755575615628914e-15,3.777265425248849,0.16010497194767545,3,0.1658417338497416,12,0.4159739742344372,0.16010497194767545,0.11652042523518481
events_gatefix.csv,"A2(N2, gatefix, 資料不足當過閘)",建表年份 2010-2021,觸發日即買,12m,軸二 200 日線位置,線下 10% 內,212,0,0,177,高,0.41509433962264153,-0.017534908896305563,-0.0913125586997317,88,124,0.36325074913083244,-0.28776989201233905,0.2513275680451426,-0.27675278207726495,1.2622958801932516,0.9081302314604229,-0.017534908896305573,1.0408340855860843e-15,2.039033253311533,-0.042171268563089226,3,-1.3709564489077684,11,-3.379139639110943,-0.042171268563089226,-0.08099013282882732
events_gatefix.csv,"A2(N2, gatefix, 資料不足當過閘)",建表年份 2010-2021,觸發日即買,12m,軸二 200 日線位置,線下逾 10%,893,0,0,603,高,0.5531914893617021,0.1013655146109202,0.0497617260992173,494,399,0.410576034853881,-0.2814665580708408,0.3093655481834908,-0.2526296924242632,1.4587027235773613,1.2245811061034984,0.10136551461092022,2.7755575615628914e-15,3.777265425248849,0.0910547235024513,9,0.22744630089080142,45,0.702445677606829,0.0791075801180691,0.031762311419316125
events_gatefix.csv,"A2(N2, gatefix, 資料不足當過閘)",建表年份 2010-2021,觸發日即買,12m,軸二 200 日線位置,線之上,150,0,0,111,高,0.31333333333333335,-0.01107838740540067,-0.19271992366919874,47,103,0.7683427033790163,-0.3667365550448922,0.2954219327180967,-0.3689341100127907,2.0950807679506167,0.8007444275289552,-0.011078387405400875,2.0469737016526324e-14,11.705683397360184,-0.13016659359475177,2,-9.210885540256934,8,-14.41887891073587,-0.11464879638564546,-0.180439768236015
events_gatefix.csv,"A2(N2, gatefix, 資料不足當過閘)",建表年份 2010-2021,觸發日即買,12m,軸二 250 日線位置(緩衝對照),線下 10% 內,220,0,0,194,高,0.43636363636363634,0.0004823573885704596,-0.06215569890571055,96,124,0.3728503076866894,-0.28780250735836044,0.25550716029530773,-0.2736740074426229,1.295507503075471,0.9336186606938771,0.00048235738857035915,1.0045133128078199e-14,3.777265425248849,-0.030759895417000756,3,63.900337004470046,11,132.8604800223921,-0.030759895417000756,-0.06695144926236664
events_gatefix.csv,"A2(N2, gatefix, 資料不足當過閘)",建表年份 2010-2021,觸發日即買,12m,軸二 250 日線位置(緩衝對照),線下逾 10%,821,0,0,554,高,0.5639464068209501,0.10810474759621014,0.0554668967861093,463,358,0.4085061080292794,-0.28040315709795494,0.3111886784324507,-0.2489146321669059,1.4568527410929737,1.2501823445388613,0.10810474759621011,2.7755575615628914e-15,3.3397619190827053,0.09908761163816503,9,0.20878724151322375,42,0.6501108566908096,0.08648189089589248,0.03986400545222254
events_gatefix.csv,"A2(N2, gatefix, 資料不足當過閘)",建表年份 2010-2021,觸發日即買,12m,軸二 250 日線位置(緩衝對照),線之上,214,0,0,154,高,0.32710280373831774,-0.017382573136678323,-0.18508295346015505,70,144,0.6567253806380812,-0.34507393955496424,0.28809735226788535,-0.3172696947185172,1.9031439507864554,0.9080519099798875,-0.017382573136678403,7.979727989493313e-15,11.705683397360184,-0.10043887108468047,3,-4.697134063452162,11,-7.614120305295138,-0.10043887108468047,-0.15784932665023085
events_gatefix.csv,"A2(N2, gatefix, 資料不足當過閘)",建表年份 2010-2021,跌勢衰竭,1m,總表(三格進場),全部,1255,0,0,791,高,0.5091633466135458,0.012351816591022542,0.0028442532895385,639,616,0.11076065836822102,-0.08973138129149341,0.0744886686185419,-0.0694267379223673,1.2343581116667954,1.0729103922732888,0.012351816591022538,3.469446951953614e-16,1.3136560667805672,0.010152509820805228,13,0.542856276434097,63,1.5704045711009003,0.00570565786125205,-0.0074179055951120775
events_gatefix.csv,"A2(N2, gatefix, 資料不足當過閘)",建表年份 2010-2021,跌勢衰竭,1m,軸一 行業殺 vs 個別殺,個別殺,1015,0,0,711,高,0.49556650246305417,0.005563405269940833,-0.0019806258040837,503,512,0.1047509840170617,-0.0918806418195158,0.071837554528592,-0.06804157167365756,1.1400767554805238,1.0557891706726121,0.005563405269940834,8.673617379884035e-17,1.3136560667805672,0.002882139555464095,11,1.1845414703405184,51,3.2729137046562404,-0.0010379274635899333,-0.0133141257093821
events_gatefix.csv,"A2(N2, gatefix, 資料不足當過閘)",建表年份 2010-2021,跌勢衰竭,1m,軸一 行業殺 vs 個別殺,行業殺,240,0,0,111,高,0.5666666666666667,0.041061139469763946,0.01261793304188795,136,104,0.1329876157111117,-0.0791504063843062,0.0943823054727216,-0.07291438459617225,1.6801886659356462,1.294426415246414,0.04106113946976393,1.3877787807814457e-15,0.7192567440363142,0.033117163191600914,3,0.20354868194080553,12,0.5612160220554647,0.033117163191600914,0.018965231700503567
events_gatefix.csv,"A2(N2, gatefix, 資料不足當過閘)",建表年份 2010-2021,跌勢衰竭,1m,軸二 200 日線位置,線下 10% 內,212,0,0,177,高,0.5,0.006468279541091871,-0.00087011928182935,106,106,0.09315751384510595,-0.08022095476292221,0.0741010375187286,-0.06277877308136359,1.1612615945598663,1.180351795386172,0.006468279541091873,1.734723475976807e-16,0.6034346044121959,-0.00024973898895438903,3,1.0380634363579626,11,2.437782703352868,-0.00024973898895438903,-0.009808934598319516
events_gatefix.csv,"A2(N2, gatefix, 資料不足當過閘)",建表年份 2010-2021,跌勢衰竭,1m,軸二 200 日線位置,線下逾 10%,893,0,0,603,高,0.5072788353863382,0.013334918132152354,0.0023037586913376,453,440,0.11205524280017361,-0.08830214340106043,0.072059718075252,-0.0690787556153266,1.2689979935280702,1.043153100158973,0.01333491813215236,5.204170427930421e-16,1.3136560667805672,0.010244375692052707,9,0.5189614535639729,45,1.5066964135618284,0.0064799167468039005,-0.007115309418730013
events_gatefix.csv,"A2(N2, gatefix, 資料不足當過閘)",建表年份 2010-2021,跌勢衰竭,1m,軸二 200 日線位置,線之上,150,0,0,111,高,0.5333333333333333,0.014814484446731741,0.01273640578494325,80,70,0.1267542405154169,-0.1131166653460513,0.09162099569439336,-0.0924157806445787,1.120562033256947,0.9913999000534119,0.014814484446731738,3.469446951953614e-16,0.6588003368114648,0.004764941008790452,2,0.5176665970820437,8,1.379612392852596,0.007242081786149253,-0.0059405935454592265
events_gatefix.csv,"A2(N2, gatefix, 資料不足當過閘)",建表年份 2010-2021,跌勢衰竭,1m,軸二 250 日線位置(緩衝對照),線下 10% 內,220,0,0,194,高,0.5227272727272727,0.009820608579901127,0.0056475540852398,115,105,0.09267358361668371,-0.08092312598419407,0.0573875594199702,-0.0544438225519476,1.1452051868928634,1.0540692539583134,0.009820608579901129,1.734723475976807e-16,0.6362275365527015,0.0020248094168865104,3,0.796631913069931,11,1.8409989951626378,0.0020248094168865104,-0.008693812576402548
events_gatefix.csv,"A2(N2, gatefix, 資料不足當過閘)",建表年份 2010-2021,跌勢衰竭,1m,軸二 250 日線位置(緩衝對照),線下逾 10%,821,0,0,554,高,0.5066991473812423,0.01426003374442196,0.0021581225056428,416,405,0.11471041087891609,-0.08891862523816951,0.07575405689488895,-0.0689899021510139,1.2900605533617169,1.0980455767145285,0.01426003374442196,0.0,1.3136560667805672,0.010900855963429453,9,0.5108109553022294,42,1.41833746197561,0.007053170844598552,-0.006287138244253302
events_gatefix.csv,"A2(N2, gatefix, 資料不足當過閘)",建表年份 2010-2021,跌勢衰竭,1m,軸二 250 日線位置(緩衝對照),線之上,214,0,0,154,高,0.5046728971962616,0.007633216027965492,0.00268141156666995,108,106,0.1148061819976437,-0.10156188137510283,0.08090313011444455,-0.07959663128692179,1.1304062158284083,1.0164139965021035,0.007633216027965496,4.3368086899420177e-16,0.6588003368114648,0.0005297719965263037,3,0.9315694349038556,11,2.378296599904751,0.0005297719965263037,-0.01109093024287795
events_gatefix.csv,"A2(N2, gatefix, 資料不足當過閘)",建表年份 2010-2021,跌勢衰竭,3m,總表(三格進場),全部,1255,0,0,791,高,0.49243027888446217,0.020822914716146893,-0.002730407153815,618,637,0.19682748035824882,-0.14993190720978558,0.13355534035799616,-0.1269658973581364,1.3127791410193075,1.051899314201456,0.020822914716146904,1.0408340855860843e-15,2.921219219496061,0.0157658449838038,13,0.6618664532206555,63,1.6703484981466663,0.007114623300406184,-0.01469635491341571
events_gatefix.csv,"A2(N2, gatefix, 資料不足當過閘)",建表年份 2010-2021,跌勢衰竭,3m,軸一 行業殺 vs 個別殺,個別殺,1015,0,0,711,高,0.4886699507389163,0.013863089904377904,-0.0039676081668214,496,519,0.19129507969157022,-0.15570582519089646,0.1299662198642385,-0.1312457572740105,1.2285672643078132,0.990250828397442,0.013863089904377915,1.0408340855860843e-15,2.921219219496061,0.007586083205436354,11,1.095729792954736,51,2.5509838013853403,-0.0013416507840168072,-0.02263895155292672
events_gatefix.csv,"A2(N2, gatefix, 資料不足當過閘)",建表年份 2010-2021,跌勢衰竭,3m,軸一 行業殺 vs 個別殺,行業殺,240,0,0,111,高,0.5083333333333333,0.0502571738159199,0.00680961324674015,122,118,0.21931986339654858,-0.12453645439456058,0.16932699518108404,-0.10901087550559485,1.7610896701916052,1.5533036900744233,0.05025717381591989,1.3877787807814457e-15,1.108143796587465,0.040209139832059725,3,0.20993317830416516,12,0.6248630097998613,0.040209139832059725,0.019845605180283596
events_gatefix.csv,"A2(N2, gatefix, 資料不足當過閘)",建表年份 2010-2021,跌勢衰竭,3m,軸二 200 日線位置,線下 10% 內,212,0,0,177,高,0.4716981132075472,0.005018467077610256,-0.01553531804264625,100,112,0.16192586040186704,-0.13507741981904758,0.116172427198678,-0.11401497226104805,1.1987633508160445,1.0189225581065815,0.005018467077610264,7.806255641895632e-16,0.9173784361227636,-0.005164041521354385,3,2.0144463206310808,11,5.309510227160538,-0.005164041521354385,-0.022810709758574747
events_gatefix.csv,"A2(N2, gatefix, 資料不足當過閘)",建表年份 2010-2021,跌勢衰竭,3m,軸二 200 日線位置,線下逾 10%,893,0,0,603,高,0.509518477043673,0.027032848917432156,0.0037425321598443,455,438,0.19486253161004988,-0.14731077123129174,0.1340882928258946,-0.12432564359191084,1.3227989371130058,1.0785248236158655,0.027032848917432156,0.0,2.921219219496061,0.020954582651803097,9,0.4392783168493782,45,1.225071708939269,0.015312227102927317,-0.006407200762365304
events_gatefix.csv,"A2(N2, gatefix, 資料不足當過閘)",建表年份 2010-2021,跌勢衰竭,3m,軸二 200 日線位置,線之上,150,0,0,111,高,0.42,0.0061900591002937355,-0.0316643178141194,63,87,0.26641817362918013,-0.18225098935165854,0.1532812201123159,-0.1807845557622458,1.4618201776404,0.8478667852241747,0.006190059100293688,4.7704895589362195e-15,1.8661342617849628,-0.027648938912932082,2,3.740083654862191,8,9.387156369409041,-0.017190486246634256,-0.05484189465850035
events_gatefix.csv,"A2(N2, gatefix, 資料不足當過閘)",建表年份 2010-2021,跌勢衰竭,3m,軸二 250 日線位置(緩衝對照),線下 10% 內,220,0,0,194,高,0.4727272727272727,-0.000512374658739973,-0.007627232947322199,104,116,0.1488089599752262,-0.13438667467539925,0.11234113041997155,-0.10448390947557984,1.1073193107476085,1.075200296235356,-0.0005123746587399614,1.1600963245594897e-15,0.654762120725652,-0.008747177357294664,3,-15.839040570969086,11,-45.947806509038095,-0.008747177357294664,-0.025320911935430183
events_gatefix.csv,"A2(N2, gatefix, 資料不足當過閘)",建表年份 2010-2021,跌勢衰竭,3m,軸二 250 日線位置(緩衝對照),線下逾 10%,821,0,0,554,高,0.5140073081607796,0.03129131621139391,0.0069285051461926,422,399,0.20123644877074587,-0.14845015231002598,0.13834534626402215,-0.1239585512701036,1.3555826359172742,1.1160613353940378,0.0312913162113939,6.938893903907228e-16,2.921219219496061,0.024693661474807144,9,0.41982996733388434,42,1.1130484425910163,0.01835550138145724,-0.003728156325170249
events_gatefix.csv,"A2(N2, gatefix, 資料不足當過閘)",建表年份 2010-2021,跌勢衰竭,3m,軸二 250 日線位置(緩衝對照),線之上,214,0,0,154,高,0.42990654205607476,0.002594905533330603,-0.0339107412908162,92,122,0.230885539594777,-0.16955868736546506,0.13840381586337897,-0.15238858215375561,1.361685108455273,0.9082295662002654,0.0025949055333306104,7.37257477290143e-16,1.8661342617849628,-0.02103124692470298,3,8.99120279870939,11,18.061885792435646,-0.02103124692470298,-0.04667306461229092
events_gatefix.csv,"A2(N2, gatefix, 資料不足當過閘)",建表年份 2010-2021,跌勢衰竭,6m,總表(三格進場),全部,1255,0,0,791,高,0.4820717131474104,0.02496988749394932,-0.013639599941884,605,650,0.2819764671463191,-0.2142439289517179,0.1839345199352464,-0.18254802072655923,1.3161468263115423,1.0075952574186713,0.02496988749394935,3.1225022567582528e-15,2.7099608360439733,0.01907626755977273,13,0.7142261385782961,63,2.0011400789983655,0.007210430890786093,-0.026319576928298886
events_gatefix.csv,"A2(N2, gatefix, 資料不足當過閘)",建表年份 2010-2021,跌勢衰竭,6m,軸一 行業殺 vs 個別殺,個別殺,1015,0,0,711,高,0.4689655172413793,0.012926766686107228,-0.0211118948437992,476,539,0.2756729759652175,-0.21910884670323694,0.183278156622347,-0.1877845788144319,1.2581553876671696,0.97600217110193,0.012926766686107219,8.673617379884035e-16,2.4755892741256345,0.006147894949120488,11,1.3587558794551786,51,3.7494404962538996,-0.004688363400648503,-0.03742167681493277
events_gatefix.csv,"A2(N2, gatefix, 資料不足當過閘)",建表年份 2010-2021,跌勢衰竭,6m,軸一 行業殺 vs 個別殺,行業殺,240,0,0,111,高,0.5375,0.07590225257711483,0.02403953064246275,129,111,0.3052358609618566,-0.19062058959974718,0.2031834102558216,-0.1610920126783573,1.6012743513319898,1.2612879240729684,0.07590225257711486,2.7755575615628914e-15,2.7099608360439733,0.05280671360580214,3,0.3129765202587379,12,0.729522818214196,0.05280671360580214,0.021610344598160316
events_gatefix.csv,"A2(N2, gatefix, 資料不足當過閘)",建表年份 2010-2021,跌勢衰竭,6m,軸二 200 日線位置,線下 10% 內,212,0,0,177,高,0.44339622641509435,-0.0021890661715028565,-0.0346465339791334,94,118,0.2581586361765449,-0.20958469346571035,0.20157975494987856,-0.1796727307962498,1.23176283490751,1.1219273734892554,-0.0021890661715028292,2.732189474663471e-15,1.311755947285533,-0.018854653839796672,3,-7.491220111356063,11,-18.076581518623396,-0.018854653839796672,-0.04404526689209469
events_gatefix.csv,"A2(N2, gatefix, 資料不足當過閘)",建表年份 2010-2021,跌勢衰竭,6m,軸二 200 日線位置,線下逾 10%,893,0,0,603,高,0.5016797312430011,0.03608624252294634,0.0008861018864303,448,445,0.2744026048063014,-0.2038367469218696,0.17743077391520656,-0.1709141040650061,1.3461881086214529,1.0381283328596562,0.03608624252294633,6.938893903907228e-16,2.7099608360439733,0.02900810389456836,9,0.4409914442697899,45,1.3481847564403209,0.0203778946321637,-0.013231437323564478
events_gatefix.csv,"A2(N2, gatefix, 資料不足當過閘)",建表年份 2010-2021,跌勢衰竭,6m,軸二 200 日線位置,線之上,150,0,0,111,高,0.42,-0.002824824931507184,-0.0665137656687424,63,87,0.3713727598365835,-0.2737954897635729,0.1791817342586308,-0.2575512548190379,1.3563874268245628,0.69571291502551,-0.0028248249315072083,2.42861286636753e-15,2.4755892741256345,-0.04674567666178955,2,-11.195409978901914,8,-26.723796687171873,-0.03491543732265571,-0.08272697754714019
events_gatefix.csv,"A2(N2, gatefix, 資料不足當過閘)",建表年份 2010-2021,跌勢衰竭,6m,軸二 250 日線位置(緩衝對照),線下 10% 內,220,0,0,194,高,0.45,0.008424816317275647,-0.0260571951676587,99,121,0.2681582451298076,-0.2040843527111596,0.1847101113449611,-0.1538746524760877,1.3139578883312615,1.2003933615620368,0.008424816317275652,5.204170427930421e-16,2.7099608360439733,-0.014680926149170154,3,2.7188186847454183,11,5.376511681601419,-0.014680926149170154,-0.03881190213463485
events_gatefix.csv,"A2(N2, gatefix, 資料不足當過閘)",建表年份 2010-2021,跌勢衰竭,6m,軸二 250 日線位置(緩衝對照),線下逾 10%,821,0,0,554,高,0.5054811205846529,0.037030350038328635,0.0038344025076149,415,406,0.27267247746800605,-0.20383537134914953,0.1782300222722448,-0.1731753058360554,1.3377093272047738,1.0291884366063986,0.037030350038328635,0.0,2.155237513861947,0.030899421402724905,9,0.41543690872517197,42,1.300481901188733,0.02188650099161666,-0.01172686256041877
events_gatefix.csv,"A2(N2, gatefix, 資料不足當過閘)",建表年份 2010-2021,跌勢衰竭,6m,軸二 250 日線位置(緩衝對照),線之上,214,0,0,154,高,0.4252336448598131,-0.004290505450289972,-0.0684157042203881,91,123,0.33943976051043484,-0.2585950111610701,0.2033073893060011,-0.2443852102968375,1.3126307386456473,0.8319136377322423,-0.004290505450289944,2.7755575615628914e-15,2.4755892741256345,-0.03491023173421344,3,-7.022559663666711,11,-14.922328470959734,-0.03491023173421344,-0.07201662628766221
events_gatefix.csv,"A2(N2, gatefix, 資料不足當過閘)",建表年份 2010-2021,跌勢衰竭,12m,總表(三格進場),全部,1255,0,0,791,高,0.4756972111553785,0.07905731969768237,-0.0185889525383659,597,658,0.470072244754213,-0.2757085013642459,0.2905227326660204,-0.23134383054059926,1.7049610092841785,1.2558049721366382,0.07905731969768237,0.0,9.987976510363495,0.06405738450024423,13,0.4511759066055812,63,1.1535919283029359,0.04384270939664891,-0.012784329324186237
events_gatefix.csv,"A2(N2, gatefix, 資料不足當過閘)",建表年份 2010-2021,跌勢衰竭,12m,軸一 行業殺 vs 個別殺,個別殺,1015,0,0,711,高,0.44532019704433495,0.050560019658501945,-0.0453646137912644,452,563,0.46668380005160987,-0.2835215944404053,0.2879734032329748,-0.2406660913375076,1.6460255910055706,1.1965682478680553,0.05056001965850193,1.3877787807814457e-15,9.987976510363495,0.03191830941412444,11,0.7542212346739479,51,1.7885877683009863,0.012562726986678744,-0.0419803716429132
events_gatefix.csv,"A2(N2, gatefix, 資料不足當過閘)",建表年份 2010-2021,跌勢衰竭,12m,軸一 行業殺 vs 個別殺,行業殺,240,0,0,111,高,0.6041666666666666,0.19957715111338292,0.0871735958928653,145,95,0.4806348447926725,-0.22940564450237477,0.3307963783252428,-0.153742423896849,2.0951308579841723,2.1516271822745896,0.19957715111338292,0.0,2.8281483569371337,0.16861466892525628,3,0.1657011605046142,12,0.45924275332135417,0.16861466892525628,0.11360293761688524
events_gatefix.csv,"A2(N2, gatefix, 資料不足當過閘)",建表年份 2010-2021,跌勢衰竭,12m,軸二 200 日線位置,線下 10% 內,212,0,0,177,高,0.4009433962264151,0.019611191071368404,-0.09233079617047671,85,127,0.4521041227431029,-0.2698525820947531,0.3392534097999951,-0.2403852644543015,1.675374455317815,1.411290374100651,0.01961119107136841,6.938893903907228e-16,3.3384090940801263,-0.01797312669470174,3,1.9035040213371117,11,3.8889176313317653,-0.01797312669470174,-0.05975564437506646
events_gatefix.csv,"A2(N2, gatefix, 資料不足當過閘)",建表年份 2010-2021,跌勢衰竭,12m,軸二 200 日線位置,線下逾 10%,893,0,0,603,高,0.5251959686450168,0.10945456398799817,0.0265371981090654,469,424,0.44030814327664697,-0.25651319234779496,0.2903408533801528,-0.19873954174289077,1.716512664501296,1.4609113558074245,0.10945456398799817,0.0,4.437920301721452,0.09810648542776199,9,0.24104121717590077,45,0.7427669531187435,0.0839172532515544,0.029649422846456518
events_gatefix.csv,"A2(N2, gatefix, 資料不足當過閘)",建表年份 2010-2021,跌勢衰竭,12m,軸二 200 日線位置,線之上,150,0,0,111,高,0.2866666666666667,-0.01789041285214053,-0.19684169492957934,43,107,0.8302269881012561,-0.35872263940350546,0.2806925863242278,-0.3127032981278297,2.314398080594472,0.8976323179344392,-0.01789041285214052,1.0408340855860843e-15,9.987976510363495,-0.13548227778424599,2,-5.432768431172999,8,-9.753443535724328,-0.11664008413773783,-0.20322205398199653
events_gatefix.csv,"A2(N2, gatefix, 資料不足當過閘)",建表年份 2010-2021,跌勢衰竭,12m,軸二 250 日線位置(緩衝對照),線下 10% 內,220,0,0,194,高,0.41818181818181815,0.0327954737808437,-0.08096051628870235,92,128,0.4437759359743442,-0.26259673342073486,0.2660444851855074,-0.22809493878160014,1.6899522328151828,1.166376100261671,0.03279547378084366,4.163336342344337e-15,3.3384090940801263,-0.006950743489464553,3,1.209052037775523,11,2.4182685053562896,-0.006950743489464553,-0.04896082903327219
events_gatefix.csv,"A2(N2, gatefix, 資料不足當過閘)",建表年份 2010-2021,跌勢衰竭,12m,軸二 250 日線位置(緩衝對照),線下逾 10%,821,0,0,554,高,0.5371498172959805,0.11890654372132105,0.0368150900273236,441,380,0.4409565673161798,-0.25484098366113356,0.2924051999010864,-0.1948048683200403,1.7303204570208666,1.5010158751304963,0.11890654372132105,0.0,4.437920301721452,0.10704980213750302,9,0.23349635103514066,42,0.6907383685486144,0.09215249755069677,0.03875587063791081
events_gatefix.csv,"A2(N2, gatefix, 資料不足當過閘)",建表年份 2010-2021,跌勢衰竭,12m,軸二 250 日線位置(緩衝對照),線之上,214,0,0,154,高,0.29906542056074764,-0.02626327292709718,-0.1926361350120137,64,150,0.7084984034717218,-0.3397615881905933,0.346730371030584,-0.29942957837884826,2.0852810561807273,1.1579696732294404,-0.02626327292709721,2.7755575615628914e-15,9.987976510363495,-0.10830650859176245,3,-3.0660656936088686,11,-5.335673578027695,-0.10830650859176245,-0.1754120306026714
events_gatefix.csv,"A2(N2, gatefix, 資料不足當過閘)",建表年份 2010-2021,買方回來,1m,總表(三格進場),全部,1251,0,4,788,高,0.48041566746602715,-0.0005607634632016098,-0.005630976677189,601,650,0.09815113539092639,-0.0918313037883261,0.068153553132362,-0.07340416375667355,1.0688200138938209,0.9284698529947603,-0.0005607634632016079,1.951563910473908e-16,0.5119884978389664,-0.0017534384119996854,13,-7.6136043136578015,63,-27.668414446494484,-0.0048809155303347436,-0.016928725093656265
events_gatefix.csv,"A2(N2, gatefix, 資料不足當過閘)",建表年份 2010-2021,買方回來,1m,軸一 行業殺 vs 個別殺,個別殺,1011,0,4,708,高,0.4856577645895153,-0.004010284453697164,-0.0036116601002731,491,520,0.09372855979902761,-0.09629830854617381,0.0651995940882528,-0.07489104635086169,0.9733147052534776,0.8705926444503818,-0.004010284453697166,1.734723475976807e-16,0.5119884978389664,-0.005484874649168121,11,-1.0749340816072839,51,-3.7207667023602644,-0.008412607724705161,-0.019937359485919445
events_gatefix.csv,"A2(N2, gatefix, 資料不足當過閘)",建表年份 2010-2021,買方回來,1m,軸一 行業殺 vs 個別殺,行業殺,240,0,0,111,高,0.4583333333333333,0.013970343709260905,-0.0066362845965144,110,130,0.1178919046238564,-0.07396328475693528,0.0765203956418031,-0.06490648539548771,1.5939246750774152,1.1789329706507694,0.013970343709260903,1.734723475976807e-16,0.4774521945051209,0.008643624421323553,3,0.38902153778802134,12,1.2625800917105903,0.008643624421323553,-0.003861404349901263
events_gatefix.csv,"A2(N2, gatefix, 資料不足當過閘)",建表年份 2010-2021,買方回來,1m,軸二 200 日線位置,線下 10% 內,211,0,1,177,高,0.44075829383886256,-0.011263863009927235,-0.0108236194237194,93,118,0.08689687109639038,-0.08862783141575382,0.0481965546303946,-0.07026147755956294,0.9804693368695495,0.6859598787904341,-0.011263863009927232,3.469446951953614e-16,0.4973353533663072,-0.017146446424991565,3,-0.5006093444405859,11,-1.4167013687866719,-0.017146446424991565,-0.028718569777382123
events_gatefix.csv,"A2(N2, gatefix, 資料不足當過閘)",建表年份 2010-2021,買方回來,1m,軸二 200 日線位置,線下逾 10%,891,0,2,601,高,0.494949494949495,0.003538425125505722,-0.0013650019818183,441,450,0.09803985761383245,-0.08907297871305446,0.0698270493282173,-0.0702797200168857,1.1006689012799773,0.9935590140575454,0.0035384251255057356,1.3444106938820255e-15,0.5119884978389664,0.0019124593265913866,9,1.1616158715625675,45,4.338373053675735,-0.0005777010245013447,-0.012440911979279901
events_gatefix.csv,"A2(N2, gatefix, 資料不足當過閘)",建表年份 2010-2021,買方回來,1m,軸二 200 日線位置,線之上,149,0,1,110,高,0.44966442953020136,-0.009916622712725956,-0.0207672832084396,67,82,0.11450516642212441,-0.11157832846925003,0.0827628671188729,-0.08930351341699344,1.0262312403584803,0.9267593620020338,-0.009916622712725955,1.734723475976807e-16,0.4530993277839494,-0.018084740286687617,2,-0.5626894034254133,8,-1.707771058730567,-0.015707439342930268,-0.02837545853403236
events_gatefix.csv,"A2(N2, gatefix, 資料不足當過閘)",建表年份 2010-2021,買方回來,1m,軸二 250 日線位置(緩衝對照),線下 10% 內,219,0,1,194,高,0.45662100456621,-0.009066741886153286,-0.0154402382414512,100,119,0.0826611482178569,-0.08614900247775849,0.04652928228680795,-0.0650148844668254,0.9595137011504914,0.7156712292636628,-0.009066741886153293,6.938893903907228e-16,0.4774521945051209,-0.014513578917153406,3,-0.5788210304591171,11,-1.6045232128667746,-0.014513578917153406,-0.024863385557476622
events_gatefix.csv,"A2(N2, gatefix, 資料不足當過閘)",建表年份 2010-2021,買方回來,1m,軸二 250 日線位置(緩衝對照),線下逾 10%,819,0,2,552,高,0.4945054945054945,0.0038463076770643796,-0.001347856138593,405,414,0.09964780442508474,-0.08987254783730333,0.0706911589885872,-0.07277537869203575,1.108767992262527,0.9713609225962484,0.003846307677064398,1.8214596497756474e-15,0.5119884978389664,0.0020536396125515805,9,1.169891744498279,41,4.062794072494484,-0.0006607165424795195,-0.012401268897395892
events_gatefix.csv,"A2(N2, gatefix, 資料不足當過閘)",建表年份 2010-2021,買方回來,1m,軸二 250 日線位置(緩衝對照),線之上,213,0,1,153,高,0.4507042253521127,-0.008760678905696585,-0.0090949539755942,96,117,0.10797246620835159,-0.1045417210505566,0.0885797428347149,-0.0862643839966915,1.0328169951988437,1.0268402639739733,-0.008760678905696567,1.734723475976807e-15,0.4530993277839494,-0.014488751211124735,3,-0.6305453545808719,11,-1.816475313075016,-0.014488751211124735,-0.026017882371099123
events_gatefix.csv,"A2(N2, gatefix, 資料不足當過閘)",建表年份 2010-2021,買方回來,3m,總表(三格進場),全部,1251,0,4,788,高,0.45323741007194246,-0.006599850164933141,-0.0217080605329829,567,684,0.17471337266174525,-0.15689896908704812,0.1253886639824697,-0.13144608336932323,1.113540603092259,0.9539170796756717,-0.006599850164933127,1.3877787807814457e-15,2.3062305577382016,-0.011268805873867267,13,-1.7208326041918511,63,-4.514064607845055,-0.01814565143531933,-0.038321879010634906
events_gatefix.csv,"A2(N2, gatefix, 資料不足當過閘)",建表年份 2010-2021,買方回來,3m,軸一 行業殺 vs 個別殺,個別殺,1011,0,4,708,高,0.4530168150346192,-0.009857156790050003,-0.0192146675563342,458,553,0.17203323637802836,-0.1605005565567406,0.11960712527967265,-0.1328676086528063,1.0718544537707613,0.9001977719958493,-0.00985715679004999,1.3877787807814457e-15,2.3062305577382016,-0.01564746298511463,11,-1.294554898052364,51,-3.1247796083825303,-0.02286658305480762,-0.04281858741332723
events_gatefix.csv,"A2(N2, gatefix, 資料不足當過閘)",建表年份 2010-2021,買方回來,3m,軸一 行業殺 vs 個別殺,行業殺,240,0,0,111,高,0.45416666666666666,0.0071215539933716454,-0.0303619085342247,109,131,0.18597486273461072,-0.14169532121880435,0.154946498645053,-0.1231631593796565,1.3124982613041287,1.2580588174701073,0.0071215539933716515,6.071532165918825e-16,0.6581006107032707,-0.0004570323253787778,3,1.0633737273819202,12,3.4241545293817803,-0.0004570323253787778,-0.01817236565186186
events_gatefix.csv,"A2(N2, gatefix, 資料不足當過閘)",建表年份 2010-2021,買方回來,3m,軸二 200 日線位置,線下 10% 內,211,0,1,177,高,0.3981042654028436,-0.029706708888669848,-0.0369641884769623,84,127,0.14785387376622613,-0.14714835410923094,0.10543495829750779,-0.1193924461677067,1.0047946146680748,0.8830957207242971,-0.02970670888866983,1.734723475976807e-15,0.5882669160723786,-0.03787068859659169,3,-0.25669399888992794,11,-0.7475428127430687,-0.03787068859659169,-0.054769001617121144
events_gatefix.csv,"A2(N2, gatefix, 資料不足當過閘)",建表年份 2010-2021,買方回來,3m,軸二 200 日線位置,線下逾 10%,891,0,2,601,高,0.48035914702581367,0.0015907689482893615,-0.0087675330648909,428,463,0.16954252408168727,-0.1536648491879834,0.12553322735733152,-0.1255073143330435,1.1033266552344718,1.000206466248009,0.00159076894828937,8.456776945386935e-16,2.3062305577382016,-0.003294583106931725,9,6.153593746140449,45,17.9746139080197,-0.008281831769820289,-0.028439001943550726
events_gatefix.csv,"A2(N2, gatefix, 資料不足當過閘)",建表年份 2010-2021,買方回來,3m,軸二 200 日線位置,線之上,149,0,1,110,高,0.3691275167785235,-0.022856859823810995,-0.0784022471408767,55,94,0.25597375628880775,-0.18600243308119432,0.1672701935479299,-0.16589129186866575,1.3761849888117825,1.008312079939409,-0.022856859823811,3.469446951953614e-16,2.0062695247825992,-0.05639400458720025,2,-1.0279400070208888,8,-2.1749907197317584,-0.046982984559623374,-0.07668778266382006
events_gatefix.csv,"A2(N2, gatefix, 資料不足當過閘)",建表年份 2010-2021,買方回來,3m,軸二 250 日線位置(緩衝對照),線下 10% 內,219,0,1,194,高,0.4337899543378995,-0.0303183737897832,-0.0183487651816979,95,124,0.127579489552008,-0.1512885110274458,0.1041202998939503,-0.1195971360316316,0.8432860412570479,0.8705919167363011,-0.030318373789783186,1.3877787807814457e-15,0.5414594858492707,-0.03755884534796451,3,-0.22184457761563106,11,-0.6160013496279924,-0.03755884534796451,-0.051585589994502974
events_gatefix.csv,"A2(N2, gatefix, 資料不足當過閘)",建表年份 2010-2021,買方回來,3m,軸二 250 日線位置(緩衝對照),線下逾 10%,819,0,2,552,高,0.4810744810744811,0.003524144286077269,-0.0109208886609306,394,425,0.17411099319164774,-0.15461989916991042,0.12769753744270135,-0.127215462939259,1.1260581214085434,1.0037894332363708,0.00352414428607728,1.0842021724855044e-15,2.3062305577382016,-0.0017851602470391106,9,3.021871880247942,41,8.26970822820987,-0.0072045389921111406,-0.02696962864354728
events_gatefix.csv,"A2(N2, gatefix, 資料不足當過閘)",建表年份 2010-2021,買方回來,3m,軸二 250 日線位置(緩衝對照),線之上,213,0,1,153,高,0.36619718309859156,-0.02114067073552169,-0.069407777887168,78,135,0.23516281377255902,-0.16922712845130164,0.15295653092582423,-0.1517114655051015,1.389628341062536,1.0082067984550638,-0.021140670735521686,3.469446951953614e-16,2.0062695247825992,-0.04443245439356916,3,-1.0721502039739939,11,-1.9809871414963351,-0.04443245439356916,-0.06645185348597613
events_gatefix.csv,"A2(N2, gatefix, 資料不足當過閘)",建表年份 2010-2021,買方回來,6m,總表(三格進場),全部,1251,0,4,788,高,0.4540367705835332,0.007223077892958606,-0.0287244397039058,568,683,0.266265937545949,-0.2082034876749749,0.1867793152276857,-0.1753338767408877,1.2788735698876237,1.0652779639596535,0.00722307789295859,1.5612511283791264e-15,2.0910620379283267,0.0025942630463971564,13,2.0323392849587276,63,6.008944923058655,-0.007534968094579815,-0.03809863566947058
events_gatefix.csv,"A2(N2, gatefix, 資料不足當過閘)",建表年份 2010-2021,買方回來,6m,軸一 行業殺 vs 個別殺,個別殺,1011,0,4,708,高,0.44906033630069236,-0.0021579081877257044,-0.0348031169845787,454,557,0.2603053818406901,-0.21608669395594973,0.17942231158408115,-0.188314958696652,1.2046340155204305,0.9527777975041505,-0.002157908187725724,1.951563910473908e-15,2.0910620379283267,-0.007713741615751074,11,-6.861342674364892,51,-19.886243465714365,-0.0171506603364883,-0.04746497118660208
events_gatefix.csv,"A2(N2, gatefix, 資料不足當過閘)",建表年份 2010-2021,買方回來,6m,軸一 行業殺 vs 個別殺,行業殺,240,0,0,111,高,0.475,0.046740481757841255,-0.01183901697968645,114,126,0.290003589214261,-0.173354710702729,0.21467181400106544,-0.1375727032553127,1.672891310762031,1.5604244804484888,0.046740481757841235,2.0816681711721685e-15,1.8328535984228669,0.029367756156290906,3,0.37953871860826366,12,0.9694532382561142,0.029367756156290906,0.001502916168474973
events_gatefix.csv,"A2(N2, gatefix, 資料不足當過閘)",建表年份 2010-2021,買方回來,6m,軸二 200 日線位置,線下 10% 內,211,0,1,177,高,0.43601895734597157,-0.022235463416271434,-0.0396333638852157,92,119,0.22285067283085308,-0.2117138208510232,0.1764798019249587,-0.1753113639332885,1.052603329981308,1.0066649301303414,-0.022235463416271445,1.0408340855860843e-15,0.7954813443117896,-0.033730862260824196,3,-0.4954163949262873,11,-1.4565123746238788,-0.033730862260824196,-0.057625884044633535
events_gatefix.csv,"A2(N2, gatefix, 資料不足當過閘)",建表年份 2010-2021,買方回來,6m,軸二 200 日線位置,線下逾 10%,891,0,2,601,高,0.4725028058361392,0.023465156574922243,-0.0151116482864187,421,470,0.2705286148327154,-0.19784062199216482,0.1954145370834346,-0.1702329122977532,1.3674068151859595,1.1479245373047275,0.02346515657492225,6.938893903907228e-16,1.8745145258363929,0.017651772224248012,9,0.5924345051238946,45,1.8639265800436378,0.009661175786005562,-0.02135047951623557
events_gatefix.csv,"A2(N2, gatefix, 資料不足當過閘)",建表年份 2010-2021,買方回來,6m,軸二 200 日線位置,線之上,149,0,1,110,高,0.3691275167785235,-0.04818591465322976,-0.1055056405967264,55,94,0.30625897783795253,-0.2555738836640279,0.1772475795621826,-0.22288067927110666,1.1983187540419984,0.7952577143153038,-0.04818591465322973,2.7755575615628914e-15,2.0910620379283267,-0.08294991535389887,2,-0.518028772824423,8,-1.2239826058929981,-0.07414281039715133,-0.11324489907543477
events_gatefix.csv,"A2(N2, gatefix, 資料不足當過閘)",建表年份 2010-2021,買方回來,6m,軸二 250 日線位置(緩衝對照),線下 10% 內,219,0,1,194,高,0.4474885844748858,-0.011259352545173842,-0.0382543876030949,98,121,0.22713840405262814,-0.20434183309545975,0.17288575576254936,-0.1645535789071824,1.111560959456201,1.0506350388165473,-0.01125935254517385,8.673617379884035e-16,1.8328535984228669,-0.028888724753656874,3,-1.5306063278336937,11,-3.296860729628631,-0.028888724753656874,-0.050938420598730584
events_gatefix.csv,"A2(N2, gatefix, 資料不足當過閘)",建表年份 2010-2021,買方回來,6m,軸二 250 日線位置(緩衝對照),線下逾 10%,819,0,2,552,高,0.4700854700854701,0.025133199337038108,-0.015183264746812,385,434,0.2737778522228164,-0.1954386701584104,0.2107078133869275,-0.16738425930246253,1.400837674554934,1.25882693071025,0.025133199337038087,2.0816681711721685e-15,1.8745145258363929,0.019291020402475073,9,0.5496623732193633,41,1.6937764807363078,0.0114441856244336,-0.018355729688539473
events_gatefix.csv,"A2(N2, gatefix, 資料不足當過閘)",建表年份 2010-2021,買方回來,6m,軸二 250 日線位置(緩衝對照),線之上,213,0,1,153,高,0.39906103286384975,-0.042639538054225004,-0.1015693614168655,85,128,0.27735312733126116,-0.2551346674117744,0.1772475795621826,-0.22829812715923756,1.0870852250103171,0.7763864809918161,-0.04263953805422499,1.3877787807814457e-15,2.0910620379283267,-0.06672956173279965,3,-0.542927333475853,11,-1.1994562190824918,-0.06672956173279965,-0.09889083561095127
events_gatefix.csv,"A2(N2, gatefix, 資料不足當過閘)",建表年份 2010-2021,買方回來,12m,總表(三格進場),全部,1251,0,4,788,高,0.47322142286171065,0.05123712919928935,-0.0252974070879274,592,659,0.4153365761522215,-0.275844619808504,0.2776074642445129,-0.2297985515201231,1.5056903282745018,1.2080470586438976,0.05123712919928938,3.469446951953614e-15,7.021457922676005,0.039973129764820106,13,0.538074885320179,63,1.501987894015666,0.02391624692515301,-0.02708438017363804
events_gatefix.csv,"A2(N2, gatefix, 資料不足當過閘)",建表年份 2010-2021,買方回來,12m,軸一 行業殺 vs 個別殺,個別殺,1011,0,4,708,高,0.45004945598417406,0.031033323753509427,-0.0444587991236232,455,556,0.4193678820904138,-0.28675844610852563,0.2839518978262851,-0.24581366070270186,1.4624429996098571,1.1551510075337488,0.031033323753509423,3.469446951953614e-16,7.021457922676005,0.017670717561492983,11,0.8921848443339244,51,2.455761386146162,0.00338266712026487,-0.04757714860685095
events_gatefix.csv,"A2(N2, gatefix, 資料不足當過閘)",建表年份 2010-2021,買方回來,12m,軸一 行業殺 vs 個別殺,行業殺,240,0,0,111,高,0.5708333333333333,0.13634565963963727,0.05667137512274675,137,103,0.4019479323428967,-0.2169311496841156,0.2593866226512094,-0.1319016570326606,1.8528825063998113,1.966515269682941,0.13634565963963724,2.7755575615628914e-15,2.871507884621908,0.10507972467006062,3,0.2389473314666572,12,0.5849658631898379,0.10507972467006062,0.05956642437510425
events_gatefix.csv,"A2(N2, gatefix, 資料不足當過閘)",建表年份 2010-2021,買方回來,12m,軸二 200 日線位置,線下 10% 內,211,0,1,177,高,0.41232227488151657,0.0028301831123458535,-0.0612464885482604,87,124,0.3844076596718519,-0.2648894980221463,0.2589777995260789,-0.2358602430893692,1.4512000760396822,1.0980137904290648,0.002830183112345841,1.2576745200831851e-15,1.8942875632127123,-0.022880170883438983,3,8.969399682499546,11,23.259104655580327,-0.022880170883438983,-0.06646219590723136
events_gatefix.csv,"A2(N2, gatefix, 資料不足當過閘)",建表年份 2010-2021,買方回來,12m,軸二 200 日線位置,線下逾 10%,891,0,2,601,高,0.5207631874298541,0.08255511405929518,0.0107766718996802,464,427,0.3925294269506833,-0.2542787997149533,0.274243892195822,-0.2053776023917232,1.543697026219681,1.3353154823219133,0.08255511405929514,4.163336342344337e-15,2.871507884621908,0.07406715754154013,9,0.24850789912104043,45,0.8417842577034141,0.06267257238948439,0.013756280281657426
events_gatefix.csv,"A2(N2, gatefix, 資料不足當過閘)",建表年份 2010-2021,買方回來,12m,軸二 200 日線位置,線之上,149,0,1,110,高,0.2751677852348993,-0.06749078278675168,-0.2100853577175917,41,108,0.739076404525535,-0.3736875853775273,0.3086451942831549,-0.36780849205329136,1.9777922345984935,0.8391464605945956,-0.06749078278675177,9.71445146547012e-15,7.021457922676005,-0.16200566085481694,2,-1.127638424666549,8,-2.108458993756963,-0.14554966960829643,-0.22169544171366817
events_gatefix.csv,"A2(N2, gatefix, 資料不足當過閘)",建表年份 2010-2021,買方回來,12m,軸二 250 日線位置(緩衝對照),線下 10% 內,219,0,1,194,高,0.4155251141552511,0.01629955505527757,-0.0549235301849194,91,128,0.40345182345137104,-0.25894151075757005,0.282693120318306,-0.23312589821286944,1.5580809051087081,1.2126199726646254,0.01629955505527761,3.816391647148976e-15,2.871507884621908,-0.012795657151683766,3,1.7742772200960713,11,4.30319173895593,-0.012795657151683766,-0.05668789268263366
events_gatefix.csv,"A2(N2, gatefix, 資料不足當過閘)",建表年份 2010-2021,買方回來,12m,軸二 250 日線位置(緩衝對照),線下逾 10%,819,0,2,552,高,0.5323565323565324,0.08874263639425813,0.02153198568473,436,383,0.3882589738865822,-0.25222113161266957,0.2709355497942123,-0.1972637122756462,1.539359416096915,1.3734687777528025,0.0887426363942581,2.7755575615628914e-15,2.6905306297029825,0.08065663797273905,9,0.23415666367889368,41,0.7603925384090727,0.06871810069377737,0.022383962509044807
events_gatefix.csv,"A2(N2, gatefix, 資料不足當過閘)",建表年份 2010-2021,買方回來,12m,軸二 250 日線位置(緩衝對照),線之上,213,0,1,153,高,0.3051643192488263,-0.05705245603611373,-0.1962153301119267,65,148,0.6136034543613925,-0.3515972815485321,0.2947801767484277,-0.3376610880242499,1.7451882780745984,0.873006062005159,-0.05705245603611381,7.632783294297951e-15,7.021457922676005,-0.12261368088223566,3,-1.1188698266355597,11,-2.0858360345098244,-0.12261368088223566,-0.18564165227584806
events_gatefix.csv,"A2(N2, gatefix, 資料不足當過閘)",驗證年份 2022-2026,觸發日即買,1m,總表(三格進場),全部,1663,27,0,830,高,0.48526758869512926,0.0048934299832344465,-0.0036352234091908,807,856,0.10324292889118546,-0.08782624947788291,0.0759376437472476,-0.0693550742851208,1.1755361239373532,1.0949111442814645,0.004893429983234443,3.469446951953614e-16,0.8506280957372951,0.0035168624449032583,17,1.0572290165931288,84,3.226316009215069,-0.00028293852176922737,-0.01147388009744801
events_gatefix.csv,"A2(N2, gatefix, 資料不足當過閘)",驗證年份 2022-2026,觸發日即買,1m,軸一 行業殺 vs 個別殺,個別殺,1274,12,0,726,高,0.48430141287284145,0.0052140549846717175,-0.0034171816416257,617,657,0.10480637532896442,-0.08831480597792887,0.0741382627632747,-0.0701184309902759,1.1867361782480395,1.05732917460113,0.005214054984671729,1.1275702593849246e-15,0.8506280957372951,0.0034169344192701043,13,1.0502227414167158,64,3.1453960035694277,-0.00026456376548778524,-0.011777880176502966
events_gatefix.csv,"A2(N2, gatefix, 資料不足當過閘)",驗證年份 2022-2026,觸發日即買,1m,軸一 行業殺 vs 個別殺,行業不明,2,0,0,2,低(樣本不足),0.5,-0.09258258801910335,-0.09258258801910335,1,1,0.0167464446116818,-0.2019116206498885,0.0167464446116818,-0.2019116206498885,0.08293947895510119,0.08293947895510119,-0.09258258801910335,0.0,0.0167464446116818,,1,-0.09044057295215363,1,-0.09044057295215363,-0.2019116206498885,-0.2019116206498885
events_gatefix.csv,"A2(N2, gatefix, 資料不足當過閘)",驗證年份 2022-2026,觸發日即買,1m,軸一 行業殺 vs 個別殺,行業殺,387,15,0,152,高,0.4883720930232558,0.0043416878234762875,-0.0048986657980887,189,198,0.09859663276510017,-0.08562894143898288,0.0789537473644774,-0.0680714206543217,1.1514405189203203,1.159866308144471,0.004341687823476277,1.0408340855860843e-15,0.484710453679422,0.0010602784790296378,4,0.9471401053507967,20,3.1370576094043336,0.00023189803991420136,-0.0097840738945957
events_gatefix.csv,"A2(N2, gatefix, 資料不足當過閘)",驗證年份 2022-2026,觸發日即買,1m,軸二 200 日線位置,線下 10% 內,331,6,0,251,高,0.47129909365558914,0.0004893728418343766,-0.0068363115130293,156,175,0.10278462235914425,-0.09069953529931042,0.0841399350088074,-0.0648351791947947,1.1332430978830572,1.297751252541654,0.0004893728418343887,1.214306433183765e-15,0.5190550424377625,-0.0039367308858393995,4,11.039642984424072,17,31.0709577785689,-0.004973228050929793,-0.015512631310325223
events_gatefix.csv,"A2(N2, gatefix, 資料不足當過閘)",驗證年份 2022-2026,觸發日即買,1m,軸二 200 日線位置,線下逾 10%,1132,9,0,643,高,0.49823321554770317,0.008483619642552639,-0.0006445600933795001,564,568,0.1011162799464789,-0.08349669798317695,0.07021318930676075,-0.06762366458568875,1.2110213025053036,1.0382931735057142,0.00848361964255264,1.734723475976807e-16,0.8506280957372951,0.006624204059004482,12,0.6323166186762544,57,1.884693021270185,0.003152706876995851,-0.007903359788964415
events_gatefix.csv,"A2(N2, gatefix, 資料不足當過閘)",驗證年份 2022-2026,觸發日即買,1m,軸二 200 日線位置,線之上,200,12,0,131,高,0.435,-0.008138328919489424,-0.0233435409995048,87,113,0.11785127169363285,-0.10513917186941542,0.0979106767945858,-0.0804433302239334,1.1209073611499059,1.2171385312123184,-0.008138328919489415,8.673617379884035e-16,0.7266316573582035,-0.014997069683989332,2,-0.6547636912561041,10,-1.8815669767808465,-0.013603041619667298,-0.024685410379559243
events_gatefix.csv,"A2(N2, gatefix, 資料不足當過閘)",驗證年份 2022-2026,觸發日即買,1m,軸二 250 日線位置(緩衝對照),線下 10% 內,318,6,0,251,高,0.46855345911949686,0.0042207752277744265,-0.004322771593857799,149,169,0.10694724978926225,-0.0863487200956675,0.0864217182207114,-0.0632855841824339,1.23855049236136,1.3655830049949886,0.004220775227774427,8.673617379884035e-17,0.7225226504839646,-0.0008046185046053057,4,1.4384218532800994,16,3.761995829604724,-0.0018740530925139937,-0.012275393435186042
events_gatefix.csv,"A2(N2, gatefix, 資料不足當過閘)",驗證年份 2022-2026,觸發日即買,1m,軸二 250 日線位置(緩衝對照),線下逾 10%,1061,7,0,622,高,0.49764373232799247,0.00760087440339012,-0.0011400510880738,528,533,0.09901315320304986,-0.0829538783287306,0.0700240381106344,-0.0676486172340159,1.19359281564485,1.035114108369743,0.007600874403390134,1.474514954580286e-15,0.8506280957372951,0.005778204049687657,11,0.6795847262485087,54,2.0828696083123495,0.002460950346788999,-0.008672127107448142
events_gatefix.csv,"A2(N2, gatefix, 資料不足當過閘)",驗證年份 2022-2026,觸發日即買,1m,軸二 250 日線位置(緩衝對照),線之上,284,14,0,185,高,0.45774647887323944,-0.004468169726444725,-0.0132342988947157,130,154,0.11617660388750965,-0.1063111604395231,0.09686859905399264,-0.0805944523097624,1.0927978154617048,1.2019263891971255,-0.004468169726444725,0.0,0.7266316573582035,-0.009908047345878494,3,-1.1940493477438798,15,-3.6190517723776168,-0.009908047345878494,-0.02178956457828275
events_gatefix.csv,"A2(N2, gatefix, 資料不足當過閘)",驗證年份 2022-2026,觸發日即買,3m,總表(三格進場),全部,1562,128,0,786,高,0.49615877080665816,0.010976076643590878,-0.00246444671593555,775,787,0.1842012940061083,-0.1596078413436404,0.1305857067250084,-0.1345903422797963,1.1540867444571064,0.9702457435878812,0.010976076643590876,1.734723475976807e-16,1.5379776085719985,0.008463993582476409,16,0.8734112864974218,79,2.759266944101815,0.001403827213820883,-0.020338492143645304
events_gatefix.csv,"A2(N2, gatefix, 資料不足當過閘)",驗證年份 2022-2026,觸發日即買,3m,軸一 行業殺 vs 個別殺,個別殺,1214,72,0,690,高,0.4975288303130148,0.0075141840281416515,-0.0016343393338455,604,610,0.18319438203639982,-0.16643801203249428,0.1286579598235303,-0.14444156805978134,1.1006763406945412,0.8907266900500654,0.007514184028141649,2.6020852139652106e-16,1.5379776085719985,0.004411098031199057,13,1.330665185363998,61,4.084631094002904,-0.002511573998495365,-0.024404754240163556
events_gatefix.csv,"A2(N2, gatefix, 資料不足當過閘)",驗證年份 2022-2026,觸發日即買,3m,軸一 行業殺 vs 個別殺,行業不明,2,0,0,2,低(樣本不足),0.5,-0.02014256373712415,-0.02014256373712415,1,1,0.0441877598938091,-0.0844728873680574,0.0441877598938091,-0.0844728873680574,0.5230999113511807,0.5230999113511807,-0.02014256373712415,0.0,0.0441877598938091,,1,-1.0968752654948284,1,-1.0968752654948284,-0.0844728873680574,-0.0844728873680574
events_gatefix.csv,"A2(N2, gatefix, 資料不足當過閘)",驗證年份 2022-2026,觸發日即買,3m,軸一 行業殺 vs 個別殺,行業殺,346,56,0,139,高,0.4913294797687861,0.023302593741616265,-0.006182611156280099,170,176,0.18860240202855683,-0.1363619938082695,0.1389860714623446,-0.10859932343590856,1.383100941555163,1.2798060527915647,0.023302593741616265,0.0,1.2201125721561443,0.015239073971528487,4,0.42987319080806335,18,1.2365855044292569,0.013440818601953411,-0.005815601645198579
events_gatefix.csv,"A2(N2, gatefix, 資料不足當過閘)",驗證年份 2022-2026,觸發日即買,3m,軸二 200 日線位置,線下 10% 內,310,27,0,237,高,0.5032258064516129,0.013433917221908976,0.0027984009341397997,156,154,0.18717387339152644,-0.16256240201484637,0.1279980722557634,-0.1284500896198696,1.1513970701197709,0.9964809883321696,0.013433917221908967,8.673617379884035e-16,1.5379776085719985,0.001969211372298612,4,1.0468461652898313,16,2.500107286648833,-0.0006375540100225723,-0.02124904185365679
events_gatefix.csv,"A2(N2, gatefix, 資料不足當過閘)",驗證年份 2022-2026,觸發日即買,3m,軸二 200 日線位置,線下逾 10%,1099,42,0,616,高,0.5013648771610555,0.011438009249403976,0.0005038992960852,551,548,0.17508266531938907,-0.1531025117260737,0.1272084518928564,-0.13039327857632377,1.1435649444644094,0.9755752235219457,0.011438009249403983,6.938893903907228e-16,1.1911755414800729,0.008600578819311212,11,0.6997658168813118,55,2.3887785076473462,0.0034688009361077115,-0.0167217075632302
events_gatefix.csv,"A2(N2, gatefix, 資料不足當過閘)",驗證年份 2022-2026,觸發日即買,3m,軸二 200 日線位置,線之上,153,59,0,112,高,0.4444444444444444,0.0026780732902104195,-0.0424460794286123,68,85,0.25126955903930087,-0.196195115309062,0.1854012233250648,-0.1838018426368859,1.2807126142946081,1.0087016575309238,0.0026780732902103727,4.683753385137379e-15,1.0512265443298503,-0.016075158907981356,2,4.804237302270139,8,15.801159555292273,-0.010322967054644114,-0.04182554676264244
events_gatefix.csv,"A2(N2, gatefix, 資料不足當過閘)",驗證年份 2022-2026,觸發日即買,3m,軸二 250 日線位置(緩衝對照),線下 10% 內,306,18,0,242,高,0.4477124183006536,-0.010558907852922801,-0.0249113065096681,137,169,0.16964510426103757,-0.15664145021749423,0.1327663632026474,-0.1289263968644648,1.0830154089194652,1.0297841747816732,-0.010558907852922808,6.938893903907228e-16,0.6710089819005816,-0.016403977079773202,4,-0.7011482177481293,16,-2.2130510750661134,-0.018200178100205647,-0.03579810665474978
events_gatefix.csv,"A2(N2, gatefix, 資料不足當過閘)",驗證年份 2022-2026,觸發日即買,3m,軸二 250 日線位置(緩衝對照),線下逾 10%,1030,38,0,597,高,0.5116504854368932,0.015301523261358028,0.00404522612916675,527,503,0.17641308366617808,-0.15349726865383115,0.1267917430639249,-0.1282046968880413,1.149291353607255,0.9889789230939777,0.01530152326135803,1.734723475976807e-16,1.2201125721561443,0.012022286157332985,11,0.5973929435736803,52,1.8768389738766178,0.006227003215178661,-0.014130348787214234
events_gatefix.csv,"A2(N2, gatefix, 資料不足當過閘)",驗證年份 2022-2026,觸發日即買,3m,軸二 250 日線位置(緩衝對照),線之上,226,72,0,162,高,0.4911504424778761,0.02042074584550688,-0.00456389794831665,111,115,0.23914349980987343,-0.19069426015488178,0.1615318598997792,-0.1680116134851572,1.254067634839356,0.9614327042579681,0.020420745845506835,4.5102810375396984e-15,1.5379776085719985,0.004971290196677536,3,0.7597884202684565,12,2.2165958596227124,0.004971290196677536,-0.026236904837418765
events_gatefix.csv,"A2(N2, gatefix, 資料不足當過閘)",驗證年份 2022-2026,觸發日即買,6m,總表(三格進場),全部,1380,310,0,709,高,0.42971014492753623,0.0019491330142437338,-0.04413448434562805,593,787,0.2889915205864902,-0.214335664737144,0.1871504092002438,-0.183997851976434,1.3483128015158015,1.017133663191968,0.0019491330142437369,3.0357660829594124e-16,3.397946482669285,-0.0037462918918309386,14,9.087524913394303,69,25.460373373307068,-0.015925222035766785,-0.050185811876464405
events_gatefix.csv,"A2(N2, gatefix, 資料不足當過閘)",驗證年份 2022-2026,觸發日即買,6m,軸一 行業殺 vs 個別殺,個別殺,1097,189,0,629,高,0.422971741112124,-0.004498023310427055,-0.0454103502509717,464,633,0.2906386426385279,-0.22083832820823918,0.18680030862005864,-0.1892419279581856,1.3160697465725724,0.9870978944017816,-0.004498023310427021,3.382710778154774e-15,2.4249454197243,-0.010355652000874377,11,-3.6855561739577603,55,-10.956547046500322,-0.02128921524804495,-0.056619546620087995
events_gatefix.csv,"A2(N2, gatefix, 資料不足當過閘)",驗證年份 2022-2026,觸發日即買,6m,軸一 行業殺 vs 個別殺,行業不明,1,1,0,1,低(樣本不足),0.0,-0.1009803445989245,-0.1009803445989245,0,1,,-0.1009803445989245,,-0.1009803445989245,,,-0.1009803445989245,0.0,-0.1009803445989245,,1,1.0,1,1.0,,
events_gatefix.csv,"A2(N2, gatefix, 資料不足當過閘)",驗證年份 2022-2026,觸發日即買,6m,軸一 行業殺 vs 個別殺,行業殺,282,120,0,117,高,0.4574468085106383,0.027394026509906924,-0.03967269231255225,129,153,0.2830669885543545,-0.18817337286090183,0.1933376659998473,-0.166094178627549,1.5042882223490688,1.1640243360568907,0.027394026509906924,0.0,3.397946482669285,0.005258834419778888,3,0.8100721202529919,15,1.9379341449103678,0.005258834419778888,-0.02713726433753729
events_gatefix.csv,"A2(N2, gatefix, 資料不足當過閘)",驗證年份 2022-2026,觸發日即買,6m,軸二 200 日線位置,線下 10% 內,262,75,0,203,高,0.42748091603053434,0.013789795601919237,-0.03969297020240735,112,150,0.349526225006653,-0.23689340502028192,0.2053451783500218,-0.204359049942307,1.4754578118235409,1.0048254697210288,0.013789795601919258,2.0816681711721685e-15,3.397946482669285,-0.015508106849882448,3,2.1117302641667046,14,5.043675305720075,-0.015508106849882448,-0.058909280072415
events_gatefix.csv,"A2(N2, gatefix, 資料不足當過閘)",驗證年份 2022-2026,觸發日即買,6m,軸二 200 日線位置,線下逾 10%,997,144,0,563,高,0.43430290872617855,-0.003278847929442048,-0.0447744180934364,433,564,0.25870190508713775,-0.2044094615042276,0.1758551128152163,-0.1746514594182986,1.2656063138338989,1.0068917454278747,-0.0032788479294420386,9.54097911787244e-16,1.8017305547099904,-0.008424835843451531,10,-4.088082971667361,50,-12.64183854431223,-0.016852078181896074,-0.04709115683485375
events_gatefix.csv,"A2(N2, gatefix, 資料不足當過閘)",驗證年份 2022-2026,觸發日即買,6m,軸二 200 日線位置,線之上,121,91,0,97,高,0.39669421487603307,0.0193875082446879,-0.0553953350710522,48,73,0.4209814500898516,-0.24467426173569373,0.2545896584713551,-0.2447378343636623,1.720579218686318,1.0402546019633963,0.01938750824468788,2.0816681711721685e-15,2.0255555923139856,-0.02439670229897128,2,1.6922399771953813,7,3.97809777727092,-0.013646368067954112,-0.06128320456534672
events_gatefix.csv,"A2(N2, gatefix, 資料不足當過閘)",驗證年份 2022-2026,觸發日即買,6m,軸二 250 日線位置(緩衝對照),線下 10% 內,266,58,0,211,高,0.3684210526315789,-0.0306678681929931,-0.09963338252793236,98,168,0.30892241546789534,-0.2287622003285113,0.19833639433725608,-0.19660795564389338,1.3504084810526866,1.0087912957932046,-0.030667868192993067,3.469446951953614e-15,3.397946482669285,-0.055475895224332175,3,-0.7885242915453873,14,-1.7750119321099072,-0.055475895224332175,-0.0898316835105925
events_gatefix.csv,"A2(N2, gatefix, 資料不足當過閘)",驗證年份 2022-2026,觸發日即買,6m,軸二 250 日線位置(緩衝對照),線下逾 10%,934,134,0,544,高,0.4464668094218415,0.0034443566324783965,-0.036236037289638895,417,517,0.25957474943650793,-0.2031443741204816,0.1742237596053417,-0.1732790146362297,1.27778458330605,1.0054521603270619,0.0034443566324783986,2.1684043449710089e-16,1.8017305547099904,-0.0020281915660604398,10,4.279748588733074,47,12.567199701549612,-0.011418881637846098,-0.0419526696555728
events_gatefix.csv,"A2(N2, gatefix, 資料不足當過閘)",驗證年份 2022-2026,觸發日即買,6m,軸二 250 日線位置(緩衝對照),線之上,180,118,0,140,高,0.43333333333333335,0.04239126335698717,-0.03363994392914585,78,102,0.42121672406296273,-0.24729879482993533,0.29175058232991713,-0.24353742161384076,1.7032704277941542,1.1979702355251358,0.042391263356987174,6.938893903907228e-16,2.4249454197243,0.0069812185697153495,2,0.5832571068764717,9,1.6887403673160897,0.01786475501246858,-0.030733236100509903
events_gatefix.csv,"A2(N2, gatefix, 資料不足當過閘)",驗證年份 2022-2026,觸發日即買,12m,總表(三格進場),全部,1177,513,0,610,高,0.41206457094307564,-0.01527175658779635,-0.092789048745971,485,692,0.3879897154906228,-0.2979044357179023,0.264765759371719,-0.2830755350640195,1.3023965707513863,0.9353184100202808,-0.015271756587796365,1.3877787807814457e-15,3.061586771067589,-0.0222812126054772,12,-1.4791348010789025,59,-4.253130917472347,-0.03825072513493121,-0.08445821081445647
events_gatefix.csv,"A2(N2, gatefix, 資料不足當過閘)",驗證年份 2022-2026,觸發日即買,12m,軸一 行業殺 vs 個別殺,個別殺,941,345,0,544,高,0.4027630180658874,-0.031368169807807524,-0.1081149692080585,379,562,0.3803160880442818,-0.3089986568646436,0.2569299889981216,-0.29450849929963085,1.2308017513839185,0.8724026288175909,-0.03136816980780752,6.938893903907228e-16,3.061586771067589,-0.03980267929294615,10,-0.7022902328515679,48,-2.0170680389252023,-0.05397128149320175,-0.09972692980434314
events_gatefix.csv,"A2(N2, gatefix, 資料不足當過閘)",驗證年份 2022-2026,觸發日即買,12m,軸一 行業殺 vs 個別殺,行業不明,1,1,0,1,低(樣本不足),1.0,0.3912031723355986,0.3912031723355986,1,0,0.3912031723355986,,0.3912031723355986,,,,0.3912031723355986,0.0,0.3912031723355986,,1,1.0,1,1.0,,
events_gatefix.csv,"A2(N2, gatefix, 資料不足當過閘)",驗證年份 2022-2026,觸發日即買,12m,軸一 行業殺 vs 個別殺,行業殺,235,167,0,98,高,0.44680851063829785,0.04745271111904242,-0.0609638363952874,105,130,0.4156572521127015,-0.249943264298913,0.2659677466225476,-0.23945475929179894,1.663006415790454,1.1107223235368648,0.047452711119042396,2.7755575615628914e-15,2.664097942208954,0.0157979064391784,3,0.671331085831922,12,1.5654918730031728,0.0157979064391784,-0.028278111143944677
events_gatefix.csv,"A2(N2, gatefix, 資料不足當過閘)",驗證年份 2022-2026,觸發日即買,12m,軸二 200 日線位置,線下 10% 內,234,103,0,176,高,0.4188034188034188,-0.025391872848161773,-0.13087910568393324,98,136,0.39748038897634314,-0.33010864975111387,0.26045830818175897,-0.3189653515038712,1.2040895907333065,0.8165724175172608,-0.025391872848161745,2.7755575615628914e-15,2.664097942208954,-0.055663851236745235,3,-1.164086613339493,12,-2.6914880246815667,-0.055663851236745235,-0.09880048614015734
events_gatefix.csv,"A2(N2, gatefix, 資料不足當過閘)",驗證年份 2022-2026,觸發日即買,12m,軸二 200 日線位置,線下逾 10%,846,295,0,486,高,0.41134751773049644,-0.017444451088281486,-0.08236498064640715,348,498,0.36473228481161907,-0.2845077123195373,0.25871211479096023,-0.26836720953721666,1.2819767936623794,0.9640228224494861,-0.01744445108828152,3.469446951953614e-15,3.061586771067589,-0.026693621876995574,9,-1.2096485838359012,43,-3.365374778395981,-0.03896058090799446,-0.08022942156409639
events_gatefix.csv,"A2(N2, gatefix, 資料不足當過閘)",驗證年份 2022-2026,觸發日即買,12m,軸二 200 日線位置,線之上,97,115,0,78,中,0.4020618556701031,0.028091199621852473,-0.1221874693074381,39,58,0.5716691994571027,-0.3374181450949537,0.3148434752283866,-0.29168488162421885,1.6942455756083532,1.0793959339792019,0.028091199621852497,2.42861286636753e-15,2.437321261174755,-0.03761972882595655,1,0.8944802517986218,5,3.4206878316914264,0.002995053147343052,-0.0716956786403979
events_gatefix.csv,"A2(N2, gatefix, 資料不足當過閘)",驗證年份 2022-2026,觸發日即買,12m,軸二 250 日線位置(緩衝對照),線下 10% 內,234,90,0,183,高,0.36752136752136755,-0.05589812976904761,-0.1670873079709021,86,148,0.4201460134401296,-0.3325183751473533,0.23175804181539517,-0.31933789772329413,1.2635272058392102,0.7257454986323396,-0.055898129769047594,1.3877787807814457e-15,2.664097942208954,-0.08656629331244776,3,-0.5287894137476306,12,-1.3046773694487366,-0.08656629331244776,-0.13579078465556962
events_gatefix.csv,"A2(N2, gatefix, 資料不足當過閘)",驗證年份 2022-2026,觸發日即買,12m,軸二 250 日線位置(緩衝對照),線下逾 10%,795,273,0,471,高,0.42138364779874216,-0.01149901481272312,-0.0769693958213657,335,460,0.3581396064659724,-0.280692358570034,0.2545948350064242,-0.2631236709743826,1.275915056222006,0.9675862078984572,-0.011499014812723085,3.469446951953614e-15,3.061586771067589,-0.021321255552697,8,-1.7958739392219947,40,-5.042570280587115,-0.032476604439756133,-0.07316485576807473
events_gatefix.csv,"A2(N2, gatefix, 資料不足當過閘)",驗證年份 2022-2026,觸發日即買,12m,軸二 250 日線位置(緩衝對照),線之上,148,150,0,113,高,0.43243243243243246,0.028696092150241343,-0.09921422054278155,64,84,0.501026354546878,-0.3311745839614818,0.32407111751338713,-0.29103819939996195,1.512876829355816,1.1135002834044798,0.02869609215024138,3.816391647148976e-15,2.437321261174755,-0.013890201618785429,2,1.0310504193282959,8,3.1040619128334135,-0.0009032315257778503,-0.06382854622850818
events_gatefix.csv,"A2(N2, gatefix, 資料不足當過閘)",驗證年份 2022-2026,跌勢衰竭,1m,總表(三格進場),全部,1615,42,38,808,高,0.5102167182662539,0.007034464130462023,0.0026525432738804,824,791,0.10439720267910149,-0.09439018386458087,0.07362819926028194,-0.0745041299307065,1.1060175794220026,0.988243193078837,0.007034464130462034,1.1275702593849246e-15,0.6301154964506914,0.005921133204339055,17,0.7315902398384176,81,2.4494379677232256,0.0019082052006557937,-0.01073440112134631
events_gatefix.csv,"A2(N2, gatefix, 資料不足當過閘)",驗證年份 2022-2026,跌勢衰竭,1m,軸一 行業殺 vs 個別殺,個別殺,1242,27,21,706,高,0.5096618357487923,0.006310165402454749,0.00205014754400185,633,609,0.10553227072942382,-0.09682217067631607,0.0738216071087303,-0.0781992906955557,1.089959768431822,0.9440188837023019,0.0063101654024547565,7.806255641895632e-16,0.6301154964506914,0.004859913304719261,13,0.843073080139208,63,2.8174973065657944,0.001000709232677655,-0.012081540381424196
events_gatefix.csv,"A2(N2, gatefix, 資料不足當過閘)",驗證年份 2022-2026,跌勢衰竭,1m,軸一 行業殺 vs 個別殺,行業不明,2,0,0,2,低(樣本不足),1.0,0.02084058634904305,0.02084058634904305,2,0,0.02084058634904305,,0.02084058634904305,,,,0.02084058634904305,0.0,0.0378113171804215,,1,0.907155790800428,1,0.907155790800428,0.0038698555176646,0.0038698555176646
events_gatefix.csv,"A2(N2, gatefix, 資料不足當過閘)",驗證年份 2022-2026,跌勢衰竭,1m,軸一 行業殺 vs 個別殺,行業殺,371,15,17,148,高,0.5094339622641509,0.009384778889890248,0.0026525432738804,189,182,0.10147982255638228,-0.08625238184069763,0.0756611216270575,-0.0669684305913132,1.1765451618925575,1.1298028184174271,0.009384778889890255,6.938893903907228e-16,0.4381969419239579,0.0061842972859498775,4,0.4511455634030713,19,1.716488453147389,0.005207017884750034,-0.0070870335181551355
events_gatefix.csv,"A2(N2, gatefix, 資料不足當過閘)",驗證年份 2022-2026,跌勢衰竭,1m,軸二 200 日線位置,線下 10% 內,318,11,9,243,高,0.5251572327044025,0.011579923713886425,0.00567614507508655,167,151,0.10536115105938237,-0.0921383873238475,0.0785684445783592,-0.0780919970909151,1.1435098238594037,1.006101105173292,0.011579923713886421,3.469446951953614e-16,0.5074338447238707,0.007419658084406406,4,0.4712138750500087,16,1.4796458322963695,0.006201306847600767,-0.005848527691923232
events_gatefix.csv,"A2(N2, gatefix, 資料不足當過閘)",驗證年份 2022-2026,跌勢衰竭,1m,軸二 200 日線位置,線下逾 10%,1116,16,10,630,高,0.507168458781362,0.007190699892112036,0.00171795478809265,566,550,0.10264888601464169,-0.0910444516448912,0.06971694016328564,-0.0699927639361974,1.1274589956894057,0.9960592530227383,0.007190699892112032,4.3368086899420177e-16,0.6301154964506914,0.005578641719941961,12,0.7578391059805324,56,2.4003459270763337,0.0017602335570484483,-0.010601439164462273
events_gatefix.csv,"A2(N2, gatefix, 資料不足當過閘)",驗證年份 2022-2026,跌勢衰竭,1m,軸二 200 日線位置,線之上,181,15,19,122,高,0.5027624309392266,-0.001914791436004138,0.0001538903413993,91,90,0.1135023439162151,-0.11861433940324802,0.0897480301885012,-0.1038015031554929,0.9569023820159391,0.8646120476122601,-0.0019147914360041207,1.734723475976807e-15,0.4464844521312823,-0.008596336493849608,2,-2.418775630213996,10,-9.60807582460644,-0.006619384670402051,-0.02150010377894999
events_gatefix.csv,"A2(N2, gatefix, 資料不足當過閘)",驗證年份 2022-2026,跌勢衰竭,1m,軸二 250 日線位置(緩衝對照),線下 10% 內,312,4,9,246,高,0.5064102564102564,0.004451272682987714,0.0022406258990010502,158,154,0.0967542731860552,-0.09024920835262698,0.0684079532405488,-0.0757990954533942,1.072078912958563,0.9024903639201088,0.004451272682987707,6.938893903907228e-16,0.5074338447238707,0.00029705057652714144,4,1.1954314475294094,16,3.6273827620884598,-0.0008812163087686044,-0.012327369933752677
events_gatefix.csv,"A2(N2, gatefix, 資料不足當過閘)",驗證年份 2022-2026,跌勢衰竭,1m,軸二 250 日線位置(緩衝對照),線下逾 10%,1046,15,8,610,高,0.5124282982791587,0.008962523127561753,0.0028060464657386,536,510,0.10463003058198342,-0.09158215137355591,0.0712602695983312,-0.0691130775797256,1.1424718573732375,1.031067810808001,0.00896252312756176,6.938893903907228e-16,0.6301154964506914,0.007247369459374833,11,0.6030460355034752,53,1.9941984587568002,0.0035955204883060705,-0.00938611370319617
events_gatefix.csv,"A2(N2, gatefix, 資料不足當過閘)",驗證年份 2022-2026,跌勢衰竭,1m,軸二 250 日線位置(緩衝對照),線之上,257,23,21,172,高,0.5058365758754864,0.0023232035104062535,0.0006897987905809,130,127,0.11272633424799836,-0.11068787519736518,0.08929059756936614,-0.0903545581151473,1.0184162813406477,0.9882246057312875,0.002323203510406248,5.637851296924623e-16,0.4464844521312823,-0.002337170728529379,3,1.9942687197228783,13,7.178523319214716,-0.002337170728529379,-0.015118727604638999
events_gatefix.csv,"A2(N2, gatefix, 資料不足當過閘)",驗證年份 2022-2026,跌勢衰竭,3m,總表(三格進場),全部,1513,144,38,769,高,0.4897554527428949,0.009176644562845867,-0.0056692974348515,741,772,0.1806966886339687,-0.15545593659868526,0.1174534777478522,-0.1361687590554187,1.1623659577597432,0.8625581856117992,0.009176644562845851,1.5612511283791264e-15,3.1938156933140016,0.005311396607480889,16,1.2040836450197365,76,3.487636432101633,-0.0018928196707300453,-0.024035489928935894
events_gatefix.csv,"A2(N2, gatefix, 資料不足當過閘)",驗證年份 2022-2026,跌勢衰竭,3m,軸一 行業殺 vs 個別殺,個別殺,1180,89,21,675,高,0.4864406779661017,0.004558996821212324,-0.0065291907283924495,574,606,0.1806447141021067,-0.16222846476168104,0.12038178454086275,-0.1452047544403475,1.1135204562743026,0.8290485046777002,0.004558996821212316,7.806255641895632e-16,1.4586750600263767,0.0014568330587162548,12,2.0405656591541868,59,6.683627601669994,-0.00479267459603515,-0.02727541070417698
events_gatefix.csv,"A2(N2, gatefix, 資料不足當過閘)",驗證年份 2022-2026,跌勢衰竭,3m,軸一 行業殺 vs 個別殺,行業不明,2,0,0,2,低(樣本不足),1.0,0.12242952067537405,0.12242952067537405,2,0,0.12242952067537405,,0.12242952067537405,,,,0.12242952067537405,0.0,0.1961104657368853,,1,0.8009116782253797,1,0.8009116782253797,0.0487485756138628,0.0487485756138628
events_gatefix.csv,"A2(N2, gatefix, 資料不足當過閘)",驗證年份 2022-2026,跌勢衰竭,3m,軸一 行業殺 vs 個別殺,行業殺,331,55,17,137,高,0.4984894259818731,0.02495404209427344,-0.001429764145265,165,166,0.1815837657079443,-0.1307321289675078,0.1062409904888392,-0.1044308430328897,1.3889758175136517,1.0173334563178755,0.02495404209427346,2.0816681711721685e-15,3.1938156933140016,0.010099941423272476,4,0.6940061928890308,17,1.5021566631376657,0.007729186408594782,-0.013209259703066035
events_gatefix.csv,"A2(N2, gatefix, 資料不足當過閘)",驗證年份 2022-2026,跌勢衰竭,3m,軸二 200 日線位置,線下 10% 內,296,33,9,230,高,0.4864864864864865,0.021792343893567608,-0.0060808072265773495,144,152,0.20490894986657854,-0.15168654597560063,0.12999206386566764,-0.13027492933044765,1.350870959244724,0.9978287037557125,0.021792343893567614,6.938893903907228e-16,3.1938156933140016,0.005618247488285042,3,0.7448046057858809,15,1.8593767645521788,0.005618247488285042,-0.019727540427863774
events_gatefix.csv,"A2(N2, gatefix, 資料不足當過閘)",驗證年份 2022-2026,跌勢衰竭,3m,軸二 200 日線位置,線下逾 10%,1079,53,10,604,高,0.494902687673772,0.006262510023383402,-0.0039962355524151,534,545,0.1677698314609729,-0.15198503061454832,0.1135313818232851,-0.1333777497897998,1.1038576021769977,0.8512018084141312,0.006262510023383391,1.0408340855860843e-15,1.4586750600263767,0.0028739075988003546,11,1.5243459578401273,54,4.571374926269312,-0.0033175429215479765,-0.02354406556447848
events_gatefix.csv,"A2(N2, gatefix, 資料不足當過閘)",驗證年份 2022-2026,跌勢衰竭,3m,軸二 200 日線位置,線之上,138,58,19,107,高,0.45652173913043476,0.004902037071442739,-0.0537921522480241,63,75,0.2349248809019677,-0.18831715174619826,0.1527957653198683,-0.172751130721306,1.2474959329173816,0.8844848927001754,0.004902037071442725,1.3877787807814457e-15,0.8238175799457532,-0.012081197822209386,2,2.358619592080106,7,7.139229376007692,-0.006757944835870451,-0.03170284533432548
events_gatefix.csv,"A2(N2, gatefix, 資料不足當過閘)",驗證年份 2022-2026,跌勢衰竭,3m,軸二 250 日線位置(緩衝對照),線下 10% 內,291,25,9,233,高,0.4329896907216495,-0.005566525561693775,-0.025586895884051,126,165,0.189307515267916,-0.15437942946794125,0.10531102378639655,-0.1427490086928287,1.2262483150789723,0.7377355874534145,-0.0055665255616937775,2.6020852139652106e-16,3.1938156933140016,-0.021947712653114584,3,-2.902155363067645,15,-6.675138427527573,-0.021947712653114584,-0.045045802846716616
events_gatefix.csv,"A2(N2, gatefix, 資料不足當過閘)",驗證年份 2022-2026,跌勢衰竭,3m,軸二 250 日線位置(緩衝對照),線下逾 10%,1014,47,8,587,高,0.5039447731755424,0.010482035059788296,0.0022057648406098,511,503,0.16875749424061248,-0.15031072764677467,0.1139752752260667,-0.1283485380977479,1.1227242185746524,0.8880138170273915,0.010482035059788286,1.0408340855860843e-15,1.4586750600263767,0.006888090812763444,11,0.9691028240797981,51,2.805816975689062,0.0003274171437501705,-0.019931088023513902
events_gatefix.csv,"A2(N2, gatefix, 資料不足當過閘)",驗證年份 2022-2026,跌勢衰竭,3m,軸二 250 日線位置(緩衝對照),線之上,208,72,21,155,高,0.5,0.023439127939487304,0.00361313599091015,104,104,0.2289271134332733,-0.1820488575542987,0.1663981042105817,-0.15776698831092523,1.2575037081185334,1.0547079968506872,0.023439127939487298,6.938893903907228e-16,0.8238175799457532,0.0119989392210379,3,0.4954642669220299,11,1.5125341526175833,0.0119989392210379,-0.012684149969160063
events_gatefix.csv,"A2(N2, gatefix, 資料不足當過閘)",驗證年份 2022-2026,跌勢衰竭,6m,總表(三格進場),全部,1342,315,38,694,高,0.4172876304023845,-0.00358839424843314,-0.0505150629696023,560,782,0.28720237016769556,-0.211827304827758,0.18160307602810727,-0.18590051782742326,1.3558326222449315,0.9768831101196532,-0.003588394248433116,2.3852447794681098e-15,5.028545540148772,-0.01066576705545609,14,-5.214552605315279,68,-13.833798323355703,-0.022535357978779383,-0.05607065247907422
events_gatefix.csv,"A2(N2, gatefix, 資料不足當過閘)",驗證年份 2022-2026,跌勢衰竭,6m,軸一 行業殺 vs 個別殺,個別殺,1074,195,21,618,高,0.40037243947858475,-0.014648715606934768,-0.0589941253570269,430,644,0.29290583281422916,-0.22000346067075544,0.20454127971970437,-0.19728340836659286,1.331369206289783,1.036789061042705,-0.014648715606934759,8.673617379884035e-16,2.7093591860815387,-0.02035375622193363,11,-1.1038053206735572,54,-3.236428456562387,-0.03113695317656255,-0.06534367165427139
events_gatefix.csv,"A2(N2, gatefix, 資料不足當過閘)",驗證年份 2022-2026,跌勢衰竭,6m,軸一 行業殺 vs 個別殺,行業不明,1,1,0,1,低(樣本不足),0.0,-0.0774011983834809,-0.0774011983834809,0,1,,-0.0774011983834809,,-0.0774011983834809,,,-0.0774011983834809,0.0,-0.0774011983834809,,1,1.0,1,1.0,,
events_gatefix.csv,"A2(N2, gatefix, 資料不足當過閘)",驗證年份 2022-2026,跌勢衰竭,6m,軸一 行業殺 vs 個別殺,行業殺,267,119,17,113,高,0.4868913857677903,0.04117789018289943,-0.0095106963215979,130,137,0.26833707064454576,-0.17437461682450217,0.14647160011267005,-0.1364549928050825,1.5388539658533633,1.073405942147501,0.04117789018289947,3.469446951953614e-15,5.028545540148772,0.012631472444741804,3,0.6966929162085621,14,1.4264130061799636,0.012631472444741804,-0.018530420475325292
events_gatefix.csv,"A2(N2, gatefix, 資料不足當過閘)",驗證年份 2022-2026,跌勢衰竭,6m,軸二 200 日線位置,線下 10% 內,258,71,9,200,高,0.40310077519379844,0.013776029271683858,-0.06419362188946354,104,154,0.3627912574245672,-0.22192256636402957,0.2198272317532409,-0.20113603674444794,1.6347650595814776,1.0929281262141053,0.013776029271683837,2.0816681711721685e-15,5.028545540148772,-0.021809773380385433,3,2.564759404848421,13,5.129638517012927,-0.021809773380385433,-0.05990867527222671
events_gatefix.csv,"A2(N2, gatefix, 資料不足當過閘)",驗證年份 2022-2026,跌勢衰竭,6m,軸二 200 日線位置,線下逾 10%,967,165,10,551,高,0.4332988624612203,-0.006838771922359466,-0.0394761597961403,419,548,0.24991941623424843,-0.2031557077574301,0.168199986254101,-0.1741210072629623,1.2301865352100008,0.9659947923462261,-0.00683877192235946,6.071532165918825e-16,1.549405252963584,-0.011625705074073378,10,-1.8822129387508486,49,-5.691430519185325,-0.019916761359913663,-0.048203756687263684
events_gatefix.csv,"A2(N2, gatefix, 資料不足當過閘)",驗證年份 2022-2026,跌勢衰竭,6m,軸二 200 日線位置,線之上,117,79,19,95,高,0.3162393162393162,-0.01501494174846246,-0.1364549928050825,37,80,0.4969405708001193,-0.25179436630218155,0.3030813541018551,-0.2512828919192541,1.9735968603989127,1.206136047651209,-0.01501494174846249,2.949029909160572e-15,1.7279322796280936,-0.05839262837335046,2,-1.9107992797401667,6,-5.086868229634319,-0.04446557695940449,-0.09633418659574372
events_gatefix.csv,"A2(N2, gatefix, 資料不足當過閘)",驗證年份 2022-2026,跌勢衰竭,6m,軸二 250 日線位置(緩衝對照),線下 10% 內,260,56,9,205,高,0.3384615384615385,-0.025177723312777504,-0.09710331221164145,88,172,0.34711660732501853,-0.21565389247630104,0.20980981663509912,-0.18755725041818255,1.6096004729576787,1.1186441268855332,-0.02517772331277747,3.469446951953614e-15,5.028545540148772,-0.05421645064417231,3,-1.1285036596802087,13,-2.3046180669032807,-0.05421645064417231,-0.08758185193989103
events_gatefix.csv,"A2(N2, gatefix, 資料不足當過閘)",驗證年份 2022-2026,跌勢衰竭,6m,軸二 250 日線位置(緩衝對照),線下逾 10%,909,152,8,534,高,0.44554455445544555,-0.002120993184797996,-0.0343003903877676,405,504,0.24578640273009134,-0.20133229347354833,0.1654286811594094,-0.1745781884370118,1.2207996963109324,0.9475907766055003,-0.002120993184797998,1.734723475976807e-16,1.549405252963584,-0.007198752811773194,10,-6.511472185266846,46,-18.812397614380608,-0.016108998012558818,-0.04426183305443789
events_gatefix.csv,"A2(N2, gatefix, 資料不足當過閘)",驗證年份 2022-2026,跌勢衰竭,6m,軸二 250 日線位置(緩衝對照),線之上,173,107,21,135,高,0.3872832369942196,0.021147779103504356,-0.080853779473288,67,106,0.4588592946809086,-0.2555189335727795,0.3030813541018551,-0.2520413338619977,1.7957937138549134,1.2025065470721712,0.021147779103504294,6.2450045135165055e-15,2.7093591860815387,-0.014162273923156998,2,1.2128499872862974,9,3.8398155286477755,-0.004553951349727345,-0.063351536149733
events_gatefix.csv,"A2(N2, gatefix, 資料不足當過閘)",驗證年份 2022-2026,跌勢衰竭,12m,總表(三格進場),全部,1159,498,38,601,高,0.4167385677308024,-0.0005426966808788646,-0.0837522942968438,483,676,0.4049847109289102,-0.29029082963284353,0.2486231851511284,-0.2699055399749153,1.395099912185067,0.9211488773970151,-0.0005426966808788625,2.1684043449710089e-16,4.494961586543262,-0.0094286541252968,12,-49.62395703490775,58,-137.7961266337936,-0.027760882785763427,-0.07929222943200709
events_gatefix.csv,"A2(N2, gatefix, 資料不足當過閘)",驗證年份 2022-2026,跌勢衰竭,12m,軸一 行業殺 vs 個別殺,個別殺,923,346,21,535,高,0.4106175514626219,-0.015112423846111942,-0.0877761039846448,379,544,0.3966800302582833,-0.30200459315781375,0.2412189804786808,-0.2815273122361333,1.3134900569243877,0.8568226598077149,-0.015112423846111916,2.6020852139652106e-15,4.494961586543262,-0.026325332527897632,10,-1.8878962270234292,47,-4.965319246628792,-0.04412113055561382,-0.09498727112366083
events_gatefix.csv,"A2(N2, gatefix, 資料不足當過閘)",驗證年份 2022-2026,跌勢衰竭,12m,軸一 行業殺 vs 個別殺,行業不明,1,1,0,1,低(樣本不足),1.0,0.3706539719481132,0.3706539719481132,1,0,0.3706539719481132,,0.3706539719481132,,,,0.3706539719481132,0.0,0.3706539719481132,,1,1.0,1,1.0,,
events_gatefix.csv,"A2(N2, gatefix, 資料不足當過閘)",驗證年份 2022-2026,跌勢衰竭,12m,軸一 行業殺 vs 個別殺,行業殺,235,151,17,98,高,0.43829787234042555,0.055102671424998334,-0.0628654569780543,103,132,0.43587601882355476,-0.24201592540872377,0.2634541394754752,-0.19727987809326306,1.801022052939013,1.3354334056863548,0.055102671424998334,0.0,2.386485411321768,0.026466281534208935,3,0.5258230965093582,12,1.4044810175661722,0.026466281534208935,-0.02348733804045059
events_gatefix.csv,"A2(N2, gatefix, 資料不足當過閘)",驗證年份 2022-2026,跌勢衰竭,12m,軸二 200 日線位置,線下 10% 內,230,99,9,173,高,0.4043478260869565,-0.0026863326494848995,-0.09527686712433636,93,137,0.4269103341894283,-0.2943103473649515,0.2552230732721166,-0.2881655601852722,1.4505447668139573,0.885682081883846,-0.0026863326494848683,3.1225022567582528e-15,2.386485411321768,-0.03135303450444235,3,-10.519080440914433,12,-28.58119700886268,-0.03135303450444235,-0.08383915195973926
events_gatefix.csv,"A2(N2, gatefix, 資料不足當過閘)",驗證年份 2022-2026,跌勢衰竭,12m,軸二 200 日線位置,線下逾 10%,835,297,10,481,高,0.4155688622754491,-0.005586624437105325,-0.0807208567737188,347,488,0.38624194529885597,-0.28420243119607774,0.2412189804786808,-0.25904328214835004,1.3590381464132475,0.9311918011467228,-0.005586624437105309,1.6479873021779667e-15,4.494961586543262,-0.01795116601044165,9,-5.26319202619045,42,-12.991061045421324,-0.03537134970848906,-0.08230257371212472
events_gatefix.csv,"A2(N2, gatefix, 資料不足當過閘)",驗證年份 2022-2026,跌勢衰竭,12m,軸二 200 日線位置,線之上,94,102,19,75,中,0.4574468085106383,0.04950747299176459,-0.055227808253984545,43,51,0.5088139367521809,-0.33775091802191975,0.2982881450954995,-0.3169803321802384,1.5064768431485338,0.9410304514599652,0.049507472991764556,3.469446951953614e-15,2.048303421011408,-0.01333376212678737,1,0.4401449035639135,5,1.8218286587453598,0.028015043443166278,-0.042972427549542
events_gatefix.csv,"A2(N2, gatefix, 資料不足當過閘)",驗證年份 2022-2026,跌勢衰竭,12m,軸二 250 日線位置(緩衝對照),線下 10% 內,228,88,9,179,高,0.35526315789473684,-0.02899385983461274,-0.1307895031143252,81,147,0.4830695299319561,-0.3111512378692527,0.2853316439117783,-0.2963001866154117,1.552523246380091,0.9629816544197111,-0.028993859834612723,1.734723475976807e-15,2.386485411321768,-0.05843641549695036,3,-0.9889561314702875,12,-2.974475774358895,-0.05843641549695036,-0.12163735982437165
events_gatefix.csv,"A2(N2, gatefix, 資料不足當過閘)",驗證年份 2022-2026,跌勢衰竭,12m,軸二 250 日線位置(緩衝對照),線下逾 10%,786,275,8,468,高,0.4211195928753181,-0.001801622394656578,-0.07437120071090314,331,455,0.3762607016476612,-0.2768315768078592,0.2369861960686867,-0.2515564006569712,1.3591682928165845,0.9420797699830631,-0.001801622394656588,9.97465998686664e-16,4.494961586543262,-0.014925432845344328,8,-15.975052077010197,40,-39.54108505220881,-0.030897108357723576,-0.07695606596878932
events_gatefix.csv,"A2(N2, gatefix, 資料不足當過閘)",驗證年份 2022-2026,跌勢衰竭,12m,軸二 250 日線位置(緩衝對照),線之上,145,135,21,110,高,0.4896551724137931,0.05101855028519432,-0.0211705326623031,71,74,0.44981255223661015,-0.3316081272627858,0.2982881450954995,-0.32168291575093755,1.356458166298657,0.9272738168241692,0.05101855028519428,4.163336342344337e-15,2.048303421011408,0.010778978708377842,2,0.5384528175643634,8,1.5897435842098797,0.02387680335476875,-0.03184481819288656
events_gatefix.csv,"A2(N2, gatefix, 資料不足當過閘)",驗證年份 2022-2026,買方回來,1m,總表(三格進場),全部,1599,30,67,806,高,0.47842401500938087,-0.000610216799227126,-0.0060704257008118,765,834,0.10289199989115237,-0.09554930045407163,0.0726322731252593,-0.07580903273213585,1.076847233859239,0.9580952362484121,-0.0006102167992271326,6.613633252161577e-16,0.7141447229496054,-0.0017378388149339443,16,-7.787329685170069,80,-26.774046492764953,-0.005416373805803241,-0.01784078697438331
events_gatefix.csv,"A2(N2, gatefix, 資料不足當過閘)",驗證年份 2022-2026,買方回來,1m,軸一 行業殺 vs 個別殺,個別殺,1232,17,42,704,高,0.48295454545454547,2.8350598750952896e-05,-0.0048849847092038,595,637,0.10362938013225542,-0.09674184182265433,0.0714784753583837,-0.075043674942274,1.0711950297806736,0.9524916711950372,2.835059875094803e-05,4.865357249028701e-16,0.7141447229496054,-0.0014344395028553613,13,180.9121881382782,62,595.3358892635014,-0.005155013693009989,-0.01774267255555041
events_gatefix.csv,"A2(N2, gatefix, 資料不足當過閘)",驗證年份 2022-2026,買方回來,1m,軸一 行業殺 vs 個別殺,行業不明,2,0,0,2,低(樣本不足),0.5,-0.07644941772026234,-0.07644941772026234,1,1,0.0038698555176646,-0.1567686909581893,0.0038698555176646,-0.1567686909581893,0.024685130009133666,0.024685130009133666,-0.07644941772026234,0.0,0.0038698555176646,,1,-0.025309908388216045,1,-0.025309908388216045,-0.1567686909581893,-0.1567686909581893
events_gatefix.csv,"A2(N2, gatefix, 資料不足當過閘)",驗證年份 2022-2026,買方回來,1m,軸一 行業殺 vs 個別殺,行業殺,365,13,25,147,高,0.46301369863013697,-0.0023500431895474537,-0.0077998423379785,169,196,0.10088182770723032,-0.09136119717707525,0.0777406179163748,-0.07785857833303335,1.1042086884183697,0.998484940013238,-0.002350043189547471,1.734723475976807e-15,0.4697212378988598,-0.005874293634345426,4,-1.8749005466719912,19,-6.423179537641891,-0.006831000732330911,-0.01840274355140613
events_gatefix.csv,"A2(N2, gatefix, 資料不足當過閘)",驗證年份 2022-2026,買方回來,1m,軸二 200 日線位置,線下 10% 內,317,6,15,242,高,0.4637223974763407,-0.009055286686165951,-0.0141951707265732,147,170,0.09874365083835157,-0.10226966207501348,0.0670908293020153,-0.07725875580599535,0.9655224123643273,0.8683912729644164,-0.009055286686165967,1.5612511283791264e-15,0.4897414380497129,-0.013451444493095556,4,-0.5911229585992134,16,-1.6102656807956017,-0.014592203291210514,-0.024893140163231183
events_gatefix.csv,"A2(N2, gatefix, 資料不足當過閘)",驗證年份 2022-2026,買方回來,1m,軸二 200 日線位置,線下逾 10%,1108,10,25,628,高,0.47382671480144406,0.0005577564538679548,-0.0067980612475457,525,583,0.10062386495322607,-0.08955323318963634,0.0714784753583837,-0.071936990208659,1.1236206820154304,0.9936261602140242,0.0005577564538679705,1.5720931501039814e-15,0.560873599843575,-0.0008820767462207372,12,8.589937145361887,56,29.028393226814615,-0.004279686826116522,-0.01646519303507189
events_gatefix.csv,"A2(N2, gatefix, 資料不足當過閘)",驗證年份 2022-2026,買方回來,1m,軸二 200 日線位置,線之上,174,14,27,120,高,0.5344827586206896,0.007337902681981274,0.0104774891448885,93,81,0.12225305530161507,-0.12460171699241304,0.0915464565994435,-0.0988402240474286,0.9811506474590476,0.9262064860912782,0.007337902681981277,3.469446951953614e-16,0.7141447229496054,-0.0022053791626476774,2,0.9688167812694506,9,2.761206205926117,0.00023148011533657718,-0.01362848118245935
events_gatefix.csv,"A2(N2, gatefix, 資料不足當過閘)",驗證年份 2022-2026,買方回來,1m,軸二 250 日線位置(緩衝對照),線下 10% 內,310,2,13,244,高,0.4612903225806452,-0.009991195233626059,-0.01455241580844785,143,167,0.09434287829840712,-0.09933115041375029,0.060373532046466,-0.0781990269462405,0.9497813918940312,0.772049658469165,-0.009991195233626057,1.734723475976807e-16,0.4897414380497129,-0.013985277067873617,4,-0.4968960682473732,16,-1.4879894802968299,-0.0151512812657356,-0.02621080434498154
events_gatefix.csv,"A2(N2, gatefix, 資料不足當過閘)",驗證年份 2022-2026,買方回來,1m,軸二 250 日線位置(緩衝對照),線下逾 10%,1039,10,21,608,高,0.4716073147256978,0.0009733943404574823,-0.0070887329322593,490,549,0.10122502629166383,-0.08850438281089243,0.0720435178183083,-0.0716053440703847,1.143728966597639,1.006119288352178,0.000973394340457498,1.5612511283791264e-15,0.560873599843575,-0.0005611315016643653,11,4.998028917145795,52,16.68992474152629,-0.003933300983513176,-0.01607711329228382
events_gatefix.csv,"A2(N2, gatefix, 資料不足當過閘)",驗證年份 2022-2026,買方回來,1m,軸二 250 日線位置(緩衝對照),線之上,250,18,33,171,高,0.528,0.004440708562898322,0.0061847094144981,132,118,0.11834155634200057,-0.12297379912219909,0.08943813147489985,-0.0954402387098353,0.9623314656189855,0.9371113555867823,0.004440708562898334,1.1275702593849246e-15,0.7141447229496054,-0.002201367460538104,3,1.489775678859709,13,4.277009159907998,-0.002201367460538104,-0.015350466916771808
events_gatefix.csv,"A2(N2, gatefix, 資料不足當過閘)",驗證年份 2022-2026,買方回來,3m,總表(三格進場),全部,1475,154,67,757,高,0.4759322033898305,0.009697627928426343,-0.0113245413845222,702,773,0.18708804626694306,-0.15139949195985142,0.126824892822278,-0.1255809339386672,1.2357243993695544,1.009905634912847,0.009697627928426364,2.0816681711721685e-15,3.396805041048303,0.005199414417891204,15,1.283020493466215,74,3.4980466284799028,-0.0027728256688962735,-0.02550468376696324
events_gatefix.csv,"A2(N2, gatefix, 資料不足當過閘)",驗證年份 2022-2026,買方回來,3m,軸一 行業殺 vs 個別殺,個別殺,1147,102,42,664,高,0.46469049694856146,0.0009635998979841572,-0.0214774123903329,533,614,0.1825896490410729,-0.15670200953730296,0.1272725739740843,-0.13349582239439034,1.1652029835495337,0.9533824481644039,0.0009635998979841548,2.38524477946811e-16,1.1604887548557072,-0.002025189907477524,12,10.510377687981814,58,32.40780270176734,-0.009261089179303798,-0.03187644181339852
events_gatefix.csv,"A2(N2, gatefix, 資料不足當過閘)",驗證年份 2022-2026,買方回來,3m,軸一 行業殺 vs 個別殺,行業不明,2,0,0,2,低(樣本不足),1.0,0.0366534396970328,0.0366534396970328,2,0,0.0366534396970328,,0.0366534396970328,,,,0.0366534396970328,0.0,0.0487485756138628,,1,0.6649931905000601,1,0.6649931905000601,0.0245583037802028,0.0245583037802028
events_gatefix.csv,"A2(N2, gatefix, 資料不足當過閘)",驗證年份 2022-2026,買方回來,3m,軸一 行業殺 vs 個別殺,行業殺,326,52,25,134,高,0.5122699386503068,0.04026210193879437,0.0130566865142303,167,159,0.20324681832998853,-0.13092310332742843,0.1292217022611224,-0.0950352248061026,1.5524136929574923,1.359724276180431,0.040262101938794384,1.3877787807814457e-15,3.396805041048303,0.020046384089021513,4,0.5725964155183313,17,1.1147608187686215,0.017421932733213356,-0.004874714697515894
events_gatefix.csv,"A2(N2, gatefix, 資料不足當過閘)",驗證年份 2022-2026,買方回來,3m,軸二 200 日線位置,線下 10% 內,287,36,15,223,高,0.47735191637630664,0.019463239569121542,-0.012351545743197,137,150,0.21172072972957062,-0.15613193477742196,0.1301525119530069,-0.13799654046624255,1.3560373156932612,0.9431577886899672,0.019463239569121563,2.0816681711721685e-15,3.396805041048303,0.0009272542368602969,3,0.9528566824344349,15,2.198737271992271,0.0009272542368602969,-0.024617963869111616
events_gatefix.csv,"A2(N2, gatefix, 資料不足當過閘)",驗證年份 2022-2026,買方回來,3m,軸二 200 日線位置,線下逾 10%,1050,68,25,594,高,0.4828571428571429,0.007706908082982913,-0.0076524652785178,507,543,0.1720151643771332,-0.14570798315299166,0.1175093529429156,-0.1141861722148677,1.1805472881778847,1.0291031800400015,0.0077069080829829245,1.1275702593849246e-15,1.7484214417058572,0.0035129957994571473,11,1.3817622014628828,53,3.8982174976347266,-0.002973355636230225,-0.023523681696792132
events_gatefix.csv,"A2(N2, gatefix, 資料不足當過閘)",驗證年份 2022-2026,買方回來,3m,軸二 200 日線位置,線之上,138,50,27,105,高,0.42028985507246375,0.004534767760571871,-0.053471172940444,58,80,0.2606617270213153,-0.18115727770346712,0.1588100237386188,-0.16592013459852634,1.4388697507807966,0.957147389754042,0.004534767760571851,2.0816681711721685e-15,1.1278795445705931,-0.01717298895830814,2,3.260678367979262,7,9.37577517992242,-0.01040241095925423,-0.04001177820830546
events_gatefix.csv,"A2(N2, gatefix, 資料不足當過閘)",驗證年份 2022-2026,買方回來,3m,軸二 250 日線位置(緩衝對照),線下 10% 內,284,28,13,226,高,0.4507042253521127,0.0031595334831176825,-0.0262626370713482,128,156,0.19724711014664634,-0.15609181147157247,0.13067460958044713,-0.138408836044398,1.2636608434938248,0.9441204283990228,0.0031595334831177047,2.211772431870429e-15,3.396805041048303,-0.014277712455368272,3,5.471195391545535,15,12.104497131655105,-0.014277712455368272,-0.037041444840833423
events_gatefix.csv,"A2(N2, gatefix, 資料不足當過閘)",驗證年份 2022-2026,買方回來,3m,軸二 250 日線位置(緩衝對照),線下逾 10%,985,64,21,574,高,0.4883248730964467,0.00911427981033508,-0.0053843854837295,481,504,0.17046838051576807,-0.14487643931528651,0.1146535363029139,-0.1137233907633378,1.1766466743759987,1.0081790169404266,0.009114279810335052,2.7755575615628914e-15,1.7484214417058572,0.00464706591454137,10,1.1888213915507142,50,3.351674495970455,-0.0017386219813523114,-0.022580012928788112
events_gatefix.csv,"A2(N2, gatefix, 資料不足當過閘)",驗證年份 2022-2026,買方回來,3m,軸二 250 日線位置(緩衝對照),線之上,206,62,33,153,高,0.45145631067961167,0.02150062170894847,-0.02847319012485855,93,113,0.25906330486600887,-0.17401556885394193,0.1634608587352779,-0.151743772496297,1.4887363617645661,1.0772162576837665,0.02150062170894848,1.0408340855860843e-15,1.1336980377157997,0.006181794053744283,3,0.7166701498583803,11,2.0418527842839804,0.006181794053744283,-0.02366409955799355
events_gatefix.csv,"A2(N2, gatefix, 資料不足當過閘)",驗證年份 2022-2026,買方回來,6m,總表(三格進場),全部,1306,323,67,686,高,0.4280245022970903,-0.00911053796464701,-0.0509593877024669,559,747,0.2706370950077315,-0.21845314416486059,0.1685214684392926,-0.1991088324325219,1.2388793763640642,0.8463786682913961,-0.009110537964647003,6.938893903907228e-16,3.32550096723088,-0.015219530354400719,14,-1.9566812961596347,66,-5.218457658197404,-0.02722884373112959,-0.05966892251369674
events_gatefix.csv,"A2(N2, gatefix, 資料不足當過閘)",驗證年份 2022-2026,買方回來,6m,軸一 行業殺 vs 個別殺,個別殺,1051,198,42,608,高,0.42055185537583256,-0.014062922012851121,-0.0599413615768706,442,609,0.2802259567147539,-0.22765189475111294,0.17339261333097594,-0.2098757923656115,1.2309405859376619,0.8261677603528449,-0.014062922012851142,2.0816681711721685e-15,2.3951213801980296,-0.020501615712657916,11,-1.1702020292733593,53,-3.38269368007523,-0.030842183044406196,-0.06490660008015854
events_gatefix.csv,"A2(N2, gatefix, 資料不足當過閘)",驗證年份 2022-2026,買方回來,6m,軸一 行業殺 vs 個別殺,行業不明,1,1,0,1,低(樣本不足),0.0,-0.0774011983834809,-0.0774011983834809,0,1,,-0.0774011983834809,,-0.0774011983834809,,,-0.0774011983834809,0.0,-0.0774011983834809,,1,1.0,1,1.0,,
events_gatefix.csv,"A2(N2, gatefix, 資料不足當過閘)",驗證年份 2022-2026,買方回來,6m,軸一 行業殺 vs 個別殺,行業殺,254,124,25,113,高,0.46062992125984253,0.011650274220712697,-0.021090210684907948,117,137,0.23441250633675756,-0.1785919240097782,0.1457231994649819,-0.1515245581566787,1.3125593871978394,0.9617134096131262,0.0116502742207127,3.469446951953614e-16,3.32550096723088,-0.011143065290150326,3,1.9451669612385087,13,4.048003219414516,-0.011143065290150326,-0.03742555446587443
events_gatefix.csv,"A2(N2, gatefix, 資料不足當過閘)",驗證年份 2022-2026,買方回來,6m,軸二 200 日線位置,線下 10% 內,254,69,15,196,高,0.4094488188976378,0.0012562594022181579,-0.054102925997927404,104,150,0.3144236960379444,-0.2158731633318854,0.17131939602237312,-0.21052756961865865,1.4565205381946738,0.8137622845914876,0.0012562594022181295,2.8406096919120216e-15,3.32550096723088,-0.02615801667141649,3,21.576215129584863,13,49.32349004857162,-0.02615801667141649,-0.06398148147412645
events_gatefix.csv,"A2(N2, gatefix, 資料不足當過閘)",驗證年份 2022-2026,買方回來,6m,軸二 200 日線位置,線下逾 10%,938,180,25,545,高,0.44349680170575695,-0.01481632019139771,-0.0390523862482215,416,522,0.23658141652694184,-0.21516394179068743,0.1624526910844519,-0.1933905204241762,1.0995402601291318,0.8400240649238323,-0.01481632019139767,3.989863994746656e-15,1.829107202892484,-0.019672395027886633,10,-0.8076859790504246,47,-2.518013480258148,-0.027071866924894872,-0.05487354128301497
events_gatefix.csv,"A2(N2, gatefix, 資料不足當過閘)",驗證年份 2022-2026,買方回來,6m,軸二 200 日線位置,線之上,114,74,27,93,高,0.34210526315789475,0.01473908657490041,-0.1204121811788411,39,75,0.5171333960555856,-0.24650595435505593,0.3289811169636762,-0.2297259851034104,2.097853568724471,1.4320587930685613,0.01473908657490039,2.0816681711721685e-15,2.212063122526249,-0.03926231766892229,2,2.565347890940242,6,5.686511411273954,-0.023483794478770376,-0.07291239172641578
events_gatefix.csv,"A2(N2, gatefix, 資料不足當過閘)",驗證年份 2022-2026,買方回來,6m,軸二 250 日線位置(緩衝對照),線下 10% 內,255,57,13,201,高,0.35294117647058826,-0.030652388862735254,-0.0787182502642177,90,165,0.30382626611662483,-0.21309529157874982,0.1731606508458404,-0.2002505649131788,1.425776533426339,0.8647199118809797,-0.030652388862735205,4.85722573273506e-15,3.32550096723088,-0.05333693059701836,3,-0.7195866048781918,13,-1.6763076947690474,-0.05333693059701836,-0.0864420750619
events_gatefix.csv,"A2(N2, gatefix, 資料不足當過閘)",驗證年份 2022-2026,買方回來,6m,軸二 250 日線位置(緩衝對照),線下逾 10%,883,166,21,528,高,0.45413363533408835,-0.010874942706966319,-0.0348969743956804,401,482,0.23229504877305396,-0.2131802675689749,0.1588311695918263,-0.19258084379534912,1.0896648710598622,0.8247506162171158,-0.010874942706966317,1.734723475976807e-16,1.829107202892484,-0.01602108570658432,9,-1.0935040362891988,45,-3.5568628713766857,-0.023001176529323115,-0.0522167241046609
events_gatefix.csv,"A2(N2, gatefix, 資料不足當過閘)",驗證年份 2022-2026,買方回來,6m,軸二 250 日線位置(緩衝對照),線之上,168,100,33,131,高,0.40476190476190477,0.032860541597736645,-0.07887852629259609,68,100,0.45281555295339687,-0.25270886612411236,0.31407129572902304,-0.23495094167840702,1.7918467202927757,1.3367526577480728,0.0328605415977366,4.163336342344337e-15,2.3951213801980296,-0.007181765108722433,2,0.8345485480376131,9,2.5471907827394715,0.005502328227081201,-0.0537193493631571
events_gatefix.csv,"A2(N2, gatefix, 資料不足當過閘)",驗證年份 2022-2026,買方回來,12m,總表(三格進場),全部,1129,500,67,590,高,0.39769707705934454,-0.008223607167411657,-0.0961157915515968,449,680,0.4121111166224307,-0.28576815272864586,0.2438892649590212,-0.25801563268289607,1.4421170192948518,0.9452499541326772,-0.00822360716741169,3.2959746043559335e-15,3.2587107835514573,-0.015945924412324036,12,-3.085575849582717,57,-9.175678401316217,-0.03395911806440909,-0.08813022639083012
events_gatefix.csv,"A2(N2, gatefix, 資料不足當過閘)",驗證年份 2022-2026,買方回來,12m,軸一 行業殺 vs 個別殺,個別殺,897,352,42,526,高,0.39018952062430323,-0.019128564494300625,-0.0983509487087525,350,547,0.4123339075613103,-0.2952014442373789,0.23726051871190795,-0.2696981900203431,1.396788246163668,0.8797260326219155,-0.019128564494300615,1.0408340855860843e-15,3.2587107835514573,-0.028654168667932415,9,-1.2633257829124533,45,-3.9420018738703995,-0.04373296550610216,-0.09952636292609175
events_gatefix.csv,"A2(N2, gatefix, 資料不足當過閘)",驗證年份 2022-2026,買方回來,12m,軸一 行業殺 vs 個別殺,行業不明,1,1,0,1,低(樣本不足),1.0,0.3706539719481132,0.3706539719481132,1,0,0.3706539719481132,,0.3706539719481132,,,,0.3706539719481132,0.0,0.3706539719481132,,1,1.0,1,1.0,,
events_gatefix.csv,"A2(N2, gatefix, 資料不足當過閘)",驗證年份 2022-2026,買方回來,12m,軸一 行業殺 vs 個別殺,行業殺,231,147,25,95,高,0.42424242424242425,0.032481454058146286,-0.0798356650963419,98,133,0.4117384667863744,-0.24697108163633763,0.26727700720885594,-0.2050220392359228,1.6671525429550291,1.3036501256398838,0.032481454058146286,0.0,2.614167005250864,0.0028648398337768276,3,0.9129461964175624,12,2.3244132732992777,0.0028648398337768276,-0.045376067186048794
events_gatefix.csv,"A2(N2, gatefix, 資料不足當過閘)",驗證年份 2022-2026,買方回來,12m,軸二 200 日線位置,線下 10% 內,223,100,15,168,高,0.3901345291479821,0.006183710905240787,-0.0886126896935715,87,136,0.4456489560032769,-0.27494479147365,0.275560023310893,-0.2626332976304969,1.6208670606731126,1.049219675482973,0.00618371090524078,6.938893903907228e-16,2.614167005250864,-0.02490362246358825,3,4.973115258605741,12,13.650674845807195,-0.02490362246358825,-0.08267710838197224
events_gatefix.csv,"A2(N2, gatefix, 資料不足當過閘)",驗證年份 2022-2026,買方回來,12m,軸二 200 日線位置,線下逾 10%,815,303,25,475,高,0.4,-0.019255342666986534,-0.0972396415073906,326,489,0.380767324455327,-0.28593712074852884,0.23166599716517405,-0.2534904900554808,1.331647053934623,0.9139040960253377,-0.019255342666986475,5.898059818321144e-15,3.2587107835514573,-0.029698768939403448,9,-1.3403911056957345,41,-3.5434519938004327,-0.045568240276271925,-0.09211998178395202
events_gatefix.csv,"A2(N2, gatefix, 資料不足當過閘)",驗證年份 2022-2026,買方回來,12m,軸二 200 日線位置,線之上,91,97,27,73,中,0.3956043956043956,0.055271255491401876,-0.0869545108774726,36,55,0.6148967894097142,-0.3110290939824024,0.2979723623033602,-0.3014521001418645,1.9769751489695178,0.9884567470690477,0.05527125549140191,3.469446951953614e-15,2.402013046725654,-0.017339779685255987,1,0.47756736356969787,5,2.026071059099346,0.029196346699910194,-0.06000945866329076
events_gatefix.csv,"A2(N2, gatefix, 資料不足當過閘)",驗證年份 2022-2026,買方回來,12m,軸二 250 日線位置(緩衝對照),線下 10% 內,220,92,13,172,高,0.34545454545454546,-0.019733514998216593,-0.1556216541851034,76,144,0.5128623331926733,-0.30082576821007506,0.29908566574211815,-0.3076302368018942,1.704848411903754,0.9722245409014246,-0.019733514998216545,4.85722573273506e-15,2.614167005250864,-0.051916832093681725,3,-1.5950204662997034,11,-4.587603760867899,-0.051916832093681725,-0.11606638170439805
events_gatefix.csv,"A2(N2, gatefix, 資料不足當過閘)",驗證年份 2022-2026,買方回來,12m,軸二 250 日線位置(緩衝對照),線下逾 10%,768,281,21,462,高,0.4075520833333333,-0.01703915598167636,-0.08988357851136855,313,455,0.36426732835283376,-0.2793444957546471,0.2220650397245063,-0.2452236773591342,1.3040075386800383,0.9055611681382966,-0.017039155981676407,4.85722573273506e-15,3.2587107835514573,-0.028115513593632735,8,-1.4263237953468975,39,-3.8346799846466544,-0.04177769392266317,-0.08678596622736645
events_gatefix.csv,"A2(N2, gatefix, 資料不足當過閘)",驗證年份 2022-2026,買方回來,12m,軸二 250 日線位置(緩衝對照),線之上,141,127,33,108,高,0.425531914893617,0.05775172057820806,-0.0561455373679482,60,81,0.5340780044398542,-0.29508256376375214,0.30518112049054036,-0.2559938618912577,1.8099273560177065,1.1921423358977905,0.05775172057820799,6.938893903907228e-15,2.402013046725654,0.011502954634110397,2,0.5535165831003315,8,1.762685255036139,0.026156195399414696,-0.04669579239889678
events_gatefix.csv,"B(總債務/四季經營現金流<=3, gatefix)",全期 2010-2026,觸發日即買,1m,總表(三格進場),全部,2857,22,0,1645,高,0.49492474623731186,0.0006501745307566719,-0.0015539014555955,1414,1443,0.09409659281674677,-0.09091824920894533,0.06793277015962296,-0.0684353860406796,1.0349582579455208,0.992655614147367,0.0006501745307566781,6.179952383167375e-16,0.914636785560262,-0.00017963775554327444,29,7.805703167199251,143,22.907060157192568,-0.004470270376298049,-0.014993894501876989
events_gatefix.csv,"B(總債務/四季經營現金流<=3, gatefix)",全期 2010-2026,觸發日即買,1m,軸一 行業殺 vs 個別殺,個別殺,2215,10,0,1419,高,0.491647855530474,0.00015364354914168006,-0.002150894615474,1089,1126,0.093901801981084,-0.09051398036949526,0.065791006831029,-0.0671985144705146,1.0374287109876177,0.9790544828174261,0.00015364354914166461,1.5449880957918438e-15,0.914636785560262,-0.0009176827881299751,23,34.43777210364752,111,98.849488231616,-0.005191404210214449,-0.015827083164320153
events_gatefix.csv,"B(總債務/四季經營現金流<=3, gatefix)",全期 2010-2026,觸發日即買,1m,軸一 行業殺 vs 個別殺,行業不明,12,0,0,12,低(樣本不足),0.3333333333333333,-0.0666912164194583,-0.09316960183729076,4,8,0.06350047616956503,-0.13178706271396995,0.03662044390951245,-0.12949238077549816,0.48184150144833393,0.28279998939089374,-0.0666912164194583,0.0,0.1640145722475534,-0.11528333967778642,1,-0.20494274590321632,1,-0.20494274590321632,-0.08766446993464116,-0.08766446993464116
events_gatefix.csv,"B(總債務/四季經營現金流<=3, gatefix)",全期 2010-2026,觸發日即買,1m,軸一 行業殺 vs 個別殺,行業殺,630,12,0,302,高,0.5095238095238095,0.0036786075715182424,0.0036271707502919,321,309,0.09513868529844609,-0.09133331783412525,0.0781158461634747,-0.0700983416838969,1.0416646143440442,1.114375094859335,0.003678607571518236,6.505213034913027e-16,0.5261583729519421,0.0012561715014963875,7,1.3417037011388369,32,3.8374757647855495,-0.001271117348317548,-0.010996512866846105
events_gatefix.csv,"B(總債務/四季經營現金流<=3, gatefix)",全期 2010-2026,觸發日即買,1m,軸二 200 日線位置,線下 10% 內,514,5,0,405,高,0.44163424124513617,-0.004979953639710039,-0.0145467476000949,227,287,0.09082881111788449,-0.08075901147934056,0.0725990886794938,-0.0607678185345327,1.1246894860906012,1.1946963118025655,-0.004979953639710044,5.204170427930421e-16,0.5261583729519421,-0.007736347400436643,6,-0.9289664907540297,26,-2.5781722491295844,-0.009719622322845954,-0.01876851189467016
events_gatefix.csv,"B(總債務/四季經營現金流<=3, gatefix)",全期 2010-2026,觸發日即買,1m,軸二 200 日線位置,線下逾 10%,2057,6,0,1291,高,0.5133689839572193,0.0014438197125313183,0.0029015065879072,1056,1001,0.09033239048706418,-0.09232873846719565,0.06449989637023265,-0.069089931350963,0.9783778267387377,0.9335643430094916,0.0014438197125313315,1.3227266504323154e-15,0.7225226504839646,0.0005088529977914179,21,3.114216780077639,103,9.849980869113487,-0.0030840328858097637,-0.013451323924391112
events_gatefix.csv,"B(總債務/四季經營現金流<=3, gatefix)",全期 2010-2026,觸發日即買,1m,軸二 200 日線位置,線之上,286,11,0,218,高,0.458041958041958,0.005060516281488999,-0.01327403144007055,131,155,0.13010257835710218,-0.10062019424693247,0.0951398839409085,-0.082659563962291,1.293006630834133,1.1509845852115912,0.005060516281488986,1.3010426069826053e-15,0.914636785560262,-0.0032612266154999105,3,1.6376855176836713,15,4.558883924824365,-0.0032612266154999105,-0.01900664189304024
events_gatefix.csv,"B(總債務/四季經營現金流<=3, gatefix)",全期 2010-2026,觸發日即買,1m,軸二 250 日線位置(緩衝對照),線下 10% 內,500,6,0,413,高,0.442,-0.007272534618293804,-0.0150979251175326,221,279,0.09192493819191251,-0.08584831057189808,0.070303645729854,-0.0658224895501774,1.0707833104639286,1.0680794088813754,-0.007272534618293802,1.734723475976807e-16,0.7225226504839646,-0.010204028134505388,5,-0.5741330165590475,25,-1.8484749029081111,-0.011563572582550419,-0.02180592877972665
events_gatefix.csv,"B(總債務/四季經營現金流<=3, gatefix)",全期 2010-2026,觸發日即買,1m,軸二 250 日線位置(緩衝對照),線下逾 10%,1930,4,0,1221,高,0.5145077720207254,0.0016260056194145934,0.0029067141188059,993,937,0.09018310822650635,-0.09222373065469654,0.0652353252219517,-0.0677263801104208,0.9778731307690136,0.963218839034248,0.0016260056194145889,4.553649124439119e-16,0.6269893497150107,0.0007197617797524604,20,2.8307719567118137,97,8.757262439243686,-0.0030080166464379757,-0.013280834682348114
events_gatefix.csv,"B(總債務/四季經營現金流<=3, gatefix)",全期 2010-2026,觸發日即買,1m,軸二 250 日線位置(緩衝對照),線之上,427,12,0,315,高,0.468384074941452,0.005516686412291693,-0.0085478790377511,200,227,0.11592672216773227,-0.09176087812994672,0.0864556705649921,-0.0732577778001777,1.2633567216255626,1.1801568811002396,0.005516686412291687,6.071532165918825e-16,0.914636785560262,-3.445681755608604e-05,5,1.5505863964992606,22,3.5647424555846396,-0.0030734007920326283,-0.014917460983718147
events_gatefix.csv,"B(總債務/四季經營現金流<=3, gatefix)",全期 2010-2026,觸發日即買,3m,總表(三格進場),全部,2735,144,0,1598,高,0.4928702010968921,0.011968542040601353,-0.003650133134765,1348,1387,0.17760935826652247,-0.14901474582712876,0.1291636489896427,-0.1221579667744772,1.1918911600370488,1.057349368200431,0.011968542040601354,1.734723475976807e-16,1.5379776085719985,0.010412377413798853,28,0.7804716990751427,137,2.4462155860729067,0.002654610700407002,-0.01822185016705643
events_gatefix.csv,"B(總債務/四季經營現金流<=3, gatefix)",全期 2010-2026,觸發日即買,3m,軸一 行業殺 vs 個別殺,個別殺,2147,78,0,1381,高,0.48253376804843967,0.005545691680838653,-0.0077960808374557,1036,1111,0.17525753171422956,-0.15270945348081116,0.12762974538273997,-0.1269984686184916,1.1476534537938852,1.0049707431208856,0.005545691680838655,1.734723475976807e-16,1.5379776085719985,0.0037964430368944775,22,1.6227458996638588,108,5.259797200387199,-0.0034893112249768125,-0.024874792305660844
events_gatefix.csv,"B(總債務/四季經營現金流<=3, gatefix)",全期 2010-2026,觸發日即買,3m,軸一 行業殺 vs 個別殺,行業不明,12,0,0,12,低(樣本不足),0.5,-0.04939830466354569,-0.028121187677991603,6,6,0.09896501174401105,-0.1977616210711024,0.0819458978162976,-0.18759134260246926,0.5004257712290373,0.4368319810469705,-0.049398304663545674,1.3877787807814457e-15,0.1954531591957764,-0.12150864529453637,1,-0.32972312263045195,1,-0.32972312263045195,-0.07165752865075678,-0.07165752865075678
events_gatefix.csv,"B(總債務/四季經營現金流<=3, gatefix)",全期 2010-2026,觸發日即買,3m,軸一 行業殺 vs 個別殺,行業殺,576,66,0,287,高,0.53125,0.0371877466983449,0.01064089796229245,306,270,0.1871137974407399,-0.13272844414303608,0.13911425271856845,-0.1086697583453223,1.4097490454954396,1.2801560879200817,0.037187746698344896,6.938893903907228e-16,1.5292572058180784,0.03058365456822456,6,0.29068644337874494,29,0.8138437994927354,0.02665543364042106,0.007289748203538023
events_gatefix.csv,"B(總債務/四季經營現金流<=3, gatefix)",全期 2010-2026,觸發日即買,3m,軸二 200 日線位置,線下 10% 內,485,34,0,386,高,0.46804123711340206,0.004635826568722515,-0.010543228292814,227,258,0.1711950739868938,-0.1419104880201336,0.120301753726508,-0.1153629177335548,1.2063595607014292,1.042811295778424,0.004635826568722523,7.806255641895632e-16,1.5379776085719985,-0.003067197785917234,5,2.285247629554285,25,6.567909133760724,-0.006020249536688679,-0.027214679632266436
events_gatefix.csv,"B(總債務/四季經營現金流<=3, gatefix)",全期 2010-2026,觸發日即買,3m,軸二 200 日線位置,線下逾 10%,2020,43,0,1265,高,0.502970297029703,0.014231788915996363,0.0012101906156908502,1016,1004,0.1753935501261997,-0.14885620848397035,0.1290867004306989,-0.12209818586873264,1.1782750072200519,1.0572368419091793,0.014231788915996371,8.673617379884035e-16,1.5292572058180784,0.012368917091991982,21,0.6392261807865064,101,2.007923429685661,0.005188395607682747,-0.015099529994498357
events_gatefix.csv,"B(總債務/四季經營現金流<=3, gatefix)",全期 2010-2026,觸發日即買,3m,軸二 200 日線位置,線之上,230,67,0,201,高,0.45652173913043476,0.007553795586528848,-0.02741495579432365,105,125,0.2129170116193189,-0.16495130588101478,0.1563502647898229,-0.1409634352943454,1.2907870627765958,1.1091547567874482,0.007553795586528855,6.938893903907228e-16,0.9042121479456776,-0.00360608994191136,3,1.471161013741803,12,4.50938884792118,-0.00360608994191136,-0.027968428338960245
events_gatefix.csv,"B(總債務/四季經營現金流<=3, gatefix)",全期 2010-2026,觸發日即買,3m,軸二 250 日線位置(緩衝對照),線下 10% 內,481,25,0,399,高,0.45114345114345117,-0.014750950010143465,-0.021559250642783,217,264,0.15032210287791983,-0.1504359972704076,0.1099534083778099,-0.12079049784436904,0.9992429046600925,0.910281937238788,-0.014750950010143454,1.0408340855860843e-15,0.731241176472126,-0.019311424221326465,5,-0.4872889994055806,25,-1.6745395689290583,-0.022169376580877125,-0.041614938049483664
events_gatefix.csv,"B(總債務/四季經營現金流<=3, gatefix)",全期 2010-2026,觸發日即買,3m,軸二 250 日線位置(緩衝對照),線下逾 10%,1895,39,0,1196,高,0.5071240105540897,0.017327989637743405,0.0035390756073661,961,934,0.17865220011320135,-0.14865976867801153,0.1312419227218848,-0.1208165873094299,1.2017521734488346,1.0862905967187604,0.017327989637743388,1.734723475976807e-15,1.5292572058180784,0.015296423008916387,19,0.5338160355974305,95,1.6937568248052919,0.008159844650283842,-0.012655874433438343
events_gatefix.csv,"B(總債務/四季經營現金流<=3, gatefix)",全期 2010-2026,觸發日即買,3m,軸二 250 日線位置(緩衝對照),線之上,359,80,0,292,高,0.4735376044568245,0.019478075410584824,-0.0092703898425799,170,189,0.206545613588101,-0.14878373141575246,0.14466873721725446,-0.1345903422797963,1.3882271376226085,1.074882006886545,0.019478075410584827,3.469446951953614e-16,1.5379776085719985,0.01006113561226937,4,0.6096949460976857,18,1.7935699393309306,0.0076880520197801505,-0.016273138500727653
events_gatefix.csv,"B(總債務/四季經營現金流<=3, gatefix)",全期 2010-2026,觸發日即買,6m,總表(三格進場),全部,2541,338,0,1511,高,0.44077134986225897,0.0036920878938018066,-0.0359082348384617,1120,1421,0.2668101633856995,-0.2036916169273984,0.18406032291240199,-0.1743396901157802,1.3098730689579552,1.0557568548513894,0.0036920878938017793,2.732189474663471e-15,3.397946482669285,0.00021499914098661085,26,4.358180282369661,128,12.099983224865186,-0.012526874147812226,-0.04315605092247937
events_gatefix.csv,"B(總債務/四季經營現金流<=3, gatefix)",全期 2010-2026,觸發日即買,6m,軸一 行業殺 vs 個別殺,個別殺,2001,224,0,1313,高,0.42628685657171417,-0.00927868157862793,-0.0436990698352893,853,1148,0.2576786620073327,-0.20763635934763877,0.1742237596053417,-0.17735208700947358,1.2410093435317353,0.982360921391555,-0.009278681578627934,3.469446951953614e-16,2.883677630648528,-0.013228012159267187,21,-1.6702206167932798,101,-4.605668032828001,-0.025038903950844727,-0.054778121385748085
events_gatefix.csv,"B(總債務/四季經營現金流<=3, gatefix)",全期 2010-2026,觸發日即買,6m,軸一 行業殺 vs 個別殺,行業不明,10,2,0,10,低(樣本不足),0.5,-0.05138841525290554,-0.031528719241760254,5,5,0.14718710868140764,-0.24996393918721868,0.0868504482770979,-0.2158598871142031,0.5888333699652853,0.4023463990377642,-0.05138841525290552,1.3877787807814457e-15,0.4293856598867376,-0.1617227662685933,1,-0.8355689852927695,1,-0.8355689852927695,-0.10480775693508809,-0.10480775693508809
events_gatefix.csv,"B(總債務/四季經營現金流<=3, gatefix)",全期 2010-2026,觸發日即買,6m,軸一 行業殺 vs 個別殺,行業殺,530,112,0,264,高,0.49433962264150944,0.05370211571606403,-0.0103833405927749,262,268,0.2988227051768001,-0.18593069935376008,0.21494884506840678,-0.16213340037431895,1.6071724906936784,1.3257530192554545,0.053702115716063994,3.469446951953614e-15,3.397946482669285,0.041161230065099925,6,0.3792831291494502,27,0.9745251059695875,0.033715494063787335,0.0014414901088471539
events_gatefix.csv,"B(總債務/四季經營現金流<=3, gatefix)",全期 2010-2026,觸發日即買,6m,軸二 200 日線位置,線下 10% 內,436,83,0,351,高,0.4036697247706422,-0.007813833286600944,-0.0459452755499295,176,260,0.291589735357001,-0.2104870182145777,0.19736299126956608,-0.18704667561873795,1.3853098297004922,1.055153696887167,-0.007813833286600957,1.3877787807814457e-15,3.397946482669285,-0.027214842079353648,5,-3.17409807423556,22,-6.775487671066205,-0.03299407893889429,-0.06398496345726405
events_gatefix.csv,"B(總債務/四季經營現金流<=3, gatefix)",全期 2010-2026,觸發日即買,6m,軸二 200 日線位置,線下逾 10%,1894,169,0,1200,高,0.4498416050686378,0.0038505302987829467,-0.03175613624301505,852,1042,0.2538672223797279,-0.2005777054526231,0.17998518239811567,-0.16954356684459376,1.2656801602493748,1.0615866219394385,0.0038505302987829476,8.673617379884035e-17,1.748384273304791,0.001185074153655731,19,3.4024599654673877,95,10.535521752219465,-0.009344485770183474,-0.03865572451837549
events_gatefix.csv,"B(總債務/四季經營現金流<=3, gatefix)",全期 2010-2026,觸發日即買,6m,軸二 200 日線位置,線之上,211,86,0,184,高,0.43601895734597157,0.02604512921902132,-0.0437608019300717,92,119,0.33926865327851224,-0.21611087257487083,0.2064257660778947,-0.1790775741452577,1.5698823906278656,1.1527170114022969,0.026045129219021343,2.42861286636753e-15,2.883677630648528,-0.001552681992575522,3,1.0587674544601557,11,2.4098027936708606,-0.001552681992575522,-0.038738013210892035
events_gatefix.csv,"B(總債務/四季經營現金流<=3, gatefix)",全期 2010-2026,觸發日即買,6m,軸二 250 日線位置(緩衝對照),線下 10% 內,440,66,0,369,高,0.39545454545454545,-0.029803291418206354,-0.05573803126021095,174,266,0.24760347551641385,-0.21126486076641657,0.16535102961409026,-0.1791958732948194,1.172005011236463,0.922739048471551,-0.02980329141820634,1.3877787807814457e-15,3.397946482669285,-0.04265758971165656,5,-0.5568265156406763,22,-1.333916297235719,-0.04693187104970377,-0.07321935531812342
events_gatefix.csv,"B(總債務/四季經營現金流<=3, gatefix)",全期 2010-2026,觸發日即買,6m,軸二 250 日線位置(緩衝對照),線下逾 10%,1777,157,0,1133,高,0.4524479459763647,0.007411239871561291,-0.028523282336233,804,973,0.25813576222637463,-0.19976503553776037,0.18121150529848123,-0.1697649936148669,1.2921969128956043,1.0674256302190437,0.007411239871561268,2.3418766925686896e-15,1.748384273304791,0.004576011324933749,18,1.8323907800020418,89,5.6374822664801,-0.006232176139560079,-0.0361816290927852
events_gatefix.csv,"B(總債務/四季經營現金流<=3, gatefix)",全期 2010-2026,觸發日即買,6m,軸二 250 日線位置(緩衝對照),線之上,324,115,0,267,高,0.4382716049382716,0.02878169848887893,-0.038050641194291,142,182,0.3394593339586073,-0.2136151379765135,0.2068355950809116,-0.1878754374156556,1.5891164698071636,1.1009187679138095,0.028781698488878946,1.734723475976807e-15,2.883677630648528,0.004555588333381346,4,1.0082733943037083,17,2.2935315189805143,-0.00024109886958303405,-0.0392916321482457
events_gatefix.csv,"B(總債務/四季經營現金流<=3, gatefix)",全期 2010-2026,觸發日即買,12m,總表(三格進場),全部,2337,542,0,1408,高,0.45614035087719296,0.02684784437781069,-0.0435374688733123,1066,1271,0.4012629472831468,-0.2871777258008583,0.2721490814033013,-0.2553775234429815,1.3972634756547944,1.0656735868302225,0.02684784437781068,1.0408340855860843e-15,11.705683397360184,0.01860583001895812,24,1.0337039485609532,117,2.6422142578448744,-0.000914267505865443,-0.04641357039768975
events_gatefix.csv,"B(總債務/四季經營現金流<=3, gatefix)",全期 2010-2026,觸發日即買,12m,軸一 行業殺 vs 個別殺,個別殺,1851,374,0,1225,高,0.4284170718530524,-0.002190178898594255,-0.0678391957203278,793,1058,0.38826927478684986,-0.294850242010652,0.2646292541005652,-0.26737379782484283,1.316835530264964,0.9897351806848493,-0.002190178898594214,4.119968255444917e-15,11.705683397360184,-0.012646875642853536,19,-12.855767656516157,93,-31.341196018814273,-0.030661340070103238,-0.07458014356947366
events_gatefix.csv,"B(總債務/四季經營現金流<=3, gatefix)",全期 2010-2026,觸發日即買,12m,軸一 行業殺 vs 個別殺,行業不明,9,3,0,9,低(樣本不足),0.6666666666666666,0.23529000210270473,0.1962973994795349,6,3,0.44697742507248,-0.18808484383684576,0.30936890287504965,-0.2001480624179993,2.3764670026268075,1.5457002138194476,0.23529000210270473,0.0,0.9439707076841906,0.0050400429575532535,1,0.44577174231716576,1,0.44577174231716576,0.146704913905019,0.146704913905019
events_gatefix.csv,"B(總債務/四季經營現金流<=3, gatefix)",全期 2010-2026,觸發日即買,12m,軸一 行業殺 vs 個別殺,行業殺,477,165,0,243,高,0.559748427672956,0.13559711411596898,0.0770265000213354,267,210,0.43882734961583403,-0.24993847101957375,0.3116619925135839,-0.218653965790367,1.7557415144044295,1.425366292292122,0.13559711411596895,2.7755575615628914e-15,3.532489196045592,0.11855970597400217,5,0.19445736809820682,24,0.5628328450826572,0.11038634576147802,0.06241919291589267
events_gatefix.csv,"B(總債務/四季經營現金流<=3, gatefix)",全期 2010-2026,觸發日即買,12m,軸二 200 日線位置,線下 10% 內,408,111,0,325,高,0.39950980392156865,-0.02979625713414218,-0.12083598362106071,163,245,0.37106426829590605,-0.2964912189508681,0.2424137639534114,-0.2710410093655307,1.2515185765329377,0.8943803910739128,-0.029796257134142162,1.734723475976807e-15,4.011141292429923,-0.05150870896394342,5,-0.9960104494793025,21,-2.1425880254653804,-0.06021152695486093,-0.09871845797510229
events_gatefix.csv,"B(總債務/四季經營現金流<=3, gatefix)",全期 2010-2026,觸發日即買,12m,軸二 200 日線位置,線下逾 10%,1741,322,0,1117,高,0.4813325674899483,0.03823739271247292,-0.0167806040961608,838,903,0.3785265204110455,-0.2775569472780075,0.2734546437545894,-0.2408755819257694,1.3637796644012825,1.135252654371832,0.038237392712472895,2.7755575615628914e-15,3.532489196045592,0.03307525461531933,18,0.5517723913055773,88,1.6529049033503256,0.017318105006386093,-0.026294451698454332
events_gatefix.csv,"B(總債務/四季經營現金流<=3, gatefix)",全期 2010-2026,觸發日即買,12m,軸二 200 日線位置,線之上,188,109,0,164,高,0.34574468085106386,0.04430310909179911,-0.14504592564636232,65,123,0.7701169533407021,-0.3392570525031497,0.3936551936881878,-0.3209774370754056,2.270010152061768,1.2264263721306627,0.04430310909179905,6.2450045135165055e-15,11.705683397360184,-0.04942565750464957,2,1.8377106761636406,10,3.489228381160408,-0.037512254005415,-0.11647609340837628
events_gatefix.csv,"B(總債務/四季經營現金流<=3, gatefix)",全期 2010-2026,觸發日即買,12m,軸二 250 日線位置(緩衝對照),線下 10% 內,413,93,0,345,高,0.36319612590799033,-0.06499862022221192,-0.1314585927249542,150,263,0.3463381414559855,-0.2996013360082561,0.24309503769869029,-0.2808425901979591,1.1559966523194725,0.8655917805320714,-0.06499862022221195,2.7755575615628914e-15,2.4576013817173674,-0.07977134089244574,5,-0.31275158296249983,21,-0.8045724552906587,-0.08637271611634055,-0.12357836538230749
events_gatefix.csv,"B(總債務/四季經營現金流<=3, gatefix)",全期 2010-2026,觸發日即買,12m,軸二 250 日線位置(緩衝對照),線下逾 10%,1630,304,0,1051,高,0.48957055214723927,0.04648707857242278,-0.01058940784309315,798,832,0.3815421796711557,-0.27487586695256383,0.27421087974732755,-0.2390762026092848,1.3880526650126024,1.1469601606290456,0.04648707857242282,4.163336342344337e-15,3.532489196045592,0.040987971654615075,17,0.4651495052511994,82,1.3813568618871248,0.025125683984770796,-0.018667255320650757
events_gatefix.csv,"B(總債務/四季經營現金流<=3, gatefix)",全期 2010-2026,觸發日即買,12m,軸二 250 日線位置(緩衝對照),線之上,294,145,0,240,高,0.4013605442176871,0.04698606935261222,-0.1107904968800762,118,176,0.6044484848123256,-0.326767141012423,0.30022594909535394,-0.3050362745216287,1.8497835582230275,0.9842303167588232,0.04698606935261215,6.938893903907228e-15,11.705683397360184,-0.01891237339184662,3,1.3984029787511534,15,2.79648266350815,-0.01891237339184662,-0.08894781272902394
events_gatefix.csv,"B(總債務/四季經營現金流<=3, gatefix)",全期 2010-2026,跌勢衰竭,1m,總表(三格進場),全部,2815,37,33,1627,高,0.49733570159857904,0.004795326990488664,-0.0012045476273785,1400,1415,0.0999415399956197,-0.08934226891564805,0.0705974981954659,-0.0698283845905594,1.1186366902096352,1.0110143405066037,0.004795326990488673,8.673617379884035e-16,0.8538246840434487,0.003967346027922706,29,1.1249017551092535,141,3.5093007113920636,-0.0006051792864964065,-0.012667413074600982
events_gatefix.csv,"B(總債務/四季經營現金流<=3, gatefix)",全期 2010-2026,跌勢衰竭,1m,軸一 行業殺 vs 個別殺,個別殺,2188,23,19,1403,高,0.48857404021937845,0.0011216447703942018,-0.00314966737172385,1069,1119,0.09767496744925953,-0.09111740969225729,0.0676298973455453,-0.0709533606414467,1.0719682196755806,0.9531598888924222,0.0011216447703942187,1.691355389077387e-15,0.8538246840434487,5.102531346250849e-05,22,4.759340855495802,110,14.82143954729775,-0.0042594733533717205,-0.016323391197281482
events_gatefix.csv,"B(總債務/四季經營現金流<=3, gatefix)",全期 2010-2026,跌勢衰竭,1m,軸一 行業殺 vs 個別殺,行業不明,12,0,0,12,低(樣本不足),0.5833333333333334,-0.01209870256886473,0.00446821282053585,7,5,0.05947693269058103,-0.11230459193208879,0.0378113171804215,-0.0823668960976706,0.529603746982555,0.4590596340498842,-0.012098702568864722,8.673617379884035e-16,0.1324351823314955,-0.053203084817407494,1,-0.9121858423639939,1,-0.9121858423639939,-0.025238146650715665,-0.025238146650715665
events_gatefix.csv,"B(總債務/四季經營現金流<=3, gatefix)",全期 2010-2026,跌勢衰竭,1m,軸一 行業殺 vs 個別殺,行業殺,615,14,14,298,高,0.526829268292683,0.0181949124413487,0.0066756343228815,324,291,0.10829406562276256,-0.08212167048228736,0.0805199761035384,-0.067651734310017,1.3187026638251382,1.1902130362919021,0.0181949124413487,0.0,0.6504215157449131,0.015422362986935702,7,0.3132026170767138,31,0.9698105769888392,0.012640089181004163,0.0005784516329296094
events_gatefix.csv,"B(總債務/四季經營現金流<=3, gatefix)",全期 2010-2026,跌勢衰竭,1m,軸二 200 日線位置,線下 10% 內,501,12,7,397,高,0.48502994011976047,0.0029619174984400433,-0.0051190284699245,243,258,0.0974458314339221,-0.08602874562683956,0.0730316276575955,-0.0676269071261333,1.1327124523773202,1.0799196763705556,0.0029619174984400407,2.6020852139652106e-16,0.6256721723559786,-0.0006708578572815252,6,2.082392310558424,26,5.410748740712816,-0.00324481680633291,-0.013779370972728796
events_gatefix.csv,"B(總債務/四季經營現金流<=3, gatefix)",全期 2010-2026,跌勢衰竭,1m,軸二 200 日線位置,線下逾 10%,2043,13,9,1280,高,0.49632892804698975,0.00453531321740056,-0.0012362244031649,1014,1029,0.09812190548829504,-0.08768704301455958,0.0661060951523008,-0.0684508446365846,1.1190011900846382,0.9657454996102325,0.004535313217400583,2.2551405187698492e-15,0.8538246840434487,0.003393615909530586,21,1.1732846659392293,103,3.6945379485398138,-0.0007940624044281624,-0.012869397839809496
events_gatefix.csv,"B(總債務/四季經營現金流<=3, gatefix)",全期 2010-2026,跌勢衰竭,1m,軸二 200 日線位置,線之上,271,12,17,212,高,0.5276752767527675,0.010144944311283332,0.0076312784421734,143,128,0.11708536216988351,-0.10932755376512157,0.0817278037032869,-0.09163168735061435,1.070959315722263,0.8919163890387418,0.010144944311283315,1.734723475976807e-15,0.6588003368114648,0.0043781229387086324,3,0.5732202661478814,14,1.8683701780593518,0.0043781229387086324,-0.009289465694769052
events_gatefix.csv,"B(總債務/四季經營現金流<=3, gatefix)",全期 2010-2026,跌勢衰竭,1m,軸二 250 日線位置(緩衝對照),線下 10% 內,494,5,8,409,高,0.5020242914979757,0.0005437297752918428,0.00040694457750359997,248,246,0.08984315495610923,-0.08948170699236145,0.06728333075364755,-0.068189973386717,1.0040393503420608,0.9867041650254396,0.0005437297752918374,5.421010862427522e-16,0.6034346044121959,-0.0023703777520055523,5,7.821576241002299,25,25.652418572850046,-0.0037470194143726667,-0.014118766484950964
events_gatefix.csv,"B(總債務/四季經營現金流<=3, gatefix)",全期 2010-2026,跌勢衰竭,1m,軸二 250 日線位置(緩衝對照),線下逾 10%,1918,11,7,1211,高,0.49739311783107404,0.005487234567729835,-0.00102851528479275,954,964,0.09924288023250524,-0.08729584215861427,0.06702741629242184,-0.06815070929724355,1.136856896943425,0.9835175155709327,0.005487234567729843,7.806255641895632e-16,0.8538246840434487,0.0042725051974928895,20,0.9991745471026984,96,3.099102144015533,4.577182372548032e-06,-0.012125155813565857
events_gatefix.csv,"B(總債務/四季經營現金流<=3, gatefix)",全期 2010-2026,跌勢衰竭,1m,軸二 250 日線位置(緩衝對照),線之上,403,21,18,304,高,0.4913151364764268,0.006713962948698747,-0.0073487319487604,198,205,0.11595629203506315,-0.09879814026642393,0.08188613993527345,-0.0824294112888046,1.1736687727356983,0.9934092535050661,0.0067139629486987484,1.734723475976807e-16,0.6588003368114648,0.0020808836407041477,5,1.0313369255470468,21,2.876771971010454,-0.00021303810977572912,-0.013293279379680004
events_gatefix.csv,"B(總債務/四季經營現金流<=3, gatefix)",全期 2010-2026,跌勢衰竭,3m,總表(三格進場),全部,2691,161,33,1580,高,0.4868078781122259,0.009694148722890447,-0.0064923170183032,1310,1381,0.17496359377761284,-0.14707846027181365,0.11897264118108744,-0.1208712516170208,1.1895935914359252,0.9842922910904482,0.009694148722890442,5.204170427930421e-16,3.1938156933140016,0.007256994867001535,27,1.0574263834182074,135,3.1286706551508696,-0.0005623421302049923,-0.0217255610000439
events_gatefix.csv,"B(總債務/四季經營現金流<=3, gatefix)",全期 2010-2026,跌勢衰竭,3m,軸一 行業殺 vs 個別殺,個別殺,2108,103,19,1364,高,0.4857685009487666,0.004788469070331612,-0.006563630478206951,1024,1084,0.17071104008401233,-0.1519501957986805,0.12041022470046235,-0.12902220922670635,1.1234670622615595,0.9332519216818572,0.004788469070331591,2.0816681711721685e-15,1.8661342617849628,0.0025795479436548445,22,1.9808795362485874,106,5.993400774786978,-0.004746447298546651,-0.02517674865613642
events_gatefix.csv,"B(總債務/四季經營現金流<=3, gatefix)",全期 2010-2026,跌勢衰竭,3m,軸一 行業殺 vs 個別殺,行業不明,12,0,0,12,低(樣本不足),0.5833333333333334,-0.0214690092021684,0.01366530159837045,7,5,0.0699004611369348,-0.14938626767691288,0.04380817534927,-0.1364238431668301,0.46791758187648774,0.32111817357100714,-0.02146900920216839,1.0408340855860843e-15,0.1961104657368853,-0.0704747319815724,1,-0.7612153247275374,1,-0.7612153247275374,-0.041248961469355104,-0.041248961469355104
events_gatefix.csv,"B(總債務/四季經營現金流<=3, gatefix)",全期 2010-2026,跌勢衰竭,3m,軸一 行業殺 vs 個別殺,行業殺,571,58,14,285,高,0.4886164623467601,0.028459701442145668,-0.0064923170183032,279,292,0.19320752535729618,-0.12895345907952216,0.1143811414919713,-0.10201646246393005,1.4982733052406936,1.121202781682545,0.028459701442145657,1.0408340855860843e-15,3.1938156933140016,0.01907254480683253,6,0.5018557523160792,29,1.2806670699186882,0.014327589164888504,-0.008415087231172168
events_gatefix.csv,"B(總債務/四季經營現金流<=3, gatefix)",全期 2010-2026,跌勢衰竭,3m,軸二 200 日線位置,線下 10% 內,472,41,7,378,高,0.4703389830508475,0.0037252655903736672,-0.01640091263824735,222,250,0.17072086317898952,-0.1445668250683172,0.1076736392272648,-0.1150307746176416,1.1809131389467318,0.9360420251464735,0.0037252655903736998,3.2526065174565133e-15,3.1938156933140016,-0.00635847321529444,5,3.409705609184347,24,8.262740544967933,-0.009072904667077792,-0.02850504659276541
events_gatefix.csv,"B(總債務/四季經營現金流<=3, gatefix)",全期 2010-2026,跌勢衰竭,3m,軸二 200 日線位置,線下逾 10%,1995,61,9,1253,高,0.49473684210526314,0.010925379880525127,-0.0020832897965903,987,1008,0.17113244113086473,-0.1459440342604324,0.1196809704672545,-0.1183848449897372,1.1725894929386729,1.0109484071008386,0.010925379880525124,3.469446951953614e-16,1.27780806138149,0.009197692298627887,20,0.8024194105256223,100,2.6301350836848494,0.0021805026729449064,-0.018749678557481823
events_gatefix.csv,"B(總債務/四季經營現金流<=3, gatefix)",全期 2010-2026,跌勢衰竭,3m,軸二 200 日線位置,線之上,224,59,17,197,高,0.45089285714285715,0.011305785683009812,-0.02587229115940275,101,123,0.2217282854136009,-0.161480169380321,0.1363408684438589,-0.137726441641195,1.3730991629776066,0.989939671853675,0.01130578568300987,5.7245874707234634e-15,1.8661342617849628,-0.008877756203970022,3,1.7747234848564162,12,3.8971777713715587,-0.008877756203970022,-0.034608920268822306
events_gatefix.csv,"B(總債務/四季經營現金流<=3, gatefix)",全期 2010-2026,跌勢衰竭,3m,軸二 250 日線位置(緩衝對照),線下 10% 內,466,33,8,390,高,0.43991416309012876,-0.00769200622862523,-0.02413418692117055,205,261,0.16697427030823953,-0.14488199354685236,0.1107332977769437,-0.1231930882096435,1.1524846271130504,0.8988596632020752,-0.007692006228625245,1.474514954580286e-15,3.1938156933140016,-0.017550843289190442,5,-1.5834876633516444,24,-3.885877816042934,-0.02008773685532325,-0.03962286517755591
events_gatefix.csv,"B(總債務/四季經營現金流<=3, gatefix)",全期 2010-2026,跌勢衰竭,3m,軸二 250 日線位置(緩衝對照),線下逾 10%,1874,55,7,1186,高,0.5016008537886874,0.014059712477087776,0.00044127982547475,940,934,0.1725010959602533,-0.1453994957393743,0.12043157355567366,-0.1142370479079827,1.1863940454749449,1.054225190173687,0.014059712477087788,1.214306433183765e-15,1.27780806138149,0.012225318748947958,19,0.6380519493734782,94,2.0757063216707294,0.005141008879217123,-0.01592281115971926
events_gatefix.csv,"B(總債務/四季經營現金流<=3, gatefix)",全期 2010-2026,跌勢衰竭,3m,軸二 250 日線位置(緩衝對照),線之上,351,73,18,287,高,0.4700854700854701,0.009468740552065693,-0.02042307644655,165,186,0.1989184983808827,-0.1585915284896268,0.1305798067596038,-0.13084483355817883,1.2542819927099298,0.9979744955045764,0.009468740552065702,8.673617379884035e-16,1.8661342617849628,-0.003364805115794579,4,1.6091713677869306,18,3.9298868410525367,-0.005834576533993724,-0.02924192420131552
events_gatefix.csv,"B(總債務/四季經營現金流<=3, gatefix)",全期 2010-2026,跌勢衰竭,6m,總表(三格進場),全部,2497,355,33,1497,高,0.4409291149379255,0.0020894504527627675,-0.0359623350614105,1101,1396,0.26736078589311557,-0.2071252632433894,0.1720491627539671,-0.18254802072655923,1.2908168791507795,0.9424871443097238,0.0020894504527627783,1.0842021724855044e-15,5.028545540148772,-0.0020032623174849,25,8.127514240948406,125,22.415451425504052,-0.015043200599103274,-0.047104583523952304
events_gatefix.csv,"B(總債務/四季經營現金流<=3, gatefix)",全期 2010-2026,跌勢衰竭,6m,軸一 行業殺 vs 個別殺,個別殺,1977,234,19,1301,高,0.41982802225594334,-0.013458450624940848,-0.0501256874804749,830,1147,0.26060158879966844,-0.2117756543934027,0.16789648282036246,-0.1886445254788391,1.2305549924806973,0.8900151350493126,-0.01345845062494086,1.214306433183765e-15,2.7093591860815387,-0.01731949141086745,20,-1.1917439627992825,99,-3.2997882772027,-0.029798933990729814,-0.0609190634843749
events_gatefix.csv,"B(總債務/四季經營現金流<=3, gatefix)",全期 2010-2026,跌勢衰竭,6m,軸一 行業殺 vs 個別殺,行業不明,10,2,0,10,低(樣本不足),0.5,-0.02776001071533125,0.0033115655135585453,5,5,0.2142516159365427,-0.2697716373672053,0.271674098029329,-0.3678888297752917,0.7941962247310294,0.7384679175914879,-0.027760010715331282,3.1225022567582528e-15,0.2946753406447964,-0.16113111597356194,1,-1.0615101833590201,1,-1.0615101833590201,-0.06358616086645655,-0.06358616086645655
events_gatefix.csv,"B(總債務/四季經營現金流<=3, gatefix)",全期 2010-2026,跌勢衰竭,6m,軸一 行業殺 vs 個別殺,行業殺,510,119,14,262,高,0.5215686274509804,0.06294571524158825,0.01302575837429015,266,244,0.28944980633425826,-0.183980875867634,0.1806201323996792,-0.15334106385694324,1.573260291153872,1.177897999769882,0.06294571524158826,1.3877787807814457e-15,5.028545540148772,0.04705563905508987,6,0.3671653223825607,26,0.8875633945792839,0.040308448452932376,0.00745759359348563
events_gatefix.csv,"B(總債務/四季經營現金流<=3, gatefix)",全期 2010-2026,跌勢衰竭,6m,軸二 200 日線位置,線下 10% 內,433,80,7,348,高,0.39260969976905313,0.0029417078183291362,-0.0705563701690058,170,263,0.32778171264699385,-0.20703091887700548,0.2008445530721974,-0.1997021235653331,1.5832500499199587,1.0057206677949548,0.0029417078183291423,6.071532165918825e-16,5.028545540148772,-0.0206058510237928,5,9.877020093388658,22,20.69626256514717,-0.026418664825880053,-0.0610420955426636
events_gatefix.csv,"B(總債務/四季經營現金流<=3, gatefix)",全期 2010-2026,跌勢衰竭,6m,軸二 200 日線位置,線下逾 10%,1858,198,9,1189,高,0.45748116254036597,0.0028442972658701275,-0.0281830458108746,850,1008,0.24803039993984694,-0.2039098567746857,0.1675012920848032,-0.1762211813041035,1.2163727828709776,0.9505173603152026,0.002844297265870127,4.336808689942018e-17,2.155237513861947,2.5773611989357576e-05,19,4.538182343195326,93,14.232188012867775,-0.010167616918969545,-0.039619377424633714
events_gatefix.csv,"B(總債務/四季經營現金流<=3, gatefix)",全期 2010-2026,跌勢衰竭,6m,軸二 200 日線位置,線之上,206,77,17,181,高,0.3932038834951456,-0.006510223421235849,-0.05272227486229985,81,125,0.3434011625859432,-0.23325280155388786,0.1587572640831183,-0.2197933794808932,1.4722273871879221,0.722302302544646,-0.006510223421235833,1.5612511283791264e-15,2.4755892741256345,-0.038486696002116495,3,-4.82563879671097,11,-11.500773735004477,-0.038486696002116495,-0.0859736562582482
events_gatefix.csv,"B(總債務/四季經營現金流<=3, gatefix)",全期 2010-2026,跌勢衰竭,6m,軸二 250 日線位置(緩衝對照),線下 10% 內,435,64,8,364,高,0.37471264367816093,-0.01954010795872536,-0.0710775033151799,163,272,0.2931613110202478,-0.20693103183215414,0.1992780325530401,-0.17573398958100764,1.4167102363749713,1.133975465009172,-0.019540107958725378,1.734723475976807e-15,5.028545540148772,-0.03697954885981496,5,-1.0999677799952405,22,-2.4497757199118824,-0.04151073198131172,-0.0709997836566669
events_gatefix.csv,"B(總債務/四季經營現金流<=3, gatefix)",全期 2010-2026,跌勢衰竭,6m,軸二 250 日線位置(緩衝對照),線下逾 10%,1745,184,7,1123,高,0.46303724928366763,0.00640197333152583,-0.0235818681605125,808,937,0.24912924349950977,-0.20290820201076984,0.16541584941551385,-0.1771625245493464,1.227792869044725,0.9336954857483946,0.006401973331525826,4.3368086899420177e-16,2.155237513861947,0.003406744657730246,18,2.0663404360490416,88,6.583677631883149,-0.006897835491707729,-0.0376449842987703
events_gatefix.csv,"B(總債務/四季經營現金流<=3, gatefix)",全期 2010-2026,跌勢衰竭,6m,軸二 250 日線位置(緩衝對照),線之上,317,107,18,262,高,0.41009463722397477,0.00803110813590408,-0.0505442279933365,130,187,0.34832694480319965,-0.22853819008200196,0.1891964001548122,-0.2221428306433142,1.5241520232492267,0.8516880765717677,0.008031108135904075,5.204170427930421e-16,2.7093591860815387,-0.01603649006516777,4,3.868824649000026,16,8.990310605373438,-0.023334279841418566,-0.06758213414636291
events_gatefix.csv,"B(總債務/四季經營現金流<=3, gatefix)",全期 2010-2026,跌勢衰竭,12m,總表(三格進場),全部,2326,526,33,1400,高,0.4595872742906277,0.03908437902182323,-0.039897342616886655,1069,1257,0.41705950184337937,-0.2823598582862464,0.2666091649401667,-0.2527622930352476,1.4770495507919517,1.0547821897745964,0.03908437902182327,3.469446951953614e-15,9.987976510363495,0.031069534152079137,24,0.8112895964684855,117,2.004373702273683,0.00745252515527001,-0.041334486211017374
events_gatefix.csv,"B(總債務/四季經營現金流<=3, gatefix)",全期 2010-2026,跌勢衰竭,12m,軸一 行業殺 vs 個別殺,個別殺,1840,371,19,1217,高,0.4358695652173913,0.011480984912814404,-0.061194581316924845,802,1038,0.40203182697254053,-0.2902740972951821,0.2541487111204862,-0.2615068356420851,1.3850075866869755,0.9718625920292588,0.011480984912814352,5.204170427930421e-15,9.987976510363495,0.001300639341370482,19,2.823243956020118,92,6.648348522856116,-0.021151043869666406,-0.06826168860339851
events_gatefix.csv,"B(總債務/四季經營現金流<=3, gatefix)",全期 2010-2026,跌勢衰竭,12m,軸一 行業殺 vs 個別殺,行業不明,9,3,0,9,低(樣本不足),0.6666666666666666,0.26373855448970124,0.2534098391218362,6,3,0.4712270082817252,-0.15123835309434663,0.3841289585871632,-0.1809718328573734,3.1157903973455787,2.122589756218588,0.26373855448970124,0.0,1.0620214652454885,0.04069823447325228,1,0.44742182369049266,1,0.44742182369049266,0.16395319064522784,0.16395319064522784
events_gatefix.csv,"B(總債務/四季經營現金流<=3, gatefix)",全期 2010-2026,跌勢衰竭,12m,軸一 行業殺 vs 個別殺,行業殺,477,152,14,243,高,0.5471698113207547,0.14132412237898326,0.0507423434809333,261,216,0.46199126509158883,-0.24614867506541513,0.2954095224688635,-0.1882590433583581,1.8768789430567219,1.569165109941308,0.14132412237898323,2.7755575615628914e-15,4.060473141568552,0.12164034625518345,5,0.20936290247445308,24,0.5776752249348389,0.11291973899086181,0.06284678035101111
events_gatefix.csv,"B(總債務/四季經營現金流<=3, gatefix)",全期 2010-2026,跌勢衰竭,12m,軸二 200 日線位置,線下 10% 內,406,107,7,323,高,0.39901477832512317,-0.0019636626388013236,-0.10995647876489935,162,244,0.42911776561493525,-0.2881734633646428,0.24167022565669105,-0.27387567435881177,1.4890953545987937,0.8824085097096739,-0.001963662638801267,5.681219383824043e-15,4.156567244916808,-0.029425492244204505,5,-19.867197389542387,21,-41.45670650261394,-0.041487060277996916,-0.08791813823441277
events_gatefix.csv,"B(總債務/四季經營現金流<=3, gatefix)",全期 2010-2026,跌勢衰竭,12m,軸二 200 日線位置,線下逾 10%,1734,322,9,1112,高,0.48500576701268744,0.048359800233854514,-0.0122267339888226,841,893,0.39214850613826346,-0.275409854486871,0.263942483374844,-0.2385188625475628,1.4238724568112993,1.1065895609082552,0.048359800233854555,4.163336342344337e-15,4.060473141568552,0.04251466712054826,18,0.5155453127464679,87,1.4488290635863226,0.02367388153322832,-0.022851828902946306
events_gatefix.csv,"B(總債務/四季經營現金流<=3, gatefix)",全期 2010-2026,跌勢衰竭,12m,軸二 200 日線位置,線之上,186,97,17,162,高,0.3548387096774194,0.04221300554091632,-0.12199340834569156,66,120,0.7048884208889925,-0.32225847290052556,0.33289776101022694,-0.2927389528141646,2.1873386742777026,1.1371830014762532,0.042213005540916365,4.85722573273506e-15,9.987976510363495,-0.051260731562036276,2,1.8568362101785063,10,3.6066944257595708,-0.03656277985844391,-0.11628847477431808
events_gatefix.csv,"B(總債務/四季經營現金流<=3, gatefix)",全期 2010-2026,跌勢衰竭,12m,軸二 250 日線位置(緩衝對照),線下 10% 內,410,89,8,342,高,0.36829268292682926,-0.03949583895706825,-0.12486566969388145,151,259,0.3864262470507806,-0.2878133485600999,0.2684912988217298,-0.2669427392800665,1.3426279530954028,1.0058010925707876,-0.03949583895706829,4.163336342344337e-15,3.3384090940801263,-0.059728601630320545,5,-0.7225179946121106,21,-1.640987544698995,-0.06887219817160335,-0.10993904290167708
events_gatefix.csv,"B(總債務/四季經營現金流<=3, gatefix)",全期 2010-2026,跌勢衰竭,12m,軸二 250 日線位置(緩衝對照),線下逾 10%,1624,305,7,1047,高,0.49261083743842365,0.05681779137017548,-0.00440003616440735,800,824,0.39656098652079613,-0.2730299709119805,0.2636983114251596,-0.2338551725071878,1.4524448916585777,1.1276137645279347,0.05681779137017548,0.0,4.060473141568552,0.050591664630061886,17,0.450784666092325,82,1.260895683199141,0.03153531329748009,-0.015611796881814813
events_gatefix.csv,"B(總債務/四季經營現金流<=3, gatefix)",全期 2010-2026,跌勢衰竭,12m,軸二 250 日線位置(緩衝對照),線之上,292,132,18,238,高,0.4041095890410959,0.05079269312326657,-0.10016543710190634,118,174,0.5952326690615909,-0.3184252215935281,0.28284209555062867,-0.30304709492566584,1.8693012635205428,0.9333271966194124,0.05079269312326659,2.0816681711721685e-15,9.987976510363495,-0.013509589541477827,3,1.2632424383602856,15,2.6512631636273722,-0.013509589541477827,-0.08841391377500646
events_gatefix.csv,"B(總債務/四季經營現金流<=3, gatefix)",全期 2010-2026,買方回來,1m,總表(三格進場),全部,2781,32,72,1617,高,0.48723480762315713,-0.0007925238994671026,-0.0033188474667409,1355,1426,0.09310184986020258,-0.09001193234571704,0.0624101909235021,-0.07109076329064574,1.0343278655836186,0.8778945116729975,-0.0007925238994670944,8.239936510889834e-16,0.9102662588263796,-0.0017300195300513467,28,-6.524364957905809,140,-20.035937861833762,-0.006023889509181684,-0.01755524256812643
events_gatefix.csv,"B(總債務/四季經營現金流<=3, gatefix)",全期 2010-2026,買方回來,1m,軸一 行業殺 vs 個別殺,個別殺,2161,19,50,1392,高,0.4803331790837575,-0.003736405689021796,-0.0052678963330942,1038,1123,0.09055103730075925,-0.09088722120406428,0.059231628373567755,-0.0718101184106948,0.996301087228201,0.8248368013378221,-0.003736405689021789,6.938893903907228e-16,0.8952976135932049,-0.004814755593879504,22,-1.363422830610431,109,-4.150454816833365,-0.008921531915755294,-0.020266418973975152
events_gatefix.csv,"B(總債務/四季經營現金流<=3, gatefix)",全期 2010-2026,買方回來,1m,軸一 行業殺 vs 個別殺,行業不明,12,0,0,12,低(樣本不足),0.5,-0.045525106775205104,0.0010948738907348,6,6,0.057081729868072716,-0.1481319434184829,0.05538079143335555,-0.12966483363366,0.38534382625908653,0.4271072570826877,-0.04552510677520509,1.3877787807814457e-15,0.1153101905757043,-0.09226457326391954,1,-0.21107435498007276,1,-0.21107435498007276,-0.06014649744346959,-0.06014649744346959
events_gatefix.csv,"B(總債務/四季經營現金流<=3, gatefix)",全期 2010-2026,買方回來,1m,軸一 行業殺 vs 個別殺,行業殺,608,13,22,299,高,0.5115131578947368,0.010553725346810114,0.0041009361253162,311,297,0.10231041628031502,-0.08552819680914955,0.0714679155207782,-0.0678329713238248,1.196218558291529,1.0535866869166133,0.010553725346810122,8.673617379884035e-16,0.9102662588263796,0.0070086877627938,7,0.5794300158062735,31,1.6454307082850599,0.004490277374698931,-0.007177664892179709
events_gatefix.csv,"B(總債務/四季經營現金流<=3, gatefix)",全期 2010-2026,買方回來,1m,軸二 200 日線位置,線下 10% 內,498,7,15,393,高,0.46987951807228917,-0.007821466980180056,-0.009754995754991901,234,264,0.08956564145259527,-0.09414185854559454,0.05885189764786875,-0.0696513292505157,0.9513901981148701,0.8449501004667905,-0.00782146698018004,1.5612511283791264e-15,0.6139280533791474,-0.010913532434349065,5,-0.5770741232575529,25,-1.8173426756341802,-0.012460134936748427,-0.023200433085082
events_gatefix.csv,"B(總債務/四季經營現金流<=3, gatefix)",全期 2010-2026,買方回來,1m,軸二 200 日線位置,線下逾 10%,2024,8,33,1272,高,0.48863636363636365,-0.00024064961484087562,-0.0027704991915972503,989,1035,0.08957039013934046,-0.0860600876021697,0.0620863740338073,-0.0685767381466014,1.0407889723909862,0.9053561850824812,-0.00024064961484086822,7.399679827213568e-16,0.9102662588263796,-0.0014350272330442416,21,-20.361748961005336,102,-63.03439672686383,-0.005194593130015893,-0.016227649473251046
events_gatefix.csv,"B(總債務/四季經營現金流<=3, gatefix)",全期 2010-2026,買方回來,1m,軸二 200 日線位置,線之上,259,17,24,210,高,0.5096525096525096,0.00840987031717987,0.0045390596691856,132,127,0.12582977737014772,-0.11363286772212527,0.06999612053035685,-0.0903545581151473,1.1073361069954553,0.7746827829222984,0.008409870317179872,1.734723475976807e-16,0.8952976135932049,3.61988041191752e-05,3,0.9957455333313905,13,2.630115702085841,3.61988041191752e-05,-0.014433524264406508
events_gatefix.csv,"B(總債務/四季經營現金流<=3, gatefix)",全期 2010-2026,買方回來,1m,軸二 250 日線位置(緩衝對照),線下 10% 內,488,2,17,404,高,0.47540983606557374,-0.010145287695426072,-0.010536026457762901,232,256,0.08346550493888635,-0.09498006852027172,0.05801226529744745,-0.07059382830050145,0.8787686326112958,0.8217753122907965,-0.010145287695426088,1.5612511283791264e-15,0.423458707595109,-0.012544544528773006,5,-0.36393202076469267,25,-1.2992606198364682,-0.013980727910680911,-0.02458619937754269
events_gatefix.csv,"B(總債務/四季經營現金流<=3, gatefix)",全期 2010-2026,買方回來,1m,軸二 250 日線位置(緩衝對照),線下逾 10%,1902,8,26,1203,高,0.48948475289169296,0.0007127938149998203,-0.0022976571824397498,931,971,0.090541450773247,-0.08541540353631649,0.0627966676987259,-0.0679379785414855,1.060013147801275,0.9243234645314016,0.0007127938149998209,5.421010862427522e-17,0.9102662588263796,-0.000556809574204769,20,7.142990507278941,96,21.670361029400425,-0.004425217898906151,-0.015516892498656723
events_gatefix.csv,"B(總債務/四季經營現金流<=3, gatefix)",全期 2010-2026,買方回來,1m,軸二 250 日線位置(緩衝對照),線之上,391,22,29,303,高,0.49104859335038364,0.0035579478128395163,-0.0042468788603718,192,199,0.11716103512947858,-0.10604905100522431,0.0722237259384407,-0.0857163399553682,1.1047815517340824,0.8425899423149309,0.0035579478128395167,4.336808689942018e-17,0.8952976135932049,-0.0021448783378909984,4,2.0003611251777618,20,5.81038270099034,-0.0035960206120257783,-0.018037737003974822
events_gatefix.csv,"B(總債務/四季經營現金流<=3, gatefix)",全期 2010-2026,買方回來,3m,總表(三格進場),全部,2615,198,72,1560,高,0.464244741873805,0.0006027810205692246,-0.0151420417542137,1214,1401,0.1704174214954832,-0.1465456654723255,0.12357558487398496,-0.1235992501527911,1.1628963637117318,0.9998085321814097,0.0006027810205692374,1.2793585635328952e-15,3.396805041048303,-0.0018454542314444364,27,16.859854708712014,131,47.024463008949034,-0.009659756858710693,-0.029205752548041794
events_gatefix.csv,"B(總債務/四季經營現金流<=3, gatefix)",全期 2010-2026,買方回來,3m,軸一 行業殺 vs 個別殺,個別殺,2049,131,50,1348,高,0.46071254270375794,-0.004961033777466755,-0.0169951174724946,944,1105,0.16367935676017642,-0.14903029049016828,0.1209763435164358,-0.1275251579697821,1.098295898248783,0.948646882249712,-0.004961033777466761,6.071532165918825e-16,1.4945570917341993,-0.00689756267940641,21,-1.7298816602501033,103,-5.351130964395676,-0.013683273654388544,-0.03317587413448021
events_gatefix.csv,"B(總債務/四季經營現金流<=3, gatefix)",全期 2010-2026,買方回來,3m,軸一 行業殺 vs 個別殺,行業不明,11,1,0,11,低(樣本不足),0.5454545454545454,-0.04817542281506418,0.0218770680925366,6,5,0.05874207803878475,-0.1764764238396829,0.060780408654179954,-0.1436211808871228,0.33286076837180256,0.4231994771157711,-0.04817542281506419,1.3877787807814457e-15,0.1025690574069024,-0.09839977146397653,1,-0.19355221437409262,1,-0.19355221437409262,-0.06324987083726083,-0.06324987083726083
events_gatefix.csv,"B(總債務/四季經營現金流<=3, gatefix)",全期 2010-2026,買方回來,3m,軸一 行業殺 vs 個別殺,行業殺,555,66,22,280,高,0.4756756756756757,0.022110558972583075,-0.009619184169031,264,291,0.19704918350635342,-0.13659664679001265,0.1388022788231486,-0.1091448269753175,1.4425623771663536,1.2717256755974151,0.0221105589725831,2.42861286636753e-15,3.396805041048303,0.01125577005273473,6,0.7181650974401949,28,1.593142688761771,0.006299631356352138,-0.013811513475252595
events_gatefix.csv,"B(總債務/四季經營現金流<=3, gatefix)",全期 2010-2026,買方回來,3m,軸二 200 日線位置,線下 10% 內,457,48,15,369,高,0.43982494529540483,-0.0043198136773888365,-0.0318776679787258,201,256,0.18233254936412568,-0.15087108309670294,0.1219717478210493,-0.12550879118271646,1.208532116437827,0.97181836165948,-0.0043198136773888035,3.2959746043559335e-15,3.396805041048303,-0.015679001531173197,5,-3.357996989600166,23,-7.601780623268331,-0.01903398428268638,-0.03912729709893044
events_gatefix.csv,"B(總債務/四季經營現金流<=3, gatefix)",全期 2010-2026,買方回來,3m,軸二 200 日線位置,線下逾 10%,1939,93,33,1231,高,0.47705002578648786,0.0024460606370935675,-0.0095568855132186,925,1014,0.16261107387459967,-0.14366107668508898,0.1179100926852725,-0.12161915034658645,1.1319076650876692,0.9695026839873162,0.0024460606370935722,4.77048955893622e-16,1.5052366885388555,0.0004937342225533963,20,3.552771829822398,97,10.680429535543498,-0.006309312694542359,-0.024925853039219188
events_gatefix.csv,"B(總債務/四季經營現金流<=3, gatefix)",全期 2010-2026,買方回來,3m,軸二 200 日線位置,線之上,219,57,24,193,高,0.4018264840182648,-0.005445134045521478,-0.0594080692966024,88,131,0.22525754476502982,-0.16042097935337268,0.15814789752488195,-0.132616538634555,1.404165126487828,1.1925201724702112,-0.005445134045521452,2.6020852139652106e-15,1.4945570917341993,-0.022464702560849734,3,-3.0691315813528837,11,-6.8904279633902865,-0.022464702560849734,-0.04523659571271569
events_gatefix.csv,"B(總債務/四季經營現金流<=3, gatefix)",全期 2010-2026,買方回來,3m,軸二 250 日線位置(緩衝對照),線下 10% 內,455,35,17,383,高,0.42857142857142855,-0.011940224916387236,-0.0331367447503988,195,260,0.1744812741064677,-0.15175634918352843,0.1219717478210493,-0.12429919437144335,1.1497461229477561,0.9812754494334136,-0.01194022491638723,6.938893903907228e-16,3.396805041048303,-0.023062351175039165,5,-1.132238764700398,23,-2.599675547427868,-0.025742292764028684,-0.045269272514699505
events_gatefix.csv,"B(總債務/四季經營現金流<=3, gatefix)",全期 2010-2026,買方回來,3m,軸二 250 日線位置(緩衝對照),線下逾 10%,1820,90,26,1162,高,0.4818681318681319,0.004591202783869524,-0.00578258806628365,877,943,0.16313692197800073,-0.1428579973574381,0.1185609617138585,-0.121585944026669,1.1419516232600104,0.9751206248631258,0.004591202783869527,3.469446951953614e-16,1.5052366885388555,0.0025145552813326823,19,1.963921488342678,91,5.76206533411711,-0.004472247316875762,-0.023014323809438988
events_gatefix.csv,"B(總債務/四季經營現金流<=3, gatefix)",全期 2010-2026,買方回來,3m,軸二 250 日線位置(緩衝對照),線之上,340,73,29,282,高,0.4176470588235294,-0.003961512826170051,-0.05099702672315335,142,198,0.2098015540144276,-0.15726633854013403,0.15124679002858848,-0.1303268777992595,1.3340525122029638,1.1605187861674366,-0.0039615128261700355,1.5612511283791264e-15,1.4945570917341993,-0.014878980916436803,4,-3.3451351509175336,17,-8.524755989322784,-0.01741822897265696,-0.03971836107141286
events_gatefix.csv,"B(總債務/四季經營現金流<=3, gatefix)",全期 2010-2026,買方回來,6m,總表(三格進場),全部,2463,350,72,1486,高,0.439301664636622,-0.005572284159937631,-0.0404284010001306,1082,1381,0.25740951804374484,-0.21161595540134567,0.17712813006297373,-0.1895992113055846,1.2163993851765489,0.9342239814357101,-0.005572284159937657,2.6020852139652106e-15,3.32550096723088,-0.008754561085887659,25,-2.718433420360114,124,-7.699652085274829,-0.02093263860424954,-0.051046894929212785
events_gatefix.csv,"B(總債務/四季經營現金流<=3, gatefix)",全期 2010-2026,買方回來,6m,軸一 行業殺 vs 個別殺,個別殺,1954,226,50,1289,高,0.4278403275332651,-0.018241800459624563,-0.0527509474868579,836,1118,0.24788664950261466,-0.21724303853514515,0.17093908126336094,-0.1955565328330193,1.1410568144051807,0.8741159335716052,-0.01824180045962455,1.3877787807814457e-15,2.3951213801980296,-0.021590409897397904,20,-0.7640757137200531,98,-2.208500588654188,-0.03251269810811573,-0.061619250517266
events_gatefix.csv,"B(總債務/四季經營現金流<=3, gatefix)",全期 2010-2026,買方回來,6m,軸一 行業殺 vs 個別殺,行業不明,10,2,0,10,低(樣本不足),0.5,-0.039985787839814206,0.0079052204852025,5,5,0.17159278968509417,-0.2515643653647226,0.1788668389513408,-0.3201334498205131,0.6821029259701222,0.558725865890068,-0.03998578783981421,6.938893903907228e-16,0.2629220353406338,-0.15452104807484876,1,-0.6575387144900519,1,-0.6575387144900519,-0.07364221263764177,-0.07364221263764177
events_gatefix.csv,"B(總債務/四季經營現金流<=3, gatefix)",全期 2010-2026,買方回來,6m,軸一 行業殺 vs 個別殺,行業殺,499,122,22,260,高,0.48296593186372744,0.0447290582977518,-0.0056363873326326,241,258,0.29222363315651717,-0.18645773449667627,0.1968662425557661,-0.16165291488048367,1.5672379263072418,1.2178329274255093,0.04472905829775181,1.3877787807814457e-15,3.32550096723088,0.03169947980029585,5,0.4190004635950259,25,1.1577456541010664,0.026250594140238066,-0.0074279566765681005
events_gatefix.csv,"B(總債務/四季經營現金流<=3, gatefix)",全期 2010-2026,買方回來,6m,軸二 200 日線位置,線下 10% 內,430,75,15,346,高,0.3953488372093023,-0.019297622198813025,-0.06467524162223455,170,260,0.279345304423496,-0.2145641511441689,0.18640746397897484,-0.1938507991628478,1.301919742575262,0.9616027624543345,-0.019297622198813008,1.734723475976807e-15,3.32550096723088,-0.03749608451173078,5,-1.2046998980916295,22,-2.6048759566365445,-0.043046000585664816,-0.07331661701579752
events_gatefix.csv,"B(總債務/四季經營現金流<=3, gatefix)",全期 2010-2026,買方回來,6m,軸二 200 日線位置,線下逾 10%,1830,202,33,1178,高,0.45846994535519126,5.436816811165346e-05,-0.02974426167599495,839,991,0.24704903750732743,-0.20905615410797518,0.175440679000753,-0.1877815180122314,1.1817353024667685,0.9342808645807488,5.436816811163481e-05,1.865505363032871e-15,1.7251471777104237,-0.002570977582715069,19,233.52759631841013,92,721.6440418296513,-0.01277473329014111,-0.04125407159907152
events_gatefix.csv,"B(總債務/四季經營現金流<=3, gatefix)",全期 2010-2026,買方回來,6m,軸二 200 日線位置,線之上,203,73,24,179,高,0.35960591133004927,-0.027221931468379867,-0.0879543920712921,73,130,0.32540074387246465,-0.2252331260828541,0.1767313256104059,-0.1969727454071337,1.444728621991256,0.8972374591475094,-0.027221931468379867,0.0,2.0910620379283267,-0.054866381063796085,3,-0.9857352116580612,11,-2.303696883726744,-0.054866381063796085,-0.09508542220158979
events_gatefix.csv,"B(總債務/四季經營現金流<=3, gatefix)",全期 2010-2026,買方回來,6m,軸二 250 日線位置(緩衝對照),線下 10% 內,431,59,17,362,高,0.3805104408352668,-0.03994183830688273,-0.0724367362757166,164,267,0.24234009411521445,-0.2133284934275716,0.16709065759881975,-0.1896071705264982,1.1359949635489868,0.8812465115894353,-0.03994183830688271,2.0816681711721685e-15,3.32550096723088,-0.053174561788174056,5,-0.42262212812706,22,-0.9771640524107836,-0.05748906957463511,-0.08321942623115831
events_gatefix.csv,"B(總債務/四季經營現金流<=3, gatefix)",全期 2010-2026,買方回來,6m,軸二 250 日線位置(緩衝對照),線下逾 10%,1719,191,26,1112,高,0.4630599185573008,0.004805925805760313,-0.0257648401745786,796,923,0.25148364714038685,-0.20793022390427515,0.17712813006297373,-0.1877815180122314,1.2094617243146066,0.943267111364156,0.004805925805760308,4.3368086899420177e-16,1.7251471777104237,0.0020190656578305435,18,2.743411959841315,86,8.424505818717265,-0.00846737211017806,-0.03756075434396765
events_gatefix.csv,"B(總債務/四季經營現金流<=3, gatefix)",全期 2010-2026,買方回來,6m,軸二 250 日線位置(緩衝對照),線之上,313,100,29,259,高,0.38977635782747605,-0.01524277966697097,-0.0788766549806169,122,191,0.3163306554482691,-0.2270331413636165,0.1880714408562347,-0.2010058399280064,1.393323695158821,0.9356516254631986,-0.01524277966697099,2.0816681711721685e-15,2.3951213801980296,-0.036288392411221955,4,-1.7200505198779896,16,-3.9646572873935946,-0.04199784442429417,-0.07975195437416706
events_gatefix.csv,"B(總債務/四季經營現金流<=3, gatefix)",全期 2010-2026,買方回來,12m,總表(三格進場),全部,2286,527,72,1383,高,0.44006999125109364,0.025591278455784412,-0.0547396551978765,1006,1280,0.41017268614513525,-0.2766656716500648,0.2603803435030537,-0.24232719470069242,1.4825572095692965,1.0744990624129473,0.025591278455784433,2.0816681711721685e-15,7.021457922676005,0.0181329505058483,23,1.1233634040041673,115,2.9831473901035155,-0.0031891136686087364,-0.05343962201869955
events_gatefix.csv,"B(總債務/四季經營現金流<=3, gatefix)",全期 2010-2026,買方回來,12m,軸一 行業殺 vs 個別殺,個別殺,1803,377,50,1201,高,0.415973377703827,0.0009871972510361268,-0.075089864805664,750,1053,0.40094887472853846,-0.28388579240530454,0.2408556245724148,-0.2511258269636203,1.4123597779634658,0.9591033605926431,0.0009871972510361593,3.2526065174565133e-15,7.021457922676005,-0.007566584376009694,19,29.092510364279175,91,75.26832724177916,-0.02802821006636519,-0.07721462135007066
events_gatefix.csv,"B(總債務/四季經營現金流<=3, gatefix)",全期 2010-2026,買方回來,12m,軸一 行業殺 vs 個別殺,行業不明,9,3,0,9,低(樣本不足),0.5555555555555556,0.17187207553458766,0.0717422819862159,5,4,0.41015503652157453,-0.12598162569914587,0.3706539719481132,-0.1015256228566255,3.255673470201578,3.650841644887526,0.17187207553458772,5.551115123125783e-15,0.7937163040858524,-0.016596154521513456,1,0.5131182606579743,1,0.5131182606579743,0.09414154696567958,0.09414154696567958
events_gatefix.csv,"B(總債務/四季經營現金流<=3, gatefix)",全期 2010-2026,買方回來,12m,軸一 行業殺 vs 個別殺,行業殺,474,147,22,242,高,0.5295358649789029,0.11640273676475472,0.0347384657150414,251,223,0.4377342272230853,-0.24527530854933033,0.3090443823597126,-0.1888479938195927,1.7846648723511735,1.6364716198941676,0.11640273676475472,0.0,5.764461747877843,0.09257827674848948,5,0.28493166880794984,24,0.7125835780128397,0.08412328717151761,0.03524038120966252
events_gatefix.csv,"B(總債務/四季經營現金流<=3, gatefix)",全期 2010-2026,買方回來,12m,軸二 200 日線位置,線下 10% 內,398,107,15,319,高,0.3869346733668342,-0.005727226610965222,-0.09878404614013685,154,244,0.42327761919722817,-0.2764925801128578,0.258885272938149,-0.2523822812462454,1.5308823803678786,1.0257664351863067,-0.0057272266109652525,3.0357660829594124e-15,4.060093723241976,-0.03188283885374227,4,-5.355625577982222,20,-13.674901232209224,-0.03676965218259213,-0.08849338881073333
events_gatefix.csv,"B(總債務/四季經營現金流<=3, gatefix)",全期 2010-2026,買方回來,12m,軸二 200 日線位置,線下逾 10%,1704,328,33,1097,高,0.4665492957746479,0.034878617041661605,-0.02887666616716315,795,909,0.3850852493307471,-0.2714077115280006,0.2570972868773111,-0.2358043846091233,1.4188441705018342,1.0902990090853635,0.03487861704166165,4.163336342344337e-15,5.764461747877843,0.02795126892664708,18,0.7128793665671259,86,1.9981106447346586,0.010121285607071628,-0.03666308595717676
events_gatefix.csv,"B(總債務/四季經營現金流<=3, gatefix)",全期 2010-2026,買方回來,12m,軸二 200 日線位置,線之上,184,92,24,160,高,0.30978260869565216,0.007325735337477978,-0.14291377257659335,57,127,0.7246700997840179,-0.314631971540103,0.3910846753903276,-0.2788365190405933,2.30323096612466,1.4025590218094535,0.007325735337477907,7.112366251504909e-15,7.021457922676005,-0.06767273230652664,2,8.412625427615959,10,18.21336468191432,-0.05489966755548146,-0.13334771219887295
events_gatefix.csv,"B(總債務/四季經營現金流<=3, gatefix)",全期 2010-2026,買方回來,12m,軸二 250 日線位置(緩衝對照),線下 10% 內,401,89,17,336,高,0.3566084788029925,-0.048642073368707336,-0.1345771967464267,143,258,0.3774331864940812,-0.28480006623839244,0.2647207705405918,-0.2638528758308548,1.325256666823069,1.0032893130575289,-0.04864207336870732,1.3877787807814457e-15,2.614167005250864,-0.06503248177913759,5,-0.5044437395127105,21,-1.299285310812597,-0.07410324334682915,-0.11802274715378709
events_gatefix.csv,"B(總債務/四季經營現金流<=3, gatefix)",全期 2010-2026,買方回來,12m,軸二 250 日線位置(緩衝對照),線下逾 10%,1598,312,26,1032,高,0.47496871088861076,0.04195908018942024,-0.02039130832273725,759,839,0.385370502854283,-0.2687075107553126,0.2503212180799445,-0.2345607919911707,1.4341634953598479,1.0671912213246921,0.04195908018942021,2.7755575615628914e-15,5.764461747877843,0.034584674073936554,16,0.5835483537557512,80,1.6682600916577441,0.017650655483948216,-0.029517290434561305
events_gatefix.csv,"B(總債務/四季經營現金流<=3, gatefix)",全期 2010-2026,買方回來,12m,軸二 250 日線位置(緩衝對照),線之上,287,126,29,235,高,0.3623693379790941,0.038176041212826736,-0.1105284313321743,104,183,0.6361977396822278,-0.301683284693281,0.335796698527582,-0.2573996223327432,2.1088266137417757,1.3045733924717808,0.03817604121282678,4.163336342344337e-15,7.021457922676005,-0.015645227789979798,3,1.4055341604758216,15,3.309477145064812,-0.015645227789979798,-0.09302882856732253
events_gatefix.csv,"B(總債務/四季經營現金流<=3, gatefix)",建表年份 2010-2021,觸發日即買,1m,總表(三格進場),全部,1168,0,0,767,高,0.4854452054794521,-0.007041541328222064,-0.0050109228507282996,567,601,0.09063554447096986,-0.09919280197404871,0.0629268057337426,-0.0684353860406796,0.9137310638193521,0.9195068425030499,-0.007041541328222066,1.734723475976807e-16,0.7289663457738649,-0.008729500442318076,12,-0.7182958684035906,59,-2.0837903522450616,-0.012225051212703505,-0.022869879409084127
events_gatefix.csv,"B(總債務/四季經營現金流<=3, gatefix)",建表年份 2010-2021,觸發日即買,1m,軸一 行業殺 vs 個別殺,個別殺,906,0,0,659,高,0.488962472406181,-0.005223256354795183,-0.0037093993882713,443,463,0.09005247608397447,-0.09638340639880157,0.0618313493155284,-0.0661274448538715,0.9343151424983688,0.9350330933270352,-0.005223256354795182,8.673617379884035e-17,0.7289663457738649,-0.007394925804409329,10,-1.0397049530514249,46,-2.872352651154889,-0.01077280701259749,-0.02130816195046091
events_gatefix.csv,"B(總債務/四季經營現金流<=3, gatefix)",建表年份 2010-2021,觸發日即買,1m,軸一 行業殺 vs 個別殺,行業不明,7,0,0,7,低(樣本不足),0.14285714285714285,-0.09855003139591986,-0.1089928823768175,1,6,0.0199255203513606,-0.11829595668713327,0.0199255203513606,-0.1126842514943711,0.16843788164340398,0.17682613219786028,-0.09855003139591986,0.0,0.0199255203513606,-0.14700010664549354,1,-0.028883835621538713,1,-0.028883835621538713,-0.11829595668713327,-0.11829595668713327
events_gatefix.csv,"B(總債務/四季經營現金流<=3, gatefix)",建表年份 2010-2021,觸發日即買,1m,軸一 行業殺 vs 個別殺,行業殺,255,0,0,137,高,0.4823529411764706,-0.010989803114303904,-0.0081343905579781,123,132,0.09331041698770615,-0.10817864457299507,0.0702529316421456,-0.0779007704480182,0.8625585701875162,0.9018258900150947,-0.010989803114303892,1.214306433183765e-15,0.5261583729519421,-0.01634804765270233,3,-0.4700643416705016,13,-1.2651396066910967,-0.01634804765270233,-0.026230689121927556
events_gatefix.csv,"B(總債務/四季經營現金流<=3, gatefix)",建表年份 2010-2021,觸發日即買,1m,軸二 200 日線位置,線下 10% 內,185,0,0,153,高,0.42702702702702705,-0.010128063946876941,-0.0224201475968953,79,106,0.07744885060983059,-0.0753976512108382,0.0545287732843302,-0.05759410967490075,1.0272050835278212,0.9467769115995831,-0.01012806394687693,1.0408340855860843e-15,0.5261583729519421,-0.016515272572978922,2,-0.4850674387843147,10,-1.268159259435201,-0.015205238947021717,-0.024284751279618523
events_gatefix.csv,"B(總債務/四季經營現金流<=3, gatefix)",建表年份 2010-2021,觸發日即買,1m,軸二 200 日線位置,線下逾 10%,874,0,0,594,高,0.5091533180778032,-0.0052882012049303845,0.0021293805793025002,445,429,0.09014933110715086,-0.10428517528156475,0.0627766815423505,-0.0693764810781837,0.8644501086923637,0.9048697853614748,-0.0052882012049303775,6.938893903907228e-16,0.6269893497150107,-0.007263528581685961,9,-0.8676644428150251,44,-2.7143672441891917,-0.009979347516682831,-0.02068360102157176
events_gatefix.csv,"B(總債務/四季經營現金流<=3, gatefix)",建表年份 2010-2021,觸發日即買,1m,軸二 200 日線位置,線之上,109,0,0,91,高,0.3944954128440367,-0.01586184025763284,-0.0194417730324029,43,66,0.11989400405072459,-0.10430882973125967,0.086732027818372,-0.09021500493674554,1.1494137587356548,0.9613924854206277,-0.01586184025763284,0.0,0.7289663457738649,-0.031287028859910714,2,-0.7625238271979724,6,-1.3160269472446025,-0.02847942974116041,-0.03887643681730869
events_gatefix.csv,"B(總債務/四季經營現金流<=3, gatefix)",建表年份 2010-2021,觸發日即買,1m,軸二 250 日線位置(緩衝對照),線下 10% 內,191,0,0,171,高,0.44502617801047123,-0.013880539086550353,-0.0199997213115362,85,106,0.07431452020647437,-0.08460299229322113,0.0552270162022321,-0.058169256651800796,0.8783911560587778,0.9494193218390112,-0.013880539086550354,1.734723475976807e-16,0.3827085241807986,-0.019133725992874488,2,-0.2562555183709239,10,-0.8650889766654,-0.01762202767544686,-0.027318741017321395
events_gatefix.csv,"B(總債務/四季經營現金流<=3, gatefix)",建表年份 2010-2021,觸發日即買,1m,軸二 250 日線位置(緩衝對照),線下逾 10%,819,0,0,550,高,0.5103785103785103,-0.004493275676572933,0.002075387334784,418,401,0.09184894051123083,-0.10491982521897185,0.06357093291086349,-0.0697130208173343,0.8754202584643888,0.9118946814460296,-0.0044932756765729345,1.734723475976807e-16,0.6269893497150107,-0.006627918618620769,9,-1.1430924636576492,41,-3.284852078675895,-0.0097364997422619,-0.020267641014261716
events_gatefix.csv,"B(總債務/四季經營現金流<=3, gatefix)",建表年份 2010-2021,觸發日即買,1m,軸二 250 日線位置(緩衝對照),線之上,158,0,0,123,高,0.4050632911392405,-0.011983193207082406,-0.01974664810944625,64,94,0.1043869119342985,-0.09121390309057578,0.0725059494326263,-0.07583355332674875,1.144418870340872,0.9561196363859596,-0.01198319320708241,3.469446951953614e-16,0.7289663457738649,-0.022456961276048876,2,-0.6963119366905557,8,-1.3897950011877753,-0.020587839236802595,-0.030164701903195663
events_gatefix.csv,"B(總債務/四季經營現金流<=3, gatefix)",建表年份 2010-2021,觸發日即買,3m,總表(三格進場),全部,1168,0,0,767,高,0.5128424657534246,0.019841200735706332,0.004067160297163299,599,569,0.179087879238418,-0.14780161195871247,0.1243885180471868,-0.1206801415594228,1.2116774429256236,1.030728970316446,0.019841200735706332,0.0,1.5292572058180784,0.016630398818489395,12,0.48327040717431136,59,1.5522082946550413,0.010358963282289321,-0.0115393719807915
events_gatefix.csv,"B(總債務/四季經營現金流<=3, gatefix)",建表年份 2010-2021,觸發日即買,3m,軸一 行業殺 vs 個別殺,個別殺,906,0,0,659,高,0.4977924944812362,0.013003498945313984,-0.0019433679542920999,451,455,0.1762031128817584,-0.14876139311037054,0.1257542135726232,-0.1206801415594228,1.1844680208864946,1.0420456253003476,0.013003498945313954,2.949029909160572e-15,1.1245123772670025,0.009720185433098114,10,0.7235245238220662,46,2.3090715954755128,0.003635272988810009,-0.01793301751937479
events_gatefix.csv,"B(總債務/四季經營現金流<=3, gatefix)",建表年份 2010-2021,觸發日即買,3m,軸一 行業殺 vs 個別殺,行業不明,7,0,0,7,低(樣本不足),0.42857142857142855,-0.09550039610316083,-0.0699490286331995,3,4,0.11675156684644139,-0.2546893683153625,0.1197040357387861,-0.3013972434508509,0.4584076972615394,0.39716367133366415,-0.09550039610316083,0.0,0.1954531591957764,-0.2546893683153625,1,-0.29237449292827355,1,-0.29237449292827355,-0.14399265531965036,-0.14399265531965036
events_gatefix.csv,"B(總債務/四季經營現金流<=3, gatefix)",建表年份 2010-2021,觸發日即買,3m,軸一 行業殺 vs 個別殺,行業殺,255,0,0,137,高,0.5686274509803921,0.047301392892441764,0.0259415339449391,145,110,0.18935021416275877,-0.1399447806002488,0.1236543457078114,-0.11981742414959409,1.3530351996737642,1.0320230683095544,0.047301392892441764,0.0,1.5292572058180784,0.034408751296551424,3,0.28112175184587634,13,0.7172015044387228,0.034408751296551424,0.014095349176543547
events_gatefix.csv,"B(總債務/四季經營現金流<=3, gatefix)",建表年份 2010-2021,觸發日即買,3m,軸二 200 日線位置,線下 10% 內,185,0,0,153,高,0.40540540540540543,-0.012518630841186616,-0.025820364851763,75,110,0.15649846382030974,-0.1277575590194796,0.1097648233459935,-0.1085375611460344,1.2249644171461347,1.0113072579391005,-0.01251863084118661,6.938893903907228e-16,0.9686750379143788,-0.02576392521965287,2,-0.7275176459174474,10,-2.2297761499059683,-0.021862507109082552,-0.042742796767218504
events_gatefix.csv,"B(總債務/四季經營現金流<=3, gatefix)",建表年份 2010-2021,觸發日即買,3m,軸二 200 日線位置,線下逾 10%,874,0,0,594,高,0.5423340961098398,0.028429733489484448,0.0175843746646222,474,400,0.17984060393031126,-0.15099214798289534,0.1260645887400256,-0.12098714099072136,1.1910593122410837,1.0419668380269738,0.02842973348948445,3.469446951953614e-16,1.5292572058180784,0.02416472931578022,9,0.350755642482549,44,1.10379087014777,0.01864989098612409,-0.0031071719072867402
events_gatefix.csv,"B(總債務/四季經營現金流<=3, gatefix)",建表年份 2010-2021,觸發日即買,3m,軸二 200 日線位置,線之上,109,0,0,91,高,0.45871559633027525,0.0058980008726157215,-0.0400380156858667,50,59,0.2058361722864322,-0.1635411274441779,0.1610827181312356,-0.1231460074798205,1.2586202351863511,1.3080628550432838,0.00589800087261573,8.673617379884035e-16,0.7992374428238906,-0.0131310421548282,2,2.2662306791550155,6,5.482841244854166,-0.007607822728170177,-0.027979984189905736
events_gatefix.csv,"B(總債務/四季經營現金流<=3, gatefix)",建表年份 2010-2021,觸發日即買,3m,軸二 250 日線位置(緩衝對照),線下 10% 內,191,0,0,171,高,0.418848167539267,-0.01662625431817428,-0.0327925461948342,80,111,0.14218200672943165,-0.1310826586768092,0.09926298069164395,-0.1050966033244703,1.0846744196727687,0.9444927576316059,-0.0166262543181743,2.0816681711721685e-15,0.731241176472126,-0.028251427647267714,2,-0.4558041285613445,10,-1.5102390710008124,-0.024460702691384208,-0.044041722541605065
events_gatefix.csv,"B(總債務/四季經營現金流<=3, gatefix)",建表年份 2010-2021,觸發日即買,3m,軸二 250 日線位置(緩衝對照),線下逾 10%,819,0,0,550,高,0.5445665445665445,0.02959136669710284,0.0216064155471333,446,373,0.18296906959513592,-0.1538039563391512,0.1291250499587448,-0.1246641723369336,1.189625247296455,1.0357831567658,0.029591366697102828,1.3877787807814457e-15,1.5292572058180784,0.02504316358965979,9,0.3589571437651561,41,1.064670159408837,0.01918010460770794,-0.002014527777337669
events_gatefix.csv,"B(總債務/四季經營現金流<=3, gatefix)",建表年份 2010-2021,觸發日即買,3m,軸二 250 日線位置(緩衝對照),線之上,158,0,0,123,高,0.4620253164556962,0.013384858918664904,-0.01833421553179205,73,85,0.19582019295927716,-0.14329489855150795,0.1274359590679188,-0.1231460074798205,1.3665538336585568,1.0348363026613046,0.013384858918664921,1.734723475976807e-15,0.9686750379143788,-0.002005073908352525,2,0.8359684301745017,8,2.320182865175148,0.0022236873616076325,-0.018612886005059247
events_gatefix.csv,"B(總債務/四季經營現金流<=3, gatefix)",建表年份 2010-2021,觸發日即買,6m,總表(三格進場),全部,1168,0,0,767,高,0.4743150684931507,0.022068334581540363,-0.020026785268405747,554,614,0.2679613820002074,-0.19979607628155663,0.1857265929984005,-0.16548478925778354,1.3411743963509617,1.1223182132412504,0.022068334581540366,3.469446951953614e-16,2.883677630648528,0.01595660899766292,12,0.749824737584541,59,2.04521955419919,0.005578262309144066,-0.02429340454934162
events_gatefix.csv,"B(總債務/四季經營現金流<=3, gatefix)",建表年份 2010-2021,觸發日即買,6m,軸一 行業殺 vs 個別殺,個別殺,906,0,0,659,高,0.45695364238410596,0.01196461728351084,-0.02525142284383815,414,492,0.2618072084651948,-0.19826878261327202,0.17652230019173665,-0.16261362535986146,1.3204661117824885,1.0855320382968863,0.011964617283510823,1.734723475976807e-15,2.883677630648528,0.004277371793933293,10,1.4618857336807105,46,3.7050423379006645,-0.005587963331669872,-0.03409593657634815
events_gatefix.csv,"B(總債務/四季經營現金流<=3, gatefix)",建表年份 2010-2021,觸發日即買,6m,軸一 行業殺 vs 個別殺,行業不明,7,0,0,7,低(樣本不足),0.5714285714285714,-0.04271186057188427,0.037922906115404,4,3,0.158499110054944,-0.3109931547409886,0.0833439371088172,-0.3014021635045808,0.5096546584343644,0.276520699585325,-0.042711860571884266,6.938893903907228e-16,0.4293856598867376,-0.22376413952689045,1,-1.4361539800405403,1,-1.4361539800405403,-0.12139478064832122,-0.12139478064832122
events_gatefix.csv,"B(總債務/四季經營現金流<=3, gatefix)",建表年份 2010-2021,觸發日即買,6m,軸一 行業殺 vs 個別殺,行業殺,255,0,0,137,高,0.5333333333333333,0.05974452767208439,0.0184382404800076,136,119,0.2899148888478271,-0.2033073136716216,0.21177227387857164,-0.1863186059513977,1.4259934067895488,1.1366136666663,0.05974452767208438,6.938893903907228e-16,1.748384273304791,0.04245060630542699,3,0.29782376658878856,13,0.8145049756700612,0.04245060630542699,0.011677643457020957
events_gatefix.csv,"B(總債務/四季經營現金流<=3, gatefix)",建表年份 2010-2021,觸發日即買,6m,軸二 200 日線位置,線下 10% 內,185,0,0,153,高,0.42162162162162165,-0.003111327550028712,-0.0388381193422059,78,107,0.2639906676742973,-0.19782119322757483,0.17298693473574767,-0.1863186059513977,1.334491332132451,0.9284469141040713,-0.003111327550028728,1.6046192152785466e-15,2.55430340500854,-0.028248362447106493,2,-6.28476977374498,10,-15.052308233044963,-0.02291301314286232,-0.05279793106685555
events_gatefix.csv,"B(總債務/四季經營現金流<=3, gatefix)",建表年份 2010-2021,觸發日即買,6m,軸二 200 日線位置,線下逾 10%,874,0,0,594,高,0.488558352402746,0.02687034792516744,-0.00642465543529675,427,447,0.26150261391905755,-0.1972638301047902,0.1856563975693794,-0.1620846154228864,1.325649075049098,1.1454288680328673,0.026870347925167418,2.0816681711721685e-15,1.748384273304791,0.021594963769152802,9,0.5108653534842533,44,1.5655185508689962,0.013279968380614184,-0.01600123435213028
events_gatefix.csv,"B(總債務/四季經營現金流<=3, gatefix)",建表年份 2010-2021,觸發日即買,6m,軸二 200 日線位置,線之上,109,0,0,91,高,0.44954128440366975,0.026300241297230412,-0.0512396085857318,49,60,0.33056566134861515,-0.22218318507806706,0.1896060475934076,-0.16292506238645665,1.4878068348532605,1.1637623138892157,0.026300241297230464,5.204170427930421e-15,2.883677630648528,-0.027846734134632907,2,1.5429352714185893,6,2.6941038875005883,-0.014546231986284047,-0.04715079778251195
events_gatefix.csv,"B(總債務/四季經營現金流<=3, gatefix)",建表年份 2010-2021,觸發日即買,6m,軸二 250 日線位置(緩衝對照),線下 10% 內,191,0,0,171,高,0.4293193717277487,-0.023581362376589365,-0.0388381193422059,82,109,0.205990109408321,-0.19628650628817335,0.15778243988605584,-0.166203915366,1.049435915405726,0.9493304627547485,-0.023581362376589393,2.7755575615628914e-15,0.948120560229579,-0.03677993593931673,2,-0.38270710965711147,10,-1.2946285847510997,-0.032951155693018895,-0.05709999680524283
events_gatefix.csv,"B(總債務/四季經營現金流<=3, gatefix)",建表年份 2010-2021,觸發日即買,6m,軸二 250 日線位置(緩衝對照),線下逾 10%,819,0,0,550,高,0.48717948717948717,0.02909645090381089,-0.0084543868467137,399,420,0.2683290196930136,-0.19817448944593172,0.1898481363399973,-0.1623924996930039,1.354003839965599,1.1690696103508298,0.02909645090381087,2.0816681711721685e-15,1.748384273304791,0.023473679713917752,9,0.5034626443763356,41,1.466660279490853,0.014608002287476603,-0.01429371636128504
events_gatefix.csv,"B(總債務/四季經營現金流<=3, gatefix)",建表年份 2010-2021,觸發日即買,6m,軸二 250 日線位置(緩衝對照),線之上,158,0,0,123,高,0.4620253164556962,0.04082190958826962,-0.0246194380338062,73,85,0.33556353149479673,-0.21230913040204183,0.1997991073803731,-0.1790775741452577,1.5805421597241376,1.115712608538617,0.04082190958826967,5.551115123125783e-15,2.883677630648528,-0.003403966541886775,2,0.8431159110055573,8,1.758292624337176,0.006486414610830338,-0.03260588377625825
events_gatefix.csv,"B(總債務/四季經營現金流<=3, gatefix)",建表年份 2010-2021,觸發日即買,12m,總表(三格進場),全部,1168,0,0,767,高,0.511986301369863,0.08041212957621993,0.0104632308186969,598,570,0.4169742637386373,-0.2726828813520705,0.28838069582487136,-0.22893653445963724,1.5291545317077204,1.2596534515801123,0.08041212957621993,0.0,11.705683397360184,0.06403773587839444,12,0.4035357573777307,59,0.9706948814677531,0.04846084536288772,0.002481854646308979
events_gatefix.csv,"B(總債務/四季經營現金流<=3, gatefix)",建表年份 2010-2021,觸發日即買,12m,軸一 行業殺 vs 個別殺,個別殺,906,0,0,659,高,0.47902869757174393,0.0491163165541798,-0.020247112349375998,434,472,0.40528231410922033,-0.2783752998417685,0.27525135258488787,-0.2354250841884734,1.455884607361311,1.169167480745301,0.04911631655417978,2.0816681711721685e-15,11.705683397360184,0.027887018550821197,10,0.7499230864291117,46,1.5948657073350225,0.012419942305753384,-0.030780414911809217
events_gatefix.csv,"B(總債務/四季經營現金流<=3, gatefix)",建表年份 2010-2021,觸發日即買,12m,軸一 行業殺 vs 個別殺,行業不明,7,0,0,7,低(樣本不足),0.5714285714285714,0.22224915574670323,0.1962973994795349,4,3,0.5299996554343649,-0.18808484383684576,0.48986525728686725,-0.2001480624179993,2.817875404645114,2.447514361961736,0.22224915574670312,1.1102230246251565e-14,0.9439707076841906,-0.0919892830077506,1,0.60676477167045,1,0.60676477167045,0.10196223042378867,0.10196223042378867
events_gatefix.csv,"B(總債務/四季經營現金流<=3, gatefix)",建表年份 2010-2021,觸發日即買,12m,軸一 行業殺 vs 個別殺,行業殺,255,0,0,137,高,0.6274509803921569,0.187710746889063,0.1528642877852588,160,95,0.44586304231603713,-0.24707206646163024,0.3386834325177346,-0.1862502060322273,1.8045870126126893,1.8184325254337244,0.187710746889063,0.0,2.4924322238772105,0.16514881963747158,3,0.13054582621167887,13,0.3910107699002262,0.16514881963747158,0.12045464844422779
events_gatefix.csv,"B(總債務/四季經營現金流<=3, gatefix)",建表年份 2010-2021,觸發日即買,12m,軸二 200 日線位置,線下 10% 內,185,0,0,153,高,0.3783783783783784,-0.015509434680904679,-0.1117413596501131,70,115,0.38816697917203563,-0.2612255126783466,0.29209786996157255,-0.2306047771799032,1.4859458985922067,1.266660099299228,-0.015509434680904655,2.42861286636753e-15,4.011141292429923,-0.05409097988808948,2,-2.0564820434625988,10,-4.092148259934134,-0.04792238848192146,-0.0834892745842412
events_gatefix.csv,"B(總債務/四季經營現金流<=3, gatefix)",建表年份 2010-2021,觸發日即買,12m,軸二 200 日線位置,線下逾 10%,874,0,0,594,高,0.5640732265446224,0.1067439550188499,0.052896717440271204,493,381,0.39087432355176904,-0.2609103013767646,0.29098377985375,-0.2137817521117503,1.4981176346400036,1.3611254327340523,0.10674395501884992,2.7755575615628914e-15,2.4924322238772105,0.09919750607008213,9,0.19082319946882734,44,0.619649581319178,0.08727342863170363,0.04275240286409643
events_gatefix.csv,"B(總債務/四季經營現金流<=3, gatefix)",建表年份 2010-2021,觸發日即買,12m,軸二 200 日線位置,線之上,109,0,0,91,高,0.3211009174311927,0.03207702820658181,-0.1795322913787038,35,74,0.8422251332182976,-0.35110112956922973,0.2649261046922408,-0.3681505815516828,2.3988106624767456,0.7196134352840868,0.032077028206581815,6.938893903907228e-16,11.705683397360184,-0.1318522176707641,2,4.377725929227869,6,5.961955809280207,-0.1103725951378319,-0.1684365321698661
events_gatefix.csv,"B(總債務/四季經營現金流<=3, gatefix)",建表年份 2010-2021,觸發日即買,12m,軸二 250 日線位置(緩衝對照),線下 10% 內,191,0,0,171,高,0.3717277486910995,-0.03942756354042299,-0.1172801066709218,71,120,0.32543655875463595,-0.2553055025649995,0.2661491642596247,-0.23068775079981904,1.274694652034699,1.1537204005711494,-0.03942756354042298,6.938893903907228e-16,1.8894103837943388,-0.06184964180671226,2,-0.40133333802488624,10,-1.170650754266651,-0.05583582757789019,-0.09031183907592184
events_gatefix.csv,"B(總債務/四季經營現金流<=3, gatefix)",建表年份 2010-2021,觸發日即買,12m,軸二 250 日線位置(緩衝對照),線下逾 10%,819,0,0,550,高,0.5714285714285714,0.11627533564923544,0.0684184867788104,468,351,0.39894120494301605,-0.26061249007580534,0.29633759200769616,-0.2118302027527159,1.5307831363990825,1.3989392832410759,0.11627533564923544,0.0,2.4924322238772105,0.10825528308491486,9,0.18694523167041907,41,0.5761207344838413,0.09558864071194154,0.05188407515641956
events_gatefix.csv,"B(總債務/四季經營現金流<=3, gatefix)",建表年份 2010-2021,觸發日即買,12m,軸二 250 日線位置(緩衝對照),線之上,158,0,0,123,高,0.37341772151898733,0.03938311445899903,-0.11206837128894906,59,99,0.6701716971321088,-0.33654139440679365,0.2649261046922408,-0.3156051189735315,1.9913499743869256,0.8394227113738896,0.03938311445899903,0.0,11.705683397360184,-0.08448305136886132,2,2.525792471023928,8,4.103672006186721,-0.060860850033770876,-0.12875132425552768
events_gatefix.csv,"B(總債務/四季經營現金流<=3, gatefix)",建表年份 2010-2021,跌勢衰竭,1m,總表(三格進場),全部,1168,0,0,767,高,0.5077054794520548,0.012130777406229133,0.0013633224079575,593,575,0.10769857356012437,-0.08642870627944021,0.0728943437177196,-0.0674362559351595,1.2460972539831232,1.0809369931184807,0.012130777406229136,3.469446951953614e-16,0.8538246840434487,0.010151141255595436,12,0.5235675223003022,59,1.5907527539797472,0.0058394911077279945,-0.007547544551518074
events_gatefix.csv,"B(總債務/四季經營現金流<=3, gatefix)",建表年份 2010-2021,跌勢衰竭,1m,軸一 行業殺 vs 個別殺,個別殺,906,0,0,659,高,0.5088300220750552,0.00938412962197485,0.0019506605266799999,461,445,0.10208091076250464,-0.08664556949214701,0.0668420532781843,-0.0649235700280009,1.178143456853343,1.0295498730177033,0.009384129621974865,1.5612511283791264e-15,0.8538246840434487,0.0068209889145097145,10,0.7191229214175728,46,2.008767457732472,0.0026652041779160235,-0.00997274715244552
events_gatefix.csv,"B(總債務/四季經營現金流<=3, gatefix)",建表年份 2010-2021,跌勢衰竭,1m,軸一 行業殺 vs 個別殺,行業不明,7,0,0,7,低(樣本不足),0.5714285714285714,-0.01781995442329754,0.0050665701234071,4,3,0.08467747566342443,-0.15448319453892684,0.10060407509939756,-0.1785834802820323,0.5481338984227654,0.5633448006529839,-0.01781995442329755,1.0408340855860843e-15,0.1324351823314955,-0.11459575337334335,1,-1.0616924887814188,1,-1.0616924887814188,-0.04286247721576305,-0.04286247721576305
events_gatefix.csv,"B(總債務/四季經營現金流<=3, gatefix)",建表年份 2010-2021,跌勢衰竭,1m,軸一 行業殺 vs 個別殺,行業殺,255,0,0,137,高,0.5019607843137255,0.02271163236835096,0.0003703915249768,128,127,0.1286503465389486,-0.08406124490595213,0.0938382340030289,-0.0691676090796393,1.5304358944824437,1.3566788739940967,0.02271163236835099,3.1225022567582528e-15,0.6504215157449131,0.016032068454383683,3,0.30240787507593586,13,0.9109980578642737,0.016032068454383683,0.0021299658860051427
events_gatefix.csv,"B(總債務/四季經營現金流<=3, gatefix)",建表年份 2010-2021,跌勢衰竭,1m,軸二 200 日線位置,線下 10% 內,185,0,0,153,高,0.4486486486486487,-0.0038271439260979022,-0.0105536455663293,83,102,0.0939102960649414,-0.08335859019331615,0.0549090766584727,-0.06551909724624636,1.1265821056612748,0.8380621676166102,-0.003827143926097891,1.1275702593849246e-15,0.6034346044121959,-0.013087062839372424,2,-1.684038541975463,10,-4.613215925082961,-0.010384466303916961,-0.02271016153261769
events_gatefix.csv,"B(總債務/四季經營現金流<=3, gatefix)",建表年份 2010-2021,跌勢衰竭,1m,軸二 200 日線位置,線下逾 10%,874,0,0,594,高,0.5102974828375286,0.013213790145074412,0.00225051314895325,446,428,0.10693140114297614,-0.08444521570787923,0.0732340589179735,-0.06485509146464899,1.266281342839874,1.1291952145020363,0.013213790145074428,1.5612511283791264e-15,0.8538246840434487,0.010569671801478869,9,0.4799036756067647,44,1.4488787882476684,0.006943948880175041,-0.006245825246760845
events_gatefix.csv,"B(總債務/四季經營現金流<=3, gatefix)",建表年份 2010-2021,跌勢衰竭,1m,軸二 200 日線位置,線之上,109,0,0,91,高,0.5871559633027523,0.03053134908264864,0.0153580668548587,64,45,0.13092647871869162,-0.11225283528861248,0.09572606577451935,-0.1017209661621396,1.1663534233417576,0.9410652433435935,0.03053134908264865,1.0408340855860843e-15,0.6588003368114648,0.01763714160530619,2,0.3393890207238295,6,0.7219711536346998,0.02054634150800105,0.008983077070032356
events_gatefix.csv,"B(總債務/四季經營現金流<=3, gatefix)",建表年份 2010-2021,跌勢衰竭,1m,軸二 250 日線位置(緩衝對照),線下 10% 內,191,0,0,171,高,0.47643979057591623,-0.0018745824555566903,-0.0069056168935148,91,100,0.08396892183818831,-0.07999217136286464,0.0490427299240818,-0.0559741874597082,1.0497142458764386,0.8761668931663213,-0.0018745824555566892,1.0842021724855044e-16,0.6034346044121959,-0.009476148725607826,2,-3.030127366741985,10,-8.443693175464237,-0.007634751092976198,-0.01868104682097055
events_gatefix.csv,"B(總債務/四季經營現金流<=3, gatefix)",建表年份 2010-2021,跌勢衰竭,1m,軸二 250 日線位置(緩衝對照),線下逾 10%,819,0,0,550,高,0.5103785103785103,0.01418991875690132,0.0021972676065689,418,401,0.10981185225725107,-0.08548581242301437,0.0757825655874121,-0.0666223314620265,1.2845623050742356,1.1374949498818843,0.014189918756901315,5.204170427930421e-16,0.8538246840434487,0.011371170360533377,9,0.47690195571806404,41,1.3673207268303353,0.00750519340303525,-0.005486932893722664
events_gatefix.csv,"B(總債務/四季經營現金流<=3, gatefix)",建表年份 2010-2021,跌勢衰竭,1m,軸二 250 日線位置(緩衝對照),線之上,158,0,0,123,高,0.5316455696202531,0.018387656946739068,0.0083675909455027,84,74,0.12288961893271037,-0.10023619179409324,0.07879492845032529,-0.08408062709920094,1.2260004768053456,0.9371353564877742,0.01838765694673905,1.734723475976807e-15,0.6588003368114648,0.007657356039068956,2,0.4294644270262794,8,1.1273548431954499,0.010625309986518032,-0.0024666508827668092
events_gatefix.csv,"B(總債務/四季經營現金流<=3, gatefix)",建表年份 2010-2021,跌勢衰竭,3m,總表(三格進場),全部,1168,0,0,767,高,0.5051369863013698,0.0220213253392471,0.00271113867220145,590,578,0.18329764842010307,-0.14260329510660932,0.1194045658127238,-0.113805389607762,1.2853675525735286,1.04919956975904,0.022021325339247097,3.469446951953614e-16,1.8661342617849628,0.01807447520804722,12,0.5115037997028046,59,1.5171508940123746,0.010869001578163756,-0.01199422052756166
events_gatefix.csv,"B(總債務/四季經營現金流<=3, gatefix)",建表年份 2010-2021,跌勢衰竭,3m,軸一 行業殺 vs 個別殺,個別殺,906,0,0,659,高,0.5121412803532008,0.018278435202974945,0.0057210201286277,464,442,0.17451397083408726,-0.1457335298034416,0.11929003342710734,-0.1207368842150018,1.1974867490649774,0.9880164972178843,0.018278435202974938,6.938893903907228e-16,1.8661342617849628,0.013173995476223372,10,0.6436629613868667,46,1.7287383295413676,0.006585976366588594,-0.01403267195444204
events_gatefix.csv,"B(總債務/四季經營現金流<=3, gatefix)",建表年份 2010-2021,跌勢衰竭,3m,軸一 行業殺 vs 個別殺,行業不明,7,0,0,7,低(樣本不足),0.5714285714285714,-0.029854056817858934,0.0085662438954698,4,3,0.05015900281463138,-0.136538136327846,0.0301421656528365,-0.1364238431668301,0.36736258574815334,0.22094499724638475,-0.02985405681785893,3.469446951953614e-16,0.1317854360573827,-0.10026204127201706,1,-0.6306175063644358,1,-0.6306175063644358,-0.05679397229706587,-0.05679397229706587
events_gatefix.csv,"B(總債務/四季經營現金流<=3, gatefix)",建表年份 2010-2021,跌勢衰竭,3m,軸一 行業殺 vs 個別殺,行業殺,255,0,0,137,高,0.47843137254901963,0.03674362392184441,-0.0136705424658867,122,133,0.22106962368512958,-0.13233736834222168,0.1271340991472257,-0.0976510511056635,1.670500376835726,1.3019224852957294,0.03674362392184442,1.3877787807814457e-15,1.1153245832828405,0.024733838788844813,3,0.3347729526585687,13,1.0547145142460028,0.024733838788844813,-0.0021184067409214507
events_gatefix.csv,"B(總債務/四季經營現金流<=3, gatefix)",建表年份 2010-2021,跌勢衰竭,3m,軸二 200 日線位置,線下 10% 內,185,0,0,153,高,0.42702702702702705,-0.009582290093719286,-0.0365335363980247,79,106,0.15873667110817305,-0.13502755363097868,0.1143811414919713,-0.1150307746176416,1.1755872548945812,0.9943525275924667,-0.00958229009371929,3.469446951953614e-16,0.853645876999308,-0.021165883552917878,2,-0.8508985497948444,10,-2.767024016656512,-0.017929681229852616,-0.0381593864557595
events_gatefix.csv,"B(總債務/四季經營現金流<=3, gatefix)",建表年份 2010-2021,跌勢衰竭,3m,軸二 200 日線位置,線下逾 10%,874,0,0,594,高,0.5274599542334096,0.028831739828805547,0.01212861395092485,461,413,0.18289515150064165,-0.14313734680731177,0.1224966565647309,-0.1105154591359095,1.2777598270481492,1.1084119590372166,0.028831739828805533,1.3877787807814457e-15,1.27780806138149,0.02494214788472463,9,0.3405733961947055,44,1.1223931961956606,0.01921023332507697,-0.0037158781711428457
events_gatefix.csv,"B(總債務/四季經營現金流<=3, gatefix)",建表年份 2010-2021,跌勢衰竭,3m,軸二 200 日線位置,線之上,109,0,0,91,高,0.45871559633027525,0.021052211497271843,-0.0166236201252785,50,59,0.2258150141703868,-0.15247558737824932,0.11212365251448295,-0.1260444441659656,1.4809912724599175,0.8895564834801221,0.021052211497271836,6.938893903907228e-16,1.8661342617849628,-0.02075272698932963,2,1.475726465555309,6,2.5896552475362404,-0.010202292189546505,-0.03541522013784489
events_gatefix.csv,"B(總債務/四季經營現金流<=3, gatefix)",建表年份 2010-2021,跌勢衰竭,3m,軸二 250 日線位置(緩衝對照),線下 10% 內,191,0,0,171,高,0.42408376963350786,-0.012059508949340502,-0.0251625528658889,81,110,0.14297009990285064,-0.12621767546777213,0.1128596758077604,-0.09923583577019204,1.1327264535097226,1.137287502360721,-0.012059508949340485,1.734723475976807e-15,0.654762120725652,-0.021748836547522285,2,-0.5321868738594617,10,-1.8419005456822748,-0.01867294958527892,-0.036165401586652456
events_gatefix.csv,"B(總債務/四季經營現金流<=3, gatefix)",建表年份 2010-2021,跌勢衰竭,3m,軸二 250 日線位置(緩衝對照),線下逾 10%,819,0,0,550,高,0.5323565323565324,0.03090173818990514,0.0141396680963856,436,383,0.1861235190207956,-0.14579981910061246,0.1241524334193059,-0.1105154591359095,1.2765689297073604,1.123394268910614,0.030901738189905145,6.938893903907228e-16,1.27780806138149,0.0267575904102346,9,0.3390987529514848,41,1.059681206355912,0.020649919497960315,-0.0019414437251853345
events_gatefix.csv,"B(總債務/四季經營現金流<=3, gatefix)",建表年份 2010-2021,跌勢衰竭,3m,軸二 250 日線位置(緩衝對照),線之上,158,0,0,123,高,0.4620253164556962,0.017188295114128723,-0.01895895979227635,73,85,0.21116685181730194,-0.14940505358389064,0.118098561458664,-0.1260444441659656,1.4133849341229423,0.9369596751377706,0.017188295114128727,3.469446951953614e-16,1.8661342617849628,-0.011475674103478963,2,1.246924619119994,8,2.6807943652633237,-0.0042986262144344535,-0.03043078902038058
events_gatefix.csv,"B(總債務/四季經營現金流<=3, gatefix)",建表年份 2010-2021,跌勢衰竭,6m,總表(三格進場),全部,1168,0,0,767,高,0.4957191780821918,0.02867025516955468,-0.0024573480507461,579,589,0.2670748791534613,-0.2056867521083433,0.1766315255581683,-0.1771625245493464,1.2984544527825614,0.9970027578206576,0.02867025516955471,2.7755575615628914e-15,2.4755892741256345,0.02261521575508652,12,0.5809565377047683,59,1.6727620349748473,0.012138796655405815,-0.020314415472124005
events_gatefix.csv,"B(總債務/四季經營現金流<=3, gatefix)",建表年份 2010-2021,跌勢衰竭,6m,軸一 行業殺 vs 個別殺,個別殺,906,0,0,659,高,0.4757174392935982,0.018500289687972363,-0.013963477296047501,431,475,0.2646939109685591,-0.20488802772662315,0.1765759426071906,-0.1757396140995992,1.2918954509227518,1.0047589071586183,0.018500289687972377,1.3877787807814457e-15,2.4755892741256345,0.010654629871471635,10,0.9883419016657111,46,2.578429885509156,0.0002180853191228341,-0.030763346024964684
events_gatefix.csv,"B(總債務/四季經營現金流<=3, gatefix)",建表年份 2010-2021,跌勢衰竭,6m,軸一 行業殺 vs 個別殺,行業不明,7,0,0,7,低(樣本不足),0.7142857142857143,0.04486283901139313,0.1369160456104945,5,2,0.2142516159365427,-0.3786091033014809,0.271674098029329,-0.3786091033014809,0.5658913482752085,0.7175582828313531,0.04486283901139311,2.0816681711721685e-15,0.2946753406447964,-0.13406945789546731,1,0.9383373447293497,1,0.9383373447293497,0.0032274220724925937,0.0032274220724925937
events_gatefix.csv,"B(總債務/四季經營現金流<=3, gatefix)",建表年份 2010-2021,跌勢衰竭,6m,軸一 行業殺 vs 個別殺,行業殺,255,0,0,137,高,0.5607843137254902,0.06435904199081237,0.0321284965697303,143,112,0.27609805120784886,-0.2059863001345111,0.1891375471651657,-0.18754694783181936,1.340370942278948,1.0084810728819362,0.06435904199081233,4.163336342344337e-15,1.704129745530019,0.04944331954306196,3,0.2407961349429979,13,0.7581729144848339,0.04944331954306196,0.016399829279142627
events_gatefix.csv,"B(總債務/四季經營現金流<=3, gatefix)",建表年份 2010-2021,跌勢衰竭,6m,軸二 200 日線位置,線下 10% 內,185,0,0,153,高,0.41621621621621624,0.006702390133357409,-0.0683081419107816,77,108,0.3083704819864531,-0.20837578646560892,0.2425560122564027,-0.21368143132564144,1.4798767515982365,1.1351291066875981,0.006702390133357453,4.336808689942018e-15,2.396370699337096,-0.01948463174645864,2,2.9905641749835334,10,7.806103012108228,-0.013487346841265062,-0.04822385239925223
events_gatefix.csv,"B(總債務/四季經營現金流<=3, gatefix)",建表年份 2010-2021,跌勢衰竭,6m,軸二 200 日線位置,線下逾 10%,874,0,0,594,高,0.5194508009153318,0.03497925845749508,0.012019793592497451,454,420,0.25243223217444594,-0.20007705122701847,0.1749157758456823,-0.1684623342379096,1.2616750928022344,1.0383079199096155,0.03497925845749508,0.0,2.155237513861947,0.0299714703654089,9,0.35398807207493677,44,1.2254252979486393,0.022832131677609835,-0.008303220879600105
events_gatefix.csv,"B(總債務/四季經營現金流<=3, gatefix)",建表年份 2010-2021,跌勢衰竭,6m,軸二 200 日線位置,線之上,109,0,0,91,高,0.44036697247706424,0.015367375885486619,-0.0402694386059049,48,61,0.3393248856187239,-0.2395500088226345,0.1438557147783288,-0.1906873393627968,1.41650959349354,0.7544062194115188,0.015367375885486673,5.377642775528102e-15,2.4755892741256345,-0.04502685620791456,2,2.832021764615433,6,5.6314318220442745,-0.028679598247746952,-0.07531895100011729
events_gatefix.csv,"B(總債務/四季經營現金流<=3, gatefix)",建表年份 2010-2021,跌勢衰竭,6m,軸二 250 日線位置(緩衝對照),線下 10% 內,191,0,0,171,高,0.418848167539267,-0.009951139681140184,-0.0381601490481012,80,111,0.25155031670403705,-0.19842065779658324,0.20021271605205515,-0.1997021235653331,1.2677627395123408,1.0025567704419278,-0.009951139681140184,0.0,1.311755947285533,-0.026559575087298296,2,-1.2254955212540168,10,-3.6338273018588003,-0.022380568292192395,-0.04865947946499376
events_gatefix.csv,"B(總債務/四季經營現金流<=3, gatefix)",建表年份 2010-2021,跌勢衰竭,6m,軸二 250 日線位置(緩衝對照),線下逾 10%,819,0,0,550,高,0.5213675213675214,0.03642294018281892,0.0132408781064448,427,392,0.2550342452205697,-0.20170723137615965,0.1744382739056846,-0.17063512564184447,1.2643782946232682,1.022288190954439,0.03642294018281893,6.938893903907228e-16,2.155237513861947,0.031082925007535747,9,0.3627870340536213,41,1.2015049652745857,0.023467049406185814,-0.007726184190267101
events_gatefix.csv,"B(總債務/四季經營現金流<=3, gatefix)",建表年份 2010-2021,跌勢衰竭,6m,軸二 250 日線位置(緩衝對照),線之上,158,0,0,123,高,0.45569620253164556,0.03517175764182879,-0.03426967809089905,72,86,0.35573204144927556,-0.23320429391789402,0.18133561729496414,-0.20647763026109112,1.5254094831312188,0.8782337198739889,0.03517175764182881,2.0816681711721685e-15,2.4755892741256345,-0.010212864361000724,2,0.8767031212790141,8,2.322649862097675,0.00439216496119371,-0.049000982815748224
events_gatefix.csv,"B(總債務/四季經營現金流<=3, gatefix)",建表年份 2010-2021,跌勢衰竭,12m,總表(三格進場),全部,1168,0,0,767,高,0.5077054794520548,0.09908855260319695,0.0066655060452868,593,575,0.4479597515127906,-0.26070383166356664,0.2997079839888925,-0.213251629795689,1.7182706853763245,1.4054194299759168,0.09908855260319693,1.3877787807814457e-15,9.987976510363495,0.08326153791506703,12,0.362604864391273,59,0.871885119810807,0.06381418662887843,0.013370090781261341
events_gatefix.csv,"B(總債務/四季經營現金流<=3, gatefix)",建表年份 2010-2021,跌勢衰竭,12m,軸一 行業殺 vs 個別殺,個別殺,906,0,0,659,高,0.48013245033112584,0.0693631454775037,-0.012926765353665201,435,471,0.43535585568167556,-0.2686555996155213,0.2849916047770295,-0.2265863686928254,1.6204979769813936,1.257761472683213,0.06936314547750369,1.3877787807814457e-15,9.987976510363495,0.048845262495168774,10,0.5761922506858471,46,1.2514812984852424,0.029724726054213058,-0.018376560123120066
events_gatefix.csv,"B(總債務/四季經營現金流<=3, gatefix)",建表年份 2010-2021,跌勢衰竭,12m,軸一 行業殺 vs 個別殺,行業不明,7,0,0,7,低(樣本不足),0.5714285714285714,0.2755931947723705,0.2534098391218362,4,3,0.5957168556724084,-0.15123835309434663,0.5337180591611544,-0.1809718328573734,3.9389271536220964,2.9491775086445946,0.2755931947723705,0.0,1.0620214652454885,-0.05007630504030093,1,0.5505119685674376,1,0.5505119685674376,0.14452181636018419,0.14452181636018419
events_gatefix.csv,"B(總債務/四季經營現金流<=3, gatefix)",建表年份 2010-2021,跌勢衰竭,12m,軸一 行業殺 vs 個別殺,行業殺,255,0,0,137,高,0.6039215686274509,0.199855950096114,0.0951613658709353,154,101,0.47972381820043064,-0.22687327453819062,0.3439556060275133,-0.1476428331272861,2.1145012305963635,2.3296464768525653,0.19985595009611395,5.551115123125783e-15,3.04044672635054,0.17115607350821258,3,0.15367807382233706,13,0.4144418758641876,0.17115607350821258,0.1233138644012131
events_gatefix.csv,"B(總債務/四季經營現金流<=3, gatefix)",建表年份 2010-2021,跌勢衰竭,12m,軸二 200 日線位置,線下 10% 內,185,0,0,153,高,0.3675675675675676,0.0239007581458665,-0.1121540508076732,68,117,0.506685404480901,-0.2566920277582561,0.36048257698154884,-0.2183418315241793,1.9739039381389758,1.6510009761534348,0.023900758145866535,3.469446951953614e-15,4.156567244916808,-0.030934583516449385,2,1.6950669668696765,10,3.8264757730022234,-0.016794186240500705,-0.07141519464743021
events_gatefix.csv,"B(總債務/四季經營現金流<=3, gatefix)",建表年份 2010-2021,跌勢衰竭,12m,軸二 200 日線位置,線下逾 10%,874,0,0,594,高,0.5617848970251716,0.12189989836758734,0.0559497706028153,491,383,0.411306968042691,-0.24911543116368134,0.2941161730866171,-0.1986895506369268,1.6510698117791094,1.4802800255161233,0.12189989836758734,0.0,3.1620849519155945,0.11274357273572358,9,0.1869621094937392,44,0.5946919220532529,0.10014043058702336,0.05202618049048497
events_gatefix.csv,"B(總債務/四季經營現金流<=3, gatefix)",建表年份 2010-2021,跌勢衰竭,12m,軸二 200 日線位置,線之上,109,0,0,91,高,0.3119266055045872,0.043791541378691644,-0.1220469054355954,34,75,0.859817759806538,-0.3261403443085987,0.2997049886044769,-0.3032307109395081,2.636342834644726,0.9883728058938775,0.04379154137869168,3.469446951953614e-15,9.987976510363495,-0.11753825373760082,2,3.0543309007297648,6,4.452968193807073,-0.09164385527370772,-0.1600191956280246
events_gatefix.csv,"B(總債務/四季經營現金流<=3, gatefix)",建表年份 2010-2021,跌勢衰竭,12m,軸二 250 日線位置(緩衝對照),線下 10% 內,191,0,0,171,高,0.3717277486910995,-0.008894316934925043,-0.1173765858709929,71,120,0.39242238007008085,-0.24634002932955348,0.2875815483728323,-0.21050913820900696,1.593011014645527,1.3661238216048506,-0.008894316934925012,3.1225022567582528e-15,3.3384090940801263,-0.04756233417325044,2,-3.470165278255101,10,-7.53249284504328,-0.04017979760123264,-0.08008355171977836
events_gatefix.csv,"B(總債務/四季經營現金流<=3, gatefix)",建表年份 2010-2021,跌勢衰竭,12m,軸二 250 日線位置(緩衝對照),線下逾 10%,819,0,0,550,高,0.5702075702075702,0.13414810003325006,0.0635512907943163,467,352,0.42272541515564016,-0.24870873565469356,0.3001159078894786,-0.19068517444415528,1.699680608495195,1.573881707187318,0.13414810003325006,0.0,3.1620849519155945,0.12441965025340158,9,0.18130089495686533,41,0.5500941752411074,0.11104722865646381,0.06353462145033278
events_gatefix.csv,"B(總債務/四季經營現金流<=3, gatefix)",建表年份 2010-2021,跌勢衰竭,12m,軸二 250 日線位置(緩衝對照),線之上,158,0,0,123,高,0.34810126582278483,0.047892088910588014,-0.10443655513863764,55,103,0.7339159051713664,-0.3184313081218665,0.2849916047770295,-0.2922845612592848,2.304785636500574,0.9750484375540255,0.04789208891058805,3.469446951953614e-15,9.987976510363495,-0.07205669497811626,2,1.92669046740468,8,3.4909574758560993,-0.0449501312608411,-0.12565967194119124
events_gatefix.csv,"B(總債務/四季經營現金流<=3, gatefix)",建表年份 2010-2021,買方回來,1m,總表(三格進場),全部,1163,0,5,763,高,0.49785038693035255,0.0010861271989966496,-0.0006806003795171,579,584,0.0917813415123766,-0.08883258699183724,0.0591504183606912,-0.0681618942722661,1.033194513639576,0.8677930534679769,0.0010861271989966517,2.1684043449710089e-16,0.9102662588263796,-0.0009913355906132671,12,4.9090585534958455,59,14.816264903216798,-0.004289999646100936,-0.01580818400291178
events_gatefix.csv,"B(總債務/四季經營現金流<=3, gatefix)",建表年份 2010-2021,買方回來,1m,軸一 行業殺 vs 個別殺,個別殺,901,0,5,655,高,0.49278579356270813,-0.002024812394703487,-0.0019481360114698,444,457,0.08746958237323788,-0.08897341475130296,0.057519246318120595,-0.0682711701420124,0.9830979581679699,0.8425115052001235,-0.002024812394703479,7.806255641895632e-16,0.7064275410730556,-0.003981843870532578,10,-2.4411551700437424,46,-7.4076748241915755,-0.007045894466894163,-0.01793987337940147
events_gatefix.csv,"B(總債務/四季經營現金流<=3, gatefix)",建表年份 2010-2021,買方回來,1m,軸一 行業殺 vs 個別殺,行業不明,7,0,0,7,低(樣本不足),0.2857142857142857,-0.08875162666942815,-0.0951979714112128,2,5,0.05538079143335555,-0.14640459391054164,0.05538079143335555,-0.1025609763091307,0.37827222462155224,0.5399791755728944,-0.08875162666942815,0.0,0.0614912073330673,-0.1825857154541283,1,-0.09897799646149051,1,-0.09897799646149051,-0.1137920990031774,-0.1137920990031774
events_gatefix.csv,"B(總債務/四季經營現金流<=3, gatefix)",建表年份 2010-2021,買方回來,1m,軸一 行業殺 vs 個別殺,行業殺,255,0,0,137,高,0.5215686274509804,0.014544248183321343,0.0064177556759221,133,122,0.10672286149685513,-0.08594555157651466,0.0701224587234219,-0.0654934671426533,1.2417496838314321,1.0706786765569465,0.014544248183321347,3.469446951953614e-16,0.9102662588263796,0.006506097129232551,3,0.5579314427927451,13,1.3844502839154398,0.006506097129232551,-0.005891912345333462
events_gatefix.csv,"B(總債務/四季經營現金流<=3, gatefix)",建表年份 2010-2021,買方回來,1m,軸二 200 日線位置,線下 10% 內,185,0,0,153,高,0.43243243243243246,-0.021150641759201148,-0.017672017139283,80,105,0.07307724251477477,-0.09294331549175422,0.0470747782458205,-0.0645437019409891,0.7862560328102138,0.7293473542757114,-0.021150641759201144,3.469446951953614e-16,0.3468829534453626,-0.027042789989689106,2,-0.1769674518935629,10,-0.5908241801814397,-0.025165678324532797,-0.035569635327572055
events_gatefix.csv,"B(總債務/四季經營現金流<=3, gatefix)",建表年份 2010-2021,買方回來,1m,軸二 200 日線位置,線下逾 10%,870,0,4,591,高,0.5206896551724138,0.007849879822954844,0.0054419923283767,453,417,0.0935550339587458,-0.08525428042527848,0.0614912073330673,-0.0667876813568323,1.0973646542092694,0.9206968423493088,0.007849879822954861,1.734723475976807e-15,0.9102662588263796,0.005093748821714214,9,0.753499489692774,44,2.1382301543199413,0.0019552258565872665,-0.009410924736536494
events_gatefix.csv,"B(總債務/四季經營現金流<=3, gatefix)",建表年份 2010-2021,買方回來,1m,軸二 200 日線位置,線之上,108,0,1,90,高,0.42592592592592593,-0.015308896185975899,-0.02119446067143765,46,62,0.10684319459070067,-0.10593786676221982,0.0599535072999571,-0.0845341264734171,1.0085458378212664,0.7092225329708741,-0.015308896185975904,5.204170427930421e-16,0.3313784984456429,-0.02421727540961348,2,-0.3720172271234343,6,-1.0037024605028284,-0.02140037248965606,-0.03247885371750594
events_gatefix.csv,"B(總債務/四季經營現金流<=3, gatefix)",建表年份 2010-2021,買方回來,1m,軸二 250 日線位置(緩衝對照),線下 10% 內,190,0,1,171,高,0.4421052631578947,-0.01475304757719303,-0.015473362637384299,84,106,0.07303716354430641,-0.08432264884328691,0.0476041627078036,-0.058620406278284146,0.8661630599395127,0.8120749365300544,-0.01475304757719302,8.673617379884035e-16,0.3468829534453626,-0.020274930817823732,2,-0.23968798918076226,10,-0.8413030955876963,-0.018483741586165548,-0.028673989516195757
events_gatefix.csv,"B(總債務/四季經營現金流<=3, gatefix)",建表年份 2010-2021,買方回來,1m,軸二 250 日線位置(緩衝對照),線下逾 10%,816,0,3,547,高,0.5245098039215687,0.008625590161479266,0.0063502510896097,428,388,0.09513708831628358,-0.08680461914330487,0.06158189654760055,-0.06692077644989874,1.0959910803735309,0.920220891246006,0.00862559016147927,3.469446951953614e-16,0.9102662588263796,0.005689257508268862,9,0.7311159276299913,41,1.9871217403706383,0.002345149427903334,-0.008964952488631469
events_gatefix.csv,"B(總債務/四季經營現金流<=3, gatefix)",建表年份 2010-2021,買方回來,1m,軸二 250 日線位置(緩衝對照),線之上,157,0,1,122,高,0.4267515923566879,-0.018931443309982792,-0.0293571820753189,67,90,0.09384479400858141,-0.10288708664713614,0.0551916636839062,-0.08395537005173409,0.9121144068393502,0.6573928939851802,-0.01893144330998279,3.469446951953614e-16,0.3313784984456429,-0.025075907335008547,2,-0.20694136391665294,8,-0.7221138093256133,-0.023143969648293183,-0.0343525482742957
events_gatefix.csv,"B(總債務/四季經營現金流<=3, gatefix)",建表年份 2010-2021,買方回來,3m,總表(三格進場),全部,1163,0,5,763,高,0.45571797076526227,-0.003665813178159828,-0.0170510933431705,530,633,0.16753009813854244,-0.1470052018003592,0.12247967422592995,-0.121585944026669,1.1396202045017232,1.007350604598381,-0.0036658131781598102,1.7780915628762273e-15,1.4945570917341993,-0.007104359645247884,12,-2.636950452109014,59,-7.582574551207337,-0.013471380522717137,-0.033143514148377615
events_gatefix.csv,"B(總債務/四季經營現金流<=3, gatefix)",建表年份 2010-2021,買方回來,3m,軸一 行業殺 vs 個別殺,個別殺,901,0,5,655,高,0.46170921198668147,-0.005984955523342824,-0.0150914030896186,416,485,0.15874866666788007,-0.14728224795952571,0.1191040667920365,-0.1216523566665039,1.0778533656785672,0.979052687968444,-0.0059849555233428,2.42861286636753e-15,1.4945570917341993,-0.010256588606038347,10,-1.6456356101900462,46,-4.478622609737361,-0.016011722024266425,-0.034553416019018825
events_gatefix.csv,"B(總債務/四季經營現金流<=3, gatefix)",建表年份 2010-2021,買方回來,3m,軸一 行業殺 vs 個別殺,行業不明,7,0,0,7,低(樣本不足),0.42857142857142855,-0.07606108445244941,-0.0210303355659762,3,4,0.06877778238138194,-0.1846902345778229,0.0818872216447068,-0.1829491817811611,0.3723953382732916,0.4475954516301587,-0.07606108445244941,0.0,0.1025690574069024,-0.1846902345778229,1,-0.19264414374555344,1,-0.19264414374555344,-0.10583277476234136,-0.10583277476234136
events_gatefix.csv,"B(總債務/四季經營現金流<=3, gatefix)",建表年份 2010-2021,買方回來,3m,軸一 行業殺 vs 個別殺,行業殺,255,0,0,137,高,0.43529411764705883,0.006515810947055488,-0.0302857361393312,111,144,0.20310966966166893,-0.14502528847879237,0.1552012863990899,-0.11950205144668065,1.4005120885615097,1.2987332394736129,0.0065158109470555,1.214306433183765e-15,1.156133431086872,-0.005348021695487759,3,1.8111198799554322,13,4.748770630628558,-0.005348021695487759,-0.025738436288544053
events_gatefix.csv,"B(總債務/四季經營現金流<=3, gatefix)",建表年份 2010-2021,買方回來,3m,軸二 200 日線位置,線下 10% 內,185,0,0,153,高,0.3891891891891892,-0.03264945846877026,-0.049425842527512,72,113,0.14290054770429297,-0.14450432965868665,0.1050356792986826,-0.1150611944448023,0.9889014954902615,0.9128679726080091,-0.032649458468770244,1.3877787807814457e-15,0.8457191767405765,-0.04339327574354836,2,-0.22965964498916308,10,-0.7188666907971342,-0.04058649442247182,-0.05932692758507837
events_gatefix.csv,"B(總債務/四季經營現金流<=3, gatefix)",建表年份 2010-2021,買方回來,3m,軸二 200 日線位置,線下逾 10%,870,0,4,591,高,0.4827586206896552,0.004744138592193634,-0.00306971490389115,420,450,0.16584817557108603,-0.1456196292547726,0.12313767160920094,-0.12158015639227605,1.1389135957826266,1.0128106038283056,0.00474413859219365,1.6479873021779667e-15,1.156133431086872,0.0011470236275283243,9,1.8333875135694515,44,5.668170460743093,-0.003995033801252152,-0.023326161555499016
events_gatefix.csv,"B(總債務/四季經營現金流<=3, gatefix)",建表年份 2010-2021,買方回來,3m,軸二 200 日線位置,線之上,108,0,1,90,高,0.35185185185185186,-0.02176473596931339,-0.07397126317161684,38,70,0.23278628523321765,-0.15994957605068738,0.15814789752488195,-0.12849839212450703,1.4553729430295494,1.2307383377345793,-0.021764735969313387,3.469446951953614e-16,1.4945570917341993,-0.05552642977704682,2,-1.2003715020595769,6,-1.9730445208667857,-0.04879409920647779,-0.06851385425824878
events_gatefix.csv,"B(總債務/四季經營現金流<=3, gatefix)",建表年份 2010-2021,買方回來,3m,軸二 250 日線位置(緩衝對照),線下 10% 內,190,0,1,171,高,0.39473684210526316,-0.037187561479330666,-0.03542192362936265,75,115,0.1274827828263552,-0.14458126428738668,0.1097528068022075,-0.1204364636867357,0.8817379171132123,0.9112921738360137,-0.03718756147933068,1.3877787807814457e-15,0.5414594858492707,-0.04566108778754353,2,-0.14318698194217272,10,-0.49280911581549197,-0.04296459506880615,-0.05859803803636575
events_gatefix.csv,"B(總債務/四季經營現金流<=3, gatefix)",建表年份 2010-2021,買方回來,3m,軸二 250 日線位置(緩衝對照),線下逾 10%,816,0,3,547,高,0.4840686274509804,0.006083173007494104,-0.00306971490389115,395,421,0.16813604608684357,-0.1459616841572162,0.1232877425875913,-0.1192918236100948,1.1519190605237415,1.0334970063879412,0.006083173007494114,9.54097911787244e-16,1.156133431086872,0.0022520763640513863,9,1.524440796616161,41,4.471554779580923,-0.003225843251513468,-0.0222352822665987
events_gatefix.csv,"B(總債務/四季經營現金流<=3, gatefix)",建表年份 2010-2021,買方回來,3m,軸二 250 日線位置(緩衝對照),線之上,157,0,1,122,高,0.3821656050955414,-0.01376798228816714,-0.0583142539759189,60,97,0.21360008495246066,-0.15440802388030803,0.14163030806032767,-0.1301623246324271,1.3833483492932748,1.0881052444344834,-0.013767982288167113,2.6020852139652106e-15,1.4945570917341993,-0.03784984043625725,2,-1.3053377077783799,8,-2.808867148123651,-0.03214939516414864,-0.05525600820829296
events_gatefix.csv,"B(總債務/四季經營現金流<=3, gatefix)",建表年份 2010-2021,買方回來,6m,總表(三格進場),全部,1163,0,5,763,高,0.4772141014617369,0.012702062958553341,-0.0105916372695707,555,608,0.25355473905334763,-0.207155231831925,0.1825285564658361,-0.1790741815052672,1.2239842402776908,1.019290189861721,0.012702062958553334,6.938893903907228e-16,2.0910620379283267,0.0077276394927312565,12,1.2073236118661592,59,3.370553016613577,-0.0026608930449572234,-0.03172010198440516
events_gatefix.csv,"B(總債務/四季經營現金流<=3, gatefix)",建表年份 2010-2021,買方回來,6m,軸一 行業殺 vs 個別殺,個別殺,901,0,5,655,高,0.4683684794672586,-0.00036779065972836916,-0.0247392197147738,422,479,0.23901569991006205,-0.211265145608479,0.1713588397512676,-0.1817604670092204,1.1313541531976645,0.9427728843950144,-0.0003677906597283481,2.1033522146218786e-15,2.0910620379283267,-0.006729286662645674,10,-41.52413959316106,46,-109.3523646819942,-0.01581551425496108,-0.042770173891330504
events_gatefix.csv,"B(總債務/四季經營現金流<=3, gatefix)",建表年份 2010-2021,買方回來,6m,軸一 行業殺 vs 個別殺,行業不明,7,0,0,7,低(樣本不足),0.5714285714285714,0.008908518855404054,0.1539112778177662,4,3,0.20892518398589138,-0.25778036798524573,0.20943371139258282,-0.3201334498205131,0.810477483676528,0.6542075234874847,0.00890851885540403,2.42861286636753e-15,0.2629220353406338,-0.15485745653449273,1,4.216221728055612,1,4.216221728055612,-0.03342706722546755,-0.03342706722546755
events_gatefix.csv,"B(總債務/四季經營現金流<=3, gatefix)",建表年份 2010-2021,買方回來,6m,軸一 行業殺 vs 個別殺,行業殺,255,0,0,137,高,0.5058823529411764,0.05898634891460773,0.0015415886734182,129,126,0.30250041919859055,-0.1903256754237556,0.2110802187780078,-0.16028983156876475,1.5893831377457641,1.3168659341154392,0.058986348914607745,1.3877787807814457e-15,1.7251471777104237,0.041909616348592985,3,0.2978619154990133,13,0.8681220014882935,0.041909616348592985,0.008196881887457711
events_gatefix.csv,"B(總債務/四季經營現金流<=3, gatefix)",建表年份 2010-2021,買方回來,6m,軸二 200 日線位置,線下 10% 內,185,0,0,153,高,0.41081081081081083,-0.023429602934943273,-0.0475391621542482,76,109,0.24899415887196974,-0.21337644602967165,0.1894613611969302,-0.1831645764436829,1.166924295089933,1.0343777430958838,-0.023429602934943283,1.0408340855860843e-15,1.9922281935905384,-0.042678832017098184,2,-0.6289237905413432,10,-1.6239031875440832,-0.038582141859990614,-0.06498998181382645
events_gatefix.csv,"B(總債務/四季經營現金流<=3, gatefix)",建表年份 2010-2021,買方回來,6m,軸二 200 日線位置,線下逾 10%,870,0,4,591,高,0.5057471264367817,0.026590162049998475,0.00321812955108085,440,430,0.24934134800965496,-0.20134128404825466,0.18293887022678146,-0.17433963839384997,1.238401499167435,1.0493245937192148,0.026590162049998506,3.1225022567582528e-15,1.7251471777104237,0.021279507033023164,9,0.5168846998378067,44,1.556216315019819,0.012980394058684489,-0.015577720699237376
events_gatefix.csv,"B(總債務/四季經營現金流<=3, gatefix)",建表年份 2010-2021,買方回來,6m,軸二 200 日線位置,線之上,108,0,1,90,高,0.3611111111111111,-0.03728208536793175,-0.08958872017522809,39,69,0.3099777173356424,-0.2335593651569084,0.1450005286686777,-0.1980430400265558,1.3271902718497077,0.7321667484463702,-0.037282085367931705,4.163336342344337e-15,2.0910620379283267,-0.0853090626483298,2,-0.9237114049362861,6,-1.760334418949353,-0.07307317985647775,-0.10896461306609297
events_gatefix.csv,"B(總債務/四季經營現金流<=3, gatefix)",建表年份 2010-2021,買方回來,6m,軸二 250 日線位置(緩衝對照),線下 10% 內,190,0,1,171,高,0.42105263157894735,-0.03388118132451578,-0.042649733759130795,80,110,0.1965205961726614,-0.20144611041337196,0.16377993328384927,-0.1650758972399088,0.9755492214240161,0.9921492841915251,-0.03388118132451581,3.469446951953614e-15,0.7338272238232355,-0.04431391710568899,2,-0.2032892512014028,10,-0.795605372219188,-0.041202572596282745,-0.06421707738140148
events_gatefix.csv,"B(總債務/四季經營現金流<=3, gatefix)",建表年份 2010-2021,買方回來,6m,軸二 250 日線位置(緩衝對照),線下逾 10%,816,0,3,547,高,0.5036764705882353,0.028735234392278625,0.0018726940649329,411,405,0.2564351713788951,-0.20233803499413955,0.1865998321468005,-0.1774606197307089,1.267360194470221,1.0514999464667716,0.028735234392278625,0.0,1.7251471777104237,0.023079757537800456,9,0.5099516612045727,41,1.4669681658390228,0.014238698345883576,-0.014128318444489384
events_gatefix.csv,"B(總債務/四季經營現金流<=3, gatefix)",建表年份 2010-2021,買方回來,6m,軸二 250 日線位置(緩衝對照),線之上,157,0,1,122,高,0.40764331210191085,-0.014254952813017994,-0.062826634239686,64,93,0.3063496413135802,-0.23488607135175224,0.16078182378768974,-0.2173257734635619,1.3042477978815872,0.7398194021136077,-0.014254952813017988,6.938893903907228e-16,2.0910620379283267,-0.05162043915769076,2,-1.8245039725000438,8,-4.373122570012792,-0.04078269563330768,-0.0807060172145826
events_gatefix.csv,"B(總債務/四季經營現金流<=3, gatefix)",建表年份 2010-2021,買方回來,12m,總表(三格進場),全部,1163,0,5,763,高,0.4935511607910576,0.06916559354135075,-0.0048076243224479,574,589,0.40924132951390346,-0.26224947003801297,0.2840698637472959,-0.2172941996203139,1.5605039333524071,1.30730532266237,0.06916559354135077,1.3877787807814457e-15,7.021457922676005,0.056430936261919105,12,0.42545196241962585,59,1.1141885443137152,0.04015326313756653,-0.008319999229441226
events_gatefix.csv,"B(總債務/四季經營現金流<=3, gatefix)",建表年份 2010-2021,買方回來,12m,軸一 行業殺 vs 個別殺,個別殺,901,0,5,655,高,0.46392896781354054,0.0429774014727394,-0.02797016595768,418,483,0.4038957581076735,-0.2693701618262304,0.2603803435030537,-0.2304085770929163,1.4994079350489642,1.1300809491916215,0.04297740147273943,2.7755575615628914e-15,7.021457922676005,0.026439799000193144,10,0.7381037437123863,46,1.7852525292273815,0.011381946258319757,-0.03556380116805424
events_gatefix.csv,"B(總債務/四季經營現金流<=3, gatefix)",建表年份 2010-2021,買方回來,12m,軸一 行業殺 vs 個別殺,行業不明,7,0,0,7,低(樣本不足),0.5714285714285714,0.18146418697613412,0.0717422819862159,4,3,0.4200303026649398,-0.1366239672756068,0.40733131229384545,-0.108996644743488,3.074352992675342,3.7370995524904123,0.1814641869761341,2.7755575615628914e-15,0.7937163040858524,-0.08453240496015112,1,0.6248508057171009,1,0.6248508057171009,0.07942216745784773,0.07942216745784773
events_gatefix.csv,"B(總債務/四季經營現金流<=3, gatefix)",建表年份 2010-2021,買方回來,12m,軸一 行業殺 vs 個別殺,行業殺,255,0,0,137,高,0.596078431372549,0.15861449903066585,0.0924126792622015,152,103,0.423657730534956,-0.23251726008246118,0.3159413492346219,-0.1490715235936246,1.8220485239878867,2.1193943794114003,0.15861449903066588,2.7755575615628914e-15,3.19190012482648,0.13176838412649142,3,0.17902733584604688,13,0.4884291500279466,0.13176838412649142,0.08550145162060882
events_gatefix.csv,"B(總債務/四季經營現金流<=3, gatefix)",建表年份 2010-2021,買方回來,12m,軸二 200 日線位置,線下 10% 內,185,0,0,153,高,0.3621621621621622,-0.005346593958382641,-0.0987851636646909,67,118,0.44003163921012267,-0.25823084499473736,0.3197557983104822,-0.22856542693824156,1.7040243167662266,1.3989683505234598,-0.005346593958382606,3.469446951953614e-15,3.640024427571196,-0.04445659850065694,2,-5.484387370753899,10,-13.688715623619846,-0.03504828673744708,-0.08302228953591209
events_gatefix.csv,"B(總債務/四季經營現金流<=3, gatefix)",建表年份 2010-2021,買方回來,12m,軸二 200 日線位置,線下逾 10%,870,0,4,591,高,0.5494252873563218,0.09633819542308474,0.0453012804983588,478,392,0.37912945326409536,-0.2484940016381476,0.27401738149261134,-0.1970277933042041,1.5257086720997663,1.3907549635372405,0.09633819542308471,2.7755575615628914e-15,3.19190012482648,0.0876301761370199,9,0.21730523914804767,44,0.7059470738158142,0.07619158968640487,0.02983755398630985
events_gatefix.csv,"B(總債務/四季經營現金流<=3, gatefix)",建表年份 2010-2021,買方回來,12m,軸二 200 日線位置,線之上,108,0,1,90,高,0.26851851851851855,-0.022088193029555385,-0.17537758956769528,29,79,0.8344318846091303,-0.33650695570704764,0.4136920970220097,-0.3363839007363407,2.479686884498044,1.2298213324610427,-0.022088193029555364,2.0816681711721685e-15,7.021457922676005,-0.15221166377875472,2,-4.753534556783839,6,-7.312358298058679,-0.12948301551307126,-0.19440526724295518
events_gatefix.csv,"B(總債務/四季經營現金流<=3, gatefix)",建表年份 2010-2021,買方回來,12m,軸二 250 日線位置(緩衝對照),線下 10% 內,190,0,1,171,高,0.3526315789473684,-0.04085537066871146,-0.11669347282211275,67,123,0.3503775512414155,-0.25396598666853676,0.2856505439142978,-0.2330058801488921,1.3796239245955015,1.225937061037968,-0.040855370668711505,4.163336342344337e-15,1.7846921630808308,-0.06874444937128915,2,-0.4459835757960021,10,-1.315475059048566,-0.059704665129269974,-0.09985512469000714
events_gatefix.csv,"B(總債務/四季經營現金流<=3, gatefix)",建表年份 2010-2021,買方回來,12m,軸二 250 日線位置(緩衝對照),線下逾 10%,816,0,3,547,高,0.5600490196078431,0.10692350762757681,0.05605707220385445,457,359,0.3852311995136735,-0.2473567575310477,0.2745994692332756,-0.1945621080435202,1.557391046676055,1.4113717824842462,0.10692350762757682,1.3877787807814457e-15,3.19190012482648,0.09767615610924382,9,0.20851909655548817,41,0.6399437912118443,0.08557172015351804,0.040535166185755964
events_gatefix.csv,"B(總債務/四季經營現金流<=3, gatefix)",建表年份 2010-2021,買方回來,12m,軸二 250 日線位置(緩衝對照),線之上,157,0,1,122,高,0.3184713375796178,0.006067028608556919,-0.1403978457255864,50,107,0.7075713806011386,-0.32173874335059344,0.32485982089202003,-0.3279265137453498,2.199210990981306,0.9906482314641042,0.006067028608556846,7.28583859910259e-15,7.021457922676005,-0.0910855567092294,2,11.904876780329221,8,23.465891717123068,-0.06701387939129118,-0.14361939341631427
events_gatefix.csv,"B(總債務/四季經營現金流<=3, gatefix)",驗證年份 2022-2026,觸發日即買,1m,總表(三格進場),全部,1689,22,0,878,高,0.5014801657785672,0.005969253348570268,9.928677449133616e-05,847,842,0.09641349294904372,-0.08501206605950694,0.0724016688991673,-0.068201207245486,1.1341153958257641,1.0615892566030685,0.0059692533485702776,9.54097911787244e-16,0.914636785560262,0.004577863471134495,17,0.8521896059580929,85,2.537058892759061,0.0008912886230349218,-0.009661305279906409
events_gatefix.csv,"B(總債務/四季經營現金流<=3, gatefix)",驗證年份 2022-2026,觸發日即買,1m,軸一 行業殺 vs 個別殺,個別殺,1309,10,0,760,高,0.4935064935064935,0.0038751647966335035,-0.0014829428600525,646,663,0.09654150998792538,-0.08641512026154831,0.06903945475876319,-0.0677263801104208,1.1171830774027511,1.0193879348962924,0.0038751647966335026,8.673617379884035e-17,0.914636785560262,0.0020741191618612797,14,1.4055179214280449,66,3.9834068066560193,-0.001588437408911378,-0.012175061687713548
events_gatefix.csv,"B(總債務/四季經營現金流<=3, gatefix)",驗證年份 2022-2026,觸發日即買,1m,軸一 行業殺 vs 個別殺,行業不明,5,0,0,5,低(樣本不足),0.6,-0.022088875452412126,0.0167464446116818,3,2,0.07802546144229983,-0.17226038079448003,0.0533153674676643,-0.17226038079448003,0.4529507080063305,0.3095045257752777,-0.022088875452412116,1.0408340855860843e-15,0.1640145722475534,-0.17226038079448003,1,-1.485042301957865,1,-1.485042301957865,-0.06861473737740349,-0.06861473737740349
events_gatefix.csv,"B(總債務/四季經營現金流<=3, gatefix)",驗證年份 2022-2026,觸發日即買,1m,軸一 行業殺 vs 個別殺,行業殺,375,12,0,165,高,0.528,0.013653126837877302,0.0076252194589316,198,177,0.09627442773390577,-0.07877070128310366,0.08078688990301261,-0.0685606172078503,1.2222111288294022,1.178327926338481,0.013653126837877325,2.2551405187698492e-15,0.5190344119868899,0.00988979902616999,4,0.35002886103287406,19,1.0445490969848221,0.00896981644334004,-0.0006406964237851236
events_gatefix.csv,"B(總債務/四季經營現金流<=3, gatefix)",驗證年份 2022-2026,觸發日即買,1m,軸二 200 日線位置,線下 10% 內,329,5,0,252,高,0.44984802431610943,-0.0020851195764095007,-0.0118160446438531,148,181,0.09797081706475111,-0.08389881362553529,0.08285172357230525,-0.0617704427986645,1.1677258930266075,1.341284274784194,-0.002085119576409493,7.806255641895632e-16,0.484710453679422,-0.005610881007230514,4,-2.1413932610022277,17,-6.306780242481905,-0.006630798192925444,-0.01606565052062778
events_gatefix.csv,"B(總債務/四季經營現金流<=3, gatefix)",驗證年份 2022-2026,觸發日即買,1m,軸二 200 日線位置,線下逾 10%,1183,6,0,697,高,0.5164835164835165,0.006417434490098121,0.0038548535305418,611,572,0.09046571524002886,-0.08336141085641881,0.0654205002339749,-0.06837764972392629,1.0852229384150716,0.9567526888992114,0.006417434490098128,7.806255641895632e-16,0.7225226504839646,0.004928649648784861,12,0.6900554681030749,60,2.2266160699637845,0.0020094318073629065,-0.008292301467091397
events_gatefix.csv,"B(總債務/四季經營現金流<=3, gatefix)",驗證年份 2022-2026,觸發日即買,1m,軸二 200 日線位置,線之上,177,11,0,127,高,0.4971751412429379,0.017944905336654424,-0.000696495819332,88,89,0.13509085898408213,-0.09788480164057747,0.09626440819725265,-0.0732577778001777,1.3801004519590419,1.3140503450681948,0.017944905336654438,1.3877787807814457e-15,0.914636785560262,0.004839117278871827,2,0.5167317906322668,9,1.3454469639792168,0.008771313152396404,-0.006531103053197522
events_gatefix.csv,"B(總債務/四季經營現金流<=3, gatefix)",驗證年份 2022-2026,觸發日即買,1m,軸二 250 日線位置(緩衝對照),線下 10% 內,309,6,0,242,高,0.4401294498381877,-0.003187975222057557,-0.0145096569882969,136,173,0.10293144943281135,-0.08661133795652096,0.0840371456536194,-0.0695747978892645,1.1884292733646848,1.2078676216548012,-0.0031879752220575416,1.5178830414797062e-15,0.7225226504839646,-0.007732154928558007,4,-1.7308087435199007,16,-4.594532662252952,-0.008819924389018187,-0.01880916906290962
events_gatefix.csv,"B(總債務/四季經營現金流<=3, gatefix)",驗證年份 2022-2026,觸發日即買,1m,軸二 250 日線位置(緩衝對照),線下逾 10%,1111,4,0,671,高,0.5175517551755175,0.006136978960021059,0.0039923454277326,575,536,0.08897212058300231,-0.08272534647508012,0.065791006831029,-0.06724935963479986,1.0755122145037368,0.9783142499543415,0.00613697896002105,8.673617379884035e-16,0.5489794551578135,0.004764106894872665,12,0.7324604292241835,56,2.256641978785009,0.0016598124844328889,-0.008121341954233193
events_gatefix.csv,"B(總債務/四季經營現金流<=3, gatefix)",驗證年份 2022-2026,觸發日即買,1m,軸二 250 日線位置(緩衝對照),線之上,269,12,0,192,高,0.5055762081784386,0.015795426114377596,0.0026353415086699,136,133,0.12135722110111287,-0.09214746199235922,0.08910706884967151,-0.0700983416838969,1.316989296039165,1.271172280387074,0.015795426114377592,3.469446951953614e-16,0.914636785560262,0.007198224762042992,3,0.5493665627679853,14,1.3196815498942893,0.007198224762042992,-0.00532673409842924
events_gatefix.csv,"B(總債務/四季經營現金流<=3, gatefix)",驗證年份 2022-2026,觸發日即買,3m,總表(三格進場),全部,1567,144,0,831,高,0.4779834077855775,0.006100472253822404,-0.0087349406963624,749,818,0.17642693628766337,-0.14985860055956013,0.1315480392838759,-0.1246340839792343,1.1772893622981877,1.0554740331368229,0.006100472253822389,1.474514954580286e-15,1.5379776085719985,0.0036424639764653113,16,1.4962132250568987,79,4.633613295693647,-0.0030583627098165404,-0.02334362121127645
events_gatefix.csv,"B(總債務/四季經營現金流<=3, gatefix)",驗證年份 2022-2026,觸發日即買,3m,軸一 行業殺 vs 個別殺,個別殺,1241,78,0,722,高,0.47139403706688154,0.00010107171176963533,-0.0118707926786785,585,656,0.17452854520729702,-0.1554478185243333,0.1288948126886373,-0.13194709147746786,1.1227468282546333,0.9768674037854652,0.00010107171176963747,2.1412992906588713e-16,1.5379776085719985,-0.002885111845793438,13,91.42363105202597,63,284.9172317043975,-0.009236022416933266,-0.030230676363405096
events_gatefix.csv,"B(總債務/四季經營現金流<=3, gatefix)",驗證年份 2022-2026,觸發日即買,3m,軸一 行業殺 vs 個別殺,行業不明,5,0,0,5,低(樣本不足),0.6,0.01514462335191552,0.0137066532772163,3,2,0.0811784566415807,-0.08390612658258226,0.0441877598938091,-0.08390612658258226,0.9674914091247327,0.5266332947728023,0.015144623351915514,6.938893903907228e-16,0.1856409567537167,-0.08390612658258226,1,2.4515757498879824,1,2.4515757498879824,-0.02747945999853478,-0.02747945999853478
events_gatefix.csv,"B(總債務/四季經營現金流<=3, gatefix)",驗證年份 2022-2026,觸發日即買,3m,軸一 行業殺 vs 個別殺,行業殺,321,66,0,150,高,0.5015576323987538,0.029153541777800652,0.001527074011282,161,160,0.18509963331221355,-0.12776721282870235,0.1458304668286074,-0.10281698877889085,1.448725609756995,1.418349910462925,0.02915354177780062,3.1225022567582528e-15,1.2201125721561443,0.02051129512046875,4,0.3703602492436867,17,0.9523813438267474,0.018587853116538974,0.0014658850222698586
events_gatefix.csv,"B(總債務/四季經營現金流<=3, gatefix)",驗證年份 2022-2026,觸發日即買,3m,軸二 200 日線位置,線下 10% 內,300,34,0,233,高,0.5066666666666667,0.01521440863816648,0.008169676996856851,152,148,0.17844669084540568,-0.15242955687197104,0.1307737669304408,-0.11896092668626435,1.1706829994611019,1.0993001700073375,0.015214408638166504,2.42861286636753e-15,1.5379776085719985,0.003741141492766157,3,0.7565643091413096,15,2.0869096999401653,0.003741141492766157,-0.01740704034492273
events_gatefix.csv,"B(總債務/四季經營現金流<=3, gatefix)",驗證年份 2022-2026,觸發日即買,3m,軸二 200 日線位置,線下逾 10%,1146,43,0,671,高,0.47294938917975565,0.0034036880807183606,-0.0105507135448491,542,604,0.1715044292716815,-0.14744167901448366,0.1311404290806439,-0.1237333636899032,1.1632018193094102,1.0598631215530847,0.0034036880807183506,9.97465998686664e-16,1.1045361818197938,0.0006465553173186576,12,2.4446992258544347,58,7.742681616539764,-0.0049693405144729235,-0.024173421753344013
events_gatefix.csv,"B(總債務/四季經營現金流<=3, gatefix)",驗證年份 2022-2026,觸發日即買,3m,軸二 200 日線位置,線之上,121,67,0,110,高,0.45454545454545453,0.009045379254434069,-0.0161298821996904,55,66,0.21935413828557945,-0.1662119199381871,0.1563502647898229,-0.15572577426390635,1.3197256753135125,1.0040101937451806,0.009045379254434063,5.204170427930421e-16,0.9042121479456776,-0.012198617326475827,2,1.605054893818499,7,4.337387537295868,-0.005564933353824351,-0.032041581186468444
events_gatefix.csv,"B(總債務/四季經營現金流<=3, gatefix)",驗證年份 2022-2026,觸發日即買,3m,軸二 250 日線位置(緩衝對照),線下 10% 內,290,25,0,228,高,0.4724137931034483,-0.013515835793474889,-0.01458238009592905,137,153,0.15507544369455523,-0.16447665468144954,0.112922050776937,-0.1362950361832072,0.9428416695056078,0.8285118368151548,-0.013515835793474887,1.734723475976807e-16,0.6675272342277536,-0.02015348268287956,3,-0.47567628698867076,15,-1.790467645215042,-0.02015348268287956,-0.03977271170589819
events_gatefix.csv,"B(總債務/四季經營現金流<=3, gatefix)",驗證年份 2022-2026,觸發日即買,3m,軸二 250 日線位置(緩衝對照),線下逾 10%,1076,39,0,646,高,0.47862453531598514,0.007993690556316477,-0.0088362025752136,515,561,0.17491370731913763,-0.14523947991222702,0.1319143898135559,-0.117294488910681,1.204312404759668,1.1246426924116433,0.007993690556316477,0.0,1.2201125721561443,0.004866614739621587,11,1.10332135239906,54,3.4140480982142756,-0.0008344495368803062,-0.020316768248594505
events_gatefix.csv,"B(總債務/四季經營現金流<=3, gatefix)",驗證年份 2022-2026,觸發日即買,3m,軸二 250 日線位置(緩衝對照),線之上,201,80,0,169,高,0.48258706467661694,0.024267767976372607,-0.0053421980012851,97,104,0.21461732189639113,-0.15326979673749078,0.1514187209022801,-0.13988422507772225,1.4002584101026236,1.0824574452061986,0.024267767976372645,3.816391647148976e-15,1.5379776085719985,0.00799558482720846,3,0.6754440808934876,11,1.6564170716057784,0.00799558482720846,-0.016852027447796108
events_gatefix.csv,"B(總債務/四季經營現金流<=3, gatefix)",驗證年份 2022-2026,觸發日即買,6m,總表(三格進場),全部,1373,338,0,744,高,0.41223597960670066,-0.011940436600938641,-0.0498487383458351,566,807,0.2656833522329833,-0.20665551030601897,0.1807327696848213,-0.1787361975927808,1.2856340091757286,1.0111704966253636,-0.011940436600938659,1.734723475976807e-15,3.397946482669285,-0.017442944462976086,14,-1.314901874824268,69,-3.708620953355551,-0.027925687526295533,-0.05919797947141326
events_gatefix.csv,"B(總債務/四季經營現金流<=3, gatefix)",驗證年份 2022-2026,觸發日即買,6m,軸一 行業殺 vs 個別殺,個別殺,1095,224,0,654,高,0.4009132420091324,-0.026855328856342744,-0.0588504162844174,439,656,0.2537852263955903,-0.2146620418984138,0.1707379033021034,-0.1866205063498188,1.1822547859471637,0.9148935807839703,-0.026855328856342772,2.7755575615628914e-15,2.4249454197243,-0.03208572735284547,11,-0.5156542158643731,55,-1.5419301115764277,-0.04111643420433241,-0.07187450397929454
events_gatefix.csv,"B(總債務/四季經營現金流<=3, gatefix)",驗證年份 2022-2026,觸發日即買,6m,軸一 行業殺 vs 個別殺,行業不明,3,2,0,3,低(樣本不足),0.3333333333333333,-0.0716337095086218,-0.1009803445989245,1,2,0.1019391031872622,-0.1584201158565638,0.1019391031872622,-0.1584201158565638,0.6434732270967378,0.6434732270967378,-0.0716337095086218,0.0,0.1019391031872622,,1,-0.4743535033367349,1,-0.4743535033367349,-0.1584201158565638,-0.1584201158565638
events_gatefix.csv,"B(總債務/四季經營現金流<=3, gatefix)",驗證年份 2022-2026,觸發日即買,6m,軸一 行業殺 vs 個別殺,行業殺,275,112,0,127,高,0.4581818181818182,0.048099151902299686,-0.0297298042202366,126,149,0.30843749105569174,-0.1720527322139915,0.21695603498585364,-0.1434860596315791,1.7926916189396571,1.5120356328894888,0.04809915190229974,5.551115123125783e-15,3.397946482669285,0.025622669486974167,3,0.47310610574413337,14,1.158512326992435,0.025622669486974167,-0.008033275233559112
events_gatefix.csv,"B(總債務/四季經營現金流<=3, gatefix)",驗證年份 2022-2026,觸發日即買,6m,軸二 200 日線位置,線下 10% 內,251,83,0,198,高,0.3904382470119522,-0.011279823570528686,-0.046964734588247,98,153,0.31355634024731627,-0.21934481738849473,0.2018559664896405,-0.1932020155685542,1.429513329653729,1.0447922393336295,-0.011279823570528688,1.734723475976807e-16,3.397946482669285,-0.03988007854584784,3,-2.493266004935555,13,-5.256005573976067,-0.03988007854584784,-0.07442111941934543
events_gatefix.csv,"B(總債務/四季經營現金流<=3, gatefix)",驗證年份 2022-2026,觸發日即買,6m,軸二 200 日線位置,線下逾 10%,1020,169,0,606,高,0.4166666666666667,-0.015874293824217095,-0.051211937965839,425,595,0.24619589958609547,-0.2030672891172975,0.1734076264474153,-0.1767250343720883,1.2123858089418118,0.9812284211093245,-0.015874293824217067,2.7755575615628914e-15,1.6797225587949196,-0.020670290837582376,11,-0.843672067632359,51,-2.472854538574893,-0.029586057442457774,-0.05803064563589868
events_gatefix.csv,"B(總債務/四季經營現金流<=3, gatefix)",驗證年份 2022-2026,觸發日即買,6m,軸二 200 日線位置,線之上,102,86,0,93,高,0.4215686274509804,0.02577250944917043,-0.0158638140606144,43,59,0.34918601617537176,-0.20993563952077293,0.2618987756466175,-0.182281202758931,1.6633003189571351,1.4367843292815095,0.025772509449170436,6.938893903907228e-16,1.232710075141248,-0.007607117018496673,2,0.9257859938821685,6,2.2962154273605697,0.0019509347974112578,-0.03549464462167393
events_gatefix.csv,"B(總債務/四季經營現金流<=3, gatefix)",驗證年份 2022-2026,觸發日即買,6m,軸二 250 日線位置(緩衝對照),線下 10% 內,249,66,0,198,高,0.36947791164658633,-0.034575935783462755,-0.0846991211758004,92,157,0.28469364965623567,-0.22166384572264908,0.19692468374833244,-0.1804477985420423,1.284348598789768,1.0913110901846288,-0.034575935783462755,0.0,3.397946482669285,-0.05732160983779596,3,-0.6378728948127912,13,-1.3711533677839172,-0.05732160983779596,-0.08650096100734027
events_gatefix.csv,"B(總債務/四季經營現金流<=3, gatefix)",驗證年份 2022-2026,觸發日即買,6m,軸二 250 日線位置(緩衝對照),線下逾 10%,958,157,0,583,高,0.42275574112734865,-0.01112757832824291,-0.047243643096868446,405,553,0.2480935159814637,-0.20097304522775683,0.1734076264474153,-0.1767250343720883,1.2344616448454897,0.9812284211093245,-0.011127578328242932,2.2551405187698492e-15,1.6797225587949196,-0.01622002735034193,10,-1.2367546626895007,48,-3.6758818330070016,-0.025152211894846087,-0.054775746388655955
events_gatefix.csv,"B(總債務/四季經營現金流<=3, gatefix)",驗證年份 2022-2026,觸發日即買,6m,軸二 250 日線位置(緩衝對照),線之上,166,115,0,144,高,0.41566265060240964,0.017321738526808288,-0.047025015216938096,69,97,0.3435809800435083,-0.2147595776036277,0.2169640900006897,-0.192171081311639,1.5998400810679585,1.129015294704225,0.01732173852680835,6.2450045135165055e-15,2.4249454197243,-0.012167112321155733,2,1.2720472146647748,9,3.469650311367098,-0.004769798167166909,-0.045230915497204795
events_gatefix.csv,"B(總債務/四季經營現金流<=3, gatefix)",驗證年份 2022-2026,觸發日即買,12m,總表(三格進場),全部,1169,542,0,641,高,0.40034217279726264,-0.026670620217349266,-0.1040827491719155,468,701,0.3811873762566869,-0.2989638332699155,0.25447878045470695,-0.2756353170661727,1.2750283941955514,0.9232444636026571,-0.026670620217349228,3.816391647148976e-15,3.532489196045592,-0.03450225761827773,12,-0.8597671600943791,59,-2.395824894252895,-0.050115589361524285,-0.0953827710420096
events_gatefix.csv,"B(總債務/四季經營現金流<=3, gatefix)",驗證年份 2022-2026,觸發日即買,12m,軸一 行業殺 vs 個別殺,個別殺,945,374,0,566,高,0.3798941798941799,-0.05137926342792048,-0.124663151089439,359,586,0.36770197933863585,-0.30812016130026476,0.2514570778198228,-0.29422485070314874,1.1933720201460893,0.854642553879735,-0.051379263427920485,6.938893903907228e-16,3.061586771067589,-0.059627345659624756,10,-0.4163516100552418,48,-1.1679759131345038,-0.07354940304086659,-0.11734962122773275
events_gatefix.csv,"B(總債務/四季經營現金流<=3, gatefix)",驗證年份 2022-2026,觸發日即買,12m,軸一 行業殺 vs 個別殺,行業不明,2,3,0,2,低(樣本不足),1.0,0.2809329643487099,0.2809329643487099,2,0,0.2809329643487099,,0.2809329643487099,,,,0.2809329643487099,0.0,0.3912031723355986,,1,0.6962571538062993,1,0.6962571538062993,0.1706627563618212,0.1706627563618212
events_gatefix.csv,"B(總債務/四季經營現金流<=3, gatefix)",驗證年份 2022-2026,觸發日即買,12m,軸一 行業殺 vs 個別殺,行業殺,222,165,0,106,高,0.481981981981982,0.0757368602549826,-0.02334120508620905,107,115,0.42830668763422197,-0.2523063704370053,0.2659677466225476,-0.2311690996108909,1.6975658874263724,1.1505332982229481,0.07573686025498261,1.3877787807814457e-15,3.532489196045592,0.04002570938859077,3,0.47865779897731553,12,1.0855656969861849,0.04002570938859077,-0.006850790220135039
events_gatefix.csv,"B(總債務/四季經營現金流<=3, gatefix)",驗證年份 2022-2026,觸發日即買,12m,軸二 200 日線位置,線下 10% 內,223,111,0,172,高,0.4170403587443946,-0.04164855378817329,-0.1311039200340207,93,130,0.358191260109572,-0.327687805268868,0.214507688515521,-0.31357559410197544,1.0930869393069904,0.6840701015964994,-0.04164855378817331,2.0816681711721685e-15,2.4576013817173674,-0.07043385577553335,3,-0.6683968300144814,12,-1.5725725224914766,-0.07043385577553335,-0.11323741844626885
events_gatefix.csv,"B(總債務/四季經營現金流<=3, gatefix)",驗證年份 2022-2026,觸發日即買,12m,軸二 200 日線位置,線下逾 10%,867,322,0,523,高,0.39792387543252594,-0.0308222790934942,-0.0973833771068963,345,522,0.36088168867662035,-0.28970708537834006,0.2521256180435587,-0.2684045008043531,1.2456778135244104,0.9393494419355491,-0.03082227909349422,2.0816681711721685e-15,3.532489196045592,-0.04124484872287838,9,-0.7063997610726027,44,-1.8847310829967123,-0.05314682684533605,-0.0936675897189292
events_gatefix.csv,"B(總債務/四季經營現金流<=3, gatefix)",驗證年份 2022-2026,觸發日即買,12m,軸二 200 日線位置,線之上,79,109,0,73,中,0.379746835443038,0.061172005503048285,-0.1219573865551775,30,49,0.6859907434835074,-0.3213700789747838,0.44888443092581676,-0.2661801889361394,2.134581867957077,1.6863930885311336,0.06117200550304833,4.163336342344337e-15,2.057862042741794,-0.01493761279954359,1,0.42583018821716884,4,1.592379969553728,0.0355734152820387,-0.03816971453116617
events_gatefix.csv,"B(總債務/四季經營現金流<=3, gatefix)",驗證年份 2022-2026,觸發日即買,12m,軸二 250 日線位置(緩衝對照),線下 10% 內,222,93,0,174,高,0.35585585585585583,-0.08699894376375106,-0.15149451542114906,79,143,0.3651231081875782,-0.33677266477182805,0.2116185338056395,-0.3195763547468855,1.0841827332837666,0.6621845786220574,-0.08699894376375109,2.7755575615628914e-15,2.4576013817173674,-0.11259182575298483,3,-0.2766857824823289,12,-0.689839567991701,-0.11259182575298483,-0.15541507226235549
events_gatefix.csv,"B(總債務/四季經營現金流<=3, gatefix)",驗證年份 2022-2026,觸發日即買,12m,軸二 250 日線位置(緩衝對照),線下逾 10%,811,304,0,501,高,0.406905055487053,-0.023989595343618622,-0.0885729250363874,330,481,0.3568671983765174,-0.2852842771058741,0.25065479019371234,-0.2623564123118443,1.2509178633916709,0.9553979946020031,-0.023989595343618608,1.3877787807814457e-15,3.532489196045592,-0.035109152408641285,9,-0.9702655533837168,41,-2.4394967695802316,-0.047796288382685216,-0.08690563901675014
events_gatefix.csv,"B(總債務/四季經營現金流<=3, gatefix)",驗證年份 2022-2026,觸發日即買,12m,軸二 250 日線位置(緩衝對照),線之上,136,145,0,117,高,0.4338235294117647,0.05581891400842749,-0.0980530362536849,59,77,0.5387252724925425,-0.31420024379108924,0.3396425708278594,-0.2556856347991924,1.714592153056187,1.3283600038563146,0.055818914008427506,1.3877787807814457e-15,2.235411545519791,0.009551287098350006,2,0.5655464408393203,7,1.6567709388235397,0.02461267699167582,-0.03864955593651041
events_gatefix.csv,"B(總債務/四季經營現金流<=3, gatefix)",驗證年份 2022-2026,跌勢衰竭,1m,總表(三格進場),全部,1647,37,33,860,高,0.4899817850637523,-0.0004067410639040896,-0.0037018779183151,807,840,0.09424151409258218,-0.09133667191067125,0.0687724693580926,-0.07267366619215215,1.0318036788635336,0.9463189757931761,-0.0004067410639040925,2.8731357570865868e-16,0.6256721723559786,-0.0014009632162849239,17,-10.92474331536211,83,-36.415913845646415,-0.004900868554228681,-0.016026224700542005
events_gatefix.csv,"B(總債務/四季經營現金流<=3, gatefix)",驗證年份 2022-2026,跌勢衰竭,1m,軸一 行業殺 vs 個別殺,個別殺,1282,23,19,744,高,0.47425897035881437,-0.0047175215911752725,-0.007670822751485401,608,674,0.09433427687786808,-0.09406988578876926,0.06837009457399121,-0.07583559973904674,1.0028105815892292,0.9015567201849181,-0.004717521591175264,8.673617379884035e-16,0.6256721723559786,-0.006005585359819435,13,-0.953099533560137,65,-3.172233217023934,-0.00930817791893023,-0.02073384845112792
events_gatefix.csv,"B(總債務/四季經營現金流<=3, gatefix)",驗證年份 2022-2026,跌勢衰竭,1m,軸一 行業殺 vs 個別殺,行業不明,5,0,0,5,低(樣本不足),0.6,-0.0040889499726588,0.0038698555176646,3,2,0.025876208726789834,-0.049036688021831754,0.0359474534822834,-0.049036688021831754,0.5276907917449364,0.7330726224062918,-0.004088949972658802,1.734723475976807e-16,0.0378113171804215,-0.049036688021831754,1,-1.8494389725113243,1,-1.8494389725113243,-0.014564016760928878,-0.014564016760928878
events_gatefix.csv,"B(總債務/四季經營現金流<=3, gatefix)",驗證年份 2022-2026,跌勢衰竭,1m,軸一 行業殺 vs 個別殺,行業殺,360,14,14,161,高,0.5444444444444444,0.014995569159722104,0.0126914261360202,196,164,0.09500016788157986,-0.08061968297127863,0.07232264792023721,-0.06428875881324825,1.1783743669076991,1.1249656900411862,0.014995569159722097,6.938893903907228e-16,0.4381969419239579,0.011756828538106072,4,0.2879180316072177,18,0.962103333969025,0.01079805276851968,0.0005981916593582993
events_gatefix.csv,"B(總債務/四季經營現金流<=3, gatefix)",驗證年份 2022-2026,跌勢衰竭,1m,軸二 200 日線位置,線下 10% 內,316,12,7,244,高,0.5063291139240507,0.0069365262438182695,0.00305081718464215,160,156,0.09927989040658082,-0.08777461648722024,0.0824599471524878,-0.07011039555160556,1.131077461569265,1.1761443720823428,0.0069365262438182765,6.938893903907228e-16,0.6256721723559786,0.002478150535562259,4,0.8046819748305474,16,2.1626954547426864,0.001372198205010447,-0.00849520447061171
events_gatefix.csv,"B(總債務/四季經營現金流<=3, gatefix)",驗證年份 2022-2026,跌勢衰竭,1m,軸二 200 日線位置,線下逾 10%,1169,13,9,686,高,0.48588537211291705,-0.0019531288996113695,-0.0045834685348102,568,601,0.09120459023831656,-0.08999569873379284,0.06176202972831505,-0.0726529214883456,1.0134327698049173,0.8500969880230133,-0.001953128899611363,6.505213034913027e-16,0.5057637588599584,-0.0032239823592398603,12,-2.2214568308830662,59,-7.39029604719528,-0.006357178036996642,-0.017258367930647153
events_gatefix.csv,"B(總債務/四季經營現金流<=3, gatefix)",驗證年份 2022-2026,跌勢衰竭,1m,軸二 200 日線位置,線之上,162,12,17,121,高,0.4876543209876543,-0.0035718342077217225,-0.0094255239965724,79,83,0.1058723057252795,-0.10774155775840964,0.0768730487550148,-0.0859630370536228,0.982650593958168,0.8942570131283546,-0.0035718342077217316,9.107298248878237e-16,0.4464844521312823,-0.011027867740545181,2,-1.433568171627898,9,-5.094234001117426,-0.008800955817771372,-0.02304804015005511
events_gatefix.csv,"B(總債務/四季經營現金流<=3, gatefix)",驗證年份 2022-2026,跌勢衰竭,1m,軸二 250 日線位置(緩衝對照),線下 10% 內,303,5,8,238,高,0.5181518151815182,0.0020681444158597274,0.0068775305235322,157,146,0.09324796523464936,-0.09598138893037295,0.0797013048307317,-0.08041084568385001,0.9715213154739147,0.9911760553307946,0.0020681444158597434,1.6046192152785466e-15,0.3475352776677276,-0.0011640020082147966,4,2.017480862220241,16,6.43538069781936,-0.0021324484987418485,-0.01186783668360577
events_gatefix.csv,"B(總債務/四季經營現金流<=3, gatefix)",驗證年份 2022-2026,跌勢衰竭,1m,軸二 250 日線位置(緩衝對照),線下逾 10%,1099,11,7,661,高,0.48771610555050043,-0.0009982052420349015,-0.0039651882885056,536,563,0.09100065951171461,-0.08858504628645719,0.060737261102392595,-0.070403405335339,1.0272688599997573,0.8627034560770815,-0.000998205242034915,1.3444106938820255e-15,0.5057637588599584,-0.0023476125075039575,11,-4.368024186247663,55,-14.696244042599446,-0.0054125647797874325,-0.016493498389709264
events_gatefix.csv,"B(總債務/四季經營現金流<=3, gatefix)",驗證年份 2022-2026,跌勢衰竭,1m,軸二 250 日線位置(緩衝對照),線之上,245,21,18,181,高,0.46530612244897956,-0.000814378486772152,-0.01252613277451,114,131,0.11084752484732309,-0.09798580581567944,0.08289562090053235,-0.081221860346203,1.1312610426028211,1.0206072669007462,-0.000814378486772141,1.1058862159352145e-15,0.6256721723559786,-0.006837647482676265,3,-7.293344306944653,13,-22.094548272352487,-0.006837647482676265,-0.01986158319960166
events_gatefix.csv,"B(總債務/四季經營現金流<=3, gatefix)",驗證年份 2022-2026,跌勢衰竭,3m,總表(三格進場),全部,1523,161,33,813,高,0.4727511490479317,0.00024034551349808492,-0.0148589736271366,720,803,0.1681342990011278,-0.1502996875015622,0.11827351038552765,-0.1268683792247197,1.118660336531839,0.9322536561772568,0.0002403455134980803,4.607859233063394e-16,3.1938156933140016,-0.0031926353785126636,16,40.13371710812641,77,116.12239948875403,-0.009505473859874788,-0.029142544143464923
events_gatefix.csv,"B(總債務/四季經營現金流<=3, gatefix)",驗證年份 2022-2026,跌勢衰竭,3m,軸一 行業殺 vs 個別殺,個別殺,1202,103,19,705,高,0.46589018302828616,-0.00537950873014664,-0.016907705707823052,560,642,0.1675600403196646,-0.1562302057206362,0.12056074807680589,-0.1367617471620429,1.0725201285293569,0.8815385192027332,-0.005379508730146643,2.6020852139652106e-16,1.0303512131369832,-0.007784595351538464,13,-1.537771371695232,61,-4.979477296817788,-0.013801227775844548,-0.033886339776138294
events_gatefix.csv,"B(總債務/四季經營現金流<=3, gatefix)",驗證年份 2022-2026,跌勢衰竭,3m,軸一 行業殺 vs 個別殺,行業不明,5,0,0,5,低(樣本不足),0.6,-0.009729942540201656,0.04380817534927,3,2,0.0962224055666727,-0.16865846470051318,0.0487485756138628,-0.16865846470051318,0.5705163137677959,0.28903723095325007,-0.009729942540201653,3.469446951953614e-16,0.1961104657368853,-0.16865846470051318,1,-4.031071405131255,1,-4.031071405131255,-0.06119004460947339,-0.06119004460947339
events_gatefix.csv,"B(總債務/四季經營現金流<=3, gatefix)",驗證年份 2022-2026,跌勢衰竭,3m,軸一 行業殺 vs 個別殺,行業殺,316,58,14,148,高,0.49683544303797467,0.021774890580363457,-0.0037995201285135,157,159,0.17155672283503076,-0.12612289346984262,0.1125501345431707,-0.105718763920789,1.3602345943328034,1.0646183361309463,0.021774890580363457,0.0,3.1938156933140016,0.006880806114249975,4,0.7654650670677342,16,1.4922521417239076,0.005172446508307251,-0.01129040247193366
events_gatefix.csv,"B(總債務/四季經營現金流<=3, gatefix)",驗證年份 2022-2026,跌勢衰竭,3m,軸二 200 日線位置,線下 10% 內,287,41,7,225,高,0.49825783972125437,0.01230330671078202,-0.0027686403890028,143,144,0.17734150075657346,-0.15158878876524695,0.1046378052396603,-0.11576893494910125,1.1698853338765547,0.9038504611419736,0.01230330671078203,1.0408340855860843e-15,3.1938156933140016,-0.0033658972340221962,3,1.270716947690381,15,2.8200006604986236,-0.0033658972340221962,-0.023626880733687128
events_gatefix.csv,"B(總債務/四季經營現金流<=3, gatefix)",驗證年份 2022-2026,跌勢衰竭,3m,軸二 200 日線位置,線下逾 10%,1121,61,9,659,高,0.46922390722569135,-0.003035510926608763,-0.0152627656043966,526,595,0.16082329763187772,-0.147892205551422,0.11774665542610604,-0.1256378349569589,1.0874359269458564,0.937191057665422,-0.0030355109266087255,3.7730235602495554e-15,1.0303512131369832,-0.005689661040523517,12,-2.6974014357467047,57,-8.410691170830864,-0.011344947029502698,-0.030096591012211873
events_gatefix.csv,"B(總債務/四季經營現金流<=3, gatefix)",驗證年份 2022-2026,跌勢衰竭,3m,軸二 200 日線位置,線之上,115,59,17,106,高,0.4434782608695652,0.0020678690416658083,-0.0590043083526422,51,64,0.21772168859322247,-0.1697812684134809,0.1527957653198683,-0.144764044102843,1.2823657793802594,1.0554814647988102,0.0020678690416658096,1.3010426069826053e-16,0.8238175799457532,-0.017683720215108036,2,6.45780861243527,6,16.434593880586267,-0.011485786269682035,-0.03367360246312037
events_gatefix.csv,"B(總債務/四季經營現金流<=3, gatefix)",驗證年份 2022-2026,跌勢衰竭,3m,軸二 250 日線位置(緩衝對照),線下 10% 內,275,33,8,219,高,0.4509090909090909,-0.0046585770662375256,-0.0194679931890094,124,151,0.18265441387950165,-0.15847851665081808,0.1066091978060959,-0.1376189805269427,1.1525499969308224,0.7746692890609244,-0.00465857706623754,1.474514954580286e-15,3.1938156933140016,-0.02107080595105259,3,-3.4736713200361007,14,-7.493221211816458,-0.02107080595105259,-0.041688657194861325
events_gatefix.csv,"B(總債務/四季經營現金流<=3, gatefix)",驗證年份 2022-2026,跌勢衰竭,3m,軸二 250 日線位置(緩衝對照),線下逾 10%,1055,55,7,636,高,0.4777251184834123,0.0009851920422087029,-0.0124324998345985,504,551,0.16071661886819685,-0.14512123104363164,0.11807912168922641,-0.1230787316197847,1.1074645502412832,0.9593787662193082,0.0009851920422087046,1.734723475976807e-16,1.0303512131369832,-0.0018240073099303076,11,8.247494638682786,53,25.979798574372936,-0.0072154057628347175,-0.025911619963950278
events_gatefix.csv,"B(總債務/四季經營現金流<=3, gatefix)",驗證年份 2022-2026,跌勢衰竭,3m,軸二 250 日線位置(緩衝對照),線之上,193,73,18,164,高,0.47668393782383417,0.003149105211102181,-0.0241760468708848,92,101,0.18919969619763696,-0.16632272024197894,0.13939572052501065,-0.132616538634555,1.137545705856511,1.0511186761489584,0.0031491052111022044,2.3418766925686896e-15,0.8238175799457532,-0.008476864727057625,2,2.5267458553572864,10,9.511246400784088,-0.004858227657188057,-0.028267444841426147
events_gatefix.csv,"B(總債務/四季經營現金流<=3, gatefix)",驗證年份 2022-2026,跌勢衰竭,6m,總表(三格進場),全部,1329,355,33,730,高,0.3927765237020316,-0.021271256777645773,-0.062343422184988,522,807,0.2676779123342264,-0.20817518029238835,0.16494032159095845,-0.1856520797370713,1.2858300973164267,0.8884377800914175,-0.021271256777645783,1.0408340855860843e-15,5.028545540148772,-0.02845802206889113,14,-0.8489958905047672,67,-2.168028230326055,-0.03974919376633059,-0.07096559023212515
events_gatefix.csv,"B(總債務/四季經營現金流<=3, gatefix)",驗證年份 2022-2026,跌勢衰竭,6m,軸一 行業殺 vs 個別殺,個別殺,1071,234,19,642,高,0.37254901960784315,-0.040493575483483674,-0.075443967327105,399,672,0.25618106034154353,-0.2166441405045936,0.1628113401643647,-0.19748676049440905,1.1824970652096247,0.8244164811695007,-0.040493575483483674,0.0,2.7093591860815387,-0.04621284275419873,11,-0.3733746136791147,54,-1.0375510698373576,-0.05618996305257515,-0.08688866936019049
events_gatefix.csv,"B(總債務/四季經營現金流<=3, gatefix)",驗證年份 2022-2026,跌勢衰竭,6m,軸一 行業殺 vs 個別殺,行業不明,3,2,0,3,低(樣本不足),0.0,-0.1972133267443548,-0.1310620701228515,0,3,,-0.1972133267443548,,-0.1310620701228515,,,-0.1972133267443548,0.0,-0.0774011983834809,,1,0.1308248275462897,1,0.1308248275462897,-0.25711939092479175,-0.25711939092479175
events_gatefix.csv,"B(總債務/四季經營現金流<=3, gatefix)",驗證年份 2022-2026,跌勢衰竭,6m,軸一 行業殺 vs 個別殺,行業殺,255,119,14,125,高,0.4823529411764706,0.06153238849236411,-0.0118018474678069,123,132,0.3049725785543927,-0.16530960679270798,0.176957055378486,-0.13620699123361835,1.8448569594434812,1.2991774781587702,0.06153238849236413,2.0816681711721685e-15,5.028545540148772,0.031334037680077864,3,0.49676255543846054,13,1.0207657059816784,0.031334037680077864,-0.0013464036751430696
events_gatefix.csv,"B(總債務/四季經營現金流<=3, gatefix)",驗證年份 2022-2026,跌勢衰竭,6m,軸二 200 日線位置,線下 10% 內,248,80,7,195,高,0.375,0.00013636012365079235,-0.07059595602359715,93,155,0.3438533767422804,-0.206093849847527,0.1664520328248133,-0.1840124166605223,1.6684310424433872,0.9045695711496171,0.00013636012365075834,3.40168431617327e-15,5.028545540148772,-0.036077567647041384,3,262.3751330193631,13,507.4763446015749,-0.036077567647041384,-0.07288369314921647
events_gatefix.csv,"B(總債務/四季經營現金流<=3, gatefix)",驗證年份 2022-2026,跌勢衰竭,6m,軸二 200 日線位置,線下逾 10%,984,198,9,595,高,0.4024390243902439,-0.025698341028317074,-0.057428883466543096,396,588,0.24298385490321073,-0.2066475750230195,0.16345836972860478,-0.18147325807349624,1.175836952725642,0.9007297905149448,-0.02569834102831707,3.469446951953614e-16,1.549405252963584,-0.03045999471391349,10,-0.5202151930460724,50,-1.5024421089535336,-0.03946810711688871,-0.06775125583297299
events_gatefix.csv,"B(總債務/四季經營現金流<=3, gatefix)",驗證年份 2022-2026,跌勢衰竭,6m,軸二 200 日線位置,線之上,97,77,17,90,中,0.3402061855670103,-0.03109432985868687,-0.0930324897463265,33,64,0.3493302927200803,-0.22725077587586368,0.2266266672266284,-0.2284460124160377,1.5372017603623185,0.9920359949811862,-0.031094329858686834,3.469446951953614e-15,1.7279322796280936,-0.07514663098932133,1,-0.5728933513757682,5,-1.9611464767519668,-0.049417523707507495,-0.09707893407475401
events_gatefix.csv,"B(總債務/四季經營現金流<=3, gatefix)",驗證年份 2022-2026,跌勢衰竭,6m,軸二 250 日線位置(緩衝對照),線下 10% 內,244,64,8,193,高,0.3401639344262295,-0.027046226569458022,-0.09298714501309249,83,161,0.333268293493704,-0.21279843256475273,0.1837096398028777,-0.1740094617802002,1.566121937445631,1.0557451182449509,-0.027046226569458015,6.938893903907228e-16,5.028545540148772,-0.056513225496845135,3,-1.063814359233491,13,-2.163580634135272,-0.056513225496845135,-0.09037814778694211
events_gatefix.csv,"B(總債務/四季經營現金流<=3, gatefix)",驗證年份 2022-2026,跌勢衰竭,6m,軸二 250 日線位置(緩衝對照),線下逾 10%,926,184,7,573,高,0.4114470842332613,-0.020150048106064924,-0.0547664491009443,381,545,0.2425113019381119,-0.20377201942135184,0.1605299655078722,-0.1813301160819702,1.190110902501567,0.8852912520902193,-0.020150048106064924,0.0,1.549405252963584,-0.025192883844746765,10,-0.7108154226660698,47,-2.000171223910396,-0.03484935600473525,-0.06368603924470698
events_gatefix.csv,"B(總債務/四季經營現金流<=3, gatefix)",驗證年份 2022-2026,跌勢衰竭,6m,軸二 250 日線位置(緩衝對照),線之上,159,107,18,139,高,0.36477987421383645,-0.018938845461178324,-0.0705563701690058,58,101,0.33913441103565717,-0.2245650719643116,0.21807977133907275,-0.2323306777363375,1.510183253651989,0.9386611077963732,-0.018938845461178383,5.898059818321144e-15,2.7093591860815387,-0.05546834305686723,2,-1.47355833027072,8,-3.314474364915608,-0.04744310760533113,-0.08604023149465563
events_gatefix.csv,"B(總債務/四季經營現金流<=3, gatefix)",驗證年份 2022-2026,跌勢衰竭,12m,總表(三格進場),全部,1158,526,33,633,高,0.4110535405872193,-0.02143796531586632,-0.10447953471995519,476,682,0.3785640227384195,-0.30061823850331504,0.2375470082688324,-0.27964423290105905,1.2592849476571093,0.8494614954311571,-0.02143796531586631,1.0408340855860843e-15,4.060473141568552,-0.03062469942236693,12,-1.2727701940261742,58,-3.2486148652004596,-0.04923376302597016,-0.09588414554882077
events_gatefix.csv,"B(總債務/四季經營現金流<=3, gatefix)",驗證年份 2022-2026,跌勢衰竭,12m,軸一 行業殺 vs 個別殺,個別殺,934,371,19,558,高,0.3929336188436831,-0.04466595028162726,-0.1167755518908919,367,567,0.3625333188295603,-0.3082323202354294,0.2233816686371239,-0.2855555308426426,1.176169061546354,0.7822705026162492,-0.044665950281627204,5.551115123125783e-15,3.56625000406416,-0.05484406519469958,10,-0.6068166558830211,47,-1.4910551420412335,-0.07254672438785681,-0.11716102857392793
events_gatefix.csv,"B(總債務/四季經營現金流<=3, gatefix)",驗證年份 2022-2026,跌勢衰竭,12m,軸一 行業殺 vs 個別殺,行業不明,2,3,0,2,低(樣本不足),1.0,0.2222473135003587,0.2222473135003587,2,0,0.2222473135003587,,0.2222473135003587,,,,0.2222473135003587,0.0,0.3706539719481132,,1,0.8338772831724578,1,0.8338772831724578,0.0738406550526042,0.0738406550526042
events_gatefix.csv,"B(總債務/四季經營現金流<=3, gatefix)",驗證年份 2022-2026,跌勢衰竭,12m,軸一 行業殺 vs 個別殺,行業殺,222,152,14,106,高,0.481981981981982,0.07409161756876548,-0.032834561772719956,107,115,0.4364696465984892,-0.26307750509367317,0.2622196156823868,-0.2229801359526045,1.6590914774073018,1.175977467957607,0.07409161756876542,5.551115123125783e-15,4.060473141568552,0.03869595064726431,3,0.4847860844737887,12,1.1307115902143796,0.03869595064726431,-0.010238040762767246
events_gatefix.csv,"B(總債務/四季經營現金流<=3, gatefix)",驗證年份 2022-2026,跌勢衰竭,12m,軸二 200 日線位置,線下 10% 內,221,107,7,170,高,0.4253393665158371,-0.023614874607867136,-0.1095330937516263,94,127,0.37300500558423644,-0.3171760457736762,0.19439303595226945,-0.3036730420586636,1.1760188404971714,0.6401392584420338,-0.02361487460786721,7.28583859910259e-15,3.56625000406416,-0.05916304256686049,3,-1.4713205261961766,12,-3.247240205063179,-0.05916304256686049,-0.10605678429055033
events_gatefix.csv,"B(總債務/四季經營現金流<=3, gatefix)",驗證年份 2022-2026,跌勢衰竭,12m,軸二 200 日線位置,線下逾 10%,860,322,9,518,高,0.4069767441860465,-0.02637746228810187,-0.1007611388571461,350,510,0.3652719210094807,-0.2951564508256585,0.24065786290850405,-0.2681501243295657,1.237553575358709,0.8974743663095501,-0.02637746228810184,3.1225022567582528e-15,4.060473141568552,-0.03794710366219069,9,-1.0249685992462627,43,-2.4989134033647784,-0.053978423338001805,-0.09714995404904064
events_gatefix.csv,"B(總債務/四季經營現金流<=3, gatefix)",驗證年份 2022-2026,跌勢衰竭,12m,軸二 200 日線位置,線之上,77,97,17,71,中,0.4155844155844156,0.039978454809520066,-0.1154859299908777,32,45,0.5402759982891003,-0.31578868722040376,0.3697535306336326,-0.2892662012356919,1.7108782554709325,1.2782465737584054,0.03997845480952006,6.938893903907228e-16,2.048303421011408,-0.030911430687715385,1,0.6653919781732963,4,2.160686287171781,0.013553126306863637,-0.048945043966287044
events_gatefix.csv,"B(總債務/四季經營現金流<=3, gatefix)",驗證年份 2022-2026,跌勢衰竭,12m,軸二 250 日線位置(緩衝對照),線下 10% 內,219,89,8,171,高,0.365296803652968,-0.06618483761564976,-0.1292528030240499,80,139,0.38110467899615186,-0.3236176529317946,0.23375747625330845,-0.3034743718761864,1.1776387213230088,0.7702708957205732,-0.06618483761564978,1.3877787807814457e-15,2.221079679080189,-0.0939780486706777,3,-0.4004820662886263,11,-0.9449549220421304,-0.0939780486706777,-0.13553417848577237
events_gatefix.csv,"B(總債務/四季經營現金流<=3, gatefix)",驗證年份 2022-2026,跌勢衰竭,12m,軸二 250 日線位置(緩衝對照),線下逾 10%,805,305,7,497,高,0.41366459627329194,-0.021857392226169982,-0.0905807765926691,333,472,0.3598679289458047,-0.29116784127334705,0.2354865063314679,-0.2640393740421372,1.2359466875600535,0.8918613263107016,-0.021857392226170003,2.0816681711721685e-15,4.060473141568552,-0.034203554878798816,9,-1.3214410584860836,41,-3.0657821565526517,-0.05131434853635522,-0.09363645709169806
events_gatefix.csv,"B(總債務/四季經營現金流<=3, gatefix)",驗證年份 2022-2026,跌勢衰竭,12m,軸二 250 日線位置(緩衝對照),線之上,134,132,18,115,高,0.4701492537313433,0.05421280853821596,-0.07056783377627525,63,71,0.4741600026165489,-0.3184163918411499,0.2622196156823868,-0.3035087281854548,1.4891193254055075,0.863960707983861,0.05421280853821597,1.3877787807814457e-15,3.56625000406416,-0.0017847708709688046,2,0.7728736723979347,7,1.7572504577173458,0.012499719083677004,-0.04331541989512382
events_gatefix.csv,"B(總債務/四季經營現金流<=3, gatefix)",驗證年份 2022-2026,買方回來,1m,總表(三格進場),全部,1618,32,67,854,高,0.4796044499381953,-0.0021428769449018037,-0.0057198599287467,776,842,0.09408712606302633,-0.09082991059591396,0.065733358514871,-0.07432773774498415,1.0358606041307596,0.8843718443362266,-0.0021428769449018115,7.806255641895632e-16,0.8952976135932049,-0.003523557453110262,17,-2.456606868254961,81,-7.333535735504887,-0.007485734267268432,-0.018798845741154376
events_gatefix.csv,"B(總債務/四季經營現金流<=3, gatefix)",驗證年份 2022-2026,買方回來,1m,軸一 行業殺 vs 個別殺,個別殺,1260,19,45,737,高,0.4714285714285714,-0.0049603307351970315,-0.0081525564230497,594,666,0.09285434704456308,-0.09220044875498307,0.0606922846666928,-0.0747701108899633,1.0070921378193907,0.8117185322355831,-0.004960330735197027,4.3368086899420177e-16,0.8952976135932049,-0.00674096031525077,13,-1.0989929255073738,63,-3.196870708849114,-0.010520241293430434,-0.021913543967107804
events_gatefix.csv,"B(總債務/四季經營現金流<=3, gatefix)",驗證年份 2022-2026,買方回來,1m,軸一 行業殺 vs 個別殺,行業不明,5,0,0,5,低(樣本不足),0.8,0.01499202107670718,0.0052702700843132,4,1,0.0579321990854313,-0.1567686909581893,0.05627437512417815,-0.1567686909581893,0.36953934316439496,0.35896437471169995,0.01499202107670719,1.0408340855860843e-15,0.1153101905757043,-0.07644941772026234,1,1.5382874661890593,1,1.5382874661890593,-0.0100875212980421,-0.0100875212980421
events_gatefix.csv,"B(總債務/四季經營現金流<=3, gatefix)",驗證年份 2022-2026,買方回來,1m,軸一 行業殺 vs 個別殺,行業殺,353,13,22,162,高,0.5042492917847026,0.007671053042814746,0.0021911584581872,178,175,0.09901347687694513,-0.08523724091418647,0.07398039417057445,-0.0689724578956207,1.1616222652798915,1.0726077687782636,0.007671053042814735,1.1275702593849246e-15,0.4697212378988598,0.004062806473354225,4,0.6088750050653903,18,1.9961061487904748,0.00303472844019329,-0.008051754136080334
events_gatefix.csv,"B(總債務/四季經營現金流<=3, gatefix)",驗證年份 2022-2026,買方回來,1m,軸二 200 日線位置,線下 10% 內,313,7,15,240,高,0.49201277955271566,5.6799263011324284e-05,-0.0007679907170143,154,159,0.0981310434982163,-0.09493334924152681,0.07643975131497635,-0.0724567160007549,1.033683571497662,1.0549712370925002,5.67992630113312e-05,6.918565113173125e-16,0.6139280533791474,-0.004804289772743775,4,106.9217521644055,16,271.2445801564705,-0.006094158074172799,-0.016176612473136974
events_gatefix.csv,"B(總債務/四季經營現金流<=3, gatefix)",驗證年份 2022-2026,買方回來,1m,軸二 200 日線位置,線下逾 10%,1154,8,29,681,高,0.464471403812825,-0.00634009555148063,-0.0091535812872665,536,618,0.08620277138898481,-0.08660381186230504,0.06264228169358385,-0.07270508170159046,0.9953692514833198,0.861594268619239,-0.006340095551480629,8.673617379884035e-17,0.560873599843575,-0.007657041155842646,12,-0.6487451594436464,58,-2.189078235746405,-0.010563042851098617,-0.021289047526541528
events_gatefix.csv,"B(總債務/四季經營現金流<=3, gatefix)",驗證年份 2022-2026,買方回來,1m,軸二 200 日線位置,線之上,151,17,23,120,高,0.5695364238410596,0.025374286094271413,0.0209409424854831,86,65,0.1359853914149682,-0.12097271479157358,0.07499728556633811,-0.0979821531581497,1.1240996918128214,0.7654178148676475,0.02537428609427142,6.938893903907228e-16,0.8952976135932049,0.011233970823918272,2,0.42005353295663267,8,1.10400734542474,0.014913254118739417,-0.002786754775843866
events_gatefix.csv,"B(總債務/四季經營現金流<=3, gatefix)",驗證年份 2022-2026,買方回來,1m,軸二 250 日線位置(緩衝對照),線下 10% 內,298,2,16,233,高,0.4966442953020134,-0.007207454213762574,-0.0006278408364410501,148,150,0.08938429329797229,-0.1025113117586743,0.06223196181185495,-0.08192577742570245,0.8719456591131639,0.7596139306495127,-0.007207454213762579,5.204170427930421e-16,0.423458707595109,-0.011111010720880549,3,-0.5260804414478895,15,-1.8793692564790592,-0.011111010720880549,-0.021852900282739725
events_gatefix.csv,"B(總債務/四季經營現金流<=3, gatefix)",驗證年份 2022-2026,買方回來,1m,軸二 250 日線位置(緩衝對照),線下逾 10%,1086,8,23,656,高,0.4631675874769797,-0.00523273272158142,-0.00826771622342135,503,583,0.08663104745630935,-0.08449084838106521,0.0638397841502016,-0.0687034705915053,1.025330543085466,0.9292075582291607,-0.0052327327215814165,3.469446951953614e-16,0.560873599843575,-0.006651928421004994,11,-0.7943141432009366,55,-2.6792906617740546,-0.009485241520276575,-0.020279806670173053
events_gatefix.csv,"B(總債務/四季經營現金流<=3, gatefix)",驗證年份 2022-2026,買方回來,1m,軸二 250 日線位置(緩衝對照),線之上,234,22,28,181,高,0.5341880341880342,0.018646983737126286,0.01537318968881625,125,109,0.12965854037027946,-0.1086598472641962,0.0861615645615401,-0.089182660331907,1.193251634663418,0.9661246282727671,0.01864698373712627,1.734723475976807e-15,0.8952976135932049,0.00926417231413677,3,0.5095506596059622,12,1.3400217948230164,0.00926417231413677,-0.006683104169054007
events_gatefix.csv,"B(總債務/四季經營現金流<=3, gatefix)",驗證年份 2022-2026,買方回來,3m,總表(三格進場),全部,1452,198,67,797,高,0.47107438016528924,0.004021772103986503,-0.013933227393705599,684,768,0.17265467497381445,-0.146166907014454,0.12664480263721245,-0.125273586721488,1.1812159024254454,1.0109457703863223,0.004021772103986493,1.0408340855860843e-15,3.396805041048303,-0.00012981410312913114,15,2.6182703444147437,73,7.217966686938242,-0.006576251005202332,-0.02633105126123726
events_gatefix.csv,"B(總債務/四季經營現金流<=3, gatefix)",驗證年份 2022-2026,買方回來,3m,軸一 行業殺 vs 個別殺,個別殺,1148,131,45,693,高,0.45993031358885017,-0.004157415752175517,-0.021070859681232998,528,620,0.16756414289350088,-0.15039771085688058,0.12256441170391946,-0.13159370453878386,1.1141402481381912,0.9313850699278456,-0.004157415752175514,3.469446951953614e-16,1.1256720008353378,-0.006913867849160696,12,-1.9510542266150357,58,-6.38595138050959,-0.012398358897611804,-0.03234039290369246
events_gatefix.csv,"B(總債務/四季經營現金流<=3, gatefix)",驗證年份 2022-2026,買方回來,3m,軸一 行業殺 vs 個別殺,行業不明,4,1,0,4,低(樣本不足),0.75,0.0006244850503599741,0.0366534396970328,3,1,0.04870637369618757,-0.1436211808871228,0.0487485756138628,-0.1436211808871228,0.33913085378728164,0.33942469566641503,0.0006244850503599741,0.0,0.0728122416944971,-0.1436211808871228,1,29.14891303343678,1,29.14891303343678,-0.023438100497685733,-0.023438100497685733
events_gatefix.csv,"B(總債務/四季經營現金流<=3, gatefix)",驗證年份 2022-2026,買方回來,3m,軸一 行業殺 vs 個別殺,行業殺,300,66,22,143,高,0.51,0.03536609479428152,0.0130566865142303,153,147,0.1926523602172029,-0.1283400181969223,0.1368064253439334,-0.0970866077249231,1.5011090299332903,1.4091173700449915,0.035366094794281544,2.0816681711721685e-15,3.396805041048303,0.016182488491246642,3,0.5470050142792519,15,1.098961639741672,0.016182488491246642,-0.0036840912969489464
events_gatefix.csv,"B(總債務/四季經營現金流<=3, gatefix)",驗證年份 2022-2026,買方回來,3m,軸二 200 日線位置,線下 10% 內,272,48,15,216,高,0.4742647058823529,0.014948510904984554,-0.01598755224194995,129,143,0.2043411084300788,-0.1559021539952753,0.1394451425826015,-0.1289184356474748,1.3107009954222408,1.0816540076852297,0.014948510904984544,1.0408340855860843e-15,3.396805041048303,-0.0038085657100185816,3,1.2519688746598767,14,2.6235450771960656,-0.0038085657100185816,-0.02558653531475284
events_gatefix.csv,"B(總債務/四季經營現金流<=3, gatefix)",驗證年份 2022-2026,買方回來,3m,軸二 200 日線位置,線下逾 10%,1069,93,29,640,高,0.4724041159962582,0.0005757820393975331,-0.0121452791273487,505,564,0.1599188308795021,-0.14209840176246913,0.1153247796135257,-0.12167624776870464,1.1254090749509027,0.947800262815036,0.0005757820393975516,1.8431436932253575e-15,1.5052366885388555,-0.0028452971591656365,11,14.853038604971495,54,44.81843939403418,-0.008059260535341263,-0.02657214921669231
events_gatefix.csv,"B(總債務/四季經營現金流<=3, gatefix)",驗證年份 2022-2026,買方回來,3m,軸二 200 日線位置,線之上,111,57,23,103,高,0.45045045045045046,0.010433397556005787,-0.0387426987988158,50,61,0.21953570200920705,-0.16096193396301162,0.1539036576835888,-0.1412714171437923,1.3638982621795253,1.0894182333213154,0.010433397556005822,3.469446951953614e-15,0.8383083659735373,-0.00875576139037444,2,1.2828505060759332,6,3.270954923056113,-0.0030052402518132753,-0.02504770557509941
events_gatefix.csv,"B(總債務/四季經營現金流<=3, gatefix)",驗證年份 2022-2026,買方回來,3m,軸二 250 日線位置(緩衝對照),線下 10% 內,265,35,16,212,高,0.4528301886792453,0.006161639034402387,-0.0244865535959911,120,145,0.20385533115653803,-0.15744693375633054,0.13262033563484504,-0.1275251579697821,1.29475580306969,1.0399542940873698,0.006161639034402408,2.0816681711721685e-15,3.396805041048303,-0.012818878053606394,3,3.0568810682763163,14,6.390751484683423,-0.012818878053606394,-0.03506854248919848
events_gatefix.csv,"B(總債務/四季經營現金流<=3, gatefix)",驗證年份 2022-2026,買方回來,3m,軸二 250 日線位置(緩衝對照),線下逾 10%,1004,90,23,615,高,0.4800796812749004,0.003378605470644768,-0.009937330019779901,482,522,0.15904012939917722,-0.14035483233309592,0.11526784628448364,-0.12270825921049115,1.1331289899711936,0.9393650193240507,0.00337860547064478,1.1709383462843448e-15,1.5052366885388555,-0.00025622165760160636,11,2.7609939575449647,51,7.7395409855798745,-0.006015611917430754,-0.02398880487270605
events_gatefix.csv,"B(總債務/四季經營現金流<=3, gatefix)",驗證年份 2022-2026,買方回來,3m,軸二 250 日線位置(緩衝對照),線之上,183,73,28,160,高,0.44808743169398907,0.004451687750515972,-0.0318776679787258,82,101,0.20702214113294004,-0.16001145261937288,0.1623822278156318,-0.1304914309660919,1.2937957736399894,1.2443899696205087,0.0044516877505159785,6.938893903907228e-16,0.8383083659735373,-0.007161502780737017,2,1.823681533621983,10,7.096258081407676,-0.003707289822209228,-0.028707344790592722
events_gatefix.csv,"B(總債務/四季經營現金流<=3, gatefix)",驗證年份 2022-2026,買方回來,6m,總表(三格進場),全部,1300,350,67,723,高,0.4053846153846154,-0.02192079623594148,-0.06643518271081975,527,773,0.2614691050260418,-0.21512451934728066,0.1709094668273825,-0.1969917131337658,1.215431443237514,0.8675972410642862,-0.021920796235941453,2.7755575615628914e-15,3.32550096723088,-0.027714409972074715,13,-0.6827942857421667,65,-1.9609990770140107,-0.03726079863107142,-0.06832363939161572
events_gatefix.csv,"B(總債務/四季經營現金流<=3, gatefix)",驗證年份 2022-2026,買方回來,6m,軸一 行業殺 vs 個別殺,個別殺,1053,226,45,634,高,0.39316239316239315,-0.03353570628080829,-0.0797735524971602,414,639,0.25692901841096544,-0.22172411946139406,0.17030427234430917,-0.2033682294853454,1.1587779400594311,0.837418277059747,-0.03353570628080828,1.3877787807814457e-15,2.3951213801980296,-0.03893626093451667,11,-0.40440507187537095,53,-1.2166835359554005,-0.04759490876885169,-0.07827796452220696
events_gatefix.csv,"B(總債務/四季經營現金流<=3, gatefix)",驗證年份 2022-2026,買方回來,6m,軸一 行業殺 vs 個別殺,行業不明,3,2,0,3,低(樣本不足),0.3333333333333333,-0.15407250346199017,-0.0774011983834809,1,2,0.0222632124819053,-0.2422403614339379,0.0222632124819053,-0.2422403614339379,0.09190546261621546,0.09190546261621546,-0.1540725034619902,2.7755575615628914e-15,0.0222632124819053,,1,-0.04816609492642243,1,-0.04816609492642243,-0.2422403614339379,-0.2422403614339379
events_gatefix.csv,"B(總債務/四季經營現金流<=3, gatefix)",驗證年份 2022-2026,買方回來,6m,軸一 行業殺 vs 個別殺,行業殺,244,122,22,123,高,0.45901639344262296,0.029829020972758948,-0.0262403665352583,112,132,0.28038697780448624,-0.1827656090662824,0.18322579795667854,-0.16165291488048367,1.5341342347552933,1.1334518656353618,0.029829020972758954,6.938893903907228e-16,3.32550096723088,0.004504467928139928,3,0.8508470951893509,13,1.8316288957327171,0.004504467928139928,-0.026202722460851584
events_gatefix.csv,"B(總債務/四季經營現金流<=3, gatefix)",驗證年份 2022-2026,買方回來,6m,軸二 200 日線位置,線下 10% 內,245,75,15,193,高,0.3836734693877551,-0.01617755511234732,-0.0797735524971602,94,151,0.30388452848643205,-0.21542150119370668,0.15584351427747606,-0.200178003108698,1.4106508719070692,0.7785246723280179,-0.01617755511234735,3.1225022567582528e-15,3.32550096723088,-0.0447641688198028,3,-1.7331717205295951,13,-3.7785396500109267,-0.0447641688198028,-0.081636839195794
events_gatefix.csv,"B(總債務/四季經營現金流<=3, gatefix)",驗證年份 2022-2026,買方回來,6m,軸二 200 日線位置,線下逾 10%,960,202,29,587,高,0.415625,-0.023993695037348276,-0.06121813201865365,399,561,0.24452117630175324,-0.2149695126207734,0.170102368953213,-0.1969917131337658,1.1374690918758874,0.8635001251941306,-0.02399369503734826,1.734723475976807e-15,1.5462099646901235,-0.028576877975987635,10,-0.488832480055738,48,-1.5498657127883593,-0.0360986197775053,-0.06440073715666798
events_gatefix.csv,"B(總債務/四季經營現金流<=3, gatefix)",驗證年份 2022-2026,買方回來,6m,軸二 200 日線位置,線之上,95,73,23,89,中,0.35789473684210527,-0.01578512492994195,-0.0788766549806169,34,61,0.3430918625470549,-0.21581492122859594,0.21188676487607655,-0.1910971460905045,1.5897504240851097,1.1087908386435348,-0.015785124929941954,3.469446951953614e-16,1.7279322796280936,-0.057326597002716334,1,-1.1522722131700827,5,-3.6556923979845246,-0.03433531008481467,-0.07757350203409821
events_gatefix.csv,"B(總債務/四季經營現金流<=3, gatefix)",驗證年份 2022-2026,買方回來,6m,軸二 250 日線位置(緩衝對照),線下 10% 內,241,59,16,191,高,0.34854771784232363,-0.04471994962078197,-0.1090144977976071,84,157,0.28597771120336024,-0.22165372993433577,0.17040277445487934,-0.200178003108698,1.2902003105839015,0.8512562409884241,-0.044719949620781976,6.938893903907228e-16,3.32550096723088,-0.06857684030958189,3,-0.5143842350014138,13,-1.1213134486234397,-0.06857684030958189,-0.10027400159259177
events_gatefix.csv,"B(總債務/四季經營現金流<=3, gatefix)",驗證年份 2022-2026,買方回來,6m,軸二 250 日線位置(緩衝對照),線下逾 10%,903,191,23,565,高,0.4263565891472868,-0.016817901222588465,-0.0536315945842379,385,518,0.24619773425200542,-0.21230249515640826,0.1685214684392926,-0.19505756863181428,1.1596553967518175,0.8639575978586581,-0.01681790122258847,6.938893903907228e-16,1.5462099646901235,-0.02166743310129247,10,-0.7672017228757803,46,-2.345430144563981,-0.030053441753850926,-0.05928307081408081
events_gatefix.csv,"B(總債務/四季經營現金流<=3, gatefix)",驗證年份 2022-2026,買方回來,6m,軸二 250 日線位置(緩衝對照),線之上,156,100,28,137,高,0.3717948717948718,-0.016236938744346723,-0.07932697505086775,58,98,0.3273441882865466,-0.21958087106875296,0.20271901280932791,-0.2003877166260325,1.4907682381132912,1.0116339275807316,-0.016236938744346716,6.938893903907228e-16,2.3951213801980296,-0.050239581970998384,2,-1.6277594914209883,8,-3.599460575304124,-0.0432208837918455,-0.07871797905707513
events_gatefix.csv,"B(總債務/四季經營現金流<=3, gatefix)",驗證年份 2022-2026,買方回來,12m,總表(三格進場),全部,1123,527,67,620,高,0.3846838824577026,-0.0195351048429811,-0.1069180816967565,432,691,0.411410183150522,-0.28895386665657496,0.22631444524228106,-0.2656603747143626,1.4237919288323206,0.8518938719619507,-0.019535104842981127,2.7755575615628914e-15,5.764461747877843,-0.030976938689149972,12,-1.5115753216185204,57,-3.9070823486487263,-0.049593830205231115,-0.10098611016598141
events_gatefix.csv,"B(總債務/四季經營現金流<=3, gatefix)",驗證年份 2022-2026,買方回來,12m,軸一 行業殺 vs 個別殺,個別殺,902,377,45,546,高,0.36807095343680707,-0.04095645463782713,-0.12125442651899146,332,570,0.3972386420403502,-0.29618587936967783,0.2178424838497601,-0.27025346441746334,1.341180217253185,0.8060673128439773,-0.04095645463782718,5.551115123125783e-15,4.060093723241976,-0.05198252451177893,10,-0.6701845063540127,46,-1.7756064408762298,-0.06917170632971235,-0.1197879174742567
events_gatefix.csv,"B(總債務/四季經營現金流<=3, gatefix)",驗證年份 2022-2026,買方回來,12m,軸一 行業殺 vs 個別殺,行業不明,2,3,0,2,低(樣本不足),0.5,0.13829968548917512,0.13829968548917512,1,1,0.3706539719481132,-0.094054600969763,0.3706539719481132,-0.094054600969763,3.940838280386436,3.940838280386436,0.13829968548917512,0.0,0.3706539719481132,,1,1.3400390992831461,1,1.3400390992831461,-0.094054600969763,-0.094054600969763
events_gatefix.csv,"B(總債務/四季經營現金流<=3, gatefix)",驗證年份 2022-2026,買方回來,12m,軸一 行業殺 vs 個別殺,行業殺,219,147,22,105,高,0.4520547945205479,0.06725205467431028,-0.0438827345565258,99,120,0.45934662617859706,-0.2562259668167263,0.2845221625204548,-0.2307566836055579,1.792740337309993,1.232996410222295,0.06725205467431028,0.0,5.764461747877843,0.020629859295519175,3,0.6974477793758135,11,1.3281582105402099,0.020629859295519175,-0.023236441095380818
events_gatefix.csv,"B(總債務/四季經營現金流<=3, gatefix)",驗證年份 2022-2026,買方回來,12m,軸二 200 日線位置,線下 10% 內,213,107,15,166,高,0.4084507042253521,-0.006057823046306877,-0.0983509487087525,87,126,0.41037509803787264,-0.29359483998538327,0.1958106974095284,-0.2738193359189996,1.3977599131452831,0.7151090946603293,-0.0060578230463069205,4.336808689942018e-15,4.060093723241976,-0.04694332690509196,3,-6.640063589332816,11,-14.192557469853748,-0.04694332690509196,-0.09704556770641698
events_gatefix.csv,"B(總債務/四季經營現金流<=3, gatefix)",驗證年份 2022-2026,買方回來,12m,軸二 200 日線位置,線下逾 10%,834,328,29,506,高,0.3800959232613909,-0.029233892780686253,-0.10832485051224824,317,517,0.3940659134312503,-0.2887813561640207,0.2250973127874047,-0.2617488222646853,1.3645822523509121,0.8599745008968257,-0.02923389278068622,3.1225022567582528e-15,5.764461747877843,-0.04317088093441323,9,-0.9885711765518931,42,-2.442672075451494,-0.05876786212457661,-0.10597981954743035
events_gatefix.csv,"B(總債務/四季經營現金流<=3, gatefix)",驗證年份 2022-2026,買方回來,12m,軸二 200 日線位置,線之上,76,92,23,70,中,0.3684210526315789,0.04912447564852539,-0.11033064151922385,28,48,0.6109882512151515,-0.27862939343200654,0.37943031478301303,-0.25312424151070345,2.1928348753493947,1.4989884513568752,0.04912447564852537,1.3877787807814457e-15,2.048303421011408,-0.0227174396334287,1,0.548634065747849,4,1.7715347094188894,0.022468756377020272,-0.04000686238066481
events_gatefix.csv,"B(總債務/四季經營現金流<=3, gatefix)",驗證年份 2022-2026,買方回來,12m,軸二 250 日線位置(緩衝對照),線下 10% 內,211,89,16,165,高,0.36018957345971564,-0.05565379617913014,-0.1599519884442867,76,135,0.40128486494051,-0.312893338735372,0.23767052961944118,-0.3063030496850707,1.2824973090267502,0.775932625756763,-0.05565379617913016,2.0816681711721685e-15,2.614167005250864,-0.08711734288962301,3,-0.5430880475115833,11,-1.268176664356852,-0.08711734288962301,-0.13317543707407617
events_gatefix.csv,"B(總債務/四季經營現金流<=3, gatefix)",驗證年份 2022-2026,買方回來,12m,軸二 250 日線位置(緩衝對照),線下逾 10%,782,312,23,485,高,0.38618925831202044,-0.025829887572134454,-0.0989761756391082,302,480,0.38558130294255627,-0.28467609493762736,0.2178424838497601,-0.2572765948476915,1.3544562040835824,0.8467248409390815,-0.025829887572134475,2.0816681711721685e-15,5.764461747877843,-0.04068409185983851,8,-1.1161328787555735,40,-2.8072271244888154,-0.055224430153147014,-0.103641609696945
events_gatefix.csv,"B(總債務/四季經營現金流<=3, gatefix)",驗證年份 2022-2026,買方回來,12m,軸二 250 日線位置(緩衝對照),線之上,130,126,28,113,高,0.4153846153846154,0.07695384874259872,-0.05609049920368725,54,76,0.5701110351276808,-0.2734473100046965,0.34321642597907753,-0.25312424151070345,2.084902700699045,1.3559208076266551,0.07695384874259872,0.0,4.060093723241976,0.016346159110731822,2,0.6105954556942136,7,1.3692410147633265,0.030434399939722256,-0.030031603544356827
