group,holding_month,pick,decision_month,rel_1m_pct,rel_3m_pct,rel_6m_pct,fwd_rel_1m_pct,months_since_last_peak,cycle_phase_at_entry
main_12_1,2000-01,XLK,1999-12,9.199480795846426,14.210643262436129,23.47950999594555,-3.4517880588482153,,上升段(未見頂)
main_12_1,2000-01,XLE,1999-12,-4.7389021453264295,-13.39591868477802,-9.694270613168143,5.733483915569526,4.698151950718686,已見頂(下降段)
main_12_1,2000-01,XLI,1999-12,2.257148057302638,-9.584388558368495,-7.307051266743891,-2.162543127282446,,上升段(未見頂)
main_12_1,2000-02,XLK,2000-01,-1.23107792106939,16.502455390568848,19.560298982053514,12.377341819973687,,上升段(未見頂)
main_12_1,2000-02,XLB,2000-01,-7.62925194810371,-5.463784575889097,-13.493626706870232,-7.4546294960517905,0.8213552361396304,已見頂(下降段)
main_12_1,2000-02,XLE,2000-01,6.089292611226527,-0.7658069099287346,-8.893081119619872,-3.227658436909875,5.716632443531828,已見頂(下降段)
main_12_1,2000-03,XLK,2000-02,12.215457578658274,21.030150204446983,28.9390828272714,-2.5517610907290766,,上升段(未見頂)
main_12_1,2000-03,XLE,2000-02,-2.7526690243104057,-1.7200727002743,-12.81319643150315,4.41342876187929,6.669404517453799,已見頂(下降段)
main_12_1,2000-03,XLI,2000-02,-4.056345457505417,-5.19549052370738,-14.701013596141077,4.917980845684866,8.542094455852157,已見頂(下降段)
main_12_1,2000-04,XLK,2000-03,-1.1871547771095448,9.518226756166914,25.081471267831645,-4.314590207649416,,上升段(未見頂)
main_12_1,2000-04,XLE,2000-03,2.507845826228783,5.756325114187155,-8.410706202118822,1.313687474820402,,上升段(未見頂)
main_12_1,2000-04,XLI,2000-03,3.855520387701983,-3.713609720039035,-12.942071493297647,3.812240746707629,9.560574948665298,已見頂(下降段)
main_12_1,2000-05,XLK,2000-04,-5.879149065267663,4.364292716648888,21.586963565896554,-8.004785221209133,1.6098562628336757,已見頂(下降段)
main_12_1,2000-05,XLV,2000-04,2.425582408032745,-3.408769663717348,1.6822140843080424,-0.8132619328201529,,未有轉折
main_12_1,2000-05,XLE,2000-04,2.093031830290082,1.772606833224022,0.99322517768059,12.132938959178553,,上升段(未見頂)
main_12_1,2000-06,XLK,2000-05,-8.966458025592772,-15.335628204422502,2.4694163538389047,6.130836359323433,2.6940451745379876,已見頂(下降段)
main_12_1,2000-06,XLV,2000-05,-1.1258571918474125,0.6293770842352497,1.0347376577077405,-2.513308357241406,,未有轉折
main_12_1,2000-06,XLI,2000-05,1.1687116277380172,10.466773061198698,4.727482334958788,-5.117884719947618,,上升段(未見頂)
main_12_1,2000-07,XLK,2000-06,7.833276028538094,-7.606783783811533,1.187412042960867,-3.956064566618467,3.679671457905544,已見頂(下降段)
main_12_1,2000-07,XLE,2000-06,-7.3256134408644975,7.412883205283194,13.595917977101424,-1.2381773226764592,,上升段(未見頂)
main_12_1,2000-07,XLV,2000-06,-1.7223985147018839,-0.4718979775031662,-3.7215597322983296,0.4983761171495127,,未有轉折
main_12_1,2000-08,XLK,2000-07,-3.7950159016171714,-5.56090591402878,-1.4393074091655467,4.578903419195179,4.698151950718686,已見頂(下降段)
main_12_1,2000-08,XLE,2000-07,-2.275980873271821,2.8162105153174855,4.638737688574013,2.958696602888211,2.2669404517453797,已見頂(下降段)
main_12_1,2000-08,XLV,2000-07,0.09174440940080686,-2.7397148741303945,-6.055093968346026,-3.2569662387916143,,未有轉折
main_12_1,2000-09,XLK,2000-08,3.413408357967973,7.282089544694914,-9.170292837815119,-11.863574165140978,5.716632443531828,已見頂(下降段)
main_12_1,2000-09,XLF,2000-08,3.4007928379182983,6.667781333157574,24.99087075171371,7.567771893681696,,上升段(未見頂)
main_12_1,2000-09,XLV,2000-08,-2.809692489979543,-4.396066034808477,-3.7943567828041536,3.0144138528345854,,未有轉折
main_12_1,2000-10,XLK,2000-09,-13.203963131348784,-13.647618412307628,-20.216257371855264,-6.693042015152018,6.669404517453799,已見頂(下降段)
main_12_1,2000-10,XLF,2000-09,8.104818514666402,23.576120668317046,25.32842746068642,-0.2101616603360501,,上升段(未見頂)
main_12_1,2000-10,XLE,2000-09,7.544191563069558,9.424012041783136,17.53548625297554,-1.0589104715830078,,上升段(未見頂)
main_12_1,2000-11,XLE,2000-10,-2.260919463061506,9.440876676976684,12.522962154009365,0.5342300754856533,,上升段(未見頂)
main_12_1,2000-11,XLF,2000-10,-0.39603287832754575,11.338548980172703,19.295641223947513,2.752359931804471,,上升段(未見頂)
main_12_1,2000-11,XLU,2000-10,6.305681207802283,24.186099355351498,23.047906096048166,5.5503150346168155,,上升段(未見頂)
main_12_1,2000-12,XLU,2000-11,8.018148803978931,37.54953410793136,31.11198397569501,-1.1150648425810594,,上升段(未見頂)
main_12_1,2000-12,XLE,2000-11,2.399286883553553,7.634659324759485,1.493337841713016,12.49134838929825,,上升段(未見頂)
main_12_1,2000-12,XLF,2000-11,2.5466977402228252,10.418887667540844,17.781377647717346,8.722089447186232,,上升段(未見頂)
main_12_1,2001-01,XLU,2000-12,-0.8464148891330736,13.857495530691688,37.222053810026544,-8.379775459688688,,上升段(未見頂)
main_12_1,2001-01,XLP,2000-12,4.182042636212779,25.142316089773797,25.492786776775844,-10.867931709330858,,上升段(未見頂)
main_12_1,2001-01,XLF,2000-12,9.103003332969696,11.438439421459412,37.71130037035206,-4.011454110966806,,上升段(未見頂)
main_12_1,2001-02,XLF,2001-01,-4.483811832481733,6.864969904985596,18.981906860309206,1.7351559635016667,,上升段(未見頂)
main_12_1,2001-02,XLU,2001-01,-9.64421887569744,-3.2254642588436466,20.180521106192593,10.631490103749863,,上升段(未見頂)
main_12_1,2001-02,XLP,2001-01,-11.237276327461654,3.383378045564722,13.799086889938405,9.593676032969078,,上升段(未見頂)
main_12_1,2001-03,XLF,2001-02,3.1072642643001247,7.449142053337154,18.64414746361074,2.680888522004654,,上升段(未見頂)
main_12_1,2001-03,XLU,2001-02,12.838760849210695,1.0933701021498266,39.05345958951387,5.088424485655418,,上升段(未見頂)
main_12_1,2001-03,XLP,2001-02,11.21241183425765,2.843476128422817,36.49483129815538,-0.639473918269351,,上升段(未見頂)
main_12_1,2001-04,XLP,2001-03,-1.4110409334162077,-2.6777455910049763,21.791323238198366,-5.484422683094592,,上升段(未見頂)
main_12_1,2001-04,XLU,2001-03,4.417696447674491,6.460465553471884,21.21321980949782,-2.0758702276144625,,上升段(未見頂)
main_12_1,2001-04,XLF,2001-03,2.7633914007878513,1.2056304885350588,12.781975223072205,-3.1615804177939077,,上升段(未見頂)
main_12_1,2001-05,XLU,2001-04,-3.4254978811682713,13.787588665981353,10.117410662560111,-1.8124903104002499,,上升段(未見頂)
main_12_1,2001-05,XLP,2001-04,-6.082601770330854,2.9740024388931197,6.4580022300499085,0.24241128203081885,,上升段(未見頂)
main_12_1,2001-05,XLF,2001-04,-4.539075888906341,1.1470746166864387,8.090790848895303,3.255622197139574,,上升段(未見頂)
main_12_1,2001-06,XLU,2001-05,1.2689360450705456,2.12047662182977,3.2370313813857576,-2.1036564408471903,,上升段(未見頂)
main_12_1,2001-06,XLF,2001-05,4.988604125059504,2.9926480070131545,10.664716661549068,2.7854841899949023,,上升段(未見頂)
main_12_1,2001-06,XLB,2001-05,4.4314948488444195,7.145107961787001,28.225223630880624,-2.342993819854211,,上升段(未見頂)
main_12_1,2001-07,XLU,2001-06,-2.698942633307122,-4.839594320355511,1.3082109091220318,-0.29184039222072133,,上升段(未見頂)
main_12_1,2001-07,XLF,2001-06,1.7079276999965476,1.9348296542126109,3.1637870389600753,-0.6201019661922769,,上升段(未見頂)
main_12_1,2001-07,XLB,2001-06,-1.0944819759192925,5.30783863663673,10.579633357754625,1.3133804568471574,,上升段(未見頂)
main_12_1,2001-08,XLU,2001-07,0.12194900378335038,-1.344091084070509,12.258179831943083,4.051500323927282,,上升段(未見頂)
main_12_1,2001-08,XLB,2001-07,0.7553784849555267,4.068730149767585,19.559978602402616,4.621155052539338,,上升段(未見頂)
main_12_1,2001-08,XLF,2001-07,0.06969194989547844,6.856151849012959,8.081871643240902,-0.6882798676952184,,上升段(未見頂)
main_12_1,2001-09,XLY,2001-08,-2.9990443607489814,4.02945561490704,7.7866335465912595,-4.351979534302841,,上升段(未見頂)
main_12_1,2001-09,XLB,2001-08,5.872519259126618,5.504748859544262,13.043177070370948,-2.388644263741757,,上升段(未見頂)
main_12_1,2001-09,XLU,2001-08,2.519365077858926,-0.12592668359038273,1.9918796923531934,6.8422060470413655,,上升段(未見頂)
main_12_1,2001-10,XLB,2001-09,-4.008581393620691,2.39621322514747,7.83123899316478,1.1513929102314746,,上升段(未見頂)
main_12_1,2001-10,XLY,2001-09,-4.865713966313246,-2.6238471087381865,-1.7717106331711086,2.0970374741656084,,上升段(未見頂)
main_12_1,2001-10,XLP,2001-09,8.75737684151865,20.940454198928826,13.239203214292615,-2.8764503045851986,,上升段(未見頂)
main_12_1,2001-11,XLB,2001-10,1.3880502049300247,3.039188213819677,7.2315747307511336,2.82422698545588,,上升段(未見頂)
main_12_1,2001-11,XLP,2001-10,-1.9156804233832925,13.945539505132931,18.263393216139434,-3.151516345937533,,上升段(未見頂)
main_12_1,2001-11,XLY,2001-10,3.914591499665354,-4.106402703493773,5.884035541047128,6.135654293263015,,上升段(未見頂)
main_12_1,2001-12,XLB,2001-11,4.526734586182046,1.729419057657311,7.329368093054711,-2.6667483832331085,,上升段(未見頂)
main_12_1,2001-12,XLY,2001-11,5.119776320630298,3.9197339032233103,8.107133455983174,4.795302271561308,,上升段(未見頂)
main_12_1,2001-12,XLP,2001-11,-3.1356485956049895,3.329013380370638,12.264509989392636,-4.367861653770766,,上升段(未見頂)
main_12_1,2002-01,XLY,2001-12,3.957212440116664,13.557438695365786,10.577865123400287,3.8345563907282276,,上升段(未見頂)
main_12_1,2002-01,XLB,2001-12,-3.5388655771883437,2.227212691938285,4.676794682162133,4.833170597455871,,上升段(未見頂)
main_12_1,2002-01,XLV,2001-12,1.8450766084264103,4.613845355550494,-2.6636480646038962,1.203394499835575,,上升段(未見頂)
main_12_1,2002-02,XLB,2002-01,3.3470069747876696,4.202383236807994,7.369289786660271,5.148135032081069,,上升段(未見頂)
main_12_1,2002-02,XLY,2002-01,4.308861108201478,13.988294903860176,9.3074764802616,2.0603693097211995,,上升段(未見頂)
main_12_1,2002-02,XLP,2002-01,0.313673306633766,-5.273264721956372,7.936889568165895,2.818742644450367,,上升段(未見頂)
main_12_1,2002-03,XLY,2002-02,2.3778702842525146,11.01506565230621,15.366560818365272,-3.593525779289708,,上升段(未見頂)
main_12_1,2002-03,XLB,2002-02,7.214973956507653,6.882280874555247,8.730723409258623,0.19921254879757821,,上升段(未見頂)
main_12_1,2002-03,XLF,2002-02,0.06395303893447224,1.2762856254428856,0.0454205947553632,2.274306918083302,,上升段(未見頂)
main_12_1,2002-04,XLB,2002-03,-0.2438680535668425,10.533252355535394,12.995062980810035,1.5686111134186387,,上升段(未見頂)
main_12_1,2002-04,XLY,2002-03,-1.9886823178107638,4.6654927711244465,18.855452788772165,5.139453987991082,,上升段(未見頂)
main_12_1,2002-04,XLP,2002-03,-1.659211569665875,2.5611402292040397,-5.006287665245468,2.36243585862409,,上升段(未見頂)
main_12_1,2002-05,XLY,2002-04,3.205767040155272,3.5586272279833464,18.044713403022893,-0.039614561605971765,,上升段(未見頂)
main_12_1,2002-05,XLB,2002-04,1.1592778460325803,8.193399243647658,12.740100516795438,5.682261231978492,,上升段(未見頂)
main_12_1,2002-05,XLP,2002-04,2.2286836988299363,4.519055266110827,-0.9925112029590677,-0.25766366057097256,,上升段(未見頂)
main_12_1,2002-06,XLY,2002-05,0.0800735865555513,1.2343293010797618,12.385357136265561,1.9583937070136725,,上升段(未見頂)
main_12_1,2002-06,XLB,2002-05,5.584358777191922,6.547903352560414,13.88082932723329,5.230836769568015,,上升段(未見頂)
main_12_1,2002-06,XLP,2002-05,-0.5239848455805496,0.005718520288344742,1.6769359746994228,-3.1067133735166785,,上升段(未見頂)
main_12_1,2002-07,XLB,2002-06,6.130030049966639,13.355760332009336,25.295808627315775,-2.646402726678576,,上升段(未見頂)
main_12_1,2002-07,XLY,2002-06,2.282118678699141,5.6455716421123014,10.574458150088152,-3.717194648962141,,上升段(未見頂)
main_12_1,2002-07,XLP,2002-06,-3.0330569106716387,-1.3913863093151124,1.1341185653774177,3.4358935262459256,,上升段(未見頂)
main_12_1,2002-08,XLB,2002-07,-3.755113512030195,7.848854976178843,16.685342244079738,-1.5340176736540756,,上升段(未見頂)
main_12_1,2002-08,XLV,2002-07,5.418974868824478,7.7908069944641944,24.054940039963668,0.5395728007615563,,上升段(未見頂)
main_12_1,2002-08,XLY,2002-07,-4.4055184637822435,-2.1456461459590126,1.3366255340580668,1.2829774220163515,,上升段(未見頂)
main_12_1,2002-10,XLV,2002-09,4.793493081139011,10.787363248374682,19.5429511849365,-3.5186500297728074,,上升段(未見頂)
main_12_1,2002-10,XLY,2002-09,1.7540793885296502,-0.47017936319778686,5.148847966118764,-1.2215960230116396,,上升段(未見頂)
main_12_1,2002-10,XLB,2002-09,-2.7861554538352706,-7.565846764346428,4.779437206729731,-3.602454295852242,,上升段(未見頂)
main_12_1,2002-11,XLV,2002-10,-2.2147020095464875,2.76494665499436,10.771165306849051,-3.359613933961536,,上升段(未見頂)
main_12_1,2002-11,XLY,2002-10,-1.3668484662098912,2.6935835964687183,0.490142677883898,0.48270897166080573,,上升段(未見頂)
main_12_1,2002-11,XLB,2002-10,-2.3273980235612335,-6.194660438987187,1.1679846230688185,6.141970992051693,,上升段(未見頂)
main_12_1,2002-12,XLV,2002-11,-2.8991506878842777,-0.4982064585813406,5.451501270120085,2.8866603815655423,,上升段(未見頂)
main_12_1,2002-12,XLY,2002-11,-1.4505466273024181,-1.092560499922579,-1.0467491144988683,-3.7598774507091037,,上升段(未見頂)
main_12_1,2002-12,XLF,2002-11,-2.302678390291679,-2.5862088798601524,1.3862065805537283,0.07300193912439523,,上升段(未見頂)
main_12_1,2003-01,XLV,2002-12,2.0125654407237903,-3.138707121308293,7.3100723885882735,2.3023769161731766,,上升段(未見頂)
main_12_1,2003-01,XLB,2002-12,1.1412666662322435,4.243599535077558,-3.643311467385346,-3.1874169395573415,,上升段(未見頂)
main_12_1,2003-01,XLF,2002-12,0.2523946666441512,-1.2277177976708464,-1.6532857608518747,1.2360141492387955,,上升段(未見頂)
main_12_1,2003-02,XLV,2003-01,2.1740668660252593,1.208590848527047,4.006954395760309,-1.0500035230873839,,上升段(未見頂)
main_12_1,2003-02,XLB,2003-01,-2.5942207193605626,3.9588261422843107,-2.4810701335872487,-1.4797842826871577,,上升段(未見頂)
main_12_1,2003-02,XLE,2003-01,-0.04951261671557461,3.9338934891271604,2.294531946740852,3.590377543182921,,上升段(未見頂)
main_12_1,2003-07,XLK,2003-06,-0.35339631900529467,3.2373396882042993,3.440719794050895,1.908227826374187,,上升段(未見頂)
main_12_1,2003-07,XLV,2003-06,3.316062945418885,-4.795186423317421,-0.37160334796076944,-3.1976230838731023,,上升段(未見頂)
main_12_1,2003-07,XLF,2003-06,-0.6348098815794567,2.7485860339331314,0.9971848694473318,3.467299935810586,,上升段(未見頂)
main_12_1,2003-08,XLK,2003-07,1.2790092087404892,3.8875932467234753,4.662182261113057,3.6767937928317673,,上升段(未見頂)
main_12_1,2003-08,XLY,2003-07,0.04209852330132602,0.2642350888980127,6.424835033800713,3.3165825536539906,,上升段(未見頂)
main_12_1,2003-08,XLU,2003-07,-8.343160395514214,-4.051220414297041,-3.3240213709801125,-1.4584480126240251,,上升段(未見頂)
main_12_1,2003-09,XLK,2003-08,2.655392464532924,3.60094401474782,5.482147163894613,-0.2344828835253776,,上升段(未見頂)
main_12_1,2003-09,XLB,2003-08,0.6959492474301721,6.518260790245556,5.073927110061782,-3.4359597822494203,,上升段(未見頂)
main_12_1,2003-09,XLY,2003-08,2.9864187403059628,3.4218418512580007,8.61199151564589,-3.7657303034890233,,上升段(未見頂)
main_12_1,2003-10,XLK,2003-09,0.22543927367655314,4.202749912951376,7.576146892083613,1.8864995051528055,,上升段(未見頂)
main_12_1,2003-10,XLB,2003-09,-3.4513893698748466,3.007950466842546,1.0406015459689,3.382986968981938,,上升段(未見頂)
main_12_1,2003-10,XLY,2003-09,-3.7221542759325765,-0.8051526553057742,2.38612708718855,3.417652874255439,,上升段(未見頂)
main_12_1,2003-11,XLU,2003-10,-4.430623625444352,1.3518861288866146,-2.7541021722419234,-0.949963665437159,,上升段(未見頂)
main_12_1,2003-11,XLK,2003-10,1.8771786711412553,4.818187439276778,8.893092215504028,0.07207001124145407,,上升段(未見頂)
main_12_1,2003-11,XLB,2003-10,3.963329975939578,1.0737107621834996,4.495594997317065,1.8456278305081897,,上升段(未見頂)
main_12_1,2003-12,XLU,2003-11,-0.8560360293615843,0.5592915874225612,-7.6333118318931525,1.367629462378006,,上升段(未見頂)
main_12_1,2003-12,XLY,2003-11,-0.19267786934289433,-0.4890572393155379,2.91604984665097,-1.4552041077098732,,上升段(未見頂)
main_12_1,2003-12,XLF,2003-11,-1.4444090445417501,2.0273714295462986,0.6322692716315137,-0.9263587672535545,,上升段(未見頂)
main_12_1,2004-01,XLK,2003-12,-1.8049283270753502,0.369928306910805,4.588225381458866,2.595894663945697,,上升段(未見頂)
main_12_1,2004-01,XLY,2003-12,-0.9769099466492404,2.3483748745930733,1.5243142166279755,-2.7661387388354775,,上升段(未見頂)
main_12_1,2004-01,XLB,2003-12,4.543195721131776,9.94052259999878,13.247479062794554,-6.595972163991471,,上升段(未見頂)
main_12_1,2004-02,XLB,2004-01,-6.274176641864571,-0.8855718310166072,0.17863045111039533,4.036312710712009,,上升段(未見頂)
main_12_1,2004-02,XLK,2004-01,2.2474005422498777,0.7346728271803826,5.588258180336125,-4.378697828530564,,上升段(未見頂)
main_12_1,2004-02,XLY,2004-01,-2.4992878049096,-3.637809009804527,-1.05472508722102,0.9705332571970926,,上升段(未見頂)
main_12_1,2004-03,XLK,2004-02,-3.8460039187452,-3.4595530794778395,-1.0988831706401303,-0.5167960615659162,,上升段(未見頂)
main_12_1,2004-03,XLI,2004-02,-2.0688445219186224,-1.5242866677590339,-1.5400858713516707,0.8158978001996608,,上升段(未見頂)
main_12_1,2004-03,XLB,2004-02,3.8050217558049493,1.7122823665595366,3.2717303045797452,-0.44308615422623543,,上升段(未見頂)
main_12_1,2004-04,XLB,2004-03,-0.9943907143257436,-3.675352393094511,5.899820971639103,-3.5535427590781543,,上升段(未見頂)
main_12_1,2004-04,XLF,2004-03,0.16534896782947062,2.937186010947701,2.4798143225792657,-3.555563814036511,,上升段(未見頂)
main_12_1,2004-04,XLK,2004-03,-1.3490371048873295,-3.011343799853572,-2.6525553060768314,-2.2440654237328994,,上升段(未見頂)
main_12_1,2004-05,XLE,2004-04,3.6655971627661543,8.414264548649397,16.6895611950715,-0.644540976879604,,上升段(未見頂)
main_12_1,2004-05,XLB,2004-04,-2.791395012857012,-0.09600039504307212,-0.9807220736035238,1.5042870289021515,,上升段(未見頂)
main_12_1,2004-05,XLK,2004-04,-1.9644710582607972,-7.006592231155184,-6.323394933208437,1.0192663707775385,,上升段(未見頂)
main_12_1,2004-06,XLE,2004-05,-1.980053260857284,2.3331998255042397,14.730401291229601,3.684590686889977,,上升段(未見頂)
main_12_1,2004-06,XLB,2004-05,1.078154898496786,-2.720390822667562,-1.0546892284660658,3.1781056530721274,,上升段(未見頂)
main_12_1,2004-06,XLI,2004-05,0.7371038569965238,2.746442209195954,1.1802918890044367,5.249032360795058,,上升段(未見頂)
main_12_1,2004-07,XLE,2004-06,4.306806209144254,5.989236530953201,11.141459596052838,6.401745218477983,,上升段(未見頂)
main_12_1,2004-07,XLB,2004-06,3.1098436908087557,1.3122929998380162,-2.4112907854304644,0.7529334074596883,,上升段(未見頂)
main_12_1,2004-07,XLI,2004-06,4.243906968685596,6.997064529523578,3.8952479415036434,0.00950059586655172,,上升段(未見頂)
main_12_1,2004-08,XLE,2004-07,6.513005073931533,8.900468403980133,18.06364191020937,-2.228253360495336,,上升段(未見頂)
main_12_1,2004-08,XLI,2004-07,0.44484756069917974,5.4794374507136645,5.357635470056699,-0.0052745625228167725,,上升段(未見頂)
main_12_1,2004-08,XLB,2004-07,0.975492802331579,5.2382010208448015,5.13717193212857,1.3079735261045444,,上升段(未見頂)
main_12_1,2004-09,XLE,2004-08,-1.780115919267844,9.122599417869392,11.668647717072812,8.366125387268664,,上升段(未見頂)
main_12_1,2004-09,XLU,2004-08,3.810107327518897,8.764922427536149,8.148208564953263,-1.0471229504614321,,上升段(未見頂)
main_12_1,2004-09,XLI,2004-08,-0.17142255374728022,4.528140946791814,7.398945930242351,-0.3542187252581597,,上升段(未見頂)
main_12_1,2004-10,XLE,2004-09,8.672178960268372,13.689519251225768,20.49865347008526,-0.30213747833602866,,上升段(未見頂)
main_12_1,2004-10,XLB,2004-09,2.9852683401787816,5.481303229909318,6.865526988333315,-1.485501364067865,,上升段(未見頂)
main_12_1,2004-10,XLI,2004-09,1.1346132579704404,1.410369360043462,8.506118343793911,0.7213677126847173,,上升段(未見頂)
main_12_1,2004-11,XLE,2004-10,-0.6784987906141682,6.013474279196007,15.449170061377448,1.4400927317094414,,上升段(未見頂)
main_12_1,2004-11,XLU,2004-10,3.5362150468997378,7.088414184114877,11.637526120960517,-1.0282671548596634,,上升段(未見頂)
main_12_1,2004-11,XLB,2004-10,-2.203806466667446,2.1601346874749128,7.511487905570635,3.524171590012304,,上升段(未見頂)
main_12_1,2004-12,XLE,2004-11,2.195019574036672,10.304030395403307,20.366625230140855,-6.488646973742284,,上升段(未見頂)
main_12_1,2004-12,XLU,2004-11,0.0019072024209920713,3.1599516982238285,12.20184144085692,-0.5598646827440934,,上升段(未見頂)
main_12_1,2004-12,XLI,2004-11,1.748774585051538,2.6323717103186928,7.279710158397212,-0.7245820467957076,,上升段(未見頂)
main_12_1,2005-01,XLE,2004-12,-5.662292634711486,-4.245691581670408,8.862612903134925,7.321250225939446,,上升段(未見頂)
main_12_1,2005-01,XLU,2004-12,-0.5330348837881305,2.986295022998098,11.733528240124702,5.2409230408953285,,上升段(未見頂)
main_12_1,2005-01,XLI,2004-12,-0.5135785449215113,0.9597709229618889,2.383676598029405,-0.31704475921153774,,上升段(未見頂)
main_12_1,2005-02,XLE,2005-01,5.7577399233813775,1.9593856611178184,8.090687093075388,13.690038109502156,,上升段(未見頂)
main_12_1,2005-02,XLU,2005-01,4.460595393307365,3.9057656355318437,11.271036664954037,-0.0681618073341772,,上升段(未見頂)
main_12_1,2005-02,XLB,2005-01,-0.8375827645207612,0.9898169371266752,3.171333003602972,6.696215956710105,,上升段(未見頂)
main_12_1,2005-03,XLE,2005-02,14.38646395760339,14.12271989062608,25.88195963621718,1.026038189531131,,上升段(未見頂)
main_12_1,2005-03,XLU,2005-02,0.05336118013861135,3.9592282653887034,7.244289664421233,3.224770148592049,,上升段(未見頂)
main_12_1,2005-03,XLI,2005-02,-0.9123655608495596,-1.983996616860273,0.5961489277825249,1.1562020993439615,,上升段(未見頂)
main_12_1,2005-04,XLE,2005-03,-0.08145340126867184,20.874002812169266,15.742065450344933,-4.611572841266664,,上升段(未見頂)
main_12_1,2005-04,XLU,2005-03,2.9898864974255757,7.641256641369787,10.855742131143643,4.947043401328388,,上升段(未見頂)
main_12_1,2005-04,XLB,2005-03,-0.843939946453709,3.8982459695289906,3.481007223753463,-4.473178989330339,,上升段(未見頂)
main_12_1,2005-05,XLE,2005-04,-3.6058957784550483,10.171995290300151,12.330689568585695,0.559484341418881,,上升段(未見頂)
main_12_1,2005-05,XLU,2005-04,5.055615350961684,8.25439402324526,12.48255694395841,-3.2370373769500027,,上升段(未見頂)
main_12_1,2005-05,XLB,2005-04,-5.355555565113567,-0.83549754344866,0.14604949748369123,-3.6504030246106156,,上升段(未見頂)
main_12_1,2005-06,XLE,2005-05,-0.4220404194326344,-4.0909027663082025,9.454070385634306,6.165476047564411,,上升段(未見頂)
main_12_1,2005-06,XLU,2005-05,-3.1862970335529206,4.749192072716246,8.896451693025508,5.723673725515166,,上升段(未見頂)
main_12_1,2005-06,XLB,2005-05,-3.7443627605306062,-9.668221362881235,-6.887043396390546,-2.1298635316713277,,上升段(未見頂)
main_12_1,2005-07,XLE,2005-06,6.81739547066984,2.5311147647964605,23.933462544148565,3.7695899016182866,,上升段(未見頂)
main_12_1,2005-07,XLU,2005-06,5.793169490511119,7.600361625993068,15.822381404877195,-1.3331752108193262,,上升段(未見頂)
main_12_1,2005-07,XLI,2005-06,-2.7814174866577224,-4.585995340421755,-4.286536490070447,-0.3560300178179432,,上升段(未見頂)
main_12_1,2005-08,XLE,2005-07,3.140250268117595,9.706759791088615,20.86612623017907,8.335309599067141,,上升段(未見頂)
main_12_1,2005-08,XLU,2005-07,-1.5183925389760655,0.8671125376285671,9.193081446354668,0.90385452288686,,上升段(未見頂)
main_12_1,2005-08,XLV,2005-07,-1.5124226291693965,-4.038956855466402,3.431549216527796,0.2754550195773753,33.64271047227926,已見頂(下降段)
main_12_1,2005-09,XLE,2005-08,7.393401462765703,18.31716724312953,13.476926975362847,4.87538535407821,,上升段(未見頂)
main_12_1,2005-09,XLU,2005-08,1.6033083761443745,5.8572498122890115,10.88461392876967,4.32119740583754,,上升段(未見頂)
main_12_1,2005-09,XLK,2005-08,-0.012742856144121184,0.30240128122909216,2.0345223031574156,-0.8342783478048399,19.351129363449694,已見頂(下降段)
main_12_1,2005-10,XLE,2005-09,5.440164504771605,16.79166602858868,19.747797131490042,-8.221630226803756,,上升段(未見頂)
main_12_1,2005-10,XLU,2005-09,3.3984277243649164,3.46105751938679,11.324472032936894,-4.721191262062508,,上升段(未見頂)
main_12_1,2005-10,XLK,2005-09,-0.5582326218725675,1.197365187521382,1.5949046594673,-0.31860997154716797,20.33675564681725,已見頂(下降段)
main_12_1,2005-11,XLE,2005-10,-6.833271772200311,5.498070635581898,15.738514936410851,-1.6490101927610246,,上升段(未見頂)
main_12_1,2005-11,XLU,2005-10,-4.1314688903283265,0.7158581907019679,1.5891780244537523,-4.7967503917910825,,上升段(未見頂)
main_12_1,2005-11,XLV,2005-10,-0.714032770082107,-1.466173437426599,-5.445912180329038,-2.7052037800612494,36.73100616016427,已見頂(下降段)
main_12_1,2005-12,XLE,2005-11,-2.7778560058116075,-4.49367954885278,13.00037289594309,1.7586032535093166,,上升段(未見頂)
main_12_1,2005-12,XLU,2005-11,-4.362482449692717,-5.197824664840511,0.35497557202401886,1.440170009438413,,上升段(未見頂)
main_12_1,2005-12,XLV,2005-11,-3.0439203025563466,-5.0318333586873765,-6.549371257947733,2.985169480658967,37.71663244353183,已見頂(下降段)
main_12_1,2006-01,XLE,2005-12,1.9947580172734236,-7.6144836335673265,7.898583733471187,11.448482081474332,,上升段(未見頂)
main_12_1,2006-01,XLU,2005-12,1.0525419167050076,-7.348680171530497,-4.141964699796152,0.11511980083207529,,上升段(未見頂)
main_12_1,2006-01,XLF,2005-12,0.21214356643195487,6.145123321867518,3.150407497741514,-1.3745499615943402,,上升段(未見頂)
main_12_1,2006-02,XLE,2006-01,11.921660823979007,10.983187072214285,17.085121091064615,-8.872520964146391,,上升段(未見頂)
main_12_1,2006-02,XLU,2006-01,0.01924722727437711,-3.3372561716232485,-2.645288002570567,-0.6411533002793735,,上升段(未見頂)
main_12_1,2006-02,XLV,2006-01,-1.0828784577102124,-0.5852104854244811,-2.0428037221607576,-0.0837193925911528,39.75359342915811,已見頂(下降段)
main_12_1,2006-03,XLE,2006-02,-9.74324018452447,3.031906596624867,-1.598017118900763,2.573418388582205,,上升段(未見頂)
main_12_1,2006-03,XLU,2006-02,0.7297207146991447,1.8095349895205892,-3.4823461313241433,-4.851994200461773,,上升段(未見頂)
main_12_1,2006-03,XLF,2006-02,1.5469899479794158,0.25455710490724925,6.2461318473397975,-1.5619042295524577,,上升段(未見頂)
main_12_1,2006-04,XLE,2006-03,2.5512944389548764,3.5941022401166034,-4.294053720298063,4.037804118464616,,上升段(未見頂)
main_12_1,2006-04,XLF,2006-03,-1.3384492225283262,-1.2966919530896348,4.768748049155791,3.3475995743241116,,上升段(未見頂)
main_12_1,2006-04,XLU,2006-03,-6.179938003364082,-5.477124044650184,-12.423307887541334,0.08573691833935193,,上升段(未見頂)
main_12_1,2006-05,XLE,2006-04,3.726447019375412,-3.9913446743007563,6.553465545638204,-1.319927520771591,,上升段(未見頂)
main_12_1,2006-05,XLB,2006-04,2.2631314907087807,2.4523346953209346,11.457050567741401,-1.9409629576082277,,上升段(未見頂)
main_12_1,2006-05,XLK,2006-04,-2.540906790945985,-2.2857718780081027,-2.4636680210948114,-3.901721333564423,27.236139630390145,已見頂(下降段)
main_12_1,2006-06,XLE,2006-05,0.23654224987035288,6.624430741614362,9.857183890883082,3.629641534965833,,上升段(未見頂)
main_12_1,2006-06,XLB,2006-05,-1.0494218417935852,4.189742810319119,6.946917747279091,1.1050387841653464,,上升段(未見頂)
main_12_1,2006-06,XLF,2006-05,-0.780656204826391,0.8577276704516912,1.1144681820848268,-0.7598092043265336,,上升段(未見頂)
main_12_1,2006-07,XLE,2006-06,2.271486678794621,6.333509565949114,10.155244615253501,2.682339789009358,,上升段(未見頂)
main_12_1,2006-07,XLB,2006-06,0.2546225215459108,1.4476122800715308,4.03743108454051,-4.085723417737263,,上升段(未見頂)
main_12_1,2006-07,XLI,2006-06,-0.388238822774456,1.8442097468423624,5.04641819553715,-6.592102940829769,,上升段(未見頂)
main_12_1,2006-08,XLE,2006-07,2.887273215160091,5.473243950938178,1.2634432456901434,-7.322987395562885,,上升段(未見頂)
main_12_1,2006-08,XLB,2006-07,-4.167514163093545,-4.9317508147965095,-2.600359155793608,0.12262407360172922,,上升段(未見頂)
main_12_1,2006-08,XLI,2006-07,-6.099353632694204,-5.206909253531123,0.7195298010227891,-0.5204542864697403,,上升段(未見頂)
main_12_1,2006-09,XLE,2006-08,-7.108120014264707,-2.255128729668432,4.219912571114803,-6.91676640538208,,上升段(未見頂)
main_12_1,2006-09,XLB,2006-08,0.8098393230453249,-3.145437818861596,0.9125192365887047,-2.827979302617867,,上升段(未見頂)
main_12_1,2006-09,XLF,2006-08,-0.9818288150465704,0.10493770224024868,0.9635654524007942,1.2260036240263394,,上升段(未見頂)
main_12_1,2006-10,XLB,2006-09,-2.642638652636775,-5.944440553020492,-4.582880724376038,2.971665141945201,,上升段(未見頂)
main_12_1,2006-10,XLF,2006-09,1.2903342673166174,2.1333997039690633,3.6536848742592554,-0.5540384830385658,,上升段(未見頂)
main_12_1,2006-10,XLP,2006-09,-2.6782540465818405,0.031980495409467125,4.684139399667031,-0.8855280167502366,47.671457905544145,已見頂(下降段)
main_12_1,2006-11,XLB,2006-10,2.7661936223108974,0.8607023909699807,-4.113496121006155,2.413401373810875,,上升段(未見頂)
main_12_1,2006-11,XLF,2006-10,-0.7872296561730718,-0.4937219908306978,-0.18692595855068772,-1.4745541272814355,,上升段(未見頂)
main_12_1,2006-11,XLI,2006-10,-0.3221317282957159,-0.27588208305130424,-5.468426406871196,0.0724692244019165,,上升段(未見頂)
main_12_1,2006-12,XLU,2006-11,0.652801898691191,-1.4115717186627852,5.528024663933162,-1.7855362478035541,,上升段(未見頂)
main_12_1,2006-12,XLB,2006-11,2.3183849118747935,2.3700091084478903,-0.849975873221287,-0.8677722975031887,,上升段(未見頂)
main_12_1,2006-12,XLE,2006-11,6.4600725048832075,0.9467611660734176,-1.3297182466524893,-4.492546515840168,4.566735112936345,已見頂(下降段)
main_12_1,2007-01,XLE,2006-12,-4.099595353963137,3.198245769912056,-7.476460409698049,-1.69584122474008,5.519507186858316,已見頂(下降段)
main_12_1,2007-01,XLU,2006-12,-0.47685395761758453,2.254962042018116,2.9368570225055457,-0.6765538692125705,,上升段(未見頂)
main_12_1,2007-01,XLB,2006-12,-0.696081186040709,4.416789165218127,-1.7902047940809962,3.7718685563195686,,上升段(未見頂)
main_12_1,2007-02,XLU,2007-01,-1.8305256911344658,-1.6608544513663226,-3.144239584701136,7.62063637274778,,上升段(未見頂)
main_12_1,2007-02,XLF,2007-01,-0.5700001906280949,0.5300024781784707,0.03366374856106358,-1.1817293853413569,,上升段(未見頂)
main_12_1,2007-02,XLY,2007-01,1.343392670553456,1.44810079219857,8.238515716134277,0.22047315212265772,52.369609856262834,已見頂(下降段)
main_12_1,2007-03,XLB,2007-02,4.730259467568887,6.606846326634974,9.133438294805263,1.8696291253869513,,上升段(未見頂)
main_12_1,2007-03,XLY,2007-02,-1.0493145628043266,1.1027147067919074,7.312366829633343,-2.63989880471448,53.28952772073922,已見頂(下降段)
main_12_1,2007-03,XLF,2007-02,-1.1075621504624489,0.683074247311688,-0.09335905994429794,-1.7245765651375589,,上升段(未見頂)
main_12_1,2007-04,XLU,2007-03,2.40608809613565,7.979851437079688,10.414756100013367,0.1933187680526416,,上升段(未見頂)
main_12_1,2007-04,XLB,2007-03,1.1886177096893658,8.630148205843714,13.428112821959814,-2.9043193724452188,,上升段(未見頂)
main_12_1,2007-04,XLY,2007-03,-1.6128848836520104,-1.3374189732311415,1.9382385428242,-2.3294973736138314,54.275154004106774,已見頂(下降段)
main_12_1,2007-05,XLU,2007-04,0.4618350896201884,10.501294872411604,8.666029197705738,-3.054315630112181,,上升段(未見頂)
main_12_1,2007-05,XLB,2007-04,-2.807195069094881,3.0001740445883662,7.276489033957989,2.566374302060015,,上升段(未見頂)
main_12_1,2007-05,XLP,2007-04,-1.5467565688935814,-0.23470224910092652,-1.3841087501589855,-2.1453344204515945,54.6694045174538,已見頂(下降段)
main_12_1,2007-06,XLU,2007-05,-2.8394620161209527,-0.042175786298292994,4.895737210056583,-2.629153941514162,,上升段(未見頂)
main_12_1,2007-06,XLB,2007-05,2.429356759324075,0.7372809646541079,7.392838311619299,1.5675905815213165,,上升段(未見頂)
main_12_1,2007-06,XLV,2007-05,-1.6200295402263976,0.1310722021296007,0.9906137549446248,-1.5394568859977587,55.68788501026694,已見頂(下降段)
main_12_1,2007-07,XLU,2007-06,-3.333950642942196,-5.6449850911704065,1.8844049219885806,-1.2185531853931342,,上升段(未見頂)
main_12_1,2007-07,XLB,2007-06,0.9439137253653973,0.49366844597402704,9.166420970350764,0.22012415130127083,,上升段(未見頂)
main_12_1,2007-07,XLK,2007-06,1.3570410462393045,3.2529011333642055,2.834334514112302,3.3430355027966208,41.26488706365503,已見頂(下降段)
main_12_1,2007-08,XLB,2007-07,0.47938601097943234,3.891868442533397,7.008805313984179,-1.8429240435497096,,上升段(未見頂)
main_12_1,2007-08,XLK,2007-07,3.030617492772625,6.090153691443145,5.414321364043606,0.43093409811298944,42.31622176591376,已見頂(下降段)
main_12_1,2007-08,XLI,2007-07,4.210578394616449,7.623108843244486,8.395044726975943,-1.1553655839043664,,上升段(未見頂)
main_12_1,2007-09,XLB,2007-08,-1.943316582753396,-0.5432390107400598,0.1900367560952798,3.842215136343907,,上升段(未見頂)
main_12_1,2007-09,XLE,2007-08,-0.07940552096542541,6.060572183230506,16.94208090853728,3.6983091970907767,,上升段(未見頂)
main_12_1,2007-09,XLI,2007-08,-1.2419918441090139,4.471446964118675,6.13670489806073,0.8627366721165597,,上升段(未見頂)
main_12_1,2007-10,XLE,2007-09,3.396234779366236,6.668921216054735,15.079019539297933,0.6448534920460158,,上升段(未見頂)
main_12_1,2007-10,XLB,2007-09,4.026410981087847,2.493845460212052,2.9998252343144793,3.3200783533407163,,上升段(未見頂)
main_12_1,2007-10,XLI,2007-09,0.8341214438125188,3.7747383669201495,7.390321222644158,-3.033743032315106,,上升段(未見頂)
main_12_1,2007-11,XLE,2007-10,1.1676679367874199,4.520498459392153,15.65139647002085,-0.2326033365844138,,上升段(未見頂)
main_12_1,2007-11,XLB,2007-10,2.7617338616018783,4.821950927164087,8.901483356146223,-0.8797164466526008,,上升段(未見頂)
main_12_1,2007-11,XLI,2007-10,-2.6113354718176773,-3.0186442009232706,4.374350109294567,2.452050496774505,,上升段(未見頂)
main_12_1,2007-12,XLE,2007-11,-0.35160026102281083,4.235773072627258,10.553057340442184,10.578708569762474,,上升段(未見頂)
main_12_1,2007-12,XLB,2007-11,-1.2124580674171326,5.603233882689818,5.029555919635986,1.0646279138902703,,上升段(未見頂)
main_12_1,2007-12,XLK,2007-11,-3.80950382549059,-0.1544824570173131,4.920609219581329,2.2387683860170537,,上升段(未見頂)
main_12_1,2008-01,XLE,2007-12,9.514553586927676,10.403770313260164,17.766510775005507,-5.932580294298074,,上升段(未見頂)
main_12_1,2008-01,XLB,2007-12,2.223250027457513,3.7727407788858525,6.360672563737713,3.6080354884840626,,上升段(未見頂)
main_12_1,2008-01,XLU,2007-12,0.9555766047019798,11.245865652424047,10.541514933109909,-0.4485040392029349,,上升段(未見頂)
main_12_1,2008-02,XLE,2008-01,-6.642860019642239,1.880180196843173,6.485672173067414,11.392392219033098,,上升段(未見頂)
main_12_1,2008-02,XLU,2008-01,-1.384609695730632,4.252395309693546,9.988495221848769,-1.306229791500646,,上升段(未見頂)
main_12_1,2008-02,XLB,2008-01,1.9685306618011378,2.9717337605655647,7.936980231350077,4.044144183848819,,上升段(未見頂)
main_12_1,2008-03,XLE,2008-02,12.165839666704015,14.677967605175679,19.53546607723191,-3.5928704817435153,,上升段(未見頂)
main_12_1,2008-03,XLB,2008-02,5.016736661070231,9.464768900181264,15.59833592080433,-1.6633191750982879,,上升段(未見頂)
main_12_1,2008-03,XLI,2008-02,0.5719904648669338,2.15499114586426,1.3996729890978665,4.281719828835251,,上升段(未見頂)
main_12_1,2008-04,XLE,2008-03,-1.4550062110151196,3.191212813694877,13.926989578299187,5.806539088455476,,上升段(未見頂)
main_12_1,2008-04,XLB,2008-03,-0.516174997392782,6.5312823676745735,10.550431499829859,0.5256196706937777,,上升段(未見頂)
main_12_1,2008-04,XLP,2008-03,4.171429387715442,7.216592648477538,15.146587695910174,-4.637044178914984,,上升段(未見頂)
main_12_1,2008-05,XLE,2008-04,5.3616483238174695,16.46025442587753,18.649917066786024,4.972916822366447,,上升段(未見頂)
main_12_1,2008-05,XLB,2008-04,0.5355275342443067,5.034157128890415,8.15549263641513,4.024378430754494,,上升段(未見頂)
main_12_1,2008-05,XLP,2008-04,-5.268944129343711,1.0398431633234617,8.885946090026732,1.3605052596227685,,上升段(未見頂)
main_12_1,2008-06,XLE,2008-05,3.6322687410032417,7.599964660994729,23.393452617116004,12.364683041759006,,上升段(未見頂)
main_12_1,2008-06,XLB,2008-05,3.6332430260058945,3.6504339960610865,13.4607080378232,2.2498908178833488,,上升段(未見頂)
main_12_1,2008-06,XLP,2008-05,1.5036745629478654,0.1665615569015566,3.403482742070296,1.9918453108981327,,上升段(未見頂)
main_12_1,2008-07,XLE,2008-06,12.562982015440527,22.906019081320505,26.828211711045903,-16.035070988136745,,上升段(未見頂)
main_12_1,2008-07,XLB,2008-06,2.77297232267395,7.077338291236357,14.070861606827112,-2.2738138690889254,,上升段(未見頂)
main_12_1,2008-07,XLP,2008-06,2.9004803634080423,-1.055525865986251,6.084893780443745,3.8125146928264853,,上升段(未見頂)
main_12_1,2008-08,XLE,2008-07,-15.150799692902917,-1.0220739910211107,15.269944455513617,-5.445661279766711,0.9856262833675564,已見頂(下降段)
main_12_1,2008-08,XLU,2008-07,-5.589002132913556,4.341479643085511,5.651863705179339,-1.663194644477639,,上升段(未見頂)
main_12_1,2008-08,XLB,2008-07,-2.357744076877144,3.9958025329746016,9.231114639935134,-5.161899517799218,,上升段(未見頂)
main_12_1,2008-09,XLE,2008-08,-1.1909130249007416,-5.628636539087928,1.5435537340402705,-1.9188988737012802,1.9383983572895278,已見頂(下降段)
main_12_1,2008-09,XLB,2008-08,-3.058240572818305,-2.719091131226681,0.8320842377962379,-5.138694654772513,,上升段(未見頂)
main_12_1,2008-09,XLP,2008-08,1.1377275513146046,7.566610741428059,7.745775362985219,8.263175034824165,,上升段(未見頂)
main_12_1,2008-10,XLP,2008-09,9.015143513014179,13.958549714946521,12.75568774620246,5.324970114401384,,上升段(未見頂)
main_12_1,2008-10,XLE,2008-09,-6.086753559188917,-21.26433615232165,-3.2291299675680785,-3.2577036925349745,2.9897330595482545,已見頂(下降段)
main_12_1,2008-10,XLU,2008-09,-1.7278260444188898,-9.639997943265676,0.19519904068350247,4.4293890512920875,,上升段(未見頂)
main_12_1,2009-10,XLK,2009-09,1.0494122104867998,-0.30224078328473514,0.4045744931667761,-1.7711977032744963,,上升段(未見頂)
main_12_1,2009-10,XLV,2009-09,-2.830193828351979,-5.141243159495357,-10.903911770449582,-3.223234116283691,7.195071868583162,已見頂(下降段)
main_12_1,2009-10,XLY,2009-09,1.7413674194436402,3.489643350423055,4.978302812001623,-3.213869626792254,,上升段(未見頂)
main_12_1,2009-11,XLK,2009-10,0.6899743977849981,-0.2841087801240927,0.638970238959069,-0.2676607744557469,,上升段(未見頂)
main_12_1,2009-11,XLB,2009-10,-3.312466427538485,-3.924296025744556,-3.6067017593651496,5.635528598701245,,上升段(未見頂)
main_12_1,2009-11,XLY,2009-10,-0.45236650095654696,1.1131541014431257,-3.070024249221426,1.122858791736725,,上升段(未見頂)
main_12_1,2009-12,XLK,2009-11,-0.5928740720556047,1.1433979114943815,3.490373256020307,4.092129727228766,,上升段(未見頂)
main_12_1,2009-12,XLY,2009-11,0.5186876557446096,1.8064562411054252,3.886313297720778,2.281063736657818,,上升段(未見頂)
main_12_1,2009-12,XLB,2009-11,4.342075927818678,1.5443667250853554,0.5805732233642669,0.37456611426451847,,上升段(未見頂)
main_12_1,2010-01,XLB,2009-12,0.15592930038959008,1.0430901833806905,5.4561963063244345,-5.535801175796962,,上升段(未見頂)
main_12_1,2010-01,XLK,2009-12,3.8208205003624096,3.9173838784212878,3.6033031634181256,-5.233319676510795,,上升段(未見頂)
main_12_1,2010-01,XLY,2009-12,2.6264452993581155,2.6921003476958916,6.275688398889012,0.6450991749432533,,上升段(未見頂)
main_12_1,2010-02,XLB,2010-01,-5.193547933376141,-0.922729826850488,-4.810815202671592,1.1522553200794539,,上升段(未見頂)
main_12_1,2010-02,XLF,2010-01,2.1858454994805765,-2.8360007341537874,-0.047501376961200936,0.40342607994867663,,上升段(未見頂)
main_12_1,2010-02,XLK,2010-01,-5.144096105455198,-2.103685723442905,-2.3818177477204827,0.6936026393187911,,上升段(未見頂)
main_12_1,2010-03,XLF,2010-02,0.3943834549269498,-0.7521997029052652,-7.9091691402698565,3.042310621080402,,上升段(未見頂)
main_12_1,2010-03,XLY,2010-02,2.375441848082449,5.876996502329712,7.789618113541019,1.463447187679412,,上升段(未見頂)
main_12_1,2010-03,XLI,2010-02,2.145987647722025,4.19257937794546,6.824487497461296,2.8066378761734567,,上升段(未見頂)
main_12_1,2010-04,XLF,2010-03,2.6495838690187234,5.307027176957657,-3.9873353352481655,0.02685764903560539,,上升段(未見頂)
main_12_1,2010-04,XLI,2010-03,2.4555016381916595,6.998728040749991,7.081361947491649,2.0862024931123546,,上升段(未見頂)
main_12_1,2010-04,XLY,2010-03,1.620219953747526,4.8389003557954835,7.661268756794404,4.656892592859463,,上升段(未見頂)
main_12_1,2010-05,XLF,2010-04,-0.2269695961149676,2.820514650659245,-0.09547589969416403,-1.6808598278490794,,上升段(未見頂)
main_12_1,2010-05,XLI,2010-04,2.6689914330377595,7.44739525430913,12.302458151886885,-0.8250439216875849,,上升段(未見頂)
main_12_1,2010-05,XLY,2010-04,4.413930089142104,8.626143798486186,12.924193113925586,1.1227940706149186,,上升段(未見頂)
main_12_1,2010-06,XLY,2010-05,0.9877875847779771,7.15376400869272,13.451186971598217,-4.411803090123123,,上升段(未見頂)
main_12_1,2010-06,XLI,2010-05,-1.2745745626171145,3.849304832257605,8.20326937079454,-1.710306968889308,,上升段(未見頂)
main_12_1,2010-06,XLK,2010-05,0.5037387730993492,0.9253060531180246,-0.25838973363131457,-0.564499356570991,,上升段(未見頂)
main_12_1,2010-07,XLY,2010-06,-4.793124180695396,0.391192896354875,5.249022686603921,0.4586693159975397,,上升段(未見頂)
main_12_1,2010-07,XLI,2010-06,-1.7940122738190012,-0.4580194068617316,6.508653101228146,3.510187873483428,,上升段(未見頂)
main_12_1,2010-07,XLF,2010-06,-0.584921672486638,-2.1174476340384385,3.077206021522949,-0.3757452060958233,,上升段(未見頂)
main_12_1,2010-08,XLI,2010-07,3.3665913139195203,0.2183335292611499,7.681988944467033,-2.1413412798032327,,上升段(未見頂)
main_12_1,2010-08,XLY,2010-07,1.0296216936470204,-2.862728842467155,5.516471849507076,0.7131350637395784,,上升段(未見頂)
main_12_1,2010-08,XLF,2010-07,-0.2930366349318647,-2.1822628487360385,0.5767007585587125,-3.279052232428792,,上升段(未見頂)
main_12_1,2010-09,XLI,2010-08,-2.5496338455644363,-1.076006970380905,2.731879073570398,2.487081455243345,,上升段(未見頂)
main_12_1,2010-09,XLY,2010-08,0.5467926501149023,-3.2869092861817273,3.631716988997735,1.739459095570961,,上升段(未見頂)
main_12_1,2010-09,XLP,2010-08,2.7694533825863177,4.618857700294576,3.2765974193644354,-3.313915737629136,21.322381930184804,已見頂(下降段)
main_12_1,2010-10,XLY,2010-09,1.896239162483937,3.5082827444280484,3.913199793663158,1.6632513930655568,,上升段(未見頂)
main_12_1,2010-10,XLI,2010-09,2.360031736539425,3.108408157861575,2.63615163839237,-1.106782545167806,,上升段(未見頂)
main_12_1,2010-10,XLU,2010-09,-5.562565454867396,0.9156115417209509,9.616701262537376,-2.1791614355054945,,上升段(未見頂)
main_12_1,2010-11,XLY,2010-10,1.6539237701829856,4.147901450038649,1.166429436404126,2.7588670576446317,,上升段(未見頂)
main_12_1,2010-11,XLI,2010-10,-0.9082585398231369,-1.1557642205683782,-0.9399541121199451,1.526959641548964,,上升段(未見頂)
main_12_1,2010-11,XLB,2010-10,2.255942634625163,2.6835199396004317,4.1561168765124945,1.3379755760083878,,上升段(未見頂)
main_12_1,2010-12,XLY,2010-11,2.5241274917810808,6.196055038986992,2.705487044351873,-2.44298241181089,,上升段(未見頂)
main_12_1,2010-12,XLI,2010-11,1.3362243027912557,2.7856748337785175,1.6796938080140045,0.42975892848828856,,上升段(未見頂)
main_12_1,2010-12,XLK,2010-11,-1.6426824153107922,2.702570322188924,1.855712934667575,-1.150334393567931,,上升段(未見頂)
main_12_1,2011-01,XLY,2010-12,-2.427158415404629,1.6902187989982664,5.257799197894664,-2.9393745686882466,,上升段(未見頂)
main_12_1,2011-01,XLI,2010-12,0.7418956480553129,1.1608100598419657,4.305300932300948,1.8810228292787112,,上升段(未見頂)
main_12_1,2011-01,XLE,2010-12,2.4682257342076186,10.405607575261167,12.590077044588943,4.418917356205143,,上升段(未見頂)
main_12_1,2011-02,XLB,2011-01,-2.200612560534887,2.003143960286091,4.740418667479718,-1.2417554726352975,,上升段(未見頂)
main_12_1,2011-02,XLY,2011-01,-2.877773769356873,-2.843096760650188,1.1868758376274435,2.3035822274646733,,上升段(未見頂)
main_12_1,2011-02,XLI,2011-01,1.5624516032083369,3.6831094544144127,2.4847771725675427,-1.1731034936199647,,上升段(未見頂)
main_12_1,2011-03,XLE,2011-02,3.7639554770565464,11.363831675842096,21.1357909463985,1.864197000513923,,上升段(未見頂)
main_12_1,2011-03,XLI,2011-02,-1.303755155400954,0.9819896820487672,3.795019555270418,1.8801517359402498,,上升段(未見頂)
main_12_1,2011-03,XLB,2011-02,-0.7927591627366559,0.0730024251421435,2.3372538898563278,1.7919229331398556,,上升段(未見頂)
main_12_1,2011-04,XLE,2011-03,1.8701629338471193,10.713849063635173,22.23429772866401,-2.4948285530184577,,上升段(未見頂)
main_12_1,2011-04,XLY,2011-03,-0.5934152398387571,-1.0990258235826111,0.5726170343396175,0.8707090847629884,,上升段(未見頂)
main_12_1,2011-04,XLI,2011-03,2.218090153992014,2.4617023418936235,3.6510880901636567,0.1891971054182484,,上升段(未見頂)
main_12_1,2011-05,XLE,2011-04,-1.9250438571885464,3.6696523247172763,17.779894795892083,-2.757290792622069,,上升段(未見頂)
main_12_1,2011-05,XLB,2011-04,-0.7504910930808295,0.17778471574705357,2.184489959828939,-1.6672605531589224,,上升段(未見頂)
main_12_1,2011-05,XLI,2011-04,-0.1573826407170298,0.7266404012175931,4.436512816948857,-1.9567256603020722,,上升段(未見頂)
main_12_1,2011-06,XLE,2011-05,-3.1006709115397935,-3.188735328037706,7.812733832538088,-0.5763382827235319,,上升段(未見頂)
main_12_1,2011-06,XLB,2011-05,-1.6372915907918562,-0.6750097682963307,-0.6025001166549915,1.388888484569839,,上升段(未見頂)
main_12_1,2011-06,XLI,2011-05,-1.6619579088033354,0.36106864122309457,1.3466039800738017,1.1375970056384466,,上升段(未見頂)
main_12_1,2011-07,XLE,2011-06,-0.23915062184487468,-5.193299834809551,4.96414692310212,4.41750333069264,,上升段(未見頂)
main_12_1,2011-07,XLB,2011-06,1.3071764562375465,-1.0993704108665625,-2.371133277373516,-0.7550711573063862,,上升段(未見頂)
main_12_1,2011-07,XLY,2011-06,1.4945384646900317,3.3074457682865877,2.1720702616095044,0.4747351577809922,,上升段(未見頂)
main_12_1,2011-08,XLE,2011-07,3.5309312883780253,0.08086005348293401,3.7534796610326326,-5.0976849623400655,,上升段(未見頂)
main_12_1,2011-08,XLY,2011-07,0.6201671043169155,3.0020874872779713,5.85188563020731,0.1755920525192689,,上升段(未見頂)
main_12_1,2011-08,XLB,2011-07,-1.4836440169641474,-1.8299461744723744,-1.6554148233299482,-2.2485661423541137,,上升段(未見頂)
main_12_1,2011-09,XLE,2011-08,-4.992779390399349,-1.8733727122143273,-5.0023711427518265,-8.000892935137305,,上升段(未見頂)
main_12_1,2011-09,XLY,2011-08,0.2662651691739626,2.3958947776102413,3.6064157595341984,0.02414713138289004,,上升段(未見頂)
main_12_1,2011-09,XLB,2011-08,-1.6157458789103352,-1.8084426623250716,-2.47124526599668,-9.810206329413173,,上升段(未見頂)
main_12_1,2011-10,XLE,2011-09,-8.03946502951176,-9.545907071933591,-14.243459330545349,7.321389208729001,,上升段(未見頂)
main_12_1,2011-10,XLY,2011-09,0.05038074853491725,0.9389117341616737,4.277411498867734,1.4585426134134716,,上升段(未見頂)
main_12_1,2011-10,XLP,2011-09,3.918562611167453,10.986893861637581,16.628647642729042,-4.919067031639113,,上升段(未見頂)
main_12_1,2011-11,XLU,2011-10,-6.542149345976767,8.813567505369235,15.420131548594028,0.047177073295934235,,上升段(未見頂)
main_12_1,2011-11,XLP,2011-10,-5.645803091837987,3.957396266393509,7.483315266288693,2.3730473619177683,,上升段(未見頂)
main_12_1,2011-11,XLV,2011-10,-4.640813089826912,1.3821571488927598,3.5429858573236883,0.3311014972935622,,上升段(未見頂)
main_12_1,2011-12,XLU,2011-11,1.4452630548451584,2.1014202758616873,13.348162469225056,1.073780804000779,,上升段(未見頂)
main_12_1,2011-12,XLV,2011-11,1.3654820009886937,-0.7895930769960091,1.2794169885537388,1.44879870317689,,上升段(未見頂)
main_12_1,2011-12,XLE,2011-11,2.0788722629498713,0.8354118635185204,-1.0536112265815634,-2.67014971202717,,上升段(未見頂)
main_12_1,2012-01,XLU,2011-12,2.2628807129434936,-3.0460328849168716,14.121817013619054,-7.470553683149506,,上升段(未見頂)
main_12_1,2012-01,XLP,2011-12,1.7076143577377634,-0.9733449388516502,9.906608547446671,-5.167042845220315,,上升段(未見頂)
main_12_1,2012-01,XLV,2011-12,1.900264341865321,-1.5018803505666534,2.6163333701106906,-1.2380566186352304,,上升段(未見頂)
main_12_1,2012-02,XLU,2012-01,-7.8848918318053745,-4.43900533082715,3.9833274431426924,-3.391919198732296,,上升段(未見頂)
main_12_1,2012-02,XLP,2012-01,-5.784998005538144,-1.1194328412124532,2.79366303171813,-0.40536032508708963,,上升段(未見頂)
main_12_1,2012-02,XLV,2012-01,-1.3739471209037069,1.8725208530506965,3.2805591827784086,-2.959250183210993,,上升段(未見頂)
main_12_1,2012-03,XLU,2012-02,-3.5796363542793808,-9.172438624689994,-7.263769833878508,-1.57300085660097,,上升段(未見頂)
main_12_1,2012-03,XLV,2012-02,-3.142641746726127,-2.658152917066936,-3.426757402653824,1.5165180245568122,,上升段(未見頂)
main_12_1,2012-03,XLP,2012-02,-0.5693450348323692,-4.721737327728414,-3.598098023746865,0.16486519108973585,,上升段(未見頂)
main_12_1,2012-04,XLP,2012-03,-0.11186395749542832,-6.426199023541457,-7.336994879436942,0.8977727650333778,,上升段(未見頂)
main_12_1,2012-04,XLU,2012-03,-1.799526466845891,-12.780576151047773,-15.437308483521884,2.51700663850154,5.880903490759754,已見頂(下降段)
main_12_1,2012-04,XLK,2012-03,1.257345993671044,5.498728263300823,2.3727041694389994,-0.5564960438514843,,上升段(未見頂)
main_12_1,2012-05,XLK,2012-04,-0.4628153129467627,3.4573842447484626,2.548764159762329,-0.460488554267402,,上升段(未見頂)
main_12_1,2012-05,XLY,2012-04,1.8330455401631696,3.5004742641339126,4.687827984495518,0.09820337352743902,,上升段(未見頂)
main_12_1,2012-05,XLP,2012-04,0.9674489762952154,0.28029268803653196,-0.8422778415773102,5.318919857066717,,上升段(未見頂)
main_12_1,2012-06,XLY,2012-05,0.5345200195872257,3.8694318701200103,5.577278835809296,-2.2455668745529955,,上升段(未見頂)
main_12_1,2012-06,XLK,2012-05,-0.3537098033688624,0.43221193769626964,3.319961486156209,-0.6476739298245215,,上升段(未見頂)
main_12_1,2012-06,XLU,2012-05,6.9860284831443575,7.638299261875825,-2.234757674579879,-0.7684370308760347,7.917864476386037,已見頂(下降段)
main_12_1,2012-07,XLP,2012-06,-0.40227901599722005,5.734380566235853,-1.0603211652592148,1.7230940265638317,,上升段(未見頂)
main_12_1,2012-07,XLU,2012-06,0.05095025177070944,9.666621118677664,-4.349404905675969,0.7716821931703644,8.870636550308008,已見頂(下降段)
main_12_1,2012-07,XLK,2012-06,-0.7634043737588914,-1.5720715755965342,3.840212743657645,0.594810750398933,,上升段(未見頂)
main_12_1,2012-08,XLU,2012-07,1.3156483664028773,8.448815225365047,5.204262919812486,-6.18711588230807,9.921971252566735,已見頂(下降段)
main_12_1,2012-08,XLP,2012-07,1.2752983096935733,6.056764254292046,6.354033609664977,-2.4694234340486676,,上升段(未見頂)
main_12_1,2012-08,XLV,2012-07,-0.1811262594940688,3.9728562602336037,2.347578798480643,-1.194998229451394,,上升段(未見頂)
main_12_1,2012-09,XLK,2012-08,1.6569395697652478,1.5406555266407773,1.9795263614419412,-0.9859682854445717,,上升段(未見頂)
main_12_1,2012-09,XLP,2012-08,-2.909526255053596,-2.0668886782216123,3.850905050013975,-1.3726021381055498,,上升段(未見頂)
main_12_1,2012-09,XLY,2012-08,2.059641209780305,-1.7315573291307729,2.0708731098464384,0.5353824937067486,,上升段(未見頂)
main_12_1,2012-10,XLY,2012-09,0.5322011666770488,0.8473015452080013,1.14005988525967,0.578970422308489,,上升段(未見頂)
main_12_1,2012-10,XLK,2012-09,-0.97745777535585,1.3216322663334168,-0.27121631445606864,-4.249982736904134,,上升段(未見頂)
main_12_1,2012-10,XLF,2012-09,0.7106314712596706,0.5494114522929472,-3.6441813518239052,3.387170946469076,35.48254620123203,已見頂(下降段)
main_12_1,2012-11,XLV,2012-10,1.625092645829218,1.5496319457797947,5.584052855781874,0.0633600326265471,,上升段(未見頂)
main_12_1,2012-11,XLY,2012-10,0.2862525340844524,2.896506936955867,-0.396207015480321,2.6042884581316095,,上升段(未見頂)
main_12_1,2012-11,XLK,2012-10,-4.621717225785183,-3.9890865151805954,-4.438123692225259,0.32523704846720847,,上升段(未見頂)
main_12_1,2012-12,XLF,2012-11,-1.4383475452152905,3.1123390765831704,3.878385992553124,4.589402747223148,37.5523613963039,已見頂(下降段)
main_12_1,2012-12,XLY,2012-11,2.5884534935312953,3.429655360547579,1.638711582657315,-0.64485405458512,,上升段(未見頂)
main_12_1,2012-12,XLV,2012-11,-0.04115446330629213,2.8453174221159117,2.9342843919643924,-0.9508872894619103,,上升段(未見頂)
main_12_1,2013-01,XLY,2012-12,-0.4386020888824338,2.4308724334838328,3.2987707983827663,0.6101077747726835,,上升段(未見頂)
main_12_1,2013-01,XLF,2012-12,3.7224767703107897,6.196009680024872,6.77946271908505,0.17028032247796698,38.57084188911704,已見頂(下降段)
main_12_1,2013-01,XLV,2012-12,-1.2417461053735979,0.3218630930747812,0.06579578145471388,2.106344702977503,,上升段(未見頂)
main_12_1,2013-02,XLF,2013-01,0.8763768500405389,3.1265122706067627,8.840891124628158,-0.34930257126950526,,上升段(未見頂)
main_12_1,2013-02,XLY,2013-01,0.5244437210231156,2.6741573351287906,5.6481214248017775,-0.35153979891113796,,上升段(未見頂)
main_12_1,2013-02,XLV,2013-01,2.358051598169131,1.0454226565159708,2.611254805749552,0.33461995156018887,,上升段(未見頂)
main_12_1,2013-03,XLV,2013-02,-0.017181622318362955,1.0696560881537254,3.945408621302615,2.400211285257381,,上升段(未見頂)
main_12_1,2013-03,XLF,2013-02,-0.0667313462365815,4.56165455212878,7.81596778587661,0.48860135518902226,,上升段(未見頂)
main_12_1,2013-03,XLY,2013-02,0.31594032708233133,0.39974567911482684,3.843110938774741,1.2688409827291247,,上升段(未見頂)
main_12_1,2013-04,XLV,2013-03,2.325977920060529,4.720881439432345,5.0579393075284695,0.316349278923167,,上升段(未見頂)
main_12_1,2013-04,XLP,2013-03,1.0880012059170552,3.6329528864936567,2.4671139584231394,1.1698831169321355,,上升段(未見頂)
main_12_1,2013-04,XLY,2013-03,0.5575538070264008,1.4042896158651397,3.869298538507304,1.1375290920605519,,上升段(未見頂)
main_12_1,2013-05,XLV,2013-04,1.061668865348575,3.3945730509454375,4.475483343227982,0.26538021448989646,,上升段(未見頂)
main_12_1,2013-05,XLF,2013-04,0.7551396767570218,0.7622567491991861,3.9126010706032055,3.870916875035668,,上升段(未見頂)
main_12_1,2013-05,XLP,2013-04,1.0014218225115723,4.149932042285331,2.873143994693539,-4.634032282549272,,上升段(未見頂)
main_12_1,2013-06,XLF,2013-05,3.6490699614967204,4.508882176773787,9.276216357969492,-0.21240278880317875,,上升段(未見頂)
main_12_1,2013-06,XLV,2013-05,-0.6965603133226583,2.6920116425346974,3.790462997116606,0.19248658055273093,,上升段(未見頂)
main_12_1,2013-06,XLY,2013-05,0.39472424522271066,2.060419042118977,2.4684011573263387,2.241794241240913,,上升段(未見頂)
main_12_1,2013-07,XLF,2013-06,-0.23932258258146932,4.1818364158215715,5.102285530881501,0.1504799891698605,,上升段(未見頂)
main_12_1,2013-07,XLY,2013-06,2.1845125179358327,3.7116931783046425,5.16810571604549,0.04804393663233597,,上升段(未見頂)
main_12_1,2013-07,XLV,2013-06,0.753247419224401,1.1136552741391137,5.887111058707539,2.1047097288432237,,上升段(未見頂)
main_12_1,2013-08,XLF,2013-07,0.17055016898908093,3.5773649351201975,4.366890389980815,-2.0838478434301977,,上升段(未見頂)
main_12_1,2013-08,XLY,2013-07,0.09344042211707482,2.6837180927239412,4.7171924970764945,0.2441361138146192,,上升段(未見頂)
main_12_1,2013-08,XLV,2013-07,1.8966437987447016,1.9490597210066074,5.4097950279881735,-0.3553122193911684,,上升段(未見頂)
main_12_1,2013-09,XLF,2013-08,-2.190874057943193,-2.258538977253577,2.148508338119348,-0.48471109162329107,,上升段(未見頂)
main_12_1,2013-09,XLV,2013-08,-0.5450932866299607,2.104562098354057,4.853228797600817,-0.006857088580480841,,上升段(未見頂)
main_12_1,2013-09,XLY,2013-08,0.15745747132274168,2.4410416502407273,4.551756379347327,1.9394280934564634,,上升段(未見頂)
main_12_1,2013-10,XLF,2013-09,-0.33258648298643,-2.349915159956495,1.7336516479651065,-1.5270775653627444,,上升段(未見頂)
main_12_1,2013-10,XLY,2013-09,2.1889673244727126,2.445507640347677,6.24797055891404,0.44544279287137556,,上升段(未見頂)
main_12_1,2013-10,XLV,2013-09,0.04138401020703508,1.3831510916286316,2.5122099008489718,-0.22282558034847355,,上升段(未見頂)
main_12_1,2013-11,XLY,2013-10,-0.04345539394312592,2.305394948537076,5.050983342603654,-0.039359887808365634,,上升段(未見頂)
main_12_1,2013-11,XLI,2013-10,0.12546738209657793,3.2980269543010365,6.5006741851508565,0.5056741408418164,,上升段(未見頂)
main_12_1,2013-11,XLV,2013-10,-0.30725430084662664,-0.8096407972066011,1.1236385411367955,1.5628271170005092,,上升段(未見頂)
main_12_1,2013-12,XLY,2013-11,0.4758062960865894,2.630570957105327,5.135825940048133,0.06130914104527374,,上升段(未見頂)
main_12_1,2013-12,XLI,2013-11,0.6771861179512895,3.44385239701146,4.5090344328924115,1.553799234715636,,上升段(未見頂)
main_12_1,2013-12,XLV,2013-11,1.7042784508734643,1.433747668951213,3.5684838773320404,-1.608415914165584,,上升段(未見頂)
main_12_1,2014-01,XLV,2013-12,-1.8069286612262592,-0.4402895905529336,0.9367716307976393,4.694928364604145,,上升段(未見頂)
main_12_1,2014-01,XLY,2013-12,-0.30163038343045123,0.12921027719028366,2.5778777647387674,-2.640339994641283,,上升段(未見頂)
main_12_1,2014-01,XLI,2013-12,1.5848692883751125,2.4011069107368055,6.391433029544746,-0.7155898304010533,,上升段(未見頂)
main_12_1,2014-02,XLY,2014-01,-2.565872418810111,-2.397563989418039,-0.14744235998095379,1.6640508021211309,,上升段(未見頂)
main_12_1,2014-02,XLI,2014-01,-0.7693867550970457,1.4859146368012555,4.832947456341907,-0.5677176198921385,,上升段(未見頂)
main_12_1,2014-02,XLV,2014-01,4.625890159342694,4.486271819908727,3.640308335774556,0.8098746559865866,,上升段(未見頂)
main_12_1,2014-03,XLV,2014-02,1.5945097818133913,4.373500566157973,5.869953197528055,-1.710883183021461,,上升段(未見頂)
main_12_1,2014-03,XLY,2014-02,1.76716768546743,-1.1431324797851694,1.4573675663057006,-3.637511458464726,,上升段(未見頂)
main_12_1,2014-03,XLI,2014-02,-0.4724918658274513,0.3270014190154047,3.782115262233887,0.426480668654583,,上升段(未見頂)
main_12_1,2014-04,XLV,2014-03,-2.070169918045761,4.093690482889545,3.635376799270995,-1.1722048279007247,,上升段(未見頂)
main_12_1,2014-04,XLY,2014-03,-3.6661827474949393,-4.4792864068587175,-4.355863828050888,-1.8450169985039233,,上升段(未見頂)
main_12_1,2014-04,XLI,2014-03,0.12595289797812104,-1.113850036471331,1.2605121440645295,0.4985005759684302,,上升段(未見頂)
main_12_1,2014-05,XLI,2014-04,0.6380197772996921,0.28867090813629037,1.7788749482137378,-0.43676159925665203,,上升段(未見頂)
main_12_1,2014-05,XLV,2014-04,-1.318583988458777,-1.8205459559344828,2.584051223784667,0.203634074090564,,上升段(未見頂)
main_12_1,2014-05,XLB,2014-04,0.12881430572080355,2.376876543659834,1.7143541346759772,0.7209093539050304,36.82956878850103,已見頂(下降段)
main_12_1,2014-06,XLI,2014-05,-0.38814411119068026,0.3736637343929594,0.7018870391221732,-1.640997764073493,,上升段(未見頂)
main_12_1,2014-06,XLV,2014-05,0.5401971400162964,-2.8394183318699584,1.4099002574680997,0.43865261390796384,,上升段(未見頂)
main_12_1,2014-06,XLB,2014-05,0.6228015539134324,0.748747547820594,4.026522425906709,-0.5997596514119685,37.81519507186858,已見頂(下降段)
main_12_1,2014-07,XLB,2014-06,-0.4408711489046757,0.3082297738296935,1.2934048105011975,-0.45867728215818193,38.83367556468173,已見頂(下降段)
main_12_1,2014-07,XLI,2014-06,-1.5574509406664383,-1.3139048323847602,-2.4131199394013647,-2.616339790286193,,上升段(未見頂)
main_12_1,2014-07,XLV,2014-06,0.05593164597925693,-0.7300175040188761,3.333788321785214,1.3639729626265362,,上升段(未見頂)
main_12_1,2014-08,XLB,2014-07,-0.6594930395822707,-0.48149009725182434,1.8839420212263924,-0.3098359594744693,39.85215605749487,已見頂(下降段)
main_12_1,2014-08,XLE,2014-07,-2.1516750109908056,0.5162513833333104,6.980052286191896,-2.0428805613478485,40.049281314168375,已見頂(下降段)
main_12_1,2014-08,XLK,2014-07,3.080023390170905,4.328336581744807,3.3256922203950934,-0.5885971616436558,,上升段(未見頂)
main_12_1,2014-09,XLK,2014-08,-0.6390317056430228,2.2250110807801926,2.820395418313537,0.6049634696061901,,上升段(未見頂)
main_12_1,2014-09,XLV,2014-08,0.8628406025668944,2.4283185465678203,-0.4800499072695863,2.196128003087705,,上升段(未見頂)
main_12_1,2014-09,XLB,2014-08,-0.07886493808075823,-1.1754561035007827,-0.4355097544308517,0.1025959078893579,40.80492813141684,已見頂(下降段)
main_12_1,2014-10,XLV,2014-09,1.8400214209014054,4.25471017348289,3.4936325404523183,2.4476335020978013,,上升段(未見頂)
main_12_1,2014-10,XLK,2014-09,0.8746384516712169,3.3171255128782606,4.132082053887665,-0.5919202697578729,,上升段(未見頂)
main_12_1,2014-10,XLB,2014-09,-0.025911122627819694,-0.7635578094385309,-0.4576815481179275,-4.835574824667221,41.856262833675565,已見頂(下降段)
main_12_1,2014-11,XLV,2014-10,2.835499232337524,5.6313275163200505,7.8502903568062,0.735121972382835,,上升段(未見頂)
main_12_1,2014-11,XLK,2014-10,-0.7337819076542407,-0.5054522056542887,3.8010067033699357,2.2158644089125934,,上升段(未見頂)
main_12_1,2014-11,XLB,2014-10,-4.6453593209877075,-4.745248671672641,-5.203890866480387,-1.0002078782595403,42.874743326488705,已見頂(下降段)
main_12_1,2014-12,XLU,2014-11,-1.539281886974031,3.400191411864628,0.8936074827087026,4.216887771056199,37.84804928131417,已見頂(下降段)
main_12_1,2014-12,XLV,2014-11,0.711784308179797,5.473129741892135,8.034353313060038,-1.1126618430645219,,上升段(未見頂)
main_12_1,2014-12,XLK,2014-11,2.0076454554420975,2.144783111293025,4.417515853958198,-1.871619687847692,,上升段(未見頂)
main_12_1,2015-01,XLV,2014-12,-1.1526118137140773,2.3737353287668794,6.729441060774355,4.0714474429667575,,上升段(未見頂)
main_12_1,2015-01,XLU,2014-12,3.8305641767058862,7.9007843517343135,2.373744807012801,4.40975762356911,,上升段(未見頂)
main_12_1,2015-01,XLK,2014-12,-1.9279615585010679,-0.6931053270770371,2.6010290121656343,-0.7059281415888519,,上升段(未見頂)
main_12_1,2015-02,XLU,2015-01,5.453962174268945,7.808031123284098,14.278282662706655,-11.801237065488213,,上升段(未見頂)
main_12_1,2015-02,XLV,2015-01,4.394651053440679,3.9258860652587213,9.778293083831047,-0.9400254627845106,,上升段(未見頂)
main_12_1,2015-02,XLP,2015-01,2.054484112811994,4.116502843783132,8.120005995781376,-1.3312496901278559,,上升段(未見頂)
main_12_1,2015-03,XLU,2015-02,-11.375903325250835,-2.9624244501596064,0.3370388599677199,0.4261582860439539,,上升段(未見頂)
main_12_1,2015-03,XLV,2015-02,-1.2619871042729658,1.8891239888194633,7.465647937604891,2.0083732647524166,,上升段(未見頂)
main_12_1,2015-03,XLP,2015-02,-1.397769587763964,-0.06002348515945499,5.929442300756427,-0.4155485974320361,,上升段(未見頂)
main_12_1,2015-04,XLV,2015-03,2.2464776634169903,5.392810383970459,7.894556758035054,-1.9134349358844505,,上升段(未見頂)
main_12_1,2015-04,XLK,2015-03,-1.894726154807036,-0.2512173920267813,-0.9425815179771257,1.8203177078148336,,上升段(未見頂)
main_12_1,2015-04,XLY,2015-03,1.1049495083647498,3.870534146431104,7.5692627760773235,-0.7800330023447044,,上升段(未見頂)
main_12_1,2015-05,XLV,2015-04,-2.052793794815888,-1.1162810828477032,2.765781058930372,3.17761297375172,,上升段(未見頂)
main_12_1,2015-05,XLY,2015-04,-1.0263732366927791,2.8371310303273223,6.716281477139563,-0.3145614291276022,,上升段(未見頂)
main_12_1,2015-05,XLK,2015-04,1.7503718334327178,2.0666290013569233,1.5363469778744587,0.6077133156262127,,上升段(未見頂)
main_12_1,2015-06,XLV,2015-05,3.1777676604032523,3.3300253531037605,5.282057649702487,1.5745406614706692,,上升段(未見頂)
main_12_1,2015-06,XLY,2015-05,0.02854887502645731,0.09580343560611215,4.01285367322024,2.8257226456619433,,上升段(未見頂)
main_12_1,2015-06,XLK,2015-05,0.562465972573789,0.3839484138772331,0.09784455227030975,-2.300686675905761,,上升段(未見頂)
main_12_1,2015-07,XLV,2015-06,1.6731884284954424,2.750660737981181,8.29180903985729,0.6948718111865704,,上升段(未見頂)
main_12_1,2015-07,XLY,2015-06,2.639287092167919,1.6148265293223885,5.547863087976546,2.484512709590425,,上升段(未見頂)
main_12_1,2015-07,XLK,2015-06,-2.1248197134588254,0.14851051113498048,-0.1030799651247527,0.5770927669272563,,上升段(未見頂)
main_12_1,2015-08,XLV,2015-07,0.6830242484120896,5.620646748727531,4.441623449490084,-2.234356248828051,,上升段(未見頂)
main_12_1,2015-08,XLY,2015-07,2.5731047968031495,5.310359854018087,8.298152751585786,-0.15453250124888296,,上升段(未見頂)
main_12_1,2015-08,XLP,2015-07,3.358523304310923,3.139417326974314,-0.4348774983583992,0.4260166661938847,,上升段(未見頂)
main_12_1,2015-09,XLV,2015-08,-1.9908427135546303,0.32966223851391696,3.6706654277397943,-2.9060019738728293,,上升段(未見頂)
main_12_1,2015-09,XLY,2015-08,-0.465400443261188,4.790328512530695,4.89072124742862,1.7121666683095338,,上升段(未見頂)
main_12_1,2015-09,XLP,2015-08,0.14052822357784045,3.711675511723289,1.1184424355814127,2.511472979416207,,上升段(未見頂)
main_12_1,2015-10,XLY,2015-09,2.016098217501483,4.154079287192558,5.835986990893627,0.9126225082128014,,上升段(未見頂)
main_12_1,2015-10,XLV,2015-09,-3.2337356161766917,-4.512420906918557,-1.8858815591564326,-0.3812851480029744,,上升段(未見頂)
main_12_1,2015-10,XLP,2015-09,3.0185094720486694,6.628042338657325,4.566022053226693,-2.758110116941137,,上升段(未見頂)
main_12_1,2015-11,XLY,2015-10,0.4883002681446147,2.0371413568612606,7.455680747663718,-0.5868375934387271,,上升段(未見頂)
main_12_1,2015-11,XLP,2015-10,-2.585724670054279,0.4957611835176623,3.6507425229877377,-1.3190367199847453,,上升段(未見頂)
main_12_1,2015-11,XLV,2015-10,-0.7284614894124797,-5.851071161372023,-0.5592924536418797,-0.9139389133963949,,上升段(未見頂)
main_12_1,2015-12,XLY,2015-11,-0.5979631109528816,1.901245741445723,6.78265017082218,-1.3719638196618034,,上升段(未見頂)
main_12_1,2015-12,XLK,2015-11,0.34344451366892237,3.4305113763913653,2.4426782314352247,-0.5300380632706214,,上升段(未見頂)
main_12_1,2015-12,XLV,2015-11,-0.6854057062425256,-4.597050625867061,-4.28254312735199,3.1297062530628805,,上升段(未見頂)
main_12_1,2016-01,XLY,2015-12,-1.134477450973248,-1.2457829239299945,2.8565455528561934,-0.0672826611841093,,上升段(未見頂)
main_12_1,2016-01,XLK,2015-12,-0.3591021228367852,1.8262903209305348,4.290795787429658,1.6164688984668718,,上升段(未見頂)
main_12_1,2016-01,XLV,2015-12,3.511815280914621,2.053463939655664,-2.551617903391945,-2.7416274261602314,,上升段(未見頂)
main_12_1,2016-02,XLY,2016-01,-0.2136682564277903,-1.9356378808872865,0.06207179618333836,0.6255671509998839,,上升段(未見頂)
main_12_1,2016-02,XLK,2016-01,1.3326472031514935,1.3155311809952552,5.0730181886170955,-0.6794131878858689,,上升段(未見頂)
main_12_1,2016-02,XLP,2016-01,5.802239592390057,9.382587582137546,9.92486399289698,-0.1824911330237322,,上升段(未見頂)
main_12_1,2016-03,XLP,2016-02,0.3981301915474411,11.245319830463018,10.207635232430889,-1.616600638334642,,上升段(未見頂)
main_12_1,2016-03,XLU,2016-02,2.021760612976675,17.08734035256192,12.316952959146143,1.6566895991950714,,上升段(未見頂)
main_12_1,2016-03,XLY,2016-02,0.5282981232877626,-0.8245329883530106,1.0610363547648438,-0.2247333516972816,,上升段(未見頂)
main_12_1,2016-04,XLU,2016-03,1.1711432076096484,13.995579337684937,7.593885185125027,-3.220412978544207,,上升段(未見頂)
main_12_1,2016-04,XLP,2016-03,-1.8628981947832801,4.244635141788611,4.985579522986083,-1.9956845820953473,,上升段(未見頂)
main_12_1,2016-04,XLK,2016-03,1.9631095121389164,2.730306474432509,4.606460118237354,-5.411986380679901,,上升段(未見頂)
main_12_1,2016-05,XLU,2016-04,-2.801484890543371,0.32498459650593947,12.282051275817896,0.360922665643848,,上升段(未見頂)
main_12_1,2016-05,XLP,2016-04,-1.8193030300265867,-3.264704291405751,5.81156955129285,-0.5865417603193368,,上升段(未見頂)
main_12_1,2016-05,XLY,2016-04,-0.2666683769138034,0.23283859838734156,-1.7073061946116574,-1.7556632732995903,,上升段(未見頂)
main_12_1,2016-06,XLU,2016-05,-0.19025736450258846,-1.8502441800260172,14.920938652141391,7.551901318061471,,上升段(未見頂)
main_12_1,2016-06,XLP,2016-05,-0.9958771211852513,-4.607853903453929,6.119298018245223,4.7763356469537,,上升段(未見頂)
main_12_1,2016-06,XLY,2016-05,-1.6230130120482134,-1.9121496867877674,-2.7209163701865213,-1.267076894217345,,上升段(未見頂)
main_12_1,2016-07,XLU,2016-06,7.2552470716224615,4.052163262487718,18.61486632446665,-5.1399790142418915,,上升段(未見頂)
main_12_1,2016-07,XLP,2016-06,4.99359542265716,2.0568593276651947,6.3888006432930355,-4.74843785008262,,上升段(未見頂)
main_12_1,2016-07,XLK,2016-06,-1.719387519165605,-4.111627846286203,-1.4935814131454062,3.3470472096643222,,上升段(未見頂)
main_12_1,2016-08,XLU,2016-07,-4.162386162431064,2.595302309754821,2.9287212390002315,-5.641616846362318,,上升段(未見頂)
main_12_1,2016-08,XLP,2016-07,-4.306078013629245,-0.5280932395253957,-3.775556848277728,-0.9975769567710624,,上升段(未見頂)
main_12_1,2016-08,XLI,2016-07,-0.021985314958716806,-1.7577742150484355,3.6197632639809463,1.2290918351600677,,上升段(未見頂)
main_12_1,2016-09,XLU,2016-08,-5.657889375292314,-3.0249241756901024,-4.819199872205216,0.879383936987832,,上升段(未見頂)
main_12_1,2016-09,XLP,2016-08,-0.7038773131028964,-0.23471376361005047,-4.831752399745525,-1.1012882751841646,,上升段(未見頂)
main_12_1,2016-09,XLK,2016-08,1.041484081946753,2.6140318994332556,2.0817050130120585,2.057203455772605,,上升段(未見頂)
main_12_1,2016-10,XLB,2016-09,-1.16689436116989,-0.1960146574282895,1.240451203016546,-0.607377134970366,65.87268993839835,已見頂(下降段)
main_12_1,2016-10,XLK,2016-09,2.0958827375507028,6.59752624226706,2.2146326698377683,1.066239706766381,,上升段(未見頂)
main_12_1,2016-10,XLI,2016-09,0.1803270367938481,0.9864765506077733,0.07314771097597372,-0.27603145772997495,,上升段(未見頂)
main_12_1,2016-11,XLU,2016-10,2.678256843140958,-2.7870130948156158,-0.2640422002836984,-9.607608143344514,,上升段(未見頂)
main_12_1,2016-11,XLK,2016-10,0.9975397089630134,4.188249039200187,9.127054615199759,-3.8315065299026396,,上升段(未見頂)
main_12_1,2016-11,XLI,2016-10,-0.27518363877669927,0.7307242567514693,-1.0398944408652522,5.540436057543152,,上升段(未見頂)
main_12_1,2016-12,XLU,2016-11,-8.782124488428488,-6.006320200951976,-8.849557744814119,3.075288420792477,5.125256673511293,已見頂(下降段)
main_12_1,2016-12,XLK,2016-11,-3.390234476473264,-0.3814878469072469,2.222571838515397,0.49198494557953776,,上升段(未見頂)
main_12_1,2016-12,XLP,2016-11,-7.608090634628606,-8.149806263257698,-8.365391309860327,0.9114206117621926,,上升段(未見頂)
main_12_1,2017-01,XLE,2016-12,-0.29055895883324245,3.1578950296727193,3.4771708475644036,-4.811642535673666,,上升段(未見頂)
main_12_1,2017-01,XLI,2016-12,-1.6869161287353274,3.1539157901963044,4.1715049805002735,0.1698271881332314,,上升段(未見頂)
main_12_1,2017-01,XLF,2016-12,1.6948973556139668,16.413029058738516,17.14124709612912,-1.6147191800692795,,上升段(未見頂)
main_12_1,2017-02,XLF,2017-01,-1.5044729346300634,10.16229386084122,15.592233083629004,1.6978012120683061,,上升段(未見頂)
main_12_1,2017-02,XLE,2017-01,-4.914488612558188,-0.8170793386554798,3.281890127121101,-6.47856690189913,,上升段(未見頂)
main_12_1,2017-02,XLB,2017-01,2.7093403794515636,3.9001921593082356,1.9157671105260121,-3.2520157695806295,,上升段(未見頂)
main_12_1,2017-03,XLF,2017-02,1.2966353196505631,1.463698946382408,12.887605932772495,-3.963160971190227,,上升段(未見頂)
main_12_1,2017-03,XLE,2017-02,-5.78680619934816,-10.677194594490413,-4.185176043427841,-1.5787849590897518,,上升段(未見頂)
main_12_1,2017-03,XLB,2017-02,-3.243536049642881,-2.4245403411517263,-1.0074722644253464,0.40010340842105974,,上升段(未見頂)
main_12_1,2017-04,XLF,2017-03,-3.0773108924577297,-3.2976599180509214,12.574123260079517,-1.7261935491452274,,上升段(未見頂)
main_12_1,2017-04,XLI,2017-03,-0.8894776640587909,-0.8320450459774142,2.295628744132272,0.9141846404552512,,上升段(未見頂)
main_12_1,2017-04,XLK,2017-03,2.098429050819961,4.474275065168376,2.1716377998345804,1.0650403838565081,,上升段(未見頂)
main_12_1,2017-05,XLK,2017-04,1.0045349363851042,3.7229738442980054,2.1787143468926073,2.4141098248084747,,上升段(未見頂)
main_12_1,2017-05,XLF,2017-04,-1.8173492784035572,-3.6048401068436653,6.191119309126658,-2.5200464026769898,,上升段(未見頂)
main_12_1,2017-05,XLI,2017-04,0.96523997590241,0.051559354912722455,3.5680293180580858,0.45667232808772606,,上升段(未見頂)
main_12_1,2017-06,XLK,2017-05,2.506982348862441,5.709345006613242,8.415868843359387,-3.4755829063762067,,上升段(未見頂)
main_12_1,2017-06,XLF,2017-05,-2.565084336687773,-7.279701394788796,-5.922555361021697,5.656594361378708,,上升段(未見頂)
main_12_1,2017-06,XLI,2017-05,0.3622757130045784,0.4296957957915515,-1.2072536226900632,0.6763036900651054,,上升段(未見頂)
main_12_1,2017-07,XLK,2017-06,-3.4274865612217043,-0.012005707020001921,4.4617321897927775,2.663830598353867,,上升段(未見頂)
main_12_1,2017-07,XLF,2017-06,5.838648386211198,1.2496781992175077,-2.08919185591363,-0.07194326288815223,,上升段(未見頂)
main_12_1,2017-07,XLI,2017-06,0.709283937553784,2.0497371144691634,1.200637332375254,-1.9587965372705463,,上升段(未見頂)
main_12_1,2017-08,XLF,2017-07,-0.3458296734511923,2.7671651011319742,-0.9374268830998789,-2.284078638351983,,上升段(未見頂)
main_12_1,2017-08,XLI,2017-07,-1.7263133942217346,-0.6707270167139012,-0.6195134843242189,0.16517426087643283,,上升段(未見頂)
main_12_1,2017-08,XLK,2017-07,2.3552558823345393,1.325121168719412,5.097428927534087,2.4773591344167567,,上升段(未見頂)
main_12_1,2017-09,XLF,2017-08,-1.8408013578519289,3.5310853853467883,-4.005668481490288,2.8591148594082627,,上升段(未見頂)
main_12_1,2017-09,XLK,2017-08,2.6221989579469973,1.4390093801234682,7.230512396925515,-1.1267217843934807,,上升段(未見頂)
main_12_1,2017-09,XLI,2017-08,-0.07193942185766966,-1.1004728884350778,-0.6755057783789598,1.9693252544010775,,上升段(未見頂)
main_12_1,2017-10,XLF,2017-09,3.056464211062493,0.809560197836845,2.0693552943562565,0.8824979253892584,,上升段(未見頂)
main_12_1,2017-10,XLK,2017-09,-1.1734782281951683,3.8066020241909193,3.794139307684463,4.146559456137977,,上升段(未見頂)
main_12_1,2017-10,XLI,2017-09,2.1266643993802736,0.29143709176824295,2.3471479004727014,-1.5054399288243037,,上升段(未見頂)
main_12_1,2017-11,XLF,2017-10,0.4935258751158633,1.6586472297532184,4.4717098381778175,0.5780741259675537,,上升段(未見頂)
main_12_1,2017-11,XLK,2017-10,4.0622898826178755,5.537840909596881,6.936345180499348,-2.2880589707296783,,上升段(未見頂)
main_12_1,2017-11,XLI,2017-10,-1.572903580777607,0.44799670793498336,-0.22573514373301906,1.0612199859612703,,上升段(未見頂)
main_12_1,2017-12,XLK,2017-11,-1.5940455292129174,1.2018069477423898,2.658110442574846,-0.1053176281602175,,上升段(未見頂)
main_12_1,2017-12,XLU,2017-11,-0.3605116601100855,-3.586905986444755,-3.66037715021148,-8.070695305027586,17.117043121149898,已見頂(下降段)
main_12_1,2017-12,XLB,2017-11,-2.0449246096859386,1.0457354770209593,2.2518004193150754,0.7971833109485349,,上升段(未見頂)
main_12_1,2018-01,XLK,2017-12,-0.6590428848128993,1.7286066911177622,5.601009892603059,1.2744867304671725,,上升段(未見頂)
main_12_1,2018-01,XLV,2017-12,-1.74214137151405,-4.8682960341631,-5.682343921636179,0.8081646556078459,28.813141683778234,已見頂(下降段)
main_12_1,2018-01,XLB,2017-12,0.9031685721096583,0.3045014746314578,1.946784361991849,-2.2114927993974964,,上升段(未見頂)
main_12_1,2018-02,XLK,2018-01,1.3261581250580745,-0.9461650415997114,4.5392787532511525,3.6274767373533523,,上升段(未見頂)
main_12_1,2018-02,XLI,2018-01,-0.25602574627121566,1.7100186577314602,2.165676192958177,0.23064024211376655,,上升段(未見頂)
main_12_1,2018-02,XLF,2018-01,0.8718188284934536,1.9410031037450315,3.6318447277079446,0.7414879882594483,,上升段(未見頂)
main_12_1,2018-03,XLK,2018-02,3.3486848082624254,4.02910701104322,5.279336046776306,-1.4639070230561102,,上升段(未見頂)
main_12_1,2018-03,XLY,2018-02,0.17321945246200343,4.866665383315061,5.419272198160385,-0.19803210884703493,,上升段(未見頂)
main_12_1,2018-03,XLI,2018-02,-0.23554770523649404,0.38965528857772824,1.9984043495394177,-0.13746477605282026,,上升段(未見頂)
main_12_1,2018-04,XLK,2018-03,-1.0207186228477383,3.6503628842708524,5.4420699924562,-0.18047872517847896,,上升段(未見頂)
main_12_1,2018-04,XLF,2018-03,-1.4541196578862325,0.13808468610183589,1.6989374715789207,-1.1556603932056042,,上升段(未見頂)
main_12_1,2018-04,XLI,2018-03,0.054228139588397006,-0.4370084932568963,-0.07142915435579544,-3.1488892623728115,,上升段(未見頂)
main_12_1,2018-05,XLK,2018-04,-0.453352028409304,1.8300345842923615,0.8665543952068866,4.412301456170953,,上升段(未見頂)
main_12_1,2018-05,XLF,2018-04,-0.9471825364473441,-1.667685397575125,0.24094788084227936,-2.7983208244867885,,上升段(未見頂)
main_12_1,2018-05,XLI,2018-04,-3.2862637432352293,-3.461748205228621,-1.8109260876902455,0.5909917940235321,,上升段(未見頂)
main_12_1,2018-06,XLF,2018-05,-3.33344260157743,-5.641384718745579,-3.477107897243814,-3.1083604190300207,,上升段(未見頂)
main_12_1,2018-06,XLK,2018-05,4.248623468667723,2.7167491572240854,6.855316899033492,-1.1645973558657485,,上升段(未見頂)
main_12_1,2018-06,XLE,2018-05,0.549945475314706,14.557562718575534,8.106637530124171,0.14756185738338257,,上升段(未見頂)
main_12_1,2018-07,XLK,2018-06,-0.8334804343432922,2.9110574788614008,6.667684524880402,-0.7538777745391467,,上升段(未見頂)
main_12_1,2018-07,XLE,2018-06,-0.005570480485317386,9.524095080031959,3.934955765742476,-3.091925403350415,,上升段(未見頂)
main_12_1,2018-07,XLY,2018-06,3.0261509366518835,4.479883310728017,8.629372503103161,-1.8261202457028336,,上升段(未見頂)
main_12_1,2018-08,XLK,2018-07,-1.559613650043279,1.7674071837442629,3.6297859307444336,2.407044709044759,,上升段(未見頂)
main_12_1,2018-08,XLY,2018-07,-1.8343059946991924,0.6975763192574203,3.1174910683668733,1.9523244524925376,,上升段(未見頂)
main_12_1,2018-08,XLE,2018-07,-2.073970172785644,-1.5409153522299324,3.795200570897017,-5.125213510314818,,上升段(未見頂)
main_12_1,2018-09,XLE,2018-08,-6.460857621343785,-8.405934047960717,4.9279295495008535,1.1177877766302524,,上升段(未見頂)
main_12_1,2018-09,XLY,2018-08,1.8535354530068826,3.010933918915182,4.847194587184567,-0.013303655696472738,,上升段(未見頂)
main_12_1,2018-09,XLK,2018-08,3.301583933170571,0.8429080889719609,3.582556944599369,-0.153574710598825,,上升段(未見頂)
main_12_1,2018-10,XLY,2018-09,-0.06369861342574445,-0.0784592587270927,4.397909168763503,-3.249224743637069,,上升段(未見頂)
main_12_1,2018-10,XLK,2018-09,-0.6101377398974206,1.070026343267827,4.012232904020729,-1.4340122947410383,,上升段(未見頂)
main_12_1,2018-10,XLV,2018-09,2.345759754008947,6.316745655474931,5.657736440428263,0.20528829714298036,37.782340862423,已見頂(下降段)
main_12_1,2018-11,XLY,2018-10,-3.4271176158906846,-1.699760803149153,-1.0140416127385254,0.9723219825197082,,上升段(未見頂)
main_12_1,2018-11,XLK,2018-10,-1.1756701781509116,1.4642261047410843,3.2575121258467954,-2.850088178651311,,上升段(未見頂)
main_12_1,2018-11,XLV,2018-10,0.14141092665984623,3.620004173136815,5.242069370627789,4.455785926797851,38.86652977412731,已見頂(下降段)
main_12_1,2018-12,XLY,2018-11,0.6105269629444132,-2.899405286312251,0.024229455390534227,0.37553358448667584,,上升段(未見頂)
main_12_1,2018-12,XLK,2018-11,-3.7478158065544775,-5.459790564324651,-4.66290349166032,-0.7194291747869452,,上升段(未見頂)
main_12_1,2018-12,XLV,2018-11,6.115101803420808,8.75788551159069,14.184272449561819,1.033940713439574,,上升段(未見頂)
main_12_1,2019-01,XLV,2018-12,-0.601803526440281,5.625652671033676,12.297756497198243,-3.251720055005136,,上升段(未見頂)
main_12_1,2019-01,XLY,2018-12,0.9305308134563095,-1.93338725990303,-2.0103295973176727,0.9939685097175133,,上升段(未見頂)
main_12_1,2019-01,XLU,2018-12,5.2747960766857505,17.230252024405758,11.33640460174059,-6.37314784698797,,上升段(未見頂)
main_12_1,2019-02,XLU,2019-01,-4.193827562450025,2.527258126584253,8.879612836675378,0.775646263349361,,上升段(未見頂)
main_12_1,2019-02,XLV,2019-01,-2.9607687190959187,2.3535822382960703,6.058786186677434,-2.222703586624597,,上升段(未見頂)
main_12_1,2019-02,XLY,2019-01,1.7232030180043267,3.2965953876338716,1.5408003482472843,-0.7862738927314261,,上升段(未見頂)
main_12_1,2019-03,XLU,2019-02,0.8399740364132935,1.7069483980643785,11.857939189251221,0.7891640552657897,,上升段(未見頂)
main_12_1,2019-03,XLV,2019-02,-2.092952255295588,-5.563516476564945,2.70712263158972,-1.495926396925773,,上升段(未見頂)
main_12_1,2019-03,XLY,2019-02,-1.8665536101641456,0.7533824910628928,-2.1678664070214015,1.6802849432708378,,上升段(未見頂)
main_12_1,2019-04,XLU,2019-03,0.9639633138487369,-2.4577867683962973,14.34898240159228,-2.88337169110755,,上升段(未見頂)
main_12_1,2019-04,XLV,2019-03,-1.3045287578471787,-6.231163396646766,-0.9560543356730178,-6.693512225041576,,上升段(未見頂)
main_12_1,2019-04,XLY,2019-03,1.8124203829862573,1.633724211230314,-0.33124926443459657,1.2727565068644697,,上升段(未見頂)
main_12_1,2019-05,XLU,2019-04,-3.0329580163373726,-1.275881866863926,1.2191314315543877,6.415086911456058,,上升段(未見頂)
main_12_1,2019-05,XLK,2019-04,2.1901745275509255,8.896432093467933,4.2654205000769885,-2.848039706521377,,上升段(未見頂)
main_12_1,2019-05,XLP,2019-04,-1.1852134997989316,-0.6587574978480948,-3.015955577958751,2.968759643214536,,上升段(未見頂)
main_12_1,2019-06,XLP,2019-05,2.9246674608704337,3.7156401949886897,-0.5869205749469808,-2.675105928668775,,上升段(未見頂)
main_12_1,2019-06,XLU,2019-05,5.974561258526556,3.7509698387677703,5.521945356406888,-5.366460166624698,,上升段(未見頂)
main_12_1,2019-06,XLY,2019-05,-1.3103919371496908,1.8086703866455833,2.575679083722493,1.1617994268938725,,上升段(未見頂)
main_12_1,2019-07,XLU,2019-06,-3.5268999078244323,-0.8638590503625476,-3.3004140053214392,-0.6788519843836882,,上升段(未見頂)
main_12_1,2019-07,XLP,2019-06,-1.6259036744469268,0.051168483176944335,-2.0854800749258273,1.7971037651606014,,上升段(未見頂)
main_12_1,2019-07,XLV,2019-06,-0.34088404090999447,-2.713064836980583,-8.775172730578118,-2.687774482271854,6.899383983572895,已見頂(下降段)
main_12_1,2019-08,XLU,2019-07,-1.6216079992490307,0.5790620840876226,-0.7042079309050653,7.593579951775331,,上升段(未見頂)
main_12_1,2019-08,XLK,2019-07,1.9566541149955041,1.306363147459133,10.319014951234863,-0.1590369415349402,,上升段(未見頂)
main_12_1,2019-08,XLP,2019-07,0.8176812595114269,2.0791236922632406,1.4066698112028098,3.805242200718306,,上升段(未見頂)
main_12_1,2019-09,XLU,2019-08,6.877677524200165,1.4361978521021834,5.241039039127338,0.9897965571898704,,上升段(未見頂)
main_12_1,2019-09,XLP,2019-08,3.9104337050040794,3.056791697893013,6.886011273885706,-0.7020118095848682,,上升段(未見頂)
main_12_1,2019-09,XLK,2019-08,0.14151926199219567,3.990715640723197,6.684390442863597,-0.06006644913758574,,上升段(未見頂)
main_12_1,2019-10,XLU,2019-09,2.2618599243680926,7.522762781554548,6.593917664066229,-2.7679618976747977,,上升段(未見頂)
main_12_1,2019-10,XLP,2019-09,-0.19078127284851698,4.560227215237522,4.613729097509922,-2.7044447370409452,,上升段(未見頂)
main_12_1,2019-10,XLK,2019-09,-0.36579776578807843,1.7274594532320497,3.292428728892327,1.3714055716179452,,上升段(未見頂)
main_12_1,2019-11,XLU,2019-10,-2.903159653371057,6.122089608349812,6.7366023921132445,-5.5667788432328225,,上升段(未見頂)
main_12_1,2019-11,XLK,2019-10,1.6521636524481353,1.4236534736071782,2.7486147053930265,1.8911794357001632,,上升段(未見頂)
main_12_1,2019-11,XLY,2019-10,-2.041083839130431,-1.9665603128341536,-2.703202547036665,-2.290502298248054,,上升段(未見頂)
main_12_1,2019-12,XLK,2019-11,1.6854795477200701,2.987381427314273,7.097314965905355,1.866845330582434,,上升段(未見頂)
main_12_1,2019-12,XLU,2019-11,-5.295884655395911,-5.965409731101989,-4.614886965427001,0.6104457796881402,,上升段(未見頂)
main_12_1,2019-12,XLY,2019-11,-2.2156833732309478,-4.845145189057765,-3.595717566816725,-0.016081923947508514,,上升段(未見頂)
main_12_1,2020-01,XLK,2019-12,1.375106339647525,4.78687548773149,6.5970262740908225,3.2371170997246734,,上升段(未見頂)
main_12_1,2020-01,XLI,2019-12,-3.0189572683471333,-3.229122186540445,-4.134260426405511,-0.5506681460376139,,上升段(未見頂)
main_12_1,2020-01,XLF,2019-12,-0.28791458106792733,1.376839297181176,1.5881246013203842,-2.2721167427145583,22.275154004106778,已見頂(下降段)
main_12_1,2020-02,XLK,2020-01,4.0346171898217875,7.242798246342308,8.769564068769897,2.033023691265745,,上升段(未見頂)
main_12_1,2020-02,XLU,2020-01,6.790283678037223,1.5131950226373814,7.727923786222135,-1.7633978847877319,,上升段(未見頂)
main_12_1,2020-02,XLP,2020-01,0.35807834169054864,-2.2877649376562004,-1.2718664055319295,-0.5834300434561568,,上升段(未見頂)
main_12_1,2020-03,XLK,2020-02,0.6685415581705323,6.170282523080939,9.341993824502559,3.054673399251151,,上升段(未見頂)
main_12_1,2020-03,XLU,2020-02,-2.1082840130358105,4.929979229794035,-1.3295239620234045,2.3593420777811125,,上升段(未見頂)
main_12_1,2020-03,XLP,2020-02,-0.32368540057990947,-0.4457981670015876,-5.294818305605231,8.06625024755505,,上升段(未見頂)
main_12_1,2020-04,XLK,2020-03,4.466973977987432,9.408399577051775,14.645643437924981,0.1673297509095617,,上升段(未見頂)
main_12_1,2020-04,XLU,2020-03,2.84704257655799,7.515106517775605,-0.7648926233850606,-8.721470166862023,,上升段(未見頂)
main_12_1,2020-04,XLP,2020-03,7.947497716599794,7.983372873346317,2.427285926893985,-5.712329532675531,,上升段(未見頂)
main_12_1,2020-05,XLK,2020-04,0.9211926773698753,6.134154885116172,13.82123759390559,2.654039799156682,,上升段(未見頂)
main_12_1,2020-05,XLV,2020-04,-0.09834654458412695,11.303498131602385,10.429381826911598,-2.5936231622268435,,上升段(未見頂)
main_12_1,2020-05,XLU,2020-04,-8.304989286059028,-7.682623320107496,-6.285681371157958,-0.9748728605249113,,上升段(未見頂)
main_12_1,2020-06,XLK,2020-05,2.3022274091475614,7.856538704901883,14.511591862610484,5.117204549019516,,上升段(未見頂)
main_12_1,2020-06,XLV,2020-05,-1.4085741679680575,8.173412987045857,7.440118604427437,-3.7703048553296314,,上升段(未見頂)
main_12_1,2020-06,XLP,2020-05,-2.9586222926288097,-0.5819783700749537,-1.0251820881704066,-2.496445158650551,2.3655030800821355,已見頂(下降段)
main_12_1,2020-07,XLK,2020-06,5.08537841657577,8.495008067285648,18.70265194741043,0.9917622226467415,,上升段(未見頂)
main_12_1,2020-07,XLV,2020-06,-4.142541932515165,-5.5857099246095165,2.4222999156297442,-0.43714626639024257,,上升段(未見頂)
main_12_1,2020-07,XLY,2020-06,1.277729949242734,8.614626048212148,5.95619349719585,1.4105104530239165,,上升段(未見頂)
main_12_1,2020-08,XLK,2020-07,-0.19309346090041757,7.2970982888372005,13.878868485109797,4.70594133641713,,上升段(未見頂)
main_12_1,2020-08,XLV,2020-07,-0.40897409024704956,-5.879275428154607,4.759658915274567,-4.849764530063139,,上升段(未見頂)
main_12_1,2020-08,XLY,2020-07,1.3080507819589249,4.3113959644218935,7.384393429827019,2.638671454080188,,上升段(未見頂)
main_12_1,2020-09,XLK,2020-08,4.581395535168742,9.687546010531811,18.3051905173063,-1.686612896435924,,上升段(未見頂)
main_12_1,2020-09,XLV,2020-08,-4.106126407125976,-8.454505162153014,-0.9721137980210348,1.5902059439486638,,上升段(未見頂)
main_12_1,2020-09,XLY,2020-08,2.4070776479272915,5.072215789197276,9.560024261707722,2.20140460010132,,上升段(未見頂)
main_12_1,2020-10,XLK,2020-09,-1.6526003806181855,2.654480416901883,11.374986809747867,-3.3685289760300607,,上升段(未見頂)
main_12_1,2020-10,XLY,2020-09,1.9541544302943414,5.77398328609684,14.886016402492498,-0.20066317733955508,,上升段(未見頂)
main_12_1,2020-10,XLV,2020-09,1.6247515386037747,-2.946642286037837,-8.367761320033395,-0.4336953973097968,,上升段(未見頂)
main_12_1,2020-11,XLK,2020-10,-2.5751529647089155,0.2044587784713947,7.516476625333812,0.7376286508770535,,上升段(未見頂)
main_12_1,2020-11,XLY,2020-10,-0.24094145721071936,4.1567072853093245,8.647315359882878,-1.2874422198055235,,上升段(未見頂)
main_12_1,2020-11,XLV,2020-10,-1.157045767648912,-3.6756524296662096,-9.338826127699084,-3.3056916671911685,,上升段(未見頂)
main_12_1,2020-12,XLK,2020-11,0.4563897358872415,-3.747907428346531,5.576558325632064,2.1063234681637066,,上升段(未見頂)
main_12_1,2020-12,XLY,2020-11,-0.7959899932358239,0.898915085998131,6.016725788118871,-0.8369372159829025,,上升段(未見頂)
main_12_1,2020-12,XLB,2020-11,1.338278507958579,8.808091927462725,7.801144578187724,-1.4470108267799597,,上升段(未見頂)
main_12_1,2021-01,XLK,2020-12,1.7711923720452827,-0.39705912680613187,2.2468814333311604,0.25532519211953764,,上升段(未見頂)
main_12_1,2021-01,XLY,2020-12,-1.2313577923798946,-2.2536266525611026,3.390232607285837,1.727890978638269,,上升段(未見頂)
main_12_1,2021-01,XLB,2020-12,-1.1795529236911184,1.961325010361059,6.104241573442448,-1.8493806637084997,,上升段(未見頂)
main_12_1,2021-02,XLK,2021-01,0.18256992730589783,2.422317228575843,2.631728647263465,-1.2982045940932885,,上升段(未見頂)
main_12_1,2021-02,XLY,2021-01,1.8024287663102934,-0.25148236939652735,3.89477152994282,-3.627704833977863,,上升段(未見頂)
main_12_1,2021-02,XLB,2021-01,-1.4127828377013874,-1.2718623868086754,3.406959116070296,1.2374791445179278,,上升段(未見頂)
main_12_1,2021-03,XLK,2021-02,-1.377164844316059,0.5528800592406347,-3.2157488019160185,-2.43162500894174,,上升段(未見頂)
main_12_1,2021-03,XLY,2021-02,-3.2218037665182164,-2.690610867491716,-1.8158820884869753,0.4518808493817028,,上升段(未見頂)
main_12_1,2021-03,XLB,2021-02,1.3027018356675413,-1.3065227209833163,7.386489484162007,2.7045689955396357,,上升段(未見頂)
main_12_1,2021-04,XLE,2021-03,-1.5008277841757733,23.006230647919402,40.68960608309769,-3.8987433362743795,,上升段(未見頂)
main_12_1,2021-04,XLB,2021-03,2.918049810453205,2.7858151939466502,4.80177909444901,0.8280256083965432,,上升段(未見頂)
main_12_1,2021-04,XLY,2021-03,-0.07662071923169034,-1.5529344077859442,-3.7715637166363947,0.7948177346972285,,上升段(未見頂)
main_12_1,2021-05,XLI,2021-04,-1.668016951086304,6.612907029205828,5.09454451737672,2.6009593645272666,,上升段(未見頂)
main_12_1,2021-05,XLB,2021-04,0.0851213081489055,4.347511559309636,3.0203548082159415,4.648413958387754,,上升段(未見頂)
main_12_1,2021-05,XLF,2021-04,1.139087790374882,11.202638093126183,19.185039272246463,4.1734722109916245,,上升段(未見頂)
main_12_1,2021-06,XLF,2021-05,4.087637649869413,6.59500864792808,17.717978307912773,-5.351573171414314,,上升段(未見頂)
main_12_1,2021-06,XLI,2021-05,2.4568400044445937,5.03351572193671,2.897453923732396,-4.474385530261015,,上升段(未見頂)
main_12_1,2021-06,XLB,2021-05,4.39641468468559,7.5342107432837535,6.129251847092676,-7.419159227397898,,上升段(未見頂)
main_12_1,2021-07,XLF,2021-06,-5.166244316184764,-0.16538799591954145,8.904742196523841,-2.9457222711366637,,上升段(未見頂)
main_12_1,2021-07,XLB,2021-06,-7.341302794624949,-3.185302375707333,-0.4882238193162802,-0.926877190036679,,上升段(未見頂)
main_12_1,2021-07,XLI,2021-06,-4.422997909074066,-3.7082324236070607,0.9732162803442801,-1.9366220211544105,,上升段(未見頂)
main_12_1,2021-08,XLE,2021-07,-10.50119281515337,-4.177798428894198,7.520401109656372,-4.9402201103154635,1.7084188911704312,已見頂(下降段)
main_12_1,2021-08,XLF,2021-07,-2.835368596997856,-4.08858248016184,6.656026514572844,1.7394151254444212,,上升段(未見頂)
main_12_1,2021-08,XLI,2021-07,-1.4679076274720315,-3.5122750160385685,2.8683685317466123,-1.8402852216902188,,上升段(未見頂)
main_12_1,2021-09,XLF,2021-08,2.109123038284566,-5.911682180235134,0.29345051666842537,2.805570317792938,,上升段(未見頂)
main_12_1,2021-09,XLE,2021-08,-4.836494217850196,-13.171081888725977,-14.120530042465873,14.302954015301218,2.759753593429158,已見頂(下降段)
main_12_1,2021-09,XLB,2021-08,-1.0522664222693212,-8.641853267815957,-1.7587379618548171,-2.181326925671101,,上升段(未見頂)
main_12_1,2021-10,XLE,2021-09,14.256458743118916,-2.6875426616780995,-0.3820651955941834,3.812510902008248,,上升段(未見頂)
main_12_1,2021-10,XLF,2021-09,2.955789213908222,2.146508351309917,1.9775702882459,0.9300757619031153,,上升段(未見頂)
main_12_1,2021-10,XLI,2021-09,-1.488673215229963,-4.691145546095942,-8.225419389524081,-0.4654890850370741,,上升段(未見頂)
main_12_1,2021-11,XLE,2021-10,3.0948030654583514,12.095445075481837,7.4123233322563875,-4.029927790069465,,上升段(未見頂)
main_12_1,2021-11,XLF,2021-10,0.24094620751617946,5.380553613800787,1.071982761249357,-5.002522908644302,,上升段(未見頂)
main_12_1,2021-11,XLK,2021-10,1.0846389368303289,0.39970656324745946,4.762816235753364,5.262048803135544,,上升段(未見頂)
main_12_1,2021-12,XLE,2021-11,-4.2419057134672755,12.795825567854058,-2.060604984752512,-2.7690545278554968,,上升段(未見頂)
main_12_1,2021-12,XLF,2021-11,-4.9491503962181715,-1.9038568282181978,-7.70298904360237,-1.2122533288168258,,上升段(未見頂)
main_12_1,2021-12,XLK,2021-11,5.2971970602398555,5.122553411997144,12.07960507755297,-1.2335038304756019,,上升段(未見頂)
main_12_1,2022-01,XLE,2021-12,-1.5688737305865175,-2.8271988186327923,-5.438759305929675,23.28107006686001,,上升段(未見頂)
main_12_1,2022-01,XLK,2021-12,-1.3165481603727103,5.037966925329673,5.798912959802127,-1.4619121693468018,,上升段(未見頂)
main_12_1,2022-01,XLF,2021-12,-1.2047679898458563,-5.868030365714761,-3.847479776262319,4.794350342637288,,上升段(未見頂)
main_12_1,2022-02,XLE,2022-01,25.387906746659382,18.185337869113805,32.4803804983451,12.138087468671833,,上升段(未見頂)
main_12_1,2022-02,XLF,2022-01,5.594797885684555,-0.8404580745223766,4.494874241977209,1.0156485390962366,,上升段(未見頂)
main_12_1,2022-02,XLK,2022-01,-1.6574700583489754,2.1886165495392795,2.5970711567795846,-1.8937849220845182,,上升段(未見頂)
main_12_1,2022-03,XLE,2022-02,10.32565068425566,36.16472214592046,53.588122476665575,3.7062051192578105,,上升段(未見頂)
main_12_1,2022-03,XLK,2022-02,-1.9843018668448842,-4.877918197250375,-0.005238750300906592,-0.6833483976461441,,上升段(未見頂)
main_12_1,2022-03,XLP,2022-02,1.5901860458626516,11.548624863688639,7.879480420866614,-2.281154088044568,,上升段(未見頂)
main_12_1,2022-04,XLE,2022-03,5.3774072679734,45.77386163222044,41.652544738278884,6.936136764690315,,上升段(未見頂)
main_12_1,2022-04,XLK,2022-03,-0.39906531311602045,-3.993546229889522,0.843227157230575,-2.109987002192537,,上升段(未見頂)
main_12_1,2022-04,XLF,2022-03,-3.748128098115089,3.2803852879749407,-2.7801390825506256,-1.0373182035289585,,上升段(未見頂)
main_12_1,2022-05,XLE,2022-04,7.7714196386246215,25.29323139631552,48.078228852866076,17.469646544411276,,上升段(未見頂)
main_12_1,2022-05,XLU,2022-04,4.910292606143196,12.7715967830609,19.65450340197419,3.437664409133001,,上升段(未見頂)
main_12_1,2022-05,XLK,2022-04,-2.456074885160686,-4.773180610166062,-2.689030681400273,-0.25674762370442306,,上升段(未見頂)
main_12_1,2022-06,XLE,2022-05,15.773245269380132,31.4798863099649,79.02922187173584,-8.202188643584652,,上升段(未見頂)
main_12_1,2022-06,XLU,2022-05,4.0731934076215115,16.114035271112638,25.66885124864513,4.15477162083524,,上升段(未見頂)
main_12_1,2022-06,XLP,2022-05,-4.298976270296695,5.282221775140417,17.440870616108107,6.456818126866148,,上升段(未見頂)
main_12_1,2022-07,XLE,2022-06,-9.620746789359892,12.7666190030282,64.38425515280754,-2.161146683693249,0.6570841889117043,已見頂(下降段)
main_12_1,2022-07,XLU,2022-06,3.651730135789477,13.170578199249627,24.243745949837315,-4.072448810598894,,上升段(未見頂)
main_12_1,2022-07,XLP,2022-06,6.428940782554138,14.227981859904727,18.393938043927015,-5.621423570419526,,上升段(未見頂)
main_12_1,2022-08,XLE,2022-07,0.415931678274406,5.070204580842197,31.64585455405673,6.867178546295294,1.6098562628336757,已見頂(下降段)
main_12_1,2022-08,XLU,2022-07,-3.4444918527048007,4.1579659526361334,17.460601381544684,4.42173971135974,,上升段(未見頂)
main_12_1,2022-08,XLP,2022-07,-5.501770953177488,-3.7501651287785265,7.569761701806255,1.9173713880576093,,上升段(未見頂)
main_12_1,2022-09,XLE,2022-08,7.0189744418163835,-2.8747487170290964,27.700169965117883,2.818470877481505,,上升段(未見頂)
main_12_1,2022-09,XLU,2022-08,4.803549112206307,4.888916566532497,21.79075357755145,-1.7599021163287376,,上升段(未見頂)
main_12_1,2022-09,XLP,2022-08,2.3223501624384912,2.9091322427856614,8.345020834722149,0.5643519145365317,,上升段(未見頂)
main_12_1,2022-10,XLE,2022-09,-0.3460999833389322,7.09216702519504,20.76421597138829,14.603041121274106,,上升段(未見頂)
main_12_1,2022-10,XLU,2022-09,-2.243804035667929,-1.0769866655218951,11.951746162749677,-7.146882555016698,,上升段(未見頂)
main_12_1,2022-10,XLP,2022-09,1.2250237790781382,-2.1226812766717784,11.803285876244484,0.44768203742009405,,上升段(未見頂)
main_12_1,2022-11,XLE,2022-10,15.57208325459225,23.2559877351449,29.505318471454522,-4.469188523146306,,上升段(未見頂)
main_12_1,2022-11,XLU,2022-10,-5.72373993459917,-3.4121210635913113,0.6039700569579809,2.593049769026745,,上升段(未見頂)
main_12_1,2022-11,XLP,2022-10,0.8127983820677365,4.417685899099477,0.5018502542339487,0.8885694949954948,,上升段(未見頂)
main_12_1,2022-12,XLE,2022-11,-4.055925068604438,10.500794692564085,7.324174514832649,1.2069940485018638,,上升段(未見頂)
main_12_1,2022-12,XLP,2022-11,0.5291144923034397,2.5877287230771318,5.572141416501664,3.038740249321692,,上升段(未見頂)
main_12_1,2022-12,XLU,2022-11,1.3300499288855905,-6.613328670073216,-2.047732224491172,4.356761614561022,,上升段(未見頂)
main_12_1,2023-01,XLE,2022-12,2.879877965636468,14.077906345624026,22.168502002501267,-2.4420922974535353,,上升段(未見頂)
main_12_1,2023-01,XLP,2022-12,3.2209021539813643,4.610475882274634,2.3899288972843324,-6.6418166295182495,,上升段(未見頂)
main_12_1,2023-01,XLU,2022-12,5.5906017261752705,0.8708933654638651,-0.21547270547498387,-8.165833156576262,,上升段(未見頂)
main_12_1,2023-02,XLE,2023-01,-3.270682137680847,-4.521249827559204,17.683276602213272,-4.005354495065239,,上升段(未見頂)
main_12_1,2023-02,XLV,2023-01,-7.641158615579002,-4.595056078445503,2.0299895858921557,-2.680500709272571,,上升段(未見頂)
main_12_1,2023-02,XLU,2023-01,-7.798343103838223,-1.3488284914998538,-4.714925894020972,-3.5442613278115043,,上升段(未見頂)
main_12_1,2023-03,XLE,2023-02,-4.538562762725262,-5.001546749007613,4.974045787990566,0.33827976290921047,3.7125256673511293,已見頂(下降段)
main_12_1,2023-03,XLU,2023-02,-3.4933438945417894,-6.04470549602042,-12.258277924503824,1.2745699147778788,5.190965092402464,已見頂(下降段)
main_12_1,2023-03,XLV,2023-02,-2.182163588732511,-5.931960791639346,1.5937346276127196,-1.0239160974842898,,上升段(未見頂)
main_12_1,2023-04,XLE,2023-03,-3.5700875833782564,-10.957393147690652,1.5779416526796597,-4.237371119575039,4.731006160164271,已見頂(下降段)
main_12_1,2023-04,XLI,2023-03,-2.9782435565203547,-3.732992103806554,6.612089639249419,-2.560129822408752,,上升段(未見頂)
main_12_1,2023-04,XLP,2023-03,0.4932112909293629,-6.2925603867239,-1.972201483456737,1.7917416015900578,,上升段(未見頂)
main_12_1,2023-05,XLE,2023-04,1.160725263013762,-6.878132839620454,-11.08840509802903,-9.302961793400454,5.650924024640657,已見頂(下降段)
main_12_1,2023-05,XLI,2023-04,-2.7202710345585857,-4.019772293387803,-1.5391881616784064,-3.560318880975699,,上升段(未見頂)
main_12_1,2023-05,XLK,2023-04,-1.6896956087828263,8.242767430253007,9.164445182062586,8.028413894886665,,上升段(未見頂)
main_12_1,2023-06,XLK,2023-05,8.416805904393975,13.933479219150225,17.498195389168192,0.0391229537303861,,上升段(未見頂)
main_12_1,2023-06,XLI,2023-05,-3.5950257718993184,-9.01057355475654,-7.061789635937565,4.23361195800227,,上升段(未見頂)
main_12_1,2023-06,XLP,2023-05,-6.590801410514269,-4.229901060598329,-7.820375671752067,-3.6684482686972775,,上升段(未見頂)
main_12_1,2023-07,XLK,2023-06,-0.4007844770183788,6.157716194279472,20.14766040494187,-0.7474966632864177,,上升段(未見頂)
main_12_1,2023-07,XLI,2023-06,4.483172555755299,-2.0130711654778866,-5.670915481633143,0.10068402245557717,,上升段(未見頂)
main_12_1,2023-07,XLY,2023-06,5.399923875256363,4.695370415012512,13.146293524268504,-2.2211309393755263,9.330595482546201,已見頂(下降段)
main_12_1,2023-08,XLK,2023-07,-0.6689063213494717,7.259987824303971,16.101179166379033,0.11129657878852228,,上升段(未見頂)
main_12_1,2023-08,XLI,2023-07,-0.37258148751575515,0.3516855111505901,-3.6822237389742996,-0.4635390976755138,,上升段(未見頂)
main_12_1,2023-08,XLB,2023-07,0.16050595141177126,-3.1978391998803146,-9.931455290471636,-1.2197576043729064,,上升段(未見頂)
main_12_1,2023-09,XLK,2023-08,0.11886224371464582,-0.949415953889754,12.851776590621956,-1.4883430116457097,,上升段(未見頂)
main_12_1,2023-09,XLI,2023-08,-0.3640603888987126,3.7149229852371013,-5.630386437606793,-1.33533150760079,,上升段(未見頂)
main_12_1,2023-09,XLB,2023-08,-1.7039301308874433,2.6384399862750874,-10.717824016767253,-0.5235869974358764,,上升段(未見頂)
main_12_1,2023-10,XLK,2023-09,-1.821289142518978,-2.362095923498475,3.6501691075753184,1.916069409155563,,上升段(未見頂)
main_12_1,2023-10,XLI,2023-09,-1.2640470827283812,-1.99003818318928,-3.9630484638193852,-0.8624040546616585,,上升段(未見頂)
main_12_1,2023-10,XLE,2023-09,7.502622503159007,15.917995410827368,5.442613509474792,-3.2900866772245463,,上升段(未見頂)
main_12_1,2023-11,XLK,2023-10,2.2689228579552134,0.5256552627521893,7.8238055951297625,3.6803620664888737,,上升段(未見頂)
main_12_1,2023-11,XLY,2023-10,-3.4195814636051147,-4.334741485516991,1.9576156072792283,1.126557290666197,,上升段(未見頂)
main_12_1,2023-11,XLI,2023-10,-0.8259457697469164,-2.4360420710147435,-2.0929237668734335,0.10218024001527048,,上升段(未見頂)
main_12_1,2023-12,XLK,2023-11,3.446357567084024,3.8666705346916075,2.8805437938611345,-0.9844647032174692,,上升段(未見頂)
main_12_1,2023-12,XLY,2023-11,1.6787481193836884,-2.6111771037045317,1.5717708974630984,2.2369129449818503,,上升段(未見頂)
main_12_1,2023-12,XLI,2023-11,-0.2744246536040884,-2.348270357902449,1.2794161920534064,2.236304162925551,,上升段(未見頂)
main_12_1,2024-01,XLK,2023-12,-0.3661384395233891,5.406125038894327,2.916331256232918,1.8938812593402687,,上升段(未見頂)
main_12_1,2024-01,XLY,2023-12,1.498219134237444,-0.3269619378193811,-2.1882229003820863,-6.304456629303779,,上升段(未見頂)
main_12_1,2024-01,XLI,2023-12,2.3908492991924435,1.2664914670657446,-0.7487503799049722,-2.314276243957014,,上升段(未見頂)
main_12_1,2024-02,XLK,2024-01,1.0915596371876557,4.192645015869267,4.740339137795879,-0.46961661128057663,,上升段(未見頂)
main_12_1,2024-02,XLY,2024-01,-5.911004913633045,-2.898163721026248,-7.1072773014097095,2.2723103601432815,,上升段(未見頂)
main_12_1,2024-02,XLI,2024-01,-2.5175461692010126,-0.4607993928933407,-2.8856161968342176,1.4544189189863,,上升段(未見頂)
main_12_1,2024-03,XLK,2024-02,-0.4886060833425021,0.22929357052368093,4.104830132144666,-2.4929971983064236,,上升段(未見頂)
main_12_1,2024-03,XLY,2024-02,2.5412804700633007,-2.074456932242086,-4.631466291505692,-3.106561056974022,,上升段(未見頂)
main_12_1,2024-03,XLI,2024-02,1.8678459055111896,1.6774675280824214,-0.7101943025454305,1.3258604592312206,,上升段(未見頂)
main_12_1,2024-04,XLK,2024-03,-2.4022133364203557,-1.8189493197590445,3.4888410445149898,-2.177768583824946,,上升段(未見頂)
main_12_1,2024-04,XLF,2024-03,1.486787548168489,1.859700372857076,3.9372658132227345,-0.05486776667356086,14.718685831622176,已見頂(下降段)
main_12_1,2024-04,XLY,2024-03,-3.229360355922295,-6.635628477110345,-6.9408944354744655,-0.2663770628539175,,上升段(未見頂)
main_12_1,2024-05,XLK,2024-04,-1.8024805908682606,-4.629667754821066,-0.6311282733256096,2.964836005673166,,上升段(未見頂)
main_12_1,2024-05,XLF,2024-04,-0.15273220900654527,0.2316735071934195,4.0668964809344565,-2.289384831105057,15.80287474332649,已見頂(下降段)
main_12_1,2024-05,XLI,2024-04,0.5283277014718424,3.5470981197041063,3.0699537202098393,-3.3863524213521456,,上升段(未見頂)
main_12_1,2024-06,XLF,2024-05,-1.7956647163682726,-0.4877945656774352,0.5353862232600592,-3.9206278821227847,16.82135523613963,已見頂(下降段)
main_12_1,2024-06,XLI,2024-05,-3.255681309968095,-1.6608884690405223,-0.011281805703911019,-4.31938356432231,,上升段(未見頂)
main_12_1,2024-06,XLE,2024-05,-5.140133177313166,4.755327114519492,-3.6346163614349836,-3.7654858469644115,,上升段(未見頂)
main_12_1,2024-07,XLF,2024-06,-4.259651190978186,-6.122427468549663,-4.376585902153107,5.074986878955623,17.741273100616016,已見頂(下降段)
main_12_1,2024-07,XLK,2024-06,4.160591168115424,4.248826053071864,2.352592740722703,-4.966130808088797,,上升段(未見頂)
main_12_1,2024-07,XLE,2024-06,-4.773778316314603,-6.760726797844818,-4.119324079345366,-0.05292916270065451,2.102669404517454,已見頂(下降段)
main_12_1,2024-08,XLK,2024-07,-4.441401657455335,1.4472845793791933,-3.2493876429338875,-1.5213617263070467,,上升段(未見頂)
main_12_1,2024-08,XLF,2024-07,5.124493455314383,-1.1607179893864394,-0.9317335582676667,2.2149505021486826,18.82546201232033,已見頂(下降段)
main_12_1,2024-08,XLI,2024-07,3.6598567049970443,-4.090375366435217,-0.6883668744427696,1.1342008732721176,18.792607802874745,已見頂(下降段)
main_12_1,2024-09,XLF,2024-08,2.1848665004564394,2.84554961942618,2.343874617341535,-2.919854362566421,19.811088295687885,已見頂(下降段)
main_12_1,2024-09,XLK,2024-08,-1.59992501561258,-2.0580748343086652,-4.3298748413262755,0.8169512650201494,,上升段(未見頂)
main_12_1,2024-09,XLI,2024-08,0.4680662980161676,-0.39875563984239637,-2.0530212224411204,1.2011717256679377,19.7782340862423,已見頂(下降段)
main_12_1,2024-10,XLF,2024-09,-2.6046337420660426,4.623391263837129,-1.7820999814282201,3.5264687088222724,20.829568788501028,已見頂(下降段)
main_12_1,2024-10,XLK,2024-09,0.5368302945667702,-5.465487487359233,-1.4488804905776753,-0.7967736211086707,,上升段(未見頂)
main_12_1,2024-10,XLU,2024-09,4.4098793582722395,12.862279256728737,13.133274578475994,-0.6163076565561587,,上升段(未見頂)
main_12_1,2024-11,XLF,2024-10,3.4829956634531367,2.9897180817672897,1.7942978967738332,4.732561307489602,21.848049281314168,已見頂(下降段)
main_12_1,2024-11,XLI,2024-10,-0.2990565846414883,1.4053291374828136,-2.74252946580934,1.441120931604023,21.815195071868583,已見頂(下降段)
main_12_1,2024-11,XLU,2024-10,-0.18629160736421957,6.732521265852465,6.5996303918568255,-1.760057297662354,,上升段(未見頂)
main_12_1,2024-12,XLF,2024-11,4.239942119860829,5.060980353056999,8.050542679658811,-3.1970463217426137,22.80082135523614,已見頂(下降段)
main_12_1,2024-12,XLU,2024-11,-2.0611801374906036,2.067305957261789,0.6634702432578132,-5.371049988211585,,上升段(未見頂)
main_12_1,2024-12,XLI,2024-11,1.5367407725773718,2.4839732363176825,2.0753126131032973,-5.375034223196195,22.767967145790553,已見頂(下降段)
main_12_1,2025-01,XLF,2024-12,-3.130731916556828,4.493475017869097,9.324617213125098,3.9103556305325693,23.852156057494867,已見頂(下降段)
main_12_1,2025-01,XLU,2024-12,-5.705369792027549,-7.820994232367539,4.035326905541425,0.24361886123003273,,上升段(未見頂)
main_12_1,2025-01,XLI,2024-12,-5.765913465072526,-4.603923815357181,0.5779147014640662,1.854399452819866,23.81930184804928,已見頂(下降段)
main_12_1,2025-02,XLY,2025-01,0.7790645022877962,11.254158425448901,13.055415235586931,-4.959597421388773,,上升段(未見頂)
main_12_1,2025-02,XLU,2025-01,0.20231335962788144,-7.462113472694865,-1.2319805832736286,2.3875778486588173,,上升段(未見頂)
main_12_1,2025-02,XLF,2025-01,3.7116778282995977,4.724390193122918,7.855354222747235,2.5013612430846432,,上升段(未見頂)
main_12_1,2025-03,XLF,2025-02,2.682985343970734,3.1601975660332515,8.381114897024977,1.3990025811267848,,上升段(未見頂)
main_12_1,2025-03,XLU,2025-02,3.0285226150088107,-2.653087425314482,-0.640628902447582,6.492184967587555,,上升段(未見頂)
main_12_1,2025-03,XLY,2025-02,-5.785928424685194,-1.6279192748439364,9.218427330357093,-2.7468793775540568,,上升段(未見頂)
main_12_1,2025-04,XLF,2025-03,1.4579127651913826,8.04684016481616,12.901897935219143,-2.6197200341882776,,上升段(未見頂)
main_12_1,2025-04,XLU,2025-03,6.154221555908723,9.590394516051015,1.0193360817218222,0.22491665557220486,,上升段(未見頂)
main_12_1,2025-04,XLY,2025-03,-2.90465598283588,-7.8098545411872,0.905373880152549,0.0035489058396454,,上升段(未見頂)
main_12_1,2025-05,XLF,2025-04,-1.25186143673649,2.875824278745842,7.736079632065285,-0.7091888919428246,,上升段(未見頂)
main_12_1,2025-05,XLU,2025-04,0.9385673179576282,10.395629036613174,2.1577819290058198,-2.1419039985354438,,上升段(未見頂)
main_12_1,2025-05,XLY,2025-04,0.7724238381968895,-7.815929253147558,2.558612111731118,2.6480899146688275,,上升段(未見頂)
main_12_1,2025-06,XLF,2025-05,-1.667789449175816,-1.4831212816777462,1.6302067217106142,-1.6014762562629903,,上升段(未見頂)
main_12_1,2025-06,XLY,2025-05,1.9761808670211156,-0.22106767751285394,-1.8453881490241186,-3.999684969668582,,上升段(未見頂)
main_12_1,2025-06,XLU,2025-05,-2.311621038329259,4.673635720654934,1.896552653730743,-4.407569086628649,,上升段(未見頂)
main_12_1,2025-07,XLF,2025-06,-1.9208549986590606,-4.763946255664708,2.899546768420369,-2.6080847727627754,,上升段(未見頂)
main_12_1,2025-07,XLU,2025-06,-4.531037912065572,-5.862591107991289,3.165557791940432,3.213979488232943,,上升段(未見頂)
main_12_1,2025-07,XLI,2025-06,-1.4584358362667138,1.9100554477428533,6.220053565966133,0.2832154426347211,29.765913757700204,已見頂(下降段)
main_12_1,2025-08,XLF,2025-07,-2.2513036355346405,-5.72784220696022,-3.016740605050383,2.040016335668615,,上升段(未見頂)
main_12_1,2025-08,XLI,2025-07,0.7238232158003788,1.6414087564302404,4.629176270946678,-1.474853057688219,30.784394250513348,已見頂(下降段)
main_12_1,2025-08,XLY,2025-07,-0.4072433377186657,-1.5991984967695272,-9.290135526792175,3.8829815545352586,,上升段(未見頂)
main_12_1,2025-09,XLK,2025-08,-2.118835233405114,3.717131989653044,6.920623771182588,4.594742672405205,,上升段(未見頂)
main_12_1,2025-09,XLY,2025-08,2.551806728842343,-1.0437546108776008,-1.2625148843132594,0.4233233084467214,,上升段(未見頂)
main_12_1,2025-09,XLI,2025-08,-2.0106805144709305,-2.7408666618595423,2.72370951330545,-1.8592208243079833,31.737166324435318,已見頂(下降段)
main_12_1,2025-10,XLF,2025-09,-3.3369923663291723,-4.548912577465181,-9.096151082722281,-5.780407837087109,,上升段(未見頂)
main_12_1,2025-10,XLK,2025-09,3.8350624758940466,3.077803321513972,14.306559695795219,4.859104700148009,,上升段(未見頂)
main_12_1,2025-10,XLY,2025-09,0.028327473617828502,2.163103358666807,1.7200731409679593,-2.0635218237859965,,上升段(未見頂)
main_12_1,2025-11,XLK,2025-10,4.193368094618832,5.896896933251794,16.104786057483423,-5.627520883960202,,上升段(未見頂)
main_12_1,2025-11,XLY,2025-10,-2.210043950302576,0.31377503910807736,-1.2904413433701079,-1.9243154880385638,,上升段(未見頂)
main_12_1,2025-11,XLF,2025-10,-5.04790098854484,-7.279775170583569,-12.590643342751296,2.4145774224155647,6.308008213552362,已見頂(下降段)
main_12_1,2025-12,XLK,2025-11,-4.994346944114292,2.7859024126466236,6.606590072080687,1.599838062852399,,上升段(未見頂)
main_12_1,2025-12,XLU,2025-11,1.5192108325736031,1.8538238495136916,-3.827609256066966,-5.417685466648059,,上升段(未見頂)
main_12_1,2025-12,XLI,2025-11,-1.0764289445989839,-4.437749238343347,-7.056983110792214,1.0535732487561233,34.72689938398357,已見頂(下降段)
main_12_1,2026-01,XLK,2025-12,0.6732331000763647,-0.3439795166263915,2.7232367918995193,-2.0064026150655168,,上升段(未見頂)
main_12_1,2026-01,XLU,2025-12,-5.162637596722419,-3.9254965398299313,-4.4638626554766585,0.3915349424752801,8.31211498973306,已見頂(下降段)
main_12_1,2026-01,XLI,2025-12,1.1954307661319552,-1.6983883074182082,-4.553893469972181,5.604483974340235,35.81108829568789,已見頂(下降段)
main_12_1,2026-02,XLK,2026-01,-1.5139639598613308,-5.802772245259414,-0.24805881058189705,-2.950890865363631,,上升段(未見頂)
main_12_1,2026-02,XLI,2026-01,5.103928865056306,5.215479720462501,-0.40329615283145603,8.405038524114971,36.79671457905544,已見頂(下降段)
main_12_1,2026-02,XLU,2026-01,-0.15964151666869597,-3.8755579996923695,-6.987042509748642,11.0697009389224,9.297741273100616,已見頂(下降段)
main_12_1,2026-03,XLK,2026-02,-2.717828028860003,-3.5456247613929404,-0.8584999945173477,1.3889953696972435,,上升段(未見頂)
main_12_1,2026-03,XLI,2026-02,8.005417913570078,14.874965965605114,9.777103038419298,-3.7199042703427,,上升段(未見頂)
main_12_1,2026-03,XLE,2026-02,10.494559555219052,23.863812332118805,17.664468658572076,7.441801587279784,,上升段(未見頂)
main_12_1,2026-04,XLI,2026-03,-3.6868873011353,9.332659187873693,7.475766088037439,-3.118872709482212,,上升段(未見頂)
main_12_1,2026-04,XLK,2026-03,0.8772429202541288,-3.350164268649791,-3.6826199064186937,9.287210105245713,,上升段(未見頂)
main_12_1,2026-04,XLB,2026-03,-1.143156649971988,15.735791333038463,14.678720145808356,-7.717295270383473,,上升段(未見頂)
main_12_1,2026-05,XLE,2026-04,-11.884868146634709,12.93339881712139,29.677512223410176,-8.166471634248818,1.1170431211498972,已見頂(下降段)
main_12_1,2026-05,XLK,2026-04,8.605732291955093,6.580857627597503,0.39621320242382296,15.17844201611387,,上升段(未見頂)
main_12_1,2026-05,XLI,2026-04,-2.3165640975589707,1.613611604702303,6.913248911175085,-6.806550638835873,,上升段(未見頂)
main_12_1,2026-06,XLE,2026-05,-10.350718015001359,-8.371976350375721,13.493963257000052,-5.190497454121356,2.0698151950718686,已見頂(下降段)
main_12_1,2026-06,XLK,2026-05,13.774301238679087,24.64938185792591,20.229782509848036,-1.6213483014049235,,上升段(未見頂)
main_12_1,2026-06,XLI,2026-05,-5.788515300360897,-11.363990808014057,1.8205853925644666,8.829777024629404,,上升段(未見頂)
main_12_1,2026-07,XLK,2026-06,0.8956463121478686,24.672122085129146,20.49540119806572,-7.457830356539064,,上升段(未見頂)
main_12_1,2026-07,XLE,2026-06,-3.9805984629402436,-24.149874131089145,9.386935802550745,10.03550525640553,3.1211498973305956,已見頂(下降段)
main_12_1,2026-07,XLI,2026-06,8.367570905579802,-0.2703916243236182,9.03703283477939,-2.7167027259099696,,上升段(未見頂)
sub_12_7,2000-01,XLK,1999-12,9.199480795846426,14.210643262436129,23.47950999594555,-3.4517880588482153,,上升段(未見頂)
sub_12_7,2000-01,XLI,1999-12,2.257148057302638,-9.584388558368495,-7.307051266743891,-2.162543127282446,,上升段(未見頂)
sub_12_7,2000-01,XLE,1999-12,-4.7389021453264295,-13.39591868477802,-9.694270613168143,5.733483915569526,4.698151950718686,已見頂(下降段)
sub_12_7,2000-02,XLE,2000-01,6.089292611226527,-0.7658069099287346,-8.893081119619872,-3.227658436909875,5.716632443531828,已見頂(下降段)
sub_12_7,2000-02,XLB,2000-01,-7.62925194810371,-5.463784575889097,-13.493626706870232,-7.4546294960517905,0.8213552361396304,已見頂(下降段)
sub_12_7,2000-02,XLI,2000-01,-3.3684240511204,-4.965541731060574,-9.902483177587683,-3.8304708789677844,,上升段(未見頂)
sub_12_7,2000-03,XLE,2000-02,-2.7526690243104057,-1.7200727002743,-12.81319643150315,4.41342876187929,6.669404517453799,已見頂(下降段)
sub_12_7,2000-03,XLK,2000-02,12.215457578658274,21.030150204446983,28.9390828272714,-2.5517610907290766,,上升段(未見頂)
sub_12_7,2000-03,XLI,2000-02,-4.056345457505417,-5.19549052370738,-14.701013596141077,4.917980845684866,8.542094455852157,已見頂(下降段)
sub_12_7,2000-04,XLI,2000-03,3.855520387701983,-3.713609720039035,-12.942071493297647,3.812240746707629,9.560574948665298,已見頂(下降段)
sub_12_7,2000-04,XLU,2000-03,1.1233667373865774,-6.753738735354064,-22.461384770597835,8.355404287977919,7.7207392197125255,已見頂(下降段)
sub_12_7,2000-04,XLK,2000-03,-1.1871547771095448,9.518226756166914,25.081471267831645,-4.314590207649416,,上升段(未見頂)
sub_12_7,2000-05,XLK,2000-04,-5.879149065267663,4.364292716648888,21.586963565896554,-8.004785221209133,1.6098562628336757,已見頂(下降段)
sub_12_7,2000-05,XLU,2000-04,10.424084473351524,-0.39023558023022487,-9.367728229127891,2.2936094921085504,,上升段(未見頂)
sub_12_7,2000-05,XLI,2000-04,5.137068149509383,4.761499306292638,-0.44047665984605633,1.3310752943201276,10.480492813141684,已見頂(下降段)
sub_12_7,2000-06,XLK,2000-05,-8.966458025592772,-15.335628204422502,2.4694163538389047,6.130836359323433,2.6940451745379876,已見頂(下降段)
sub_12_7,2000-06,XLY,2000-05,-3.8868426786502486,1.5034317894810467,-7.091635460884971,-6.135381663804463,,上升段(未見頂)
sub_12_7,2000-06,XLV,2000-05,-1.1258571918474125,0.6293770842352497,1.0347376577077405,-2.513308357241406,,未有轉折
sub_12_7,2000-07,XLK,2000-06,7.833276028538094,-7.606783783811533,1.187412042960867,-3.956064566618467,3.679671457905544,已見頂(下降段)
sub_12_7,2000-07,XLV,2000-06,-1.7223985147018839,-0.4718979775031662,-3.7215597322983296,0.4983761171495127,,未有轉折
sub_12_7,2000-07,XLY,2000-06,-7.235989330864568,-9.520403871049544,-16.787533201540395,2.949386776430618,2.595482546201232,已見頂(下降段)
sub_12_7,2000-08,XLK,2000-07,-3.7950159016171714,-5.56090591402878,-1.4393074091655467,4.578903419195179,4.698151950718686,已見頂(下降段)
sub_12_7,2000-08,XLV,2000-07,0.09174440940080686,-2.7397148741303945,-6.055093968346026,-3.2569662387916143,,未有轉折
sub_12_7,2000-08,XLY,2000-07,3.208024219580219,-7.98135679623967,-6.816286067507327,-11.725410542306303,3.6139630390143735,已見頂(下降段)
sub_12_7,2000-09,XLK,2000-08,3.413408357967973,7.282089544694914,-9.170292837815119,-11.863574165140978,5.716632443531828,已見頂(下降段)
sub_12_7,2000-09,XLV,2000-08,-2.809692489979543,-4.396066034808477,-3.7943567828041536,3.0144138528345854,,未有轉折
sub_12_7,2000-09,XLY,2000-08,-10.025689685042515,-13.858682940827816,-12.563606996282562,6.116546213691509,4.632443531827516,已見頂(下降段)
sub_12_7,2000-10,XLK,2000-09,-13.203963131348784,-13.647618412307628,-20.216257371855264,-6.693042015152018,6.669404517453799,已見頂(下降段)
sub_12_7,2000-10,XLV,2000-09,1.9670978382830162,-0.8069433826001782,-1.2750334106012562,2.422850011533928,,未有轉折
sub_12_7,2000-10,XLY,2000-09,5.934312901925365,-1.6286470441871925,-10.993997138996214,0.9054135610059078,5.585215605749487,已見頂(下降段)
sub_12_7,2000-11,XLK,2000-10,-5.284586367855393,-14.9846380948931,-19.712262382907163,-10.97028031490128,7.7207392197125255,已見頂(下降段)
sub_12_7,2000-11,XLV,2000-10,1.9825309729869511,1.0668664881328116,-1.7020774858600651,-2.6720204945857584,,未有轉折
sub_12_7,2000-11,XLE,2000-10,-2.260919463061506,9.440876676976684,12.522962154009365,0.5342300754856533,,上升段(未見頂)
sub_12_7,2000-12,XLE,2000-11,2.399286883553553,7.634659324759485,1.493337841713016,12.49134838929825,,上升段(未見頂)
sub_12_7,2000-12,XLI,2000-11,4.393285209550202,10.172984461595536,10.469414257595666,3.475659887444682,,上升段(未見頂)
sub_12_7,2000-12,XLK,2000-11,-14.102147722631242,-29.384041062125476,-24.241723699424465,-11.47528787305825,8.706365503080082,已見頂(下降段)
sub_12_7,2001-01,XLE,2000-12,10.788469285606507,10.88166618161408,21.331167754699166,-8.66360397571616,,上升段(未見頂)
sub_12_7,2001-01,XLP,2000-12,4.182042636212779,25.142316089773797,25.492786776775844,-10.867931709330858,,上升段(未見頂)
sub_12_7,2001-01,XLF,2000-12,9.103003332969696,11.438439421459412,37.71130037035206,-4.011454110966806,,上升段(未見頂)
sub_12_7,2001-02,XLF,2001-01,-4.483811832481733,6.864969904985596,18.981906860309206,1.7351559635016667,,上升段(未見頂)
sub_12_7,2001-02,XLE,2001-01,-7.307400312180867,5.156605112592794,15.084310518968058,8.647166875538515,,上升段(未見頂)
sub_12_7,2001-02,XLI,2001-01,-3.8889255129620603,4.8452192736971655,14.148101633040433,3.0649487088938554,,上升段(未見頂)
sub_12_7,2001-03,XLF,2001-02,3.1072642643001247,7.449142053337154,18.64414746361074,2.680888522004654,,上升段(未見頂)
sub_12_7,2001-03,XLE,2001-02,9.202674166971669,12.143188044600883,20.704938407730555,2.0468106512710915,,上升段(未見頂)
sub_12_7,2001-03,XLI,2001-02,3.919609820600445,4.369493273511393,14.986985606871706,-2.9334980310436687,,上升段(未見頂)
sub_12_7,2001-04,XLU,2001-03,4.417696447674491,6.460465553471884,21.21321980949782,-2.0758702276144625,,上升段(未見頂)
sub_12_7,2001-04,XLF,2001-03,2.7633914007878513,1.2056304885350588,12.781975223072205,-3.1615804177939077,,上升段(未見頂)
sub_12_7,2001-04,XLP,2001-03,-1.4110409334162077,-2.6777455910049763,21.791323238198366,-5.484422683094592,,上升段(未見頂)
sub_12_7,2001-05,XLU,2001-04,-3.4254978811682713,13.787588665981353,10.117410662560111,-1.8124903104002499,,上升段(未見頂)
sub_12_7,2001-05,XLP,2001-04,-6.082601770330854,2.9740024388931197,6.4580022300499085,0.24241128203081885,,上升段(未見頂)
sub_12_7,2001-05,XLF,2001-04,-4.539075888906341,1.1470746166864387,8.090790848895303,3.255622197139574,,上升段(未見頂)
sub_12_7,2001-06,XLU,2001-05,1.2689360450705456,2.12047662182977,3.2370313813857576,-2.1036564408471903,,上升段(未見頂)
sub_12_7,2001-06,XLP,2001-05,2.040323160424018,-5.518634901592579,-2.8320798392113433,-1.0657362389412728,,上升段(未見頂)
sub_12_7,2001-06,XLF,2001-05,4.988604125059504,2.9926480070131545,10.664716661549068,2.7854841899949023,,上升段(未見頂)
sub_12_7,2001-07,XLF,2001-06,1.7079276999965476,1.9348296542126109,3.1637870389600753,-0.6201019661922769,,上升段(未見頂)
sub_12_7,2001-07,XLU,2001-06,-2.698942633307122,-4.839594320355511,1.3082109091220318,-0.29184039222072133,,上升段(未見頂)
sub_12_7,2001-07,XLP,2001-06,-2.2971277253928446,-6.367803921067483,-8.87503592333223,3.193186729118469,,上升段(未見頂)
sub_12_7,2001-08,XLU,2001-07,0.12194900378335038,-1.344091084070509,12.258179831943083,4.051500323927282,,上升段(未見頂)
sub_12_7,2001-08,XLF,2001-07,0.06969194989547844,6.856151849012959,8.081871643240902,-0.6882798676952184,,上升段(未見頂)
sub_12_7,2001-08,XLE,2001-07,-0.134911736045773,-7.379339896734727,5.658367043618839,1.3526042573631103,4.369609856262834,已見頂(下降段)
sub_12_7,2001-09,XLU,2001-08,2.519365077858926,-0.12592668359038273,1.9918796923531934,6.8422060470413655,,上升段(未見頂)
sub_12_7,2001-09,XLP,2001-08,6.81666666997629,8.647616305140748,2.6517510319768567,8.715011349778523,,上升段(未見頂)
sub_12_7,2001-09,XLB,2001-08,5.872519259126618,5.504748859544262,13.043177070370948,-2.388644263741757,,上升段(未見頂)
sub_12_7,2001-10,XLB,2001-09,-4.008581393620691,2.39621322514747,7.83123899316478,1.1513929102314746,,上升段(未見頂)
sub_12_7,2001-10,XLY,2001-09,-4.865713966313246,-2.6238471087381865,-1.7717106331711086,2.0970374741656084,,上升段(未見頂)
sub_12_7,2001-10,XLP,2001-09,8.75737684151865,20.940454198928826,13.239203214292615,-2.8764503045851986,,上升段(未見頂)
sub_12_7,2001-11,XLB,2001-10,1.3880502049300247,3.039188213819677,7.2315747307511336,2.82422698545588,,上升段(未見頂)
sub_12_7,2001-11,XLY,2001-10,3.914591499665354,-4.106402703493773,5.884035541047128,6.135654293263015,,上升段(未見頂)
sub_12_7,2001-11,XLE,2001-10,2.6906579797826513,2.8840057260446583,-4.708154755856187,-12.43656557280637,7.392197125256674,已見頂(下降段)
sub_12_7,2001-12,XLB,2001-11,4.526734586182046,1.729419057657311,7.329368093054711,-2.6667483832331085,,上升段(未見頂)
sub_12_7,2001-12,XLY,2001-11,5.119776320630298,3.9197339032233103,8.107133455983174,4.795302271561308,,上升段(未見頂)
sub_12_7,2001-12,XLE,2001-11,-12.414248234426283,-11.487690368425419,-16.21417581878348,4.629433326632237,8.37782340862423,已見頂(下降段)
sub_12_7,2002-01,XLY,2001-12,3.957212440116664,13.557438695365786,10.577865123400287,3.8345563907282276,,上升段(未見頂)
sub_12_7,2002-01,XLV,2001-12,1.8450766084264103,4.613845355550494,-2.6636480646038962,1.203394499835575,,上升段(未見頂)
sub_12_7,2002-01,XLB,2001-12,-3.5388655771883437,2.227212691938285,4.676794682162133,4.833170597455871,,上升段(未見頂)
sub_12_7,2002-02,XLB,2002-01,3.3470069747876696,4.202383236807994,7.369289786660271,5.148135032081069,,上升段(未見頂)
sub_12_7,2002-02,XLY,2002-01,4.308861108201478,13.988294903860176,9.3074764802616,2.0603693097211995,,上升段(未見頂)
sub_12_7,2002-02,XLU,2002-01,-2.6493229822581066,-8.490099538003292,-5.37936821723769,1.2114262073549487,4.369609856262834,已見頂(下降段)
sub_12_7,2002-03,XLB,2002-02,7.214973956507653,6.882280874555247,8.730723409258623,0.19921254879757821,,上升段(未見頂)
sub_12_7,2002-03,XLY,2002-02,2.3778702842525146,11.01506565230621,15.366560818365272,-3.593525779289708,,上升段(未見頂)
sub_12_7,2002-03,XLF,2002-02,0.06395303893447224,1.2762856254428856,0.0454205947553632,2.274306918083302,,上升段(未見頂)
sub_12_7,2002-04,XLP,2002-03,-1.659211569665875,2.5611402292040397,-5.006287665245468,2.36243585862409,,上升段(未見頂)
sub_12_7,2002-04,XLB,2002-03,-0.2438680535668425,10.533252355535394,12.995062980810035,1.5686111134186387,,上升段(未見頂)
sub_12_7,2002-04,XLU,2002-03,1.9405850070467245,0.8653110515617568,-11.331148929157674,-0.21871002927272842,6.209445585215605,已見頂(下降段)
sub_12_7,2002-06,XLP,2002-05,-0.5239848455805496,0.005718520288344742,1.6769359746994228,-3.1067133735166785,,上升段(未見頂)
sub_12_7,2002-06,XLY,2002-05,0.0800735865555513,1.2343293010797618,12.385357136265561,1.9583937070136725,,上升段(未見頂)
sub_12_7,2002-06,XLB,2002-05,5.584358777191922,6.547903352560414,13.88082932723329,5.230836769568015,,上升段(未見頂)
sub_12_7,2002-07,XLP,2002-06,-3.0330569106716387,-1.3913863093151124,1.1341185653774177,3.4358935262459256,,上升段(未見頂)
sub_12_7,2002-07,XLY,2002-06,2.282118678699141,5.6455716421123014,10.574458150088152,-3.717194648962141,,上升段(未見頂)
sub_12_7,2002-07,XLB,2002-06,6.130030049966639,13.355760332009336,25.295808627315775,-2.646402726678576,,上升段(未見頂)
sub_12_7,2002-08,XLY,2002-07,-4.4055184637822435,-2.1456461459590126,1.3366255340580668,1.2829774220163515,,上升段(未見頂)
sub_12_7,2002-08,XLP,2002-07,3.9213933230185294,0.2413819449828436,4.7713453945898765,0.40095015255487976,,上升段(未見頂)
sub_12_7,2002-08,XLB,2002-07,-3.755113512030195,7.848854976178843,16.685342244079738,-1.5340176736540756,,上升段(未見頂)
sub_12_7,2002-09,XLY,2002-08,2.3218938784427046,0.046317431383591234,1.2812184420904371,1.6086834519583149,,上升段(未見頂)
sub_12_7,2002-09,XLB,2002-08,-1.206883941294501,0.9119586447850159,7.519576168021258,-2.43517890680508,,上升段(未見頂)
sub_12_7,2002-09,XLP,2002-08,0.1172270481468729,0.8875273122557426,0.893296585973502,2.9463827183440316,,上升段(未見頂)
sub_12_7,2002-10,XLY,2002-09,1.7540793885296502,-0.47017936319778686,5.148847966118764,-1.2215960230116396,,上升段(未見頂)
sub_12_7,2002-10,XLV,2002-09,4.793493081139011,10.787363248374682,19.5429511849365,-3.5186500297728074,,上升段(未見頂)
sub_12_7,2002-10,XLB,2002-09,-2.7861554538352706,-7.565846764346428,4.779437206729731,-3.602454295852242,,上升段(未見頂)
sub_12_7,2002-11,XLV,2002-10,-2.2147020095464875,2.76494665499436,10.771165306849051,-3.359613933961536,,上升段(未見頂)
sub_12_7,2002-11,XLY,2002-10,-1.3668484662098912,2.6935835964687183,0.490142677883898,0.48270897166080573,,上升段(未見頂)
sub_12_7,2002-11,XLB,2002-10,-2.3273980235612335,-6.194660438987187,1.1679846230688185,6.141970992051693,,上升段(未見頂)
sub_12_7,2002-12,XLV,2002-11,-2.8991506878842777,-0.4982064585813406,5.451501270120085,2.8866603815655423,,上升段(未見頂)
sub_12_7,2002-12,XLE,2002-11,-1.9197548450861857,-4.252561641478403,-6.102084934580021,6.635971205523061,,上升段(未見頂)
sub_12_7,2002-12,XLB,2002-11,5.5232730657539975,0.1957105557890415,1.1094539999063402,1.947035640056205,,上升段(未見頂)
sub_12_7,2003-01,XLB,2002-12,1.1412666662322435,4.243599535077558,-3.643311467385346,-3.1874169395573415,,上升段(未見頂)
sub_12_7,2003-01,XLV,2002-12,2.0125654407237903,-3.138707121308293,7.3100723885882735,2.3023769161731766,,上升段(未見頂)
sub_12_7,2003-01,XLE,2002-12,6.020717227220285,-2.149526299332627,-4.290912658662494,0.15474777762141123,,上升段(未見頂)
sub_12_7,2003-02,XLV,2003-01,2.1740668660252593,1.208590848527047,4.006954395760309,-1.0500035230873839,,上升段(未見頂)
sub_12_7,2003-02,XLB,2003-01,-2.5942207193605626,3.9588261422843107,-2.4810701335872487,-1.4797842826871577,,上升段(未見頂)
sub_12_7,2003-02,XLF,2003-01,1.2167387920791084,-0.864374081309538,0.011774611392967316,-0.595011502200149,,上升段(未見頂)
sub_12_7,2003-08,XLK,2003-07,1.2790092087404892,3.8875932467234753,4.662182261113057,3.6767937928317673,,上升段(未見頂)
sub_12_7,2003-08,XLV,2003-07,-3.2444937589257705,-3.2755931716874853,-5.655160357917177,-5.704845798773938,,上升段(未見頂)
sub_12_7,2003-08,XLE,2003-07,-5.24251937630682,-2.93923707633299,-7.501371183329519,3.3794209346291737,4.6652977412731005,已見頂(下降段)
sub_12_7,2003-09,XLK,2003-08,2.655392464532924,3.60094401474782,5.482147163894613,-0.2344828835253776,,上升段(未見頂)
sub_12_7,2003-09,XLE,2003-08,4.229525183585636,-3.5306040281401607,-7.604875376516651,-0.9887996555018486,5.618069815195072,已見頂(下降段)
sub_12_7,2003-09,XLV,2003-08,-5.649694175959386,-5.683679409743148,-10.182463852357204,1.9440654350162734,10.64476386036961,已見頂(下降段)
sub_12_7,2003-10,XLK,2003-09,0.22543927367655314,4.202749912951376,7.576146892083613,1.8864995051528055,,上升段(未見頂)
sub_12_7,2003-10,XLE,2003-09,-0.982112526764567,-2.2047139796783077,-8.428320504862597,-4.163491493348692,6.669404517453799,已見頂(下降段)
sub_12_7,2003-10,XLV,2003-09,1.3657228898400042,-7.464127606256154,-11.901395195979292,-4.961098508966089,11.696098562628336,已見頂(下降段)
sub_12_7,2003-11,XLU,2003-10,-4.430623625444352,1.3518861288866146,-2.7541021722419234,-0.949963665437159,,上升段(未見頂)
sub_12_7,2003-11,XLB,2003-10,3.963329975939578,1.0737107621834996,4.495594997317065,1.8456278305081897,,上升段(未見頂)
sub_12_7,2003-11,XLK,2003-10,1.8771786711412553,4.818187439276778,8.893092215504028,0.07207001124145407,,上升段(未見頂)
sub_12_7,2003-12,XLU,2003-11,-0.8560360293615843,0.5592915874225612,-7.6333118318931525,1.367629462378006,,上升段(未見頂)
sub_12_7,2003-12,XLE,2003-11,-0.3062445121143509,-5.404678046127376,-8.744464293462961,8.53196847465898,8.607802874743326,已見頂(下降段)
sub_12_7,2003-12,XLF,2003-11,-1.4444090445417501,2.0273714295462986,0.6322692716315137,-0.9263587672535545,,上升段(未見頂)
sub_12_7,2004-01,XLU,2003-12,1.4479653813578963,-3.8767663600542956,-6.565700533577312,0.7672375909598683,,上升段(未見頂)
sub_12_7,2004-01,XLY,2003-12,-0.9769099466492404,2.3483748745930733,1.5243142166279755,-2.7661387388354775,,上升段(未見頂)
sub_12_7,2004-01,XLK,2003-12,-1.8049283270753502,0.369928306910805,4.588225381458866,2.595894663945697,,上升段(未見頂)
sub_12_7,2004-02,XLY,2004-01,-2.4992878049096,-3.637809009804527,-1.05472508722102,0.9705332571970926,,上升段(未見頂)
sub_12_7,2004-02,XLK,2004-01,2.2474005422498777,0.7346728271803826,5.588258180336125,-4.378697828530564,,上升段(未見頂)
sub_12_7,2004-02,XLB,2004-01,-6.274176641864571,-0.8855718310166072,0.17863045111039533,4.036312710712009,,上升段(未見頂)
sub_12_7,2004-03,XLY,2004-02,0.8039507540500423,-2.675581833446028,-3.151553946111285,1.2109036097754045,,上升段(未見頂)
sub_12_7,2004-03,XLK,2004-02,-3.8460039187452,-3.4595530794778395,-1.0988831706401303,-0.5167960615659162,,上升段(未見頂)
sub_12_7,2004-03,XLB,2004-02,3.8050217558049493,1.7122823665595366,3.2717303045797452,-0.44308615422623543,,上升段(未見頂)
sub_12_7,2004-04,XLK,2004-03,-1.3490371048873295,-3.011343799853572,-2.6525553060768314,-2.2440654237328994,,上升段(未見頂)
sub_12_7,2004-04,XLF,2004-03,0.16534896782947062,2.937186010947701,2.4798143225792657,-3.555563814036511,,上升段(未見頂)
sub_12_7,2004-04,XLY,2004-03,0.7169037604694672,-1.010824316395742,1.313812613924803,-0.1589572689409957,,上升段(未見頂)
sub_12_7,2004-05,XLK,2004-04,-1.9644710582607972,-7.006592231155184,-6.323394933208437,1.0192663707775385,,上升段(未見頂)
sub_12_7,2004-05,XLB,2004-04,-2.791395012857012,-0.09600039504307212,-0.9807220736035238,1.5042870289021515,,上升段(未見頂)
sub_12_7,2004-05,XLY,2004-04,0.7728855442964644,2.3113026223660293,-1.4105871624787825,-0.6597326420869631,,上升段(未見頂)
sub_12_7,2004-06,XLB,2004-05,1.078154898496786,-2.720390822667562,-1.0546892284660658,3.1781056530721274,,上升段(未見頂)
sub_12_7,2004-06,XLK,2004-05,2.170060743442437,-1.188276018672596,-4.606720058553748,1.7541997888105731,,上升段(未見頂)
sub_12_7,2004-06,XLI,2004-05,0.7371038569965238,2.746442209195954,1.1802918890044367,5.249032360795058,,上升段(未見頂)
sub_12_7,2004-07,XLB,2004-06,3.1098436908087557,1.3122929998380162,-2.4112907854304644,0.7529334074596883,,上升段(未見頂)
sub_12_7,2004-07,XLI,2004-06,4.243906968685596,6.997064529523578,3.8952479415036434,0.00950059586655172,,上升段(未見頂)
sub_12_7,2004-07,XLK,2004-06,0.8633825642666793,1.0277489978469,-2.014543857731399,-2.9355396390664867,,上升段(未見頂)
sub_12_7,2004-08,XLE,2004-07,6.513005073931533,8.900468403980133,18.06364191020937,-2.228253360495336,,上升段(未見頂)
sub_12_7,2004-08,XLK,2004-07,-2.9604181233843785,0.0014038432219587449,-7.005286749503348,-4.5219400819101585,,上升段(未見頂)
sub_12_7,2004-08,XLI,2004-07,0.44484756069917974,5.4794374507136645,5.357635470056699,-0.0052745625228167725,,上升段(未見頂)
sub_12_7,2004-09,XLE,2004-08,-1.780115919267844,9.122599417869392,11.668647717072812,8.366125387268664,,上升段(未見頂)
sub_12_7,2004-09,XLF,2004-08,3.002499663193836,2.7201927949294324,0.3031329322491061,-2.4168295800857886,,上升段(未見頂)
sub_12_7,2004-09,XLB,2004-08,1.4341981909842927,5.608897890257891,2.7359231241309567,2.425167666492123,,上升段(未見頂)
sub_12_7,2004-10,XLE,2004-09,8.672178960268372,13.689519251225768,20.49865347008526,-0.30213747833602866,,上升段(未見頂)
sub_12_7,2004-10,XLB,2004-09,2.9852683401787816,5.481303229909318,6.865526988333315,-1.485501364067865,,上升段(未見頂)
sub_12_7,2004-10,XLF,2004-09,-1.9049163690222026,2.1758568781677035,-1.7699801894747957,-0.4916755242490245,,上升段(未見頂)
sub_12_7,2004-11,XLE,2004-10,-0.6784987906141682,6.013474279196007,15.449170061377448,1.4400927317094414,,上升段(未見頂)
sub_12_7,2004-11,XLV,2004-10,-3.4668023580404217,-4.803156225217753,-10.767981546932004,-2.2238908219032627,24.673511293634498,已見頂(下降段)
sub_12_7,2004-11,XLP,2004-10,-0.6338860323366724,-2.7474573897843024,-7.79959857059459,-1.8831459833947628,24.673511293634498,已見頂(下降段)
sub_12_7,2004-12,XLE,2004-11,2.195019574036672,10.304030395403307,20.366625230140855,-6.488646973742284,,上升段(未見頂)
sub_12_7,2004-12,XLU,2004-11,0.0019072024209920713,3.1599516982238285,12.20184144085692,-0.5598646827440934,,上升段(未見頂)
sub_12_7,2004-12,XLV,2004-11,-2.39146342888229,-8.342894764041997,-11.122496439468211,3.0597097811835283,25.724845995893222,已見頂(下降段)
sub_12_7,2005-01,XLE,2004-12,-5.662292634711486,-4.245691581670408,8.862612903134925,7.321250225939446,,上升段(未見頂)
sub_12_7,2005-01,XLI,2004-12,-0.5135785449215113,0.9597709229618889,2.383676598029405,-0.31704475921153774,,上升段(未見頂)
sub_12_7,2005-01,XLP,2004-12,0.7057263263977598,-1.8244616272401482,-5.615789921960457,3.152199479514939,26.743326488706366,已見頂(下降段)
sub_12_7,2005-02,XLE,2005-01,5.7577399233813775,1.9593856611178184,8.090687093075388,13.690038109502156,,上升段(未見頂)
sub_12_7,2005-02,XLI,2005-01,-0.570851499706404,0.6483633442994519,1.348372083692384,-0.8532332395309483,,上升段(未見頂)
sub_12_7,2005-02,XLB,2005-01,-0.8375827645207612,0.9898169371266752,3.171333003602972,6.696215956710105,,上升段(未見頂)
sub_12_7,2005-03,XLE,2005-02,14.38646395760339,14.12271989062608,25.88195963621718,1.026038189531131,,上升段(未見頂)
sub_12_7,2005-03,XLU,2005-02,0.05336118013861135,3.9592282653887034,7.244289664421233,3.224770148592049,,上升段(未見頂)
sub_12_7,2005-03,XLI,2005-02,-0.9123655608495596,-1.983996616860273,0.5961489277825249,1.1562020993439615,,上升段(未見頂)
sub_12_7,2005-04,XLE,2005-03,-0.08145340126867184,20.874002812169266,15.742065450344933,-4.611572841266664,,上升段(未見頂)
sub_12_7,2005-04,XLI,2005-03,1.8187420687393319,0.3138520926982524,1.2766352767869638,-1.1851623098960706,,上升段(未見頂)
sub_12_7,2005-04,XLB,2005-03,-0.843939946453709,3.8982459695289906,3.481007223753463,-4.473178989330339,,上升段(未見頂)
sub_12_7,2005-05,XLE,2005-04,-3.6058957784550483,10.171995290300151,12.330689568585695,0.559484341418881,,上升段(未見頂)
sub_12_7,2005-05,XLU,2005-04,5.055615350961684,8.25439402324526,12.48255694395841,-3.2370373769500027,,上升段(未見頂)
sub_12_7,2005-05,XLB,2005-04,-5.355555565113567,-0.83549754344866,0.14604949748369123,-3.6504030246106156,,上升段(未見頂)
sub_12_7,2005-06,XLE,2005-05,-0.4220404194326344,-4.0909027663082025,9.454070385634306,6.165476047564411,,上升段(未見頂)
sub_12_7,2005-06,XLU,2005-05,-3.1862970335529206,4.749192072716246,8.896451693025508,5.723673725515166,,上升段(未見頂)
sub_12_7,2005-06,XLB,2005-05,-3.7443627605306062,-9.668221362881235,-6.887043396390546,-2.1298635316713277,,上升段(未見頂)
sub_12_7,2005-07,XLU,2005-06,5.793169490511119,7.600361625993068,15.822381404877195,-1.3331752108193262,,上升段(未見頂)
sub_12_7,2005-07,XLE,2005-06,6.81739547066984,2.5311147647964605,23.933462544148565,3.7695899016182866,,上升段(未見頂)
sub_12_7,2005-07,XLB,2005-06,-2.14994636271727,-10.858001215256053,-7.383026840472196,1.4801813312990575,,上升段(未見頂)
sub_12_7,2005-08,XLU,2005-07,-1.5183925389760655,0.8671125376285671,9.193081446354668,0.90385452288686,,上升段(未見頂)
sub_12_7,2005-08,XLE,2005-07,3.140250268117595,9.706759791088615,20.86612623017907,8.335309599067141,,上升段(未見頂)
sub_12_7,2005-08,XLY,2005-07,1.779923527104943,4.090709051091945,-2.5727441393005424,-2.256236077148188,,上升段(未見頂)
sub_12_7,2005-09,XLE,2005-08,7.393401462765703,18.31716724312953,13.476926975362847,4.87538535407821,,上升段(未見頂)
sub_12_7,2005-09,XLB,2005-08,-3.2832298864837295,-3.8123904094850225,-13.112021428359988,-0.1266574133860665,,上升段(未見頂)
sub_12_7,2005-09,XLU,2005-08,1.6033083761443745,5.8572498122890115,10.88461392876967,4.32119740583754,,上升段(未見頂)
sub_12_7,2005-10,XLE,2005-09,5.440164504771605,16.79166602858868,19.747797131490042,-8.221630226803756,,上升段(未見頂)
sub_12_7,2005-10,XLU,2005-09,3.3984277243649164,3.46105751938679,11.324472032936894,-4.721191262062508,,上升段(未見頂)
sub_12_7,2005-10,XLB,2005-09,-0.03243862994113389,-1.7308585192708836,-12.40092309547014,2.553050995744721,,上升段(未見頂)
sub_12_7,2005-11,XLU,2005-10,-4.1314688903283265,0.7158581907019679,1.5891780244537523,-4.7967503917910825,,上升段(未見頂)
sub_12_7,2005-11,XLE,2005-10,-6.833271772200311,5.498070635581898,15.738514936410851,-1.6490101927610246,,上升段(未見頂)
sub_12_7,2005-11,XLV,2005-10,-0.714032770082107,-1.466173437426599,-5.445912180329038,-2.7052037800612494,36.73100616016427,已見頂(下降段)
sub_12_7,2005-12,XLE,2005-11,-2.7778560058116075,-4.49367954885278,13.00037289594309,1.7586032535093166,,上升段(未見頂)
sub_12_7,2005-12,XLU,2005-11,-4.362482449692717,-5.197824664840511,0.35497557202401886,1.440170009438413,,上升段(未見頂)
sub_12_7,2005-12,XLV,2005-11,-3.0439203025563466,-5.0318333586873765,-6.549371257947733,2.985169480658967,37.71663244353183,已見頂(下降段)
sub_12_7,2006-01,XLE,2005-12,1.9947580172734236,-7.6144836335673265,7.898583733471187,11.448482081474332,,上升段(未見頂)
sub_12_7,2006-01,XLU,2005-12,1.0525419167050076,-7.348680171530497,-4.141964699796152,0.11511980083207529,,上升段(未見頂)
sub_12_7,2006-01,XLV,2005-12,3.6583950401709364,-0.214509075727376,-2.468179451433672,-0.49602659206471333,38.70225872689939,已見頂(下降段)
sub_12_7,2006-02,XLE,2006-01,11.921660823979007,10.983187072214285,17.085121091064615,-8.872520964146391,,上升段(未見頂)
sub_12_7,2006-02,XLU,2006-01,0.01924722727437711,-3.3372561716232485,-2.645288002570567,-0.6411533002793735,,上升段(未見頂)
sub_12_7,2006-02,XLV,2006-01,-1.0828784577102124,-0.5852104854244811,-2.0428037221607576,-0.0837193925911528,39.75359342915811,已見頂(下降段)
sub_12_7,2006-03,XLE,2006-02,-9.74324018452447,3.031906596624867,-1.598017118900763,2.573418388582205,,上升段(未見頂)
sub_12_7,2006-03,XLU,2006-02,0.7297207146991447,1.8095349895205892,-3.4823461313241433,-4.851994200461773,,上升段(未見頂)
sub_12_7,2006-03,XLV,2006-02,0.5757888299288583,3.1262908730559813,-2.0628522326714305,-2.3302640281615106,40.6735112936345,已見頂(下降段)
sub_12_7,2006-04,XLE,2006-03,2.5512944389548764,3.5941022401166034,-4.294053720298063,4.037804118464616,,上升段(未見頂)
sub_12_7,2006-04,XLU,2006-03,-6.179938003364082,-5.477124044650184,-12.423307887541334,0.08573691833935193,,上升段(未見頂)
sub_12_7,2006-04,XLK,2006-03,0.6029205751454381,1.1898056521306488,0.14930994095152528,-2.5568757493660277,26.316221765913756,已見頂(下降段)
sub_12_7,2006-05,XLE,2006-04,3.726447019375412,-3.9913446743007563,6.553465545638204,-1.319927520771591,,上升段(未見頂)
sub_12_7,2006-05,XLF,2006-04,3.0302826706925634,3.223809654197707,2.272559175150013,-0.801870280461503,,上升段(未見頂)
sub_12_7,2006-05,XLK,2006-04,-2.540906790945985,-2.2857718780081027,-2.4636680210948114,-3.901721333564423,27.236139630390145,已見頂(下降段)
sub_12_7,2006-06,XLE,2006-05,0.23654224987035288,6.624430741614362,9.857183890883082,3.629641534965833,,上升段(未見頂)
sub_12_7,2006-06,XLF,2006-05,-0.780656204826391,0.8577276704516912,1.1144681820848268,-0.7598092043265336,,上升段(未見頂)
sub_12_7,2006-06,XLB,2006-05,-1.0494218417935852,4.189742810319119,6.946917747279091,1.1050387841653464,,上升段(未見頂)
sub_12_7,2006-07,XLE,2006-06,2.271486678794621,6.333509565949114,10.155244615253501,2.682339789009358,,上升段(未見頂)
sub_12_7,2006-07,XLB,2006-06,0.2546225215459108,1.4476122800715308,4.03743108454051,-4.085723417737263,,上升段(未見頂)
sub_12_7,2006-07,XLF,2006-06,-0.7213836897786541,1.488528899161956,0.17253531161747215,1.8309523651244497,,上升段(未見頂)
sub_12_7,2006-08,XLE,2006-07,2.887273215160091,5.473243950938178,1.2634432456901434,-7.322987395562885,,上升段(未見頂)
sub_12_7,2006-08,XLB,2006-07,-4.167514163093545,-4.9317508147965095,-2.600359155793608,0.12262407360172922,,上升段(未見頂)
sub_12_7,2006-08,XLF,2006-07,1.83214297624954,0.3083182673677465,3.5420675156345283,-1.0417761711050133,,上升段(未見頂)
sub_12_7,2006-09,XLB,2006-08,0.8098393230453249,-3.145437818861596,0.9125192365887047,-2.827979302617867,,上升段(未見頂)
sub_12_7,2006-09,XLF,2006-08,-0.9818288150465704,0.10493770224024868,0.9635654524007942,1.2260036240263394,,上升段(未見頂)
sub_12_7,2006-09,XLI,2006-08,-1.0308437008713867,-7.4281232638281125,-2.7719583433554296,1.7058089693567036,,上升段(未見頂)
sub_12_7,2006-10,XLB,2006-09,-2.642638652636775,-5.944440553020492,-4.582880724376038,2.971665141945201,,上升段(未見頂)
sub_12_7,2006-10,XLI,2006-09,1.0884631663623523,-6.055784567083067,-4.323256189474634,-1.0633615849004796,,上升段(未見頂)
sub_12_7,2006-10,XLF,2006-09,1.2903342673166174,2.1333997039690633,3.6536848742592554,-0.5540384830385658,,上升段(未見頂)
sub_12_7,2006-11,XLB,2006-10,2.7661936223108974,0.8607023909699807,-4.113496121006155,2.413401373810875,,上升段(未見頂)
sub_12_7,2006-11,XLE,2006-10,1.0799730995598944,-11.91876726593948,-7.097866523410746,6.401396011242566,3.5811088295687883,已見頂(下降段)
sub_12_7,2006-11,XLI,2006-10,-0.3221317282957159,-0.27588208305130424,-5.468426406871196,0.0724692244019165,,上升段(未見頂)
sub_12_7,2006-12,XLE,2006-11,6.4600725048832075,0.9467611660734176,-1.3297182466524893,-4.492546515840168,4.566735112936345,已見頂(下降段)
sub_12_7,2006-12,XLB,2006-11,2.3183849118747935,2.3700091084478903,-0.849975873221287,-0.8677722975031887,,上升段(未見頂)
sub_12_7,2006-12,XLI,2006-11,0.45287293172358023,1.2191527132142221,-6.29953071692575,-0.6339767061396273,,上升段(未見頂)
sub_12_7,2007-01,XLE,2006-12,-4.099595353963137,3.198245769912056,-7.476460409698049,-1.69584122474008,5.519507186858316,已見頂(下降段)
sub_12_7,2007-01,XLI,2006-12,-0.8332534246610845,-0.7050483182942324,-6.718136678127562,0.9985158737784605,,上升段(未見頂)
sub_12_7,2007-01,XLB,2006-12,-0.696081186040709,4.416789165218127,-1.7902047940809962,3.7718685563195686,,上升段(未見頂)
sub_12_7,2007-02,XLU,2007-01,-1.8305256911344658,-1.6608544513663226,-3.144239584701136,7.62063637274778,,上升段(未見頂)
sub_12_7,2007-02,XLP,2007-01,0.5172658444200673,-1.1521105303850088,-3.5207402210387206,-0.14242652768735597,51.74537987679671,已見頂(下降段)
sub_12_7,2007-02,XLF,2007-01,-0.5700001906280949,0.5300024781784707,0.03366374856106358,-1.1817293853413569,,上升段(未見頂)
sub_12_7,2007-03,XLP,2007-02,0.43171424249310864,2.1184926470105836,-4.675444681196939,1.3006495874774426,52.6652977412731,已見頂(下降段)
sub_12_7,2007-03,XLU,2007-02,7.408953147732489,4.9399964787128825,3.4586931668536547,2.293834811168738,,上升段(未見頂)
sub_12_7,2007-03,XLE,2007-02,-0.08862612475091236,-6.473742654551584,-5.588272369923009,4.918266167909735,7.523613963039014,已見頂(下降段)
sub_12_7,2007-04,XLU,2007-03,2.40608809613565,7.979851437079688,10.414756100013367,0.1933187680526416,,上升段(未見頂)
sub_12_7,2007-04,XLP,2007-03,0.8970803747400113,1.856826718889426,-1.1734815742912796,-1.5495424213197495,53.65092402464066,已見頂(下降段)
sub_12_7,2007-04,XLF,2007-03,-1.6130267114824126,-3.2573182496324904,-2.9570581969490917,-0.47095035298334587,,上升段(未見頂)
sub_12_7,2007-05,XLU,2007-04,0.4618350896201884,10.501294872411604,8.666029197705738,-3.054315630112181,,上升段(未見頂)
sub_12_7,2007-05,XLY,2007-04,-1.9754677842952373,-4.568486435196939,-3.186541931257947,-0.12938765929337848,55.29363449691992,已見頂(下降段)
sub_12_7,2007-05,XLP,2007-04,-1.5467565688935814,-0.23470224910092652,-1.3841087501589855,-2.1453344204515945,54.6694045174538,已見頂(下降段)
sub_12_7,2007-06,XLU,2007-05,-2.8394620161209527,-0.042175786298292994,4.895737210056583,-2.629153941514162,,上升段(未見頂)
sub_12_7,2007-06,XLK,2007-05,1.5909104227595172,1.7066141742929641,-0.42043850016504347,1.2543022138935433,40.31211498973306,已見頂(下降段)
sub_12_7,2007-06,XLY,2007-05,-0.3738561992548073,-3.917050685169232,-2.85752987235518,-0.4297373862095055,56.31211498973306,已見頂(下降段)
sub_12_7,2007-07,XLU,2007-06,-3.333950642942196,-5.6449850911704065,1.8844049219885806,-1.2185531853931342,,上升段(未見頂)
sub_12_7,2007-07,XLY,2007-06,-0.28922250534897387,-2.624387666703454,-3.926707581348965,-2.294520939311273,57.26488706365503,已見頂(下降段)
sub_12_7,2007-07,XLK,2007-06,1.3570410462393045,3.2529011333642055,2.834334514112302,3.3430355027966208,41.26488706365503,已見頂(下降段)
sub_12_7,2007-08,XLY,2007-07,-2.8834938363416995,-3.526402609636725,-7.933785819961992,-1.5095589892041739,58.31622176591376,已見頂(下降段)
sub_12_7,2007-08,XLK,2007-07,3.030617492772625,6.090153691443145,5.414321364043606,0.43093409811298944,42.31622176591376,已見頂(下降段)
sub_12_7,2007-08,XLB,2007-07,0.47938601097943234,3.891868442533397,7.008805313984179,-1.8429240435497096,,上升段(未見頂)
sub_12_7,2007-09,XLB,2007-08,-1.943316582753396,-0.5432390107400598,0.1900367560952798,3.842215136343907,,上升段(未見頂)
sub_12_7,2007-09,XLY,2007-08,-0.653361837475841,-3.79706363676634,-7.565381414735306,-4.273861584255901,59.3347022587269,已見頂(下降段)
sub_12_7,2007-09,XLU,2007-08,0.29189940166205464,-3.913433281674583,-3.953958546715075,0.15050185451175313,,上升段(未見頂)
sub_12_7,2007-10,XLB,2007-09,4.026410981087847,2.493845460212052,2.9998252343144793,3.3200783533407163,,上升段(未見頂)
sub_12_7,2007-10,XLU,2007-09,-0.0338822581805287,-0.6331477715448952,-6.242391765406518,4.087644969933635,,上升段(未見頂)
sub_12_7,2007-10,XLE,2007-09,3.396234779366236,6.668921216054735,15.079019539297933,0.6448534920460158,,上升段(未見頂)
sub_12_7,2007-11,XLU,2007-10,5.230718473765883,5.502127692237191,-1.7917553655405594,6.977679054540776,,上升段(未見頂)
sub_12_7,2007-11,XLB,2007-10,2.7617338616018783,4.821950927164087,8.901483356146223,-0.8797164466526008,,上升段(未見頂)
sub_12_7,2007-11,XLE,2007-10,1.1676679367874199,4.520498459392153,15.65139647002085,-0.2326033365844138,,上升段(未見頂)
sub_12_7,2007-12,XLB,2007-11,-1.2124580674171326,5.603233882689818,5.029555919635986,1.0646279138902703,,上升段(未見頂)
sub_12_7,2007-12,XLU,2007-11,4.715514434389578,10.155552353934084,5.844688306502754,-1.6348142538581412,,上升段(未見頂)
sub_12_7,2007-12,XLE,2007-11,-0.35160026102281083,4.235773072627258,10.553057340442184,10.578708569762474,,上升段(未見頂)
sub_12_7,2008-01,XLE,2007-12,9.514553586927676,10.403770313260164,17.766510775005507,-5.932580294298074,,上升段(未見頂)
sub_12_7,2008-01,XLB,2007-12,2.223250027457513,3.7727407788858525,6.360672563737713,3.6080354884840626,,上升段(未見頂)
sub_12_7,2008-01,XLI,2007-12,1.003951495587252,-0.5722046149874149,3.1809345247935106,1.508890604134694,,上升段(未見頂)
sub_12_7,2008-02,XLE,2008-01,-6.642860019642239,1.880180196843173,6.485672173067414,11.392392219033098,,上升段(未見頂)
sub_12_7,2008-02,XLI,2008-01,0.5643799682885753,2.6700041832299126,-0.4292379441348304,-0.1346616456758709,,上升段(未見頂)
sub_12_7,2008-02,XLB,2008-01,1.9685306618011378,2.9717337605655647,7.936980231350077,4.044144183848819,,上升段(未見頂)
sub_12_7,2008-03,XLE,2008-02,12.165839666704015,14.677967605175679,19.53546607723191,-3.5928704817435153,,上升段(未見頂)
sub_12_7,2008-03,XLK,2008-02,-2.2039602817574,-6.362263678328118,-6.506917554093228,2.514427046979817,,上升段(未見頂)
sub_12_7,2008-03,XLI,2008-02,0.5719904648669338,2.15499114586426,1.3996729890978665,4.281719828835251,,上升段(未見頂)
sub_12_7,2008-04,XLE,2008-03,-1.4550062110151196,3.191212813694877,13.926989578299187,5.806539088455476,,上升段(未見頂)
sub_12_7,2008-04,XLI,2008-03,4.5657471782833525,5.757377003462061,5.152228411558624,-2.0043067940255677,,上升段(未見頂)
sub_12_7,2008-04,XLK,2008-03,2.0688428696996164,-7.346329557211573,-4.487188569063294,1.8836064031609867,,上升段(未見頂)
sub_12_7,2008-05,XLE,2008-04,5.3616483238174695,16.46025442587753,18.649917066786024,4.972916822366447,,上升段(未見頂)
sub_12_7,2008-05,XLK,2008-04,1.416211347121088,1.2329381693468422,-6.763997516676157,3.544620007867194,,上升段(未見頂)
sub_12_7,2008-05,XLB,2008-04,0.5355275342443067,5.034157128890415,8.15549263641513,4.024378430754494,,上升段(未見頂)
sub_12_7,2008-06,XLE,2008-05,3.6322687410032417,7.599964660994729,23.393452617116004,12.364683041759006,,上升段(未見頂)
sub_12_7,2008-06,XLP,2008-05,1.5036745629478654,0.1665615569015566,3.403482742070296,1.9918453108981327,,上升段(未見頂)
sub_12_7,2008-06,XLU,2008-05,2.043261598031987,4.963423708863979,2.8678148136225934,7.273723529595411,,上升段(未見頂)
sub_12_7,2008-07,XLE,2008-06,12.562982015440527,22.906019081320505,26.828211711045903,-16.035070988136745,,上升段(未見頂)
sub_12_7,2008-07,XLU,2008-06,8.30539028636814,10.88445856583089,10.356844128770382,-5.361353823707815,,上升段(未見頂)
sub_12_7,2008-07,XLP,2008-06,2.9004803634080423,-1.055525865986251,6.084893780443745,3.8125146928264853,,上升段(未見頂)
sub_12_7,2008-08,XLU,2008-07,-5.589002132913556,4.341479643085511,5.651863705179339,-1.663194644477639,,上升段(未見頂)
sub_12_7,2008-08,XLP,2008-07,3.358665040182096,7.955819404756714,9.078390612246912,1.2030274472607516,,上升段(未見頂)
sub_12_7,2008-08,XLB,2008-07,-2.357744076877144,3.9958025329746016,9.231114639935134,-5.161899517799218,,上升段(未見頂)
sub_12_7,2008-09,XLE,2008-08,-1.1909130249007416,-5.628636539087928,1.5435537340402705,-1.9188988737012802,1.9383983572895278,已見頂(下降段)
sub_12_7,2008-09,XLB,2008-08,-3.058240572818305,-2.719091131226681,0.8320842377962379,-5.138694654772513,,上升段(未見頂)
sub_12_7,2008-09,XLP,2008-08,1.1377275513146046,7.566610741428059,7.745775362985219,8.263175034824165,,上升段(未見頂)
sub_12_7,2008-10,XLP,2008-09,9.015143513014179,13.958549714946521,12.75568774620246,5.324970114401384,,上升段(未見頂)
sub_12_7,2008-10,XLE,2008-09,-6.086753559188917,-21.26433615232165,-3.2291299675680785,-3.2577036925349745,2.9897330595482545,已見頂(下降段)
sub_12_7,2008-10,XLU,2008-09,-1.7278260444188898,-9.639997943265676,0.19519904068350247,4.4293890512920875,,上升段(未見頂)
sub_12_7,2008-11,XLE,2008-10,-2.731953918711827,-9.740290401579522,-10.662811417756156,4.934208771195447,4.008213552361396,已見頂(下降段)
sub_12_7,2008-11,XLP,2008-10,4.6836808102538985,15.41945166688361,24.602014799461337,5.550814722813335,,上升段(未見頂)
sub_12_7,2008-11,XLB,2008-10,-7.039336526414896,-15.911358458624147,-12.551342389969921,-2.743420700278232,4.271047227926078,已見頂(下降段)
sub_12_7,2008-12,XLE,2008-11,5.139392096049988,-3.957709878085769,-9.363581312864678,-3.772587720362819,,上升段(未見頂)
sub_12_7,2008-12,XLB,2008-11,-4.004853307718492,-16.732463619226422,-18.996583816146995,-2.3924936219885673,5.190965092402464,已見頂(下降段)
sub_12_7,2008-12,XLI,2008-11,-1.3543995508434992,-6.2272374710761085,-7.364034612221737,0.06449589575550085,,上升段(未見頂)
sub_12_7,2009-01,XLE,2008-12,-5.425678840405057,-3.2816483815457986,-23.848163790678335,5.118848855270031,,上升段(未見頂)
sub_12_7,2009-01,XLB,2008-12,-1.5403211590969135,-12.13682229660723,-22.396227702382077,0.8120210462373656,6.275154004106776,已見頂(下降段)
sub_12_7,2009-01,XLU,2008-12,-3.347768247042715,12.792528237446255,1.9193308351990845,7.455906710098825,,上升段(未見頂)
sub_12_7,2009-02,XLE,2009-01,7.007454849518657,6.402719710050775,-3.961214184886863,-1.4215857597108972,,上升段(未見頂)
sub_12_7,2009-02,XLB,2009-01,0.8972153530296012,-4.635470196920732,-19.80926237627013,2.2654959282435105,7.260780287474333,已見頂(下降段)
sub_12_7,2009-02,XLP,2009-01,1.0956891870961494,7.398975486066717,23.959308601868944,3.0161462161306996,,上升段(未見頂)
sub_12_7,2009-03,XLP,2009-02,2.9843075794280027,3.1190862598460933,26.222566726259956,-4.224707938534222,,上升段(未見頂)
sub_12_7,2009-03,XLK,2009-02,7.764422521746628,12.519228599106857,7.572492452281354,2.256328385769124,,上升段(未見頂)
sub_12_7,2009-03,XLU,2009-02,-1.9953109119681733,3.019893836627441,18.146294847654197,-7.190347435188094,,上升段(未見頂)
sub_12_7,2009-04,XLP,2009-03,-3.7686568343076043,0.1890452875643378,11.420915869722048,-6.200702710448414,,上升段(未見頂)
sub_12_7,2009-04,XLV,2009-03,-2.1463828105568683,3.3809916770565662,17.167975227804643,-10.426258775800235,,上升段(未見頂)
sub_12_7,2009-04,XLY,2009-03,4.030776665868707,3.1981665739541976,2.498136817410246,5.5870229515726955,,上升段(未見頂)
sub_12_7,2009-11,XLK,2009-10,0.6899743977849981,-0.2841087801240927,0.638970238959069,-0.2676607744557469,,上升段(未見頂)
sub_12_7,2009-11,XLY,2009-10,-0.45236650095654696,1.1131541014431257,-3.070024249221426,1.122858791736725,,上升段(未見頂)
sub_12_7,2009-11,XLB,2009-10,-3.312466427538485,-3.924296025744556,-3.6067017593651496,5.635528598701245,,上升段(未見頂)
sub_12_7,2009-12,XLB,2009-11,4.342075927818678,1.5443667250853554,0.5805732233642669,0.37456611426451847,,上升段(未見頂)
sub_12_7,2009-12,XLK,2009-11,-0.5928740720556047,1.1433979114943815,3.490373256020307,4.092129727228766,,上升段(未見頂)
sub_12_7,2009-12,XLY,2009-11,0.5186876557446096,1.8064562411054252,3.886313297720778,2.281063736657818,,上升段(未見頂)
sub_12_7,2010-01,XLK,2009-12,3.8208205003624096,3.9173838784212878,3.6033031634181256,-5.233319676510795,,上升段(未見頂)
sub_12_7,2010-01,XLB,2009-12,0.15592930038959008,1.0430901833806905,5.4561963063244345,-5.535801175796962,,上升段(未見頂)
sub_12_7,2010-01,XLY,2009-12,2.6264452993581155,2.6921003476958916,6.275688398889012,0.6450991749432533,,上升段(未見頂)
sub_12_7,2010-02,XLF,2010-01,2.1858454994805765,-2.8360007341537874,-0.047501376961200936,0.40342607994867663,,上升段(未見頂)
sub_12_7,2010-02,XLB,2010-01,-5.193547933376141,-0.922729826850488,-4.810815202671592,1.1522553200794539,,上升段(未見頂)
sub_12_7,2010-02,XLK,2010-01,-5.144096105455198,-2.103685723442905,-2.3818177477204827,0.6936026393187911,,上升段(未見頂)
sub_12_7,2010-03,XLF,2010-02,0.3943834549269498,-0.7521997029052652,-7.9091691402698565,3.042310621080402,,上升段(未見頂)
sub_12_7,2010-03,XLB,2010-02,1.3507217465347887,-3.763148744791789,-2.276898836736463,2.041344921027921,,上升段(未見頂)
sub_12_7,2010-03,XLY,2010-02,2.375441848082449,5.876996502329712,7.789618113541019,1.463447187679412,,上升段(未見頂)
sub_12_7,2010-04,XLF,2010-03,2.6495838690187234,5.307027176957657,-3.9873353352481655,0.02685764903560539,,上升段(未見頂)
sub_12_7,2010-04,XLI,2010-03,2.4555016381916595,6.998728040749991,7.081361947491649,2.0862024931123546,,上升段(未見頂)
sub_12_7,2010-04,XLY,2010-03,1.620219953747526,4.8389003557954835,7.661268756794404,4.656892592859463,,上升段(未見頂)
sub_12_7,2010-05,XLF,2010-04,-0.2269695961149676,2.820514650659245,-0.09547589969416403,-1.6808598278490794,,上升段(未見頂)
sub_12_7,2010-05,XLE,2010-04,2.56828697781053,-0.7005814183051129,-5.5363770014352,-4.05623482769969,17.084188911704313,已見頂(下降段)
sub_12_7,2010-05,XLK,2010-04,-0.2872309278468266,0.7732659394773078,-1.3466868691386247,1.055248162417377,,上升段(未見頂)
sub_12_7,2010-06,XLY,2010-05,0.9877875847779771,7.15376400869272,13.451186971598217,-4.411803090123123,,上升段(未見頂)
sub_12_7,2010-06,XLK,2010-05,0.5037387730993492,0.9253060531180246,-0.25838973363131457,-0.564499356570991,,上升段(未見頂)
sub_12_7,2010-06,XLI,2010-05,-1.2745745626171145,3.849304832257605,8.20326937079454,-1.710306968889308,,上升段(未見頂)
sub_12_7,2010-07,XLY,2010-06,-4.793124180695396,0.391192896354875,5.249022686603921,0.4586693159975397,,上升段(未見頂)
sub_12_7,2010-07,XLB,2010-06,-2.2757680411770065,-5.228180146400008,-7.367326247618622,6.179404752905904,,上升段(未見頂)
sub_12_7,2010-07,XLI,2010-06,-1.7940122738190012,-0.4580194068617316,6.508653101228146,3.510187873483428,,上升段(未見頂)
sub_12_7,2010-08,XLI,2010-07,3.3665913139195203,0.2183335292611499,7.681988944467033,-2.1413412798032327,,上升段(未見頂)
sub_12_7,2010-08,XLY,2010-07,1.0296216936470204,-2.862728842467155,5.516471849507076,0.7131350637395784,,上升段(未見頂)
sub_12_7,2010-08,XLV,2010-07,-5.16521913482153,-0.2829991415422284,-11.088712706645222,2.930916234724923,17.149897330595483,已見頂(下降段)
sub_12_7,2010-09,XLY,2010-08,0.5467926501149023,-3.2869092861817273,3.631716988997735,1.739459095570961,,上升段(未見頂)
sub_12_7,2010-09,XLI,2010-08,-2.5496338455644363,-1.076006970380905,2.731879073570398,2.487081455243345,,上升段(未見頂)
sub_12_7,2010-09,XLV,2010-08,2.987359046657656,1.118012854707029,-5.937041880131377,0.48886710505038344,18.20123203285421,已見頂(下降段)
sub_12_7,2010-10,XLY,2010-09,1.896239162483937,3.5082827444280484,3.913199793663158,1.6632513930655568,,上升段(未見頂)
sub_12_7,2010-10,XLI,2010-09,2.360031736539425,3.108408157861575,2.63615163839237,-1.106782545167806,,上升段(未見頂)
sub_12_7,2010-10,XLV,2010-09,0.09895847135816815,-2.2355131314855448,-2.706938463357622,-1.4966535794305624,19.186858316221766,已見頂(下降段)
sub_12_7,2010-11,XLY,2010-10,1.6539237701829856,4.147901450038649,1.166429436404126,2.7588670576446317,,上升段(未見頂)
sub_12_7,2010-11,XLI,2010-10,-0.9082585398231369,-1.1557642205683782,-0.9399541121199451,1.526959641548964,,上升段(未見頂)
sub_12_7,2010-11,XLB,2010-10,2.255942634625163,2.6835199396004317,4.1561168765124945,1.3379755760083878,,上升段(未見頂)
sub_12_7,2010-12,XLY,2010-11,2.5241274917810808,6.196055038986992,2.705487044351873,-2.44298241181089,,上升段(未見頂)
sub_12_7,2010-12,XLI,2010-11,1.3362243027912557,2.7856748337785175,1.6796938080140045,0.42975892848828856,,上升段(未見頂)
sub_12_7,2010-12,XLF,2010-11,-0.68680559883324,-5.517258900379618,-9.600677789141155,4.65427829993228,13.535934291581109,已見頂(下降段)
sub_12_7,2011-02,XLI,2011-01,1.5624516032083369,3.6831094544144127,2.4847771725675427,-1.1731034936199647,,上升段(未見頂)
sub_12_7,2011-02,XLY,2011-01,-2.877773769356873,-2.843096760650188,1.1868758376274435,2.3035822274646733,,上升段(未見頂)
sub_12_7,2011-02,XLB,2011-01,-2.200612560534887,2.003143960286091,4.740418667479718,-1.2417554726352975,,上升段(未見頂)
sub_12_7,2011-03,XLU,2011-02,-2.168833144304849,-6.484172639094887,-16.61632267113132,0.956063437827015,5.946611909650924,已見頂(下降段)
sub_12_7,2011-03,XLY,2011-02,2.439343697484908,-2.9234420520486415,3.0914749083605253,-0.43652859481746464,,上升段(未見頂)
sub_12_7,2011-03,XLB,2011-02,-0.7927591627366559,0.0730024251421435,2.3372538898563278,1.7919229331398556,,上升段(未見頂)
sub_12_7,2011-04,XLU,2011-03,0.2191651000372552,-3.025154247386075,-11.511334831142616,0.7779015025015878,6.965092402464066,已見頂(下降段)
sub_12_7,2011-04,XLY,2011-03,-0.5934152398387571,-1.0990258235826111,0.5726170343396175,0.8707090847629884,,上升段(未見頂)
sub_12_7,2011-04,XLP,2011-03,1.2336487176680677,-3.0551235503431196,-7.180737451689567,2.730552910998796,28.28747433264887,已見頂(下降段)
sub_12_7,2011-05,XLU,2011-04,1.1191191440311776,-0.8571745292689781,-8.098530703377838,3.7340016917868257,7.917864476386037,已見頂(下降段)
sub_12_7,2011-05,XLP,2011-04,2.382424263258165,3.0793941178158146,-4.391138645808468,3.9879314951860034,29.240246406570844,已見頂(下降段)
sub_12_7,2011-05,XLB,2011-04,-0.7504910930808295,0.17778471574705357,2.184489959828939,-1.6672605531589224,,上升段(未見頂)
sub_12_7,2011-06,XLE,2011-05,-3.1006709115397935,-3.188735328037706,7.812733832538088,-0.5763382827235319,,上升段(未見頂)
sub_12_7,2011-06,XLB,2011-05,-1.6372915907918562,-0.6750097682963307,-0.6025001166549915,1.388888484569839,,上升段(未見頂)
sub_12_7,2011-06,XLY,2011-05,0.8598502841160371,1.1821967907532427,-1.7758060994142455,1.6653531454607018,,上升段(未見頂)
sub_12_7,2011-07,XLB,2011-06,1.3071764562375465,-1.0993704108665625,-2.371133277373516,-0.7550711573063862,,上升段(未見頂)
sub_12_7,2011-07,XLE,2011-06,-0.23915062184487468,-5.193299834809551,4.96414692310212,4.41750333069264,,上升段(未見頂)
sub_12_7,2011-07,XLY,2011-06,1.4945384646900317,3.3074457682865877,2.1720702616095044,0.4747351577809922,,上升段(未見頂)
sub_12_7,2011-08,XLE,2011-07,3.5309312883780253,0.08086005348293401,3.7534796610326326,-5.0976849623400655,,上升段(未見頂)
sub_12_7,2011-08,XLB,2011-07,-1.4836440169641474,-1.8299461744723744,-1.6554148233299482,-2.2485661423541137,,上升段(未見頂)
sub_12_7,2011-08,XLI,2011-07,-4.973395931610836,-5.467929515897108,-4.781021299652122,-1.172901483171207,,上升段(未見頂)
sub_12_7,2011-09,XLE,2011-08,-4.992779390399349,-1.8733727122143273,-5.0023711427518265,-8.000892935137305,,上升段(未見頂)
sub_12_7,2011-09,XLI,2011-08,-1.139488327551219,-4.965681044904358,-4.622541920757561,-2.593689035869917,,上升段(未見頂)
sub_12_7,2011-09,XLY,2011-08,0.2662651691739626,2.3958947776102413,3.6064157595341984,0.02414713138289004,,上升段(未見頂)
sub_12_7,2011-10,XLE,2011-09,-8.03946502951176,-9.545907071933591,-14.243459330545349,7.321389208729001,,上升段(未見頂)
sub_12_7,2011-10,XLB,2011-09,-10.248854441261301,-13.0090773079651,-13.965429772181137,5.539181601914955,5.848049281314168,已見頂(下降段)
sub_12_7,2011-10,XLI,2011-09,-2.544572918504928,-8.446681155835535,-9.066478379150622,3.2433550459966654,,上升段(未見頂)
sub_12_7,2011-11,XLE,2011-10,7.41766904921799,-6.150097392343579,-6.07421031090134,3.2131472267033834,,上升段(未見頂)
sub_12_7,2011-11,XLI,2011-10,3.1185842614980475,-0.6504681903886866,-6.082830564112007,1.7014376706884438,,上升段(未見頂)
sub_12_7,2011-11,XLB,2011-10,5.789817799934438,-6.586538143745024,-8.295954215425782,1.4353437402189861,6.86652977412731,已見頂(下降段)
sub_12_7,2011-12,XLE,2011-11,2.0788722629498713,0.8354118635185204,-1.0536112265815634,-2.67014971202717,,上升段(未見頂)
sub_12_7,2011-12,XLV,2011-11,1.3654820009886937,-0.7895930769960091,1.2794169885537388,1.44879870317689,,上升段(未見頂)
sub_12_7,2011-12,XLI,2011-11,1.820129499675427,2.3237895844908207,-2.7572834393340573,-0.18868767010475906,,上升段(未見頂)
sub_12_7,2012-01,XLV,2011-12,1.900264341865321,-1.5018803505666534,2.6163333701106906,-1.2380566186352304,,上升段(未見頂)
sub_12_7,2012-01,XLE,2011-12,-3.055261460685843,6.300628217854309,-3.846730968703682,-2.5117804952660805,,上升段(未見頂)
sub_12_7,2012-01,XLU,2011-12,2.2628807129434936,-3.0460328849168716,14.121817013619054,-7.470553683149506,,上升段(未見頂)
sub_12_7,2012-02,XLV,2012-01,-1.3739471209037069,1.8725208530506965,3.2805591827784086,-2.959250183210993,,上升段(未見頂)
sub_12_7,2012-02,XLP,2012-01,-5.784998005538144,-1.1194328412124532,2.79366303171813,-0.40536032508708963,,上升段(未見頂)
sub_12_7,2012-02,XLY,2012-01,1.2012291756048787,1.1471964054304395,2.399529898803343,0.8188635273159051,,上升段(未見頂)
sub_12_7,2012-03,XLU,2012-02,-3.5796363542793808,-9.172438624689994,-7.263769833878508,-1.57300085660097,,上升段(未見頂)
sub_12_7,2012-03,XLP,2012-02,-0.5693450348323692,-4.721737327728414,-3.598098023746865,0.16486519108973585,,上升段(未見頂)
sub_12_7,2012-03,XLV,2012-02,-3.142641746726127,-2.658152917066936,-3.426757402653824,1.5165180245568122,,上升段(未見頂)
sub_12_7,2012-04,XLU,2012-03,-1.799526466845891,-12.780576151047773,-15.437308483521884,2.51700663850154,5.880903490759754,已見頂(下降段)
sub_12_7,2012-04,XLP,2012-03,-0.11186395749542832,-6.426199023541457,-7.336994879436942,0.8977727650333778,,上升段(未見頂)
sub_12_7,2012-04,XLV,2012-03,1.2214348755116955,-3.3066155539007047,-4.758834495194542,0.15234537186247232,,上升段(未見頂)
sub_12_7,2012-05,XLU,2012-04,2.4533536830446234,-2.991782158993739,-7.29798212029642,7.117295359112264,6.899383983572895,已見頂(下降段)
sub_12_7,2012-05,XLP,2012-04,0.9674489762952154,0.28029268803653196,-0.8422778415773102,5.318919857066717,,上升段(未見頂)
sub_12_7,2012-05,XLK,2012-04,-0.4628153129467627,3.4573842447484626,2.548764159762329,-0.460488554267402,,上升段(未見頂)
sub_12_7,2012-06,XLU,2012-05,6.9860284831443575,7.638299261875825,-2.234757674579879,-0.7684370308760347,7.917864476386037,已見頂(下降段)
sub_12_7,2012-06,XLP,2012-05,5.144229018438629,6.042689391120759,1.0356321428131254,-1.8003564331938282,,上升段(未見頂)
sub_12_7,2012-06,XLK,2012-05,-0.3537098033688624,0.43221193769626964,3.319961486156209,-0.6476739298245215,,上升段(未見頂)
sub_12_7,2012-07,XLU,2012-06,0.05095025177070944,9.666621118677664,-4.349404905675969,0.7716821931703644,8.870636550308008,已見頂(下降段)
sub_12_7,2012-07,XLP,2012-06,-0.40227901599722005,5.734380566235853,-1.0603211652592148,1.7230940265638317,,上升段(未見頂)
sub_12_7,2012-07,XLK,2012-06,-0.7634043737588914,-1.5720715755965342,3.840212743657645,0.594810750398933,,上升段(未見頂)
sub_12_7,2012-08,XLU,2012-07,1.3156483664028773,8.448815225365047,5.204262919812486,-6.18711588230807,9.921971252566735,已見頂(下降段)
sub_12_7,2012-08,XLV,2012-07,-0.1811262594940688,3.9728562602336037,2.347578798480643,-1.194998229451394,,上升段(未見頂)
sub_12_7,2012-08,XLI,2012-07,-0.7812456303410653,-1.7686529011417762,-5.73550560378826,-0.9924199884482343,,上升段(未見頂)
sub_12_7,2012-09,XLK,2012-08,1.6569395697652478,1.5406555266407773,1.9795263614419412,-0.9859682854445717,,上升段(未見頂)
sub_12_7,2012-09,XLI,2012-08,-0.9456303716858905,-2.3682950628064026,-5.2170356139992435,-1.0341294419852654,,上升段(未見頂)
sub_12_7,2012-09,XLY,2012-08,2.059641209780305,-1.7315573291307729,2.0708731098464384,0.5353824937067486,,上升段(未見頂)
sub_12_7,2012-10,XLF,2012-09,0.7106314712596706,0.5494114522929472,-3.6441813518239052,3.387170946469076,35.48254620123203,已見頂(下降段)
sub_12_7,2012-10,XLY,2012-09,0.5322011666770488,0.8473015452080013,1.14005988525967,0.578970422308489,,上升段(未見頂)
sub_12_7,2012-10,XLI,2012-09,-1.3822043493678327,-3.0779258132834553,-4.456053168281748,1.6318665332726967,,上升段(未見頂)
sub_12_7,2012-11,XLY,2012-10,0.2862525340844524,2.896506936955867,-0.396207015480321,2.6042884581316095,,上升段(未見頂)
sub_12_7,2012-11,XLK,2012-10,-4.621717225785183,-3.9890865151805954,-4.438123692225259,0.32523704846720847,,上升段(未見頂)
sub_12_7,2012-11,XLF,2012-10,3.8789003582551995,5.54113460079666,1.8092978857877418,-1.5028432413141557,36.56673511293634,已見頂(下降段)
sub_12_7,2012-12,XLY,2012-11,2.5884534935312953,3.429655360547579,1.638711582657315,-0.64485405458512,,上升段(未見頂)
sub_12_7,2012-12,XLF,2012-11,-1.4383475452152905,3.1123390765831704,3.878385992553124,4.589402747223148,37.5523613963039,已見頂(下降段)
sub_12_7,2012-12,XLK,2012-11,0.3327048344320849,-5.23977325772621,-3.779844587364045,-0.8378009079039739,,上升段(未見頂)
sub_12_7,2013-01,XLK,2012-12,-1.2734505391606032,-5.523025341363685,-4.2743871600195105,-3.716572031617571,,上升段(未見頂)
sub_12_7,2013-01,XLF,2012-12,3.7224767703107897,6.196009680024872,6.77946271908505,0.17028032247796698,38.57084188911704,已見頂(下降段)
sub_12_7,2013-01,XLY,2012-12,-0.4386020888824338,2.4308724334838328,3.2987707983827663,0.6101077747726835,,上升段(未見頂)
sub_12_7,2013-02,XLP,2013-01,0.5000712333785629,-1.2259134716222642,-4.254086508267396,1.809287633733736,,上升段(未見頂)
sub_12_7,2013-02,XLU,2013-01,-0.3475188114086203,-6.006828894426719,-10.425814043532622,1.315592539210786,15.967145790554415,已見頂(下降段)
sub_12_7,2013-02,XLK,2013-01,-3.056205500311293,-3.9723074282982718,-7.802935163515102,-0.8316381435251707,,上升段(未見頂)
sub_12_7,2013-03,XLV,2013-02,-0.017181622318362955,1.0696560881537254,3.945408621302615,2.400211285257381,,上升段(未見頂)
sub_12_7,2013-03,XLP,2013-02,2.0074506742621567,-0.5002924080030668,0.5947975228460578,1.2453087599101353,,上升段(未見頂)
sub_12_7,2013-03,XLY,2013-02,0.31594032708233133,0.39974567911482684,3.843110938774741,1.2688409827291247,,上升段(未見頂)
sub_12_7,2013-04,XLV,2013-03,2.325977920060529,4.720881439432345,5.0579393075284695,0.316349278923167,,上升段(未見頂)
sub_12_7,2013-04,XLP,2013-03,1.0880012059170552,3.6329528864936567,2.4671139584231394,1.1698831169321355,,上升段(未見頂)
sub_12_7,2013-04,XLU,2013-03,1.5143088370793034,2.2081289363922396,-0.43328324684259734,4.055836168268745,17.806981519507186,已見頂(下降段)
sub_12_7,2013-05,XLV,2013-04,1.061668865348575,3.3945730509454375,4.475483343227982,0.26538021448989646,,上升段(未見頂)
sub_12_7,2013-05,XLU,2013-04,3.9617181507796584,6.627878869314441,0.22292463187814082,-11.719662834337264,18.8911704312115,已見頂(下降段)
sub_12_7,2013-05,XLP,2013-04,1.0014218225115723,4.149932042285331,2.873143994693539,-4.634032282549272,,上升段(未見頂)
sub_12_7,2013-06,XLF,2013-05,3.6490699614967204,4.508882176773787,9.276216357969492,-0.21240278880317875,,上升段(未見頂)
sub_12_7,2013-06,XLE,2013-05,0.4768837744681953,-3.88564483356435,-1.6701568486169216,-0.9723979467114341,26.053388090349078,已見頂(下降段)
sub_12_7,2013-06,XLV,2013-05,-0.6965603133226583,2.6920116425346974,3.790462997116606,0.19248658055273093,,上升段(未見頂)
sub_12_7,2013-07,XLF,2013-06,-0.23932258258146932,4.1818364158215715,5.102285530881501,0.1504799891698605,,上升段(未見頂)
sub_12_7,2013-07,XLY,2013-06,2.1845125179358327,3.7116931783046425,5.16810571604549,0.04804393663233597,,上升段(未見頂)
sub_12_7,2013-07,XLE,2013-06,-0.9449461590125052,-3.6291701654131203,-2.720147170230469,0.043939849981300405,26.973305954825463,已見頂(下降段)
sub_12_7,2013-08,XLF,2013-07,0.17055016898908093,3.5773649351201975,4.366890389980815,-2.0838478434301977,,上升段(未見頂)
sub_12_7,2013-08,XLY,2013-07,0.09344042211707482,2.6837180927239412,4.7171924970764945,0.2441361138146192,,上升段(未見頂)
sub_12_7,2013-08,XLB,2013-07,0.367438446817725,-2.89890107993368,-7.761451500207961,3.4872335200304305,27.860369609856264,已見頂(下降段)
sub_12_7,2013-09,XLF,2013-08,-2.190874057943193,-2.258538977253577,2.148508338119348,-0.48471109162329107,,上升段(未見頂)
sub_12_7,2013-09,XLI,2013-08,0.535260861918263,1.0297199990124684,-0.44378963642869307,2.5644860796120827,,上升段(未見頂)
sub_12_7,2013-09,XLV,2013-08,-0.5450932866299607,2.104562098354057,4.853228797600817,-0.006857088580480841,,上升段(未見頂)
sub_12_7,2013-10,XLF,2013-09,-0.33258648298643,-2.349915159956495,1.7336516479651065,-1.5270775653627444,,上升段(未見頂)
sub_12_7,2013-10,XLI,2013-09,2.619303066679768,3.8967607276807037,3.587509525870547,0.3576218330523018,,上升段(未見頂)
sub_12_7,2013-10,XLV,2013-09,0.04138401020703508,1.3831510916286316,2.5122099008489718,-0.22282558034847355,,上升段(未見頂)
sub_12_7,2013-11,XLY,2013-10,-0.04345539394312592,2.305394948537076,5.050983342603654,-0.039359887808365634,,上升段(未見頂)
sub_12_7,2013-11,XLV,2013-10,-0.30725430084662664,-0.8096407972066011,1.1236385411367955,1.5628271170005092,,上升段(未見頂)
sub_12_7,2013-11,XLF,2013-10,-1.2574649942688532,-3.741998977103933,-0.2984990012632194,1.689404491069313,,上升段(未見頂)
sub_12_7,2013-12,XLF,2013-11,1.4180664628008932,-0.19029153680688582,-2.444532705531255,-0.2293552041441771,,上升段(未見頂)
sub_12_7,2013-12,XLV,2013-11,1.7042784508734643,1.433747668951213,3.5684838773320404,-1.608415914165584,,上升段(未見頂)
sub_12_7,2013-12,XLY,2013-11,0.4758062960865894,2.630570957105327,5.135825940048133,0.06130914104527374,,上升段(未見頂)
sub_12_7,2014-01,XLV,2013-12,-1.8069286612262592,-0.4402895905529336,0.9367716307976393,4.694928364604145,,上升段(未見頂)
sub_12_7,2014-01,XLY,2013-12,-0.30163038343045123,0.12921027719028366,2.5778777647387674,-2.640339994641283,,上升段(未見頂)
sub_12_7,2014-01,XLF,2013-12,-0.33632520618624984,-0.1940355977735564,-2.539391085802256,-0.30801755459067826,,上升段(未見頂)
sub_12_7,2014-02,XLV,2014-01,4.625890159342694,4.486271819908727,3.640308335774556,0.8098746559865866,,上升段(未見頂)
sub_12_7,2014-02,XLY,2014-01,-2.565872418810111,-2.397563989418039,-0.14744235998095379,1.6640508021211309,,上升段(未見頂)
sub_12_7,2014-02,XLF,2014-01,-0.1396644515847867,0.935803343118935,-2.84121338551222,-1.5670849224552308,,上升段(未見頂)
sub_12_7,2014-03,XLV,2014-02,1.5945097818133913,4.373500566157973,5.869953197528055,-1.710883183021461,,上升段(未見頂)
sub_12_7,2014-03,XLY,2014-02,1.76716768546743,-1.1431324797851694,1.4573675663057006,-3.637511458464726,,上升段(未見頂)
sub_12_7,2014-03,XLF,2014-02,-1.4468232751773336,-1.9154632731535615,-2.1021098454609866,2.515230889100306,,上升段(未見頂)
sub_12_7,2014-04,XLY,2014-03,-3.6661827474949393,-4.4792864068587175,-4.355863828050888,-1.8450169985039233,,上升段(未見頂)
sub_12_7,2014-04,XLI,2014-03,0.12595289797812104,-1.113850036471331,1.2605121440645295,0.4985005759684302,,上升段(未見頂)
sub_12_7,2014-04,XLV,2014-03,-2.070169918045761,4.093690482889545,3.635376799270995,-1.1722048279007247,,上升段(未見頂)
sub_12_7,2014-05,XLI,2014-04,0.6380197772996921,0.28867090813629037,1.7788749482137378,-0.43676159925665203,,上升段(未見頂)
sub_12_7,2014-05,XLY,2014-04,-2.040691314159071,-3.9644188227044963,-6.26693333403966,0.4281809324383934,,上升段(未見頂)
sub_12_7,2014-05,XLV,2014-04,-1.318583988458777,-1.8205459559344828,2.584051223784667,0.203634074090564,,上升段(未見頂)
sub_12_7,2014-06,XLY,2014-05,0.5488705779377101,-5.114100723352921,-6.198772256720508,-0.1596357926768377,,上升段(未見頂)
sub_12_7,2014-06,XLI,2014-05,-0.38814411119068026,0.3736637343929594,0.7018870391221732,-1.640997764073493,,上升段(未見頂)
sub_12_7,2014-06,XLV,2014-05,0.5401971400162964,-2.8394183318699584,1.4099002574680997,0.43865261390796384,,上升段(未見頂)
sub_12_7,2014-07,XLI,2014-06,-1.5574509406664383,-1.3139048323847602,-2.4131199394013647,-2.616339790286193,,上升段(未見頂)
sub_12_7,2014-07,XLB,2014-06,-0.4408711489046757,0.3082297738296935,1.2934048105011975,-0.45867728215818193,38.83367556468173,已見頂(下降段)
sub_12_7,2014-07,XLY,2014-06,-0.12328735101230226,-1.6244558060629077,-6.030978184815217,0.04682830246304226,,上升段(未見頂)
sub_12_7,2014-08,XLI,2014-07,-2.819197698568643,-4.7040678502350275,-4.428976217481361,0.3520581193186212,,上升段(未見頂)
sub_12_7,2014-08,XLK,2014-07,3.080023390170905,4.328336581744807,3.3256922203950934,-0.5885971616436558,,上升段(未見頂)
sub_12_7,2014-08,XLV,2014-07,1.4953179146249163,2.1006673802743903,0.24187780930067238,0.9312126284562572,,上升段(未見頂)
sub_12_7,2014-09,XLV,2014-08,0.8628406025668944,2.4283185465678203,-0.4800499072695863,2.196128003087705,,上升段(未見頂)
sub_12_7,2014-09,XLI,2014-08,0.26842228055294903,-4.07594877985793,-3.7175153878877265,-0.013812258281187262,,上升段(未見頂)
sub_12_7,2014-09,XLB,2014-08,-0.07886493808075823,-1.1754561035007827,-0.4355097544308517,0.1025959078893579,40.80492813141684,已見頂(下降段)
sub_12_7,2014-10,XLV,2014-09,1.8400214209014054,4.25471017348289,3.4936325404523183,2.4476335020978013,,上升段(未見頂)
sub_12_7,2014-10,XLK,2014-09,0.8746384516712169,3.3171255128782606,4.132082053887665,-0.5919202697578729,,上升段(未見頂)
sub_12_7,2014-10,XLI,2014-09,0.23645586922653727,-2.3279362551861027,-3.611254220619131,1.7064091633007372,,上升段(未見頂)
sub_12_7,2014-11,XLU,2014-10,5.544690066640379,6.001641502963251,-0.9423883007734002,-1.3619028332119143,36.92813141683778,已見頂(下降段)
sub_12_7,2014-11,XLV,2014-10,2.835499232337524,5.6313275163200505,7.8502903568062,0.735121972382835,,上升段(未見頂)
sub_12_7,2014-11,XLI,2014-10,1.4857589015327077,1.9987824537163634,-2.799309479320067,0.385713297348933,,上升段(未見頂)
sub_12_7,2014-12,XLU,2014-11,-1.539281886974031,3.400191411864628,0.8936074827087026,4.216887771056199,37.84804928131417,已見頂(下降段)
sub_12_7,2014-12,XLB,2014-11,-1.1454637619752739,-5.762036618228694,-6.869762510614552,-0.7947475582537833,43.794661190965094,已見頂(下降段)
sub_12_7,2014-12,XLE,2014-11,-11.13494129883117,-21.656789944191633,-22.096024623776334,-0.7574883435138569,43.9917864476386,已見頂(下降段)
sub_12_7,2015-01,XLU,2014-12,3.8305641767058862,7.9007843517343135,2.373744807012801,4.40975762356911,,上升段(未見頂)
sub_12_7,2015-01,XLE,2014-12,0.04293420431893402,-16.209501660579694,-24.610058833409354,0.20927937683866693,45.07597535934291,已見頂(下降段)
sub_12_7,2015-01,XLV,2014-12,-1.1526118137140773,2.3737353287668794,6.729441060774355,4.0714474429667575,,上升段(未見頂)
sub_12_7,2015-02,XLE,2015-01,-1.6462391802478993,-12.560347304811504,-24.220631854996853,-2.2517388816196915,46.06160164271047,已見頂(下降段)
sub_12_7,2015-02,XLK,2015-01,-0.5602926284692833,-0.5195449567315547,-1.022371110942677,2.628331286040475,,上升段(未見頂)
sub_12_7,2015-02,XLB,2015-01,1.1653770929754392,-0.29742441769921024,-5.028559561141755,2.5332701938386215,45.86447638603696,已見頂(下降段)
sub_12_7,2015-03,XLE,2015-02,-0.9728083873393745,-2.5612162018744167,-23.663328933209506,1.0101458375577077,46.98151950718686,已見頂(下降段)
sub_12_7,2015-03,XLK,2015-02,2.2481389511208594,-0.2850095718763046,1.8536607022535456,-2.0320278818409476,,上升段(未見頂)
sub_12_7,2015-03,XLU,2015-02,-11.375903325250835,-2.9624244501596064,0.3370388599677199,0.4261582860439539,,上升段(未見頂)
sub_12_7,2015-04,XLK,2015-03,-1.894726154807036,-0.2512173920267813,-0.9425815179771257,1.8203177078148336,,上升段(未見頂)
sub_12_7,2015-04,XLV,2015-03,2.2464776634169903,5.392810383970459,7.894556758035054,-1.9134349358844505,,上升段(未見頂)
sub_12_7,2015-04,XLP,2015-03,-0.37804809533439343,0.24757534274364446,3.463927716217663,-1.8073239667928842,,上升段(未見頂)
sub_12_7,2015-05,XLV,2015-04,-2.052793794815888,-1.1162810828477032,2.765781058930372,3.17761297375172,,上升段(未見頂)
sub_12_7,2015-05,XLK,2015-04,1.7503718334327178,2.0666290013569233,1.5363469778744587,0.6077133156262127,,上升段(未見頂)
sub_12_7,2015-05,XLF,2015-04,-0.8917218493807999,0.26189259513642593,-2.1964500862302727,0.7243857548532961,,上升段(未見頂)
sub_12_7,2015-06,XLV,2015-05,3.1777676604032523,3.3300253531037605,5.282057649702487,1.5745406614706692,,上升段(未見頂)
sub_12_7,2015-06,XLK,2015-05,0.562465972573789,0.3839484138772331,0.09784455227030975,-2.300686675905761,,上升段(未見頂)
sub_12_7,2015-06,XLP,2015-05,-0.41202515691932673,-2.500425398921202,-2.5589480416124077,0.13302299507648163,,上升段(未見頂)
sub_12_7,2015-07,XLV,2015-06,1.6731884284954424,2.750660737981181,8.29180903985729,0.6948718111865704,,上升段(未見頂)
sub_12_7,2015-07,XLP,2015-06,0.20086641122740723,-1.933844268547602,-1.6910566473799404,3.652412235843827,,上升段(未見頂)
sub_12_7,2015-07,XLF,2015-06,1.6027133277088268,1.3550070732597064,-1.6836197935582886,0.5031823154224346,,上升段(未見頂)
sub_12_7,2015-08,XLU,2015-07,3.758466360026236,-1.069386080684287,-13.082768123099642,3.585348013784484,6.012320328542095,已見頂(下降段)
sub_12_7,2015-08,XLV,2015-07,0.6830242484120896,5.620646748727531,4.441623449490084,-2.234356248828051,,上升段(未見頂)
sub_12_7,2015-08,XLP,2015-07,3.358523304310923,3.139417326974314,-0.4348774983583992,0.4260166661938847,,上升段(未見頂)
sub_12_7,2015-09,XLV,2015-08,-1.9908427135546303,0.32966223851391696,3.6706654277397943,-2.9060019738728293,,上升段(未見頂)
sub_12_7,2015-09,XLP,2015-08,0.14052822357784045,3.711675511723289,1.1184424355814127,2.511472979416207,,上升段(未見頂)
sub_12_7,2015-09,XLY,2015-08,-0.465400443261188,4.790328512530695,4.89072124742862,1.7121666683095338,,上升段(未見頂)
sub_12_7,2015-10,XLV,2015-09,-3.2337356161766917,-4.512420906918557,-1.8858815591564326,-0.3812851480029744,,上升段(未見頂)
sub_12_7,2015-10,XLY,2015-09,2.016098217501483,4.154079287192558,5.835986990893627,0.9126225082128014,,上升段(未見頂)
sub_12_7,2015-10,XLP,2015-09,3.0185094720486694,6.628042338657325,4.566022053226693,-2.758110116941137,,上升段(未見頂)
sub_12_7,2015-11,XLY,2015-10,0.4883002681446147,2.0371413568612606,7.455680747663718,-0.5868375934387271,,上升段(未見頂)
sub_12_7,2015-11,XLV,2015-10,-0.7284614894124797,-5.851071161372023,-0.5592924536418797,-0.9139389133963949,,上升段(未見頂)
sub_12_7,2015-11,XLK,2015-10,1.8434926296082343,3.7086979299445044,2.6662817259047955,0.3998857948272816,,上升段(未見頂)
sub_12_7,2015-12,XLV,2015-11,-0.6854057062425256,-4.597050625867061,-4.28254312735199,3.1297062530628805,,上升段(未見頂)
sub_12_7,2015-12,XLY,2015-11,-0.5979631109528816,1.901245741445723,6.78265017082218,-1.3719638196618034,,上升段(未見頂)
sub_12_7,2015-12,XLB,2015-11,0.6260448924121365,-0.06707859152347284,-8.575234612686645,-2.240368940873505,55.85215605749487,已見頂(下降段)
sub_12_7,2016-01,XLV,2015-12,3.511815280914621,2.053463939655664,-2.551617903391945,-2.7416274261602314,,上升段(未見頂)
sub_12_7,2016-01,XLY,2015-12,-1.134477450973248,-1.2457829239299945,2.8565455528561934,-0.0672826611841093,,上升段(未見頂)
sub_12_7,2016-01,XLK,2015-12,-0.3591021228367852,1.8262903209305348,4.290795787429658,1.6164688984668718,,上升段(未見頂)
sub_12_7,2016-02,XLY,2016-01,-0.2136682564277903,-1.9356378808872865,0.06207179618333836,0.6255671509998839,,上升段(未見頂)
sub_12_7,2016-02,XLV,2016-01,-2.8839443292346667,-0.16242284488207082,-6.003990530017711,-0.40959055807694433,,上升段(未見頂)
sub_12_7,2016-02,XLF,2016-01,-4.078816441018529,-3.15400490386174,-6.380343449752457,-3.0457715565415655,,上升段(未見頂)
sub_12_7,2016-05,XLY,2016-04,-0.2666683769138034,0.23283859838734156,-1.7073061946116574,-1.7556632732995903,,上升段(未見頂)
sub_12_7,2016-05,XLP,2016-04,-1.8193030300265867,-3.264704291405751,5.81156955129285,-0.5865417603193368,,上升段(未見頂)
sub_12_7,2016-05,XLK,2016-04,-5.399935347736284,-4.095137130435711,-2.8334787552958485,3.2475433954821664,,上升段(未見頂)
sub_12_7,2016-06,XLY,2016-05,-1.6230130120482134,-1.9121496867877674,-2.7209163701865213,-1.267076894217345,,上升段(未見頂)
sub_12_7,2016-06,XLP,2016-05,-0.9958771211852513,-4.607853903453929,6.119298018245223,4.7763356469537,,上升段(未見頂)
sub_12_7,2016-06,XLK,2016-05,3.1351390307639893,-0.5187661731710369,-0.13017067255317594,-1.666510732047366,,上升段(未見頂)
sub_12_7,2016-07,XLP,2016-06,4.99359542265716,2.0568593276651947,6.3888006432930355,-4.74843785008262,,上升段(未見頂)
sub_12_7,2016-07,XLU,2016-06,7.2552470716224615,4.052163262487718,18.61486632446665,-5.1399790142418915,,上升段(未見頂)
sub_12_7,2016-07,XLK,2016-06,-1.719387519165605,-4.111627846286203,-1.4935814131454062,3.3470472096643222,,上升段(未見頂)
sub_12_7,2016-08,XLU,2016-07,-4.162386162431064,2.595302309754821,2.9287212390002315,-5.641616846362318,,上升段(未見頂)
sub_12_7,2016-08,XLP,2016-07,-4.306078013629245,-0.5280932395253957,-3.775556848277728,-0.9975769567710624,,上升段(未見頂)
sub_12_7,2016-08,XLK,2016-07,3.3330340879413445,4.740271212487079,0.4510134755454587,1.0581820799090647,,上升段(未見頂)
sub_12_7,2016-09,XLU,2016-08,-5.657889375292314,-3.0249241756901024,-4.819199872205216,0.879383936987832,,上升段(未見頂)
sub_12_7,2016-09,XLP,2016-08,-0.7038773131028964,-0.23471376361005047,-4.831752399745525,-1.1012882751841646,,上升段(未見頂)
sub_12_7,2016-09,XLK,2016-08,1.041484081946753,2.6140318994332556,2.0817050130120585,2.057203455772605,,上升段(未見頂)
sub_12_7,2016-10,XLU,2016-09,0.35527654267772935,-9.263548238372021,-5.586759074402448,1.9104085274660565,,上升段(未見頂)
sub_12_7,2016-10,XLP,2016-09,-1.5512589687956324,-6.453657586900407,-4.529540917286945,0.7366645698213659,,上升段(未見頂)
sub_12_7,2016-10,XLB,2016-09,-1.16689436116989,-0.1960146574282895,1.240451203016546,-0.607377134970366,65.87268993839835,已見頂(下降段)
sub_12_7,2016-11,XLU,2016-10,2.678256843140958,-2.7870130948156158,-0.2640422002836984,-9.607608143344514,,上升段(未見頂)
sub_12_7,2016-11,XLP,2016-10,0.980139811090619,-1.286073978278901,-1.8073755480697007,-8.227596894986778,,上升段(未見頂)
sub_12_7,2016-11,XLB,2016-10,-0.3669024821455147,-1.909933954443066,-3.656953819610076,3.295195844406895,66.89117043121149,已見頂(下降段)
sub_12_7,2016-12,XLU,2016-11,-8.782124488428488,-6.006320200951976,-8.849557744814119,3.075288420792477,5.125256673511293,已見頂(下降段)
sub_12_7,2016-12,XLP,2016-11,-7.608090634628606,-8.149806263257698,-8.365391309860327,0.9114206117621926,,上升段(未見頂)
sub_12_7,2016-12,XLB,2016-11,3.0281100621560197,1.4522791710957383,1.2930237238230946,-2.455555349972971,67.87679671457906,已見頂(下降段)
sub_12_7,2017-01,XLU,2016-12,2.8145563685830766,-3.702935979853217,-12.623460957495514,-0.2405398941053738,6.11088295687885,已見頂(下降段)
sub_12_7,2017-01,XLE,2016-12,-0.29055895883324245,3.1578950296727193,3.4771708475644036,-4.811642535673666,,上升段(未見頂)
sub_12_7,2017-01,XLP,2016-12,0.950123869125763,-5.816079129052709,-11.894386883980868,0.03360789983497536,10.611909650924025,已見頂(下降段)
sub_12_7,2017-02,XLB,2017-01,2.7093403794515636,3.9001921593082356,1.9157671105260121,-3.2520157695806295,,上升段(未見頂)
sub_12_7,2017-02,XLE,2017-01,-4.914488612558188,-0.8170793386554798,3.281890127121101,-6.47856690189913,,上升段(未見頂)
sub_12_7,2017-02,XLI,2017-01,0.07356641324287594,3.5146578282417407,4.271064542285985,-0.12584153664327857,,上升段(未見頂)
sub_12_7,2017-03,XLE,2017-02,-5.78680619934816,-10.677194594490413,-4.185176043427841,-1.5787849590897518,,上升段(未見頂)
sub_12_7,2017-03,XLF,2017-02,1.2966353196505631,1.463698946382408,12.887605932772495,-3.963160971190227,,上升段(未見頂)
sub_12_7,2017-03,XLB,2017-02,-3.243536049642881,-2.4245403411517263,-1.0074722644253464,0.40010340842105974,,上升段(未見頂)
sub_12_7,2017-04,XLE,2017-03,-1.6090157811081918,-11.858309050071492,-9.0748869724942,-4.349477696407245,,上升段(未見頂)
sub_12_7,2017-04,XLK,2017-03,2.098429050819961,4.474275065168376,2.1716377998345804,1.0650403838565081,,上升段(未見頂)
sub_12_7,2017-04,XLB,2017-03,0.4961765282867736,-0.1289841595027874,0.658281230687785,0.47616218077486394,,上升段(未見頂)
sub_12_7,2017-05,XLK,2017-04,1.0045349363851042,3.7229738442980054,2.1787143468926073,2.4141098248084747,,上升段(未見頂)
sub_12_7,2017-05,XLF,2017-04,-1.8173492784035572,-3.6048401068436653,6.191119309126658,-2.5200464026769898,,上升段(未見頂)
sub_12_7,2017-05,XLU,2017-04,-0.23020073918607054,0.7907302596064314,-5.968625483304546,2.2494791367874134,10.020533880903491,已見頂(下降段)
sub_12_7,2017-06,XLF,2017-05,-2.565084336687773,-7.279701394788796,-5.922555361021697,5.656594361378708,,上升段(未見頂)
sub_12_7,2017-06,XLI,2017-05,0.3622757130045784,0.4296957957915515,-1.2072536226900632,0.6763036900651054,,上升段(未見頂)
sub_12_7,2017-06,XLE,2017-05,-4.880123028698979,-10.06151189141452,-19.664419282110813,-0.6692534628826685,5.552361396303901,已見頂(下降段)
sub_12_7,2017-07,XLF,2017-06,5.838648386211198,1.2496781992175077,-2.08919185591363,-0.07194326288815223,,上升段(未見頂)
sub_12_7,2017-07,XLK,2017-06,-3.4274865612217043,-0.012005707020001921,4.4617321897927775,2.663830598353867,,上升段(未見頂)
sub_12_7,2017-07,XLI,2017-06,0.709283937553784,2.0497371144691634,1.200637332375254,-1.9587965372705463,,上升段(未見頂)
sub_12_7,2017-08,XLF,2017-07,-0.3458296734511923,2.7671651011319742,-0.9374268830998789,-2.284078638351983,,上升段(未見頂)
sub_12_7,2017-08,XLI,2017-07,-1.7263133942217346,-0.6707270167139012,-0.6195134843242189,0.16517426087643283,,上升段(未見頂)
sub_12_7,2017-08,XLE,2017-07,0.5518772328446664,-5.06718015142833,-15.432710615204147,-5.571422043780427,7.5564681724846,已見頂(下降段)
sub_12_7,2017-09,XLF,2017-08,-1.8408013578519289,3.5310853853467883,-4.005668481490288,2.8591148594082627,,上升段(未見頂)
sub_12_7,2017-09,XLI,2017-08,-0.07193942185766966,-1.1004728884350778,-0.6755057783789598,1.9693252544010775,,上升段(未見頂)
sub_12_7,2017-09,XLK,2017-08,2.6221989579469973,1.4390093801234682,7.230512396925515,-1.1267217843934807,,上升段(未見頂)
sub_12_7,2017-10,XLF,2017-09,3.056464211062493,0.809560197836845,2.0693552943562565,0.8824979253892584,,上升段(未見頂)
sub_12_7,2017-10,XLI,2017-09,2.1266643993802736,0.29143709176824295,2.3471479004727014,-1.5054399288243037,,上升段(未見頂)
sub_12_7,2017-10,XLK,2017-09,-1.1734782281951683,3.8066020241909193,3.794139307684463,4.146559456137977,,上升段(未見頂)
sub_12_7,2017-11,XLF,2017-10,0.4935258751158633,1.6586472297532184,4.4717098381778175,0.5780741259675537,,上升段(未見頂)
sub_12_7,2017-11,XLI,2017-10,-1.572903580777607,0.44799670793498336,-0.22573514373301906,1.0612199859612703,,上升段(未見頂)
sub_12_7,2017-11,XLY,2017-10,-0.2306421368200806,-3.5118078310647283,-5.737576037351355,2.0116164619441657,,上升段(未見頂)
sub_12_7,2017-12,XLK,2017-11,-1.5940455292129174,1.2018069477423898,2.658110442574846,-0.1053176281602175,,上升段(未見頂)
sub_12_7,2017-12,XLU,2017-11,-0.3605116601100855,-3.586905986444755,-3.66037715021148,-8.070695305027586,17.117043121149898,已見頂(下降段)
sub_12_7,2017-12,XLP,2017-11,2.444121010341438,-4.198607931189158,-9.470527438188958,0.9000659948970036,21.61806981519507,已見頂(下降段)
sub_12_7,2018-01,XLV,2017-12,-1.74214137151405,-4.8682960341631,-5.682343921636179,0.8081646556078459,28.813141683778234,已見頂(下降段)
sub_12_7,2018-01,XLK,2017-12,-0.6590428848128993,1.7286066911177622,5.601009892603059,1.2744867304671725,,上升段(未見頂)
sub_12_7,2018-01,XLY,2017-12,1.2304464387607572,2.9660204156998438,-0.5424705936377561,3.162558951734762,,上升段(未見頂)
sub_12_7,2018-02,XLK,2018-01,1.3261581250580745,-0.9461650415997114,4.5392787532511525,3.6274767373533523,,上升段(未見頂)
sub_12_7,2018-02,XLV,2018-01,0.8704477690530066,-1.028188771866445,-3.6958065514946847,-0.8589080133364679,29.897330595482547,已見頂(下降段)
sub_12_7,2018-02,XLU,2018-01,-8.282209956104758,-15.178044682256475,-15.472435990983445,-0.1331154616954433,19.15400410677618,已見頂(下降段)
sub_12_7,2018-03,XLK,2018-02,3.3486848082624254,4.02910701104322,5.279336046776306,-1.4639070230561102,,上升段(未見頂)
sub_12_7,2018-03,XLV,2018-02,-0.891303960509493,-1.770257392898944,-5.924297931861322,-0.2724262132089317,30.817248459958932,已見頂(下降段)
sub_12_7,2018-03,XLU,2018-02,-0.2524745004869211,-15.086073885548323,-18.131856584672867,6.646863239731127,20.073921971252567,已見頂(下降段)
sub_12_7,2018-04,XLK,2018-03,-1.0207186228477383,3.6503628842708524,5.4420699924562,-0.18047872517847896,,上升段(未見頂)
sub_12_7,2018-04,XLV,2018-03,-0.1804687385110859,-0.2090316251315838,-5.0671513809782525,0.8542281740767432,31.770020533880903,已見頂(下降段)
sub_12_7,2018-04,XLI,2018-03,0.054228139588397006,-0.4370084932568963,-0.07142915435579544,-3.1488892623728115,,上升段(未見頂)
sub_12_7,2018-05,XLK,2018-04,-0.453352028409304,1.8300345842923615,0.8665543952068866,4.412301456170953,,上升段(未見頂)
sub_12_7,2018-05,XLF,2018-04,-0.9471825364473441,-1.667685397575125,0.24094788084227936,-2.7983208244867885,,上升段(未見頂)
sub_12_7,2018-05,XLB,2018-04,-0.3918887508908786,-3.499796134799349,-6.098239663269056,0.132128149380617,,上升段(未見頂)
sub_12_7,2018-06,XLF,2018-05,-3.33344260157743,-5.641384718745579,-3.477107897243814,-3.1083604190300207,,上升段(未見頂)
sub_12_7,2018-06,XLK,2018-05,4.248623468667723,2.7167491572240854,6.855316899033492,-1.1645973558657485,,上升段(未見頂)
sub_12_7,2018-06,XLB,2018-05,-0.36958306935829244,-2.193898212504375,-4.49222262765181,-0.559703011641155,,上升段(未見頂)
sub_12_7,2018-07,XLK,2018-06,-0.8334804343432922,2.9110574788614008,6.667684524880402,-0.7538777745391467,,上升段(未見頂)
sub_12_7,2018-07,XLF,2018-06,-2.3087755038000424,-6.459725798885008,-6.33056100487559,2.203147725454313,,上升段(未見頂)
sub_12_7,2018-07,XLB,2018-06,-0.29790083274392476,-1.0556601822854894,-5.629069675676046,-1.088596723529145,,上升段(未見頂)
sub_12_7,2018-08,XLK,2018-07,-1.559613650043279,1.7674071837442629,3.6297859307444336,2.407044709044759,,上升段(未見頂)
sub_12_7,2018-08,XLF,2018-07,1.359649044105815,-4.28127531048641,-5.877562504878564,-2.4430647270207384,,上升段(未見頂)
sub_12_7,2018-08,XLY,2018-07,-1.8343059946991924,0.6975763192574203,3.1174910683668733,1.9523244524925376,,上升段(未見頂)
sub_12_7,2018-09,XLF,2018-08,-1.7757214596654136,-2.7388279001460902,-8.22570480026008,-2.6788834009282447,,上升段(未見頂)
sub_12_7,2018-09,XLY,2018-08,1.8535354530068826,3.010933918915182,4.847194587184567,-0.013303655696472738,,上升段(未見頂)
sub_12_7,2018-09,XLK,2018-08,3.301583933170571,0.8429080889719609,3.582556944599369,-0.153574710598825,,上升段(未見頂)
sub_12_7,2018-10,XLY,2018-09,-0.06369861342574445,-0.0784592587270927,4.397909168763503,-3.249224743637069,,上升段(未見頂)
sub_12_7,2018-10,XLK,2018-09,-0.6101377398974206,1.070026343267827,4.012232904020729,-1.4340122947410383,,上升段(未見頂)
sub_12_7,2018-10,XLF,2018-09,-2.793386973614931,-3.2213060327552556,-9.472944294781326,2.0105386054076857,,上升段(未見頂)
sub_12_7,2018-11,XLY,2018-10,-3.4271176158906846,-1.699760803149153,-1.0140416127385254,0.9723219825197082,,上升段(未見頂)
sub_12_7,2018-11,XLE,2018-10,-4.745820962458758,-9.260129788057036,-10.658354378746381,-2.7204268619821725,,上升段(未見頂)
sub_12_7,2018-11,XLK,2018-10,-1.1756701781509116,1.4642261047410843,3.2575121258467954,-2.850088178651311,,上升段(未見頂)
sub_12_7,2018-12,XLE,2018-11,-3.3560625336841787,-6.248249455132404,-14.128959774742622,-4.027537464464192,6.4722792607802875,已見頂(下降段)
sub_12_7,2018-12,XLK,2018-11,-3.7478158065544775,-5.459790564324651,-4.66290349166032,-0.7194291747869452,,上升段(未見頂)
sub_12_7,2018-12,XLY,2018-11,0.6105269629444132,-2.899405286312251,0.024229455390534227,0.37553358448667584,,上升段(未見頂)
sub_12_7,2019-01,XLY,2018-12,0.9305308134563095,-1.93338725990303,-2.0103295973176727,0.9939685097175133,,上升段(未見頂)
sub_12_7,2019-01,XLK,2018-12,0.46970197641953426,-4.432640806632049,-3.4100448876976275,-0.6018324103383321,,上升段(未見頂)
sub_12_7,2019-01,XLE,2018-12,-3.9852536724578003,-11.61133126168824,-17.54654550530531,4.401469209098852,7.490759753593429,已見頂(下降段)
sub_12_7,2019-02,XLU,2019-01,-4.193827562450025,2.527258126584253,8.879612836675378,0.775646263349361,,上升段(未見頂)
sub_12_7,2019-02,XLE,2019-01,2.9677272106605646,-4.45374236469982,-13.301449829359967,-2.0562060902637347,8.509240246406572,已見頂(下降段)
sub_12_7,2019-02,XLK,2019-01,-0.9895713081351842,-4.252675229447423,-2.8507179055657694,3.8972623295874254,,上升段(未見頂)
sub_12_7,2019-03,XLE,2019-02,-0.9074408921375343,-2.0329321168130354,-8.154158902033458,0.29291895937764156,9.429158110882957,已見頂(下降段)
sub_12_7,2019-03,XLY,2019-02,-1.8665536101641456,0.7533824910628928,-2.1678664070214015,1.6802849432708378,,上升段(未見頂)
sub_12_7,2019-03,XLK,2019-02,3.5532350594415174,3.010080356731226,-2.614054290888812,2.992311373823986,,上升段(未見頂)
sub_12_7,2019-04,XLV,2019-03,-1.3045287578471787,-6.231163396646766,-0.9560543356730178,-6.693512225041576,,上升段(未見頂)
sub_12_7,2019-04,XLY,2019-03,1.8124203829862573,1.633724211230314,-0.33124926443459657,1.2727565068644697,,上升段(未見頂)
sub_12_7,2019-04,XLK,2019-03,2.9060335149685645,5.508014585902887,0.8312232771008787,2.877763707556835,,上升段(未見頂)
sub_12_7,2019-05,XLP,2019-04,-1.1852134997989316,-0.6587574978480948,-3.015955577958751,2.968759643214536,,上升段(未見頂)
sub_12_7,2019-05,XLV,2019-04,-6.53221458472788,-9.682245184823145,-7.55654254946535,4.325916746264125,4.960985626283367,已見頂(下降段)
sub_12_7,2019-05,XLK,2019-04,2.1901745275509255,8.896432093467933,4.2654205000769885,-2.848039706521377,,上升段(未見頂)
sub_12_7,2019-06,XLV,2019-05,4.442086356245545,-3.6537719684319403,-9.014010239517056,-0.950702739311593,5.979466119096509,已見頂(下降段)
sub_12_7,2019-06,XLP,2019-05,2.9246674608704337,3.7156401949886897,-0.5869205749469808,-2.675105928668775,,上升段(未見頂)
sub_12_7,2019-06,XLU,2019-05,5.974561258526556,3.7509698387677703,5.521945356406888,-5.366460166624698,,上升段(未見頂)
sub_12_7,2019-07,XLV,2019-06,-0.34088404090999447,-2.713064836980583,-8.775172730578118,-2.687774482271854,6.899383983572895,已見頂(下降段)
sub_12_7,2019-07,XLU,2019-06,-3.5268999078244323,-0.8638590503625476,-3.3004140053214392,-0.6788519843836882,,上升段(未見頂)
sub_12_7,2019-07,XLP,2019-06,-1.6259036744469268,0.051168483176944335,-2.0854800749258273,1.7971037651606014,,上升段(未見頂)
sub_12_7,2019-08,XLU,2019-07,-1.6216079992490307,0.5790620840876226,-0.7042079309050653,7.593579951775331,,上升段(未見頂)
sub_12_7,2019-08,XLV,2019-07,-3.084485648434254,0.8755403706277587,-8.891476779571683,1.1774234133927197,7.983572895277208,已見頂(下降段)
sub_12_7,2019-08,XLP,2019-07,0.8176812595114269,2.0791236922632406,1.4066698112028098,3.805242200718306,,上升段(未見頂)
sub_12_7,2019-09,XLU,2019-08,6.877677524200165,1.4361978521021834,5.241039039127338,0.9897965571898704,,上升段(未見頂)
sub_12_7,2019-09,XLP,2019-08,3.9104337050040794,3.056791697893013,6.886011273885706,-0.7020118095848682,,上升段(未見頂)
sub_12_7,2019-09,XLI,2019-08,-0.9893607091690071,-1.0785041590150035,-5.352995038937158,1.4341182177787681,,上升段(未見頂)
sub_12_7,2019-10,XLU,2019-09,2.2618599243680926,7.522762781554548,6.593917664066229,-2.7679618976747977,,上升段(未見頂)
sub_12_7,2019-10,XLP,2019-09,-0.19078127284851698,4.560227215237522,4.613729097509922,-2.7044447370409452,,上升段(未見頂)
sub_12_7,2019-10,XLK,2019-09,-0.36579776578807843,1.7274594532320497,3.292428728892327,1.3714055716179452,,上升段(未見頂)
sub_12_7,2019-11,XLY,2019-10,-2.041083839130431,-1.9665603128341536,-2.703202547036665,-2.290502298248054,,上升段(未見頂)
sub_12_7,2019-11,XLK,2019-10,1.6521636524481353,1.4236534736071782,2.7486147053930265,1.8911794357001632,,上升段(未見頂)
sub_12_7,2019-11,XLI,2019-10,-1.0535536362945463,-1.0084678175958706,-2.431774004018983,0.5852541888506035,,上升段(未見頂)
sub_12_7,2019-12,XLK,2019-11,1.6854795477200701,2.987381427314273,7.097314965905355,1.866845330582434,,上升段(未見頂)
sub_12_7,2019-12,XLU,2019-11,-5.295884655395911,-5.965409731101989,-4.614886965427001,0.6104457796881402,,上升段(未見頂)
sub_12_7,2019-12,XLY,2019-11,-2.2156833732309478,-4.845145189057765,-3.595717566816725,-0.016081923947508514,,上升段(未見頂)
sub_12_7,2020-01,XLK,2019-12,1.375106339647525,4.78687548773149,6.5970262740908225,3.2371170997246734,,上升段(未見頂)
sub_12_7,2020-01,XLI,2019-12,-3.0189572683471333,-3.229122186540445,-4.134260426405511,-0.5506681460376139,,上升段(未見頂)
sub_12_7,2020-01,XLY,2019-12,-0.138362850553575,-4.344078896354809,-4.494605655667694,-0.09181260708862604,,上升段(未見頂)
sub_12_7,2020-02,XLK,2020-01,4.0346171898217875,7.242798246342308,8.769564068769897,2.033023691265745,,上升段(未見頂)
sub_12_7,2020-02,XLP,2020-01,0.35807834169054864,-2.2877649376562004,-1.2718664055319295,-0.5834300434561568,,上升段(未見頂)
sub_12_7,2020-02,XLY,2020-01,-0.0393345007669077,-2.3893902954180146,-4.308961806983769,-0.033415978413176006,,上升段(未見頂)
sub_12_7,2020-03,XLP,2020-02,-0.32368540057990947,-0.4457981670015876,-5.294818305605231,8.06625024755505,,上升段(未見頂)
sub_12_7,2020-03,XLK,2020-02,0.6685415581705323,6.170282523080939,9.341993824502559,3.054673399251151,,上升段(未見頂)
sub_12_7,2020-03,XLU,2020-02,-2.1082840130358105,4.929979229794035,-1.3295239620234045,2.3593420777811125,,上升段(未見頂)
sub_12_7,2020-04,XLU,2020-03,2.84704257655799,7.515106517775605,-0.7648926233850606,-8.721470166862023,,上升段(未見頂)
sub_12_7,2020-04,XLP,2020-03,7.947497716599794,7.983372873346317,2.427285926893985,-5.712329532675531,,上升段(未見頂)
sub_12_7,2020-04,XLF,2020-03,-9.76861034549843,-15.315998433706346,-14.1500358217161,-2.2240313620377705,25.26488706365503,已見頂(下降段)
sub_12_7,2020-05,XLU,2020-04,-8.304989286059028,-7.682623320107496,-6.285681371157958,-0.9748728605249113,,上升段(未見頂)
sub_12_7,2020-05,XLP,2020-04,-5.0935817724554795,2.1174908575481988,-0.2187172935050552,-4.1393151463893885,,上升段(未見頂)
sub_12_7,2020-05,XLV,2020-04,-0.09834654458412695,11.303498131602385,10.429381826911598,-2.5936231622268435,,上升段(未見頂)
sub_12_7,2020-06,XLK,2020-05,2.3022274091475614,7.856538704901883,14.511591862610484,5.117204549019516,,上升段(未見頂)
sub_12_7,2020-06,XLF,2020-05,-1.951084956522986,-14.069681304475568,-19.584836854253428,-2.8839040155465234,27.20328542094456,已見頂(下降段)
sub_12_7,2020-06,XLB,2020-05,2.020479200402603,2.4742186099862895,-4.4804612985119725,-0.15497856760335882,31.080082135523615,已見頂(下降段)
sub_12_7,2020-07,XLK,2020-06,5.08537841657577,8.495008067285648,18.70265194741043,0.9917622226467415,,上升段(未見頂)
sub_12_7,2020-07,XLF,2020-06,-2.256263861723218,-6.915426782032885,-21.172258558118962,-2.2271967718545227,28.254620123203285,已見頂(下降段)
sub_12_7,2020-07,XLV,2020-06,-4.142541932515165,-5.5857099246095165,2.4222999156297442,-0.43714626639024257,,上升段(未見頂)
sub_12_7,2020-08,XLK,2020-07,-0.19309346090041757,7.2970982888372005,13.878868485109797,4.70594133641713,,上升段(未見頂)
sub_12_7,2020-08,XLU,2020-07,1.8019459796902781,-5.119566708550849,-12.408873002818765,-9.513110818355152,4.731006160164271,已見頂(下降段)
sub_12_7,2020-08,XLV,2020-07,-0.40897409024704956,-5.879275428154607,4.759658915274567,-4.849764530063139,,上升段(未見頂)
sub_12_7,2020-09,XLK,2020-08,4.581395535168742,9.687546010531811,18.3051905173063,-1.686612896435924,,上升段(未見頂)
sub_12_7,2020-09,XLV,2020-08,-4.106126407125976,-8.454505162153014,-0.9721137980210348,1.5902059439486638,,上升段(未見頂)
sub_12_7,2020-09,XLU,2020-08,-8.952233763603267,-13.181946788432397,-18.532672812846705,4.851667744523636,5.749486652977413,已見頂(下降段)
sub_12_7,2020-10,XLK,2020-09,-1.6526003806181855,2.654480416901883,11.374986809747867,-3.3685289760300607,,上升段(未見頂)
sub_12_7,2020-10,XLV,2020-09,1.6247515386037747,-2.946642286037837,-8.367761320033395,-0.4336953973097968,,上升段(未見頂)
sub_12_7,2020-10,XLP,2020-09,2.15008991583554,0.8470705736204343,-8.944824971873588,0.1705397795400243,6.439425051334703,已見頂(下降段)
sub_12_7,2020-11,XLK,2020-10,-2.5751529647089155,0.2044587784713947,7.516476625333812,0.7376286508770535,,上升段(未見頂)
sub_12_7,2020-11,XLV,2020-10,-1.157045767648912,-3.6756524296662096,-9.338826127699084,-3.3056916671911685,,上升段(未見頂)
sub_12_7,2020-11,XLY,2020-10,-0.24094145721071936,4.1567072853093245,8.647315359882878,-1.2874422198055235,,上升段(未見頂)
sub_12_7,2020-12,XLK,2020-11,0.4563897358872415,-3.747907428346531,5.576558325632064,2.1063234681637066,,上升段(未見頂)
sub_12_7,2020-12,XLV,2020-11,-2.642218399040508,-2.2051728411526583,-10.47324155161603,0.10156173488460318,7.359342915811088,已見頂(下降段)
sub_12_7,2020-12,XLY,2020-11,-0.7959899932358239,0.898915085998131,6.016725788118871,-0.8369372159829025,,上升段(未見頂)
sub_12_7,2021-01,XLK,2020-12,1.7711923720452827,-0.39705912680613187,2.2468814333311604,0.25532519211953764,,上升段(未見頂)
sub_12_7,2021-01,XLY,2020-12,-1.2313577923798946,-2.2536266525611026,3.390232607285837,1.727890978638269,,上升段(未見頂)
sub_12_7,2021-01,XLV,2020-12,0.0896995599046102,-3.682373431204833,-6.5205093445889535,2.2589239088426916,8.37782340862423,已見頂(下降段)
sub_12_7,2021-02,XLK,2021-01,0.18256992730589783,2.422317228575843,2.631728647263465,-1.2982045940932885,,上升段(未見頂)
sub_12_7,2021-02,XLY,2021-01,1.8024287663102934,-0.25148236939652735,3.89477152994282,-3.627704833977863,,上升段(未見頂)
sub_12_7,2021-02,XLV,2021-01,2.445573611545382,-0.1717969745455794,-3.841134744542807,-5.280163263174975,9.330595482546201,已見頂(下降段)
sub_12_7,2021-03,XLK,2021-02,-1.377164844316059,0.5528800592406347,-3.2157488019160185,-2.43162500894174,,上升段(未見頂)
sub_12_7,2021-03,XLY,2021-02,-3.2218037665182164,-2.690610867491716,-1.8158820884869753,0.4518808493817028,,上升段(未見頂)
sub_12_7,2021-03,XLB,2021-02,1.3027018356675413,-1.3065227209833163,7.386489484162007,2.7045689955396357,,上升段(未見頂)
sub_12_7,2021-04,XLY,2021-03,-0.07662071923169034,-1.5529344077859442,-3.7715637166363947,0.7948177346972285,,上升段(未見頂)
sub_12_7,2021-04,XLK,2021-03,-2.5858326838443246,-3.751986648603056,-4.134148169984364,-0.6681625580673867,,上升段(未見頂)
sub_12_7,2021-04,XLB,2021-03,2.918049810453205,2.7858151939466502,4.80177909444901,0.8280256083965432,,上升段(未見頂)
sub_12_7,2021-05,XLY,2021-04,1.1060624882283543,-2.2263487603247256,-2.4722322551077536,-4.0951305769885815,,上升段(未見頂)
sub_12_7,2021-05,XLB,2021-04,0.0851213081489055,4.347511559309636,3.0203548082159415,4.648413958387754,,上升段(未見頂)
sub_12_7,2021-05,XLK,2021-04,-0.09804774095787394,-4.021583376869142,-1.6966816552927422,-1.7667834613562916,,上升段(未見頂)
sub_12_7,2021-06,XLI,2021-05,2.4568400044445937,5.03351572193671,2.897453923732396,-4.474385530261015,,上升段(未見頂)
sub_12_7,2021-06,XLB,2021-05,4.39641468468559,7.5342107432837535,6.129251847092676,-7.419159227397898,,上升段(未見頂)
sub_12_7,2021-06,XLY,2021-05,-4.028342177477984,-3.0411831793743738,-5.649967641741515,1.2745483811114067,,上升段(未見頂)
sub_12_7,2021-07,XLI,2021-06,-4.422997909074066,-3.7082324236070607,0.9732162803442801,-1.9366220211544105,,上升段(未見頂)
sub_12_7,2021-07,XLB,2021-06,-7.341302794624949,-3.185302375707333,-0.4882238193162802,-0.926877190036679,,上升段(未見頂)
sub_12_7,2021-07,XLF,2021-06,-5.166244316184764,-0.16538799591954145,8.904742196523841,-2.9457222711366637,,上升段(未見頂)
sub_12_7,2021-08,XLF,2021-07,-2.835368596997856,-4.08858248016184,6.656026514572844,1.7394151254444212,,上升段(未見頂)
sub_12_7,2021-08,XLI,2021-07,-1.4679076274720315,-3.5122750160385685,2.8683685317466123,-1.8402852216902188,,上升段(未見頂)
sub_12_7,2021-08,XLY,2021-07,-1.3552515262580278,-4.204768023793082,-6.337503983345549,-1.4667025781874177,,上升段(未見頂)
sub_12_7,2021-09,XLE,2021-08,-4.836494217850196,-13.171081888725977,-14.120530042465873,14.302954015301218,2.759753593429158,已見頂(下降段)
sub_12_7,2021-09,XLF,2021-08,2.109123038284566,-5.911682180235134,0.29345051666842537,2.805570317792938,,上升段(未見頂)
sub_12_7,2021-09,XLB,2021-08,-1.0522664222693212,-8.641853267815957,-1.7587379618548171,-2.181326925671101,,上升段(未見頂)
sub_12_7,2021-10,XLE,2021-09,14.256458743118916,-2.6875426616780995,-0.3820651955941834,3.812510902008248,,上升段(未見頂)
sub_12_7,2021-10,XLF,2021-09,2.955789213908222,2.146508351309917,1.9775702882459,0.9300757619031153,,上升段(未見頂)
sub_12_7,2021-10,XLI,2021-09,-1.488673215229963,-4.691145546095942,-8.225419389524081,-0.4654890850370741,,上升段(未見頂)
sub_12_7,2021-11,XLE,2021-10,3.0948030654583514,12.095445075481837,7.4123233322563875,-4.029927790069465,,上升段(未見頂)
sub_12_7,2021-11,XLF,2021-10,0.24094620751617946,5.380553613800787,1.071982761249357,-5.002522908644302,,上升段(未見頂)
sub_12_7,2021-11,XLI,2021-10,-0.20510343320941926,-3.469650921789036,-6.860062255357846,-2.5833762811925953,,上升段(未見頂)
sub_12_7,2021-12,XLE,2021-11,-4.2419057134672755,12.795825567854058,-2.060604984752512,-2.7690545278554968,,上升段(未見頂)
sub_12_7,2021-12,XLF,2021-11,-4.9491503962181715,-1.9038568282181978,-7.70298904360237,-1.2122533288168258,,上升段(未見頂)
sub_12_7,2021-12,XLB,2021-11,0.25334076679839335,-1.8754456079922877,-10.355225618247854,2.4971773924279184,,上升段(未見頂)
sub_12_7,2022-01,XLE,2021-12,-1.5688737305865175,-2.8271988186327923,-5.438759305929675,23.28107006686001,,上升段(未見頂)
sub_12_7,2022-01,XLF,2021-12,-1.2047679898458563,-5.868030365714761,-3.847479776262319,4.794350342637288,,上升段(未見頂)
sub_12_7,2022-01,XLI,2021-12,0.7386421496005102,-2.261769785860268,-6.846812419383886,0.9840046174484307,,上升段(未見頂)
sub_12_7,2022-02,XLE,2022-01,25.387906746659382,18.185337869113805,32.4803804983451,12.138087468671833,,上升段(未見頂)
sub_12_7,2022-02,XLF,2022-01,5.594797885684555,-0.8404580745223766,4.494874241977209,1.0156485390962366,,上升段(未見頂)
sub_12_7,2022-02,XLI,2022-01,0.5094025824409432,-1.5619889769259654,-4.9774443337788465,1.655178072748309,,上升段(未見頂)
sub_12_7,2022-03,XLK,2022-02,-1.9843018668448842,-4.877918197250375,-0.005238750300906592,-0.6833483976461441,,上升段(未見頂)
sub_12_7,2022-03,XLV,2022-02,2.0442779980667236,4.554815336611018,-0.5318717418697161,2.0658713510721682,22.308008213552363,已見頂(下降段)
sub_12_7,2022-03,XLF,2022-02,1.6169467650642089,6.009466881067227,3.9911984072943163,-3.0004499302690224,,上升段(未見頂)
sub_12_7,2022-04,XLK,2022-03,-0.39906531311602045,-3.993546229889522,0.843227157230575,-2.109987002192537,,上升段(未見頂)
sub_12_7,2022-04,XLF,2022-03,-3.748128098115089,3.2803852879749407,-2.7801390825506256,-1.0373182035289585,,上升段(未見頂)
sub_12_7,2022-04,XLV,2022-03,1.9074139441012328,2.2536468405704335,2.2857917907520564,3.8634784580080406,23.326488706365502,已見頂(下降段)
sub_12_7,2022-05,XLE,2022-04,7.7714196386246215,25.29323139631552,48.078228852866076,17.469646544411276,,上升段(未見頂)
sub_12_7,2022-05,XLK,2022-04,-2.456074885160686,-4.773180610166062,-2.689030681400273,-0.25674762370442306,,上升段(未見頂)
sub_12_7,2022-05,XLY,2022-04,-3.4857941270010406,-3.980051677621732,-10.061433154530997,-5.069305285187486,,上升段(未見頂)
sub_12_7,2022-06,XLK,2022-05,-0.9095543538219175,-3.729013305728013,-8.425033284360383,-1.8779716436766236,,上升段(未見頂)
sub_12_7,2022-06,XLY,2022-05,-5.334026399987257,-8.046008248895454,-16.90202381085031,-2.2599226769703162,6.242299794661191,已見頂(下降段)
sub_12_7,2022-06,XLE,2022-05,15.773245269380132,31.4798863099649,79.02922187173584,-8.202188643584652,,上升段(未見頂)
sub_12_7,2022-07,XLK,2022-06,-1.1004335345987437,-4.406932754279536,-8.22448608730676,4.486548593959827,,上升段(未見頂)
sub_12_7,2022-07,XLU,2022-06,3.651730135789477,13.170578199249627,24.243745949837315,-4.072448810598894,,上升段(未見頂)
sub_12_7,2022-07,XLY,2022-06,-2.8200042376391843,-11.210415596557322,-15.63698860256052,9.616948320934139,7.227926078028747,已見頂(下降段)
sub_12_7,2022-08,XLE,2022-07,0.415931678274406,5.070204580842197,31.64585455405673,6.867178546295294,1.6098562628336757,已見頂(下降段)
sub_12_7,2022-08,XLF,2022-07,-1.8521975424217407,-2.217484339121667,-5.582775246235972,2.536551447783597,,上升段(未見頂)
sub_12_7,2022-08,XLP,2022-07,-5.501770953177488,-3.7501651287785265,7.569761701806255,1.9173713880576093,,上升段(未見頂)
sub_12_7,2022-09,XLE,2022-08,7.0189744418163835,-2.8747487170290964,27.700169965117883,2.818470877481505,,上升段(未見頂)
sub_12_7,2022-09,XLP,2022-08,2.3223501624384912,2.9091322427856614,8.345020834722149,0.5643519145365317,,上升段(未見頂)
sub_12_7,2022-09,XLF,2022-08,2.2125957452794776,-2.5395171143335893,-5.0293289419560345,1.3721371059385978,,上升段(未見頂)
sub_12_7,2022-10,XLE,2022-09,-0.3460999833389322,7.09216702519504,20.76421597138829,14.603041121274106,,上升段(未見頂)
sub_12_7,2022-10,XLU,2022-09,-2.243804035667929,-1.0769866655218951,11.951746162749677,-7.146882555016698,,上升段(未見頂)
sub_12_7,2022-10,XLB,2022-09,-0.0642924901400943,-2.2523548999308307,-2.040052201493403,0.7652686866629343,,上升段(未見頂)
sub_12_7,2022-11,XLE,2022-10,15.57208325459225,23.2559877351449,29.505318471454522,-4.469188523146306,,上升段(未見頂)
sub_12_7,2022-11,XLP,2022-10,0.8127983820677365,4.417685899099477,0.5018502542339487,0.8885694949954948,,上升段(未見頂)
sub_12_7,2022-11,XLU,2022-10,-5.72373993459917,-3.4121210635913113,0.6039700569579809,2.593049769026745,,上升段(未見頂)
sub_12_7,2022-12,XLE,2022-11,-4.055925068604438,10.500794692564085,7.324174514832649,1.2069940485018638,,上升段(未見頂)
sub_12_7,2022-12,XLU,2022-11,1.3300499288855905,-6.613328670073216,-2.047732224491172,4.356761614561022,,上升段(未見頂)
sub_12_7,2022-12,XLP,2022-11,0.5291144923034397,2.5877287230771318,5.572141416501664,3.038740249321692,,上升段(未見頂)
sub_12_7,2023-01,XLE,2022-12,2.879877965636468,14.077906345624026,22.168502002501267,-2.4420922974535353,,上升段(未見頂)
sub_12_7,2023-01,XLU,2022-12,5.5906017261752705,0.8708933654638651,-0.21547270547498387,-8.165833156576262,,上升段(未見頂)
sub_12_7,2023-01,XLP,2022-12,3.2209021539813643,4.610475882274634,2.3899288972843324,-6.6418166295182495,,上升段(未見頂)
sub_12_7,2023-02,XLE,2023-01,-3.270682137680847,-4.521249827559204,17.683276602213272,-4.005354495065239,,上升段(未見頂)
sub_12_7,2023-02,XLU,2023-01,-7.798343103838223,-1.3488284914998538,-4.714925894020972,-3.5442613278115043,,上升段(未見頂)
sub_12_7,2023-02,XLV,2023-01,-7.641158615579002,-4.595056078445503,2.0299895858921557,-2.680500709272571,,上升段(未見頂)
sub_12_7,2023-03,XLE,2023-02,-4.538562762725262,-5.001546749007613,4.974045787990566,0.33827976290921047,3.7125256673511293,已見頂(下降段)
sub_12_7,2023-03,XLU,2023-02,-3.4933438945417894,-6.04470549602042,-12.258277924503824,1.2745699147778788,5.190965092402464,已見頂(下降段)
sub_12_7,2023-03,XLP,2023-02,0.20037552700193917,-3.749055969364312,-1.2583426444506496,0.8149443543979951,,上升段(未見頂)
sub_12_7,2023-05,XLE,2023-04,1.160725263013762,-6.878132839620454,-11.08840509802903,-9.302961793400454,5.650924024640657,已見頂(下降段)
sub_12_7,2023-05,XLV,2023-04,1.5220051215237618,-2.1392499779814833,-6.636006320280607,-4.945611532408057,,上升段(未見頂)
sub_12_7,2023-05,XLI,2023-04,-2.7202710345585857,-4.019772293387803,-1.5391881616784064,-3.560318880975699,,上升段(未見頂)
sub_12_7,2023-06,XLI,2023-05,-3.5950257718993184,-9.01057355475654,-7.061789635937565,4.23361195800227,,上升段(未見頂)
sub_12_7,2023-06,XLE,2023-05,-10.445136850100223,-12.639948536678713,-17.00930235057384,0.5930364676067112,6.7351129363449695,已見頂(下降段)
sub_12_7,2023-06,XLV,2023-05,-4.708593446383336,-4.666788204325368,-10.32191694945529,-2.467780461314195,5.059548254620124,已見頂(下降段)
sub_12_7,2023-07,XLE,2023-06,0.4070461236832079,-9.036890143093457,-19.00407570948045,4.064708899654823,7.7207392197125255,已見頂(下降段)
sub_12_7,2023-07,XLI,2023-06,4.483172555755299,-2.0130711654778866,-5.670915481633143,0.10068402245557717,,上升段(未見頂)
sub_12_7,2023-07,XLF,2023-06,0.1277860989024049,-3.0894888696017087,-14.800646661262128,1.5839658081435726,5.782340862422998,已見頂(下降段)
sub_12_7,2023-08,XLE,2023-07,4.35782318381106,-6.16207910712413,-12.61637596007409,3.8585962918172623,8.739219712525667,已見頂(下降段)
sub_12_7,2023-08,XLF,2023-07,1.48380912039765,-3.153005173171275,-14.031309501936073,-1.2207414696466357,6.80082135523614,已見頂(下降段)
sub_12_7,2023-08,XLB,2023-07,0.16050595141177126,-3.1978391998803146,-9.931455290471636,-1.2197576043729064,,上升段(未見頂)
sub_12_7,2023-09,XLB,2023-08,-1.7039301308874433,2.6384399862750874,-10.717824016767253,-0.5235869974358764,,上升段(未見頂)
sub_12_7,2023-09,XLI,2023-08,-0.3640603888987126,3.7149229852371013,-5.630386437606793,-1.33533150760079,,上升段(未見頂)
sub_12_7,2023-09,XLF,2023-08,-1.0813163778694568,0.5147279973102714,-15.149515106384726,1.5306364873424405,7.819301848049282,已見頂(下降段)
sub_12_7,2023-10,XLK,2023-09,-1.821289142518978,-2.362095923498475,3.6501691075753184,1.916069409155563,,上升段(未見頂)
sub_12_7,2023-10,XLI,2023-09,-1.2640470827283812,-1.99003818318928,-3.9630484638193852,-0.8624040546616585,,上升段(未見頂)
sub_12_7,2023-10,XLB,2023-09,-0.037348077761467646,-1.582929705806324,-6.506101343554427,-1.1876520114316502,,上升段(未見頂)
sub_12_7,2023-11,XLK,2023-10,2.2689228579552134,0.5256552627521893,7.8238055951297625,3.6803620664888737,,上升段(未見頂)
sub_12_7,2023-11,XLB,2023-10,-1.0212808916566507,-2.744145872819692,-5.85423170027709,-0.06018179965858739,29.470225872689937,已見頂(下降段)
sub_12_7,2023-11,XLP,2023-10,0.8078088393721261,-1.6175584346992955,-12.269864392015894,-4.7479276240927515,10.119096509240247,已見頂(下降段)
sub_12_7,2023-12,XLK,2023-11,3.446357567084024,3.8666705346916075,2.8805437938611345,-0.9844647032174692,,上升段(未見頂)
sub_12_7,2023-12,XLY,2023-11,1.6787481193836884,-2.6111771037045317,1.5717708974630984,2.2369129449818503,,上升段(未見頂)
sub_12_7,2023-12,XLI,2023-11,-0.2744246536040884,-2.348270357902449,1.2794161920534064,2.236304162925551,,上升段(未見頂)
sub_12_7,2024-01,XLK,2023-12,-0.3661384395233891,5.406125038894327,2.916331256232918,1.8938812593402687,,上升段(未見頂)
sub_12_7,2024-01,XLY,2023-12,1.498219134237444,-0.3269619378193811,-2.1882229003820863,-6.304456629303779,,上升段(未見頂)
sub_12_7,2024-01,XLI,2023-12,2.3908492991924435,1.2664914670657446,-0.7487503799049722,-2.314276243957014,,上升段(未見頂)
sub_12_7,2024-02,XLK,2024-01,1.0915596371876557,4.192645015869267,4.740339137795879,-0.46961661128057663,,上升段(未見頂)
sub_12_7,2024-02,XLY,2024-01,-5.911004913633045,-2.898163721026248,-7.1072773014097095,2.2723103601432815,,上升段(未見頂)
sub_12_7,2024-02,XLI,2024-01,-2.5175461692010126,-0.4607993928933407,-2.8856161968342176,1.4544189189863,,上升段(未見頂)
sub_12_7,2024-03,XLK,2024-02,-0.4886060833425021,0.22929357052368093,4.104830132144666,-2.4929971983064236,,上升段(未見頂)
sub_12_7,2024-03,XLY,2024-02,2.5412804700633007,-2.074456932242086,-4.631466291505692,-3.106561056974022,,上升段(未見頂)
sub_12_7,2024-03,XLE,2024-02,-1.8491959487522802,-8.009085272372374,-13.32745410326054,6.784774429114981,5.092402464065708,已見頂(下降段)
sub_12_7,2024-04,XLE,2024-03,6.987685121977516,2.832929330940348,-13.742615452492647,2.9128393383080486,6.012320328542095,已見頂(下降段)
sub_12_7,2024-04,XLK,2024-03,-2.4022133364203557,-1.8189493197590445,3.4888410445149898,-2.177768583824946,,上升段(未見頂)
sub_12_7,2024-04,XLY,2024-03,-3.229360355922295,-6.635628477110345,-6.9408944354744655,-0.2663770628539175,,上升段(未見頂)
sub_12_7,2024-05,XLK,2024-04,-1.8024805908682606,-4.629667754821066,-0.6311282733256096,2.964836005673166,,上升段(未見頂)
sub_12_7,2024-05,XLY,2024-04,-0.48485670785410884,-1.2512695884052905,-4.113169468168143,-5.296514517243267,,上升段(未見頂)
sub_12_7,2024-05,XLE,2024-04,3.2190400832303734,8.389563777908915,-7.582115921755694,-6.048173417970981,,上升段(未見頂)
sub_12_7,2024-06,XLF,2024-05,-1.7956647163682726,-0.4877945656774352,0.5353862232600592,-3.9206278821227847,16.82135523613963,已見頂(下降段)
sub_12_7,2024-06,XLK,2024-05,1.9218316638746513,-2.3195378313978887,-2.0955628119874725,3.7038995673610575,,上升段(未見頂)
sub_12_7,2024-06,XLE,2024-05,-5.140133177313166,4.755327114519492,-3.6346163614349836,-3.7654858469644115,,上升段(未見頂)
sub_12_7,2024-07,XLF,2024-06,-4.259651190978186,-6.122427468549663,-4.376585902153107,5.074986878955623,17.741273100616016,已見頂(下降段)
sub_12_7,2024-07,XLK,2024-06,4.160591168115424,4.248826053071864,2.352592740722703,-4.966130808088797,,上升段(未見頂)
sub_12_7,2024-07,XLI,2024-06,-4.362962083534505,-6.987772495894518,-6.606646017515761,2.893388032222677,,上升段(未見頂)
sub_12_7,2024-08,XLK,2024-07,-4.441401657455335,1.4472845793791933,-3.2493876429338875,-1.5213617263070467,,上升段(未見頂)
sub_12_7,2024-08,XLF,2024-07,5.124493455314383,-1.1607179893864394,-0.9317335582676667,2.2149505021486826,18.82546201232033,已見頂(下降段)
sub_12_7,2024-08,XLV,2024-07,1.4338256921004877,-2.7583566438994955,-6.444669631721778,2.8788363236656567,19.08829568788501,已見頂(下降段)
sub_12_7,2024-09,XLF,2024-08,2.1848665004564394,2.84554961942618,2.343874617341535,-2.919854362566421,19.811088295687885,已見頂(下降段)
sub_12_7,2024-09,XLK,2024-08,-1.59992501561258,-2.0580748343086652,-4.3298748413262755,0.8169512650201494,,上升段(未見頂)
sub_12_7,2024-09,XLI,2024-08,0.4680662980161676,-0.39875563984239637,-2.0530212224411204,1.2011717256679377,19.7782340862423,已見頂(下降段)
sub_12_7,2024-10,XLF,2024-09,-2.6046337420660426,4.623391263837129,-1.7820999814282201,3.5264687088222724,20.829568788501028,已見頂(下降段)
sub_12_7,2024-10,XLK,2024-09,0.5368302945667702,-5.465487487359233,-1.4488804905776753,-0.7967736211086707,,上升段(未見頂)
sub_12_7,2024-10,XLI,2024-09,1.235648138209755,5.431919974141897,-1.9354227317047057,-0.27255253889494346,20.79671457905544,已見頂(下降段)
sub_12_7,2024-11,XLF,2024-10,3.4829956634531367,2.9897180817672897,1.7942978967738332,4.732561307489602,21.848049281314168,已見頂(下降段)
sub_12_7,2024-11,XLI,2024-10,-0.2990565846414883,1.4053291374828136,-2.74252946580934,1.441120931604023,21.815195071868583,已見頂(下降段)
sub_12_7,2024-11,XLK,2024-10,-0.6728344354140159,-1.737307382312847,-0.3151665847742846,-0.4067493014272783,,上升段(未見頂)
sub_12_7,2024-12,XLU,2024-11,-2.0611801374906036,2.067305957261789,0.6634702432578132,-5.371049988211585,,上升段(未見頂)
sub_12_7,2024-12,XLF,2024-11,4.239942119860829,5.060980353056999,8.050542679658811,-3.1970463217426137,22.80082135523614,已見頂(下降段)
sub_12_7,2024-12,XLI,2024-11,1.5367407725773718,2.4839732363176825,2.0753126131032973,-5.375034223196195,22.767967145790553,已見頂(下降段)
sub_12_7,2025-01,XLK,2024-12,2.1019068094222826,0.6557095636182453,-4.845615647893964,-4.251652828492003,,上升段(未見頂)
sub_12_7,2025-01,XLE,2024-12,-7.350413307598069,-4.0100390818149645,-11.84444275580513,0.9141045418928018,8.213552361396303,已見頂(下降段)
sub_12_7,2025-01,XLF,2024-12,-3.130731916556828,4.493475017869097,9.324617213125098,3.9103556305325693,23.852156057494867,已見頂(下降段)
sub_12_7,2025-02,XLU,2025-01,0.20231335962788144,-7.462113472694865,-1.2319805832736286,2.3875778486588173,,上升段(未見頂)
sub_12_7,2025-02,XLI,2025-01,2.2553199658714718,-2.1598396204681847,-0.7848633384947123,0.283216304370959,24.83778234086242,已見頂(下降段)
sub_12_7,2025-02,XLF,2025-01,3.7116778282995977,4.724390193122918,7.855354222747235,2.5013612430846432,,上升段(未見頂)
sub_12_7,2025-03,XLU,2025-02,3.0285226150088107,-2.653087425314482,-0.640628902447582,6.492184967587555,,上升段(未見頂)
sub_12_7,2025-03,XLF,2025-02,2.682985343970734,3.1601975660332515,8.381114897024977,1.3990025811267848,,上升段(未見頂)
sub_12_7,2025-03,XLP,2025-02,6.5437421193947465,1.6640524854819816,-3.860926128738318,5.747736584574703,26.086242299794662,已見頂(下降段)
sub_12_7,2025-04,XLU,2025-03,6.154221555908723,9.590394516051015,1.0193360817218222,0.22491665557220486,,上升段(未見頂)
sub_12_7,2025-04,XLP,2025-03,4.654827392113181,9.098000178644083,1.5812559410075977,-1.2201184076774507,,上升段(未見頂)
sub_12_7,2025-04,XLY,2025-03,-2.90465598283588,-7.8098545411872,0.905373880152549,0.0035489058396454,,上升段(未見頂)
sub_12_7,2025-05,XLU,2025-04,0.9385673179576282,10.395629036613174,2.1577819290058198,-2.1419039985354438,,上升段(未見頂)
sub_12_7,2025-05,XLF,2025-04,-1.25186143673649,2.875824278745842,7.736079632065285,-0.7091888919428246,,上升段(未見頂)
sub_12_7,2025-05,XLK,2025-04,2.5796253060307306,-1.3961746938024322,-3.4063242693140428,2.4480919493326425,9.659137577002053,已見頂(下降段)
sub_12_7,2025-06,XLY,2025-05,1.9761808670211156,-0.22106767751285394,-1.8453881490241186,-3.999684969668582,,上升段(未見頂)
sub_12_7,2025-06,XLF,2025-05,-1.667789449175816,-1.4831212816777462,1.6302067217106142,-1.6014762562629903,,上升段(未見頂)
sub_12_7,2025-06,XLI,2025-05,2.404495431457243,5.618573791076598,1.5769315661395389,-1.6858718114254767,28.747433264887064,已見頂(下降段)
sub_12_7,2025-07,XLY,2025-06,-3.1115207552756208,-0.43364992167816974,-8.209637034764338,-1.013363990533267,,上升段(未見頂)
sub_12_7,2025-07,XLF,2025-06,-1.9208549986590606,-4.763946255664708,2.899546768420369,-2.6080847727627754,,上升段(未見頂)
sub_12_7,2025-07,XLU,2025-06,-4.531037912065572,-5.862591107991289,3.165557791940432,3.213979488232943,,上升段(未見頂)
sub_12_7,2025-08,XLY,2025-07,-0.4072433377186657,-1.5991984967695272,-9.290135526792175,3.8829815545352586,,上升段(未見頂)
sub_12_7,2025-08,XLF,2025-07,-2.2513036355346405,-5.72784220696022,-3.016740605050383,2.040016335668615,,上升段(未見頂)
sub_12_7,2025-08,XLI,2025-07,0.7238232158003788,1.6414087564302404,4.629176270946678,-1.474853057688219,30.784394250513348,已見頂(下降段)
sub_12_7,2025-09,XLY,2025-08,2.551806728842343,-1.0437546108776008,-1.2625148843132594,0.4233233084467214,,上升段(未見頂)
sub_12_7,2025-09,XLF,2025-08,1.020520633073585,-3.150530145624586,-4.586925244226903,-4.154042406571534,,上升段(未見頂)
sub_12_7,2025-09,XLU,2025-08,-3.55482247351826,-5.578026323267771,-1.1650872333646145,0.4089397055542232,,上升段(未見頂)
sub_12_7,2025-10,XLF,2025-09,-3.3369923663291723,-4.548912577465181,-9.096151082722281,-5.780407837087109,,上升段(未見頂)
sub_12_7,2025-10,XLE,2025-09,-3.746765756157211,-1.7396524463494267,-18.84517399516329,-4.2364461747616105,5.979466119096509,已見頂(下降段)
sub_12_7,2025-10,XLP,2025-09,-5.677492504706594,-9.866791436160105,-18.779613364129066,-6.139687696071738,5.322381930184805,已見頂(下降段)
sub_12_7,2025-11,XLF,2025-10,-5.04790098854484,-7.279775170583569,-12.590643342751296,2.4145774224155647,6.308008213552362,已見頂(下降段)
sub_12_7,2025-11,XLP,2025-10,-4.932986989244704,-11.032007246948961,-23.605329290730637,5.125533457928444,6.3408624229979464,已見頂(下降段)
sub_12_7,2025-11,XLY,2025-10,-2.210043950302576,0.31377503910807736,-1.2904413433701079,-1.9243154880385638,,上升段(未見頂)
sub_12_7,2025-12,XLP,2025-11,3.8483605312031433,-6.8796003991389405,-16.69758545024659,-2.4839827950090654,7.260780287474333,已見頂(下降段)
sub_12_7,2025-12,XLU,2025-11,1.5192108325736031,1.8538238495136916,-3.827609256066966,-5.417685466648059,,上升段(未見頂)
sub_12_7,2025-12,XLF,2025-11,1.6349273481077953,-6.715850847112748,-9.654796087263861,2.362497217708781,7.227926078028747,已見頂(下降段)
sub_12_7,2026-01,XLI,2025-12,1.1954307661319552,-1.6983883074182082,-4.553893469972181,5.604483974340235,35.81108829568789,已見頂(下降段)
sub_12_7,2026-01,XLU,2025-12,-5.162637596722419,-3.9254965398299313,-4.4638626554766585,0.3915349424752801,8.31211498973306,已見頂(下降段)
sub_12_7,2026-01,XLK,2025-12,0.6732331000763647,-0.3439795166263915,2.7232367918995193,-2.0064026150655168,,上升段(未見頂)
sub_12_7,2026-02,XLK,2026-01,-1.5139639598613308,-5.802772245259414,-0.24805881058189705,-2.950890865363631,,上升段(未見頂)
sub_12_7,2026-02,XLU,2026-01,-0.15964151666869597,-3.8755579996923695,-6.987042509748642,11.0697009389224,9.297741273100616,已見頂(下降段)
sub_12_7,2026-02,XLI,2026-01,5.103928865056306,5.215479720462501,-0.40329615283145603,8.405038524114971,36.79671457905544,已見頂(下降段)
sub_12_7,2026-03,XLK,2026-02,-2.717828028860003,-3.5456247613929404,-0.8584999945173477,1.3889953696972435,,上升段(未見頂)
sub_12_7,2026-03,XLI,2026-02,8.005417913570078,14.874965965605114,9.777103038419298,-3.7199042703427,,上升段(未見頂)
sub_12_7,2026-03,XLU,2026-02,11.320412407814162,5.404804058148227,7.358823454311358,0.6279298766293406,10.217659137577002,已見頂(下降段)
sub_12_7,2026-04,XLK,2026-03,0.8772429202541288,-3.350164268649791,-3.6826199064186937,9.287210105245713,,上升段(未見頂)
sub_12_7,2026-04,XLY,2026-03,-1.701849657365151,-4.371759679116572,-6.989037602440207,-2.16772981832678,15.408624229979466,已見頂(下降段)
sub_12_7,2026-04,XLI,2026-03,-3.6868873011353,9.332659187873693,7.475766088037439,-3.118872709482212,,上升段(未見頂)
sub_12_7,2026-05,XLK,2026-04,8.605732291955093,6.580857627597503,0.39621320242382296,15.17844201611387,,上升段(未見頂)
sub_12_7,2026-05,XLY,2026-04,-1.7260441478459843,-6.022473086333724,-6.52869086290554,-3.8187383718931267,16.39425051334702,已見頂(下降段)
sub_12_7,2026-05,XLI,2026-04,-2.3165640975589707,1.613611604702303,6.913248911175085,-6.806550638835873,,上升段(未見頂)
sub_12_7,2026-06,XLK,2026-05,13.774301238679087,24.64938185792591,20.229782509848036,-1.6213483014049235,,上升段(未見頂)
sub_12_7,2026-06,XLV,2026-05,-2.734931841983823,-15.27547661997659,-14.119899186019024,9.058405224168798,6.078028747433265,已見頂(下降段)
sub_12_7,2026-06,XLE,2026-05,-10.350718015001359,-8.371976350375721,13.493963257000052,-5.190497454121356,2.0698151950718686,已見頂(下降段)
sub_12_7,2026-07,XLV,2026-06,7.7253072890813845,-5.582780144125909,-6.106819774051986,1.9226683681221157,7.129363449691992,已見頂(下降段)
sub_12_7,2026-07,XLK,2026-06,0.8956463121478686,24.672122085129146,20.49540119806572,-7.457830356539064,,上升段(未見頂)
sub_12_7,2026-07,XLY,2026-06,-1.765707624951074,-6.334885620904318,-10.429699324728038,-0.7148386468662338,18.39835728952772,已見頂(下降段)
