date,SP500TR,SPY,XLK,GSPC
1985-01-02,,,,165.3699951171875
1985-01-03,,,,164.57000732421875
1985-01-04,,,,163.67999267578125
1985-01-07,,,,164.24000549316406
1985-01-08,,,,163.99000549316406
1985-01-09,,,,165.17999267578125
1985-01-10,,,,168.30999755859375
1985-01-11,,,,167.91000366210938
1985-01-14,,,,170.50999450683594
1985-01-15,,,,170.80999755859375
1985-01-16,,,,171.19000244140625
1985-01-17,,,,170.72999572753906
1985-01-18,,,,171.32000732421875
1985-01-21,,,,175.22999572753906
1985-01-22,,,,175.47999572753906
1985-01-23,,,,177.3000030517578
1985-01-24,,,,176.7100067138672
1985-01-25,,,,177.35000610351562
1985-01-28,,,,177.39999389648438
1985-01-29,,,,179.17999267578125
1985-01-30,,,,179.38999938964844
1985-01-31,,,,179.6300048828125
1985-02-01,,,,178.6300048828125
1985-02-04,,,,180.35000610351562
1985-02-05,,,,180.61000061035156
1985-02-06,,,,180.42999267578125
1985-02-07,,,,181.82000732421875
1985-02-08,,,,182.19000244140625
1985-02-11,,,,180.50999450683594
1985-02-12,,,,180.55999755859375
1985-02-13,,,,183.35000610351562
1985-02-14,,,,182.41000366210938
1985-02-15,,,,181.60000610351562
1985-02-19,,,,181.3300018310547
1985-02-20,,,,181.17999267578125
1985-02-21,,,,180.19000244140625
1985-02-22,,,,179.36000061035156
1985-02-25,,,,179.22999572753906
1985-02-26,,,,181.1699981689453
1985-02-27,,,,180.7100067138672
1985-02-28,,,,181.17999267578125
1985-03-01,,,,183.22999572753906
1985-03-04,,,,182.05999755859375
1985-03-05,,,,182.22999572753906
1985-03-06,,,,180.64999389648438
1985-03-07,,,,179.50999450683594
1985-03-08,,,,179.10000610351562
1985-03-11,,,,178.7899932861328
1985-03-12,,,,179.66000366210938
1985-03-13,,,,178.19000244140625
1985-03-14,,,,177.83999633789062
1985-03-15,,,,176.52999877929688
1985-03-18,,,,176.8800048828125
1985-03-19,,,,179.5399932861328
1985-03-20,,,,179.0800018310547
1985-03-21,,,,179.35000610351562
1985-03-22,,,,179.0399932861328
1985-03-25,,,,177.97000122070312
1985-03-26,,,,178.42999267578125
1985-03-27,,,,179.5399932861328
1985-03-28,,,,179.5399932861328
1985-03-29,,,,180.66000366210938
1985-04-01,,,,181.27000427246094
1985-04-02,,,,180.52999877929688
1985-04-03,,,,179.11000061035156
1985-04-04,,,,179.02999877929688
1985-04-08,,,,178.02999877929688
1985-04-09,,,,178.2100067138672
1985-04-10,,,,179.4199981689453
1985-04-11,,,,180.19000244140625
1985-04-12,,,,180.5399932861328
1985-04-15,,,,180.9199981689453
1985-04-16,,,,181.1999969482422
1985-04-17,,,,181.67999267578125
1985-04-18,,,,180.83999633789062
1985-04-19,,,,181.11000061035156
1985-04-22,,,,180.6999969482422
1985-04-23,,,,181.8800048828125
1985-04-24,,,,182.25999450683594
1985-04-25,,,,183.42999267578125
1985-04-26,,,,182.17999267578125
1985-04-29,,,,180.6300048828125
1985-04-30,,,,179.8300018310547
1985-05-01,,,,178.3699951171875
1985-05-02,,,,179.00999450683594
1985-05-03,,,,180.0800018310547
1985-05-06,,,,179.99000549316406
1985-05-07,,,,180.75999450683594
1985-05-08,,,,180.6199951171875
1985-05-09,,,,181.9199981689453
1985-05-10,,,,184.27999877929688
1985-05-13,,,,184.61000061035156
1985-05-14,,,,183.8699951171875
1985-05-15,,,,184.5399932861328
1985-05-16,,,,185.66000366210938
1985-05-17,,,,187.4199981689453
1985-05-20,,,,189.72000122070312
1985-05-21,,,,189.63999938964844
1985-05-22,,,,188.55999755859375
1985-05-23,,,,187.60000610351562
1985-05-24,,,,188.2899932861328
1985-05-28,,,,187.86000061035156
1985-05-29,,,,187.67999267578125
1985-05-30,,,,187.75
1985-05-31,,,,189.5500030517578
1985-06-03,,,,189.32000732421875
1985-06-04,,,,190.0399932861328
1985-06-05,,,,190.16000366210938
1985-06-06,,,,191.05999755859375
1985-06-07,,,,189.67999267578125
1985-06-10,,,,189.50999450683594
1985-06-11,,,,189.0399932861328
1985-06-12,,,,187.61000061035156
1985-06-13,,,,185.3300018310547
1985-06-14,,,,187.10000610351562
1985-06-17,,,,186.52999877929688
1985-06-18,,,,187.33999633789062
1985-06-19,,,,186.6300048828125
1985-06-20,,,,186.72999572753906
1985-06-21,,,,189.61000061035156
1985-06-24,,,,189.14999389648438
1985-06-25,,,,189.74000549316406
1985-06-26,,,,190.05999755859375
1985-06-27,,,,191.22999572753906
1985-06-28,,,,191.85000610351562
1985-07-01,,,,192.42999267578125
1985-07-02,,,,192.00999450683594
1985-07-03,,,,191.4499969482422
1985-07-05,,,,192.52000427246094
1985-07-08,,,,191.92999267578125
1985-07-09,,,,191.0500030517578
1985-07-10,,,,192.3699951171875
1985-07-11,,,,192.94000244140625
1985-07-12,,,,193.2899932861328
1985-07-15,,,,192.72000122070312
1985-07-16,,,,194.72000122070312
1985-07-17,,,,195.64999389648438
1985-07-18,,,,194.3800048828125
1985-07-19,,,,195.1300048828125
1985-07-22,,,,194.35000610351562
1985-07-23,,,,192.5500030517578
1985-07-24,,,,191.5800018310547
1985-07-25,,,,192.05999755859375
1985-07-26,,,,192.39999389648438
1985-07-29,,,,189.60000610351562
1985-07-30,,,,189.92999267578125
1985-07-31,,,,190.9199981689453
1985-08-01,,,,192.11000061035156
1985-08-02,,,,191.47999572753906
1985-08-05,,,,190.6199951171875
1985-08-06,,,,187.92999267578125
1985-08-07,,,,187.67999267578125
1985-08-08,,,,188.9499969482422
1985-08-09,,,,188.32000732421875
1985-08-12,,,,187.6300048828125
1985-08-13,,,,187.3000030517578
1985-08-14,,,,187.41000366210938
1985-08-15,,,,187.25999450683594
1985-08-16,,,,186.10000610351562
1985-08-19,,,,186.3800048828125
1985-08-20,,,,188.0800018310547
1985-08-21,,,,189.16000366210938
1985-08-22,,,,187.36000061035156
1985-08-23,,,,187.1699981689453
1985-08-26,,,,187.30999755859375
1985-08-27,,,,188.10000610351562
1985-08-28,,,,188.8300018310547
1985-08-29,,,,188.92999267578125
1985-08-30,,,,188.6300048828125
1985-09-03,,,,187.91000366210938
1985-09-04,,,,187.3699951171875
1985-09-05,,,,187.27000427246094
1985-09-06,,,,188.24000549316406
1985-09-09,,,,188.25
1985-09-10,,,,186.89999389648438
1985-09-11,,,,185.02999877929688
1985-09-12,,,,183.69000244140625
1985-09-13,,,,182.91000366210938
1985-09-16,,,,182.8800048828125
1985-09-17,,,,181.36000061035156
1985-09-18,,,,181.7100067138672
1985-09-19,,,,183.38999938964844
1985-09-20,,,,182.0500030517578
1985-09-23,,,,184.3000030517578
1985-09-24,,,,182.6199951171875
1985-09-25,,,,180.66000366210938
1985-09-26,,,,181.2899932861328
1985-09-30,,,,182.0800018310547
1985-10-01,,,,185.07000732421875
1985-10-02,,,,184.05999755859375
1985-10-03,,,,184.36000061035156
1985-10-04,,,,183.22000122070312
1985-10-07,,,,181.8699951171875
1985-10-08,,,,181.8699951171875
1985-10-09,,,,182.52000427246094
1985-10-10,,,,182.77999877929688
1985-10-11,,,,184.27999877929688
1985-10-14,,,,186.3699951171875
1985-10-15,,,,186.0800018310547
1985-10-16,,,,187.97999572753906
1985-10-17,,,,187.66000366210938
1985-10-18,,,,187.0399932861328
1985-10-21,,,,186.9600067138672
1985-10-22,,,,188.0399932861328
1985-10-23,,,,189.08999633789062
1985-10-24,,,,188.5
1985-10-25,,,,187.52000427246094
1985-10-28,,,,187.75999450683594
1985-10-29,,,,189.22999572753906
1985-10-30,,,,190.07000732421875
1985-10-31,,,,189.82000732421875
1985-11-01,,,,191.52999877929688
1985-11-04,,,,191.25
1985-11-05,,,,192.3699951171875
1985-11-06,,,,192.75999450683594
1985-11-07,,,,192.6199951171875
1985-11-08,,,,193.72000122070312
1985-11-11,,,,197.27999877929688
1985-11-12,,,,198.0800018310547
1985-11-13,,,,197.10000610351562
1985-11-14,,,,199.05999755859375
1985-11-15,,,,198.11000061035156
1985-11-18,,,,198.7100067138672
1985-11-19,,,,198.6699981689453
1985-11-20,,,,198.99000549316406
1985-11-21,,,,201.41000366210938
1985-11-22,,,,201.52000427246094
1985-11-25,,,,200.35000610351562
1985-11-26,,,,200.6699981689453
1985-11-27,,,,202.5399932861328
1985-11-29,,,,202.1699981689453
1985-12-02,,,,200.4600067138672
1985-12-03,,,,200.86000061035156
1985-12-04,,,,204.22999572753906
1985-12-05,,,,203.8800048828125
1985-12-06,,,,202.99000549316406
1985-12-09,,,,204.25
1985-12-10,,,,204.38999938964844
1985-12-11,,,,206.30999755859375
1985-12-12,,,,206.72999572753906
1985-12-13,,,,209.94000244140625
1985-12-16,,,,212.02000427246094
1985-12-17,,,,210.64999389648438
1985-12-18,,,,209.80999755859375
1985-12-19,,,,210.02000427246094
1985-12-20,,,,210.94000244140625
1985-12-23,,,,208.57000732421875
1985-12-24,,,,207.13999938964844
1985-12-26,,,,207.64999389648438
1985-12-27,,,,209.61000061035156
1985-12-30,,,,210.67999267578125
1985-12-31,,,,211.27999877929688
1986-01-02,,,,209.58999633789062
1986-01-03,,,,210.8800048828125
1986-01-06,,,,210.64999389648438
1986-01-07,,,,213.8000030517578
1986-01-08,,,,207.97000122070312
1986-01-09,,,,206.11000061035156
1986-01-10,,,,205.9600067138672
1986-01-13,,,,206.72000122070312
1986-01-14,,,,206.63999938964844
1986-01-15,,,,208.25999450683594
1986-01-16,,,,209.1699981689453
1986-01-17,,,,208.42999267578125
1986-01-20,,,,207.52999877929688
1986-01-21,,,,205.7899932861328
1986-01-22,,,,203.49000549316406
1986-01-23,,,,204.25
1986-01-24,,,,206.42999267578125
1986-01-27,,,,207.38999938964844
1986-01-28,,,,209.80999755859375
1986-01-29,,,,210.2899932861328
1986-01-30,,,,209.3300018310547
1986-01-31,,,,211.77999877929688
1986-02-03,,,,213.9600067138672
1986-02-04,,,,212.7899932861328
1986-02-05,,,,212.9600067138672
1986-02-06,,,,213.47000122070312
1986-02-07,,,,214.55999755859375
1986-02-10,,,,216.24000549316406
1986-02-11,,,,215.9199981689453
1986-02-12,,,,215.97000122070312
1986-02-13,,,,217.39999389648438
1986-02-14,,,,219.75999450683594
1986-02-18,,,,222.4499969482422
1986-02-19,,,,219.75999450683594
1986-02-20,,,,222.22000122070312
1986-02-21,,,,224.6199951171875
1986-02-24,,,,224.33999633789062
1986-02-25,,,,223.7899932861328
1986-02-26,,,,224.0399932861328
1986-02-27,,,,226.77000427246094
1986-02-28,,,,226.9199981689453
1986-03-03,,,,225.4199981689453
1986-03-04,,,,224.3800048828125
1986-03-05,,,,224.33999633789062
1986-03-06,,,,225.1300048828125
1986-03-07,,,,225.57000732421875
1986-03-10,,,,226.5800018310547
1986-03-11,,,,231.69000244140625
1986-03-12,,,,232.5399932861328
1986-03-13,,,,233.19000244140625
1986-03-14,,,,236.5500030517578
1986-03-17,,,,234.6699981689453
1986-03-18,,,,235.77999877929688
1986-03-19,,,,235.60000610351562
1986-03-20,,,,236.5399932861328
1986-03-21,,,,233.33999633789062
1986-03-24,,,,235.3300018310547
1986-03-25,,,,234.72000122070312
1986-03-26,,,,237.3000030517578
1986-03-27,,,,238.97000122070312
1986-03-31,,,,238.89999389648438
1986-04-01,,,,235.13999938964844
1986-04-02,,,,235.7100067138672
1986-04-03,,,,232.47000122070312
1986-04-04,,,,228.69000244140625
1986-04-07,,,,228.6300048828125
1986-04-08,,,,233.52000427246094
1986-04-09,,,,233.75
1986-04-10,,,,236.44000244140625
1986-04-11,,,,235.97000122070312
1986-04-14,,,,237.27999877929688
1986-04-15,,,,237.72999572753906
1986-04-16,,,,242.22000122070312
1986-04-17,,,,243.02999877929688
1986-04-18,,,,242.3800048828125
1986-04-21,,,,244.74000549316406
1986-04-22,,,,242.4199981689453
1986-04-23,,,,241.75
1986-04-24,,,,242.02000427246094
1986-04-25,,,,242.2899932861328
1986-04-28,,,,243.0800018310547
1986-04-29,,,,240.50999450683594
1986-04-30,,,,235.52000427246094
1986-05-01,,,,235.16000366210938
1986-05-02,,,,234.7899932861328
1986-05-05,,,,237.72999572753906
1986-05-06,,,,237.24000549316406
1986-05-07,,,,236.0800018310547
1986-05-08,,,,237.1300048828125
1986-05-09,,,,237.85000610351562
1986-05-12,,,,237.5800018310547
1986-05-13,,,,236.41000366210938
1986-05-14,,,,237.5399932861328
1986-05-15,,,,234.42999267578125
1986-05-16,,,,232.75999450683594
1986-05-19,,,,233.1999969482422
1986-05-20,,,,236.11000061035156
1986-05-21,,,,235.4499969482422
1986-05-22,,,,240.1199951171875
1986-05-23,,,,241.35000610351562
1986-05-27,,,,244.75
1986-05-28,,,,246.6300048828125
1986-05-29,,,,247.97999572753906
1986-05-30,,,,247.35000610351562
1986-06-02,,,,245.0399932861328
1986-06-03,,,,245.50999450683594
1986-06-04,,,,243.94000244140625
1986-06-05,,,,245.64999389648438
1986-06-06,,,,245.6699981689453
1986-06-09,,,,239.9600067138672
1986-06-10,,,,239.5800018310547
1986-06-11,,,,241.1300048828125
1986-06-12,,,,241.49000549316406
1986-06-13,,,,245.72999572753906
1986-06-16,,,,246.1300048828125
1986-06-17,,,,244.35000610351562
1986-06-18,,,,244.99000549316406
1986-06-19,,,,244.05999755859375
1986-06-20,,,,247.5800018310547
1986-06-23,,,,245.25999450683594
1986-06-24,,,,247.02999877929688
1986-06-25,,,,248.92999267578125
1986-06-26,,,,248.74000549316406
1986-06-27,,,,249.60000610351562
1986-06-30,,,,250.83999633789062
1986-07-01,,,,252.0399932861328
1986-07-02,,,,252.6999969482422
1986-07-03,,,,251.7899932861328
1986-07-07,,,,244.0500030517578
1986-07-08,,,,241.58999633789062
1986-07-09,,,,242.82000732421875
1986-07-10,,,,243.00999450683594
1986-07-11,,,,242.22000122070312
1986-07-14,,,,238.11000061035156
1986-07-15,,,,233.66000366210938
1986-07-16,,,,235.00999450683594
1986-07-17,,,,236.07000732421875
1986-07-18,,,,236.36000061035156
1986-07-21,,,,236.24000549316406
1986-07-22,,,,238.17999267578125
1986-07-23,,,,238.6699981689453
1986-07-24,,,,237.9499969482422
1986-07-25,,,,240.22000122070312
1986-07-28,,,,236.00999450683594
1986-07-29,,,,234.5500030517578
1986-07-30,,,,236.58999633789062
1986-07-31,,,,236.1199951171875
1986-08-01,,,,234.91000366210938
1986-08-04,,,,235.99000549316406
1986-08-05,,,,237.02999877929688
1986-08-06,,,,236.83999633789062
1986-08-07,,,,237.0399932861328
1986-08-08,,,,236.8800048828125
1986-08-11,,,,240.67999267578125
1986-08-12,,,,243.33999633789062
1986-08-13,,,,245.6699981689453
1986-08-14,,,,246.25
1986-08-15,,,,247.14999389648438
1986-08-18,,,,247.3800048828125
1986-08-19,,,,246.50999450683594
1986-08-20,,,,249.77000427246094
1986-08-21,,,,249.6699981689453
1986-08-22,,,,250.19000244140625
1986-08-25,,,,247.80999755859375
1986-08-26,,,,252.83999633789062
1986-08-27,,,,253.3000030517578
1986-08-28,,,,252.83999633789062
1986-08-29,,,,252.92999267578125
1986-09-02,,,,248.52000427246094
1986-09-03,,,,250.0800018310547
1986-09-04,,,,253.8300018310547
1986-09-05,,,,250.47000122070312
1986-09-08,,,,248.13999938964844
1986-09-09,,,,247.6699981689453
1986-09-10,,,,247.05999755859375
1986-09-11,,,,235.17999267578125
1986-09-12,,,,230.6699981689453
1986-09-15,,,,231.94000244140625
1986-09-16,,,,231.72000122070312
1986-09-17,,,,231.67999267578125
1986-09-18,,,,232.30999755859375
1986-09-19,,,,232.2100067138672
1986-09-22,,,,234.92999267578125
1986-09-23,,,,235.6699981689453
1986-09-24,,,,236.27999877929688
1986-09-25,,,,231.8300018310547
1986-09-26,,,,232.22999572753906
1986-09-29,,,,229.91000366210938
1986-09-30,,,,231.32000732421875
1986-10-01,,,,233.60000610351562
1986-10-02,,,,233.9199981689453
1986-10-03,,,,233.7100067138672
1986-10-06,,,,234.77999877929688
1986-10-07,,,,234.41000366210938
1986-10-08,,,,236.67999267578125
1986-10-09,,,,235.85000610351562
1986-10-10,,,,235.47999572753906
1986-10-13,,,,235.91000366210938
1986-10-14,,,,235.3699951171875
1986-10-15,,,,238.8000030517578
1986-10-16,,,,239.52999877929688
1986-10-17,,,,238.83999633789062
1986-10-20,,,,235.97000122070312
1986-10-21,,,,235.8800048828125
1986-10-22,,,,236.25999450683594
1986-10-23,,,,239.27999877929688
1986-10-24,,,,238.25999450683594
1986-10-27,,,,238.77000427246094
1986-10-28,,,,239.25999450683594
1986-10-29,,,,240.94000244140625
1986-10-30,,,,243.7100067138672
1986-10-31,,,,243.97999572753906
1986-11-03,,,,245.8000030517578
1986-11-04,,,,246.1999969482422
1986-11-05,,,,246.5800018310547
1986-11-06,,,,245.8699951171875
1986-11-07,,,,245.77000427246094
1986-11-10,,,,246.1300048828125
1986-11-11,,,,247.0800018310547
1986-11-12,,,,246.63999938964844
1986-11-13,,,,243.02000427246094
1986-11-14,,,,244.5
1986-11-17,,,,243.2100067138672
1986-11-18,,,,236.77999877929688
1986-11-19,,,,237.66000366210938
1986-11-20,,,,242.0500030517578
1986-11-21,,,,245.86000061035156
1986-11-24,,,,247.4499969482422
1986-11-25,,,,248.1699981689453
1986-11-26,,,,248.77000427246094
1986-11-28,,,,249.22000122070312
1986-12-01,,,,249.0500030517578
1986-12-02,,,,254.0
1986-12-03,,,,253.85000610351562
1986-12-04,,,,253.0399932861328
1986-12-05,,,,251.1699981689453
1986-12-08,,,,251.16000366210938
1986-12-09,,,,249.27999877929688
1986-12-10,,,,250.9600067138672
1986-12-11,,,,248.1699981689453
1986-12-12,,,,247.35000610351562
1986-12-15,,,,248.2100067138672
1986-12-16,,,,250.0399932861328
1986-12-17,,,,247.55999755859375
1986-12-18,,,,246.77999877929688
1986-12-19,,,,249.72999572753906
1986-12-22,,,,248.75
1986-12-23,,,,246.33999633789062
1986-12-24,,,,246.75
1986-12-26,,,,246.9199981689453
1986-12-29,,,,244.6699981689453
1986-12-30,,,,243.3699951171875
1986-12-31,,,,242.1699981689453
1987-01-02,,,,246.4499969482422
1987-01-05,,,,252.19000244140625
1987-01-06,,,,252.77999877929688
1987-01-07,,,,255.3300018310547
1987-01-08,,,,257.2799987792969
1987-01-09,,,,258.7300109863281
1987-01-12,,,,260.29998779296875
1987-01-13,,,,259.95001220703125
1987-01-14,,,,262.6400146484375
1987-01-15,,,,265.489990234375
1987-01-16,,,,266.2799987792969
1987-01-19,,,,269.3399963378906
1987-01-20,,,,269.0400085449219
1987-01-21,,,,267.8399963378906
1987-01-22,,,,273.9100036621094
1987-01-23,,,,270.1000061035156
1987-01-26,,,,269.6099853515625
1987-01-27,,,,273.75
1987-01-28,,,,275.3999938964844
1987-01-29,,,,274.239990234375
1987-01-30,,,,274.0799865722656
1987-02-02,,,,276.45001220703125
1987-02-03,,,,275.989990234375
1987-02-04,,,,279.6400146484375
1987-02-05,,,,281.1600036621094
1987-02-06,,,,280.0400085449219
1987-02-09,,,,278.1600036621094
1987-02-10,,,,275.07000732421875
1987-02-11,,,,277.5400085449219
1987-02-12,,,,275.6199951171875
1987-02-13,,,,279.70001220703125
1987-02-17,,,,285.489990234375
1987-02-18,,,,285.4200134277344
1987-02-19,,,,285.57000732421875
1987-02-20,,,,285.4800109863281
1987-02-23,,,,282.3800048828125
1987-02-24,,,,282.8800048828125
1987-02-25,,,,284.0
1987-02-26,,,,282.9599914550781
1987-02-27,,,,284.20001220703125
1987-03-02,,,,283.0
1987-03-03,,,,284.1199951171875
1987-03-04,,,,288.6199951171875
1987-03-05,,,,290.5199890136719
1987-03-06,,,,290.6600036621094
1987-03-09,,,,288.29998779296875
1987-03-10,,,,290.8599853515625
1987-03-11,,,,290.30999755859375
1987-03-12,,,,291.2200012207031
1987-03-13,,,,289.8900146484375
1987-03-16,,,,288.2300109863281
1987-03-17,,,,292.4700012207031
1987-03-18,,,,292.7799987792969
1987-03-19,,,,294.0799865722656
1987-03-20,,,,298.1700134277344
1987-03-23,,,,301.1600036621094
1987-03-24,,,,301.6400146484375
1987-03-25,,,,300.3800048828125
1987-03-26,,,,300.92999267578125
1987-03-27,,,,296.1300048828125
1987-03-30,,,,289.20001220703125
1987-03-31,,,,291.70001220703125
1987-04-01,,,,292.3800048828125
1987-04-02,,,,293.6300048828125
1987-04-03,,,,300.4100036621094
1987-04-06,,,,301.95001220703125
1987-04-07,,,,296.69000244140625
1987-04-08,,,,297.260009765625
1987-04-09,,,,292.8599853515625
1987-04-10,,,,292.489990234375
1987-04-13,,,,285.6199951171875
1987-04-14,,,,279.1600036621094
1987-04-15,,,,284.44000244140625
1987-04-16,,,,286.9100036621094
1987-04-20,,,,286.0899963378906
1987-04-21,,,,293.07000732421875
1987-04-22,,,,287.19000244140625
1987-04-23,,,,286.82000732421875
1987-04-24,,,,281.5199890136719
1987-04-27,,,,281.8299865722656
1987-04-28,,,,282.510009765625
1987-04-29,,,,284.57000732421875
1987-04-30,,,,288.3599853515625
1987-05-01,,,,288.0299987792969
1987-05-04,,,,289.3599853515625
1987-05-05,,,,295.3399963378906
1987-05-06,,,,295.4700012207031
1987-05-07,,,,294.7099914550781
1987-05-08,,,,293.3699951171875
1987-05-11,,,,291.57000732421875
1987-05-12,,,,293.29998779296875
1987-05-13,,,,293.9800109863281
1987-05-14,,,,294.239990234375
1987-05-15,,,,287.42999267578125
1987-05-18,,,,286.6499938964844
1987-05-19,,,,279.6199951171875
1987-05-20,,,,278.2099914550781
1987-05-21,,,,280.1700134277344
1987-05-22,,,,282.1600036621094
1987-05-26,,,,289.1099853515625
1987-05-27,,,,288.7300109863281
1987-05-28,,,,290.760009765625
1987-05-29,,,,290.1000061035156
1987-06-01,,,,289.8299865722656
1987-06-02,,,,288.4599914550781
1987-06-03,,,,293.4700012207031
1987-06-04,,,,295.0899963378906
1987-06-05,,,,293.45001220703125
1987-06-08,,,,296.7200012207031
1987-06-09,,,,297.2799987792969
1987-06-10,,,,297.4700012207031
1987-06-11,,,,298.7300109863281
1987-06-12,,,,301.6199951171875
1987-06-15,,,,303.1400146484375
1987-06-16,,,,304.760009765625
1987-06-17,,,,304.80999755859375
1987-06-18,,,,305.69000244140625
1987-06-19,,,,306.9700012207031
1987-06-22,,,,309.6499938964844
1987-06-23,,,,308.42999267578125
1987-06-24,,,,306.8599853515625
1987-06-25,,,,308.9599914550781
1987-06-26,,,,307.1600036621094
1987-06-29,,,,307.8999938964844
1987-06-30,,,,304.0
1987-07-01,,,,302.94000244140625
1987-07-02,,,,305.6300048828125
1987-07-06,,,,304.9200134277344
1987-07-07,,,,307.3999938964844
1987-07-08,,,,308.2900085449219
1987-07-09,,,,307.5199890136719
1987-07-10,,,,308.3699951171875
1987-07-13,,,,307.6300048828125
1987-07-14,,,,310.67999267578125
1987-07-15,,,,310.4200134277344
1987-07-16,,,,312.70001220703125
1987-07-17,,,,314.5899963378906
1987-07-20,,,,311.3900146484375
1987-07-21,,,,308.54998779296875
1987-07-22,,,,308.4700012207031
1987-07-23,,,,307.80999755859375
1987-07-24,,,,309.2699890136719
1987-07-27,,,,310.6499938964844
1987-07-28,,,,312.3299865722656
1987-07-29,,,,315.6499938964844
1987-07-30,,,,318.04998779296875
1987-07-31,,,,318.6600036621094
1987-08-03,,,,317.57000732421875
1987-08-04,,,,316.2300109863281
1987-08-05,,,,318.45001220703125
1987-08-06,,,,322.0899963378906
1987-08-07,,,,323.0
1987-08-10,,,,328.0
1987-08-11,,,,333.3299865722656
1987-08-12,,,,332.3900146484375
1987-08-13,,,,334.6499938964844
1987-08-14,,,,333.989990234375
1987-08-17,,,,334.1099853515625
1987-08-18,,,,329.25
1987-08-19,,,,329.8299865722656
1987-08-20,,,,334.8399963378906
1987-08-21,,,,335.8999938964844
1987-08-24,,,,333.3299865722656
1987-08-25,,,,336.7699890136719
1987-08-26,,,,334.57000732421875
1987-08-27,,,,331.3800048828125
1987-08-28,,,,327.0400085449219
1987-08-31,,,,329.79998779296875
1987-09-01,,,,323.3999938964844
1987-09-02,,,,321.67999267578125
1987-09-03,,,,320.2099914550781
1987-09-04,,,,316.70001220703125
1987-09-08,,,,313.55999755859375
1987-09-09,,,,313.9200134277344
1987-09-10,,,,317.1300048828125
1987-09-11,,,,321.9800109863281
1987-09-14,,,,323.0799865722656
1987-09-15,,,,317.739990234375
1987-09-16,,,,314.8599853515625
1987-09-17,,,,314.92999267578125
1987-09-18,,,,314.8599853515625
1987-09-21,,,,310.5400085449219
1987-09-22,,,,319.5
1987-09-23,,,,321.19000244140625
1987-09-24,,,,319.7200012207031
1987-09-25,,,,320.1600036621094
1987-09-28,,,,323.20001220703125
1987-09-29,,,,321.69000244140625
1987-09-30,,,,321.8299865722656
1987-10-01,,,,327.3299865722656
1987-10-02,,,,328.07000732421875
1987-10-05,,,,328.0799865722656
1987-10-06,,,,319.2200012207031
1987-10-07,,,,318.5400085449219
1987-10-08,,,,314.1600036621094
1987-10-09,,,,311.07000732421875
1987-10-12,,,,309.3900146484375
1987-10-13,,,,314.5199890136719
1987-10-14,,,,305.2300109863281
1987-10-15,,,,298.0799865722656
1987-10-16,,,,282.70001220703125
1987-10-19,,,,224.83999633789062
1987-10-20,,,,236.8300018310547
1987-10-21,,,,258.3800048828125
1987-10-22,,,,248.25
1987-10-23,,,,248.22000122070312
1987-10-26,,,,227.6699981689453
1987-10-27,,,,233.19000244140625
1987-10-28,,,,233.27999877929688
1987-10-29,,,,244.77000427246094
1987-10-30,,,,251.7899932861328
1987-11-02,,,,255.75
1987-11-03,,,,250.82000732421875
1987-11-04,,,,248.9600067138672
1987-11-05,,,,254.47999572753906
1987-11-06,,,,250.41000366210938
1987-11-09,,,,243.1699981689453
1987-11-10,,,,239.0
1987-11-11,,,,241.89999389648438
1987-11-12,,,,248.52000427246094
1987-11-13,,,,245.63999938964844
1987-11-16,,,,246.75999450683594
1987-11-17,,,,243.0399932861328
1987-11-18,,,,245.5500030517578
1987-11-19,,,,240.0500030517578
1987-11-20,,,,242.0
1987-11-23,,,,242.99000549316406
1987-11-24,,,,246.38999938964844
1987-11-25,,,,244.10000610351562
1987-11-27,,,,240.33999633789062
1987-11-30,,,,230.3000030517578
1987-12-01,,,,232.0
1987-12-02,,,,233.4499969482422
1987-12-03,,,,225.2100067138672
1987-12-04,,,,223.9199981689453
1987-12-07,,,,228.75999450683594
1987-12-08,,,,234.91000366210938
1987-12-09,,,,238.88999938964844
1987-12-10,,,,233.57000732421875
1987-12-11,,,,235.32000732421875
1987-12-14,,,,242.19000244140625
1987-12-15,,,,242.80999755859375
1987-12-16,,,,248.0800018310547
1987-12-17,,,,242.97999572753906
1987-12-18,,,,249.16000366210938
1987-12-21,,,,249.5399932861328
1987-12-22,,,,249.9499969482422
1987-12-23,,,,253.16000366210938
1987-12-24,,,,252.02999877929688
1987-12-28,,,,245.57000732421875
1987-12-29,,,,244.58999633789062
1987-12-30,,,,247.86000061035156
1987-12-31,,,,247.0800018310547
1988-01-04,256.0199890136719,,,255.94000244140625
1988-01-05,258.7699890136719,,,258.6300048828125
1988-01-06,259.0299987792969,,,258.8900146484375
1988-01-07,261.2099914550781,,,261.07000732421875
1988-01-08,243.5500030517578,,,243.39999389648438
1988-01-11,247.6699981689453,,,247.49000549316406
1988-01-12,245.60000610351562,,,245.4199981689453
1988-01-13,246.02000427246094,,,245.80999755859375
1988-01-14,246.08999633789062,,,245.8800048828125
1988-01-15,252.2899932861328,,,252.0500030517578
1988-01-18,252.1199951171875,,,251.8800048828125
1988-01-19,249.57000732421875,,,249.32000732421875
1988-01-20,242.8699951171875,,,242.6300048828125
1988-01-21,243.3800048828125,,,243.13999938964844
1988-01-22,246.75,,,246.5
1988-01-25,252.50999450683594,,,252.1699981689453
1988-01-26,249.9499969482422,,,249.57000732421875
1988-01-27,249.75999450683594,,,249.3800048828125
1988-01-28,253.6699981689453,,,253.2899932861328
1988-01-29,257.4700012207031,,,257.07000732421875
1988-02-01,255.50999450683594,,,255.0399932861328
1988-02-02,256.1499938964844,,,255.57000732421875
1988-02-03,252.7899932861328,,,252.2100067138672
1988-02-04,252.97000122070312,,,252.2100067138672
1988-02-05,251.9199981689453,,,250.9600067138672
1988-02-08,250.10000610351562,,,249.10000610351562
1988-02-09,252.77000427246094,,,251.72000122070312
1988-02-10,257.760009765625,,,256.6600036621094
1988-02-11,257.05999755859375,,,255.9499969482422
1988-02-12,258.8699951171875,,,257.6300048828125
1988-02-16,261.1400146484375,,,259.8299865722656
1988-02-17,260.5400085449219,,,259.2099914550781
1988-02-18,259.2300109863281,,,257.9100036621094
1988-02-19,262.9599914550781,,,261.6099853515625
1988-02-22,267.0799865722656,,,265.6400146484375
1988-02-23,266.4800109863281,,,265.0199890136719
1988-02-24,265.9599914550781,,,264.42999267578125
1988-02-25,263.1000061035156,,,261.5799865722656
1988-02-26,263.989990234375,,,262.4599914550781
1988-02-29,269.4800109863281,,,267.82000732421875
1988-03-01,269.44000244140625,,,267.2200012207031
1988-03-02,269.75,,,267.9800109863281
1988-03-03,269.6499938964844,,,267.8800048828125
1988-03-04,269.1000061035156,,,267.29998779296875
1988-03-07,269.2200012207031,,,267.3800048828125
1988-03-08,271.3399963378906,,,269.42999267578125
1988-03-09,271.0299987792969,,,269.05999755859375
1988-03-10,265.7799987792969,,,263.8399963378906
1988-03-11,266.8999938964844,,,264.94000244140625
1988-03-14,268.3599853515625,,,266.3699951171875
1988-03-15,268.1300048828125,,,266.1300048828125
1988-03-16,270.8699951171875,,,268.6499938964844
1988-03-17,273.2699890136719,,,271.2200012207031
1988-03-18,273.17999267578125,,,271.1199951171875
1988-03-21,270.7900085449219,,,268.739990234375
1988-03-22,270.8999938964844,,,268.8399963378906
1988-03-23,270.9800109863281,,,268.9100036621094
1988-03-24,265.3800048828125,,,263.3500061035156
1988-03-25,260.7200012207031,,,258.510009765625
1988-03-28,260.2799987792969,,,258.05999755859375
1988-03-29,262.3299865722656,,,260.07000732421875
1988-03-30,260.32000732421875,,,258.07000732421875
1988-03-31,261.1499938964844,,,258.8900146484375
1988-04-04,258.4100036621094,,,256.0899963378906
1988-04-05,260.8900146484375,,,258.510009765625
1988-04-06,267.94000244140625,,,265.489990234375
1988-04-07,268.6099853515625,,,266.1600036621094
1988-04-08,271.9200134277344,,,269.42999267578125
1988-04-11,272.67999267578125,,,270.1600036621094
1988-04-12,273.8999938964844,,,271.3699951171875
1988-04-13,274.1099853515625,,,271.5799865722656
1988-04-14,262.2099914550781,,,259.75
1988-04-15,262.2300109863281,,,259.7699890136719
1988-04-18,261.67999267578125,,,259.2099914550781
1988-04-19,260.3900146484375,,,257.9200134277344
1988-04-20,258.5799865722656,,,256.1300048828125
1988-04-21,258.8800048828125,,,256.4200134277344
1988-04-22,262.6400146484375,,,260.1400146484375
1988-04-25,265.0400085449219,,,262.510009765625
1988-04-26,266.6099853515625,,,263.92999267578125
1988-04-27,266.5199890136719,,,263.79998779296875
1988-04-28,265.32000732421875,,,262.6099853515625
1988-04-29,264.0400085449219,,,261.3299865722656
1988-05-02,264.3299865722656,,,261.55999755859375
1988-05-03,265.8900146484375,,,263.0
1988-05-04,263.2300109863281,,,260.32000732421875
1988-05-05,261.8399963378906,,,258.7900085449219
1988-05-06,260.5899963378906,,,257.4800109863281
1988-05-09,259.8800048828125,,,256.5400085449219
1988-05-10,261.010009765625,,,257.6199951171875
1988-05-11,256.6499938964844,,,253.30999755859375
1988-05-12,257.2099914550781,,,253.85000610351562
1988-05-13,260.20001220703125,,,256.7799987792969
1988-05-16,262.2900085449219,,,258.7099914550781
1988-05-17,259.04998779296875,,,255.38999938964844
1988-05-18,255.02000427246094,,,251.35000610351562
1988-05-19,256.29998779296875,,,252.57000732421875
1988-05-20,256.760009765625,,,253.02000427246094
1988-05-23,254.5800018310547,,,250.8300018310547
1988-05-24,257.3299865722656,,,253.50999450683594
1988-05-25,257.6400146484375,,,253.75999450683594
1988-05-26,258.5299987792969,,,254.6300048828125
1988-05-27,257.3999938964844,,,253.4199981689453
1988-05-31,266.32000732421875,,,262.1600036621094
1988-06-01,270.95001220703125,,,266.69000244140625
1988-06-02,269.5799865722656,,,265.3299865722656
1988-06-03,270.739990234375,,,266.45001220703125
1988-06-06,271.4100036621094,,,267.04998779296875
1988-06-07,269.55999755859375,,,265.1700134277344
1988-06-08,276.0199890136719,,,271.5199890136719
1988-06-09,274.7799987792969,,,270.20001220703125
1988-06-10,275.8699951171875,,,271.260009765625
1988-06-13,276.07000732421875,,,271.42999267578125
1988-06-14,279.010009765625,,,274.29998779296875
1988-06-15,279.1700134277344,,,274.45001220703125
1988-06-16,274.4200134277344,,,269.7699890136719
1988-06-17,275.3599853515625,,,270.67999267578125
1988-06-20,273.6199951171875,,,268.94000244140625
1988-06-21,276.3999938964844,,,271.6700134277344
1988-06-22,280.4599914550781,,,275.6600036621094
1988-06-23,279.6099853515625,,,274.82000732421875
1988-06-24,278.739990234375,,,273.7799987792969
1988-06-27,273.9700012207031,,,269.05999755859375
1988-06-28,277.32000732421875,,,272.30999755859375
1988-06-29,275.9700012207031,,,270.9800109863281
1988-06-30,278.5400085449219,,,273.5
1988-07-01,276.8599853515625,,,271.7799987792969
1988-07-05,281.04998779296875,,,275.80999755859375
1988-07-06,277.19000244140625,,,272.0199890136719
1988-07-07,276.95001220703125,,,271.7799987792969
1988-07-08,275.1600036621094,,,270.0199890136719
1988-07-11,275.7300109863281,,,270.54998779296875
1988-07-12,272.9800109863281,,,267.8500061035156
1988-07-13,274.4800109863281,,,269.32000732421875
1988-07-14,275.4700012207031,,,270.260009765625
1988-07-15,277.2900085449219,,,272.04998779296875
1988-07-18,275.739990234375,,,270.510009765625
1988-07-19,273.67999267578125,,,268.4700012207031
1988-07-20,275.2300109863281,,,270.0
1988-07-21,271.8299865722656,,,266.6600036621094
1988-07-22,268.6099853515625,,,263.5
1988-07-25,269.8900146484375,,,264.67999267578125
1988-07-26,270.45001220703125,,,265.19000244140625
1988-07-27,267.760009765625,,,262.5
1988-07-28,271.3500061035156,,,266.0199890136719
1988-07-29,277.489990234375,,,272.0199890136719
1988-08-01,277.760009765625,,,272.2099914550781
1988-08-02,277.7099914550781,,,272.05999755859375
1988-08-03,278.67999267578125,,,272.9800109863281
1988-08-04,277.80999755859375,,,271.92999267578125
1988-08-05,277.07000732421875,,,271.1499938964844
1988-08-08,275.9599914550781,,,269.9800109863281
1988-08-09,272.57000732421875,,,266.489990234375
1988-08-10,267.8900146484375,,,261.8999938964844
1988-08-11,268.79998779296875,,,262.75
1988-08-12,268.6000061035156,,,262.54998779296875
1988-08-15,264.7699890136719,,,258.69000244140625
1988-08-16,266.7300109863281,,,260.55999755859375
1988-08-17,266.95001220703125,,,260.7699890136719
1988-08-18,267.239990234375,,,261.0299987792969
1988-08-19,266.45001220703125,,,260.239990234375
1988-08-22,263.17999267578125,,,256.9800109863281
1988-08-23,263.29998779296875,,,257.0899963378906
1988-08-24,267.44000244140625,,,261.1300048828125
1988-08-25,265.4599914550781,,,259.17999267578125
1988-08-26,266.0400085449219,,,259.67999267578125
1988-08-29,268.8599853515625,,,262.3299865722656
1988-08-30,269.0799865722656,,,262.510009765625
1988-08-31,268.07000732421875,,,261.5199890136719
1988-09-01,264.8500061035156,,,258.3500061035156
1988-09-02,271.19000244140625,,,264.4800109863281
1988-09-06,272.3699951171875,,,265.5899963378906
1988-09-07,272.6600036621094,,,265.8699951171875
1988-09-08,272.69000244140625,,,265.8800048828125
1988-09-09,273.7799987792969,,,266.8399963378906
1988-09-12,273.4100036621094,,,266.4700012207031
1988-09-13,274.4200134277344,,,267.42999267578125
1988-09-14,276.3599853515625,,,269.30999755859375
1988-09-15,275.1600036621094,,,268.1300048828125
1988-09-16,277.760009765625,,,270.6499938964844
1988-09-19,275.8900146484375,,,268.82000732421875
1988-09-20,276.92999267578125,,,269.7300109863281
1988-09-21,277.42999267578125,,,270.1600036621094
1988-09-22,276.4200134277344,,,269.17999267578125
1988-09-23,277.0199890136719,,,269.760009765625
1988-09-26,276.32000732421875,,,268.8800048828125
1988-09-27,275.70001220703125,,,268.260009765625
1988-09-28,276.54998779296875,,,269.0799865722656
1988-09-29,280.17999267578125,,,272.5899963378906
1988-09-30,279.489990234375,,,271.9100036621094
1988-10-03,279.0899963378906,,,271.3800048828125
1988-10-04,278.3500061035156,,,270.6199951171875
1988-10-05,279.6199951171875,,,271.8599853515625
1988-10-06,280.1700134277344,,,272.3900146484375
1988-10-07,286.0400085449219,,,278.07000732421875
1988-10-10,286.2099914550781,,,278.239990234375
1988-10-11,285.8999938964844,,,277.92999267578125
1988-10-12,281.8399963378906,,,273.9800109863281
1988-10-13,283.1199951171875,,,275.2200012207031
1988-10-14,283.44000244140625,,,275.5
1988-10-17,284.3900146484375,,,276.4100036621094
1988-10-18,287.4599914550781,,,279.3800048828125
1988-10-19,284.9800109863281,,,276.9700012207031
1988-10-20,291.05999755859375,,,282.8800048828125
1988-10-21,291.8699951171875,,,283.6600036621094
1988-10-24,290.489990234375,,,282.2799987792969
1988-10-25,290.6199951171875,,,282.3800048828125
1988-10-26,289.6600036621094,,,281.3800048828125
1988-10-27,285.44000244140625,,,277.2799987792969
1988-10-28,286.75,,,278.5299987792969
1988-10-31,287.2699890136719,,,278.9700012207031
1988-11-01,287.510009765625,,,279.05999755859375
1988-11-02,287.510009765625,,,279.05999755859375
1988-11-03,287.7099914550781,,,279.20001220703125
1988-11-04,284.9700012207031,,,276.30999755859375
1988-11-07,282.6499938964844,,,273.92999267578125
1988-11-08,283.9700012207031,,,275.1499938964844
1988-11-09,282.1499938964844,,,273.3299865722656
1988-11-10,282.5899963378906,,,273.69000244140625
1988-11-11,276.6300048828125,,,267.9200134277344
1988-11-14,276.54998779296875,,,267.7200012207031
1988-11-15,277.2099914550781,,,268.3399963378906
1988-11-16,272.6000061035156,,,263.82000732421875
1988-11-17,273.4200134277344,,,264.6000061035156
1988-11-18,275.42999267578125,,,266.4700012207031
1988-11-21,275.19000244140625,,,266.2200012207031
1988-11-22,276.2099914550781,,,267.2099914550781
1988-11-23,278.0899963378906,,,269.0
1988-11-25,276.3599853515625,,,267.2300109863281
1988-11-28,277.8900146484375,,,268.6400146484375
1988-11-29,280.2900085449219,,,270.9100036621094
1988-11-30,283.17999267578125,,,273.70001220703125
1988-12-01,281.95001220703125,,,272.489990234375
1988-12-02,281.30999755859375,,,271.80999755859375
1988-12-05,284.6000061035156,,,274.92999267578125
1988-12-06,287.3900146484375,,,277.5899963378906
1988-12-07,287.9599914550781,,,278.1300048828125
1988-12-08,286.3500061035156,,,276.5899963378906
1988-12-09,286.92999267578125,,,277.0299987792969
1988-12-12,286.42999267578125,,,276.5199890136719
1988-12-13,286.239990234375,,,276.30999755859375
1988-12-14,285.2200012207031,,,275.30999755859375
1988-12-15,284.1600036621094,,,274.2799987792969
1988-12-16,286.260009765625,,,276.2900085449219
1988-12-19,288.9800109863281,,,278.9100036621094
1988-12-20,287.5,,,277.4700012207031
1988-12-21,287.4100036621094,,,277.3800048828125
1988-12-22,286.8900146484375,,,276.8699951171875
1988-12-23,288.1700134277344,,,277.8699951171875
1988-12-27,287.1000061035156,,,276.8299865722656
1988-12-28,287.3699951171875,,,277.0799865722656
1988-12-29,289.80999755859375,,,279.3999938964844
1988-12-30,288.1199951171875,,,277.7200012207031
1989-01-03,285.6499938964844,,,275.30999755859375
1989-01-04,289.989990234375,,,279.42999267578125
1989-01-05,290.6099853515625,,,280.010009765625
1989-01-06,291.2900085449219,,,280.6700134277344
1989-01-09,291.6499938964844,,,280.9800109863281
1989-01-10,291.0299987792969,,,280.3800048828125
1989-01-11,292.7300109863281,,,282.010009765625
1989-01-12,293.92999267578125,,,283.1700134277344
1989-01-13,294.7200012207031,,,283.8699951171875
1989-01-16,295.0,,,284.1400146484375
1989-01-17,294.3900146484375,,,283.54998779296875
1989-01-18,297.4800109863281,,,286.5299987792969
1989-01-19,297.8699951171875,,,286.9100036621094
1989-01-20,297.6000061035156,,,286.6300048828125
1989-01-23,295.44000244140625,,,284.5
1989-01-24,299.6400146484375,,,288.489990234375
1989-01-25,300.3500061035156,,,289.1400146484375
1989-01-26,303.0199890136719,,,291.69000244140625
1989-01-27,305.239990234375,,,293.82000732421875
1989-01-30,306.510009765625,,,294.989990234375
1989-01-31,309.2099914550781,,,297.4700012207031
1989-02-01,308.8599853515625,,,297.0899963378906
1989-02-02,308.760009765625,,,296.8399963378906
1989-02-03,308.9100036621094,,,296.9700012207031
1989-02-06,308.1600036621094,,,296.0400085449219
1989-02-07,311.92999267578125,,,299.6300048828125
1989-02-08,310.9200134277344,,,298.6499938964844
1989-02-09,308.29998779296875,,,296.05999755859375
1989-02-10,304.19000244140625,,,292.0199890136719
1989-02-13,304.8800048828125,,,292.5400085449219
1989-02-14,304.20001220703125,,,291.80999755859375
1989-02-15,306.760009765625,,,294.239990234375
1989-02-16,307.3599853515625,,,294.80999755859375
1989-02-17,309.489990234375,,,296.760009765625
1989-02-21,308.69000244140625,,,295.9800109863281
1989-02-22,303.4200134277344,,,290.9100036621094
1989-02-23,304.69000244140625,,,292.04998779296875
1989-02-24,299.55999755859375,,,287.1300048828125
1989-02-27,300.3800048828125,,,287.82000732421875
1989-02-28,301.510009765625,,,288.8599853515625
1989-03-01,299.7699890136719,,,287.1099853515625
1989-03-02,302.7699890136719,,,289.95001220703125
1989-03-03,304.05999755859375,,,291.17999267578125
1989-03-06,307.92999267578125,,,294.80999755859375
1989-03-07,306.9800109863281,,,293.8699951171875
1989-03-08,307.2099914550781,,,294.0799865722656
1989-03-09,307.17999267578125,,,293.92999267578125
1989-03-10,306.1000061035156,,,292.8800048828125
1989-03-13,308.67999267578125,,,295.32000732421875
1989-03-14,308.510009765625,,,295.1400146484375
1989-03-15,310.1300048828125,,,296.6700134277344
1989-03-16,313.0299987792969,,,299.44000244140625
1989-03-17,305.989990234375,,,292.69000244140625
1989-03-20,303.1000061035156,,,289.9200134277344
1989-03-21,304.5799865722656,,,291.3299865722656
1989-03-22,303.70001220703125,,,290.489990234375
1989-03-23,302.1199951171875,,,288.9800109863281
1989-03-27,303.9800109863281,,,290.57000732421875
1989-03-28,305.05999755859375,,,291.5899963378906
1989-03-29,305.8599853515625,,,292.3500061035156
1989-03-30,306.0799865722656,,,292.5199890136719
1989-03-31,308.5400085449219,,,294.8699951171875
1989-04-03,310.2099914550781,,,296.3900146484375
1989-04-04,309.2200012207031,,,295.30999755859375
1989-04-05,310.20001220703125,,,296.239990234375
1989-04-06,309.2099914550781,,,295.2900085449219
1989-04-07,311.1600036621094,,,297.1600036621094
1989-04-10,311.1499938964844,,,297.1099853515625
1989-04-11,312.6000061035156,,,298.489990234375
1989-04-12,313.1300048828125,,,298.989990234375
1989-04-13,310.44000244140625,,,296.3999938964844
1989-04-14,315.6400146484375,,,301.3599853515625
1989-04-17,316.0400085449219,,,301.7200012207031
1989-04-18,320.57000732421875,,,306.0199890136719
1989-04-19,321.760009765625,,,307.1499938964844
1989-04-20,320.760009765625,,,306.19000244140625
1989-04-21,324.3399963378906,,,309.6099853515625
1989-04-24,323.44000244140625,,,308.69000244140625
1989-04-25,321.4599914550781,,,306.75
1989-04-26,321.7099914550781,,,306.92999267578125
1989-04-27,324.489990234375,,,309.5799865722656
1989-04-28,324.55999755859375,,,309.6400146484375
1989-05-01,324.1099853515625,,,309.1199951171875
1989-05-02,323.1400146484375,,,308.1199951171875
1989-05-03,323.239990234375,,,308.1600036621094
1989-05-04,323.0199890136719,,,307.7699890136719
1989-05-05,322.95001220703125,,,307.6099853515625
1989-05-08,321.3999938964844,,,306.0
1989-05-09,320.739990234375,,,305.19000244140625
1989-05-10,321.3999938964844,,,305.79998779296875
1989-05-11,322.6300048828125,,,306.95001220703125
1989-05-12,329.8900146484375,,,313.8399963378906
1989-05-15,332.4599914550781,,,316.1600036621094
1989-05-16,331.7300109863281,,,315.2799987792969
1989-05-17,334.04998779296875,,,317.4800109863281
1989-05-18,334.6000061035156,,,317.9700012207031
1989-05-19,338.04998779296875,,,321.239990234375
1989-05-22,338.9200134277344,,,321.9800109863281
1989-05-23,335.07000732421875,,,318.32000732421875
1989-05-24,335.9800109863281,,,319.1400146484375
1989-05-25,336.0899963378906,,,319.1700134277344
1989-05-26,338.739990234375,,,321.5899963378906
1989-05-30,336.1400146484375,,,319.04998779296875
1989-05-31,337.69000244140625,,,320.5199890136719
1989-06-01,339.25,,,321.9700012207031
1989-06-02,343.0,,,325.5199890136719
1989-06-05,339.3800048828125,,,322.0299987792969
1989-06-06,341.79998779296875,,,324.239990234375
1989-06-07,344.6600036621094,,,326.95001220703125
1989-06-08,344.45001220703125,,,326.75
1989-06-09,344.510009765625,,,326.69000244140625
1989-06-12,344.07000732421875,,,326.239990234375
1989-06-13,341.6300048828125,,,323.9100036621094
1989-06-14,341.55999755859375,,,323.8299865722656
1989-06-15,337.6099853515625,,,320.0799865722656
1989-06-16,338.95001220703125,,,321.3500061035156
1989-06-19,339.57000732421875,,,321.8900146484375
1989-06-20,338.9200134277344,,,321.25
1989-06-21,338.1099853515625,,,320.4800109863281
1989-06-22,341.1099853515625,,,322.32000732421875
1989-06-23,346.0400085449219,,,328.0
1989-06-26,344.7699890136719,,,326.6000061035156
1989-06-27,346.7200012207031,,,328.44000244140625
1989-06-28,343.989990234375,,,325.80999755859375
1989-06-29,337.5199890136719,,,319.67999267578125
1989-06-30,335.7799987792969,,,317.9800109863281
1989-07-03,337.19000244140625,,,319.2300109863281
1989-07-05,338.7200012207031,,,320.6400146484375
1989-07-06,339.7300109863281,,,321.54998779296875
1989-07-07,343.2799987792969,,,324.9100036621094
1989-07-10,345.6000061035156,,,327.07000732421875
1989-07-11,347.4100036621094,,,328.7799987792969
1989-07-12,348.510009765625,,,329.80999755859375
1989-07-13,348.6499938964844,,,329.95001220703125
1989-07-14,350.69000244140625,,,331.8399963378906
1989-07-17,351.3599853515625,,,332.44000244140625
1989-07-18,350.2300109863281,,,331.3500061035156
1989-07-19,354.8599853515625,,,335.7300109863281
1989-07-20,352.510009765625,,,333.510009765625
1989-07-21,355.0400085449219,,,335.8999938964844
1989-07-24,352.75,,,333.6700134277344
1989-07-25,353.0,,,333.8800048828125
1989-07-26,357.44000244140625,,,338.04998779296875
1989-07-27,361.6700134277344,,,341.989990234375
1989-07-28,361.8500061035156,,,342.1499938964844
1989-07-31,366.1000061035156,,,346.0799865722656
1989-08-01,363.7699890136719,,,343.75
1989-08-02,364.45001220703125,,,344.3399963378906
1989-08-03,365.0299987792969,,,344.739990234375
1989-08-04,364.2099914550781,,,343.9200134277344
1989-08-07,370.1000061035156,,,349.4100036621094
1989-08-08,370.17999267578125,,,349.3500061035156
1989-08-09,367.69000244140625,,,346.94000244140625
1989-08-10,369.1199951171875,,,348.25
1989-08-11,365.4800109863281,,,344.739990234375
1989-08-14,363.8299865722656,,,343.05999755859375
1989-08-15,365.6000061035156,,,344.7099914550781
1989-08-16,366.6700134277344,,,345.6600036621094
1989-08-17,365.4100036621094,,,344.45001220703125
1989-08-18,367.0899963378906,,,346.0299987792969
1989-08-21,361.4700012207031,,,340.6700134277344
1989-08-22,362.07000732421875,,,341.19000244140625
1989-08-23,365.7900085449219,,,344.70001220703125
1989-08-24,373.0299987792969,,,351.5199890136719
1989-08-25,372.0199890136719,,,350.5199890136719
1989-08-28,373.8500061035156,,,352.0899963378906
1989-08-29,371.5299987792969,,,349.8399963378906
1989-08-30,372.3999938964844,,,350.6499938964844
1989-08-31,373.25,,,351.45001220703125
1989-09-01,375.7799987792969,,,353.7300109863281
1989-09-05,374.5799865722656,,,352.55999755859375
1989-09-06,371.07000732421875,,,349.239990234375
1989-09-07,370.1400146484375,,,348.3500061035156
1989-09-08,370.5799865722656,,,348.760009765625
1989-09-11,369.54998779296875,,,347.6600036621094
1989-09-12,370.69000244140625,,,348.70001220703125
1989-09-13,367.25,,,345.4599914550781
1989-09-14,364.8299865722656,,,343.1600036621094
1989-09-15,366.8599853515625,,,345.05999755859375
1989-09-18,368.6499938964844,,,346.7300109863281
1989-09-19,368.6199951171875,,,346.54998779296875
1989-09-20,368.5400085449219,,,346.4700012207031
1989-09-21,367.7799987792969,,,345.70001220703125
1989-09-22,369.2200012207031,,,347.04998779296875
1989-09-25,366.3800048828125,,,344.2300109863281
1989-09-26,366.5,,,344.3299865722656
1989-09-27,367.3299865722656,,,345.1000061035156
1989-09-28,371.1199951171875,,,348.6000061035156
1989-09-29,371.739990234375,,,349.1499938964844
1989-10-02,373.5899963378906,,,350.8699951171875
1989-10-03,377.8299865722656,,,354.7099914550781
1989-10-04,380.260009765625,,,356.94000244140625
1989-10-05,380.29998779296875,,,356.9700012207031
1989-10-06,382.25,,,358.7799987792969
1989-10-09,383.3399963378906,,,359.79998779296875
1989-10-10,382.6300048828125,,,359.1300048828125
1989-10-11,380.3599853515625,,,356.989990234375
1989-10-12,378.6499938964844,,,355.3900146484375
1989-10-13,355.489990234375,,,333.6499938964844
1989-10-16,365.3599853515625,,,342.8500061035156
1989-10-17,363.5799865722656,,,341.1600036621094
1989-10-18,364.2200012207031,,,341.760009765625
1989-10-19,369.95001220703125,,,347.1300048828125
1989-10-20,369.989990234375,,,347.1600036621094
1989-10-23,367.54998779296875,,,344.8299865722656
1989-10-24,366.3500061035156,,,343.70001220703125
1989-10-25,365.1199951171875,,,342.5
1989-10-26,360.32000732421875,,,337.92999267578125
1989-10-27,357.260009765625,,,335.05999755859375
1989-10-30,357.3299865722656,,,335.07000732421875
1989-10-31,363.1099853515625,,,340.3599853515625
1989-11-01,364.010009765625,,,341.20001220703125
1989-11-02,361.30999755859375,,,338.4800109863281
1989-11-03,360.4100036621094,,,337.6199951171875
1989-11-06,355.19000244140625,,,332.6099853515625
1989-11-07,357.69000244140625,,,334.80999755859375
1989-11-08,361.2799987792969,,,338.1499938964844
1989-11-09,359.70001220703125,,,336.57000732421875
1989-11-10,362.5,,,339.1000061035156
1989-11-13,363.1199951171875,,,339.54998779296875
1989-11-14,361.5,,,337.989990234375
1989-11-15,364.25,,,340.5400085449219
1989-11-16,364.3599853515625,,,340.5799865722656
1989-11-17,365.5,,,341.6099853515625
1989-11-20,363.1300048828125,,,339.3500061035156
1989-11-21,363.3900146484375,,,339.5899963378906
1989-11-22,365.8699951171875,,,341.9100036621094
1989-11-24,368.1199951171875,,,343.9700012207031
1989-11-27,370.0400085449219,,,345.6099853515625
1989-11-28,370.2699890136719,,,345.7699890136719
1989-11-29,367.95001220703125,,,343.6000061035156
1989-11-30,370.510009765625,,,345.989990234375
1989-12-01,375.5199890136719,,,350.6300048828125
1989-12-04,376.5199890136719,,,351.4100036621094
1989-12-05,374.6199951171875,,,349.5799865722656
1989-12-06,373.5199890136719,,,348.54998779296875
1989-12-07,372.5199890136719,,,347.5899963378906
1989-12-08,373.70001220703125,,,348.69000244140625
1989-12-11,373.7200012207031,,,348.55999755859375
1989-12-12,377.1499938964844,,,351.7300109863281
1989-12-13,378.25,,,352.75
1989-12-14,376.29998779296875,,,350.92999267578125
1989-12-15,375.3800048828125,,,350.1400146484375
1989-12-18,368.57000732421875,,,343.69000244140625
1989-12-19,367.2699890136719,,,342.4599914550781
1989-12-20,367.69000244140625,,,342.8399963378906
1989-12-21,369.7799987792969,,,344.7799987792969
1989-12-22,372.80999755859375,,,347.4200134277344
1989-12-26,372.2300109863281,,,346.80999755859375
1989-12-27,374.3800048828125,,,348.80999755859375
1989-12-28,376.3800048828125,,,350.6700134277344
1989-12-29,379.4100036621094,,,353.3999938964844
1990-01-02,386.1600036621094,,,359.69000244140625
1990-01-03,385.1700134277344,,,358.760009765625
1990-01-04,382.0199890136719,,,355.6700134277344
1990-01-05,378.29998779296875,,,352.20001220703125
1990-01-08,380.0400085449219,,,353.7900085449219
1990-01-09,375.55999755859375,,,349.6199951171875
1990-01-10,373.0899963378906,,,347.30999755859375
1990-01-11,374.3999938964844,,,348.5299987792969
1990-01-12,365.2200012207031,,,339.92999267578125
1990-01-15,362.0799865722656,,,337.0
1990-01-16,366.1199951171875,,,340.75
1990-01-17,362.5400085449219,,,337.3999938964844
1990-01-18,363.3800048828125,,,338.19000244140625
1990-01-19,364.42999267578125,,,339.1499938964844
1990-01-22,355.0400085449219,,,330.3800048828125
1990-01-23,356.3599853515625,,,331.6099853515625
1990-01-24,348.44000244140625,,,330.260009765625
1990-01-25,350.5199890136719,,,326.0799865722656
1990-01-26,350.25,,,325.79998779296875
1990-01-29,349.6700134277344,,,325.20001220703125
1990-01-30,347.3800048828125,,,322.9800109863281
1990-01-31,353.94000244140625,,,329.0799865722656
1990-02-01,353.67999267578125,,,328.7900085449219
1990-02-02,356.0299987792969,,,330.9200134277344
1990-02-05,357.2799987792969,,,331.8500061035156
1990-02-06,355.04998779296875,,,329.6600036621094
1990-02-07,359.5299987792969,,,333.75
1990-02-08,358.70001220703125,,,332.9599914550781
1990-02-09,359.5799865722656,,,333.6199951171875
1990-02-12,355.8900146484375,,,330.0799865722656
1990-02-13,357.010009765625,,,331.0199890136719
1990-02-14,358.1000061035156,,,332.010009765625
1990-02-15,361.2300109863281,,,334.8900146484375
1990-02-16,358.989990234375,,,332.7200012207031
1990-02-20,353.9100036621094,,,327.989990234375
1990-02-21,353.57000732421875,,,327.6700134277344
1990-02-22,351.4800109863281,,,325.70001220703125
1990-02-23,349.8999938964844,,,324.1499938964844
1990-02-26,354.8800048828125,,,328.6700134277344
1990-02-27,356.6600036621094,,,330.260009765625
1990-02-28,358.5,,,331.8900146484375
1990-03-01,359.4599914550781,,,332.739990234375
1990-03-02,362.489990234375,,,335.5400085449219
1990-03-05,360.67999267578125,,,333.739990234375
1990-03-06,365.239990234375,,,337.92999267578125
1990-03-07,364.19000244140625,,,336.95001220703125
1990-03-08,367.7900085449219,,,340.2699890136719
1990-03-09,365.4200134277344,,,337.92999267578125
1990-03-12,366.239990234375,,,338.6700134277344
1990-03-13,363.3699951171875,,,336.0
1990-03-14,364.32000732421875,,,336.8699951171875
1990-03-15,365.6300048828125,,,338.07000732421875
1990-03-16,369.7900085449219,,,341.9100036621094
1990-03-19,371.55999755859375,,,343.5299987792969
1990-03-20,369.4700012207031,,,341.57000732421875
1990-03-21,367.489990234375,,,339.739990234375
1990-03-22,363.1099853515625,,,335.69000244140625
1990-03-23,364.7699890136719,,,337.2200012207031
1990-03-26,365.44000244140625,,,337.6300048828125
1990-03-27,369.6400146484375,,,341.5
1990-03-28,370.19000244140625,,,342.0
1990-03-29,368.8800048828125,,,340.7900085449219
1990-03-30,368.0,,,339.94000244140625
1990-04-02,366.7200012207031,,,338.70001220703125
1990-04-03,372.1300048828125,,,343.6400146484375
1990-04-04,369.5299987792969,,,341.0899963378906
1990-04-05,369.1499938964844,,,340.7300109863281
1990-04-06,368.4800109863281,,,340.0799865722656
1990-04-09,369.8900146484375,,,341.3699951171875
1990-04-10,370.6499938964844,,,342.07000732421875
1990-04-11,370.489990234375,,,341.9200134277344
1990-04-12,373.1400146484375,,,344.3399963378906
1990-04-16,373.6099853515625,,,344.739990234375
1990-04-17,373.54998779296875,,,344.67999267578125
1990-04-18,369.2799987792969,,,340.7200012207031
1990-04-19,366.42999267578125,,,338.0899963378906
1990-04-20,363.2200012207031,,,335.1199951171875
1990-04-23,358.8500061035156,,,331.04998779296875
1990-04-24,358.1300048828125,,,330.3599853515625
1990-04-25,359.9800109863281,,,332.0299987792969
1990-04-26,361.0,,,332.9200134277344
1990-04-27,356.8800048828125,,,329.1099853515625
1990-04-30,358.82000732421875,,,330.79998779296875
1990-05-01,360.4800109863281,,,332.25
1990-05-02,362.9200134277344,,,334.4800109863281
1990-05-03,364.2099914550781,,,335.57000732421875
1990-05-04,367.4599914550781,,,338.3900146484375
1990-05-07,369.8999938964844,,,340.5299987792969
1990-05-08,371.6400146484375,,,342.010009765625
1990-05-09,372.6400146484375,,,342.8599853515625
1990-05-10,373.739990234375,,,343.82000732421875
1990-05-11,382.7200012207031,,,352.0
1990-05-14,385.8900146484375,,,354.75
1990-05-15,385.3999938964844,,,354.2799987792969
1990-05-16,385.17999267578125,,,354.0
1990-05-17,385.7099914550781,,,354.4700012207031
1990-05-18,385.8999938964844,,,354.6400146484375
1990-05-21,389.6400146484375,,,358.0
1990-05-22,390.3299865722656,,,358.42999267578125
1990-05-23,391.2799987792969,,,359.2900085449219
1990-05-24,390.3699951171875,,,358.4100036621094
1990-05-25,386.3800048828125,,,354.5799865722656
1990-05-29,393.0799865722656,,,360.6499938964844
1990-05-30,393.32000732421875,,,360.8599853515625
1990-05-31,393.79998779296875,,,361.2300109863281
1990-06-01,395.94000244140625,,,363.1600036621094
1990-06-04,400.6400146484375,,,367.3999938964844
1990-06-05,399.8599853515625,,,366.6400146484375
1990-06-06,398.04998779296875,,,364.9599914550781
1990-06-07,396.0899963378906,,,363.1499938964844
1990-06-08,391.260009765625,,,358.7099914550781
1990-06-11,394.6099853515625,,,361.6300048828125
1990-06-12,399.6700134277344,,,366.25
1990-06-13,398.2099914550781,,,364.8999938964844
1990-06-14,396.0400085449219,,,362.8999938964844
1990-06-15,396.05999755859375,,,362.9100036621094
1990-06-18,389.5,,,356.8800048828125
1990-06-19,391.2699890136719,,,358.4700012207031
1990-06-20,391.9599914550781,,,359.1000061035156
1990-06-21,393.4599914550781,,,360.4700012207031
1990-06-22,387.9599914550781,,,355.42999267578125
1990-06-25,384.7799987792969,,,352.30999755859375
1990-06-26,384.5199890136719,,,352.05999755859375
1990-06-27,387.8900146484375,,,355.1400146484375
1990-06-28,390.6400146484375,,,357.6300048828125
1990-06-29,391.1400146484375,,,358.0199890136719
1990-07-02,392.80999755859375,,,359.5400085449219
1990-07-03,393.6600036621094,,,360.1600036621094
1990-07-05,388.82000732421875,,,355.67999267578125
1990-07-06,391.82000732421875,,,358.4200134277344
1990-07-09,393.04998779296875,,,359.5199890136719
1990-07-10,389.75,,,356.489990234375
1990-07-11,394.92999267578125,,,361.2300109863281
1990-07-12,399.5299987792969,,,365.44000244140625
1990-07-13,401.5799865722656,,,367.30999755859375
1990-07-16,403.4599914550781,,,368.95001220703125
1990-07-17,401.8999938964844,,,367.5199890136719
1990-07-18,398.30999755859375,,,364.2200012207031
1990-07-19,399.5199890136719,,,365.32000732421875
1990-07-20,395.4599914550781,,,361.6099853515625
1990-07-23,388.6099853515625,,,355.30999755859375
1990-07-24,389.1400146484375,,,355.7900085449219
1990-07-25,390.5899963378906,,,357.0899963378906
1990-07-26,389.3299865722656,,,355.9100036621094
1990-07-27,386.70001220703125,,,353.44000244140625
1990-07-30,389.1000061035156,,,355.54998779296875
1990-07-31,389.8900146484375,,,356.1499938964844
1990-08-01,389.2200012207031,,,355.5199890136719
1990-08-02,384.8599853515625,,,351.4800109863281
1990-08-03,377.6700134277344,,,344.8599853515625
1990-08-06,366.510009765625,,,334.42999267578125
1990-08-07,367.1099853515625,,,334.8299865722656
1990-08-08,370.9800109863281,,,338.3500061035156
1990-08-09,372.80999755859375,,,339.94000244140625
1990-08-10,368.07000732421875,,,335.5199890136719
1990-08-13,371.8299865722656,,,338.8399963378906
1990-08-14,372.489990234375,,,339.3900146484375
1990-08-15,373.25,,,340.05999755859375
1990-08-16,364.9100036621094,,,332.3900146484375
1990-08-17,359.8999938964844,,,327.8299865722656
1990-08-20,360.7200012207031,,,328.510009765625
1990-08-21,353.4599914550781,,,321.8599853515625
1990-08-22,347.6400146484375,,,316.54998779296875
1990-08-23,337.2200012207031,,,307.05999755859375
1990-08-24,342.1099853515625,,,311.510009765625
1990-08-27,353.1499938964844,,,321.44000244140625
1990-08-28,353.1700134277344,,,321.3399963378906
1990-08-29,356.3299865722656,,,324.19000244140625
1990-08-30,350.30999755859375,,,318.7099914550781
1990-08-31,354.6499938964844,,,322.55999755859375
1990-09-04,355.32000732421875,,,323.0899963378906
1990-09-05,356.75,,,324.3900146484375
1990-09-06,352.45001220703125,,,320.4599914550781
1990-09-07,355.69000244140625,,,323.3999938964844
1990-09-10,353.9100036621094,,,321.6300048828125
1990-09-11,353.32000732421875,,,321.0400085449219
1990-09-12,354.9700012207031,,,322.5400085449219
1990-09-13,350.69000244140625,,,318.6499938964844
1990-09-14,348.70001220703125,,,316.8299865722656
1990-09-17,349.760009765625,,,317.7699890136719
1990-09-18,350.8699951171875,,,318.6000061035156
1990-09-19,348.6700134277344,,,316.6000061035156
1990-09-20,343.1099853515625,,,311.4800109863281
1990-09-21,342.92999267578125,,,311.32000732421875
1990-09-24,335.6700134277344,,,304.5899963378906
1990-09-25,339.75,,,308.260009765625
1990-09-26,336.2300109863281,,,305.05999755859375
1990-09-27,331.7900085449219,,,300.9700012207031
1990-09-28,337.3900146484375,,,306.04998779296875
1990-10-01,347.29998779296875,,,314.94000244140625
1990-10-02,347.6000061035156,,,315.2099914550781
1990-10-03,343.6199951171875,,,311.3999938964844
1990-10-04,345.04998779296875,,,312.69000244140625
1990-10-05,343.75,,,311.5
1990-10-08,345.92999267578125,,,313.4800109863281
1990-10-09,336.7099914550781,,,305.1000061035156
1990-10-10,331.5199890136719,,,300.3900146484375
1990-10-11,326.0799865722656,,,295.4599914550781
1990-10-12,331.1199951171875,,,300.0299987792969
1990-10-15,334.7300109863281,,,303.2300109863281
1990-10-16,329.9800109863281,,,298.9200134277344
1990-10-17,329.82000732421875,,,298.760009765625
1990-10-18,337.5299987792969,,,305.739990234375
1990-10-19,344.9800109863281,,,312.4800109863281
1990-10-22,347.5400085449219,,,314.760009765625
1990-10-23,344.8999938964844,,,312.3599853515625
1990-10-24,345.1700134277344,,,312.6000061035156
1990-10-25,342.510009765625,,,310.1700134277344
1990-10-26,336.57000732421875,,,304.7099914550781
1990-10-29,333.510009765625,,,301.8800048828125
1990-10-30,336.010009765625,,,304.05999755859375
1990-10-31,335.95001220703125,,,304.0
1990-11-01,339.3500061035156,,,307.0199890136719
1990-11-02,344.7300109863281,,,311.8500061035156
1990-11-05,348.20001220703125,,,314.5899963378906
1990-11-06,345.0,,,311.6199951171875
1990-11-07,338.80999755859375,,,306.010009765625
1990-11-08,340.760009765625,,,307.6099853515625
1990-11-09,347.7099914550781,,,313.739990234375
1990-11-12,354.07000732421875,,,319.4800109863281
1990-11-13,352.1099853515625,,,317.6700134277344
1990-11-14,355.20001220703125,,,320.3999938964844
1990-11-15,351.4700012207031,,,317.0199890136719
1990-11-16,351.69000244140625,,,317.1199951171875
1990-11-19,354.1600036621094,,,319.3399963378906
1990-11-20,349.70001220703125,,,315.30999755859375
1990-11-21,350.5199890136719,,,316.0299987792969
1990-11-23,349.5,,,315.1000061035156
1990-11-26,351.17999267578125,,,316.510009765625
1990-11-27,353.0799865722656,,,318.1000061035156
1990-11-28,352.9200134277344,,,317.95001220703125
1990-11-29,351.2300109863281,,,316.4200134277344
1990-11-30,357.6700134277344,,,322.2200012207031
1990-12-03,360.0,,,324.1000061035156
1990-12-04,362.57000732421875,,,326.3500061035156
1990-12-05,366.5400085449219,,,329.9200134277344
1990-12-06,365.6199951171875,,,329.07000732421875
1990-12-07,364.1700134277344,,,327.75
1990-12-10,365.5,,,328.8900146484375
1990-12-11,362.9200134277344,,,326.44000244140625
1990-12-12,367.0899963378906,,,330.19000244140625
1990-12-13,366.1700134277344,,,329.3399963378906
1990-12-14,363.3699951171875,,,326.82000732421875
1990-12-17,362.5,,,326.0199890136719
1990-12-18,367.0,,,330.04998779296875
1990-12-19,367.19000244140625,,,330.20001220703125
1990-12-20,367.1000061035156,,,330.1199951171875
1990-12-21,368.9100036621094,,,331.75
1990-12-24,367.1300048828125,,,329.8999938964844
1990-12-26,368.2099914550781,,,330.8500061035156
1990-12-27,365.3699951171875,,,328.2900085449219
1990-12-28,365.9599914550781,,,328.7200012207031
1990-12-31,367.6300048828125,,,330.2200012207031
1991-01-02,363.44000244140625,,,326.45001220703125
1991-01-03,358.3999938964844,,,321.9100036621094
1991-01-04,357.510009765625,,,321.0
1991-01-07,351.3900146484375,,,315.44000244140625
1991-01-08,350.7900085449219,,,314.8999938964844
1991-01-09,347.0199890136719,,,311.489990234375
1991-01-10,350.3999938964844,,,314.5299987792969
1991-01-11,351.19000244140625,,,315.2300109863281
1991-01-14,348.2200012207031,,,312.489990234375
1991-01-15,349.6099853515625,,,313.7300109863281
1991-01-16,352.3500061035156,,,316.1700134277344
1991-01-17,365.5,,,327.9700012207031
1991-01-18,370.2799987792969,,,332.2300109863281
1991-01-21,368.9800109863281,,,331.05999755859375
1991-01-22,365.9200134277344,,,328.30999755859375
1991-01-23,368.04998779296875,,,330.2099914550781
1991-01-24,373.2099914550781,,,334.7799987792969
1991-01-25,374.6600036621094,,,336.07000732421875
1991-01-28,374.69000244140625,,,336.0299987792969
1991-01-29,374.5799865722656,,,335.8399963378906
1991-01-30,380.2699890136719,,,340.9100036621094
1991-01-31,383.6400146484375,,,343.92999267578125
1991-02-01,382.67999267578125,,,343.04998779296875
1991-02-04,388.8599853515625,,,348.3399963378906
1991-02-05,392.3299865722656,,,351.260009765625
1991-02-06,399.95001220703125,,,358.07000732421875
1991-02-07,398.3399963378906,,,356.5199890136719
1991-02-08,401.55999755859375,,,359.3500061035156
1991-02-11,412.05999755859375,,,368.5799865722656
1991-02-12,408.67999267578125,,,365.5
1991-02-13,412.70001220703125,,,369.0199890136719
1991-02-14,407.3500061035156,,,364.2200012207031
1991-02-15,412.8399963378906,,,369.05999755859375
1991-02-19,413.239990234375,,,369.3900146484375
1991-02-20,408.5,,,365.1400146484375
1991-02-21,408.30999755859375,,,364.9700012207031
1991-02-22,409.17999267578125,,,365.6499938964844
1991-02-25,411.1199951171875,,,367.260009765625
1991-02-26,406.2099914550781,,,362.80999755859375
1991-02-27,411.75,,,367.739990234375
1991-02-28,411.0799865722656,,,367.07000732421875
1991-03-01,414.9200134277344,,,370.4700012207031
1991-03-04,413.7799987792969,,,369.3299865722656
1991-03-05,422.1000061035156,,,376.7200012207031
1991-03-06,421.5,,,376.1700134277344
1991-03-07,421.25,,,375.9100036621094
1991-03-08,420.239990234375,,,374.95001220703125
1991-03-11,418.1300048828125,,,372.9599914550781
1991-03-12,414.8699951171875,,,370.0299987792969
1991-03-13,419.9800109863281,,,374.57000732421875
1991-03-14,418.7900085449219,,,373.5
1991-03-15,418.8900146484375,,,373.5899963378906
1991-03-18,417.239990234375,,,372.1099853515625
1991-03-19,411.0799865722656,,,366.5899963378906
1991-03-20,412.5799865722656,,,367.9200134277344
1991-03-21,411.0799865722656,,,366.5799865722656
1991-03-22,412.2799987792969,,,367.4800109863281
1991-03-25,414.9700012207031,,,369.8299865722656
1991-03-26,422.2300109863281,,,376.29998779296875
1991-03-27,421.1700134277344,,,375.3500061035156
1991-03-28,421.0299987792969,,,375.2200012207031
1991-04-01,416.739990234375,,,371.29998779296875
1991-04-02,425.9700012207031,,,379.5
1991-04-03,425.3800048828125,,,378.94000244140625
1991-04-04,426.5,,,379.7699890136719
1991-04-05,421.54998779296875,,,375.3599853515625
1991-04-08,425.2699890136719,,,378.6600036621094
1991-04-09,419.57000732421875,,,373.55999755859375
1991-04-10,419.1099853515625,,,373.1499938964844
1991-04-11,424.1499938964844,,,377.6300048828125
1991-04-12,427.260009765625,,,380.3999938964844
1991-04-15,428.2300109863281,,,381.19000244140625
1991-04-16,435.4599914550781,,,387.6199951171875
1991-04-17,438.6499938964844,,,390.45001220703125
1991-04-18,436.4200134277344,,,388.4599914550781
1991-04-19,431.6499938964844,,,384.20001220703125
1991-04-22,428.0299987792969,,,380.95001220703125
1991-04-23,428.94000244140625,,,381.760009765625
1991-04-24,430.0899963378906,,,382.760009765625
1991-04-25,426.1700134277344,,,379.25
1991-04-26,425.95001220703125,,,379.0199890136719
1991-04-29,420.010009765625,,,373.6600036621094
1991-04-30,422.0299987792969,,,375.3399963378906
1991-05-01,427.5899963378906,,,380.2900085449219
1991-05-02,427.8599853515625,,,380.5199890136719
1991-05-03,428.2300109863281,,,380.79998779296875
1991-05-06,427.70001220703125,,,380.0799865722656
1991-05-07,424.80999755859375,,,377.32000732421875
1991-05-08,426.1499938964844,,,378.510009765625
1991-05-09,431.69000244140625,,,383.25
1991-05-10,423.29998779296875,,,375.739990234375
1991-05-13,424.57000732421875,,,376.760009765625
1991-05-14,418.82000732421875,,,371.6199951171875
1991-05-15,415.42999267578125,,,368.57000732421875
1991-05-16,419.5899963378906,,,372.19000244140625
1991-05-17,420.0299987792969,,,372.3900146484375
1991-05-20,420.0,,,372.2799987792969
1991-05-21,423.510009765625,,,375.3500061035156
1991-05-22,424.4700012207031,,,376.19000244140625
1991-05-23,423.1000061035156,,,374.9599914550781
1991-05-24,426.05999755859375,,,377.489990234375
1991-05-28,431.2200012207031,,,381.94000244140625
1991-05-29,432.19000244140625,,,382.7900085449219
1991-05-30,436.9200134277344,,,386.9599914550781
1991-05-31,440.239990234375,,,389.8299865722656
1991-06-03,438.3800048828125,,,388.05999755859375
1991-06-04,438.07000732421875,,,387.739990234375
1991-06-05,435.0799865722656,,,385.0899963378906
1991-06-06,433.4599914550781,,,383.6300048828125
1991-06-07,428.7200012207031,,,379.42999267578125
1991-06-10,427.8900146484375,,,378.57000732421875
1991-06-11,430.7799987792969,,,381.04998779296875
1991-06-12,425.79998779296875,,,376.6499938964844
1991-06-13,426.95001220703125,,,377.6300048828125
1991-06-14,432.2200012207031,,,382.2900085449219
1991-06-17,429.7900085449219,,,380.1300048828125
1991-06-18,428.0799865722656,,,378.5899963378906
1991-06-19,424.1300048828125,,,375.0899963378906
1991-06-20,424.510009765625,,,375.4200134277344
1991-06-21,427.1400146484375,,,377.75
1991-06-24,419.6700134277344,,,370.94000244140625
1991-06-25,419.3599853515625,,,370.6499938964844
1991-06-26,420.44000244140625,,,371.5899963378906
1991-06-27,423.6199951171875,,,374.3999938964844
1991-06-28,420.07000732421875,,,371.1600036621094
1991-07-01,427.7300109863281,,,377.9200134277344
1991-07-02,427.2200012207031,,,377.4700012207031
1991-07-03,422.7099914550781,,,373.3299865722656
1991-07-05,423.6300048828125,,,374.0799865722656
1991-07-08,428.010009765625,,,377.94000244140625
1991-07-09,425.9800109863281,,,376.1099853515625
1991-07-10,425.55999755859375,,,375.739990234375
1991-07-11,426.95001220703125,,,376.9700012207031
1991-07-12,430.6700134277344,,,380.25
1991-07-15,433.1700134277344,,,382.3900146484375
1991-07-16,432.2200012207031,,,381.5400085449219
1991-07-17,431.8299865722656,,,381.17999267578125
1991-07-18,436.5799865722656,,,385.3699951171875
1991-07-19,435.2799987792969,,,384.2200012207031
1991-07-22,433.79998779296875,,,382.8800048828125
1991-07-23,429.8800048828125,,,379.4200134277344
1991-07-24,429.010009765625,,,378.6400146484375
1991-07-25,431.6600036621094,,,380.9599914550781
1991-07-26,431.6499938964844,,,380.92999267578125
1991-07-29,434.25,,,383.1499938964844
1991-07-30,438.3699951171875,,,386.69000244140625
1991-07-31,439.6499938964844,,,387.80999755859375
1991-08-01,438.8900146484375,,,387.1199951171875
1991-08-02,439.0199890136719,,,387.17999267578125
1991-08-05,436.7900085449219,,,385.05999755859375
1991-08-06,443.30999755859375,,,390.6199951171875
1991-08-07,443.4200134277344,,,390.55999755859375
1991-08-08,442.0799865722656,,,389.32000732421875
1991-08-09,439.7200012207031,,,387.1199951171875
1991-08-12,440.8699951171875,,,388.0199890136719
1991-08-13,442.7099914550781,,,389.6199951171875
1991-08-14,443.0899963378906,,,389.8999938964844
1991-08-15,442.4700012207031,,,389.3299865722656
1991-08-16,438.2799987792969,,,385.5799865722656
1991-08-19,428.010009765625,,,376.4700012207031
1991-08-20,431.3900146484375,,,379.42999267578125
1991-08-21,444.0799865722656,,,390.5899963378906
1991-08-22,444.94000244140625,,,391.3299865722656
1991-08-23,448.1700134277344,,,394.1700134277344
1991-08-26,447.9599914550781,,,393.8500061035156
1991-08-27,447.1600036621094,,,393.05999755859375
1991-08-28,451.29998779296875,,,396.6400146484375
1991-08-29,451.1199951171875,,,396.4700012207031
1991-08-30,450.05999755859375,,,395.42999267578125
1991-09-03,446.3900146484375,,,392.1499938964844
1991-09-04,443.94000244140625,,,389.9700012207031
1991-09-05,443.010009765625,,,389.1400146484375
1991-09-06,442.9700012207031,,,389.1000061035156
1991-09-09,442.5299987792969,,,388.57000732421875
1991-09-10,438.1099853515625,,,384.55999755859375
1991-09-11,438.7200012207031,,,385.0899963378906
1991-09-12,441.2900085449219,,,387.3399963378906
1991-09-13,437.0299987792969,,,383.5899963378906
1991-09-16,439.7099914550781,,,385.7799987792969
1991-09-17,439.42999267578125,,,385.5
1991-09-18,441.07000732421875,,,386.94000244140625
1991-09-19,441.7799987792969,,,387.55999755859375
1991-09-20,442.2699890136719,,,387.9200134277344
1991-09-23,440.0,,,385.9200134277344
1991-09-24,442.2099914550781,,,387.7099914550781
1991-09-25,441.2900085449219,,,386.8800048828125
1991-09-26,440.8500061035156,,,386.489990234375
1991-09-27,440.17999267578125,,,385.8999938964844
1991-09-30,442.5299987792969,,,387.8599853515625
1991-10-01,444.0799865722656,,,389.20001220703125
1991-10-02,443.010009765625,,,388.260009765625
1991-10-03,438.69000244140625,,,384.4700012207031
1991-10-04,435.2200012207031,,,381.25
1991-10-07,433.2699890136719,,,379.5
1991-10-08,434.6300048828125,,,380.6700134277344
1991-10-09,430.2200012207031,,,376.79998779296875
1991-10-10,434.5,,,380.54998779296875
1991-10-11,435.6000061035156,,,381.45001220703125
1991-10-14,441.3299865722656,,,386.4700012207031
1991-10-15,446.5400085449219,,,391.010009765625
1991-10-16,448.5899963378906,,,392.79998779296875
1991-10-17,447.6000061035156,,,391.9200134277344
1991-10-18,448.260009765625,,,392.5
1991-10-21,445.45001220703125,,,390.0199890136719
1991-10-22,442.9599914550781,,,387.8299865722656
1991-10-23,443.0799865722656,,,387.94000244140625
1991-10-24,439.79998779296875,,,385.07000732421875
1991-10-25,438.8399963378906,,,384.20001220703125
1991-10-28,445.010009765625,,,389.5199890136719
1991-10-29,447.3599853515625,,,391.4800109863281
1991-10-30,449.04998779296875,,,392.9599914550781
1991-10-31,448.4800109863281,,,392.45001220703125
1991-11-01,447.20001220703125,,,391.32000732421875
1991-11-04,446.3800048828125,,,390.2799987792969
1991-11-05,444.82000732421875,,,388.7099914550781
1991-11-06,446.3699951171875,,,389.9700012207031
1991-11-07,450.7300109863281,,,393.7200012207031
1991-11-08,450.0,,,392.8900146484375
1991-11-11,450.260009765625,,,393.1199951171875
1991-11-12,454.44000244140625,,,396.739990234375
1991-11-13,455.25,,,397.4100036621094
1991-11-14,455.0,,,397.1499938964844
1991-11-15,438.3599853515625,,,382.6199951171875
1991-11-18,441.510009765625,,,385.239990234375
1991-11-19,434.8599853515625,,,379.4200134277344
1991-11-20,433.8599853515625,,,378.5299987792969
1991-11-21,435.6199951171875,,,380.05999755859375
1991-11-22,431.25,,,376.1400146484375
1991-11-25,430.45001220703125,,,375.3399963378906
1991-11-26,433.45001220703125,,,377.9599914550781
1991-11-27,431.8999938964844,,,376.54998779296875
1991-11-29,430.4100036621094,,,375.2200012207031
1991-12-02,437.6700134277344,,,381.3999938964844
1991-12-03,437.2699890136719,,,380.9599914550781
1991-12-04,436.2799987792969,,,380.07000732421875
1991-12-05,433.2200012207031,,,377.3900146484375
1991-12-06,435.19000244140625,,,379.1000061035156
1991-12-09,434.29998779296875,,,378.260009765625
1991-12-10,434.0299987792969,,,377.8999938964844
1991-12-11,433.80999755859375,,,377.70001220703125
1991-12-12,438.239990234375,,,381.54998779296875
1991-12-13,441.6000061035156,,,384.4700012207031
1991-12-16,441.6099853515625,,,384.4599914550781
1991-12-17,439.69000244140625,,,382.739990234375
1991-12-18,440.5400085449219,,,383.4800109863281
1991-12-19,439.44000244140625,,,382.5199890136719
1991-12-20,444.6499938964844,,,387.0400085449219
1991-12-23,455.8900146484375,,,396.82000732421875
1991-12-24,459.05999755859375,,,399.3299865722656
1991-12-26,465.4200134277344,,,404.8399963378906
1991-12-27,467.4100036621094,,,406.4599914550781
1991-12-30,477.3900146484375,,,415.1400146484375
1991-12-31,479.6300048828125,,,417.0899963378906
1992-01-02,479.8399963378906,,,417.260009765625
1992-01-03,482.239990234375,,,419.3399963378906
1992-01-06,480.8500061035156,,,417.9599914550781
1992-01-07,480.2300109863281,,,417.3999938964844
1992-01-08,481.0299987792969,,,418.1000061035156
1992-01-09,480.5,,,417.6099853515625
1992-01-10,477.6099853515625,,,415.1000061035156
1992-01-13,476.75,,,414.3399963378906
1992-01-14,483.7799987792969,,,420.44000244140625
1992-01-15,484.20001220703125,,,420.7699890136719
1992-01-16,481.2699890136719,,,418.2099914550781
1992-01-17,482.04998779296875,,,418.8599853515625
1992-01-20,479.1700134277344,,,416.3599853515625
1992-01-21,474.8999938964844,,,412.6400146484375
1992-01-22,481.2200012207031,,,418.1300048828125
1992-01-23,477.5799865722656,,,414.9599914550781
1992-01-24,478.17999267578125,,,415.4800109863281
1992-01-27,477.70001220703125,,,414.989990234375
1992-01-28,477.7300109863281,,,414.9599914550781
1992-01-29,472.45001220703125,,,410.3399963378906
1992-01-30,473.94000244140625,,,411.6199951171875
1992-01-31,470.70001220703125,,,408.7799987792969
1992-02-03,471.67999267578125,,,409.5299987792969
1992-02-04,476.8399963378906,,,413.8500061035156
1992-02-05,477.0199890136719,,,413.8399963378906
1992-02-06,477.1199951171875,,,413.82000732421875
1992-02-07,474.07000732421875,,,411.0899963378906
1992-02-10,477.3999938964844,,,413.7699890136719
1992-02-11,477.44000244140625,,,413.760009765625
1992-02-12,481.3500061035156,,,417.1300048828125
1992-02-13,477.4100036621094,,,413.69000244140625
1992-02-14,476.17999267578125,,,412.4800109863281
1992-02-18,470.32000732421875,,,407.3800048828125
1992-02-19,471.3500061035156,,,408.260009765625
1992-02-20,477.8900146484375,,,413.8999938964844
1992-02-21,475.0799865722656,,,411.42999267578125
1992-02-24,476.1300048828125,,,412.2699890136719
1992-02-25,474.1600036621094,,,410.45001220703125
1992-02-26,479.82000732421875,,,415.3500061035156
1992-02-27,478.1199951171875,,,413.8599853515625
1992-02-28,476.7900085449219,,,412.70001220703125
1992-03-02,476.6600036621094,,,412.45001220703125
1992-03-03,477.2799987792969,,,412.8500061035156
1992-03-04,473.239990234375,,,409.3299865722656
1992-03-05,470.010009765625,,,406.510009765625
1992-03-06,467.7099914550781,,,404.44000244140625
1992-03-09,468.70001220703125,,,405.2099914550781
1992-03-10,470.7099914550781,,,406.8900146484375
1992-03-11,467.4100036621094,,,404.0299987792969
1992-03-12,467.25,,,403.8900146484375
1992-03-13,469.5199890136719,,,405.8399963378906
1992-03-16,470.17999267578125,,,406.3900146484375
1992-03-17,473.9200134277344,,,409.5799865722656
1992-03-18,473.4200134277344,,,409.1499938964844
1992-03-19,474.17999267578125,,,409.79998779296875
1992-03-20,475.9200134277344,,,411.29998779296875
1992-03-23,474.32000732421875,,,409.9100036621094
1992-03-24,473.1300048828125,,,408.8800048828125
1992-03-25,471.79998779296875,,,407.5199890136719
1992-03-26,472.2099914550781,,,407.8599853515625
1992-03-27,467.1700134277344,,,403.5
1992-03-30,466.70001220703125,,,403.0
1992-03-31,467.5199890136719,,,403.69000244140625
1992-04-01,468.1600036621094,,,404.2300109863281
1992-04-02,463.8599853515625,,,400.5
1992-04-03,465.1099853515625,,,401.54998779296875
1992-04-06,469.989990234375,,,405.5899963378906
1992-04-07,461.2900085449219,,,398.05999755859375
1992-04-08,457.1600036621094,,,394.5
1992-04-09,464.32000732421875,,,400.6400146484375
1992-04-10,468.5899963378906,,,404.2900085449219
1992-04-13,470.67999267578125,,,406.0799865722656
1992-04-14,477.989990234375,,,412.3900146484375
1992-04-15,482.5,,,416.2799987792969
1992-04-16,482.25,,,416.0400085449219
1992-04-20,475.4700012207031,,,410.17999267578125
1992-04-21,475.6000061035156,,,410.260009765625
1992-04-22,475.0799865722656,,,409.80999755859375
1992-04-23,477.1600036621094,,,411.6000061035156
1992-04-24,474.20001220703125,,,409.0199890136719
1992-04-27,473.6199951171875,,,408.45001220703125
1992-04-28,474.4700012207031,,,409.1099853515625
1992-04-29,477.8399963378906,,,412.0199890136719
1992-04-30,481.25,,,414.95001220703125
1992-05-01,478.45001220703125,,,412.5299987792969
1992-05-04,483.7699890136719,,,416.9100036621094
1992-05-05,483.760009765625,,,416.8399963378906
1992-05-06,483.75,,,416.7900085449219
1992-05-07,483.04998779296875,,,415.8500061035156
1992-05-08,483.29998779296875,,,416.04998779296875
1992-05-11,486.3500061035156,,,418.489990234375
1992-05-12,483.8299865722656,,,416.2900085449219
1992-05-13,484.04998779296875,,,416.45001220703125
1992-05-14,480.239990234375,,,413.1400146484375
1992-05-15,476.94000244140625,,,410.0899963378906
1992-05-18,480.2900085449219,,,412.80999755859375
1992-05-19,484.45001220703125,,,416.3699951171875
1992-05-20,483.3399963378906,,,415.3900146484375
1992-05-21,480.1000061035156,,,412.6000061035156
1992-05-22,481.8599853515625,,,414.0199890136719
1992-05-26,478.95001220703125,,,411.4100036621094
1992-05-27,479.8500061035156,,,412.1700134277344
1992-05-28,485.2099914550781,,,416.739990234375
1992-05-29,483.6000061035156,,,415.3500061035156
1992-06-01,486.0400085449219,,,417.29998779296875
1992-06-02,481.7699890136719,,,413.5
1992-06-03,483.05999755859375,,,414.5899963378906
1992-06-04,481.57000732421875,,,413.260009765625
1992-06-05,481.8299865722656,,,413.4800109863281
1992-06-08,481.739990234375,,,413.3599853515625
1992-06-09,478.1000061035156,,,410.05999755859375
1992-06-10,474.8299865722656,,,407.25
1992-06-11,476.92999267578125,,,409.04998779296875
1992-06-12,477.7799987792969,,,409.760009765625
1992-06-15,478.4100036621094,,,410.2900085449219
1992-06-16,476.1600036621094,,,408.32000732421875
1992-06-17,469.0899963378906,,,402.260009765625
1992-06-18,467.5899963378906,,,400.9599914550781
1992-06-19,470.760009765625,,,403.6700134277344
1992-06-22,470.45001220703125,,,403.3999938964844
1992-06-23,471.20001220703125,,,404.0400085449219
1992-06-24,471.2099914550781,,,403.8399963378906
1992-06-25,470.3900146484375,,,403.1199951171875
1992-06-26,470.8999938964844,,,403.45001220703125
1992-06-29,477.3399963378906,,,408.94000244140625
1992-06-30,476.4100036621094,,,408.1400146484375
1992-07-01,481.95001220703125,,,412.8800048828125
1992-07-02,480.6600036621094,,,411.7699890136719
1992-07-06,483.32000732421875,,,413.8399963378906
1992-07-07,477.8699951171875,,,409.1600036621094
1992-07-08,479.17999267578125,,,410.2799987792969
1992-07-09,483.8299865722656,,,414.2300109863281
1992-07-10,484.2900085449219,,,414.6199951171875
1992-07-13,484.5899963378906,,,414.8699951171875
1992-07-14,487.8800048828125,,,417.67999267578125
1992-07-15,487.2099914550781,,,417.1000061035156
1992-07-16,487.760009765625,,,417.5400085449219
1992-07-17,485.5299987792969,,,415.6199951171875
1992-07-20,483.3900146484375,,,413.75
1992-07-21,483.4100036621094,,,413.760009765625
1992-07-22,480.1000061035156,,,410.92999267578125
1992-07-23,481.45001220703125,,,412.0799865722656
1992-07-24,480.8900146484375,,,411.6000061035156
1992-07-27,480.9200134277344,,,411.5400085449219
1992-07-28,487.9800109863281,,,417.5199890136719
1992-07-29,493.5199890136719,,,422.2300109863281
1992-07-30,495.510009765625,,,423.9200134277344
1992-07-31,495.8699951171875,,,424.2099914550781
1992-08-03,497.04998779296875,,,425.0899963378906
1992-08-04,496.3900146484375,,,424.3599853515625
1992-08-05,493.8599853515625,,,422.19000244140625
1992-08-06,492.1600036621094,,,420.5899963378906
1992-08-07,490.3699951171875,,,418.8800048828125
1992-08-10,491.2200012207031,,,419.4200134277344
1992-08-11,490.6300048828125,,,418.8999938964844
1992-08-12,489.3500061035156,,,417.7799987792969
1992-08-13,489.32000732421875,,,417.7300109863281
1992-08-14,491.9599914550781,,,419.9100036621094
1992-08-17,493.0199890136719,,,420.739990234375
1992-08-18,493.8299865722656,,,421.3399963378906
1992-08-19,490.1400146484375,,,418.19000244140625
1992-08-20,490.260009765625,,,418.260009765625
1992-08-21,486.2699890136719,,,414.8500061035156
1992-08-24,481.489990234375,,,410.7200012207031
1992-08-25,482.6099853515625,,,411.6099853515625
1992-08-26,484.94000244140625,,,413.510009765625
1992-08-27,484.9800109863281,,,413.5299987792969
1992-08-28,486.5199890136719,,,414.8399963378906
1992-08-31,485.7200012207031,,,414.0299987792969
1992-09-01,488.2300109863281,,,416.07000732421875
1992-09-02,490.510009765625,,,417.9800109863281
1992-09-03,490.5400085449219,,,417.9800109863281
1992-09-04,489.5299987792969,,,417.0799865722656
1992-09-08,486.4599914550781,,,414.44000244140625
1992-09-09,488.9100036621094,,,416.3599853515625
1992-09-10,493.1400146484375,,,419.95001220703125
1992-09-11,492.7099914550781,,,419.5799865722656
1992-09-14,499.6099853515625,,,425.2699890136719
1992-09-15,493.2099914550781,,,419.7699890136719
1992-09-16,493.3800048828125,,,419.9200134277344
1992-09-17,493.4100036621094,,,419.92999267578125
1992-09-18,496.92999267578125,,,422.92999267578125
1992-09-21,496.1000061035156,,,422.1400146484375
1992-09-22,490.239990234375,,,417.1400146484375
1992-09-23,490.6000061035156,,,417.44000244140625
1992-09-24,492.0400085449219,,,418.4700012207031
1992-09-25,487.2200012207031,,,414.3500061035156
1992-09-28,489.9800109863281,,,416.6199951171875
1992-09-29,490.2300109863281,,,416.79998779296875
1992-09-30,491.42999267578125,,,417.79998779296875
1992-10-01,489.6600036621094,,,416.2900085449219
1992-10-02,482.82000732421875,,,410.4700012207031
1992-10-05,479.6499938964844,,,407.57000732421875
1992-10-06,479.2099914550781,,,407.17999267578125
1992-10-07,475.760009765625,,,404.25
1992-10-08,479.9200134277344,,,407.75
1992-10-09,473.94000244140625,,,402.6600036621094
1992-10-12,479.57000732421875,,,407.44000244140625
1992-10-13,481.760009765625,,,409.29998779296875
1992-10-14,481.8500061035156,,,409.3699951171875
1992-10-15,482.1600036621094,,,409.6000061035156
1992-10-16,484.6700134277344,,,411.7300109863281
1992-10-19,488.5400085449219,,,414.9800109863281
1992-10-20,489.1499938964844,,,415.4800109863281
1992-10-21,489.3800048828125,,,415.6700134277344
1992-10-22,488.4700012207031,,,414.8999938964844
1992-10-23,487.8900146484375,,,414.1000061035156
1992-10-26,492.4100036621094,,,418.1600036621094
1992-10-27,492.8900146484375,,,418.489990234375
1992-10-28,494.8299865722656,,,420.1300048828125
1992-10-29,495.69000244140625,,,420.8599853515625
1992-10-30,493.1300048828125,,,418.67999267578125
1992-11-02,498.0799865722656,,,422.75
1992-11-03,494.8900146484375,,,419.9200134277344
1992-11-04,491.70001220703125,,,417.1099853515625
1992-11-05,493.489990234375,,,418.3399963378906
1992-11-06,492.80999755859375,,,417.5799865722656
1992-11-09,494.04998779296875,,,418.5899963378906
1992-11-10,494.1199951171875,,,418.6199951171875
1992-11-11,498.3399963378906,,,422.20001220703125
1992-11-12,499.1700134277344,,,422.8699951171875
1992-11-13,498.69000244140625,,,422.42999267578125
1992-11-16,496.760009765625,,,420.67999267578125
1992-11-17,495.20001220703125,,,419.2699890136719
1992-11-18,499.44000244140625,,,422.8500061035156
1992-11-19,500.3699951171875,,,423.6099853515625
1992-11-20,504.0,,,426.6499938964844
1992-11-23,502.260009765625,,,425.1199951171875
1992-11-24,505.3500061035156,,,427.5899963378906
1992-11-25,507.260009765625,,,429.19000244140625
1992-11-27,508.4200134277344,,,430.1600036621094
1992-11-30,509.9200134277344,,,431.3500061035156
1992-12-01,509.4200134277344,,,430.7799987792969
1992-12-02,508.44000244140625,,,429.8900146484375
1992-12-03,508.489990234375,,,429.9100036621094
1992-12-04,511.07000732421875,,,432.05999755859375
1992-12-07,514.97998046875,,,435.30999755859375
1992-12-08,516.989990234375,,,436.989990234375
1992-12-09,515.5800170898438,,,435.6499938964844
1992-12-10,514.3900146484375,,,434.6400146484375
1992-12-11,513.3300170898438,,,433.7300109863281
1992-12-14,512.3099975585938,,,432.8399963378906
1992-12-15,512.030029296875,,,432.57000732421875
1992-12-16,510.7900085449219,,,431.5199890136719
1992-12-17,515.4500122070312,,,435.42999267578125
1992-12-18,522.3800048828125,,,441.2799987792969
1992-12-21,521.7000122070312,,,440.70001220703125
1992-12-22,521.239990234375,,,440.30999755859375
1992-12-23,519.739990234375,,,439.0299987792969
1992-12-24,520.8900146484375,,,439.7699890136719
1992-12-28,520.1900024414062,,,439.1499938964844
1992-12-29,518.8300170898438,,,437.9800109863281
1992-12-30,519.8400268554688,,,438.82000732421875
1992-12-31,516.1799926757812,,,435.7099914550781
1993-01-04,516.0,,,435.3800048828125
1993-01-05,514.8599853515625,,,434.3399963378906
1993-01-06,515.0800170898438,,,434.5199890136719
1993-01-07,510.5799865722656,,,430.7300109863281
1993-01-08,508.6099853515625,,,429.04998779296875
1993-01-11,510.8999938964844,,,430.95001220703125
1993-01-12,511.010009765625,,,431.0400085449219
1993-01-13,513.4099731445312,,,433.0299987792969
1993-01-14,516.8599853515625,,,435.94000244140625
1993-01-15,518.3499755859375,,,437.1499938964844
1993-01-18,517.97998046875,,,436.8399963378906
1993-01-19,515.969970703125,,,435.1300048828125
1993-01-20,513.8800048828125,,,433.3699951171875
1993-01-21,516.4000244140625,,,435.489990234375
1993-01-22,517.1300048828125,,,436.1099853515625
1993-01-25,521.8699951171875,,,440.010009765625
1993-01-26,521.8599853515625,,,439.95001220703125
1993-01-27,519.6799926757812,,,438.1099853515625
1993-01-28,520.3300170898438,,,438.6600036621094
1993-01-29,520.489990234375,24.11327362060547,,438.7799987792969
1993-02-01,525.030029296875,24.284767150878906,,442.5199890136719
1993-02-02,525.219970703125,24.33621597290039,,442.54998779296875
1993-02-03,530.75,24.593475341796875,,447.20001220703125
1993-02-04,533.8900146484375,24.696361541748047,,449.55999755859375
1993-02-05,533.1900024414062,24.679218292236328,,448.92999267578125
1993-02-08,532.1300048828125,24.679218292236328,,447.8500061035156
1993-02-09,529.260009765625,24.50772476196289,,445.3299865722656
1993-02-10,530.3599853515625,24.542022705078125,,446.2300109863281
1993-02-11,532.0700073242188,24.662078857421875,,447.6600036621094
1993-02-12,528.52001953125,24.473426818847656,,444.5799865722656
1993-02-16,515.9199829101562,23.85600471496582,,433.9100036621094
1993-02-17,515.219970703125,23.838863372802734,,433.29998779296875
1993-02-18,513.5900268554688,23.821706771850586,,431.8999938964844
1993-02-19,516.3699951171875,23.907459259033203,,434.2200012207031
1993-02-22,517.7000122070312,23.993202209472656,,435.239990234375
1993-02-23,517.2999877929688,23.976058959960938,,434.79998779296875
1993-02-24,524.5599975585938,24.284767150878906,,440.8699951171875
1993-02-25,526.3200073242188,24.33621597290039,,442.3399963378906
1993-02-26,527.5900268554688,24.370506286621094,,443.3800048828125
1993-03-01,526.0700073242188,24.30191421508789,,442.010009765625
1993-03-02,533.2100219726562,24.662078857421875,,447.8999938964844
1993-03-03,534.9500122070312,24.764978408813477,,449.260009765625
1993-03-04,532.719970703125,24.627765655517578,,447.3399963378906
1993-03-05,531.3699951171875,24.559154510498047,,446.1099853515625
1993-03-08,541.6699829101562,25.107982635498047,,454.7099914550781
1993-03-09,541.4299926757812,25.022228240966797,,454.3999938964844
1993-03-10,543.72998046875,25.073667526245117,,456.3299865722656
1993-03-11,540.6400146484375,25.00507926940918,,453.7200012207031
1993-03-12,536.02001953125,24.74782371520996,,449.8299865722656
1993-03-15,537.9500122070312,24.86786651611328,,451.42999267578125
1993-03-16,537.9199829101562,24.86786651611328,,451.3699951171875
1993-03-17,534.2999877929688,24.713529586791992,,448.30999755859375
1993-03-18,538.5700073242188,24.86786651611328,,451.8900146484375
1993-03-19,536.530029296875,24.830249786376953,,450.17999267578125
1993-03-22,534.989990234375,24.692386627197266,,448.8800048828125
1993-03-23,534.8499755859375,24.744083404541016,,448.760009765625
1993-03-24,534.030029296875,24.744083404541016,,448.07000732421875
1993-03-25,537.6199951171875,24.89916229248047,,450.8800048828125
1993-03-26,533.9299926757812,24.761314392089844,,447.7799987792969
1993-03-29,537.5900268554688,24.864702224731445,,450.7699890136719
1993-03-30,539.0599975585938,24.93362808227539,,451.9700012207031
1993-03-31,538.719970703125,24.9163875579834,,451.6700134277344
1993-04-01,537.0900268554688,24.830249786376953,,450.29998779296875
1993-04-02,526.7100219726562,24.313304901123047,,441.3900146484375
1993-04-05,527.8499755859375,24.433916091918945,,442.2900085449219
1993-04-06,526.5,24.364986419677734,,441.1600036621094
1993-04-07,528.3699951171875,24.451152801513672,,442.7300109863281
1993-04-08,527.3499755859375,24.41668701171875,,441.8399963378906
1993-04-12,535.1500244140625,24.761314392089844,,448.3699951171875
1993-04-13,536.1699829101562,24.813007354736328,,449.2200012207031
1993-04-14,535.5,24.778554916381836,,448.6600036621094
1993-04-15,535.22998046875,24.778554916381836,,448.3999938964844
1993-04-16,535.8800048828125,24.778554916381836,,448.94000244140625
1993-04-19,534.1599731445312,24.67515754699707,,447.4599914550781
1993-04-20,531.3599853515625,24.554533004760742,,445.1000061035156
1993-04-21,529.5999755859375,24.537317276000977,,443.6300048828125
1993-04-22,524.8599853515625,24.22715187072754,,439.4599914550781
1993-04-23,521.719970703125,24.123760223388672,,437.0299987792969
1993-04-26,517.6799926757812,23.934215545654297,,433.5400085449219
1993-04-27,523.0900268554688,24.192668914794922,,438.010009765625
1993-04-28,523.0999755859375,24.1409912109375,,438.0199890136719
1993-04-29,524.1400146484375,24.244382858276367,,438.8900146484375
1993-04-30,525.7000122070312,24.278839111328125,,440.19000244140625
1993-05-03,528.5499877929688,24.433916091918945,,442.4599914550781
1993-05-04,530.5900268554688,24.520090103149414,,444.04998779296875
1993-05-05,531.25,24.589006423950195,,444.5199890136719
1993-05-06,529.8800048828125,24.50285530090332,,443.260009765625
1993-05-07,528.97998046875,24.451152801513672,,442.30999755859375
1993-05-10,529.8599853515625,24.50285530090332,,442.79998779296875
1993-05-11,531.760009765625,24.606233596801758,,444.3599853515625
1993-05-12,532.3099975585938,24.571765899658203,,444.79998779296875
1993-05-13,525.6799926757812,24.278839111328125,,439.2300109863281
1993-05-14,526.3699951171875,24.26161003112793,,439.55999755859375
1993-05-17,527.469970703125,24.347755432128906,,440.3699951171875
1993-05-18,527.489990234375,24.330530166625977,,440.32000732421875
1993-05-19,536.2000122070312,24.830249786376953,,447.57000732421875
1993-05-20,539.8400268554688,24.89916229248047,,450.5899963378906
1993-05-21,534.1599731445312,24.67515754699707,,445.8399963378906
1993-05-24,536.8699951171875,24.778554916381836,,448.0
1993-05-25,538.02001953125,24.830249786376953,,448.8500061035156
1993-05-26,543.5399780273438,25.140398025512695,,453.44000244140625
1993-05-27,542.3200073242188,25.054244995117188,,452.4100036621094
1993-05-28,539.760009765625,24.93362808227539,,450.19000244140625
1993-06-01,544.2000122070312,25.174875259399414,,453.8299865722656
1993-06-02,544.4099731445312,25.140398025512695,,453.8500061035156
1993-06-03,542.8200073242188,25.054244995117188,,452.489990234375
1993-06-04,539.9299926757812,24.968093872070312,,450.05999755859375
1993-06-07,537.1500244140625,24.88192367553711,,447.69000244140625
1993-06-08,533.6099853515625,24.657926559448242,,444.7099914550781
1993-06-09,535.1099853515625,24.744083404541016,,445.7799987792969
1993-06-10,534.6500244140625,24.761314392089844,,445.3800048828125
1993-06-11,536.9199829101562,24.864702224731445,,447.260009765625
1993-06-14,537.489990234375,24.830249786376953,,447.7099914550781
1993-06-15,535.7899780273438,24.778554916381836,,446.2699890136719
1993-06-16,537.2000122070312,24.830249786376953,,447.42999267578125
1993-06-17,538.5499877929688,24.9163875579834,,448.5400085449219
1993-06-18,532.719970703125,24.711214065551758,,443.67999267578125
1993-06-21,535.780029296875,24.763269424438477,,446.2200012207031
1993-06-22,535.4299926757812,24.780622482299805,,445.92999267578125
1993-06-23,532.1400146484375,24.555028915405273,,443.19000244140625
1993-06-24,536.52001953125,24.884750366210938,,446.6199951171875
1993-06-25,537.7000122070312,24.867385864257812,,447.6000061035156
1993-06-28,542.9000244140625,25.145050048828125,,451.8500061035156
1993-06-29,541.530029296875,25.02358055114746,,450.69000244140625
1993-06-30,541.3400268554688,25.02358055114746,,450.5299987792969
1993-07-01,539.5599975585938,24.954166412353516,,449.0199890136719
1993-07-02,536.010009765625,24.81534767150879,,445.8399963378906
1993-07-06,530.739990234375,24.555028915405273,,441.42999267578125
1993-07-07,532.4299926757812,24.62443733215332,,442.8299865722656
1993-07-08,539.4099731445312,24.9020938873291,,448.6400146484375
1993-07-09,538.8400268554688,24.971500396728516,,448.1099853515625
1993-07-12,539.8699951171875,24.954166412353516,,448.9800109863281
1993-07-13,538.7999877929688,24.936803817749023,,448.0899963378906
1993-07-14,541.2100219726562,25.02358055114746,,450.0799865722656
1993-07-15,540.2100219726562,24.91944122314453,,449.2200012207031
1993-07-16,536.0399780273438,24.85002899169922,,445.75
1993-07-19,536.4299926757812,24.832677841186523,,446.0299987792969
1993-07-20,537.989990234375,24.9020938873291,,447.30999755859375
1993-07-21,537.8400268554688,24.884750366210938,,447.17999267578125
1993-07-22,534.6300048828125,24.711214065551758,,444.510009765625
1993-07-23,537.739990234375,24.832677841186523,,447.1000061035156
1993-07-26,540.219970703125,24.971500396728516,,449.0899963378906
1993-07-27,539.2899780273438,24.954166412353516,,448.239990234375
1993-07-28,538.030029296875,24.9020938873291,,447.19000244140625
1993-07-29,541.7000122070312,25.040924072265625,,450.239990234375
1993-07-30,539.1599731445312,24.9020938873291,,448.1300048828125
1993-08-02,541.75,24.971500396728516,,450.1499938964844
1993-08-03,540.8900146484375,24.988868713378906,,449.2699890136719
1993-08-04,540.0599975585938,24.988868713378906,,448.5400085449219
1993-08-05,539.6500244140625,24.936803817749023,,448.1300048828125
1993-08-06,540.3400268554688,24.971500396728516,,448.67999267578125
1993-08-09,543.2100219726562,25.11033821105957,,450.7200012207031
1993-08-10,541.719970703125,25.092981338500977,,449.45001220703125
1993-08-11,542.969970703125,25.092981338500977,,450.4599914550781
1993-08-12,541.2000122070312,25.02358055114746,,448.9599914550781
1993-08-13,542.6599731445312,25.05827522277832,,450.1400146484375
1993-08-16,545.5,25.19710350036621,,452.3800048828125
1993-08-17,546.5,25.283870697021484,,453.1300048828125
1993-08-18,550.02001953125,25.42270278930664,,456.0400085449219
1993-08-19,550.530029296875,25.42270278930664,,456.42999267578125
1993-08-20,550.219970703125,25.44002914428711,,456.1600036621094
1993-08-23,549.1500244140625,25.387989044189453,,455.2300109863281
1993-08-24,554.6500244140625,25.66565704345703,,459.7699890136719
1993-08-25,555.1599731445312,25.682981491088867,,460.1300048828125
1993-08-26,556.3800048828125,25.700368881225586,,461.0400085449219
1993-08-27,555.780029296875,25.682981491088867,,460.5400085449219
1993-08-30,557.530029296875,25.78711700439453,,461.8999938964844
1993-08-31,559.6199951171875,25.856536865234375,,463.55999755859375
1993-09-01,559.2000122070312,25.821826934814453,,463.1499938964844
1993-09-02,557.030029296875,25.735063552856445,,461.29998779296875
1993-09-03,557.1699829101562,25.752412796020508,,461.3399963378906
1993-09-07,553.780029296875,25.578887939453125,,458.5199890136719
1993-09-08,551.5399780273438,25.492095947265625,,456.6499938964844
1993-09-09,552.7899780273438,25.544172286987305,,457.5
1993-09-10,557.9000244140625,25.769771575927734,,461.7200012207031
1993-09-13,558.530029296875,25.78711700439453,,462.05999755859375
1993-09-14,555.9400024414062,25.682981491088867,,459.8999938964844
1993-09-15,558.030029296875,25.752412796020508,,461.6000061035156
1993-09-16,555.4299926757812,25.648298263549805,,459.42999267578125
1993-09-17,554.7000122070312,25.59854507446289,,458.8299865722656
1993-09-20,550.239990234375,25.38901710510254,,455.04998779296875
1993-09-21,547.7000122070312,25.30172348022461,,452.95001220703125
1993-09-22,551.6400146484375,25.51125717163086,,456.20001220703125
1993-09-23,553.5,25.65093421936035,,457.739990234375
1993-09-24,553.6099853515625,25.58111572265625,,457.6300048828125
1993-09-27,558.72998046875,25.860504150390625,,461.79998779296875
1993-09-28,558.4099731445312,25.80810546875,,461.5299987792969
1993-09-29,556.72998046875,25.720800399780273,,460.1099853515625
1993-09-30,555.3300170898438,25.668411254882812,,458.92999267578125
1993-10-01,558.239990234375,25.790634155273438,,461.2799987792969
1993-10-04,558.530029296875,25.825572967529297,,461.3399963378906
1993-10-05,558.4000244140625,25.790634155273438,,461.20001220703125
1993-10-06,557.8400268554688,25.773170471191406,,460.739990234375
1993-10-07,555.969970703125,25.703327178955078,,459.17999267578125
1993-10-08,557.3900146484375,25.73826789855957,,460.30999755859375
1993-10-11,558.0800170898438,25.790634155273438,,460.8800048828125
1993-10-12,558.3699951171875,25.825572967529297,,461.1199951171875
1993-10-13,558.8200073242188,25.825572967529297,,461.489990234375
1993-10-14,565.3400268554688,26.157329559326172,,466.8299865722656
1993-10-15,568.5700073242188,26.29701805114746,,469.5
1993-10-18,567.3599853515625,26.22718048095703,,468.45001220703125
1993-10-19,564.6699829101562,26.035097122192383,,466.2099914550781
1993-10-20,564.5,26.070011138916016,,466.07000732421875
1993-10-21,563.6400146484375,26.035097122192383,,465.3599853515625
1993-10-22,561.1099853515625,25.912870407104492,,463.2699890136719
1993-10-25,562.3200073242188,25.98272132873535,,464.20001220703125
1993-10-26,562.530029296875,25.965251922607422,,464.29998779296875
1993-10-27,562.9099731445312,25.98272132873535,,464.6099853515625
1993-10-28,566.6900024414062,26.174787521362305,,467.7300109863281
1993-10-29,566.8200073242188,26.174787521362305,,467.8299865722656
1993-11-01,568.489990234375,26.2446231842041,,469.1000061035156
1993-11-02,567.8599853515625,26.22718048095703,,468.44000244140625
1993-11-03,561.3300170898438,25.89542007446289,,463.0199890136719
1993-11-04,554.8200073242188,25.61602020263672,,457.489990234375
1993-11-05,557.6699829101562,25.73826789855957,,459.57000732421875
1993-11-08,558.5599975585938,25.773170471191406,,460.2099914550781
1993-11-09,558.760009765625,25.790634155273438,,460.3299865722656
1993-11-10,562.9000244140625,25.98272132873535,,463.7200012207031
1993-11-11,561.5900268554688,25.912870407104492,,462.6400146484375
1993-11-12,564.9400024414062,26.035097122192383,,465.3900146484375
1993-11-15,563.1099853515625,26.017641067504883,,463.75
1993-11-16,566.8400268554688,26.13985824584961,,466.739990234375
1993-11-17,564.530029296875,26.000173568725586,,464.80999755859375
1993-11-18,563.0999755859375,25.930335998535156,,463.6199951171875
1993-11-19,561.9299926757812,25.877952575683594,,462.6000061035156
1993-11-22,557.739990234375,25.720800399780273,,459.1300048828125
1993-11-23,560.1199951171875,25.860504150390625,,461.0299987792969
1993-11-24,561.9400024414062,25.965251922607422,,462.3599853515625
1993-11-26,562.7999877929688,25.98272132873535,,463.05999755859375
1993-11-29,561.5,25.877952575683594,,461.8999938964844
1993-11-30,561.4099731445312,25.89542007446289,,461.7900085449219
1993-12-01,561.5800170898438,25.930335998535156,,461.8900146484375
1993-12-02,563.1799926757812,26.000173568725586,,463.1099853515625
1993-12-03,565.3400268554688,26.10493278503418,,464.8900146484375
1993-12-06,567.3099975585938,26.19226837158203,,466.42999267578125
1993-12-07,567.75,26.174787521362305,,466.760009765625
1993-12-08,567.1799926757812,26.174787521362305,,466.2900085449219
1993-12-09,564.8099975585938,26.087486267089844,,464.17999267578125
1993-12-10,564.530029296875,26.035097122192383,,463.92999267578125
1993-12-13,566.7100219726562,26.19226837158203,,465.70001220703125
1993-12-14,563.5399780273438,26.000173568725586,,463.05999755859375
1993-12-15,562.0700073242188,25.965251922607422,,461.8399963378906
1993-12-16,563.9099731445312,26.05255889892578,,463.3399963378906
1993-12-17,567.6199951171875,26.195735931396484,,466.3800048828125
1993-12-20,566.989990234375,26.23089599609375,,465.8500061035156
1993-12-21,566.3300170898438,26.142990112304688,,465.29998779296875
1993-12-22,568.7899780273438,26.31879234313965,,467.32000732421875
1993-12-23,568.8699951171875,26.301219940185547,,467.3800048828125
1993-12-27,573.0999755859375,26.441869735717773,,470.5400085449219
1993-12-28,573.5999755859375,26.494611740112305,,470.94000244140625
1993-12-29,573.1799926757812,26.459434509277344,,470.5799865722656
1993-12-30,570.8400268554688,26.353973388671875,,468.6400146484375
1993-12-31,568.2000122070312,26.213319778442383,,466.45001220703125
1994-01-03,567.0999755859375,26.142990112304688,,465.44000244140625
1994-01-04,569.0700073242188,26.248477935791016,,466.8900146484375
1994-01-05,569.9000244140625,26.301219940185547,,467.54998779296875
1994-01-06,569.3699951171875,26.301219940185547,,467.1199951171875
1994-01-07,572.760009765625,26.459434509277344,,469.8999938964844
1994-01-10,579.3699951171875,26.77591896057129,,475.2699890136719
1994-01-11,577.97998046875,26.72318458557129,,474.1300048828125
1994-01-12,578.030029296875,26.635276794433594,,474.1700134277344
1994-01-13,576.010009765625,26.564939498901367,,472.4700012207031
1994-01-14,579.0399780273438,26.67041778564453,,474.9100036621094
1994-01-17,577.0700073242188,26.67041778564453,,473.29998779296875
1994-01-18,578.239990234375,26.705589294433594,,474.25
1994-01-19,578.3099975585938,26.635276794433594,,474.29998779296875
1994-01-20,579.1400146484375,26.705589294433594,,474.9800109863281
1994-01-21,578.8200073242188,26.6528377532959,,474.7200012207031
1994-01-24,575.5399780273438,26.54734992980957,,471.9700012207031
1994-01-25,574.3200073242188,26.54734992980957,,470.9200134277344
1994-01-26,577.1199951171875,26.617658615112305,,473.20001220703125
1994-01-27,581.8200073242188,26.863813400268555,,477.04998779296875
1994-01-28,583.8499755859375,26.934152603149414,,478.70001220703125
1994-01-31,587.52001953125,27.12751579284668,,481.6099853515625
1994-02-01,585.27001953125,26.986894607543945,,479.6199951171875
1994-02-02,588.1900024414062,27.16269874572754,,482.0
1994-02-03,586.6900024414062,27.039628982543945,,480.7099914550781
1994-02-04,573.6799926757812,26.424274444580078,,469.80999755859375
1994-02-07,576.2000122070312,26.54734992980957,,471.760009765625
1994-02-08,575.3599853515625,26.564939498901367,,471.04998779296875
1994-02-09,577.6099853515625,26.67041778564453,,472.7699890136719
1994-02-10,572.9600219726562,26.441869735717773,,468.92999267578125
1994-02-11,574.510009765625,26.52975845336914,,470.17999267578125
1994-02-14,574.7100219726562,26.564939498901367,,470.2300109863281
1994-02-15,577.6400146484375,26.705589294433594,,472.5199890136719
1994-02-16,578.0,26.688007354736328,,472.7900085449219
1994-02-17,575.010009765625,26.52975845336914,,470.3399963378906
1994-02-18,571.8699951171875,26.371564865112305,,467.69000244140625
1994-02-22,576.5800170898438,26.635276794433594,,471.4599914550781
1994-02-23,575.75,26.564939498901367,,470.69000244140625
1994-02-24,567.9099731445312,26.213319778442383,,464.260009765625
1994-02-25,570.1400146484375,26.33639144897461,,466.07000732421875
1994-02-28,571.5700073242188,26.33639144897461,,467.1400146484375
1994-03-01,568.3300170898438,26.23089599609375,,464.44000244140625
1994-03-02,569.0,26.26605796813965,,464.80999755859375
1994-03-03,566.8300170898438,26.195735931396484,,463.010009765625
1994-03-04,569.0,26.26605796813965,,464.739990234375
1994-03-07,571.719970703125,26.406715393066406,,466.9100036621094
1994-03-08,570.47998046875,26.301219940185547,,465.8800048828125
1994-03-09,572.1699829101562,26.424274444580078,,467.05999755859375
1994-03-10,568.3200073242188,26.213319778442383,,463.8999938964844
1994-03-11,571.4400024414062,26.353973388671875,,466.44000244140625
1994-03-14,572.6199951171875,26.38912582397461,,467.3900146484375
1994-03-15,572.2100219726562,26.371564865112305,,467.010009765625
1994-03-16,575.1900024414062,26.582515716552734,,469.4200134277344
1994-03-17,577.030029296875,26.582515716552734,,470.8999938964844
1994-03-18,577.22998046875,26.57671356201172,,471.05999755859375
1994-03-21,574.1400146484375,26.505998611450195,,468.5400085449219
1994-03-22,574.469970703125,26.57671356201172,,468.79998779296875
1994-03-23,574.1500244140625,26.559049606323242,,468.5400085449219
1994-03-24,569.02001953125,26.240760803222656,,464.3500061035156
1994-03-25,564.719970703125,25.993213653564453,,460.5799865722656
1994-03-28,564.010009765625,26.028581619262695,,460.0
1994-03-29,554.8400268554688,25.515777587890625,,452.4800109863281
1994-03-30,546.3599853515625,25.162128448486328,,445.54998779296875
1994-03-31,546.6500244140625,25.23285484313965,,445.7699890136719
1994-04-04,538.3699951171875,24.843847274780273,,438.9200134277344
1994-04-05,550.02001953125,25.356624603271484,,448.2900085449219
1994-04-06,549.72998046875,25.356624603271484,,448.04998779296875
1994-04-07,553.2000122070312,25.48041534423828,,450.8800048828125
1994-04-08,548.5999755859375,25.285907745361328,,447.1000061035156
1994-04-11,552.0499877929688,25.392000198364258,,449.8699951171875
1994-04-12,549.25,25.356624603271484,,447.57000732421875
1994-04-13,547.6500244140625,25.224023818969727,,446.260009765625
1994-04-14,547.8400268554688,25.23285484313965,,446.3800048828125
1994-04-15,547.5900268554688,25.23285484313965,,446.17999267578125
1994-04-18,543.0800170898438,25.064878463745117,,442.4599914550781
1994-04-19,543.2000122070312,25.10024070739746,,442.5400085449219
1994-04-20,542.489990234375,25.073711395263672,,441.9599914550781
1994-04-21,550.8099975585938,25.409677505493164,,448.7300109863281
1994-04-22,549.4500122070312,25.383150100708008,,447.6300048828125
1994-04-25,555.77001953125,25.648395538330078,,452.7099914550781
1994-04-26,554.8300170898438,25.621875762939453,,451.8699951171875
1994-04-28,551.4400024414062,25.43621063232422,,449.1000061035156
1994-04-29,553.6599731445312,25.515777587890625,,450.9100036621094
1994-05-02,556.4400024414062,25.674909591674805,,453.0199890136719
1994-05-03,556.5399780273438,25.648395538330078,,453.0299987792969
1994-05-04,555.0,25.60417366027832,,451.7200012207031
1994-05-05,554.780029296875,25.568822860717773,,451.3800048828125
1994-05-06,550.4600219726562,25.321266174316406,,447.82000732421875
1994-05-09,544.1400146484375,25.10024070739746,,442.32000732421875
1994-05-10,548.719970703125,25.294750213623047,,446.010009765625
1994-05-11,543.2000122070312,25.064878463745117,,441.489990234375
1994-05-12,546.010009765625,25.188640594482422,,443.75
1994-05-13,546.5,25.188640594482422,,444.1400146484375
1994-05-16,547.0999755859375,25.197486877441406,,444.489990234375
1994-05-17,553.2100219726562,25.568822860717773,,449.3699951171875
1994-05-18,558.5599975585938,25.754491806030273,,453.69000244140625
1994-05-19,562.02001953125,25.87826156616211,,456.4800109863281
1994-05-20,560.3499755859375,25.781017303466797,,454.9200134277344
1994-05-23,558.2999877929688,25.736804962158203,,453.20001220703125
1994-05-24,560.3900146484375,25.8429012298584,,454.80999755859375
1994-05-25,562.4299926757812,25.91362762451172,,456.3399963378906
1994-05-26,563.3200073242188,25.931299209594727,,457.05999755859375
1994-05-27,563.760009765625,25.957853317260742,,457.3299865722656
1994-05-31,562.75,25.922470092773438,,456.5
1994-06-01,564.1900024414062,26.03739356994629,,457.6300048828125
1994-06-02,564.3400268554688,26.010881423950195,,457.6499938964844
1994-06-03,567.4299926757812,26.16118812561035,,460.1300048828125
1994-06-06,566.010009765625,26.15233612060547,,458.8800048828125
1994-06-07,565.2100219726562,26.11697769165039,,458.2099914550781
1994-06-08,563.7999877929688,25.904800415039062,,457.05999755859375
1994-06-09,565.0499877929688,26.04625701904297,,457.8599853515625
1994-06-10,566.0599975585938,26.09044647216797,,458.6700134277344
1994-06-13,566.6099853515625,26.12582778930664,,459.1000061035156
1994-06-14,570.6799926757812,26.329164505004883,,462.3699951171875
1994-06-15,568.530029296875,26.223073959350586,,460.6099853515625
1994-06-16,570.2000122070312,26.2761287689209,,461.92999267578125
1994-06-17,565.9099731445312,26.129457473754883,,458.45001220703125
1994-06-20,562.25,25.906963348388672,,455.4800109863281
1994-06-21,557.1400146484375,25.684467315673828,,451.3399963378906
1994-06-22,559.3099975585938,25.782363891601562,,453.0899963378906
1994-06-23,555.0399780273438,25.631074905395508,,449.6300048828125
1994-06-24,546.8499755859375,25.097089767456055,,442.79998779296875
1994-06-27,552.489990234375,25.533161163330078,,447.30999755859375
1994-06-28,551.0999755859375,25.40857696533203,,446.07000732421875
1994-06-29,553.0800170898438,25.48867416381836,,447.6300048828125
1994-06-30,548.9600219726562,25.328474044799805,,444.2699890136719
1994-07-01,551.469970703125,25.38187599182129,,446.20001220703125
1994-07-05,551.8300170898438,25.51537322998047,,446.3699951171875
1994-07-06,551.5499877929688,25.479774475097656,,446.1300048828125
1994-07-07,554.3300170898438,25.586572647094727,,448.3800048828125
1994-07-08,555.77001953125,25.57767677307129,,449.54998779296875
1994-07-11,554.0,25.48867416381836,,448.05999755859375
1994-07-12,553.8699951171875,25.52426528930664,,447.95001220703125
1994-07-13,554.8300170898438,25.56878089904785,,448.7300109863281
1994-07-14,560.6799926757812,25.84465980529785,,453.4100036621094
1994-07-15,561.5999755859375,25.85356330871582,,454.1600036621094
1994-07-18,562.969970703125,25.898052215576172,,455.2200012207031
1994-07-19,561.3099975585938,25.84465980529785,,453.8599853515625
1994-07-20,558.52001953125,25.728961944580078,,451.6000061035156
1994-07-21,559.77001953125,25.782363891601562,,452.6099853515625
1994-07-22,560.3900146484375,25.826875686645508,,453.1099853515625
1994-07-25,561.9000244140625,25.862462997436523,,454.25
1994-07-26,560.8599853515625,25.83577537536621,,453.3599853515625
1994-07-27,559.9199829101562,25.83577537536621,,452.57000732421875
1994-07-28,561.969970703125,25.88916015625,,454.239990234375
1994-07-29,566.97998046875,26.147253036499023,,458.260009765625
1994-08-01,570.5399780273438,26.271848678588867,,461.010009765625
1994-08-02,570.1599731445312,26.307451248168945,,460.55999755859375
1994-08-03,571.2899780273438,26.31633186340332,,461.45001220703125
1994-08-04,567.6699829101562,26.16506576538086,,458.3999938964844
1994-08-05,566.0700073242188,26.076074600219727,,457.0899963378906
1994-08-08,567.1900024414062,26.138351440429688,,457.8900146484375
1994-08-09,567.510009765625,26.182857513427734,,457.9200134277344
1994-08-10,570.5,26.280750274658203,,460.29998779296875
1994-08-11,568.760009765625,26.182857513427734,,458.8800048828125
1994-08-12,572.5900268554688,26.38753890991211,,461.94000244140625
1994-08-15,571.8900146484375,26.378646850585938,,461.2300109863281
1994-08-16,576.6599731445312,26.565536499023438,,465.010009765625
1994-08-17,576.8900146484375,26.547754287719727,,465.1700134277344
1994-08-18,574.4299926757812,26.458742141723633,,463.1700134277344
1994-08-19,575.0800170898438,26.44093894958496,,463.67999267578125
1994-08-22,573.4600219726562,26.414243698120117,,462.32000732421875
1994-08-23,576.1900024414062,26.565536499023438,,464.510009765625
1994-08-24,581.8300170898438,26.850317001342773,,469.0299987792969
1994-08-25,580.739990234375,26.77912712097168,,468.0799865722656
1994-08-26,587.969970703125,27.16182518005371,,473.79998779296875
1994-08-29,589.0499877929688,27.144025802612305,,474.5899963378906
1994-08-30,590.9299926757812,27.215221405029297,,476.07000732421875
1994-08-31,590.22998046875,27.144025802612305,,475.489990234375
1994-09-01,587.4500122070312,27.055023193359375,,473.1700134277344
1994-09-02,584.9099731445312,26.939327239990234,,470.989990234375
1994-09-06,586.02001953125,26.948225021362305,,471.8599853515625
1994-09-07,584.9099731445312,26.92151641845703,,470.989990234375
1994-09-08,587.6400146484375,27.055023193359375,,473.1400146484375
1994-09-09,581.739990234375,26.77021598815918,,468.17999267578125
1994-09-12,579.3300170898438,26.690139770507812,,466.2099914550781
1994-09-13,580.969970703125,26.77021598815918,,467.510009765625
1994-09-14,582.5700073242188,26.79692268371582,,468.79998779296875
1994-09-15,590.0800170898438,27.13511085510254,,474.80999755859375
1994-09-16,585.5900268554688,26.941993713378906,,471.19000244140625
1994-09-19,585.4000244140625,26.968860626220703,,470.8500061035156
1994-09-20,576.1099853515625,26.45849609375,,463.3599853515625
1994-09-21,573.75,26.45849609375,,461.4599914550781
1994-09-22,573.52001953125,26.39582633972168,,461.2699890136719
1994-09-23,571.530029296875,26.3062801361084,,459.6700134277344
1994-09-26,573.3300170898438,26.440593719482422,,460.82000732421875
1994-09-27,574.8699951171875,26.42267608642578,,462.04998779296875
1994-09-28,578.3499755859375,26.628625869750977,,464.8399963378906
1994-09-29,575.2000122070312,26.494308471679688,,462.239990234375
1994-09-30,575.7999877929688,26.45849609375,,462.7099914550781
1994-10-03,574.8200073242188,26.39582633972168,,461.739990234375
1994-10-04,566.0499877929688,26.00185203552246,,454.5899963378906
1994-10-05,564.719970703125,26.01080322265625,,453.5199890136719
1994-10-06,563.280029296875,25.930212020874023,,452.3599853515625
1994-10-07,566.75,26.04662322998047,,455.1000061035156
1994-10-10,571.6599731445312,26.324199676513672,,459.0400085449219
1994-10-11,580.0900268554688,26.7181453704834,,465.7900085449219
1994-10-12,579.6900024414062,26.753976821899414,,465.4700012207031
1994-10-13,582.1799926757812,26.843517303466797,,467.7900085449219
1994-10-14,584.260009765625,26.95990562438965,,469.1000061035156
1994-10-17,584.1400146484375,26.906177520751953,,468.9599914550781
1994-10-18,582.5399780273438,26.843517303466797,,467.6600036621094
1994-10-19,585.8099975585938,26.968860626220703,,470.2799987792969
1994-10-20,581.5399780273438,26.789791107177734,,466.8500061035156
1994-10-21,579.0999755859375,26.682355880737305,,464.8900146484375
1994-10-24,574.0900268554688,26.45849609375,,460.8299865722656
1994-10-25,575.030029296875,26.485355377197266,,461.5299987792969
1994-10-26,576.4600219726562,26.58384895324707,,462.6199951171875
1994-10-27,580.47998046875,26.745031356811523,,465.8500061035156
1994-10-28,590.3800048828125,27.309114456176758,,473.7699890136719
1994-10-31,588.72998046875,27.210615158081055,,472.3500061035156
1994-11-01,583.97998046875,26.906177520751953,,468.4200134277344
1994-11-02,581.6500244140625,26.753976821899414,,466.510009765625
1994-11-03,583.489990234375,26.897232055664062,,467.9100036621094
1994-11-04,576.75,26.548030853271484,,462.2799987792969
1994-11-07,577.9099731445312,26.628625869750977,,463.07000732421875
1994-11-08,581.27001953125,26.834550857543945,,465.6499938964844
1994-11-09,581.010009765625,26.87932586669922,,465.3999938964844
1994-11-10,579.760009765625,26.691280364990234,,464.3699951171875
1994-11-11,577.239990234375,26.592803955078125,,462.3500061035156
1994-11-14,581.989990234375,26.843517303466797,,466.0400085449219
1994-11-15,580.75,26.753976821899414,,465.0299987792969
1994-11-16,581.5700073242188,26.843517303466797,,465.6199951171875
1994-11-17,579.0399780273438,26.664417266845703,,463.57000732421875
1994-11-18,576.5399780273438,26.628625869750977,,461.4700012207031
1994-11-21,572.6099853515625,26.360027313232422,,458.29998779296875
1994-11-22,562.3499755859375,25.786970138549805,,450.0899963378906
1994-11-23,562.22998046875,25.930212020874023,,449.92999267578125
1994-11-25,565.3900146484375,26.05556869506836,,452.2900085449219
1994-11-28,567.8300170898438,26.17197608947754,,454.1600036621094
1994-11-29,569.1199951171875,26.163028717041016,,455.1700134277344
1994-11-30,567.2899780273438,26.12720489501953,,453.69000244140625
1994-12-01,561.4299926757812,25.867536544799805,,448.9200134277344
1994-12-02,566.989990234375,26.109310150146484,,453.29998779296875
1994-12-05,567.1099853515625,26.136159896850586,,453.32000732421875
1994-12-06,566.8699951171875,26.154071807861328,,453.1099853515625
1994-12-07,564.5399780273438,25.966035842895508,,451.2300109863281
1994-12-08,557.3300170898438,25.715328216552734,,445.45001220703125
1994-12-09,559.4600219726562,25.813817977905273,,446.9599914550781
1994-12-12,562.6400146484375,25.983949661254883,,449.4700012207031
1994-12-13,563.5399780273438,26.082433700561523,,450.1499938964844
1994-12-14,569.5800170898438,26.216751098632812,,454.9700012207031
1994-12-15,570.0900268554688,26.29732322692871,,455.3399963378906
1994-12-16,574.4299926757812,26.4257755279541,,458.79998779296875
1994-12-19,573.3300170898438,26.461870193481445,,457.9100036621094
1994-12-20,572.3499755859375,26.380653381347656,,457.1000061035156
1994-12-21,575.5,26.660425186157227,,459.6099853515625
1994-12-22,575.5800170898438,26.579198837280273,,459.67999267578125
1994-12-23,576.2100219726562,26.606279373168945,,459.8299865722656
1994-12-27,579.530029296875,26.750690460205078,,462.4700012207031
1994-12-28,577.510009765625,26.615310668945312,,460.8599853515625
1994-12-29,577.9199829101562,26.63336181640625,,461.1700134277344
1994-12-30,575.7100219726562,26.31747817993164,,459.2699890136719
1995-01-03,575.52001953125,26.443828582763672,,459.1099853515625
1995-01-04,577.6900024414062,26.570186614990234,,460.7099914550781
1995-01-05,577.2999877929688,26.570186614990234,,460.3399963378906
1995-01-06,577.719970703125,26.597278594970703,,460.67999267578125
1995-01-09,577.97998046875,26.624340057373047,,460.8299865722656
1995-01-10,579.0499877929688,26.651405334472656,,461.67999267578125
1995-01-11,579.030029296875,26.669445037841797,,461.6600036621094
1995-01-12,579.0,26.678483963012695,,461.6400146484375
1995-01-13,584.5399780273438,26.99436378479004,,465.9700012207031
1995-01-16,588.8200073242188,27.15680503845215,,469.3800048828125
1995-01-17,589.6799926757812,27.165821075439453,,470.04998779296875
1995-01-18,589.27001953125,27.138774871826172,,469.7099914550781
1995-01-19,585.7999877929688,26.985336303710938,,466.95001220703125
1995-01-20,583.0800170898438,26.886064529418945,,464.7799987792969
1995-01-23,584.4099731445312,26.967287063598633,,465.82000732421875
1995-01-24,584.52001953125,27.003395080566406,,465.8599853515625
1995-01-25,586.5900268554688,27.07559585571289,,467.44000244140625
1995-01-26,587.719970703125,27.1026554107666,,468.32000732421875
1995-01-27,590.3300170898438,27.210981369018555,,470.3900146484375
1995-01-30,588.0800170898438,27.093626022338867,,468.510009765625
1995-01-31,590.6400146484375,27.201936721801758,,470.4200134277344
1995-02-01,590.6500244140625,27.192913055419922,,470.3999938964844
1995-02-02,593.72998046875,27.355363845825195,,472.7900085449219
1995-02-03,601.1300048828125,27.74346160888672,,478.6499938964844
1995-02-06,604.5599975585938,27.860774993896484,,481.1400146484375
1995-02-07,604.2100219726562,27.896886825561523,,480.80999755859375
1995-02-08,604.739990234375,27.896886825561523,,481.19000244140625
1995-02-09,603.6199951171875,27.896886825561523,,480.19000244140625
1995-02-10,605.3300170898438,27.932973861694336,,481.4599914550781
1995-02-13,605.7100219726562,27.942018508911133,,481.6499938964844
1995-02-14,606.9600219726562,27.978113174438477,,482.54998779296875
1995-02-15,609.52001953125,28.131542205810547,,484.5400085449219
1995-02-16,610.3800048828125,28.095428466796875,,485.2200012207031
1995-02-17,606.4099731445312,27.987125396728516,,481.9700012207031
1995-02-21,607.4099731445312,27.978113174438477,,482.7200012207031
1995-02-22,610.4199829101562,28.18568229675293,,485.07000732421875
1995-02-23,612.8699951171875,28.23080825805664,,486.9100036621094
1995-02-24,614.4000244140625,28.303022384643555,,488.1099853515625
1995-02-27,609.1199951171875,28.077383041381836,,483.80999755859375
1995-02-28,613.6500244140625,28.312053680419922,,487.3900146484375
1995-03-01,611.6400146484375,28.131542205810547,,485.6499938964844
1995-03-02,611.010009765625,28.167638778686523,,485.1300048828125
1995-03-03,611.5,28.176664352416992,,485.4200134277344
1995-03-06,611.8699951171875,28.19471549987793,,485.6300048828125
1995-03-07,607.47998046875,27.978113174438477,,482.1199951171875
1995-03-08,608.77001953125,28.050321578979492,,483.1400146484375
1995-03-09,609.1099853515625,28.04127311706543,,483.1600036621094
1995-03-10,617.2000122070312,28.456432342529297,,489.57000732421875
1995-03-13,617.8499755859375,28.429365158081055,,490.04998779296875
1995-03-14,621.4500122070312,28.636934280395508,,492.8900146484375
1995-03-15,620.2100219726562,28.582801818847656,,491.8800048828125
1995-03-16,624.7100219726562,28.7542667388916,,495.4100036621094
1995-03-17,624.8499755859375,28.782875061035156,,495.5199890136719
1995-03-20,625.6500244140625,28.782875061035156,,496.1400146484375
1995-03-21,624.2999877929688,28.710281372070312,,495.07000732421875
1995-03-22,625.0599975585938,28.73750877380371,,495.6700134277344
1995-03-23,625.4099731445312,28.755657196044922,,495.95001220703125
1995-03-24,631.739990234375,29.163986206054688,,500.9700012207031
1995-03-27,634.8300170898438,29.28194808959961,,503.20001220703125
1995-03-28,635.719970703125,29.28194808959961,,503.8999938964844
1995-03-29,634.739990234375,29.27287483215332,,503.1199951171875
1995-03-30,633.6500244140625,29.218427658081055,,502.2200012207031
1995-03-31,631.760009765625,29.100479125976562,,500.7099914550781
1995-04-03,633.3300170898438,29.173067092895508,,501.8500061035156
1995-04-04,637.77001953125,29.363628387451172,,505.239990234375
1995-04-05,638.3099975585938,29.363628387451172,,505.57000732421875
1995-04-06,638.9500122070312,29.47249412536621,,506.0799865722656
1995-04-07,639.4400024414062,29.445266723632812,,506.4200134277344
1995-04-10,640.2100219726562,29.499731063842773,,507.010009765625
1995-04-11,638.3400268554688,29.399900436401367,,505.5299987792969
1995-04-12,640.4600219726562,29.499731063842773,,507.1700134277344
1995-04-13,643.0700073242188,29.663055419921875,,509.2300109863281
1995-04-17,639.219970703125,29.490629196166992,,506.1300048828125
1995-04-18,638.280029296875,29.39082908630371,,505.3699951171875
1995-04-19,637.72998046875,29.363628387451172,,504.9200134277344
1995-04-20,638.1900024414062,29.408987045288086,,505.2900085449219
1995-04-21,642.239990234375,29.554176330566406,,508.489990234375
1995-04-24,647.9299926757812,29.898969650268555,,512.8900146484375
1995-04-25,647.010009765625,29.81732177734375,,512.0999755859375
1995-04-26,647.77001953125,29.84453773498535,,512.6599731445312
1995-04-27,648.8900146484375,29.917142868041992,,513.5499877929688
1995-04-28,650.3599853515625,29.962499618530273,,514.7100219726562
1995-05-01,649.9500122070312,29.8808536529541,,514.260009765625
1995-05-02,650.8099975585938,29.944351196289062,,514.8599853515625
1995-05-03,657.9400024414062,30.361764907836914,,520.47998046875
1995-05-04,658.219970703125,30.343624114990234,,520.5399780273438
1995-05-05,657.739990234375,30.307302474975586,,520.1199951171875
1995-05-08,662.8200073242188,30.525081634521484,,523.9600219726562
1995-05-09,662.5800170898438,30.49786376953125,,523.5599975585938
1995-05-10,663.6500244140625,30.534156799316406,,524.3599853515625
1995-05-11,663.760009765625,30.61583137512207,,524.3699951171875
1995-05-12,665.280029296875,30.633968353271484,,525.5499877929688
1995-05-15,668.22998046875,30.779176712036133,,527.739990234375
1995-05-16,668.8900146484375,30.79729652404785,,528.1900024414062
1995-05-17,667.47998046875,30.679338455200195,,527.0700073242188
1995-05-18,658.0399780273438,30.234718322753906,,519.5800170898438
1995-05-19,657.8499755859375,30.252878189086914,,519.1900024414062
1995-05-22,663.5700073242188,30.588621139526367,,523.6500244140625
1995-05-23,669.8599853515625,30.869903564453125,,528.5900268554688
1995-05-24,669.9500122070312,30.851757049560547,,528.6099853515625
1995-05-25,670.0999755859375,30.878986358642578,,528.5900268554688
1995-05-26,663.9500122070312,30.525081634521484,,523.6500244140625
1995-05-30,663.8900146484375,30.516019821166992,,523.5800170898438
1995-05-31,676.3599853515625,31.151187896728516,,533.4000244140625
1995-06-01,676.530029296875,31.069541931152344,,533.489990234375
1995-06-02,675.4000244140625,31.096778869628906,,532.510009765625
1995-06-05,679.3200073242188,31.28731918334961,,535.5999755859375
1995-06-06,679.3599853515625,31.23286247253418,,535.5499877929688
1995-06-07,676.2899780273438,31.069541931152344,,533.1300048828125
1995-06-08,675.3900146484375,30.9969482421875,,532.3499755859375
1995-06-09,669.7999877929688,30.81545639038086,,527.9400024414062
1995-06-12,673.5599975585938,30.987886428833008,,530.8800048828125
1995-06-13,680.4099731445312,31.323610305786133,,536.0499877929688
1995-06-14,680.989990234375,31.296377182006836,,536.469970703125
1995-06-15,681.8200073242188,31.4324893951416,,537.1199951171875
1995-06-16,685.260009765625,31.52582359313965,,539.8300170898438
1995-06-19,692.1500244140625,31.881792068481445,,545.219970703125
1995-06-20,691.8499755859375,31.79964828491211,,544.97998046875
1995-06-21,690.5900268554688,31.781391143798828,,543.97998046875
1995-06-22,699.6300048828125,32.20124053955078,,551.0700073242188
1995-06-23,697.9199829101562,32.137351989746094,,549.7100219726562
1995-06-26,690.8400268554688,31.75398826599121,,544.1300048828125
1995-06-27,688.6799926757812,31.690107345581055,,542.4299926757812
1995-06-28,691.8900146484375,31.854400634765625,,544.72998046875
1995-06-29,690.7999877929688,31.79964828491211,,543.8699951171875
1995-06-30,692.0700073242188,31.781391143798828,,544.75
1995-07-03,695.0800170898438,31.9000186920166,,547.0900268554688
1995-07-05,695.4099731445312,32.01869201660156,,547.260009765625
1995-07-06,704.1400146484375,32.42942810058594,,553.989990234375
1995-07-07,707.280029296875,32.575469970703125,,556.3699951171875
1995-07-10,708.3300170898438,32.593727111816406,,557.1900024414062
1995-07-11,705.280029296875,32.43855667114258,,554.780029296875
1995-07-12,713.0999755859375,32.84014129638672,,560.8900146484375
1995-07-13,713.260009765625,32.76712417602539,,561.0
1995-07-14,711.8499755859375,32.73975372314453,,559.8900146484375
1995-07-17,715.4500122070312,32.92228317260742,,562.719970703125
1995-07-18,710.0999755859375,32.63936233520508,,558.4600219726562
1995-07-19,700.6599731445312,32.28337860107422,,550.97998046875
1995-07-20,703.9299926757812,32.40205764770508,,553.5399780273438
1995-07-21,704.0499877929688,32.365543365478516,,553.6199951171875
1995-07-24,707.8699951171875,32.602840423583984,,556.6300048828125
1995-07-25,713.5599975585938,32.849266052246094,,561.0999755859375
1995-07-26,714.25,32.82188415527344,,561.6099853515625
1995-07-27,718.9500122070312,33.09571075439453,,565.219970703125
1995-07-28,716.0700073242188,32.88578414916992,,562.9299926757812
1995-07-31,715.02001953125,32.80363082885742,,562.0599975585938
1995-08-01,711.9500122070312,32.74887466430664,,559.6400146484375
1995-08-02,711.030029296875,32.67586898803711,,558.7999877929688
1995-08-03,711.1599731445312,32.66673278808594,,558.75
1995-08-04,711.4500122070312,32.703224182128906,,558.9400024414062
1995-08-07,712.9099731445312,32.776241302490234,,560.030029296875
1995-08-08,713.4400024414062,32.776241302490234,,560.3900146484375
1995-08-09,712.6799926757812,32.76712417602539,,559.7100219726562
1995-08-10,709.989990234375,32.69411849975586,,557.4500122070312
1995-08-11,707.1400146484375,32.511558532714844,,555.1099853515625
1995-08-14,713.0999755859375,32.80363082885742,,559.739990234375
1995-08-15,711.7100219726562,32.73975372314453,,558.5700073242188
1995-08-16,713.6699829101562,32.83100891113281,,559.969970703125
1995-08-17,712.52001953125,32.776241302490234,,559.0399780273438
1995-08-18,712.8200073242188,32.812774658203125,,559.2100219726562
1995-08-21,711.4400024414062,32.72150421142578,,558.1099853515625
1995-08-22,713.27001953125,32.785400390625,,559.52001953125
1995-08-23,710.3400268554688,32.66673278808594,,557.1400146484375
1995-08-24,710.77001953125,32.703224182128906,,557.4600219726562
1995-08-25,714.1500244140625,32.88578414916992,,560.0999755859375
1995-08-28,712.8200073242188,32.76712417602539,,559.0499877929688
1995-08-29,714.1300048828125,32.849266052246094,,560.0
1995-08-30,715.5399780273438,32.92228317260742,,560.9199829101562
1995-08-31,716.8200073242188,32.94970703125,,561.8800048828125
1995-09-01,719.3400268554688,33.09571075439453,,563.8400268554688
1995-09-05,726.260009765625,33.40603256225586,,569.1699829101562
1995-09-06,727.6799926757812,33.469940185546875,,570.1699829101562
1995-09-07,727.8800048828125,33.488189697265625,,570.2899780273438
1995-09-08,730.9400024414062,33.6159782409668,,572.6799926757812
1995-09-11,732.5399780273438,33.7072639465332,,573.9099731445312
1995-09-12,735.8699951171875,33.862430572509766,,576.510009765625
1995-09-13,739.1099853515625,34.01757049560547,,578.77001953125
1995-09-14,745.3099975585938,34.32791519165039,,583.6099853515625
1995-09-15,744.97998046875,34.31842803955078,,583.3499755859375
1995-09-18,744.5,34.18996047973633,,582.77001953125
1995-09-19,746.3400268554688,34.35514450073242,,584.2000122070312
1995-09-20,749.6599731445312,34.52030563354492,,586.77001953125
1995-09-21,744.8800048828125,34.23585510253906,,583.0
1995-09-22,743.260009765625,34.245025634765625,,581.72998046875
1995-09-25,743.3599853515625,34.18996047973633,,581.8099975585938
1995-09-26,742.8499755859375,34.180789947509766,,581.4099731445312
1995-09-27,742.739990234375,34.153289794921875,,581.0399780273438
1995-09-28,748.9299926757812,34.41018295288086,,585.8699951171875
1995-09-29,747.0700073242188,34.345970153808594,,584.4099731445312
1995-10-02,743.6500244140625,34.17161178588867,,581.719970703125
1995-10-03,744.469970703125,34.20832824707031,,582.3400268554688
1995-10-04,743.47998046875,34.17161178588867,,581.469970703125
1995-10-05,745.219970703125,34.272560119628906,,582.6300048828125
1995-10-06,745.1099853515625,34.30009841918945,,582.489990234375
1995-10-09,739.8400268554688,34.015621185302734,,578.3699951171875
1995-10-10,738.75,33.997283935546875,,577.52001953125
1995-10-11,741.3400268554688,34.107391357421875,,579.4600219726562
1995-10-12,746.02001953125,34.31842803955078,,583.0999755859375
1995-10-13,747.8200073242188,34.42855453491211,,584.5
1995-10-16,745.9299926757812,34.263389587402344,,583.030029296875
1995-10-17,750.72998046875,34.4927864074707,,586.780029296875
1995-10-18,751.7100219726562,34.59370422363281,,587.4400024414062
1995-10-19,755.8300170898438,34.75887680053711,,590.6500244140625
1995-10-20,751.760009765625,34.54783630371094,,587.4600219726562
1995-10-23,748.7000122070312,34.47444152832031,,585.0599975585938
1995-10-24,750.5900268554688,34.51115417480469,,586.5399780273438
1995-10-25,745.4299926757812,34.226688385009766,,582.469970703125
1995-10-26,738.1099853515625,33.914703369140625,,576.719970703125
1995-10-27,742.0,34.17161178588867,,579.7000122070312
1995-10-30,746.6300048828125,34.39185333251953,,583.25
1995-10-31,744.4000244140625,34.245025634765625,,581.5
1995-11-01,748.010009765625,34.52030563354492,,584.219970703125
1995-11-02,755.239990234375,34.740535736083984,,589.719970703125
1995-11-03,756.3699951171875,34.78642654418945,,590.5700073242188
1995-11-06,753.739990234375,34.6671257019043,,588.4600219726562
1995-11-07,751.030029296875,34.53865051269531,,586.3200073242188
1995-11-08,758.0999755859375,34.85063934326172,,591.7100219726562
1995-11-09,760.3099975585938,34.9791259765625,,593.260009765625
1995-11-10,759.6599731445312,34.96076583862305,,592.719970703125
1995-11-13,759.260009765625,34.924049377441406,,592.2999877929688
1995-11-14,755.489990234375,34.69465255737305,,589.2899780273438
1995-11-15,761.6699829101562,35.04335021972656,,593.9600219726562
1995-11-16,766.0599975585938,35.23603820800781,,597.3400268554688
1995-11-17,769.5700073242188,35.346160888671875,,600.0700073242188
1995-11-20,765.5599975585938,35.162635803222656,,596.8499755859375
1995-11-21,770.0,35.447105407714844,,600.239990234375
1995-11-22,767.6599731445312,35.33696365356445,,598.4000244140625
1995-11-24,769.6900024414062,35.428749084472656,,599.969970703125
1995-11-27,771.4299926757812,35.437896728515625,,601.3200073242188
1995-11-28,778.0999755859375,35.81413269042969,,606.4500122070312
1995-11-29,779.97998046875,35.850833892822266,,607.6400146484375
1995-11-30,777.0700073242188,35.76826477050781,,605.3699951171875
1995-12-01,779.1500244140625,35.81413269042969,,606.97998046875
1995-12-04,787.7999877929688,36.25458908081055,,613.6799926757812
1995-12-05,793.010009765625,36.493167877197266,,617.6799926757812
1995-12-06,796.4099731445312,36.57575225830078,,620.1799926757812
1995-12-07,791.2899780273438,36.3830451965332,,616.1699829101562
1995-12-08,792.97998046875,36.502315521240234,,617.47998046875
1995-12-11,795.6300048828125,36.6583251953125,,619.52001953125
1995-12-12,794.6799926757812,36.5482177734375,,618.780029296875
1995-12-13,798.760009765625,36.77761459350586,,621.6900024414062
1995-12-14,792.6900024414062,36.511512756347656,,616.9199829101562
1995-12-15,791.9500122070312,36.524879455566406,,616.3400268554688
1995-12-18,779.77001953125,35.82320022583008,,606.8099975585938
1995-12-19,786.3499755859375,36.201744079589844,,611.9299926757812
1995-12-20,778.6900024414062,35.85089111328125,,605.9400024414062
1995-12-21,784.5700073242188,36.03554153442383,,610.489990234375
1995-12-22,786.469970703125,36.16481018066406,,611.9500122070312
1995-12-26,789.47998046875,36.3402214050293,,614.2999877929688
1995-12-27,790.2000122070312,36.3217658996582,,614.530029296875
1995-12-28,789.6900024414062,36.284820556640625,,614.1199951171875
1995-12-29,792.0399780273438,36.330997467041016,,615.9299926757812
1996-01-02,798.219970703125,36.71879196166992,,620.72998046875
1996-01-03,799.1199951171875,36.820335388183594,,621.3200073242188
1996-01-04,794.469970703125,36.469486236572266,,617.7000122070312
1996-01-05,793.2000122070312,36.3956184387207,,616.7100219726562
1996-01-08,795.6799926757812,36.53411865234375,,618.4600219726562
1996-01-09,784.1599731445312,35.90629196166992,,609.4500122070312
1996-01-10,770.1099853515625,35.43540573120117,,598.47998046875
1996-01-11,775.5700073242188,35.647769927978516,,602.6900024414062
1996-01-12,774.4299926757812,35.592376708984375,,601.8099975585938
1996-01-15,771.8699951171875,35.51852798461914,,599.8200073242188
1996-01-16,782.969970703125,35.95245361328125,,608.4400024414062
1996-01-17,780.3699951171875,35.841670989990234,,606.3699951171875
1996-01-18,782.8499755859375,35.961669921875,,608.239990234375
1996-01-19,787.47998046875,36.201744079589844,,611.8300170898438
1996-01-22,789.5,36.210968017578125,,613.4000244140625
1996-01-23,788.719970703125,36.2940673828125,,612.7899780273438
1996-01-24,797.989990234375,36.58951950073242,,619.9600219726562
1996-01-25,794.219970703125,36.460269927978516,,617.030029296875
1996-01-26,800.1300048828125,36.774173736572266,,621.6199951171875
1996-01-29,803.6500244140625,36.92189025878906,,624.219970703125
1996-01-30,811.3099975585938,37.23583221435547,,630.1500244140625
1996-01-31,819.0,37.62357711791992,,636.02001953125
1996-02-01,822.2999877929688,37.76209259033203,,638.4600219726562
1996-02-02,818.969970703125,37.60512924194336,,635.8400268554688
1996-02-05,826.22998046875,37.9097900390625,,641.4299926757812
1996-02-06,832.5599975585938,38.26988220214844,,646.3300170898438
1996-02-07,837.3400268554688,38.49147033691406,,649.9299926757812
1996-02-08,845.4400024414062,38.9069709777832,,656.0700073242188
1996-02-09,845.8699951171875,38.897708892822266,,656.3699951171875
1996-02-12,852.469970703125,39.193172454833984,,661.4500122070312
1996-02-13,851.47998046875,39.110069274902344,,660.510009765625
1996-02-14,845.239990234375,38.7684440612793,,655.5800170898438
1996-02-15,839.9000244140625,38.52840042114258,,651.3200073242188
1996-02-16,835.7000122070312,38.371437072753906,,647.97998046875
1996-02-20,826.260009765625,37.99290466308594,,640.6500244140625
1996-02-21,836.010009765625,38.463768005371094,,648.0999755859375
1996-02-22,849.9299926757812,39.07313537597656,,658.8599853515625
1996-02-23,850.22998046875,38.96234893798828,,659.0800170898438
1996-02-26,839.1199951171875,38.408363342285156,,650.4600219726562
1996-02-27,835.0599975585938,38.28833770751953,,647.239990234375
1996-02-28,832.0999755859375,38.112937927246094,,644.75
1996-02-29,826.5900268554688,37.74361801147461,,640.4299926757812
1996-03-01,831.7000122070312,38.343746185302734,,644.3699951171875
1996-03-04,840.1500244140625,38.565311431884766,,650.8099975585938
1996-03-05,846.6599731445312,38.9254035949707,,655.7899780273438
1996-03-06,842.02001953125,38.58378982543945,,652.0
1996-03-07,844.2100219726562,38.777671813964844,,653.6500244140625
1996-03-08,818.1900024414062,37.52201843261719,,633.5
1996-03-11,826.6500244140625,37.955970764160156,,640.02001953125
1996-03-12,822.8699951171875,37.6605224609375,,637.0900268554688
1996-03-13,825.1400146484375,37.91904067993164,,638.5499877929688
1996-03-14,828.1500244140625,38.08522415161133,,640.8699951171875
1996-03-15,828.9000244140625,38.059627532958984,,641.4299926757812
1996-03-18,843.4400024414062,38.792259216308594,,652.6500244140625
1996-03-19,842.219970703125,38.708778381347656,,651.6900024414062
1996-03-20,840.02001953125,38.66242980957031,,649.97998046875
1996-03-21,839.0499877929688,38.56968688964844,,649.1900024414062
1996-03-22,840.9000244140625,38.67170715332031,,650.6199951171875
1996-03-25,840.1500244140625,38.59751510620117,,650.0399780273438
1996-03-26,843.9400024414062,38.782989501953125,,652.969970703125
1996-03-27,838.9500122070312,38.43057632446289,,648.9099731445312
1996-03-28,839.0,38.5789680480957,,648.9400024414062
1996-03-29,834.5499877929688,38.393489837646484,,645.5
1996-04-01,845.2000122070312,38.838623046875,,653.72998046875
1996-04-02,847.3499755859375,38.91279220581055,,655.260009765625
1996-04-03,848.1699829101562,38.91279220581055,,655.8800048828125
1996-04-04,848.2100219726562,38.885005950927734,,655.8599853515625
1996-04-08,833.469970703125,38.21726989746094,,644.239990234375
1996-04-09,830.8400268554688,38.068904876708984,,642.1900024414062
1996-04-10,819.6199951171875,37.391910552978516,,633.5
1996-04-11,816.7000122070312,37.34554672241211,,631.1799926757812
1996-04-12,823.8599853515625,37.81849670410156,,636.7100219726562
1996-04-15,831.3300170898438,38.133811950683594,,642.489990234375
1996-04-16,834.5800170898438,38.24509811401367,,645.0
1996-04-17,830.3099975585938,38.15235900878906,,641.6099853515625
1996-04-18,832.9199829101562,38.208011627197266,,643.6099853515625
1996-04-19,834.8099975585938,38.30074691772461,,645.0700073242188
1996-04-22,838.4600219726562,38.59751510620117,,647.8900146484375
1996-04-23,843.25,38.71806335449219,,651.5800170898438
1996-04-24,841.4600219726562,38.5789680480957,,650.1699829101562
1996-04-25,844.9600219726562,38.755165100097656,,652.8699951171875
1996-04-26,845.8300170898438,38.838623046875,,653.4600219726562
1996-04-29,846.77001953125,38.838623046875,,654.1599731445312
1996-04-30,846.8499755859375,38.810813903808594,,654.1699829101562
1996-05-01,847.489990234375,38.8942756652832,,654.5800170898438
1996-05-02,833.1199951171875,38.2265625,,643.3800048828125
1996-05-03,830.8900146484375,38.17091751098633,,641.6300048828125
1996-05-06,829.9099731445312,38.133811950683594,,640.8099975585938
1996-05-07,826.6300048828125,37.97616195678711,,638.260009765625
1996-05-08,835.280029296875,38.44912338256836,,644.77001953125
1996-05-09,836.3699951171875,38.42131042480469,,645.4400024414062
1996-05-10,845.0700073242188,38.80154037475586,,652.0900268554688
1996-05-13,857.4400024414062,39.38576889038086,,661.510009765625
1996-05-14,862.8900146484375,39.626914978027344,,665.5999755859375
1996-05-15,862.7899780273438,39.580543518066406,,665.4199829101562
1996-05-16,862.1400146484375,39.664005279541016,,664.8499755859375
1996-05-17,867.760009765625,39.8773078918457,,668.9099731445312
1996-05-20,873.3400268554688,40.146236419677734,,673.1500244140625
1996-05-21,872.8499755859375,40.090599060058594,,672.760009765625
1996-05-22,880.3099975585938,40.47079849243164,,678.4199829101562
1996-05-23,877.1900024414062,40.30389404296875,,676.0
1996-05-24,880.4600219726562,40.46153259277344,,678.510009765625
1996-05-28,872.3200073242188,40.05350112915039,,672.22998046875
1996-05-29,866.9600219726562,39.7845573425293,,667.9299926757812
1996-05-30,872.0,39.98858642578125,,671.7000122070312
1996-05-31,868.6900024414062,39.691810607910156,,669.1199951171875
1996-06-03,866.8300170898438,39.8031120300293,,667.6799926757812
1996-06-04,873.2100219726562,40.081321716308594,,672.5599975585938
1996-06-05,881.0900268554688,40.43373489379883,,678.4400024414062
1996-06-06,874.219970703125,40.136962890625,,673.030029296875
1996-06-07,874.5999755859375,40.136962890625,,673.3099975585938
1996-06-10,873.1400146484375,40.00712966918945,,672.1599731445312
1996-06-11,871.5999755859375,39.970027923583984,,670.969970703125
1996-06-12,869.47998046875,39.89582443237305,,669.0399780273438
1996-06-13,868.0800170898438,39.89582443237305,,667.9199829101562
1996-06-14,865.4000244140625,39.728904724121094,,665.8499755859375
1996-06-17,864.530029296875,39.701080322265625,,665.1599731445312
1996-06-18,860.52001953125,39.37651824951172,,662.0599975585938
1996-06-19,860.4000244140625,39.552711486816406,,661.9600219726562
1996-06-20,860.6099853515625,39.52488708496094,,662.0999755859375
1996-06-21,866.7899780273438,39.86484909057617,,666.8400268554688
1996-06-24,869.4099731445312,39.93940734863281,,668.8499755859375
1996-06-25,868.9299926757812,39.892818450927734,,668.47998046875
1996-06-26,863.8800048828125,39.622432708740234,,664.3900146484375
1996-06-27,869.2999877929688,39.90212631225586,,668.5499877929688
1996-06-28,872.010009765625,40.04195022583008,,670.6300048828125
1996-07-01,878.969970703125,40.386905670166016,,675.8800048828125
1996-07-02,876.1900024414062,40.237762451171875,,673.6099853515625
1996-07-03,874.6300048828125,40.15385437011719,,672.4000244140625
1996-07-05,855.1900024414062,39.12831497192383,,657.4400024414062
1996-07-08,849.0700073242188,38.9698371887207,,652.5399780273438
1996-07-09,852.030029296875,39.12831497192383,,654.75
1996-07-10,853.77001953125,39.286834716796875,,656.0599975585938
1996-07-11,840.3400268554688,38.4943733215332,,645.6699829101562
1996-07-12,841.010009765625,38.5223503112793,,646.1900024414062
1996-07-15,819.6799926757812,37.38495635986328,,629.7999877929688
1996-07-16,817.8200073242188,37.4781608581543,,628.3699951171875
1996-07-17,825.3200073242188,37.92566680908203,,634.0700073242188
1996-07-18,837.739990234375,38.447750091552734,,643.5599975585938
1996-07-19,831.4600219726562,38.16807556152344,,638.72998046875
1996-07-22,825.0,37.88837432861328,,633.77001953125
1996-07-23,816.030029296875,37.403587341308594,,626.8699951171875
1996-07-24,815.77001953125,37.4781608581543,,626.6500244140625
1996-07-25,821.6599731445312,37.81379318237305,,631.1699829101562
1996-07-26,827.8099975585938,38.018882751464844,,635.9000244140625
1996-07-29,821.4299926757812,37.5993537902832,,630.9099731445312
1996-07-30,827.1300048828125,37.962955474853516,,635.260009765625
1996-07-31,833.47998046875,38.24266052246094,,639.9500122070312
1996-08-01,846.77001953125,38.876617431640625,,650.02001953125
1996-08-02,863.0599975585938,39.71567916870117,,662.489990234375
1996-08-05,860.1900024414062,39.482608795166016,,660.22998046875
1996-08-06,863.02001953125,39.60381317138672,,662.3800048828125
1996-08-07,865.4600219726562,39.70634078979492,,664.1599731445312
1996-08-08,863.4400024414062,39.641082763671875,,662.5900268554688
1996-08-09,863.010009765625,39.51054382324219,,662.0999755859375
1996-08-12,867.8400268554688,39.79958724975586,,665.77001953125
1996-08-13,860.8200073242188,39.482608795166016,,660.2000122070312
1996-08-14,863.3599853515625,39.622432708740234,,662.0499877929688
1996-08-15,863.7100219726562,39.547847747802734,,662.280029296875
1996-08-16,867.6300048828125,39.883487701416016,,665.2100219726562
1996-08-19,869.4500122070312,39.90212631225586,,666.5800170898438
1996-08-20,868.3699951171875,39.874168395996094,,665.6900024414062
1996-08-21,867.6699829101562,39.73432159423828,,665.0700073242188
1996-08-22,875.010009765625,40.10722351074219,,670.6799926757812
1996-08-23,870.280029296875,39.892818450927734,,667.030029296875
1996-08-26,866.1699829101562,39.697017669677734,,663.8800048828125
1996-08-27,869.469970703125,39.8462028503418,,666.4000244140625
1996-08-28,867.6199951171875,39.78095626831055,,664.8099975585938
1996-08-29,858.0999755859375,39.38937759399414,,657.4000244140625
1996-08-30,851.0599975585938,38.97915267944336,,651.989990234375
1996-09-03,854.6300048828125,39.23088455200195,,654.719970703125
1996-09-04,856.1400146484375,39.26816177368164,,655.6099853515625
1996-09-05,848.1500244140625,38.79268264770508,,649.4400024414062
1996-09-06,856.3699951171875,39.34275817871094,,655.6799926757812
1996-09-09,866.9400024414062,39.80889892578125,,663.760009765625
1996-09-10,867.1099853515625,39.7902717590332,,663.8099975585938
1996-09-11,871.8099975585938,40.01401901245117,,667.280029296875
1996-09-12,877.1500244140625,40.293697357177734,,671.1500244140625
1996-09-13,889.4199829101562,40.909000396728516,,680.5399780273438
1996-09-16,894.1599731445312,41.058162689208984,,683.97998046875
1996-09-17,892.8099975585938,40.96495819091797,,682.9400024414062
1996-09-18,890.9199829101562,40.86238479614258,,681.469970703125
1996-09-19,892.969970703125,41.0208854675293,,683.0
1996-09-20,898.239990234375,41.16640090942383,,687.030029296875
1996-09-23,897.5499877929688,41.15703201293945,,686.47998046875
1996-09-24,896.4099731445312,41.14765167236328,,685.6099853515625
1996-09-25,896.72998046875,41.175777435302734,,685.8300170898438
1996-09-26,897.0499877929688,41.15703201293945,,685.8599853515625
1996-09-27,897.5,41.19449996948242,,686.1900024414062
1996-09-30,898.969970703125,41.15703201293945,,687.3300170898438
1996-10-01,901.2899780273438,41.381900787353516,,689.0800170898438
1996-10-02,907.8800048828125,41.66303253173828,,694.010009765625
1996-10-03,906.280029296875,41.62554931640625,,692.780029296875
1996-10-04,917.6599731445312,42.18781661987305,,701.4600219726562
1996-10-07,920.1599731445312,42.23467254638672,,703.3400268554688
1996-10-08,916.8400268554688,42.06599426269531,,700.6400146484375
1996-10-09,911.8699951171875,41.738040924072266,,696.739990234375
1996-10-10,909.1599731445312,41.6536865234375,,694.6099853515625
1996-10-11,917.0800170898438,42.169090270996094,,700.6599731445312
1996-10-14,920.8499755859375,42.22529602050781,,703.5399780273438
1996-10-15,919.5900268554688,42.169090270996094,,702.5700073242188
1996-10-16,922.0700073242188,42.37523651123047,,704.4099731445312
1996-10-17,925.52001953125,42.487709045410156,,706.989990234375
1996-10-18,930.5499877929688,42.71260070800781,,710.8200073242188
1996-10-21,929.280029296875,42.6563606262207,,709.8499755859375
1996-10-22,924.97998046875,42.356502532958984,,706.5700073242188
1996-10-23,925.9299926757812,42.497047424316406,,707.27001953125
1996-10-24,919.4199829101562,42.131591796875,,702.2899780273438
1996-10-25,917.6300048828125,42.169090270996094,,700.9199829101562
1996-10-28,912.8300170898438,41.88795471191406,,697.260009765625
1996-10-29,918.489990234375,42.22529602050781,,701.5
1996-10-30,917.9500122070312,42.08474349975586,,700.9000244140625
1996-10-31,923.760009765625,42.487709045410156,,705.27001953125
1996-11-01,921.9099731445312,42.337772369384766,,703.77001953125
1996-11-04,925.8800048828125,42.61886978149414,,706.72998046875
1996-11-05,935.5900268554688,42.86253356933594,,714.1400146484375
1996-11-06,949.469970703125,43.68717575073242,,724.5900268554688
1996-11-07,953.6699829101562,43.790260314941406,,727.6500244140625
1996-11-08,957.9099731445312,44.03389358520508,,730.8200073242188
1996-11-11,959.2899780273438,43.98704147338867,,731.8699951171875
1996-11-12,956.3699951171875,43.855857849121094,,729.5599975585938
1996-11-13,958.6799926757812,44.05263137817383,,731.1300048828125
1996-11-14,964.989990234375,44.34313201904297,,735.8800048828125
1996-11-15,967.3400268554688,44.39934539794922,,737.6199951171875
1996-11-18,966.6300048828125,44.40873336791992,,737.02001953125
1996-11-19,973.3900146484375,44.72734069824219,,742.1599731445312
1996-11-20,975.9099731445312,44.80229568481445,,743.9500122070312
1996-11-21,974.3599853515625,44.73670959472656,,742.75
1996-11-22,982.219970703125,45.08344268798828,,748.72998046875
1996-11-25,993.1599731445312,45.65507125854492,,757.030029296875
1996-11-26,991.97998046875,45.50514221191406,,755.9600219726562
1996-11-27,990.8900146484375,45.42078399658203,,755.0
1996-11-29,993.5800170898438,45.58946990966797,,757.02001953125
1996-12-02,993.0,45.60820770263672,,756.5599975585938
1996-12-03,982.1500244140625,44.83042526245117,,748.280029296875
1996-12-04,978.239990234375,44.95226287841797,,745.0999755859375
1996-12-05,977.4099731445312,44.83042526245117,,744.3800048828125
1996-12-06,971.2100219726562,44.568023681640625,,739.5999755859375
1996-12-09,984.6300048828125,45.223995208740234,,749.760009765625
1996-12-10,981.6500244140625,45.00845718383789,,747.5399780273438
1996-12-11,972.8499755859375,44.59614562988281,,740.72998046875
1996-12-12,958.1500244140625,43.855857849121094,,729.2999877929688
1996-12-13,957.260009765625,43.968299865722656,,728.6400146484375
1996-12-16,947.22998046875,43.40604019165039,,720.97998046875
1996-12-17,953.8800048828125,43.75276565551758,,726.0399780273438
1996-12-18,961.1599731445312,44.0994987487793,,731.5399780273438
1996-12-19,979.8800048828125,45.00845718383789,,745.760009765625
1996-12-20,983.989990234375,45.10722351074219,,748.8699951171875
1996-12-23,981.4299926757812,44.994224548339844,,746.9199829101562
1996-12-24,986.8699951171875,45.3238525390625,,751.030029296875
1996-12-26,993.1599731445312,45.672237396240234,,755.8200073242188
1996-12-27,994.8499755859375,45.72876739501953,,756.7899780273438
1996-12-30,991.010009765625,45.33323669433594,,753.8499755859375
1996-12-31,973.9000244140625,44.504520416259766,,740.739990234375
1997-01-02,969.0499877929688,44.61753845214844,,737.010009765625
1997-01-03,983.5599975585938,45.25791549682617,,748.030029296875
1997-01-06,983.0800170898438,44.86240005493164,,747.6500244140625
1997-01-07,990.47998046875,45.40858840942383,,753.22998046875
1997-01-08,984.4000244140625,45.013084411621094,,748.4099731445312
1997-01-09,992.8900146484375,45.389747619628906,,754.8499755859375
1997-01-10,999.010009765625,45.879432678222656,,759.5
1997-01-13,999.0800170898438,45.813514709472656,,759.510009765625
1997-01-14,1011.3900146484375,46.3879508972168,,768.8599853515625
1997-01-15,1009.219970703125,46.274940490722656,,767.2000122070312
1997-01-16,1012.5999755859375,46.4632682800293,,769.75
1997-01-17,1021.0900268554688,46.74577331542969,,776.1699829101562
1997-01-20,1021.7899780273438,46.80228042602539,,776.7000122070312
1997-01-21,1029.7099609375,47.178955078125,,782.719970703125
1997-01-22,1034.4100341796875,47.51797103881836,,786.22998046875
1997-01-23,1023.02001953125,46.85877990722656,,777.5599975585938
1997-01-24,1013.75,46.256107330322266,,770.52001953125
1997-01-27,1006.52001953125,46.124271392822266,,765.02001953125
1997-01-28,1006.5999755859375,46.256107330322266,,765.02001953125
1997-01-29,1016.6300048828125,46.70811462402344,,772.5
1997-01-30,1032.1199951171875,47.31078338623047,,784.1699829101562
1997-01-31,1034.739990234375,47.25429916381836,,786.1599731445312
1997-02-03,1035.5899658203125,47.39556121826172,,786.72998046875
1997-02-04,1039.0,47.68748474121094,,789.260009765625
1997-02-05,1024.719970703125,46.79288101196289,,778.280029296875
1997-02-06,1027.5,47.10361862182617,,780.1500244140625
1997-02-07,1039.9100341796875,47.74396514892578,,789.5599975585938
1997-02-10,1034.510009765625,47.291954040527344,,785.4299926757812
1997-02-11,1039.989990234375,47.838157653808594,,789.5900268554688
1997-02-12,1057.6400146484375,48.51615905761719,,802.77001953125
1997-02-13,1069.6800537109375,49.043540954589844,,811.8200073242188
1997-02-14,1065.31005859375,48.93051528930664,,808.47998046875
1997-02-18,1075.8199462890625,49.3448486328125,,816.2899780273438
1997-02-19,1070.9200439453125,49.01527786254883,,812.489990234375
1997-02-20,1058.199951171875,48.421993255615234,,802.7999877929688
1997-02-21,1056.8599853515625,48.440826416015625,,801.77001953125
1997-02-24,1068.0899658203125,49.01527786254883,,810.280029296875
1997-02-25,1070.5,49.05293273925781,,812.030029296875
1997-02-26,1062.22998046875,48.57267379760742,,805.6799926757812
1997-02-27,1048.4300537109375,47.84756088256836,,795.0700073242188
1997-02-28,1042.8499755859375,47.706302642822266,,790.8200073242188
1997-03-03,1048.780029296875,48.026493072509766,,795.3099975585938
1997-03-04,1043.18994140625,47.76283264160156,,790.9500122070312
1997-03-05,1058.0999755859375,48.57267379760742,,801.989990234375
1997-03-06,1053.699951171875,48.29017639160156,,798.5599975585938
1997-03-07,1062.1700439453125,48.72334671020508,,804.969970703125
1997-03-10,1073.6400146484375,49.23185729980469,,813.6500244140625
1997-03-11,1070.6099853515625,48.96820068359375,,811.3400268554688
1997-03-12,1061.510009765625,48.534996032714844,,804.260009765625
1997-03-13,1042.3199462890625,47.78166580200195,,789.5599975585938
1997-03-14,1047.0899658203125,48.026493072509766,,793.1699829101562
1997-03-17,1050.489990234375,48.15831756591797,,795.7100219726562
1997-03-18,1042.52001953125,47.64040756225586,,789.6599731445312
1997-03-19,1037.4000244140625,47.48031997680664,,785.77001953125
1997-03-20,1033.3399658203125,47.2354621887207,,782.6500244140625
1997-03-21,1035.260009765625,47.45417022705078,,784.0999755859375
1997-03-24,1044.25,48.11587142944336,,790.8900146484375
1997-03-25,1041.93994140625,47.64325714111328,,789.0700073242188
1997-03-26,1044.0799560546875,47.8511848449707,,790.5
1997-03-27,1022.1400146484375,46.58447265625,,773.8800048828125
1997-03-31,1000.0,45.60138702392578,,757.1199951171875
1997-04-01,1003.3300170898438,45.89442443847656,,759.6400146484375
1997-04-02,990.9299926757812,45.072025299072266,,750.1099853515625
1997-04-03,991.2100219726562,45.31779479980469,,750.3200073242188
1997-04-04,1001.25,45.88496780395508,,757.9000244140625
1997-04-07,1006.8499755859375,46.064571380615234,,762.1300048828125
1997-04-08,1012.4099731445312,46.39543914794922,,766.1199951171875
1997-04-09,1005.1799926757812,46.0173225402832,,760.5999755859375
1997-04-10,1002.219970703125,45.84716033935547,,758.3400268554688
1997-04-11,974.9400024414062,44.39138412475586,,737.6500244140625
1997-04-14,982.97998046875,44.9869384765625,,743.72998046875
1997-04-15,997.5,45.752628326416016,,754.719970703125
1997-04-16,1009.219970703125,46.28199768066406,,763.530029296875
1997-04-17,1006.9299926757812,46.092926025390625,,761.77001953125
1997-04-18,1012.969970703125,46.31980514526367,,766.3400268554688
1997-04-21,1005.0800170898438,46.0173225402832,,760.3699951171875
1997-04-22,1023.9000244140625,47.028785705566406,,774.6099853515625
1997-04-23,1022.6699829101562,47.0760498046875,,773.6400146484375
1997-04-24,1019.4299926757812,46.8397216796875,,771.1799926757812
1997-04-25,1011.75,46.300907135009766,,765.3699951171875
1997-04-28,1021.9199829101562,46.754634857177734,,772.9600219726562
1997-04-29,1049.8499755859375,48.22929382324219,,794.0499877929688
1997-04-30,1059.699951171875,48.456180572509766,,801.3400268554688
1997-05-01,1056.1300048828125,48.39948654174805,,798.530029296875
1997-05-02,1075.22998046875,49.269168853759766,,812.969970703125
1997-05-05,1098.1400146484375,50.44132614135742,,830.2899780273438
1997-05-06,1094.949951171875,50.403507232666016,,827.760009765625
1997-05-07,1079.050048828125,49.306949615478516,,815.6199951171875
1997-05-08,1085.219970703125,49.64725875854492,,820.260009765625
1997-05-09,1091.489990234375,49.98757553100586,,824.780029296875
1997-05-12,1108.5799560546875,50.81942367553711,,837.6599731445312
1997-05-13,1102.780029296875,50.6114501953125,,833.1300048828125
1997-05-14,1106.7900390625,50.706024169921875,,836.0399780273438
1997-05-15,1114.8599853515625,51.04631805419922,,841.8800048828125
1997-05-16,1099.0,50.3467903137207,,829.75
1997-05-19,1103.6800537109375,50.4980583190918,,833.27001953125
1997-05-20,1114.8800048828125,51.1030158996582,,841.6599731445312
1997-05-21,1111.93994140625,50.989601135253906,,839.3499755859375
1997-05-22,1107.0799560546875,50.81942367553711,,835.6599731445312
1997-05-23,1122.1600341796875,51.29207992553711,,847.030029296875
1997-05-27,1125.719970703125,51.50007247924805,,849.7100219726562
1997-05-28,1122.5999755859375,51.490596771240234,,847.2100219726562
1997-05-29,1118.6199951171875,51.18812561035156,,844.0800170898438
1997-05-30,1124.219970703125,51.51896667480469,,848.280029296875
1997-06-02,1121.68994140625,51.29207992553711,,846.3599853515625
1997-06-03,1120.5400390625,51.12194061279297,,845.47998046875
1997-06-04,1113.68994140625,51.06521987915039,,840.1099853515625
1997-06-05,1118.22998046875,51.25430679321289,,843.4299926757812
1997-06-06,1137.6199951171875,52.256309509277344,,858.010009765625
1997-06-09,1144.1500244140625,52.52100372314453,,862.9099731445312
1997-06-10,1147.300048828125,52.68169021606445,,865.27001953125
1997-06-11,1153.2099609375,52.8045768737793,,869.5700073242188
1997-06-12,1171.9100341796875,53.82551574707031,,883.4600219726562
1997-06-13,1184.9000244140625,54.27926254272461,,893.27001953125
1997-06-16,1185.780029296875,54.298152923583984,,893.9000244140625
1997-06-17,1186.469970703125,54.22252655029297,,894.4199829101562
1997-06-18,1179.4100341796875,54.033477783203125,,889.0599975585938
1997-06-19,1191.2900390625,54.591190338134766,,897.989990234375
1997-06-20,1192.239990234375,54.40518569946289,,898.7000122070312
1997-06-23,1165.6199951171875,53.086124420166016,,878.6199951171875
1997-06-24,1189.1300048828125,54.43367004394531,,896.3400268554688
1997-06-25,1179.4200439453125,54.054073333740234,,888.989990234375
1997-06-26,1172.6300048828125,53.788360595703125,,883.6799926757812
1997-06-27,1177.449951171875,53.997135162353516,,887.2999877929688
1997-06-30,1174.5899658203125,53.63651657104492,,885.1400146484375
1997-07-01,1182.5699462890625,54.26283645629883,,891.030029296875
1997-07-02,1199.97998046875,55.154869079589844,,904.030029296875
1997-07-03,1217.1099853515625,55.914085388183594,,916.9199829101562
1997-07-07,1210.8599853515625,55.34469223022461,,912.2000122070312
1997-07-08,1219.8199462890625,55.92359161376953,,918.75
1997-07-09,1205.0,55.30672073364258,,907.5399780273438
1997-07-10,1213.3199462890625,55.55345916748047,,913.780029296875
1997-07-11,1217.3399658203125,55.74326705932617,,916.6799926757812
1997-07-14,1219.5999755859375,55.914085388183594,,918.3800048828125
1997-07-15,1229.4000244140625,56.19879150390625,,925.760009765625
1997-07-16,1243.8599853515625,56.93896484375,,936.5900268554688
1997-07-17,1237.280029296875,56.65428924560547,,931.6099853515625
1997-07-18,1215.6300048828125,55.4490966796875,,915.2999877929688
1997-07-21,1212.5,55.45857238769531,,912.9400024414062
1997-07-22,1240.43994140625,56.92945861816406,,933.97998046875
1997-07-23,1243.9000244140625,56.88204574584961,,936.5599975585938
1997-07-24,1248.8800048828125,57.14773178100586,,940.2999877929688
1997-07-25,1246.8699951171875,57.10980224609375,,938.7899780273438
1997-07-28,1243.760009765625,57.07183074951172,,936.4500122070312
1997-07-29,1251.6600341796875,57.26163101196289,,942.2899780273438
1997-07-30,1265.2099609375,57.944908142089844,,952.2899780273438
1997-07-31,1268.050048828125,57.887977600097656,,954.3099975585938
1997-08-01,1258.5899658203125,57.66025161743164,,947.1400146484375
1997-08-04,1262.81005859375,57.812076568603516,,950.2999877929688
1997-08-05,1265.5799560546875,57.850006103515625,,952.3699951171875
1997-08-06,1276.25,58.32449722290039,,960.3200073242188
1997-08-07,1264.199951171875,57.887977600097656,,951.1900024414062
1997-08-08,1240.75,56.71120071411133,,933.5399780273438
1997-08-11,1245.6700439453125,57.12877655029297,,937.0
1997-08-12,1231.8199462890625,56.21775817871094,,926.530029296875
1997-08-13,1226.0999755859375,56.04694366455078,,922.02001953125
1997-08-14,1229.800048828125,56.25572967529297,,924.77001953125
1997-08-15,1197.989990234375,54.528568267822266,,900.8099975585938
1997-08-18,1213.6800537109375,55.74326705932617,,912.489990234375
1997-08-19,1231.6800537109375,56.388545989990234,,926.010009765625
1997-08-20,1249.6099853515625,57.24266052246094,,939.3499755859375
1997-08-21,1230.6099853515625,56.23674392700195,,925.0499877929688
1997-08-22,1228.6300048828125,56.21775817871094,,923.5399780273438
1997-08-25,1224.1199951171875,56.00898361206055,,920.1599731445312
1997-08-26,1214.6400146484375,55.18335723876953,,913.02001953125
1997-08-27,1215.719970703125,55.5154914855957,,913.7000122070312
1997-08-28,1202.56005859375,54.67091369628906,,903.6699829101562
1997-08-29,1197.010009765625,54.88919448852539,,899.469970703125
1997-09-02,1234.43994140625,56.67329406738281,,927.5800170898438
1997-09-03,1235.1400146484375,56.369606018066406,,927.8599853515625
1997-09-04,1239.1700439453125,56.73017883300781,,930.8699951171875
1997-09-05,1236.8199462890625,56.56889343261719,,929.0499877929688
1997-09-08,1239.760009765625,56.815589904785156,,931.2000122070312
1997-09-09,1242.989990234375,56.84408187866211,,933.6199951171875
1997-09-10,1223.5999755859375,55.667327880859375,,919.030029296875
1997-09-11,1215.4100341796875,55.382659912109375,,912.5900268554688
1997-09-12,1230.52001953125,56.27469253540039,,923.9099731445312
1997-09-15,1225.260009765625,56.179813385009766,,919.77001953125
1997-09-16,1259.719970703125,57.58430862426758,,945.6400146484375
1997-09-17,1256.2900390625,57.58430862426758,,943.0
1997-09-18,1262.06005859375,57.83102035522461,,947.2899780273438
1997-09-19,1266.3699951171875,57.92884063720703,,950.510009765625
1997-09-22,1272.949951171875,58.25270080566406,,955.4299926757812
1997-09-23,1268.2900390625,57.98598098754883,,951.9299926757812
1997-09-24,1258.4000244140625,57.509761810302734,,944.47998046875
1997-09-25,1249.6500244140625,57.10974884033203,,937.9099731445312
1997-09-26,1259.7900390625,57.58595657348633,,945.219970703125
1997-09-29,1270.6400146484375,58.138427734375,,953.3400268554688
1997-09-30,1262.56005859375,57.52884292602539,,947.280029296875
1997-10-01,1273.510009765625,58.290809631347656,,955.4099731445312
1997-10-02,1280.300048828125,58.61470413208008,,960.4600219726562
1997-10-03,1286.4200439453125,58.90991973876953,,965.030029296875
1997-10-06,1296.6300048828125,59.3004150390625,,972.6900024414062
1997-10-07,1310.5999755859375,59.85286331176758,,983.1199951171875
1997-10-08,1298.5799560546875,59.433773040771484,,973.8400268554688
1997-10-09,1294.3199462890625,59.22418975830078,,970.6199951171875
1997-10-10,1289.5400390625,59.05282211303711,,966.97998046875
1997-10-13,1291.030029296875,59.109962463378906,,968.0999755859375
1997-10-14,1293.93994140625,59.128944396972656,,970.280029296875
1997-10-15,1287.8800048828125,58.99562454223633,,965.719970703125
1997-10-16,1273.9200439453125,58.06220626831055,,955.25
1997-10-17,1259.1600341796875,57.4716796875,,944.1599731445312
1997-10-20,1274.43994140625,58.290809631347656,,955.6099853515625
1997-10-21,1296.6800537109375,59.42424011230469,,972.280029296875
1997-10-22,1291.7099609375,59.03371047973633,,968.489990234375
1997-10-23,1267.97998046875,57.871700286865234,,950.6900024414062
1997-10-24,1255.9100341796875,57.30024719238281,,941.6400146484375
1997-10-27,1169.68994140625,53.147499084472656,,876.989990234375
1997-10-28,1229.52001953125,56.21443176269531,,921.8499755859375
1997-10-29,1226.219970703125,56.06204605102539,,919.1599731445312
1997-10-30,1205.7900390625,54.82381820678711,,903.6799926757812
1997-10-31,1220.4000244140625,56.119171142578125,,914.6199951171875
1997-11-03,1252.9599609375,57.30024719238281,,938.989990234375
1997-11-04,1255.3299560546875,57.30024719238281,,940.760009765625
1997-11-05,1258.1800537109375,57.490760803222656,,942.760009765625
1997-11-06,1251.969970703125,57.271644592285156,,938.030029296875
1997-11-07,1238.199951171875,56.6525764465332,,927.510009765625
1997-11-10,1229.7900390625,56.30967330932617,,921.1300048828125
1997-11-11,1233.3299560546875,56.3287239074707,,923.780029296875
1997-11-12,1209.8199462890625,55.1667366027832,,905.9600219726562
1997-11-13,1224.199951171875,55.966800689697266,,916.6599731445312
1997-11-14,1239.8800048828125,56.728729248046875,,928.3499755859375
1997-11-17,1263.760009765625,57.77648162841797,,946.2000122070312
1997-11-18,1253.260009765625,57.4145622253418,,938.22998046875
1997-11-19,1261.949951171875,57.70027542114258,,944.5900268554688
1997-11-20,1281.18994140625,58.576499938964844,,958.97998046875
1997-11-21,1286.68994140625,58.976585388183594,,963.0900268554688
1997-11-24,1264.7900390625,57.90982437133789,,946.6699829101562
1997-11-25,1270.47998046875,58.06220626831055,,950.8200073242188
1997-11-26,1271.8299560546875,58.2336540222168,,951.6400146484375
1997-11-28,1276.8900146484375,58.290809631347656,,955.4000244140625
1997-12-01,1302.8199462890625,59.79566955566406,,974.77001953125
1997-12-02,1298.699951171875,59.433773040771484,,971.6799926757812
1997-12-03,1305.8399658203125,59.60519027709961,,976.77001953125
1997-12-04,1300.97998046875,59.548057556152344,,973.0999755859375
1997-12-05,1315.280029296875,60.31001281738281,,983.7899780273438
1997-12-08,1313.469970703125,60.138580322265625,,982.3699951171875
1997-12-09,1304.6600341796875,59.776668548583984,,975.780029296875
1997-12-10,1296.739990234375,59.262298583984375,,969.7899780273438
1997-12-11,1277.219970703125,58.25270080566406,,954.9400024414062
1997-12-12,1275.1600341796875,58.36701202392578,,953.3900146484375
1997-12-15,1288.56005859375,58.95752716064453,,963.3900146484375
1997-12-16,1294.780029296875,59.3194465637207,,968.0399780273438
1997-12-17,1291.52001953125,59.01462936401367,,965.5399780273438
1997-12-18,1277.8900146484375,58.443199157714844,,955.2999877929688
1997-12-19,1266.5,58.0063591003418,,946.780029296875
1997-12-22,1275.780029296875,58.37929153442383,,953.7000122070312
1997-12-23,1256.3199462890625,57.33702850341797,,939.1300048828125
1997-12-24,1247.75,57.16483688354492,,932.7000122070312
1997-12-26,1252.7900390625,57.394386291503906,,936.4600219726562
1997-12-29,1275.81005859375,58.52271270751953,,953.3499755859375
1997-12-30,1299.3399658203125,59.440738677978516,,970.8400268554688
1997-12-31,1298.8199462890625,59.40251159667969,,970.4299926757812
1998-01-02,1305.0400390625,59.708499908447266,,975.0399780273438
1998-01-05,1307.780029296875,59.8423957824707,,977.0700073242188
1998-01-06,1293.800048828125,58.886146545410156,,966.5800170898438
1998-01-07,1290.6600341796875,59.03912353515625,,964.0
1998-01-08,1280.0699462890625,58.52271270751953,,956.0499877929688
1998-01-09,1242.0999755859375,56.495479583740234,,927.6900024414062
1998-01-12,1257.530029296875,57.52824020385742,,939.2100219726562
1998-01-13,1274.8699951171875,58.33149719238281,,952.1199951171875
1998-01-14,1282.7099609375,58.599239349365234,,957.9400024414062
1998-01-15,1273.0999755859375,58.11155319213867,,950.72998046875
1998-01-16,1287.530029296875,58.943504333496094,,961.510009765625
1998-01-20,1310.4300537109375,59.89976119995117,,978.5999755859375
1998-01-21,1300.0799560546875,59.32599639892578,,970.8099975585938
1998-01-22,1289.6800537109375,58.80005645751953,,963.0399780273438
1998-01-23,1282.4000244140625,58.71401596069336,,957.5900268554688
1998-01-26,1281.5400390625,58.67573547363281,,956.9500122070312
1998-01-27,1297.699951171875,59.26862716674805,,969.02001953125
1998-01-28,1309.31005859375,59.804161071777344,,977.4600219726562
1998-01-29,1320.1600341796875,60.12928009033203,,985.489990234375
1998-01-30,1313.18994140625,60.1674690246582,,980.280029296875
1998-02-02,1341.3199462890625,61.162010192871094,,1001.27001953125
1998-02-03,1347.719970703125,61.62102508544922,,1006.0
1998-02-04,1349.1099853515625,61.5445442199707,,1006.9000244140625
1998-02-05,1344.77001953125,61.50625228881836,,1003.5399780273438
1998-02-06,1356.9599609375,62.19478225708008,,1012.4600219726562
1998-02-09,1354.75,61.98440933227539,,1010.739990234375
1998-02-10,1365.8499755859375,62.5772590637207,,1019.010009765625
1998-02-11,1367.489990234375,62.51988220214844,,1020.010009765625
1998-02-12,1373.1600341796875,62.78763961791992,,1024.1400146484375
1998-02-13,1367.77001953125,62.42430877685547,,1020.0900268554688
1998-02-17,1371.4100341796875,62.73030471801758,,1022.760009765625
1998-02-18,1384.239990234375,63.30400466918945,,1032.0799560546875
1998-02-19,1379.18994140625,62.969322204589844,,1028.280029296875
1998-02-20,1387.1600341796875,63.43788528442383,,1034.2099609375
1998-02-23,1392.4599609375,63.68653869628906,,1038.1400146484375
1998-02-24,1382.2900390625,63.189266204833984,,1030.56005859375
1998-02-25,1399.0400390625,63.97344970703125,,1042.9000244140625
1998-02-26,1406.949951171875,64.3367691040039,,1048.6700439453125
1998-02-27,1407.9000244140625,64.3367691040039,,1049.3399658203125
1998-03-02,1405.72998046875,64.20289611816406,,1047.699951171875
1998-03-03,1411.5400390625,64.56625366210938,,1052.02001953125
1998-03-04,1405.56005859375,64.14553833007812,,1047.3299560546875
1998-03-05,1389.27001953125,63.55263900756836,,1035.050048828125
1998-03-06,1417.0999755859375,64.83403778076172,,1055.68994140625
1998-03-09,1412.5799560546875,64.60448455810547,,1052.31005859375
1998-03-10,1428.6300048828125,65.21651458740234,,1064.25
1998-03-11,1434.56005859375,65.52255249023438,,1068.469970703125
1998-03-12,1436.72998046875,65.790283203125,,1069.9200439453125
1998-03-13,1434.989990234375,65.5416259765625,,1068.6099853515625
1998-03-16,1449.3299560546875,66.24927520751953,,1079.27001953125
1998-03-17,1450.9100341796875,66.44054412841797,,1080.449951171875
1998-03-18,1457.7900390625,66.68915557861328,,1085.52001953125
1998-03-19,1463.510009765625,66.86128997802734,,1089.739990234375
1998-03-20,1476.1700439453125,67.43699645996094,,1099.1600341796875
1998-03-23,1471.3499755859375,67.28356170654297,,1095.550048828125
1998-03-24,1484.9200439453125,67.85895538330078,,1105.6500244140625
1998-03-25,1479.949951171875,67.60961151123047,,1101.9300537109375
1998-03-26,1478.4300537109375,67.5712661743164,,1100.800048828125
1998-03-27,1471.489990234375,67.28356170654297,,1095.43994140625
1998-03-30,1468.969970703125,67.24520111083984,,1093.5999755859375
1998-03-31,1480.0,67.47534942626953,,1101.75
1998-04-01,1488.699951171875,68.0219955444336,,1108.1500244140625
1998-04-02,1504.68994140625,68.76040649414062,,1120.010009765625
1998-04-03,1508.3199462890625,69.1056900024414,,1122.699951171875
1998-04-06,1506.56005859375,68.54942321777344,,1121.3800048828125
1998-04-07,1491.1199951171875,68.08914184570312,,1109.550048828125
1998-04-08,1480.5400390625,67.70552825927734,,1101.6500244140625
1998-04-09,1492.6800537109375,68.2425765991211,,1110.6700439453125
1998-04-13,1491.449951171875,68.05075073242188,,1109.68994140625
1998-04-14,1499.5899658203125,68.62615966796875,,1115.75
1998-04-15,1504.4000244140625,68.81795501708984,,1119.3199462890625
1998-04-16,1489.43994140625,68.01241302490234,,1108.1700439453125
1998-04-17,1509.010009765625,68.91385650634766,,1122.719970703125
1998-04-20,1510.260009765625,68.89469146728516,,1123.6500244140625
1998-04-21,1514.3299560546875,69.220703125,,1126.6700439453125
1998-04-22,1519.6199951171875,69.41255187988281,,1130.5400390625
1998-04-23,1504.9100341796875,68.74122619628906,,1119.5799560546875
1998-04-24,1489.2099609375,68.01241302490234,,1107.9000244140625
1998-04-27,1460.5,66.7273178100586,,1086.5400390625
1998-04-28,1458.72998046875,66.63143157958984,,1085.1099853515625
1998-04-29,1471.77001953125,67.09173583984375,,1094.6199951171875
1998-04-30,1494.8900146484375,68.33843994140625,,1111.75
1998-05-01,1507.3299560546875,69.1056900024414,,1121.0
1998-05-04,1508.77001953125,68.93303680419922,,1122.0699462890625
1998-05-05,1499.969970703125,68.45356750488281,,1115.5
1998-05-06,1486.0999755859375,67.64797973632812,,1104.9200439453125
1998-05-07,1472.97998046875,67.1109619140625,,1095.1400146484375
1998-05-08,1490.47998046875,68.20418548583984,,1108.1400146484375
1998-05-11,1489.199951171875,67.9740219116211,,1106.6400146484375
1998-05-12,1501.5799560546875,68.70289611816406,,1115.7900390625
1998-05-13,1506.0,68.87549591064453,,1118.8599853515625
1998-05-14,1504.030029296875,68.53025817871094,,1117.3699951171875
1998-05-15,1492.4599609375,68.14666748046875,,1108.72998046875
1998-05-18,1488.7099609375,67.87812042236328,,1105.8199462890625
1998-05-19,1493.699951171875,68.33843994140625,,1109.52001953125
1998-05-20,1506.75,68.99058532714844,,1119.06005859375
1998-05-21,1500.800048828125,68.54942321777344,,1114.6400146484375
1998-05-22,1495.18994140625,68.28092956542969,,1110.469970703125
1998-05-26,1473.06005859375,67.1876220703125,,1094.02001953125
1998-05-27,1470.8399658203125,67.28356170654297,,1092.22998046875
1998-05-28,1478.280029296875,67.59044647216797,,1097.5999755859375
1998-05-29,1469.18994140625,66.91914367675781,,1090.8199462890625
1998-06-01,1469.4599609375,67.2260513305664,,1090.97998046875
1998-06-02,1472.47998046875,67.28356170654297,,1093.219970703125
1998-06-03,1458.6800537109375,66.2094955444336,,1082.72998046875
1998-06-04,1474.989990234375,67.43699645996094,,1094.8299560546875
1998-06-05,1500.6800537109375,68.74122619628906,,1113.8599853515625
1998-06-08,1503.27001953125,68.66449737548828,,1115.719970703125
1998-06-09,1506.9300537109375,68.87549591064453,,1118.4100341796875
1998-06-10,1498.75,68.43434143066406,,1112.280029296875
1998-06-11,1475.2900390625,67.14932250976562,,1094.5799560546875
1998-06-12,1481.06005859375,67.78221893310547,,1098.8399658203125
1998-06-15,1451.6500244140625,65.99848937988281,,1077.010009765625
1998-06-16,1465.9100341796875,67.0150146484375,,1087.5899658203125
1998-06-17,1492.280029296875,68.41515350341797,,1107.1099853515625
1998-06-18,1491.3499755859375,68.10829162597656,,1106.3699951171875
1998-06-19,1483.6500244140625,67.76702880859375,,1100.6500244140625
1998-06-22,1487.1199951171875,68.09410095214844,,1103.2099609375
1998-06-23,1509.0699462890625,68.9022445678711,,1119.489990234375
1998-06-24,1527.1800537109375,69.82582092285156,,1132.8800048828125
1998-06-25,1522.3199462890625,69.71041107177734,,1129.280029296875
1998-06-26,1527.8599853515625,69.99897003173828,,1133.199951171875
1998-06-29,1535.010009765625,70.24910736083984,,1138.489990234375
1998-06-30,1528.8699951171875,69.76807403564453,,1133.8399658203125
1998-07-01,1548.77001953125,70.57624816894531,,1148.56005859375
1998-07-02,1545.8900146484375,70.71092987060547,,1146.4200439453125
1998-07-06,1560.8299560546875,71.42285919189453,,1157.3299560546875
1998-07-07,1557.25,71.28813934326172,,1154.6600341796875
1998-07-08,1573.449951171875,71.80763244628906,,1166.3800048828125
1998-07-09,1562.9200439453125,71.32662963867188,,1158.56005859375
1998-07-10,1570.7099609375,71.71147155761719,,1164.3299560546875
1998-07-13,1571.9300537109375,71.730712890625,,1165.18994140625
1998-07-14,1588.6700439453125,72.53881072998047,,1177.5799560546875
1998-07-15,1584.93994140625,72.40414428710938,,1174.81005859375
1998-07-16,1597.3599853515625,72.90438842773438,,1183.989990234375
1998-07-17,1601.0799560546875,73.00059509277344,,1186.75
1998-07-20,1597.52001953125,73.00059509277344,,1184.0999755859375
1998-07-21,1571.8499755859375,71.730712890625,,1165.0699462890625
1998-07-22,1570.6300048828125,71.730712890625,,1164.0799560546875
1998-07-23,1537.8199462890625,70.30682373046875,,1139.75
1998-07-24,1539.22998046875,70.24910736083984,,1140.800048828125
1998-07-27,1547.969970703125,70.74939727783203,,1147.27001953125
1998-07-28,1524.989990234375,69.55646514892578,,1130.239990234375
1998-07-29,1518.5,69.287109375,,1125.2099609375
1998-07-30,1542.6600341796875,70.32614135742188,,1142.949951171875
1998-07-31,1512.5899658203125,68.82530212402344,,1120.6700439453125
1998-08-03,1501.530029296875,68.53668212890625,,1112.43994140625
1998-08-04,1447.1500244140625,65.88138580322266,,1072.1199951171875
1998-08-05,1459.9200439453125,66.78575134277344,,1081.4300537109375
1998-08-06,1471.1199951171875,67.07434844970703,,1089.6300048828125
1998-08-07,1470.8800048828125,67.1898193359375,,1089.449951171875
1998-08-10,1462.449951171875,66.80501556396484,,1083.1400146484375
1998-08-11,1443.6099853515625,65.80445861816406,,1068.97998046875
1998-08-12,1464.469970703125,66.9204330444336,,1084.219970703125
1998-08-13,1451.9300537109375,66.11231231689453,,1074.9100341796875
1998-08-14,1435.5799560546875,65.3426284790039,,1062.75
1998-08-17,1463.8800048828125,66.72803497314453,,1083.6700439453125
1998-08-18,1487.7099609375,67.9594497680664,,1101.199951171875
1998-08-19,1483.56005859375,67.78628540039062,,1098.06005859375
1998-08-20,1474.9200439453125,67.38221740722656,,1091.5999755859375
1998-08-21,1460.949951171875,66.84343719482422,,1081.239990234375
1998-08-24,1470.280029296875,67.26678466796875,,1088.1400146484375
1998-08-25,1476.6400146484375,67.42069244384766,,1092.8499755859375
1998-08-26,1465.06005859375,67.03589630126953,,1084.18994140625
1998-08-27,1408.97998046875,63.880374908447266,,1042.5899658203125
1998-08-28,1388.300048828125,63.64944839477539,,1027.1400146484375
1998-08-31,1293.9000244140625,59.108558654785156,,957.280029296875
1998-09-01,1343.93994140625,61.60988998413086,,994.260009765625
1998-09-02,1339.1400146484375,61.16734313964844,,990.47998046875
1998-09-03,1328.0699462890625,60.68630599975586,,982.260009765625
1998-09-04,1316.81005859375,60.18605041503906,,973.8900146484375
1998-09-08,1383.9200439453125,63.4185791015625,,1023.4600219726562
1998-09-09,1360.6600341796875,61.879249572753906,,1006.2000122070312
1998-09-10,1325.510009765625,60.64784240722656,,980.1900024414062
1998-09-11,1364.949951171875,62.610443115234375,,1009.0599975585938
1998-09-14,1393.1700439453125,63.687923431396484,,1029.719970703125
1998-09-15,1403.93994140625,64.07276153564453,,1037.6800537109375
1998-09-16,1414.5899658203125,64.64999389648438,,1045.47998046875
1998-09-17,1378.6800537109375,62.80282974243164,,1018.8699951171875
1998-09-18,1380.3399658203125,63.08256530761719,,1020.0900268554688
1998-09-21,1385.510009765625,63.04396438598633,,1023.8900146484375
1998-09-22,1393.280029296875,63.565311431884766,,1029.6300048828125
1998-09-23,1442.6600341796875,66.11415100097656,,1066.0899658203125
1998-09-24,1411.0400390625,64.49214172363281,,1042.719970703125
1998-09-25,1413.7900390625,64.41490173339844,,1044.75
1998-09-28,1419.5699462890625,64.99417877197266,,1048.68994140625
1998-09-29,1420.0400390625,64.8396987915039,,1049.02001953125
1998-09-30,1376.7900390625,62.87018966674805,,1017.010009765625
1998-10-01,1335.3599853515625,61.05514907836914,,986.3900146484375
1998-10-02,1357.3800048828125,62.2330207824707,,1002.5999755859375
1998-10-05,1338.3699951171875,60.977928161621094,,988.5599975585938
1998-10-06,1333.0699462890625,60.919952392578125,,984.5900268554688
1998-10-07,1314.6300048828125,60.012481689453125,,970.6799926757812
1998-10-08,1299.43994140625,59.684181213378906,,959.4400024414062
1998-10-09,1333.22998046875,60.88138198852539,,984.3900146484375
1998-10-12,1351.27001953125,61.769588470458984,,997.7100219726562
1998-10-13,1347.4100341796875,61.557193756103516,,994.7999877929688
1998-10-14,1361.969970703125,62.13642120361328,,1005.530029296875
1998-10-15,1418.81005859375,65.47692108154297,,1047.489990234375
1998-10-16,1430.9200439453125,65.49622344970703,,1056.4200439453125
1998-10-19,1439.0,65.72791290283203,,1062.3900146484375
1998-10-20,1441.0899658203125,66.11415100097656,,1063.9300537109375
1998-10-21,1449.300048828125,65.8824234008789,,1069.9200439453125
1998-10-22,1460.9300537109375,66.8671646118164,,1078.47998046875
1998-10-23,1450.3699951171875,66.01756286621094,,1070.6700439453125
1998-10-26,1452.5999755859375,66.50031280517578,,1072.3199462890625
1998-10-27,1443.1500244140625,66.11415100097656,,1065.3399658203125
1998-10-28,1447.1500244140625,65.9982681274414,,1068.0899658203125
1998-10-29,1471.510009765625,67.6009292602539,,1085.9300537109375
1998-10-30,1488.780029296875,67.96775817871094,,1098.6700439453125
1998-11-02,1506.31005859375,69.12630462646484,,1111.5999755859375
1998-11-03,1505.3199462890625,68.62431335449219,,1110.8399658203125
1998-11-04,1516.1500244140625,69.35804748535156,,1118.6700439453125
1998-11-05,1536.8499755859375,70.30413055419922,,1133.8499755859375
1998-11-06,1546.699951171875,70.51657104492188,,1141.010009765625
1998-11-09,1532.2900390625,70.01453399658203,,1130.199951171875
1998-11-10,1529.9200439453125,69.82144927978516,,1128.260009765625
1998-11-11,1520.0400390625,69.35804748535156,,1120.969970703125
1998-11-12,1515.75,69.28077697753906,,1117.68994140625
1998-11-13,1526.7099609375,69.9565658569336,,1125.719970703125
1998-11-16,1540.510009765625,70.47795867919922,,1135.8699951171875
1998-11-17,1545.2099609375,70.47795867919922,,1139.3199462890625
1998-11-18,1552.4000244140625,70.90275573730469,,1144.47998046875
1998-11-19,1563.52001953125,71.52064514160156,,1152.6099853515625
1998-11-20,1578.3699951171875,72.06128692626953,,1163.550048828125
1998-11-23,1611.8399658203125,73.76050567626953,,1188.2099609375
1998-11-24,1604.8699951171875,73.29705047607422,,1182.989990234375
1998-11-25,1610.280029296875,73.29705047607422,,1186.8699951171875
1998-11-27,1617.949951171875,73.83770751953125,,1192.3299560546875
1998-11-30,1579.02001953125,71.75235748291016,,1163.6300048828125
1998-12-01,1594.8699951171875,72.67913055419922,,1175.280029296875
1998-12-02,1589.77001953125,72.46678924560547,,1171.25
1998-12-03,1561.1600341796875,71.26961517333984,,1150.1400146484375
1998-12-04,1597.27001953125,73.1426010131836,,1176.739990234375
1998-12-07,1612.1800537109375,73.49014282226562,,1187.699951171875
1998-12-08,1603.68994140625,73.16193389892578,,1181.3800048828125
1998-12-09,1606.6800537109375,73.29705047607422,,1183.489990234375
1998-12-10,1581.6500244140625,72.22540283203125,,1165.02001953125
1998-12-11,1583.9200439453125,72.3702163696289,,1166.4599609375
1998-12-14,1549.6300048828125,70.28485107421875,,1141.199951171875
1998-12-15,1579.02001953125,72.09994506835938,,1162.8299560546875
1998-12-16,1577.8699951171875,72.00335693359375,,1161.93994140625
1998-12-17,1602.469970703125,73.1522216796875,,1179.97998046875
1998-12-18,1613.4100341796875,73.46308135986328,,1188.030029296875
1998-12-21,1633.56005859375,74.48988342285156,,1202.8399658203125
1998-12-22,1634.5799560546875,74.8191909790039,11.909107208251953,1203.5699462890625
1998-12-23,1668.5,76.38839721679688,12.193624496459961,1228.5400390625
1998-12-24,1665.449951171875,76.05906677246094,12.147171974182129,1226.27001953125
1998-12-28,1664.3900146484375,75.86534881591797,12.182008743286133,1225.489990234375
1998-12-29,1687.030029296875,77.06646728515625,12.216851234436035,1241.81005859375
1998-12-30,1673.6600341796875,76.4465560913086,12.17039680480957,1231.9300537109375
1998-12-31,1670.010009765625,76.4465560913086,12.123946189880371,1229.22998046875
1999-01-04,1668.52001953125,76.27220153808594,12.263303756713867,1228.0999755859375
1999-01-05,1691.25,77.14397430419922,12.576849937438965,1244.780029296875
1999-01-06,1729.0799560546875,79.00381469726562,12.948466300964355,1272.3399658203125
1999-01-07,1725.6400146484375,78.61634063720703,12.907821655273438,1269.72998046875
1999-01-08,1732.9300537109375,79.19756317138672,12.960081100463867,1275.0899658203125
1999-01-11,1717.68994140625,78.44197845458984,13.087823867797852,1263.8800048828125
1999-01-12,1684.5699462890625,77.02774047851562,12.733626365661621,1239.510009765625
1999-01-13,1677.72998046875,76.48526000976562,12.72781753540039,1234.4000244140625
1999-01-14,1647.5699462890625,75.14850616455078,12.553628921508789,1212.18994140625
1999-01-15,1689.8199462890625,77.10523986816406,12.92524242401123,1243.260009765625
1999-01-19,1701.7099609375,77.60893249511719,13.372339248657227,1252.0
1999-01-20,1708.0899658203125,78.2288589477539,13.49427604675293,1256.6199951171875
1999-01-21,1678.9300537109375,76.15593719482422,13.145882606506348,1235.1600341796875
1999-01-22,1665.3900146484375,75.9815673828125,12.9136323928833,1225.18994140625
1999-01-25,1677.3399658203125,76.75650787353516,13.1400785446167,1233.97998046875
1999-01-26,1702.260009765625,78.1513900756836,13.668473243713379,1252.31005859375
1999-01-27,1690.0799560546875,77.24083709716797,13.37814998626709,1243.1700439453125
1999-01-28,1720.43994140625,78.53883361816406,13.84847640991211,1265.3699951171875
1999-01-29,1739.8399658203125,79.139404296875,14.051697731018066,1279.6400146484375
1999-02-01,1730.81005859375,78.6744613647461,14.063314437866211,1273.0
1999-02-02,1715.9100341796875,78.1901626586914,13.82524299621582,1261.989990234375
1999-02-03,1729.8399658203125,78.98442077636719,13.923959732055664,1272.0699462890625
1999-02-04,1697.9100341796875,77.80267333984375,13.447821617126465,1248.489990234375
1999-02-05,1685.5799560546875,76.91151428222656,13.122665405273438,1239.4000244140625
1999-02-08,1691.800048828125,77.06646728515625,13.343308448791504,1243.77001953125
1999-02-09,1654.239990234375,75.3423080444336,12.820721626281738,1216.1400146484375
1999-02-10,1664.6400146484375,75.82662200927734,12.9136323928833,1223.550048828125
1999-02-11,1706.25,77.57019805908203,13.459436416625977,1254.0400390625
1999-02-12,1673.77001953125,76.64026641845703,12.92524242401123,1230.1300048828125
1999-02-16,1689.75,76.1752700805664,12.867176055908203,1241.8699951171875
1999-02-17,1665.6800537109375,76.09784698486328,12.576849937438965,1224.030029296875
1999-02-18,1683.8399658203125,76.6983871459961,12.646527290344238,1237.280029296875
1999-02-19,1686.47998046875,77.02774047851562,12.76266098022461,1239.219970703125
1999-02-22,1731.3199462890625,79.08133697509766,13.21556282043457,1272.1400146484375
1999-02-23,1730.050048828125,79.04257202148438,13.389760971069336,1271.1800537109375
1999-02-24,1706.030029296875,77.64766693115234,13.018147468566895,1253.4100341796875
1999-02-25,1694.8299560546875,76.91151428222656,13.052984237670898,1245.02001953125
1999-02-26,1685.77001953125,76.60154724121094,12.65814208984375,1238.3299560546875
1999-03-01,1682.8599853515625,76.8145980834961,12.600082397460938,1236.1600341796875
1999-03-02,1668.3699951171875,76.13656616210938,12.263303756713867,1225.5
1999-03-03,1671.739990234375,76.54340362548828,12.472331047058105,1227.699951171875
1999-03-04,1697.760009765625,77.51204681396484,12.600082397460938,1246.6400146484375
1999-03-05,1737.050048828125,79.07160949707031,12.89040470123291,1275.469970703125
1999-03-08,1747.0400390625,79.58499908447266,13.262018203735352,1282.72998046875
1999-03-09,1743.1099853515625,79.3912582397461,13.122665405273438,1279.8399658203125
1999-03-10,1752.75,80.08869171142578,13.122665405273438,1286.8399658203125
1999-03-11,1767.9300537109375,80.97988891601562,13.099440574645996,1297.6800537109375
1999-03-12,1763.739990234375,80.20494079589844,12.983304023742676,1294.5899658203125
1999-03-15,1781.02001953125,81.34795379638672,13.192338943481445,1307.260009765625
1999-03-16,1779.8399658203125,81.03799438476562,13.418797492980957,1306.3800048828125
1999-03-17,1768.27001953125,80.6892318725586,13.331693649291992,1297.8199462890625
1999-03-18,1793.8499755859375,81.98725891113281,13.517501831054688,1316.550048828125
1999-03-19,1770.3399658203125,80.59366607666016,13.192338943481445,1299.2900390625
1999-03-22,1767.260009765625,80.7490463256836,13.192338943481445,1297.010009765625
1999-03-23,1719.760009765625,78.4186019897461,12.809107780456543,1262.1400146484375
1999-03-24,1728.5699462890625,78.86529541015625,13.058789253234863,1268.5899658203125
1999-03-25,1757.75,80.47718811035156,13.366531372070312,1289.989990234375
1999-03-26,1747.949951171875,79.89454650878906,13.296852111816406,1282.800048828125
1999-03-29,1785.5,81.50643157958984,13.796212196350098,1310.1700439453125
1999-03-30,1772.7900390625,81.07917022705078,13.77298641204834,1300.75
1999-03-31,1753.2099609375,79.77803802490234,13.598793983459473,1286.3699951171875
1999-04-01,1763.31005859375,80.38003540039062,13.813636779785156,1293.719970703125
1999-04-05,1800.6700439453125,82.28321075439453,14.289765357971191,1321.1199951171875
1999-04-06,1796.3399658203125,82.08905029296875,14.411705017089844,1317.8900146484375
1999-04-07,1808.969970703125,82.74932861328125,14.376870155334473,1326.8900146484375
1999-04-08,1832.3399658203125,83.7979736328125,14.51622486114502,1343.97998046875
1999-04-09,1838.300048828125,83.81742095947266,14.492989540100098,1348.3499755859375
1999-04-12,1852.3499755859375,84.71078491210938,14.272348403930664,1358.6300048828125
1999-04-13,1840.4000244140625,84.16697692871094,14.051697731018066,1349.8199462890625
1999-04-14,1811.2900390625,82.74932861328125,13.7033109664917,1328.43994140625
1999-04-15,1803.6800537109375,82.43861389160156,13.819442749023438,1322.8499755859375
1999-04-16,1798.4200439453125,81.73944091796875,13.447821617126465,1319.0
1999-04-19,1758.18994140625,80.47718811035156,12.797494888305664,1289.47998046875
1999-04-20,1780.93994140625,81.48699188232422,13.122665405273438,1306.1700439453125
1999-04-21,1821.8800048828125,83.81742095947266,13.471051216125488,1336.1199951171875
1999-04-22,1852.8599853515625,84.61365509033203,14.09234619140625,1358.8199462890625
1999-04-23,1850.1800537109375,84.4000244140625,14.121379852294922,1356.8499755859375
1999-04-26,1854.530029296875,84.88552856445312,14.481379508972168,1360.0400390625
1999-04-27,1858.2900390625,85.29336547851562,14.121379852294922,1362.800048828125
1999-04-28,1842.219970703125,84.12815856933594,13.935569763183594,1350.9100341796875
1999-04-29,1831.530029296875,83.48726654052734,13.790403366088867,1342.8299560546875
1999-04-30,1821.1099853515625,82.80760192871094,13.680085182189941,1335.1800537109375
1999-05-03,1847.6300048828125,84.32234954833984,13.796212196350098,1354.6300048828125
1999-05-04,1816.7900390625,83.11827087402344,13.587179183959961,1332.0
1999-05-05,1838.0799560546875,83.77857971191406,13.865891456604004,1347.31005859375
1999-05-06,1817.3900146484375,83.26394653320312,13.517501831054688,1332.050048828125
1999-05-07,1835.06005859375,83.89508819580078,13.749754905700684,1345.0
1999-05-10,1829.1600341796875,83.47758483886719,13.865891456604004,1340.300048828125
1999-05-11,1850.1600341796875,84.32234954833984,14.074918746948242,1355.6099853515625
1999-05-12,1861.969970703125,84.9826431274414,14.353635787963867,1364.0
1999-05-13,1866.8699951171875,85.35165405273438,14.312986373901367,1367.56005859375
1999-05-14,1826.31005859375,83.13774871826172,13.935569763183594,1337.800048828125
1999-05-17,1828.6700439453125,83.39016723632812,14.132987976074219,1339.489990234375
1999-05-18,1820.3599853515625,83.23479461669922,14.260737419128418,1333.3199462890625
1999-05-19,1835.3299560546875,83.83682250976562,14.30718994140625,1344.22998046875
1999-05-20,1828.050048828125,83.33187103271484,14.121379852294922,1338.8299560546875
1999-05-21,1816.4100341796875,82.86587524414062,13.958797454833984,1330.2900390625
1999-05-24,1784.1400146484375,81.48699188232422,13.656862258911133,1306.6500244140625
1999-05-25,1753.7900390625,80.1664047241211,13.372339248657227,1284.4000244140625
1999-05-26,1781.8399658203125,81.05976867675781,13.651056289672852,1304.760009765625
1999-05-27,1750.18994140625,79.89454650878906,13.552342414855957,1281.4100341796875
1999-05-28,1778.0999755859375,80.91410064697266,13.726537704467773,1301.8399658203125
1999-06-01,1767.800048828125,80.63251495361328,13.418797492980957,1294.260009765625
1999-06-02,1768.9200439453125,80.71019744873047,13.563953399658203,1294.81005859375
1999-06-03,1775.4000244140625,81.15687561035156,13.471051216125488,1299.5400390625
1999-06-04,1813.969970703125,82.78816223144531,13.871698379516602,1327.75
1999-06-07,1823.2900390625,83.00179290771484,14.121379852294922,1334.52001953125
1999-06-08,1799.8699951171875,82.1861343383789,13.796212196350098,1317.3299560546875
1999-06-09,1801.7900390625,82.10845947265625,14.00525188446045,1318.6400146484375
1999-06-10,1780.18994140625,81.35108184814453,13.796212196350098,1302.8199462890625
1999-06-11,1768.0400390625,80.67138671875,13.610404968261719,1293.6400146484375
1999-06-14,1768.56005859375,80.7490463256836,13.54653549194336,1294.0
1999-06-15,1778.3599853515625,81.2928466796875,13.668473243713379,1301.1600341796875
1999-06-16,1818.4000244140625,82.846435546875,14.231690406799316,1330.4100341796875
1999-06-17,1831.449951171875,83.62319946289062,14.38847541809082,1339.9000244140625
1999-06-18,1835.47998046875,83.7198257446289,14.51622486114502,1342.8399658203125
1999-06-21,1843.9300537109375,83.91463470458984,14.882022857666016,1349.0
1999-06-22,1826.0,83.33029174804688,14.56847858428955,1335.8800048828125
1999-06-23,1822.1700439453125,82.92119598388672,14.678800582885742,1333.06005859375
1999-06-24,1798.550048828125,82.29791259765625,14.376870155334473,1315.780029296875
1999-06-25,1797.9100341796875,82.09336853027344,14.39428424835205,1315.31005859375
1999-06-28,1820.0899658203125,83.09650421142578,14.632349967956543,1331.3499755859375
1999-06-29,1847.5899658203125,83.87564849853516,14.818156242370605,1351.449951171875
1999-06-30,1876.780029296875,85.39506530761719,15.044608116149902,1372.7099609375
1999-07-01,1888.1500244140625,86.0378189086914,15.213003158569336,1380.9599609375
1999-07-02,1902.1800537109375,86.89482116699219,15.410420417785645,1391.219970703125
1999-07-06,1898.1500244140625,86.8753890991211,15.323322296142578,1388.1199951171875
1999-07-07,1909.1300048828125,86.99227142333984,15.503317832946777,1395.8599853515625
1999-07-08,1907.280029296875,87.06046295166016,15.712355613708496,1394.4200439453125
1999-07-09,1919.4000244140625,87.57664489746094,15.880741119384766,1403.280029296875
1999-07-12,1913.68994140625,87.18701171875,15.903971672058105,1399.0999755859375
1999-07-13,1906.18994140625,86.8753890991211,15.834295272827148,1393.56005859375
1999-07-14,1912.5400390625,87.36233520507812,16.03172492980957,1398.1700439453125
1999-07-15,1928.2099609375,87.91751861572266,16.147844314575195,1409.6199951171875
1999-07-16,1940.760009765625,88.39469146728516,16.29300308227539,1418.780029296875
1999-07-19,1925.550048828125,87.81037902832031,16.0955867767334,1407.6500244140625
1999-07-20,1883.760009765625,86.00859069824219,15.427839279174805,1377.0999755859375
1999-07-21,1886.8599853515625,85.91121673583984,15.561387062072754,1379.2900390625
1999-07-22,1861.8299560546875,84.78145599365234,15.079455375671387,1360.969970703125
1999-07-23,1856.31005859375,84.61587524414062,15.120089530944824,1356.93994140625
1999-07-26,1843.75,83.99256134033203,14.777515411376953,1347.760009765625
1999-07-27,1864.3800048828125,84.69376373291016,15.143315315246582,1362.8399658203125
1999-07-28,1868.050048828125,84.96650695800781,15.282676696777344,1365.4000244140625
1999-07-29,1835.02001953125,83.77828979492188,15.027193069458008,1341.030029296875
1999-07-30,1818.1800537109375,82.74591064453125,14.870416641235352,1328.719970703125
1999-08-02,1817.27001953125,82.9406967163086,14.841382026672363,1328.050048828125
1999-08-03,1809.300048828125,82.55107879638672,14.78332233428955,1322.1800537109375
1999-08-04,1786.510009765625,81.42134094238281,14.60331916809082,1305.3299560546875
1999-08-05,1798.1099853515625,82.16153717041016,14.719442367553711,1313.7099609375
1999-08-06,1780.06005859375,81.26549530029297,14.72525405883789,1300.2900390625
1999-08-09,1776.6800537109375,81.09017944335938,14.556863784790039,1297.800048828125
1999-08-10,1754.3299560546875,80.19416046142578,14.312986373901367,1281.4300537109375
1999-08-11,1782.8499755859375,81.16815948486328,14.771705627441406,1301.9300537109375
1999-08-12,1777.75,81.11943817138672,14.58588981628418,1298.1600341796875
1999-08-13,1818.25,82.99911499023438,15.050421714782715,1327.6800537109375
1999-08-16,1822.530029296875,83.36918640136719,15.0968599319458,1330.77001953125
1999-08-17,1840.8800048828125,83.91463470458984,15.166544914245605,1344.1600341796875
1999-08-18,1825.56005859375,83.310791015625,14.992348670959473,1332.8399658203125
1999-08-19,1812.97998046875,82.6290054321289,14.841382026672363,1323.5899658203125
1999-08-20,1830.8199462890625,83.46661376953125,14.887834548950195,1336.6099853515625
1999-08-23,1863.1800537109375,85.06389617919922,15.230412483215332,1360.219970703125
1999-08-24,1867.6800537109375,85.37553405761719,15.468482971191406,1363.5
1999-08-25,1892.8699951171875,86.25206756591797,15.793645858764648,1381.7900390625
1999-08-26,1865.7900390625,85.21974182128906,15.602028846740723,1362.010009765625
1999-08-27,1847.1199951171875,84.18734741210938,15.514931678771973,1348.27001953125
1999-08-30,1814.1099853515625,82.6290054321289,15.259446144104004,1324.02001953125
1999-08-31,1809.18994140625,82.31734466552734,15.392999649047852,1320.4100341796875
1999-09-01,1824.199951171875,83.33029174804688,15.474284172058105,1331.0699462890625
1999-09-02,1807.8299560546875,82.3465805053711,15.416227340698242,1319.1099853515625
1999-09-03,1860.1500244140625,84.75223541259766,15.979448318481445,1357.239990234375
1999-09-07,1851.010009765625,84.4405517578125,15.985260009765625,1350.449951171875
1999-09-08,1842.56005859375,84.031494140625,15.874931335449219,1344.1500244140625
1999-09-09,1847.3699951171875,83.99256134033203,16.0142879486084,1347.6600341796875
1999-09-10,1852.8499755859375,84.69376373291016,16.18848991394043,1351.6600341796875
1999-09-13,1842.9599609375,84.11915588378906,15.967832565307617,1344.1300048828125
1999-09-14,1832.22998046875,83.56400299072266,16.142032623291016,1336.2900390625
1999-09-15,1807.1700439453125,82.23944091796875,15.80526065826416,1317.969970703125
1999-09-16,1807.97998046875,82.56082916259766,15.735589981079102,1318.47998046875
1999-09-17,1831.22998046875,83.60399627685547,16.049131393432617,1335.4200439453125
1999-09-20,1831.4200439453125,83.4868392944336,16.118803024291992,1335.530029296875
1999-09-21,1793.0899658203125,81.72881317138672,15.787847518920898,1307.5799560546875
1999-09-22,1797.1500244140625,81.64090728759766,15.816863059997559,1310.510009765625
1999-09-23,1755.8800048828125,79.93167114257812,15.236227989196777,1280.4100341796875
1999-09-24,1751.699951171875,79.8535385131836,15.271063804626465,1277.3599853515625
1999-09-27,1759.8599853515625,80.3809814453125,15.427839279174805,1283.31005859375
1999-09-28,1758.77001953125,80.22472381591797,15.497504234313965,1282.199951171875
1999-09-29,1739.9200439453125,79.26759338378906,15.213003158569336,1268.3699951171875
1999-09-30,1759.5899658203125,80.47864532470703,15.329131126403809,1282.7099609375
1999-10-01,1759.77001953125,80.3028335571289,15.236227989196777,1282.81005859375
1999-10-04,1789.7099609375,81.72881317138672,15.607837677001953,1304.5999755859375
1999-10-05,1785.3199462890625,81.65068054199219,15.700743675231934,1301.3499755859375
1999-10-06,1818.6099853515625,82.90081024169922,15.89236068725586,1325.4000244140625
1999-10-07,1808.0,82.43202209472656,15.811070442199707,1317.6400146484375
1999-10-08,1833.219970703125,83.68213653564453,15.799445152282715,1336.02001953125
1999-10-11,1832.1099853515625,83.54542541503906,15.956228256225586,1335.2099609375
1999-10-12,1801.68994140625,82.25619506835938,15.671712875366211,1313.0400390625
1999-10-13,1764.0999755859375,80.12704467773438,15.259446144104004,1285.550048828125
1999-10-14,1761.1800537109375,80.10751342773438,15.172353744506836,1283.4200439453125
1999-10-15,1711.77001953125,78.05648040771484,14.81235122680664,1247.4100341796875
1999-10-18,1721.0,78.62295532226562,14.678800582885742,1254.1300048828125
1999-10-19,1730.8699951171875,79.38478088378906,14.446540832519531,1261.3199462890625
1999-10-20,1769.550048828125,80.1661148071289,15.027193069458008,1289.4300537109375
1999-10-21,1761.5799560546875,80.63490295410156,14.78332233428955,1283.6099853515625
1999-10-22,1786.3599853515625,81.31857299804688,14.818156242370605,1301.6500244140625
1999-10-25,1775.3499755859375,80.90841674804688,14.858800888061523,1293.6300048828125
1999-10-26,1759.27001953125,79.89263916015625,14.864605903625488,1281.9100341796875
1999-10-27,1779.719970703125,81.33812713623047,14.84719181060791,1296.7099609375
1999-10-28,1842.800048828125,84.11189270019531,15.230412483215332,1342.43994140625
1999-10-29,1870.93994140625,85.63552856445312,15.793645858764648,1362.9300537109375
1999-11-01,1858.8599853515625,84.73695373535156,15.770421028137207,1354.1199951171875
1999-11-02,1850.1300048828125,84.13141632080078,15.700743675231934,1347.739990234375
1999-11-03,1860.280029296875,84.69792175292969,15.933005332946777,1354.9300537109375
1999-11-04,1870.8800048828125,85.34254455566406,16.05494499206543,1362.6400146484375
1999-11-05,1881.3299560546875,86.18246459960938,16.229127883911133,1370.22998046875
1999-11-08,1890.81005859375,86.26055908203125,16.391714096069336,1377.010009765625
1999-11-09,1875.0699462890625,85.44996643066406,16.211713790893555,1365.280029296875
1999-11-10,1886.510009765625,86.08480834960938,16.49622344970703,1373.4599609375
1999-11-11,1897.5,86.57312774658203,16.72267723083496,1381.4599609375
1999-11-12,1917.719970703125,87.35447692871094,16.81559181213379,1396.06005859375
1999-11-15,1915.469970703125,87.55958557128906,16.740102767944336,1394.3900146484375
1999-11-16,1950.8299560546875,88.29208374023438,17.094295501708984,1420.0699462890625
1999-11-17,1938.219970703125,88.52649688720703,16.931711196899414,1410.7099609375
1999-11-18,1957.8699951171875,89.15161895751953,17.506555557250977,1424.93994140625
1999-11-19,1953.8399658203125,89.07342529296875,17.66913414001465,1422.0
1999-11-22,1952.4100341796875,89.05392456054688,17.779464721679688,1420.93994140625
1999-11-23,1930.0999755859375,88.27256774902344,17.622690200805664,1404.6400146484375
1999-11-24,1947.2099609375,88.74139404296875,17.895591735839844,1417.0799560546875
1999-11-26,1946.719970703125,88.40930938720703,18.034942626953125,1416.6199951171875
1999-11-29,1934.949951171875,88.09674072265625,17.8781795501709,1407.8299560546875
1999-11-30,1908.969970703125,87.06147003173828,17.343976974487305,1388.9100341796875
1999-12-01,1921.489990234375,87.76468658447266,17.512372970581055,1397.719970703125
1999-12-02,1937.0699462890625,88.29208374023438,17.93043327331543,1409.0400390625
1999-12-03,1970.4300537109375,89.91343688964844,18.44140625,1433.300048828125
1999-12-06,1956.760009765625,89.24922943115234,18.569141387939453,1423.3299560546875
1999-12-07,1937.3399658203125,88.52649688720703,18.615598678588867,1409.1700439453125
1999-12-08,1930.239990234375,87.96003723144531,18.418182373046875,1403.8800048828125
1999-12-09,1936.0899658203125,88.3897476196289,18.371721267700195,1408.1099853515625
1999-12-10,1948.3699951171875,88.68279266357422,18.464635848999023,1417.0400390625
1999-12-13,1946.22998046875,88.83903503417969,18.586563110351562,1415.219970703125
1999-12-14,1929.6800537109375,87.97958374023438,18.23236656188965,1403.1700439453125
1999-12-15,1943.7099609375,88.44843292236328,18.603984832763672,1413.3299560546875
1999-12-16,1951.31005859375,88.83903503417969,18.95237159729004,1418.780029296875
1999-12-17,1954.43994140625,89.4095458984375,19.161787033081055,1421.030029296875
1999-12-20,1950.43994140625,88.76334381103516,19.347597122192383,1418.0899658203125
1999-12-21,1971.56005859375,90.11450958251953,19.71921730041504,1433.4300537109375
1999-12-22,1975.5,90.34949493408203,19.71921730041504,1436.1300048828125
1999-12-23,2006.0699462890625,91.78870391845703,19.8237361907959,1458.3399658203125
1999-12-27,2004.3699951171875,91.66143798828125,19.974714279174805,1457.0999755859375
1999-12-28,2005.1400146484375,91.60271453857422,19.788896560668945,1457.6600341796875
1999-12-29,2013.3800048828125,91.99435424804688,20.108264923095703,1463.4599609375
1999-12-30,2014.81005859375,91.88666534423828,20.090837478637695,1464.469970703125
1999-12-31,2021.4000244140625,92.0334701538086,20.021162033081055,1469.25
2000-01-03,2002.1099853515625,91.13277435302734,20.601823806762695,1455.219970703125
2000-01-04,1925.4100341796875,87.56888580322266,19.5566349029541,1399.4200439453125
2000-01-05,1929.280029296875,87.72553253173828,19.26630401611328,1402.1099853515625
2000-01-06,1931.510009765625,86.31570434570312,18.627582550048828,1403.449951171875
2000-01-07,1983.8299560546875,91.32854461669922,18.952739715576172,1441.469970703125
2000-01-10,2006.0699462890625,91.64187622070312,19.672765731811523,1457.5999755859375
2000-01-11,1979.9200439453125,90.54529571533203,19.115333557128906,1438.56005859375
2000-01-12,1971.3599853515625,89.64454650878906,19.034040451049805,1432.25
2000-01-13,1995.3499755859375,90.858642578125,19.208234786987305,1449.6800537109375
2000-01-14,2016.6400146484375,92.09223175048828,19.6495418548584,1465.1500244140625
2000-01-18,2002.8900146484375,91.36774444580078,19.754058837890625,1455.1400146484375
2000-01-19,2004.02001953125,92.11182403564453,19.788896560668945,1455.9000244140625
2000-01-20,1989.81005859375,90.70194244384766,19.905033111572266,1445.5699462890625
2000-01-21,1984.010009765625,90.50614929199219,19.92824935913086,1441.3599853515625
2000-01-24,1929.199951171875,87.94096374511719,19.277921676635742,1401.530029296875
2000-01-25,1940.9000244140625,88.93963623046875,19.6901798248291,1410.030029296875
2000-01-26,1932.780029296875,88.23464965820312,19.045650482177734,1404.0899658203125
2000-01-27,1925.31005859375,87.88218688964844,18.859838485717773,1398.56005859375
2000-01-28,1872.6099853515625,85.14077758789062,18.186275482177734,1360.1600341796875
2000-01-31,1919.8399658203125,87.45143127441406,18.7901611328125,1394.4599609375
2000-02-01,1940.239990234375,88.31298828125,19.185012817382812,1409.280029296875
2000-02-02,1940.2099609375,88.3913803100586,19.324371337890625,1409.1199951171875
2000-02-03,1962.2099609375,89.72285461425781,19.881799697875977,1424.969970703125
2000-02-04,1961.43994140625,89.3508071899414,20.11406135559082,1424.3699951171875
2000-02-07,1961.300048828125,89.21376037597656,20.346324920654297,1424.239990234375
2000-02-08,1985.489990234375,90.42781066894531,20.532146453857422,1441.719970703125
2000-02-09,1944.5699462890625,88.52838134765625,20.276647567749023,1411.7099609375
2000-02-10,1951.6500244140625,88.70465850830078,20.75860023498535,1416.8299560546875
2000-02-11,1910.9200439453125,86.90313720703125,20.20697021484375,1387.1199951171875
2000-02-14,1914.8800048828125,87.41223907470703,20.218589782714844,1389.93994140625
2000-02-15,1931.5799560546875,88.40115356445312,20.276647567749023,1402.050048828125
2000-02-16,1912.1199951171875,87.09894561767578,20.172130584716797,1387.6700439453125
2000-02-17,1912.9599609375,86.64852905273438,20.625049591064453,1388.260009765625
2000-02-18,1854.8499755859375,84.78829193115234,19.92824935913086,1346.0899658203125
2000-02-22,1863.260009765625,84.57288360595703,19.881799697875977,1352.1700439453125
2000-02-23,1875.1600341796875,85.57156372070312,20.485689163208008,1360.68994140625
2000-02-24,1865.199951171875,83.8484115600586,20.741180419921875,1353.4300537109375
2000-02-25,1837.699951171875,83.54486083984375,20.54375648498535,1333.3599853515625
2000-02-28,1858.1700439453125,85.29742431640625,20.299867630004883,1348.050048828125
2000-02-29,1883.5,86.11986541748047,20.764404296875,1366.4200439453125
2000-03-01,1901.510009765625,86.74646759033203,20.973434448242188,1379.18994140625
2000-03-02,1905.0899658203125,86.80520629882812,21.182479858398438,1381.760009765625
2000-03-03,1942.8900146484375,88.43047332763672,21.768957138061523,1409.1700439453125
2000-03-06,1918.43994140625,87.56888580322266,21.734107971191406,1391.280029296875
2000-03-07,1869.3299560546875,85.87511444091797,21.13602638244629,1355.6199951171875
2000-03-08,1884.81005859375,85.76738739013672,21.50765609741211,1366.699951171875
2000-03-09,1933.1099853515625,88.27381896972656,22.157991409301758,1401.68994140625
2000-03-10,1923.97998046875,87.80390167236328,22.204442977905273,1395.0699462890625
2000-03-13,1908.4200439453125,86.84439849853516,21.8792724609375,1383.6199951171875
2000-03-14,1874.68994140625,85.6107406616211,21.379905700683594,1359.1500244140625
2000-03-15,1920.280029296875,87.6080551147461,21.008281707763672,1392.1400146484375
2000-03-16,2012.030029296875,91.70060729980469,21.739913940429688,1458.469970703125
2000-03-17,2020.31005859375,92.30665588378906,22.250900268554688,1464.469970703125
2000-03-20,2009.530029296875,91.83551788330078,22.157991409301758,1456.6300048828125
2000-03-21,2060.89990234375,93.72016143798828,22.7386531829834,1493.8699951171875
2000-03-22,2070.27001953125,94.28943634033203,23.13350486755371,1500.6400146484375
2000-03-23,2107.1298828125,95.8991928100586,23.57479476928711,1527.3499755859375
2000-03-24,2107.280029296875,96.4685287475586,23.778038024902344,1527.4599609375
2000-03-27,2102.31005859375,95.44767761230469,23.969654083251953,1523.8599853515625
2000-03-28,2080.080078125,94.89801025390625,23.388994216918945,1507.72998046875
2000-03-29,2081.449951171875,94.99618530273438,22.70380973815918,1508.52001953125
2000-03-30,2053.050048828125,93.40603637695312,22.088314056396484,1487.9200439453125
2000-03-31,2067.760009765625,94.46611022949219,22.506380081176758,1498.5799560546875
2000-04-03,2077.969970703125,95.01580810546875,21.554109573364258,1505.969970703125
2000-04-04,2062.530029296875,94.30908966064453,21.345064163208008,1494.72998046875
2000-04-05,2052.52001953125,93.72016143798828,21.48442268371582,1487.3699951171875
2000-04-06,2072.14990234375,94.53488159179688,21.763139724731445,1501.3399658203125
2000-04-07,2092.8701171875,95.13358306884766,22.506380081176758,1516.3499755859375
2000-04-10,2076.4599609375,94.7605972290039,21.693462371826172,1504.4599609375
2000-04-11,2071.219970703125,94.48577117919922,21.159250259399414,1500.5899658203125
2000-04-12,2025.22998046875,91.89441680908203,19.788896560668945,1467.1700439453125
2000-04-13,1988.4300537109375,90.61834716796875,19.41147804260254,1440.510009765625
2000-04-14,1872.550048828125,85.4356918334961,18.39531898498535,1356.56005859375
2000-04-17,1934.5,88.41967010498047,19.39405632019043,1401.43994140625
2000-04-18,1990.0400390625,90.75582122802734,20.49730110168457,1441.6099853515625
2000-04-19,1970.5799560546875,89.91163635253906,19.8237361907959,1427.469970703125
2000-04-20,1980.3599853515625,90.34355163574219,19.6495418548584,1434.5400390625
2000-04-24,1973.9100341796875,89.36197662353516,19.045650482177734,1429.8599853515625
2000-04-25,2039.5999755859375,93.0722427368164,20.148906707763672,1477.43994140625
2000-04-26,2017.0400390625,92.02198791503906,19.765670776367188,1460.989990234375
2000-04-27,2022.6800537109375,91.7177505493164,20.381168365478516,1464.9200439453125
2000-04-28,2005.550048828125,91.14840698242188,20.43923568725586,1452.4300537109375
2000-05-01,2027.4000244140625,92.38521575927734,20.729570388793945,1468.25
2000-05-02,1997.0899658203125,90.53985595703125,20.346324920654297,1446.2900390625
2000-05-03,1954.22998046875,88.41967010498047,19.463727951049805,1415.0999755859375
2000-05-04,1946.6500244140625,89.08711242675781,19.324371337890625,1409.5699462890625
2000-05-05,1978.52001953125,90.16687774658203,19.8527774810791,1432.6300048828125
2000-05-08,1967.010009765625,89.48955535888672,19.150171279907227,1424.1700439453125
2000-05-09,1950.5,88.77301025390625,18.795963287353516,1412.1400146484375
2000-05-10,1910.7900390625,86.77066802978516,17.884323120117188,1383.050048828125
2000-05-11,1945.3800048828125,88.75336456298828,18.38950538635254,1407.81005859375
2000-05-12,1963.5899658203125,89.71528625488281,18.627582550048828,1420.9599609375
2000-05-15,2007.030029296875,91.26622009277344,18.97596549987793,1452.3599853515625
2000-05-16,2025.9599609375,92.14964294433594,19.54501724243164,1466.0400390625
2000-05-17,2000.93994140625,91.18766021728516,19.26630401611328,1447.800048828125
2000-05-18,1986.4000244140625,90.06867218017578,18.778549194335938,1437.2099609375
2000-05-19,1944.6500244140625,88.65525817871094,18.04690933227539,1406.949951171875
2000-05-22,1936.0400390625,87.98774719238281,17.96562957763672,1400.719970703125
2000-05-23,1898.93994140625,86.6920394897461,17.09463119506836,1373.8599853515625
2000-05-24,1933.8499755859375,88.10553741455078,17.768207550048828,1399.050048828125
2000-05-25,1909.6700439453125,86.59392547607422,17.47787857055664,1381.52001953125
2000-05-26,1904.97998046875,86.6920394897461,17.535932540893555,1378.02001953125
2000-05-30,1966.5899658203125,89.51902770996094,18.674034118652344,1422.449951171875
2000-05-31,1964.4000244140625,89.71528625488281,18.31401252746582,1420.5999755859375
2000-06-01,2003.449951171875,91.28583526611328,19.13856315612793,1448.81005859375
2000-06-02,2042.7900390625,92.8759765625,20.009544372558594,1477.260009765625
2000-06-05,2029.5,92.42448425292969,20.06760597229004,1467.6300048828125
2000-06-06,2015.97998046875,92.01220703125,19.788896560668945,1457.8399658203125
2000-06-07,2034.9100341796875,92.65023803710938,20.1605224609375,1471.3599853515625
2000-06-08,2021.56005859375,92.2870101928711,20.06760597229004,1461.6700439453125
2000-06-09,2015.030029296875,92.09070587158203,20.11406135559082,1456.949951171875
2000-06-12,1999.9200439453125,91.01102447509766,19.695995330810547,1446.0
2000-06-13,2032.5799560546875,92.71890258789062,20.11406135559082,1469.43994140625
2000-06-14,2034.18994140625,92.8759765625,19.742448806762695,1470.5400390625
2000-06-15,2045.52001953125,93.0722427368164,20.13728904724121,1478.72998046875
2000-06-16,2026.0,92.30756378173828,20.20697021484375,1464.4599609375
2000-06-19,2055.840087890625,93.48822784423828,20.845701217651367,1486.0
2000-06-20,2041.93994140625,93.15367889404297,20.903766632080078,1475.949951171875
2000-06-21,2046.3499755859375,93.11433410644531,21.089570999145508,1479.1300048828125
2000-06-22,2009.1300048828125,91.69750213623047,20.43923568725586,1452.1800537109375
2000-06-23,1994.3299560546875,90.91043853759766,20.003740310668945,1441.47998046875
2000-06-26,2013.469970703125,92.08124542236328,20.13728904724121,1455.31005859375
2000-06-27,2006.8800048828125,91.40233612060547,19.939863204956055,1450.550048828125
2000-06-28,2013.0799560546875,91.65821075439453,20.13728904724121,1454.8199462890625
2000-06-29,1995.8900146484375,90.7923583984375,19.742448806762695,1442.3900146484375
2000-06-30,2012.8299560546875,91.48109436035156,20.13728904724121,1454.5999755859375
2000-07-03,2033.5799560546875,92.7404556274414,20.276647567749023,1469.5400390625
2000-07-05,2001.7099609375,91.0678939819336,19.626300811767578,1446.22998046875
2000-07-06,2016.4100341796875,91.7762451171875,19.92824935913086,1456.6700439453125
2000-07-07,2047.18994140625,93.2520980834961,20.25342559814453,1478.9000244140625
2000-07-10,2042.6500244140625,93.09464263916016,20.032773971557617,1475.6199951171875
2000-07-11,2049.989990234375,93.29139709472656,19.870189666748047,1480.8800048828125
2000-07-12,2066.7900390625,93.90143585205078,20.381168365478516,1492.9200439453125
2000-07-13,2070.860107421875,94.31464385986328,20.776025772094727,1495.8399658203125
2000-07-14,2090.43994140625,95.23951721191406,21.159250259399414,1509.97998046875
2000-07-17,2091.139892578125,95.08209991455078,21.333446502685547,1510.489990234375
2000-07-18,2067.969970703125,94.30481719970703,20.903766632080078,1493.739990234375
2000-07-19,2051.760009765625,93.5472640991211,20.43923568725586,1481.9599609375
2000-07-20,2070.610107421875,94.845947265625,20.868925094604492,1495.5699462890625
2000-07-21,2049.31005859375,92.99624633789062,20.41600799560547,1480.18994140625
2000-07-24,2027.4100341796875,92.46495056152344,19.91663932800293,1464.2900390625
2000-07-25,2041.510009765625,92.76018524169922,20.25342559814453,1474.469970703125
2000-07-26,2011.010009765625,91.85498809814453,19.986316680908203,1452.4200439453125
2000-07-27,2007.2900390625,91.54013061523438,19.405658721923828,1449.6199951171875
2000-07-28,1966.199951171875,89.47396087646484,18.685640335083008,1419.8900146484375
2000-07-31,1981.3599853515625,90.04467010498047,19.068876266479492,1430.8299560546875
2000-08-01,1991.4300537109375,90.59562683105469,18.848224639892578,1438.0999755859375
2000-08-02,1992.4100341796875,91.04818725585938,18.766939163208008,1438.699951171875
2000-08-03,2011.800048828125,91.6778564453125,19.126935958862305,1452.56005859375
2000-08-04,2026.4000244140625,92.16983795166016,19.126935958862305,1462.9300537109375
2000-08-07,2049.139892578125,93.2717514038086,19.52179718017578,1479.3199462890625
2000-08-08,2054.1201171875,93.62592315673828,19.5566349029541,1482.800048828125
2000-08-09,2040.550048828125,92.8388442993164,19.626300811767578,1472.8699951171875
2000-08-10,2023.3299560546875,92.38626098632812,19.208234786987305,1460.25
2000-08-11,2039.510009765625,92.81916046142578,19.277921676635742,1471.8399658203125
2000-08-14,2066.89990234375,93.99979400634766,19.672765731811523,1491.56005859375
2000-08-15,2057.030029296875,93.92107391357422,19.71921730041504,1484.4300537109375
2000-08-16,2050.929931640625,93.58659362792969,19.742448806762695,1479.8499755859375
2000-08-17,2073.43994140625,94.57047271728516,20.11406135559082,1496.0699462890625
2000-08-18,2067.47998046875,94.255615234375,20.13728904724121,1491.719970703125
2000-08-21,2078.25,94.7672348022461,20.230195999145508,1499.47998046875
2000-08-22,2076.3798828125,94.60983276367188,20.230195999145508,1498.1300048828125
2000-08-23,2087.39990234375,94.98371887207031,20.4276180267334,1505.969970703125
2000-08-24,2090.659912109375,95.27894592285156,20.61923599243164,1508.31005859375
2000-08-25,2088.10009765625,95.23951721191406,20.5495662689209,1506.449951171875
2000-08-28,2098.719970703125,95.56414794921875,20.717954635620117,1514.0899658203125
2000-08-29,2092.989990234375,95.5838851928711,20.741180419921875,1509.8399658203125
2000-08-30,2083.47998046875,94.66889190673828,20.601823806762695,1502.5899658203125
2000-08-31,2104.429931640625,95.9282455444336,21.008281707763672,1517.6800537109375
2000-09-01,2108.760009765625,96.02661895751953,21.019899368286133,1520.77001953125
2000-09-05,2089.77001953125,95.25914764404297,20.54375648498535,1507.0799560546875
2000-09-06,2069.39990234375,94.1769027709961,20.021162033081055,1492.25
2000-09-07,2083.679931640625,94.98371887207031,20.346324920654297,1502.510009765625
2000-09-08,2072.580078125,94.33438873291016,19.695995330810547,1494.5
2000-09-11,2065.340087890625,94.19664001464844,19.185012817382812,1489.260009765625
2000-09-12,2055.260009765625,93.50787353515625,18.906286239624023,1481.989990234375
2000-09-13,2059.77001953125,93.75384521484375,19.092103958129883,1484.9100341796875
2000-09-14,2054.2099609375,94.22615051269531,19.196624755859375,1480.8699951171875
2000-09-15,2033.3199462890625,92.16463470458984,18.86564826965332,1465.81005859375
2000-09-18,2003.81005859375,91.31639099121094,18.441762924194336,1444.510009765625
2000-09-19,2025.1700439453125,92.14488983154297,19.161787033081055,1459.9000244140625
2000-09-20,2013.3399658203125,91.46434783935547,19.23146629333496,1451.3399658203125
2000-09-21,2010.2099609375,90.0736083984375,18.83660888671875,1449.050048828125
2000-09-22,2009.760009765625,91.71090698242188,18.302406311035156,1448.719970703125
2000-09-25,1996.3199462890625,91.05992889404297,17.91916847229004,1439.030029296875
2000-09-26,1979.9200439453125,89.89601135253906,17.541744232177734,1427.2099609375
2000-09-27,1979.31005859375,90.36945343017578,17.4197998046875,1426.5699462890625
2000-09-28,2023.3299560546875,91.53341674804688,18.02368927001953,1458.2900390625
2000-09-29,1993.3299560546875,90.6654052734375,17.233991622924805,1436.510009765625
2000-10-02,1992.93994140625,90.8034896850586,17.106250762939453,1436.22998046875
2000-10-03,1979.43994140625,89.95524597167969,16.653331756591797,1426.4599609375
2000-10-04,1990.6199951171875,90.70482635498047,17.10044288635254,1434.3199462890625
2000-10-05,1993.699951171875,91.02043151855469,16.85657501220703,1436.280029296875
2000-10-06,1955.8199462890625,89.04783630371094,16.50816535949707,1408.989990234375
2000-10-09,1946.1600341796875,88.37703704833984,16.415267944335938,1402.030029296875
2000-10-10,1925.4100341796875,86.91725158691406,15.933311462402344,1387.02001953125
2000-10-11,1894.3699951171875,86.18736267089844,15.422327041625977,1364.5899658203125
2000-10-12,1846.0799560546875,84.03713989257812,14.888126373291016,1329.780029296875
2000-10-13,1907.7099609375,86.83836364746094,16.14234733581543,1374.1700439453125
2000-10-16,1908.3399658203125,87.23291015625,15.886860847473145,1374.6199951171875
2000-10-17,1874.1199951171875,85.06289672851562,15.468788146972656,1349.969970703125
2000-10-18,1863.3499755859375,84.74727630615234,15.224907875061035,1342.1300048828125
2000-10-19,1928.0999755859375,87.9430923461914,16.577844619750977,1388.760009765625
2000-10-20,1939.43994140625,88.31786346435547,16.827533721923828,1396.9300537109375
2000-10-23,1937.8599853515625,88.71239471435547,16.72300148010254,1395.780029296875
2000-10-24,1941.1300048828125,88.12062072753906,16.397842407226562,1398.1300048828125
2000-10-25,1895.030029296875,86.04926300048828,15.242325782775879,1364.9000244140625
2000-10-26,1894.4200439453125,86.2859878540039,15.608139991760254,1364.43994140625
2000-10-27,1915.550048828125,87.9233169555664,15.741692543029785,1379.5799560546875
2000-10-30,1942.199951171875,88.71239471435547,15.526857376098633,1398.6600341796875
2000-10-31,1984.9100341796875,90.24124908447266,16.246870040893555,1429.4000244140625
2000-11-01,1973.719970703125,89.93551635742188,15.933311462402344,1421.219970703125
2000-11-02,1983.72998046875,90.08341217041016,16.345577239990234,1428.3199462890625
2000-11-03,1981.5,90.13275909423828,16.46751594543457,1426.68994140625
2000-11-06,1989.18994140625,90.7640151977539,16.2120304107666,1432.18994140625
2000-11-07,1988.800048828125,90.74430084228516,16.328161239624023,1431.8699951171875
2000-11-08,1957.6199951171875,88.73213958740234,15.468788146972656,1409.280029296875
2000-11-09,1945.239990234375,88.39677429199219,15.242325782775879,1400.1400146484375
2000-11-10,1897.780029296875,86.24655151367188,14.400367736816406,1365.97998046875
2000-11-13,1877.510009765625,85.57579803466797,14.35391616821289,1351.260009765625
2000-11-14,1921.6700439453125,87.82470703125,15.131999969482422,1382.949951171875
2000-11-15,1931.43994140625,88.1008529663086,15.236527442932129,1389.81005859375
2000-11-16,1907.199951171875,86.72002410888672,14.74876594543457,1372.3199462890625
2000-11-17,1900.8800048828125,86.25639343261719,14.864900588989258,1367.719970703125
2000-11-20,1866.010009765625,85.0234603881836,14.261016845703125,1342.6199951171875
2000-11-21,1872.719970703125,85.4574203491211,14.330696105957031,1347.3499755859375
2000-11-22,1838.0,83.41569519042969,13.808095932006836,1322.3599853515625
2000-11-24,1865.0,85.1220703125,14.35391616821289,1341.77001953125
2000-11-27,1875.010009765625,85.87174224853516,14.272628784179688,1348.969970703125
2000-11-28,1857.300048828125,84.39221954345703,13.697769165039062,1336.0899658203125
2000-11-29,1865.8900146484375,84.23439025878906,13.633899688720703,1341.9300537109375
2000-11-30,1828.4200439453125,83.5044937133789,12.913883209228516,1314.949951171875
2000-12-01,1828.81005859375,83.46499633789062,13.082273483276367,1315.22998046875
2000-12-04,1842.3599853515625,84.17520904541016,13.006789207458496,1324.969970703125
2000-12-05,1914.0899658203125,86.9369888305664,14.237794876098633,1376.5400390625
2000-12-06,1879.5799560546875,85.54621124267578,13.842937469482422,1351.4599609375
2000-12-07,1868.6400146484375,84.37248992919922,13.384215354919434,1343.550048828125
2000-12-08,1905.2900390625,84.5697021484375,14.005524635314941,1369.8900146484375
2000-12-11,1919.6500244140625,87.50908660888672,14.533920288085938,1380.199951171875
2000-12-12,1907.0999755859375,87.13426208496094,14.237794876098633,1371.1800537109375
2000-12-13,1891.9300537109375,85.94075012207031,13.633899688720703,1359.989990234375
2000-12-14,1865.449951171875,84.84593200683594,13.424861907958984,1340.9300537109375
2000-12-15,1825.4200439453125,82.92953491210938,12.890655517578125,1312.1500244140625
2000-12-18,1840.1800537109375,84.03763580322266,12.635161399841309,1322.739990234375
2000-12-19,1816.3599853515625,82.32601928710938,12.263542175292969,1305.5999755859375
2000-12-20,1759.6199951171875,79.94164276123047,11.346099853515625,1264.739990234375
2000-12-21,1773.7099609375,80.4957046508789,11.380940437316895,1274.8599853515625
2000-12-22,1817.0,82.90975952148438,12.164835929870605,1305.949951171875
2000-12-26,1829.8299560546875,83.8001937866211,11.961600303649902,1315.18994140625
2000-12-27,1849.3399658203125,84.41357421875,12.077733039855957,1328.9200439453125
2000-12-28,1856.760009765625,84.67085266113281,12.019664764404297,1334.219970703125
2000-12-29,1837.3699951171875,83.06805419921875,11.636430740356445,1320.280029296875
2001-01-02,1785.8599853515625,81.56420135498047,10.962859153747559,1283.27001953125
2001-01-03,1875.56005859375,85.4820785522461,12.728068351745605,1347.56005859375
2001-01-04,1855.8199462890625,84.56201171875,12.855820655822754,1333.3399658203125
2001-01-05,1807.1300048828125,81.8016128540039,12.077733039855957,1298.3499755859375
2001-01-08,1804.0400390625,82.43484497070312,12.042892456054688,1295.8599853515625
2001-01-09,1810.97998046875,82.2171859741211,12.309992790222168,1300.800048828125
2001-01-10,1828.5,83.66163635253906,12.681615829467773,1313.27001953125
2001-01-11,1847.3699951171875,83.7408218383789,13.21582317352295,1326.8199462890625
2001-01-12,1835.5400390625,83.58251953125,13.018403053283691,1318.550048828125
2001-01-16,1847.1300048828125,84.11681365966797,12.86742877960205,1326.6500244140625
2001-01-17,1851.1600341796875,84.50263977050781,13.26227855682373,1329.469970703125
2001-01-18,1876.93994140625,85.3436050415039,13.959071159362793,1347.969970703125
2001-01-19,1869.3800048828125,84.85883331298828,14.150688171386719,1342.5400390625
2001-01-22,1869.8900146484375,85.42276763916016,13.889389991760254,1342.9000244140625
2001-01-23,1894.25,86.0955581665039,14.121658325195312,1360.4000244140625
2001-01-24,1899.7099609375,86.3527603149414,14.295853614807129,1364.300048828125
2001-01-25,1890.27001953125,86.1351318359375,13.796480178833008,1357.510009765625
2001-01-26,1886.800048828125,86.03621673583984,13.889389991760254,1354.949951171875
2001-01-29,1899.75,86.49524688720703,14.181116104125977,1364.1700439453125
2001-01-30,1913.1300048828125,87.25508117675781,14.214561462402344,1373.72998046875
2001-01-31,1902.550048828125,86.76116943359375,13.861515045166016,1366.010009765625
2001-02-01,1913.1099853515625,87.3373794555664,13.854085922241211,1373.469970703125
2001-02-02,1879.68994140625,85.35546112060547,13.244626998901367,1349.469970703125
2001-02-05,1886.47998046875,85.98237609863281,13.16286563873291,1354.31005859375
2001-02-06,1883.719970703125,85.72904205322266,13.240904808044434,1352.260009765625
2001-02-07,1868.2900390625,85.28584289550781,12.899015426635742,1340.8900146484375
2001-02-08,1856.6600341796875,84.29171752929688,12.709493637084961,1332.530029296875
2001-02-09,1831.9599609375,83.481201171875,12.122328758239746,1314.760009765625
2001-02-12,1853.6500244140625,84.43734741210938,12.226381301879883,1330.31005859375
2001-02-13,1837.77001953125,83.74720001220703,12.018270492553711,1318.800048828125
2001-02-14,1834.0999755859375,83.62051391601562,12.30070686340332,1315.9200439453125
2001-02-15,1849.1500244140625,84.43099975585938,12.67232894897461,1326.6099853515625
2001-02-16,1814.219970703125,82.56942749023438,11.888204574584961,1301.530029296875
2001-02-20,1782.75,81.29667663574219,11.249011993408203,1278.93994140625
2001-02-21,1749.8599853515625,79.5427017211914,10.962859153747559,1255.27001953125
2001-02-22,1746.5,79.66301727294922,10.981444358825684,1252.8199462890625
2001-02-23,1736.8199462890625,79.12480926513672,10.899689674377441,1245.8599853515625
2001-02-26,1767.2900390625,80.80906677246094,11.074349403381348,1267.6500244140625
2001-02-27,1753.8800048828125,80.0619125366211,10.650697708129883,1257.93994140625
2001-02-28,1729.0799560546875,78.48523712158203,10.409147262573242,1239.93994140625
2001-03-01,1730.9200439453125,78.89683532714844,10.702727317810059,1241.22998046875
2001-03-02,1721.0899658203125,78.26994323730469,10.331103324890137,1234.1800537109375
2001-03-05,1731.4200439453125,78.98548889160156,10.554078102111816,1241.4100341796875
2001-03-06,1748.739990234375,79.833984375,11.000025749206543,1253.800048828125
2001-03-07,1760.3599853515625,80.40383911132812,11.014892578125,1261.8900146484375
2001-03-08,1764.3900146484375,80.49248504638672,10.795634269714355,1264.739990234375
2001-03-09,1720.7099609375,78.11166381835938,10.089547157287598,1233.4200439453125
2001-03-12,1646.4200439453125,74.76836395263672,9.550695419311523,1180.1600341796875
2001-03-13,1671.18994140625,75.99676513671875,10.026371955871582,1197.6600341796875
2001-03-14,1628.02001953125,74.49609375,9.78110122680664,1166.7099609375
2001-03-15,1637.6099853515625,74.51509094238281,9.665899276733398,1173.56005859375
2001-03-16,1605.47998046875,73.02049255371094,9.454075813293457,1150.530029296875
2001-03-19,1633.81005859375,74.50621032714844,9.747657775878906,1170.81005859375
2001-03-20,1594.5,72.5062255859375,9.279412269592285,1142.6199951171875
2001-03-21,1565.97998046875,71.27452850341797,9.324009895324707,1122.1400146484375
2001-03-22,1559.6500244140625,70.55075073242188,9.751370429992676,1117.5799560546875
2001-03-23,1590.699951171875,72.68402099609375,9.959485054016113,1139.8299560546875
2001-03-26,1608.6500244140625,73.61100006103516,9.829414367675781,1152.68994140625
2001-03-27,1649.7900390625,75.11568450927734,10.145296096801758,1182.1700439453125
2001-03-28,1609.6700439453125,73.0395278930664,9.394617080688477,1153.2900390625
2001-03-29,1602.260009765625,73.31889343261719,9.27198314666748,1147.949951171875
2001-03-30,1619.5400390625,74.08716583251953,9.216235160827637,1160.3299560546875
2001-04-02,1599.3599853515625,72.5062255859375,8.993261337280273,1145.8699951171875
2001-04-03,1544.3499755859375,70.0872573852539,8.3912353515625,1106.4599609375
2001-04-04,1540.1700439453125,70.37928771972656,8.231436729431152,1103.25
2001-04-05,1607.4599609375,73.04595184326172,9.101035118103027,1151.43994140625
2001-04-06,1575.7099609375,71.93484497070312,8.677386283874512,1128.4300537109375
2001-04-09,1588.5,72.73482513427734,8.699682235717773,1137.5899658203125
2001-04-10,1631.68994140625,74.06175231933594,9.283129692077637,1168.3800048828125
2001-04-11,1628.22998046875,74.11257934570312,9.621304512023926,1165.8900146484375
2001-04-12,1652.8299560546875,75.45854187011719,9.8628568649292,1183.5
2001-04-16,1647.5,74.66494750976562,9.625022888183594,1179.6800537109375
2001-04-17,1664.43994140625,75.7188491821289,9.725360870361328,1191.81005859375
2001-04-18,1729.260009765625,78.72834777832031,10.609821319580078,1238.1600341796875
2001-04-19,1750.97998046875,79.7759017944336,11.278741836547852,1253.68994140625
2001-04-20,1736.02001953125,79.0457763671875,11.148675918579102,1242.97998046875
2001-04-23,1710.010009765625,77.61087799072266,10.531782150268555,1224.3599853515625
2001-04-24,1689.22998046875,77.19188690185547,10.368265151977539,1209.469970703125
2001-04-25,1716.1700439453125,78.20134735107422,10.550360679626465,1228.75
2001-04-26,1724.3800048828125,78.550537109375,10.401711463928223,1234.52001953125
2001-04-27,1750.3199462890625,79.85843658447266,10.542927742004395,1253.050048828125
2001-04-30,1745.3900146484375,80.41717529296875,10.706442832946777,1249.4599609375
2001-05-01,1769.1199951171875,80.66480255126953,10.962859153747559,1266.43994140625
2001-05-02,1770.6600341796875,80.51875305175781,11.182119369506836,1267.4300537109375
2001-05-03,1744.5400390625,79.49652862548828,10.825363159179688,1248.5799560546875
2001-05-04,1769.780029296875,80.84888458251953,10.981444358825684,1266.6099853515625
2001-05-07,1765.489990234375,80.15048217773438,10.970294952392578,1263.510009765625
2001-05-08,1762.4100341796875,80.11241912841797,11.018606185913086,1261.199951171875
2001-05-09,1754.719970703125,79.7759017944336,10.866243362426758,1255.5400390625
2001-05-10,1754.4599609375,80.0108642578125,10.706442832946777,1255.1800537109375
2001-05-11,1741.3299560546875,79.45841979980469,10.591239929199219,1245.6700439453125
2001-05-14,1746.010009765625,79.61719512939453,10.442593574523926,1248.9200439453125
2001-05-15,1746.75,79.9854507446289,10.424004554748535,1249.43994140625
2001-05-16,1796.719970703125,81.87108612060547,10.847660064697266,1284.989990234375
2001-05-17,1801.6300048828125,81.99810028076172,10.910834312438965,1288.489990234375
2001-05-18,1806.8299560546875,82.37268829345703,10.959146499633789,1291.9599609375
2001-05-21,1836.02001953125,83.5853271484375,11.445969581604004,1312.8299560546875
2001-05-22,1831.199951171875,83.4773941040039,11.423672676086426,1309.3800048828125
2001-05-23,1802.8399658203125,82.06158447265625,11.14495849609375,1289.050048828125
2001-05-24,1808.6400146484375,82.30282592773438,11.23043155670166,1293.1700439453125
2001-05-25,1787.280029296875,81.33146667480469,11.018606185913086,1277.8900146484375
2001-05-29,1773.4599609375,80.68385314941406,10.606104850769043,1267.9300537109375
2001-05-30,1746.1099853515625,79.5536880493164,10.175024032592773,1248.0799560546875
2001-05-31,1757.0899658203125,79.96640014648438,10.267929077148438,1255.8199462890625
2001-06-01,1763.8699951171875,80.46161651611328,10.442593574523926,1260.6700439453125
2001-06-04,1772.9200439453125,80.84888458251953,10.420297622680664,1267.1099853515625
2001-06-05,1795.9599609375,81.77589416503906,10.832797050476074,1283.5699462890625
2001-06-06,1777.25,81.09651184082031,10.728738784790039,1270.030029296875
2001-06-07,1786.989990234375,81.38855743408203,11.03347396850586,1276.9599609375
2001-06-08,1770.2099609375,80.63304138183594,10.788203239440918,1264.9599609375
2001-06-11,1755.4300537109375,80.06161499023438,10.609821319580078,1254.3900146484375
2001-06-12,1757.47998046875,79.9219741821289,10.528066635131836,1255.8499755859375
2001-06-13,1737.93994140625,79.23623657226562,10.290225982666016,1241.5999755859375
2001-06-14,1707.56005859375,77.4584732055664,9.922320365905762,1219.8699951171875
2001-06-15,1699.8499755859375,77.58331298828125,9.829414367675781,1214.3599853515625
2001-06-18,1691.5899658203125,77.2076187133789,9.584145545959473,1208.4300537109375
2001-06-19,1697.4100341796875,77.54510498046875,9.621304512023926,1212.5799560546875
2001-06-20,1712.260009765625,77.95259857177734,9.721647262573242,1223.1400146484375
2001-06-21,1731.75,78.83763885498047,9.903741836547852,1237.0400390625
2001-06-22,1715.3900146484375,78.219970703125,9.810831069946289,1225.3499755859375
2001-06-25,1705.93994140625,77.50055694580078,9.95205307006836,1218.5999755859375
2001-06-26,1703.3699951171875,77.39228057861328,10.007796287536621,1216.760009765625
2001-06-27,1695.6099853515625,77.34770202636719,10.03009033203125,1211.0699462890625
2001-06-28,1716.81005859375,77.77436065673828,10.227049827575684,1226.199951171875
2001-06-29,1714.3199462890625,78.06082916259766,10.468605995178223,1224.3800048828125
2001-07-02,1731.530029296875,79.03502655029297,10.461174011230469,1236.719970703125
2001-07-03,1728.6500244140625,79.01590728759766,10.424004554748535,1234.449951171875
2001-07-05,1707.6800537109375,77.47506713867188,10.089547157287598,1219.239990234375
2001-07-06,1667.9000244140625,75.80054473876953,9.625022888183594,1190.5899658203125
2001-07-09,1679.4000244140625,76.21439361572266,9.747657775878906,1198.780029296875
2001-07-10,1655.31005859375,75.2974853515625,9.450360298156738,1181.52001953125
2001-07-11,1653.5400390625,75.37390899658203,9.498672485351562,1180.1800537109375
2001-07-12,1692.72998046875,77.16305541992188,10.130433082580566,1208.1400146484375
2001-07-13,1703.31005859375,77.83159637451172,10.16015911102295,1215.6800537109375
2001-07-16,1684.77001953125,76.85745239257812,9.914886474609375,1202.449951171875
2001-07-17,1701.5699462890625,77.576904296875,10.03380298614502,1214.43994140625
2001-07-18,1692.27001953125,77.04844665527344,9.651031494140625,1207.7099609375
2001-07-19,1702.52001953125,77.72335052490234,9.829414367675781,1215.02001953125
2001-07-20,1696.6700439453125,77.25857543945312,9.77367115020752,1210.8499755859375
2001-07-23,1668.9000244140625,75.7368392944336,9.535835266113281,1191.030029296875
2001-07-24,1641.760009765625,75.00464630126953,9.409481048583984,1171.6500244140625
2001-07-25,1668.1600341796875,75.8323745727539,9.61015796661377,1190.489990234375
2001-07-26,1685.6199951171875,76.62823486328125,9.792251586914062,1202.9300537109375
2001-07-27,1689.7900390625,76.92113494873047,9.777387619018555,1205.8199462890625
2001-07-30,1688.030029296875,76.94654846191406,9.747657775878906,1204.52001953125
2001-07-31,1697.449951171875,77.26495361328125,9.743938446044922,1211.22998046875
2001-08-01,1704.239990234375,77.74887084960938,10.004076957702637,1215.9300537109375
2001-08-02,1711.1700439453125,78.06722259521484,10.14157485961914,1220.75
2001-08-03,1702.4300537109375,77.6406021118164,9.996646881103516,1214.3499755859375
2001-08-06,1683.030029296875,76.59638214111328,9.874013900756836,1200.47998046875
2001-08-07,1688.5999755859375,76.8956527709961,9.81826400756836,1204.4000244140625
2001-08-08,1659.5799560546875,75.46940612792969,9.50239086151123,1183.530029296875
2001-08-09,1659.760009765625,75.69224548339844,9.506099700927734,1183.4300537109375
2001-08-10,1669.2099609375,75.95332336425781,9.491239547729492,1190.1600341796875
2001-08-13,1670.9599609375,75.97244262695312,9.528398513793945,1191.2900390625
2001-08-14,1664.6099853515625,75.94062805175781,9.405762672424316,1186.72998046875
2001-08-15,1652.7099609375,75.28477478027344,9.193937301635742,1178.02001953125
2001-08-16,1657.8800048828125,75.54584503173828,9.242249488830566,1181.6600341796875
2001-08-17,1630.3499755859375,74.33609008789062,8.967248916625977,1161.969970703125
2001-08-20,1643.5899658203125,75.02375030517578,9.026712417602539,1171.4100341796875
2001-08-21,1623.739990234375,73.74392700195312,8.762859344482422,1157.260009765625
2001-08-22,1635.1600341796875,74.50799560546875,8.85204792022705,1165.31005859375
2001-08-23,1630.6700439453125,74.2405776977539,8.844610214233398,1162.0899658203125
2001-08-24,1662.739990234375,75.78137969970703,9.275693893432617,1184.9300537109375
2001-08-27,1654.719970703125,75.329345703125,9.253400802612305,1179.2099609375
2001-08-28,1629.9100341796875,74.22786712646484,8.99698257446289,1161.510009765625
2001-08-29,1612.050048828125,73.56565856933594,8.826034545898438,1148.56005859375
2001-08-30,1584.77001953125,72.15217590332031,8.484137535095215,1129.030029296875
2001-08-31,1591.1800537109375,72.68063354492188,8.5547513961792,1133.5799560546875
2001-09-04,1590.2900390625,72.2158432006836,8.368940353393555,1132.93994140625
2001-09-05,1588.9300537109375,72.39409637451172,8.298331260681152,1131.739990234375
2001-09-06,1553.4100341796875,70.52850341796875,7.904411315917969,1106.4000244140625
2001-09-07,1524.469970703125,69.22328186035156,7.811503887176514,1085.780029296875
2001-09-10,1533.97998046875,70.07011413574219,7.978734016418457,1092.5400390625
2001-09-17,1459.0,66.40898895263672,7.469613552093506,1038.77001953125
2001-09-18,1450.5400390625,66.24984741210938,7.402719974517822,1032.739990234375
2001-09-19,1427.25,64.91276550292969,7.335829734802246,1016.0999755859375
2001-09-20,1382.9300537109375,62.84980392456055,7.016232013702393,984.5399780273438
2001-09-21,1356.6099853515625,62.17172622680664,6.815556049346924,965.7999877929688
2001-09-24,1409.5,64.35746765136719,7.198328018188477,1003.4500122070312
2001-09-25,1421.9100341796875,65.02848815917969,7.265218734741211,1012.27001953125
2001-09-26,1415.010009765625,64.79842376708984,7.019949436187744,1007.0399780273438
2001-09-27,1431.2900390625,65.36082458496094,6.964204788208008,1018.6099853515625
2001-09-28,1462.68994140625,66.74766540527344,7.153735637664795,1040.93994140625
2001-10-01,1459.3299560546875,66.63903045654297,7.060829162597656,1038.550048828125
2001-10-02,1477.2900390625,67.47621154785156,7.053393840789795,1051.3299560546875
2001-10-03,1507.030029296875,68.60747528076172,7.525357723236084,1072.280029296875
2001-10-04,1503.31005859375,68.66498565673828,7.685153007507324,1069.6300048828125
2001-10-05,1506.1099853515625,68.53077697753906,7.681436538696289,1071.3800048828125
2001-10-08,1493.5400390625,68.08340454101562,7.73346471786499,1062.43994140625
2001-10-09,1485.6300048828125,67.71907806396484,7.555083274841309,1056.75
2001-10-10,1519.77001953125,69.22737884521484,7.789209842681885,1080.989990234375
2001-10-11,1542.97998046875,70.30107116699219,8.16454792022705,1097.4300537109375
2001-10-12,1534.8599853515625,69.98152160644531,8.145964622497559,1091.6500244140625
2001-10-15,1532.52001953125,69.85370635986328,8.09022045135498,1089.97998046875
2001-10-16,1543.1500244140625,70.294677734375,8.175699234008789,1097.5400390625
2001-10-17,1514.5,68.7991714477539,7.804069995880127,1077.0899658203125
2001-10-18,1502.6099853515625,68.65218353271484,7.785489559173584,1068.6099853515625
2001-10-19,1509.4599609375,68.60747528076172,7.889547824859619,1073.47998046875
2001-10-22,1532.550048828125,69.96235656738281,8.075360298156738,1089.9000244140625
2001-10-23,1525.3499755859375,69.60443115234375,8.082789421081543,1084.780029296875
2001-10-24,1525.9599609375,69.41912841796875,8.183125495910645,1085.199951171875
2001-10-25,1546.9000244140625,70.66533660888672,8.380088806152344,1100.0899658203125
2001-10-26,1553.260009765625,70.50553894042969,8.3912353515625,1104.6099853515625
2001-10-29,1516.3900146484375,68.67134857177734,7.9898810386657715,1078.300048828125
2001-10-30,1490.43994140625,67.846923828125,7.826366901397705,1059.7900390625
2001-10-31,1490.5799560546875,67.61685943603516,7.934141635894775,1059.780029296875
2001-11-01,1524.9599609375,69.34880065917969,8.20914077758789,1084.0999755859375
2001-11-02,1529.3499755859375,69.8217544555664,8.22028923034668,1087.199951171875
2001-11-05,1551.3900146484375,70.73564147949219,8.472991943359375,1102.8399658203125
2001-11-06,1573.9300537109375,71.83491516113281,8.770291328430176,1118.8599853515625
2001-11-07,1570.1600341796875,71.73907470703125,8.733128547668457,1115.800048828125
2001-11-08,1574.0899658203125,71.96275329589844,8.777719497680664,1118.5400390625
2001-11-09,1576.6099853515625,72.03941345214844,8.744278907775879,1120.31005859375
2001-11-12,1573.8199462890625,71.59842681884766,8.81116771697998,1118.3299560546875
2001-11-13,1603.280029296875,73.2090072631836,9.123334884643555,1139.0899658203125
2001-11-14,1606.6400146484375,73.27926635742188,9.171643257141113,1141.2099609375
2001-11-15,1608.0899658203125,73.41348266601562,9.115898132324219,1142.239990234375
2001-11-16,1603.1700439453125,73.08753967285156,9.086166381835938,1138.6500244140625
2001-11-19,1620.6600341796875,73.98871612548828,9.275693893432617,1151.06005859375
2001-11-20,1608.9000244140625,73.3687744140625,9.015560150146484,1142.6600341796875
2001-11-21,1601.02001953125,72.88306427001953,8.926372528076172,1137.030029296875
2001-11-23,1619.780029296875,73.93115997314453,9.063868522644043,1150.3399658203125
2001-11-26,1629.760009765625,74.09092712402344,9.219953536987305,1157.4200439453125
2001-11-27,1618.6199951171875,73.7713851928711,9.190223693847656,1149.5
2001-11-28,1589.3800048828125,72.43569946289062,8.900358200073242,1128.52001953125
2001-11-29,1605.989990234375,73.41348266601562,9.138198852539062,1140.199951171875
2001-11-30,1604.9200439453125,72.88941955566406,9.119612693786621,1139.449951171875
2001-12-03,1591.47998046875,72.45481872558594,8.989547729492188,1129.9000244140625
2001-12-04,1612.469970703125,73.6819076538086,9.27198314666748,1144.800048828125
2001-12-05,1649.0,75.0304183959961,9.717924118041992,1170.3499755859375
2001-12-06,1644.47998046875,74.99210357666016,9.691914558410645,1167.0999755859375
2001-12-07,1632.0999755859375,74.49357604980469,9.513533592224121,1158.31005859375
2001-12-10,1606.22998046875,73.10035705566406,9.305427551269531,1139.9300537109375
2001-12-11,1601.760009765625,72.9533462524414,9.37231731414795,1136.760009765625
2001-12-12,1602.449951171875,73.03643035888672,9.409481048583984,1137.0699462890625
2001-12-13,1577.5799560546875,71.61762237548828,9.075024604797363,1119.3800048828125
2001-12-14,1582.81005859375,72.30143737792969,9.112180709838867,1123.0899658203125
2001-12-17,1598.739990234375,73.04920959472656,9.286847114562988,1134.3599853515625
2001-12-18,1610.8299560546875,73.48380279541016,9.324009895324707,1142.9200439453125
2001-12-19,1620.27001953125,74.00147247314453,9.190223693847656,1149.56005859375
2001-12-20,1606.9200439453125,73.27291107177734,8.874347686767578,1139.9300537109375
2001-12-21,1613.93994140625,73.7173080444336,8.993261337280273,1144.8900146484375
2001-12-24,1613.5999755859375,73.5761947631836,8.959824562072754,1144.6500244140625
2001-12-26,1620.260009765625,73.9802474975586,9.030424118041992,1149.3699951171875
2001-12-27,1631.68994140625,74.42913055419922,9.108466148376465,1157.1300048828125
2001-12-28,1637.22998046875,74.39068603515625,9.127047538757324,1161.02001953125
2001-12-31,1618.97998046875,73.30046844482422,8.918936729431152,1148.0799560546875
2002-01-02,1628.510009765625,74.08927154541016,9.141910552978516,1154.6700439453125
2002-01-03,1643.47998046875,74.92937469482422,9.543264389038086,1165.27001953125
2002-01-04,1653.68994140625,75.42957305908203,9.602724075317383,1172.510009765625
2002-01-07,1642.949951171875,74.8973159790039,9.498672485351562,1164.8900146484375
2002-01-08,1637.47998046875,74.72415924072266,9.569281578063965,1160.7099609375
2002-01-09,1629.699951171875,74.11491394042969,9.494953155517578,1155.1400146484375
2002-01-10,1631.719970703125,74.44198608398438,9.41691780090332,1156.550048828125
2002-01-11,1616.3499755859375,73.71087646484375,9.327722549438477,1145.5999755859375
2002-01-14,1606.199951171875,73.2491683959961,9.182791709899902,1138.4100341796875
2002-01-15,1617.1800537109375,73.84559631347656,9.242249488830566,1146.18994140625
2002-01-16,1591.0400390625,72.35133361816406,9.015560150146484,1127.5699462890625
2002-01-17,1607.02001953125,72.89645385742188,9.238539695739746,1138.8800048828125
2002-01-18,1591.0799560546875,72.56301879882812,8.930088996887207,1127.5799560546875
2002-01-22,1579.4100341796875,72.062744140625,8.610490798950195,1119.31005859375
2002-01-23,1591.93994140625,72.61428833007812,8.740562438964844,1128.1800537109375
2002-01-24,1597.550048828125,72.8387680053711,8.870633125305176,1132.1500244140625
2002-01-25,1599.1400146484375,72.81949615478516,8.83718204498291,1133.280029296875
2002-01-28,1598.8599853515625,73.018310546875,8.900358200073242,1133.06005859375
2002-01-29,1553.22998046875,70.72245788574219,8.584485054016113,1100.6400146484375
2002-01-30,1571.68994140625,71.74210357666016,8.695968627929688,1113.5699462890625
2002-01-31,1595.3499755859375,72.58221435546875,8.822320938110352,1130.199951171875
2002-02-01,1584.06005859375,72.24232482910156,8.658805847167969,1122.199951171875
2002-02-04,1544.8900146484375,70.44671630859375,8.413531303405762,1094.43994140625
2002-02-05,1538.699951171875,70.0106201171875,8.283461570739746,1090.02001953125
2002-02-06,1529.6800537109375,69.7092056274414,8.23515510559082,1083.510009765625
2002-02-07,1525.260009765625,69.27310180664062,8.112519264221191,1080.1700439453125
2002-02-08,1547.93994140625,70.60057830810547,8.268599510192871,1096.219970703125
2002-02-11,1570.2099609375,71.46639251708984,8.4544095993042,1111.93994140625
2002-02-12,1563.949951171875,71.24189758300781,8.316905975341797,1107.5
2002-02-13,1580.030029296875,71.99864196777344,8.45069408416748,1118.510009765625
2002-02-14,1577.2900390625,71.86396789550781,8.36150074005127,1116.47998046875
2002-02-15,1559.97998046875,71.1136474609375,8.119951248168945,1104.1800537109375
2002-02-19,1530.5799560546875,69.7476577758789,7.833799839019775,1083.3399658203125
2002-02-20,1551.3699951171875,70.92124938964844,7.93042516708374,1097.97998046875
2002-02-21,1527.3399658203125,69.45268249511719,7.562519550323486,1080.949951171875
2002-02-22,1539.9100341796875,70.31201171875,7.610833644866943,1089.8399658203125
2002-02-25,1567.5899658203125,71.47278594970703,7.867247104644775,1109.4300537109375
2002-02-26,1567.6500244140625,71.32526397705078,7.818937301635742,1109.3800048828125
2002-02-27,1569.010009765625,71.60102081298828,7.763192653656006,1109.8900146484375
2002-02-28,1564.5899658203125,71.2803955078125,7.674003601074219,1106.72998046875
2002-03-01,1600.02001953125,72.94133758544922,8.060493469238281,1131.780029296875
2002-03-04,1631.25,74.23035430908203,8.354076385498047,1153.8399658203125
2002-03-05,1620.3699951171875,73.99308776855469,8.380088806152344,1146.1400146484375
2002-03-06,1644.199951171875,74.87164306640625,8.461844444274902,1162.77001953125
2002-03-07,1636.8599853515625,74.7113265991211,8.432113647460938,1157.5400390625
2002-03-08,1646.43994140625,75.02556610107422,8.65509033203125,1164.31005859375
2002-03-11,1652.0400390625,75.1858901977539,8.681099891662598,1168.260009765625
2002-03-12,1648.280029296875,75.14099884033203,8.495290756225586,1165.5799560546875
2002-03-13,1632.4599609375,74.41631317138672,8.272315979003906,1154.0899658203125
2002-03-14,1631.0,74.313720703125,8.175699234008789,1153.0400390625
2002-03-15,1649.56005859375,75.02182006835938,8.23515510559082,1166.1600341796875
2002-03-18,1648.72998046875,75.03468322753906,8.261168479919434,1165.550048828125
2002-03-19,1655.43994140625,75.53630828857422,8.294610023498535,1170.2900390625
2002-03-20,1629.4300537109375,74.1149673461914,8.041913032531738,1151.8499755859375
2002-03-21,1631.9300537109375,74.14715576171875,8.201705932617188,1153.5899658203125
2002-03-22,1625.02001953125,73.986328125,8.082789421081543,1148.699951171875
2002-03-25,1601.2099609375,73.0666732788086,7.900695323944092,1131.8699951171875
2002-03-26,1610.81005859375,73.49111938476562,7.960151195526123,1138.489990234375
2002-03-27,1619.449951171875,73.68406677246094,7.956438064575195,1144.5799560546875
2002-03-28,1623.4300537109375,73.65193176269531,8.053061485290527,1147.3900146484375
2002-04-01,1622.22998046875,73.68406677246094,8.142250061035156,1146.5400390625
2002-04-02,1608.3900146484375,73.27892303466797,7.904411315917969,1136.760009765625
2002-04-03,1592.5999755859375,72.76441955566406,7.781772613525391,1125.4000244140625
2002-04-04,1593.9599609375,72.4621353149414,7.815219879150391,1126.3399658203125
2002-04-05,1588.8800048828125,72.47502899169922,7.692584037780762,1122.72998046875
2002-04-08,1592.8800048828125,72.62936401367188,7.6554179191589355,1125.2900390625
2002-04-09,1582.3599853515625,72.12126922607422,7.4621782302856445,1117.800048828125
2002-04-10,1600.3599853515625,72.93806457519531,7.484475612640381,1130.469970703125
2002-04-11,1562.52001953125,71.12439727783203,7.23548698425293,1103.68994140625
2002-04-12,1572.8900146484375,71.658203125,7.358125686645508,1111.010009765625
2002-04-15,1560.9200439453125,71.11154174804688,7.376708030700684,1102.550048828125
2002-04-16,1597.47998046875,72.80298614501953,7.711163520812988,1128.3699951171875
2002-04-17,1594.3199462890625,72.64865112304688,7.740898132324219,1126.0699462890625
2002-04-18,1592.0799560546875,72.33348846435547,7.6591386795043945,1124.469970703125
2002-04-19,1593.0699462890625,72.59718322753906,7.636845111846924,1125.1700439453125
2002-04-22,1568.52001953125,71.3880844116211,7.447311878204346,1107.8299560546875
2002-04-23,1558.7900390625,71.07942199707031,7.294948577880859,1100.9599609375
2002-04-24,1547.739990234375,70.365478515625,7.183460712432861,1093.1400146484375
2002-04-25,1545.4000244140625,70.4040756225586,7.231773853302002,1091.47998046875
2002-04-26,1524.0799560546875,69.06636810302734,6.986504077911377,1076.3199462890625
2002-04-29,1508.75,68.72551727294922,6.94190788269043,1065.449951171875
2002-04-30,1525.0,69.36865997314453,7.079406261444092,1076.9200439453125
2002-05-01,1538.6500244140625,70.21758270263672,7.019949436187744,1086.4599609375
2002-05-02,1536.1600341796875,69.94744110107422,6.841570854187012,1084.56005859375
2002-05-03,1520.43994140625,69.18858337402344,6.678054332733154,1073.4300537109375
2002-05-06,1491.050048828125,67.8315200805664,6.488525390625,1052.6700439453125
2002-05-07,1486.5699462890625,67.59357452392578,6.488525390625,1049.489990234375
2002-05-08,1542.530029296875,70.10824584960938,7.161165237426758,1088.8499755859375
2002-05-09,1520.3900146484375,69.29789733886719,6.9270429611206055,1073.010009765625
2002-05-10,1494.8699951171875,67.9923095703125,6.689206600189209,1054.989990234375
2002-05-13,1522.800048828125,69.37508392333984,6.953056335449219,1074.56005859375
2002-05-14,1555.0400390625,70.88644409179688,7.287516117095947,1097.280029296875
2002-05-15,1546.72998046875,70.60990142822266,7.265218734741211,1091.0699462890625
2002-05-16,1556.9300537109375,70.97650146484375,7.372993469238281,1098.22998046875
2002-05-17,1569.1700439453125,71.32374572753906,7.410154342651367,1106.5899658203125
2002-05-20,1548.31005859375,70.55201721191406,7.216907501220703,1091.8800048828125
2002-05-21,1531.3199462890625,69.90888214111328,7.038529872894287,1079.8800048828125
2002-05-22,1540.1199951171875,70.06324005126953,7.124002456665039,1086.02001953125
2002-05-23,1555.8199462890625,70.80926513671875,7.17974328994751,1097.0799560546875
2002-05-24,1537.02001953125,69.90243530273438,7.023667335510254,1083.8199462890625
2002-05-28,1523.8900146484375,69.52301025390625,6.9604902267456055,1074.550048828125
2002-05-29,1514.3299560546875,69.00848388671875,6.830418109893799,1067.6600341796875
2002-05-30,1510.25,68.81558227539062,6.863866806030273,1064.6600341796875
2002-05-31,1513.77001953125,68.9570541381836,6.785829067230225,1067.1400146484375
2002-06-03,1476.260009765625,67.12407684326172,6.585149765014648,1040.6800537109375
2002-06-04,1476.280029296875,67.29130554199219,6.678054332733154,1040.68994140625
2002-06-05,1489.8800048828125,67.92158508300781,6.7598137855529785,1049.9000244140625
2002-06-06,1460.5,66.53887939453125,6.596298694610596,1029.1500244140625
2002-06-07,1458.2099609375,66.46166229248047,6.451369762420654,1027.530029296875
2002-06-10,1462.780029296875,66.71894073486328,6.391907691955566,1030.739990234375
2002-06-11,1438.469970703125,65.57415771484375,6.2506890296936035,1013.5999755859375
2002-06-12,1448.1600341796875,65.97288513183594,6.377042770385742,1020.260009765625
2002-06-13,1433.010009765625,65.31047821044922,6.2692718505859375,1009.5599975585938
2002-06-14,1429.780029296875,65.21398162841797,6.258120536804199,1007.27001953125
2002-06-17,1470.8399658203125,66.96333312988281,6.46994686126709,1036.1700439453125
2002-06-18,1472.25,67.5099868774414,6.3993377685546875,1037.1400146484375
2002-06-19,1447.97998046875,65.93431091308594,6.146636486053467,1019.989990234375
2002-06-20,1428.550048828125,65.091796875,6.0054192543029785,1006.2899780273438
2002-06-21,1404.2099609375,64.07402038574219,5.834473133087158,989.1400146484375
2002-06-24,1409.300048828125,64.40960693359375,5.934811115264893,992.719970703125
2002-06-25,1385.77001953125,62.963958740234375,5.730418682098389,976.1400146484375
2002-06-26,1382.780029296875,63.067256927490234,5.734136581420898,973.530029296875
2002-06-27,1407.1099853515625,64.1707992553711,5.886501789093018,990.6400146484375
2002-06-28,1405.93994140625,63.867496490478516,5.879068851470947,989.8200073242188
2002-07-01,1375.8800048828125,62.62191390991211,5.630080699920654,968.6500244140625
2002-07-02,1346.9599609375,61.29240798950195,5.462850093841553,948.0900268554688
2002-07-03,1355.4000244140625,61.640907287597656,5.66352653503418,953.989990234375
2002-07-05,1405.199951171875,64.09336853027344,5.968258380889893,989.030029296875
2002-07-08,1388.43994140625,63.29312515258789,5.789878845214844,976.97998046875
2002-07-09,1354.22998046875,61.698978424072266,5.704404830932617,952.8300170898438
2002-07-10,1308.300048828125,59.45304489135742,5.552039623260498,920.469970703125
2002-07-11,1318.1800537109375,59.93709182739258,5.7564311027526855,927.3699951171875
2002-07-12,1309.6800537109375,59.27876663208008,5.730418682098389,921.3900146484375
2002-07-15,1304.760009765625,59.595008850097656,5.841905117034912,917.9299926757812
2002-07-16,1280.780029296875,58.44622802734375,5.7750139236450195,900.9400024414062
2002-07-17,1287.97998046875,58.56241989135742,5.815890312194824,906.0399780273438
2002-07-18,1253.2099609375,56.66500473022461,5.693256855010986,881.5599975585938
2002-07-19,1205.1600341796875,54.670738220214844,5.514876365661621,847.75
2002-07-22,1165.47998046875,53.050811767578125,5.225011348724365,819.8499755859375
2002-07-23,1133.989990234375,51.59867477416992,4.964876651763916,797.7000122070312
2002-07-24,1199.010009765625,54.677188873291016,5.221296787261963,843.4299926757812
2002-07-25,1192.280029296875,54.2125358581543,4.90913200378418,838.6799926757812
2002-07-26,1212.4100341796875,55.245113372802734,4.97602653503418,852.8400268554688
2002-07-29,1278.0999755859375,57.93639373779297,5.269606113433838,898.9600219726562
2002-07-30,1283.6199951171875,58.69151306152344,5.351363658905029,902.780029296875
2002-07-31,1296.3399658203125,58.83346176147461,5.3216352462768555,911.6199951171875
2002-08-01,1258.219970703125,57.29747009277344,5.087512016296387,884.6599731445312
2002-08-02,1229.18994140625,56.01311492919922,4.979742527008057,864.239990234375
2002-08-05,1187.0699462890625,54.0640754699707,4.764199256896973,834.5999755859375
2002-08-06,1222.5899658203125,55.88405990600586,4.964876651763916,859.5700073242188
2002-08-07,1247.280029296875,56.85857009887695,5.054066181182861,876.77001953125
2002-08-08,1288.1199951171875,58.697933197021484,5.239878177642822,905.4600219726562
2002-08-09,1292.93994140625,58.917362213134766,5.221296787261963,908.6400146484375
2002-08-12,1286.0899658203125,58.484989166259766,5.172982215881348,903.7999877929688
2002-08-13,1258.3599853515625,57.420074462890625,5.054066181182861,884.2100219726562
2002-08-14,1309.0400390625,59.517574310302734,5.369942665100098,919.6199951171875
2002-08-15,1324.3199462890625,60.34366989135742,5.444268226623535,930.25
2002-08-16,1322.3599853515625,60.16300582885742,5.574337959289551,928.77001953125
2002-08-19,1353.6300048828125,61.56993103027344,5.7787299156188965,950.7000122070312
2002-08-20,1334.699951171875,60.91807556152344,5.61521577835083,937.4299926757812
2002-08-21,1351.8199462890625,61.79580307006836,5.789878845214844,949.3599853515625
2002-08-22,1370.8499755859375,62.39601135253906,5.856767654418945,962.7000122070312
2002-08-23,1339.7900390625,61.05359649658203,5.644946098327637,940.8599853515625
2002-08-26,1349.8800048828125,61.47955322265625,5.682108402252197,947.9500122070312
2002-08-27,1331.199951171875,60.7696418762207,5.492579936981201,934.8200073242188
2002-08-28,1307.280029296875,59.44014358520508,5.340216636657715,917.8699951171875
2002-08-29,1307.280029296875,59.465965270996094,5.414539813995361,917.7999877929688
2002-08-30,1304.8599853515625,59.23358917236328,5.277039051055908,916.0700073242188
2002-09-03,1250.6800537109375,56.97476577758789,5.01690149307251,878.02001953125
2002-09-04,1273.030029296875,57.787933349609375,5.172982215881348,893.4000244140625
2002-09-05,1252.77001953125,57.29747009277344,4.998323440551758,879.1500244140625
2002-09-06,1273.8800048828125,58.0848388671875,5.165551662445068,893.9199829101562
2002-09-09,1286.7900390625,58.510799407958984,5.221296787261963,902.9600219726562
2002-09-10,1296.22998046875,59.181976318359375,5.31048583984375,909.5800170898438
2002-09-11,1296.25,58.81412887573242,5.340216636657715,909.4500122070312
2002-09-12,1264.4200439453125,57.729862213134766,5.143255710601807,886.9099731445312
2002-09-13,1268.5699462890625,57.871856689453125,5.165551662445068,889.8099975585938
2002-09-16,1270.449951171875,58.01383972167969,5.080079555511475,891.0999755859375
2002-09-17,1245.3900146484375,56.68434524536133,5.01690149307251,873.52001953125
2002-09-18,1239.699951171875,56.116416931152344,4.964876651763916,869.4600219726562
2002-09-19,1202.469970703125,54.664283752441406,4.741902828216553,843.3200073242188
2002-09-20,1205.4200439453125,54.68240737915039,4.767917633056641,845.3900146484375
2002-09-23,1188.760009765625,54.235107421875,4.619269847869873,833.7000122070312
2002-09-24,1168.219970703125,53.35993194580078,4.544943809509277,819.2899780273438
2002-09-25,1197.56005859375,54.68240737915039,4.719606876373291,839.6599731445312
2002-09-26,1219.5999755859375,55.577064514160156,4.663861274719238,854.9500122070312
2002-09-27,1180.280029296875,53.64517593383789,4.54865837097168,827.3699951171875
2002-09-30,1163.0400390625,53.0228385925293,4.396295070648193,815.280029296875
2002-10-01,1209.5899658203125,55.57056427001953,4.634131908416748,847.9099731445312
2002-10-02,1181.3199462890625,53.904483795166016,4.530077934265137,827.9099731445312
2002-10-03,1168.5699462890625,53.35993194580078,4.518928527832031,818.9500122070312
2002-10-04,1142.3599853515625,52.381011962890625,4.422305107116699,800.5800170898438
2002-10-07,1120.52001953125,51.298377990722656,4.34426736831665,785.280029296875
2002-10-08,1139.9000244140625,52.10226821899414,4.34426736831665,798.5499877929688
2002-10-09,1108.9100341796875,50.63069152832031,4.303386688232422,776.760009765625
2002-10-10,1147.800048828125,52.27082061767578,4.530077934265137,803.9199829101562
2002-10-11,1192.6300048828125,54.559261322021484,4.816227912902832,835.3200073242188
2002-10-14,1201.3699951171875,54.86393737792969,4.8236613273620605,841.4400024414062
2002-10-15,1258.239990234375,57.502437591552734,5.128389835357666,881.27001953125
2002-10-16,1228.010009765625,56.10866165161133,4.849674224853516,860.02001953125
2002-10-17,1255.4200439453125,57.22367477416992,5.054066181182861,879.2000122070312
2002-10-18,1262.8399658203125,57.463531494140625,5.12095832824707,884.3900146484375
2002-10-21,1284.72998046875,58.45540237426758,5.225011348724365,899.719970703125
2002-10-22,1271.0799560546875,58.0340461730957,5.2027153968811035,890.1599731445312
2002-10-23,1279.6300048828125,58.47489547729492,5.343930244445801,896.1400146484375
2002-10-24,1260.1700439453125,57.28203201293945,5.258458614349365,882.5
2002-10-25,1281.81005859375,58.47489547729492,5.399674892425537,897.6500244140625
2002-10-28,1271.199951171875,58.092376708984375,5.3885273933410645,890.22998046875
2002-10-29,1259.7900390625,57.41815948486328,5.299338340759277,882.1500244140625
2002-10-30,1272.25,57.97570037841797,5.481429576873779,890.7100219726562
2002-10-31,1265.4100341796875,57.38576889038086,5.485147476196289,885.760009765625
2002-11-01,1287.1300048828125,58.52024459838867,5.6486616134643555,900.9600219726562
2002-11-04,1297.68994140625,59.077781677246094,5.867918968200684,908.3499755859375
2002-11-05,1307.800048828125,59.54450988769531,5.830755233764648,915.3900146484375
2002-11-06,1320.0400390625,60.31596755981445,5.923660755157471,923.760009765625
2002-11-07,1290.1500244140625,58.83790969848633,5.689539432525635,902.6500244140625
2002-11-08,1278.93994140625,58.118343353271484,5.6486616134643555,894.739990234375
2002-11-11,1252.4200439453125,57.21718215942383,5.45170259475708,876.1900024414062
2002-11-12,1262.1400146484375,57.67100143432617,5.604066371917725,882.9500122070312
2002-11-13,1261.969970703125,57.72934341430664,5.630080699920654,882.530029296875
2002-11-14,1293.2099609375,58.818477630615234,5.856767654418945,904.27001953125
2002-11-15,1301.280029296875,59.252777099609375,5.867918968200684,909.8300170898438
2002-11-18,1287.7900390625,58.65635299682617,5.801025867462158,900.3599853515625
2002-11-19,1282.6099853515625,58.578590393066406,5.708121299743652,896.739990234375
2002-11-20,1307.6099853515625,59.881675720214844,5.945959568023682,914.1500244140625
2002-11-21,1335.75,60.996700286865234,6.254404544830322,933.760009765625
2002-11-22,1331.1700439453125,60.562355041503906,6.232109546661377,930.5499877929688
2002-11-25,1334.52001953125,60.60121536254883,6.325016498565674,932.8699951171875
2002-11-26,1306.7900390625,59.44728469848633,6.142918109893799,913.3099975585938
2002-11-27,1343.469970703125,61.11986541748047,6.391907691955566,938.8699951171875
2002-11-29,1339.8900146484375,60.92534637451172,6.3547468185424805,936.3099975585938
2002-12-02,1337.3499755859375,61.02262496948242,6.373325347900391,934.530029296875
2002-12-03,1317.6500244140625,60.20579528808594,6.15035343170166,920.75
2002-12-04,1313.5400390625,59.933494567871094,6.057446479797363,917.5800170898438
2002-12-05,1297.800048828125,59.27223587036133,5.923660755157471,906.5499877929688
2002-12-06,1305.989990234375,59.66122817993164,5.979405879974365,912.22998046875
2002-12-09,1277.050048828125,58.02105712890625,5.696972846984863,892.0
2002-12-10,1294.9100341796875,58.79905319213867,5.789878845214844,904.4500122070312
2002-12-11,1295.9100341796875,58.85085678100586,5.834473133087158,904.9600219726562
2002-12-12,1291.1600341796875,58.84440612792969,5.808460235595703,901.5800170898438
2002-12-13,1273.8299560546875,57.9173469543457,5.678390979766846,889.47998046875
2002-12-16,1303.8499755859375,59.41488265991211,5.871634006500244,910.4000244140625
2002-12-17,1293.260009765625,58.89625549316406,5.841905117034912,902.989990234375
2002-12-18,1276.3599853515625,58.215545654296875,5.682108402252197,891.1199951171875
2002-12-19,1266.7900390625,57.80066680908203,5.6598100662231445,884.25
2002-12-20,1283.260009765625,58.62540054321289,5.7198028564453125,895.760009765625
2002-12-23,1285.5999755859375,58.64495086669922,5.790602684020996,897.3800048828125
2002-12-24,1278.5799560546875,58.208431243896484,5.730979919433594,892.469970703125
2002-12-26,1274.56005859375,58.23451614379883,5.701171398162842,889.6599731445312
2002-12-27,1254.6600341796875,56.92508316040039,5.6005635261535645,875.4000244140625
2002-12-30,1260.4200439453125,57.40067672729492,5.544671535491943,879.3900146484375
2002-12-31,1261.1800537109375,57.478858947753906,5.514857769012451,879.8200073242188
2003-01-02,1303.1700439453125,59.32899475097656,5.812960147857666,909.030029296875
2003-01-03,1302.550048828125,59.51139450073242,5.835317611694336,908.5900268554688
2003-01-06,1331.8199462890625,60.56025314331055,6.092428207397461,929.010009765625
2003-01-07,1323.1700439453125,60.410396575927734,6.1557769775390625,922.9299926757812
2003-01-08,1304.949951171875,59.53746032714844,5.954555034637451,909.9299926757812
2003-01-09,1330.31005859375,60.462554931640625,6.129692554473877,927.5700073242188
2003-01-10,1330.2900390625,60.625431060791016,6.163227558135986,927.5700073242188
2003-01-13,1328.5,60.60586929321289,6.129692554473877,926.260009765625
2003-01-14,1336.25,60.80129623413086,6.215394496917725,931.6599731445312
2003-01-15,1317.1800537109375,60.1954231262207,6.092428207397461,918.219970703125
2003-01-16,1312.010009765625,59.9478874206543,5.962009429931641,914.5999755859375
2003-01-17,1293.6300048828125,59.0619010925293,5.671361923217773,901.780029296875
2003-01-21,1273.31005859375,58.14332962036133,5.63409948348999,887.6199951171875
2003-01-22,1260.1600341796875,57.43974685668945,5.596838474273682,878.3599853515625
2003-01-23,1273.0400390625,57.79155731201172,5.693719387054443,887.3400268554688
2003-01-24,1235.8399658203125,56.27361297607422,5.470144748687744,861.4000244140625
2003-01-27,1215.8599853515625,55.504905700683594,5.410522937774658,847.47998046875
2003-01-28,1231.739990234375,55.91530227661133,5.485048770904541,858.5399780273438
2003-01-29,1240.31005859375,56.33873748779297,5.563299655914307,864.3599853515625
2003-01-30,1212.22998046875,55.00324630737305,5.391892433166504,844.6099853515625
2003-01-31,1228.1400146484375,56.06513214111328,5.384439468383789,855.7000122070312
2003-02-03,1234.7900390625,56.175899505615234,5.43287992477417,860.3200073242188
2003-02-04,1217.4000244140625,55.622169494628906,5.339724063873291,848.2000122070312
2003-02-05,1211.0400390625,55.27687454223633,5.321095943450928,843.5900268554688
2003-02-06,1203.5799560546875,55.01628875732422,5.29128360748291,838.1500244140625
2003-02-07,1191.4599609375,54.345279693603516,5.231664180755615,829.6900024414062
2003-02-10,1200.510009765625,54.72965621948242,5.287555694580078,835.969970703125
2003-02-11,1190.8299560546875,54.351802825927734,5.268925666809082,829.2000122070312
2003-02-12,1176.1500244140625,53.48536682128906,5.198126316070557,818.6799926757812
2003-02-13,1174.4300537109375,53.64823913574219,5.213031768798828,817.3699951171875
2003-02-14,1199.6099853515625,54.82086181640625,5.376989841461182,834.8900146484375
2003-02-18,1223.1099853515625,55.7850227355957,5.552122592926025,851.1699829101562
2003-02-19,1214.6600341796875,55.49184799194336,5.514857769012451,845.1300048828125
2003-02-20,1203.1800537109375,54.93811798095703,5.429154396057129,837.0999755859375
2003-02-21,1219.0999755859375,55.49184799194336,5.4962263107299805,848.1699829101562
2003-02-24,1196.7099609375,54.592838287353516,5.403072357177734,832.5800170898438
2003-02-25,1205.3199462890625,55.02932357788086,5.417975902557373,838.5700073242188
2003-02-26,1189.97998046875,54.22804260253906,5.2763776779174805,827.5499877929688
2003-02-27,1204.1099853515625,54.94461441040039,5.328545570373535,837.280029296875
2003-02-28,1209.7099609375,55.309452056884766,5.410522937774658,841.1500244140625
2003-03-03,1200.5999755859375,54.781742095947266,5.317368984222412,834.8099975585938
2003-03-04,1182.1700439453125,53.9088020324707,5.257746696472168,821.989990234375
2003-03-05,1193.8699951171875,54.36482620239258,5.309914588928223,829.8499755859375
2003-03-06,1182.8199462890625,53.9088020324707,5.242839813232422,822.0999755859375
2003-03-07,1192.6199951171875,54.28013610839844,5.2167582511901855,828.8900146484375
2003-03-10,1161.8499755859375,52.97719192504883,5.108697414398193,807.47998046875
2003-03-11,1152.1500244140625,52.456024169921875,5.082614421844482,800.72998046875
2003-03-12,1157.6099853515625,52.807804107666016,5.149685859680176,804.1900024414062
2003-03-13,1197.56005859375,54.63193893432617,5.4254302978515625,831.9000244140625
2003-03-14,1199.550048828125,54.80780029296875,5.444059371948242,833.27001953125
2003-03-17,1242.0899658203125,56.534202575683594,5.693719387054443,862.7899780273438
2003-03-18,1247.4000244140625,56.86648178100586,5.7198028564453125,866.4500122070312
2003-03-19,1258.3699951171875,57.302894592285156,5.708622932434082,874.02001953125
2003-03-20,1260.77001953125,57.42668151855469,5.701171398162842,875.6699829101562
2003-03-21,1289.739990234375,58.65250778198242,5.786877155303955,895.7899780273438
2003-03-24,1244.31005859375,56.703277587890625,5.552122592926025,864.22998046875
2003-03-25,1259.43994140625,57.24617004394531,5.630373954772949,874.739990234375
2003-03-26,1252.5899658203125,56.95835876464844,5.611742973327637,869.9500122070312
2003-03-27,1250.7099609375,57.00415802001953,5.548394680023193,868.52001953125
2003-03-28,1243.510009765625,56.716400146484375,5.477596759796143,863.5
2003-03-31,1221.4599609375,55.42781066894531,5.328545570373535,848.1799926757812
2003-04-01,1236.300048828125,56.278114318847656,5.391892433166504,858.47998046875
2003-04-02,1268.8199462890625,57.63861846923828,5.622920513153076,880.9000244140625
2003-04-03,1262.4300537109375,57.36391067504883,5.608015060424805,876.4500122070312
2003-04-04,1265.9000244140625,57.70404815673828,5.544671535491943,878.8499755859375
2003-04-07,1267.489990234375,57.59282684326172,5.559574604034424,879.9299926757812
2003-04-08,1265.5699462890625,57.68444061279297,5.503679275512695,878.2899780273438
2003-04-09,1247.989990234375,56.92567443847656,5.384439468383789,865.989990234375
2003-04-10,1256.0400390625,57.239654541015625,5.417975902557373,871.5800170898438
2003-04-11,1251.4100341796875,57.00415802001953,5.369534492492676,868.2999877929688
2003-04-14,1275.8199462890625,58.1815185546875,5.499953746795654,885.22998046875
2003-04-15,1283.9599609375,58.72444534301758,5.511132717132568,890.8099975585938
2003-04-16,1268.280029296875,57.7236328125,5.552122592926025,879.9099731445312
2003-04-17,1287.989990234375,58.58052444458008,5.667636871337891,893.5800170898438
2003-04-21,1285.719970703125,58.639408111572266,5.6452765464782715,892.010009765625
2003-04-22,1313.6300048828125,59.744808197021484,5.768243789672852,911.3699951171875
2003-04-23,1324.6800537109375,60.29423904418945,5.865128040313721,919.02001953125
2003-04-24,1313.75,59.75791931152344,5.812960147857666,911.4299926757812
2003-04-25,1295.5699462890625,59.01880645751953,5.704896926879883,898.8099975585938
2003-04-28,1318.8499755859375,60.03915786743164,5.82413911819458,914.8400268554688
2003-04-29,1323.260009765625,60.24850082397461,5.883759498596191,917.8400268554688
2003-04-30,1322.0699462890625,60.117652893066406,5.816685199737549,916.9199829101562
2003-05-01,1321.3900146484375,60.11109924316406,5.872578144073486,916.2999877929688
2003-05-02,1341.280029296875,60.967952728271484,5.995545387268066,930.0800170898438
2003-05-05,1336.239990234375,60.850250244140625,5.980639934539795,926.5499877929688
2003-05-06,1347.5400390625,61.42583465576172,6.08870267868042,934.3900146484375
2003-05-07,1340.8699951171875,61.0857048034668,6.014176368713379,929.6199951171875
2003-05-08,1327.4200439453125,60.47084045410156,5.917296409606934,920.27001953125
2003-05-09,1346.6800537109375,61.30810546875,6.081250190734863,933.4099731445312
2003-05-12,1363.6099853515625,62.06031799316406,6.174407005310059,945.1099853515625
2003-05-13,1359.739990234375,61.949153900146484,6.163227558135986,942.2999877929688
2003-05-14,1355.760009765625,61.818267822265625,6.140869617462158,939.280029296875
2003-05-15,1366.5899658203125,62.21074676513672,6.204216003417969,946.6699829101562
2003-05-16,1363.3199462890625,62.053749084472656,6.148322105407715,944.2999877929688
2003-05-19,1329.3800048828125,60.60173416137695,5.924746990203857,920.77001953125
2003-05-20,1327.8699951171875,60.477413177490234,5.9359259605407715,919.72998046875
2003-05-21,1333.3299560546875,60.60173416137695,5.943378925323486,923.4199829101562
2003-05-22,1345.530029296875,61.20343780517578,6.006726264953613,931.8699951171875
2003-05-23,1347.489990234375,61.327720642089844,6.014176368713379,933.219970703125
2003-05-27,1373.8599853515625,62.400413513183594,6.170678615570068,951.47998046875
2003-05-28,1376.5799560546875,62.57709884643555,6.211667060852051,953.219970703125
2003-05-29,1371.510009765625,62.41354751586914,6.226572036743164,949.6400146484375
2003-05-30,1391.719970703125,63.414268493652344,6.316004276275635,963.5900268554688
2003-06-02,1396.699951171875,63.67591094970703,6.282468795776367,967.0
2003-06-03,1403.2900390625,63.937557220458984,6.33836030960083,971.5599975585938
2003-06-04,1424.9100341796875,64.85982513427734,6.472505569458008,986.239990234375
2003-06-05,1430.6400146484375,65.18033599853516,6.472505569458008,990.1400146484375
2003-06-06,1427.280029296875,64.92524719238281,6.40916109085083,987.760009765625
2003-06-09,1410.2099609375,64.26461029052734,6.316004276275635,975.9299926757812
2003-06-10,1423.1099853515625,64.91868591308594,6.405431747436523,984.8400268554688
2003-06-11,1441.8599853515625,65.60541534423828,6.446423053741455,997.47998046875
2003-06-12,1443.4100341796875,65.8082275390625,6.476232051849365,998.510009765625
2003-06-13,1429.1099853515625,65.1214599609375,6.3346333503723145,988.6099853515625
2003-06-16,1461.1500244140625,66.49507904052734,6.4911370277404785,1010.739990234375
2003-06-17,1462.47998046875,66.49507904052734,6.520949840545654,1011.6599731445312
2003-06-18,1460.3199462890625,66.43618774414062,6.584293365478516,1010.0900268554688
2003-06-19,1438.0899658203125,65.42231750488281,6.535855293273926,994.7000122070312
2003-06-20,1439.5400390625,65.2779312133789,6.528404235839844,995.6900024414062
2003-06-23,1419.239990234375,64.60833740234375,6.397982120513916,981.6400146484375
2003-06-24,1421.8599853515625,64.67398834228516,6.371899604797363,983.4500122070312
2003-06-25,1410.0999755859375,64.02408599853516,6.308551788330078,975.3200073242188
2003-06-26,1425.8199462890625,64.85781860351562,6.427789688110352,985.8200073242188
2003-06-27,1411.969970703125,64.10942077636719,6.379349708557129,976.219970703125
2003-06-30,1409.47998046875,64.08971405029297,6.360719203948975,974.5
2003-07-01,1421.030029296875,64.68049621582031,6.450150489807129,982.3200073242188
2003-07-02,1437.6099853515625,65.49457550048828,6.584293365478516,993.75
2003-07-03,1425.969970703125,64.81840515136719,6.506040096282959,985.7000122070312
2003-07-07,1453.0699462890625,66.10507202148438,6.72961950302124,1004.4199829101562
2003-07-08,1458.510009765625,66.40043640136719,6.781787395477295,1007.8400268554688
2003-07-09,1450.510009765625,66.02628326416016,6.77433443069458,1002.2100219726562
2003-07-10,1430.9599609375,65.18599700927734,6.617833137512207,988.7000122070312
2003-07-11,1444.699951171875,65.80307006835938,6.710988998413086,998.1400146484375
2003-07-14,1453.0,66.12474060058594,6.740798473358154,1003.8599853515625
2003-07-15,1448.02001953125,65.98033142089844,6.751977443695068,1000.4199829101562
2003-07-16,1438.8599853515625,65.593017578125,6.72961950302124,994.0900268554688
2003-07-17,1421.1099853515625,64.6608657836914,6.5246734619140625,981.72998046875
2003-07-18,1437.8900146484375,65.32389068603516,6.539577484130859,993.3200073242188
2003-07-21,1416.8800048828125,64.51641082763672,6.394257545471191,978.7999877929688
2003-07-22,1430.3499755859375,65.10064697265625,6.532126426696777,988.1099853515625
2003-07-23,1431.0999755859375,65.14665222167969,6.569387435913086,988.6099853515625
2003-07-24,1420.9599609375,64.65428161621094,6.476232051849365,981.5999755859375
2003-07-25,1445.699951171875,65.79651641845703,6.6141037940979,998.6799926757812
2003-07-28,1442.5799560546875,65.55364990234375,6.625281810760498,996.52001953125
2003-07-29,1432.31005859375,65.25164794921875,6.561938285827637,989.280029296875
2003-07-30,1429.9100341796875,65.0941162109375,6.513495445251465,987.489990234375
2003-07-31,1434.3299560546875,65.24510192871094,6.558210849761963,990.3099975585938
2003-08-01,1419.6400146484375,64.66742706298828,6.5246734619140625,980.1500244140625
2003-08-04,1423.510009765625,64.66742706298828,6.580569267272949,982.8200073242188
2003-08-05,1398.4200439453125,63.295448303222656,6.416612148284912,965.4600219726562
2003-08-06,1401.010009765625,63.66305923461914,6.356991291046143,967.0800170898438
2003-08-07,1411.27001953125,64.3326416015625,6.33836030960083,974.1199951171875
2003-08-08,1416.300048828125,64.51641082763672,6.33090877532959,977.5900268554688
2003-08-11,1421.010009765625,64.75933837890625,6.360719203948975,980.5900268554688
2003-08-12,1435.1700439453125,65.35012817382812,6.457599639892578,990.3499755859375
2003-08-13,1426.550048828125,65.01534271240234,6.446423053741455,984.030029296875
2003-08-14,1435.9599609375,65.19256591796875,6.502317905426025,990.510009765625
2003-08-15,1436.4300537109375,65.39610290527344,6.472505569458008,990.6699829101562
2003-08-18,1449.6500244140625,65.96064758300781,6.662545204162598,999.739990234375
2003-08-19,1453.449951171875,66.2101058959961,6.751977443695068,1002.3499755859375
2003-08-20,1450.6099853515625,65.94090270996094,6.714711666107178,1000.2999877929688
2003-08-21,1454.97998046875,66.15101623535156,6.7780609130859375,1003.27001953125
2003-08-22,1440.1700439453125,65.49457550048828,6.766881942749023,993.0599975585938
2003-08-25,1441.1099853515625,65.59955596923828,6.725894451141357,993.7100219726562
2003-08-26,1445.510009765625,65.7177734375,6.763154029846191,996.72998046875
2003-08-27,1445.8399658203125,65.73743438720703,6.8078718185424805,996.7899780273438
2003-08-28,1454.699951171875,66.14446258544922,6.848857402801514,1002.8400268554688
2003-08-29,1462.300048828125,66.59083557128906,6.8712158203125,1008.010009765625
2003-09-02,1482.6099853515625,67.48360443115234,7.020267009735107,1021.989990234375
2003-09-03,1489.25,67.85123443603516,7.094794273376465,1026.27001953125
2003-09-04,1491.77001953125,67.88404083251953,7.161862850189209,1027.969970703125
2003-09-05,1482.239990234375,67.5032958984375,7.124602794647217,1021.3900146484375
2003-09-08,1497.219970703125,68.06129455566406,7.255019187927246,1031.6400146484375
2003-09-09,1484.9300537109375,67.61487579345703,7.176767826080322,1023.1699829101562
2003-09-10,1467.2900390625,66.93217468261719,6.964370250701904,1010.9199829101562
2003-09-11,1475.719970703125,67.12915802001953,7.0463480949401855,1016.4199829101562
2003-09-12,1478.93994140625,67.25383758544922,7.053804397583008,1018.6300048828125
2003-09-15,1473.4300537109375,67.01749420166016,7.012811660766602,1014.8099975585938
2003-09-16,1494.5,67.99565124511719,7.191672325134277,1029.3199462890625
2003-09-17,1489.699951171875,67.86434173583984,7.1804962158203125,1025.969970703125
2003-09-18,1509.469970703125,68.66522979736328,7.281107425689697,1039.5799560546875
2003-09-19,1504.739990234375,68.31597900390625,7.288557052612305,1036.300048828125
2003-09-22,1485.1600341796875,67.57794189453125,7.1506829261779785,1022.8200073242188
2003-09-23,1494.18994140625,67.83491516113281,7.191672325134277,1029.030029296875
2003-09-24,1465.6600341796875,66.62898254394531,6.945744037628174,1009.3800048828125
2003-09-25,1457.0899658203125,66.08208465576172,6.893571376800537,1003.27001953125
2003-09-26,1448.030029296875,65.86457061767578,6.856312274932861,996.8499755859375
2003-09-29,1462.199951171875,66.51039123535156,6.968100547790527,1006.5800170898438
2003-09-30,1446.77001953125,65.86457061767578,6.8115949630737305,995.969970703125
2003-10-01,1479.22998046875,67.26818084716797,6.960644721984863,1018.219970703125
2003-10-02,1482.3599853515625,67.51203155517578,6.945744037628174,1020.239990234375
2003-10-03,1496.3199462890625,68.13145446777344,7.158137798309326,1029.8499755859375
2003-10-06,1502.8599853515625,68.44119262695312,7.195402145385742,1034.3499755859375
2003-10-07,1510.050048828125,68.70479583740234,7.2438435554504395,1039.25
2003-10-08,1502.6500244140625,68.53341674804688,7.191672325134277,1033.780029296875
2003-10-09,1509.8599853515625,68.71794128417969,7.221481800079346,1038.72998046875
2003-10-10,1509.0,68.90902709960938,7.281107425689697,1038.06005859375
2003-10-13,1519.5999755859375,69.12654113769531,7.303461074829102,1045.3499755859375
2003-10-14,1525.5999755859375,69.37030792236328,7.284828186035156,1049.47998046875
2003-10-15,1521.949951171875,69.18580627441406,7.32954216003418,1046.760009765625
2003-10-16,1526.800048828125,69.46258544921875,7.3556294441223145,1050.0699462890625
2003-10-17,1511.1800537109375,68.70479583740234,7.23638916015625,1039.3199462890625
2003-10-20,1518.969970703125,69.21881103515625,7.3220930099487305,1044.6800537109375
2003-10-21,1520.9300537109375,69.10016632080078,7.3630805015563965,1046.030029296875
2003-10-22,1498.280029296875,68.23033142089844,7.255019187927246,1030.3599853515625
2003-10-23,1503.260009765625,68.1050796508789,7.19912576675415,1033.77001953125
2003-10-24,1496.199951171875,68.25668334960938,7.091061592102051,1028.9100341796875
2003-10-27,1499.4300537109375,68.28961181640625,7.128326416015625,1031.1300048828125
2003-10-28,1522.2099609375,69.21881103515625,7.299736976623535,1046.7900390625
2003-10-29,1524.4100341796875,69.31100463867188,7.310914993286133,1048.1099853515625
2003-10-30,1523.1199951171875,69.4560317993164,7.303461074829102,1046.93994140625
2003-10-31,1528.6199951171875,69.39008331298828,7.310914993286133,1050.7099609375
2003-11-03,1540.7099609375,69.84480285644531,7.48231840133667,1059.02001953125
2003-11-04,1532.3399658203125,69.69324493408203,7.4189772605896,1053.25
2003-11-05,1530.5400390625,69.74596405029297,7.4413323402404785,1051.81005859375
2003-11-06,1539.75,70.11500549316406,7.500953197479248,1058.050048828125
2003-11-07,1533.02001953125,69.5943832397461,7.471144199371338,1053.2099609375
2003-11-10,1524.260009765625,69.31100463867188,7.3742594718933105,1047.1099853515625
2003-11-11,1523.469970703125,69.29124450683594,7.3556294441223145,1046.5699462890625
2003-11-12,1541.489990234375,70.06887817382812,7.512129306793213,1058.530029296875
2003-11-13,1541.300048828125,70.0886001586914,7.44878625869751,1058.4100341796875
2003-11-14,1529.8399658203125,69.49552917480469,7.348175048828125,1050.3499755859375
2003-11-17,1520.0699462890625,69.1462631225586,7.247568607330322,1043.6300048828125
2003-11-18,1506.3199462890625,68.42801666259766,7.158137798309326,1034.1500244140625
2003-11-19,1518.510009765625,69.00790405273438,7.23638916015625,1042.43994140625
2003-11-20,1505.760009765625,68.38846588134766,7.124602794647217,1033.6500244140625
2003-11-21,1508.2099609375,68.67181396484375,7.184219837188721,1035.280029296875
2003-11-24,1532.68994140625,69.58122253417969,7.366809368133545,1052.0799560546875
2003-11-25,1535.489990234375,69.84480285644531,7.35935640335083,1053.8900146484375
2003-11-26,1542.3900146484375,70.09518432617188,7.389165878295898,1058.449951171875
2003-11-28,1542.0699462890625,70.14794158935547,7.415245532989502,1058.199951171875
2003-12-01,1559.5,70.9057388305664,7.489773750305176,1070.1199951171875
2003-12-02,1554.4200439453125,70.72784423828125,7.456234931945801,1066.6199951171875
2003-12-03,1552.0899658203125,70.61579895019531,7.430154323577881,1064.72998046875
2003-12-04,1559.469970703125,70.9057388305664,7.523311614990234,1069.719970703125
2003-12-05,1547.52001953125,70.4114990234375,7.389165878295898,1061.5
2003-12-08,1558.9599609375,70.885986328125,7.407792568206787,1069.300048828125
2003-12-09,1545.6800537109375,70.33905029296875,7.247568607330322,1060.1800537109375
2003-12-10,1544.31005859375,70.33244323730469,7.288557052612305,1059.050048828125
2003-12-11,1562.22998046875,71.12320709228516,7.426426887512207,1071.2099609375
2003-12-12,1566.5,71.2615966796875,7.433882713317871,1074.1400146484375
2003-12-15,1557.6600341796875,70.9057388305664,7.340725898742676,1068.0400390625
2003-12-16,1568.02001953125,71.27479553222656,7.377987861633301,1075.1300048828125
2003-12-17,1570.1500244140625,71.49882507324219,7.366809368133545,1076.47998046875
2003-12-18,1588.9000244140625,72.30278778076172,7.489773750305176,1089.1800537109375
2003-12-19,1588.18994140625,72.10148620605469,7.463881015777588,1088.6600341796875
2003-12-22,1594.4300537109375,72.60470581054688,7.475137710571289,1092.93994140625
2003-12-23,1598.9300537109375,72.6510238647461,7.535180568695068,1096.02001953125
2003-12-24,1596.050048828125,72.57823181152344,7.52017068862915,1094.0400390625
2003-12-26,1598.75,72.63117980957031,7.535180568695068,1095.8900146484375
2003-12-29,1619.1600341796875,73.59780883789062,7.670275688171387,1109.47998046875
2003-12-30,1619.5899658203125,73.611083984375,7.6590189933776855,1109.6400146484375
2003-12-31,1622.93994140625,73.6772689819336,7.647757053375244,1111.9200439453125
2004-01-02,1618.050048828125,73.6441421508789,7.6852827072143555,1108.47998046875
2004-01-05,1638.0999755859375,74.4453125,7.872910499572754,1122.219970703125
2004-01-06,1640.31005859375,74.51813507080078,7.944212913513184,1123.6700439453125
2004-01-07,1644.5999755859375,74.76972198486328,7.981736183166504,1126.3299560546875
2004-01-08,1652.8299560546875,75.06767272949219,8.139348983764648,1131.9200439453125
2004-01-09,1638.1400146484375,74.41219329833984,8.03052043914795,1121.8599853515625
2004-01-12,1646.030029296875,74.96173858642578,8.154353141784668,1127.22998046875
2004-01-13,1637.3299560546875,74.52474975585938,8.038028717041016,1121.219970703125
2004-01-14,1650.9599609375,75.14707946777344,8.135592460632324,1130.52001953125
2004-01-15,1653.2099609375,75.3324966430664,8.169367790222168,1132.050048828125
2004-01-16,1664.5699462890625,75.63043212890625,8.274438858032227,1139.8299560546875
2004-01-20,1663.030029296875,75.61060333251953,8.29320240020752,1138.77001953125
2004-01-21,1676.0699462890625,76.20645904541016,8.22940444946289,1147.6199951171875
2004-01-22,1670.72998046875,76.00784301757812,8.150602340698242,1143.93994140625
2004-01-23,1667.260009765625,75.76285552978516,8.124334335327148,1141.550048828125
2004-01-26,1687.43994140625,76.71627044677734,8.274438858032227,1155.3699951171875
2004-01-27,1670.9100341796875,75.9283447265625,8.146851539611816,1144.050048828125
2004-01-28,1648.43994140625,75.06106567382812,8.011763572692871,1128.47998046875
2004-01-29,1657.0899658203125,75.13387298583984,7.970482349395752,1134.1099853515625
2004-01-30,1652.72998046875,75.13387298583984,7.9742326736450195,1131.1300048828125
2004-02-02,1658.7900390625,75.45828247070312,7.9742326736450195,1135.260009765625
2004-02-03,1659.9200439453125,75.3324966430664,7.985490322113037,1136.030029296875
2004-02-04,1646.2900390625,74.71674346923828,7.790358543395996,1126.52001953125
2004-02-05,1649.3499755859375,74.93524932861328,7.801611423492432,1128.5899658203125
2004-02-06,1670.1400146484375,75.77609252929688,7.966728210449219,1142.760009765625
2004-02-09,1666.1600341796875,75.79595947265625,7.906686305999756,1139.81005859375
2004-02-10,1674.550048828125,76.04093170166016,7.970482349395752,1145.5400390625
2004-02-11,1693.030029296875,76.84870147705078,8.034273147583008,1157.760009765625
2004-02-12,1684.9200439453125,76.5705795288086,7.959223747253418,1152.1099853515625
2004-02-13,1675.8599853515625,76.226318359375,7.910438537597656,1145.81005859375
2004-02-17,1692.219970703125,76.9149169921875,8.026769638061523,1156.989990234375
2004-02-18,1684.9000244140625,76.57722473144531,7.989242076873779,1151.8199462890625
2004-02-19,1678.010009765625,76.29253387451172,7.869163990020752,1147.06005859375
2004-02-20,1673.7099609375,76.0607681274414,7.831631660461426,1144.1099853515625
2004-02-23,1669.199951171875,75.8687973022461,7.726561546325684,1140.989990234375
2004-02-24,1666.4200439453125,75.73638916015625,7.734069347381592,1139.0899658203125
2004-02-25,1673.3399658203125,76.05419158935547,7.794111728668213,1143.6700439453125
2004-02-26,1675.6300048828125,76.10050964355469,7.812870979309082,1144.9100341796875
2004-02-27,1675.699951171875,76.15348815917969,7.771594047546387,1144.93994140625
2004-03-01,1691.9000244140625,76.90828704833984,7.865407943725586,1155.969970703125
2004-03-02,1681.8800048828125,76.4580307006836,7.835389137268066,1149.0999755859375
2004-03-03,1685.1700439453125,76.59710693359375,7.7978620529174805,1151.030029296875
2004-03-04,1690.8299560546875,76.79571533203125,7.865407943725586,1154.8699951171875
2004-03-05,1693.760009765625,77.05391693115234,7.805366516113281,1156.8599853515625
2004-03-08,1679.739990234375,76.11376190185547,7.63649845123291,1147.199951171875
2004-03-09,1670.0699462890625,75.80921173095703,7.63649845123291,1140.5799560546875
2004-03-10,1645.7900390625,74.53800201416016,7.501406192779541,1123.8900146484375
2004-03-11,1621.2099609375,73.57135009765625,7.418848037719727,1106.780029296875
2004-03-12,1641.4200439453125,74.53800201416016,7.565202236175537,1120.5699462890625
2004-03-15,1617.9100341796875,73.62428283691406,7.422603607177734,1104.489990234375
2004-03-16,1627.030029296875,74.01492309570312,7.467636585235596,1110.699951171875
2004-03-17,1646.2900390625,74.84253692626953,7.5614495277404785,1123.75
2004-03-18,1644.2099609375,74.86241149902344,7.512666702270508,1122.3199462890625
2004-03-19,1625.8399658203125,73.78936004638672,7.411341190338135,1109.780029296875
2004-03-22,1604.800048828125,72.8525161743164,7.291259288787842,1095.4000244140625
2004-03-23,1602.6700439453125,72.72633361816406,7.280002117156982,1093.949951171875
2004-03-24,1598.8499755859375,72.7861099243164,7.317533493041992,1091.3299560546875
2004-03-25,1625.010009765625,73.7495346069336,7.550191402435303,1109.18994140625
2004-03-26,1623.3599853515625,73.76946258544922,7.5051589012146,1108.06005859375
2004-03-29,1644.75,74.80594635009766,7.602729320526123,1122.469970703125
2004-03-30,1651.4300537109375,75.05841827392578,7.613987445831299,1127.0
2004-03-31,1650.4200439453125,75.14479064941406,7.565202236175537,1126.2099609375
2004-04-01,1659.1600341796875,75.5965805053711,7.644003868103027,1132.1700439453125
2004-04-02,1673.4100341796875,76.1679458618164,7.835389137268066,1141.81005859375
2004-04-05,1686.239990234375,76.5865707397461,7.902933120727539,1150.5699462890625
2004-04-06,1683.22998046875,76.34072875976562,7.820374488830566,1148.1600341796875
2004-04-07,1672.1400146484375,76.16130828857422,7.771594047546387,1140.530029296875
2004-04-08,1670.3599853515625,75.98857116699219,7.7866058349609375,1139.3199462890625
2004-04-12,1679.02001953125,76.28756713867188,7.805366516113281,1145.199951171875
2004-04-13,1655.989990234375,75.21786499023438,7.707801342010498,1129.43994140625
2004-04-14,1654.1700439453125,75.33745574951172,7.700295925140381,1128.1700439453125
2004-04-15,1655.1500244140625,75.05174255371094,7.610232353210449,1128.8399658203125
2004-04-16,1663.6199951171875,75.62982177734375,7.5389323234558105,1134.6099853515625
2004-04-19,1665.4000244140625,75.62982177734375,7.625246524810791,1135.8199462890625
2004-04-20,1639.489990234375,74.36077117919922,7.460126876831055,1118.1500244140625
2004-04-21,1648.31005859375,74.85907745361328,7.57270622253418,1124.0899658203125
2004-04-22,1671.6300048828125,75.90882873535156,7.689033031463623,1139.9300537109375
2004-04-23,1672.6199951171875,75.9819564819336,7.790358543395996,1140.5999755859375
2004-04-26,1665.199951171875,75.87564849853516,7.696537971496582,1135.530029296875
2004-04-27,1668.989990234375,75.94209289550781,7.674028396606445,1138.1099853515625
2004-04-28,1646.199951171875,74.95873260498047,7.542682647705078,1122.4100341796875
2004-04-29,1634.1600341796875,74.3010025024414,7.430112361907959,1113.8900146484375
2004-04-30,1624.510009765625,73.72293090820312,7.276249408721924,1107.300048828125
2004-05-03,1639.4599609375,74.51359558105469,7.317533493041992,1117.489990234375
2004-05-04,1642.5,74.45381927490234,7.388833045959473,1119.550048828125
2004-05-05,1645.6500244140625,74.93216705322266,7.426355838775635,1121.530029296875
2004-05-06,1634.75,74.28770446777344,7.392582416534424,1113.989990234375
2004-05-07,1612.31005859375,73.05856323242188,7.355057239532471,1098.699951171875
2004-05-10,1595.3800048828125,72.3077621459961,7.325036525726318,1087.1199951171875
2004-05-11,1607.93994140625,72.91898345947266,7.422603607177734,1095.449951171875
2004-05-12,1611.1500244140625,73.38410186767578,7.400089263916016,1097.280029296875
2004-05-13,1610.050048828125,73.07847595214844,7.400089263916016,1096.43994140625
2004-05-14,1609.1199951171875,73.11167907714844,7.298766613006592,1095.699951171875
2004-05-17,1592.22998046875,72.4871597290039,7.219964504241943,1084.0999755859375
2004-05-18,1603.1400146484375,72.8525161743164,7.291259288787842,1091.489990234375
2004-05-19,1599.2900390625,72.60005950927734,7.325036525726318,1088.6800537109375
2004-05-20,1600.06005859375,72.83265686035156,7.321285247802734,1089.18994140625
2004-05-21,1606.489990234375,72.95889282226562,7.343798637390137,1093.56005859375
2004-05-24,1609.219970703125,73.26449584960938,7.355057239532471,1095.4100341796875
2004-05-25,1635.1400146484375,74.31428527832031,7.493902206420898,1113.050048828125
2004-05-26,1638.1600341796875,74.5733871459961,7.478891849517822,1114.93994140625
2004-05-27,1647.6500244140625,74.99198913574219,7.523921966552734,1121.280029296875
2004-05-28,1646.800048828125,74.98532104492188,7.5614495277404785,1120.6800537109375
2004-06-01,1647.5699462890625,74.88562774658203,7.508910655975342,1121.199951171875
2004-06-02,1653.6700439453125,75.16473388671875,7.508910655975342,1124.989990234375
2004-06-03,1641.4300537109375,74.47373962402344,7.411341190338135,1116.6400146484375
2004-06-04,1650.0799560546875,75.06505584716797,7.482642650604248,1122.5
2004-06-07,1676.47998046875,76.20783996582031,7.655261516571045,1140.4200439453125
2004-06-08,1679.2099609375,76.31414794921875,7.696537971496582,1142.1800537109375
2004-06-09,1663.3800048828125,75.60321044921875,7.610232353210449,1131.3299560546875
2004-06-10,1671.02001953125,75.97531127929688,7.651512145996094,1136.469970703125
2004-06-14,1655.0,75.2244873046875,7.5464396476745605,1125.2900390625
2004-06-15,1664.9200439453125,75.75605010986328,7.6590189933776855,1132.010009765625
2004-06-16,1667.22998046875,75.7427749633789,7.625246524810791,1133.56005859375
2004-06-17,1665.02001953125,75.62982177734375,7.5389323234558105,1132.050048828125
2004-06-18,1669.3900146484375,75.77253723144531,7.553944110870361,1135.02001953125
2004-06-21,1662.4599609375,75.48572540283203,7.52017068862915,1130.300048828125
2004-06-22,1668.550048828125,75.8658676147461,7.598973751068115,1134.4100341796875
2004-06-23,1682.75,76.51936340332031,7.704046726226807,1144.06005859375
2004-06-24,1678.0699462890625,76.2793197631836,7.6665263175964355,1140.6500244140625
2004-06-25,1668.9300537109375,75.91251373291016,7.696537971496582,1134.4300537109375
2004-06-28,1667.6099853515625,75.6524887084961,7.63649845123291,1133.3499755859375
2004-06-29,1671.8399658203125,75.96590423583984,7.715303421020508,1136.199951171875
2004-06-30,1678.8299560546875,76.3727035522461,7.7678422927856445,1140.8399658203125
2004-07-01,1661.530029296875,75.31239318847656,7.625246524810791,1128.93994140625
2004-07-02,1656.3299560546875,75.27237701416016,7.542682647705078,1125.3800048828125
2004-07-06,1642.8399658203125,74.61223602294922,7.38132381439209,1116.2099609375
2004-07-07,1646.3599853515625,74.832275390625,7.430112361907959,1118.3299560546875
2004-07-08,1632.8900146484375,74.3121337890625,7.306272029876709,1109.1099853515625
2004-07-09,1638.4200439453125,74.50550079345703,7.3663129806518555,1112.81005859375
2004-07-12,1640.72998046875,74.53886413574219,7.355057239532471,1114.3499755859375
2004-07-13,1641.9599609375,74.59220886230469,7.321285247802734,1115.1400146484375
2004-07-14,1636.6199951171875,74.36547088623047,7.204954624176025,1111.469970703125
2004-07-15,1629.5799560546875,73.88539123535156,7.1674275398254395,1106.68994140625
2004-07-16,1621.81005859375,73.82532501220703,7.092374801635742,1101.3900146484375
2004-07-19,1621.0899658203125,73.51195526123047,7.114892482757568,1100.9000244140625
2004-07-20,1632.52001953125,74.44551849365234,7.2312211990356445,1108.6700439453125
2004-07-21,1610.8800048828125,73.07180786132812,7.122396945953369,1093.8800048828125
2004-07-22,1615.27001953125,73.27188110351562,7.197451114654541,1096.8399658203125
2004-07-23,1599.6199951171875,72.65839385986328,7.073613166809082,1086.199951171875
2004-07-26,1596.47998046875,72.51837158203125,7.114892482757568,1084.0699462890625
2004-07-27,1612.3299560546875,73.19849395751953,7.182434558868408,1094.8299560546875
2004-07-28,1613.5,73.4185791015625,7.178683757781982,1095.4200439453125
2004-07-29,1621.3499755859375,73.73197937011719,7.280002117156982,1100.4300537109375
2004-07-30,1623.260009765625,73.91204071044922,7.295016765594482,1101.719970703125
2004-08-02,1630.47998046875,74.06539154052734,7.313779354095459,1106.6199951171875
2004-08-03,1620.280029296875,73.49195098876953,7.193694591522217,1099.68994140625
2004-08-04,1619.0,73.48524475097656,7.204954624176025,1098.6300048828125
2004-08-05,1592.6400146484375,72.28499603271484,7.096128940582275,1080.699951171875
2004-08-06,1568.0699462890625,71.25137329101562,6.882233619689941,1063.969970703125
2004-08-09,1569.9599609375,71.3514175415039,6.927265167236328,1065.219970703125
2004-08-10,1590.3499755859375,72.2716293334961,7.047346115112305,1079.0400390625
2004-08-11,1586.4300537109375,72.12492370605469,6.870972156524658,1075.7900390625
2004-08-12,1567.949951171875,71.33805847167969,6.735881328582764,1063.22998046875
2004-08-13,1570.43994140625,71.47807312011719,6.77340841293335,1064.800048828125
2004-08-16,1591.93994140625,72.21827697753906,6.833446979522705,1079.3399658203125
2004-08-17,1595.5699462890625,72.62506103515625,6.878474712371826,1081.7099609375
2004-08-18,1615.719970703125,73.37187957763672,6.991057872772217,1095.1700439453125
2004-08-19,1609.969970703125,73.15850067138672,6.968544960021973,1091.22998046875
2004-08-20,1620.469970703125,73.67194366455078,7.002311706542969,1098.3499755859375
2004-08-23,1616.6800537109375,73.48524475097656,7.0360870361328125,1095.6800537109375
2004-08-24,1617.4599609375,73.58531188964844,6.998561382293701,1096.18994140625
2004-08-25,1630.489990234375,74.08541870117188,7.07736349105835,1104.9599609375
2004-08-26,1630.6800537109375,74.08541870117188,7.039835453033447,1105.0899658203125
2004-08-27,1634.8299560546875,74.3188247680664,7.069860458374023,1107.77001953125
2004-08-30,1622.280029296875,73.70530700683594,6.998561382293701,1099.1500244140625
2004-08-31,1629.8299560546875,74.09210205078125,6.97229528427124,1104.239990234375
2004-09-01,1632.8199462890625,74.23211669921875,7.024827003479004,1105.9100341796875
2004-09-02,1651.1400146484375,75.07231140136719,7.107388019561768,1118.31005859375
2004-09-03,1644.25,74.76557159423828,6.953531742095947,1113.6300048828125
2004-09-07,1655.6500244140625,75.25907897949219,6.9835524559021,1121.300048828125
2004-09-08,1648.52001953125,75.07231140136719,6.991057872772217,1116.27001953125
2004-09-09,1651.6500244140625,75.00562286376953,7.096128940582275,1118.3800048828125
2004-09-10,1659.8399658203125,75.39241790771484,7.216212272644043,1123.9200439453125
2004-09-13,1663.0999755859375,75.63916778564453,7.249981880187988,1125.8199462890625
2004-09-14,1666.8199462890625,75.79256439208984,7.280002117156982,1128.3299560546875
2004-09-15,1655.0999755859375,75.21902465820312,7.163675785064697,1120.3699951171875
2004-09-16,1659.780029296875,75.4457778930664,7.178683757781982,1123.5
2004-09-17,1667.25,75.7665023803711,7.227470874786377,1128.550048828125
2004-09-20,1657.8800048828125,75.31118774414062,7.253742218017578,1122.199951171875
2004-09-21,1668.3900146484375,75.6392593383789,7.280002117156982,1129.300048828125
2004-09-22,1645.1700439453125,74.69514465332031,7.159924030303955,1113.56005859375
2004-09-23,1637.8199462890625,74.29338073730469,7.178683757781982,1108.3599853515625
2004-09-24,1640.4000244140625,74.63484191894531,7.118642807006836,1110.1099853515625
2004-09-27,1630.6700439453125,74.15945434570312,7.054849147796631,1103.52001953125
2004-09-28,1640.6199951171875,74.51431274414062,7.073613166809082,1110.06005859375
2004-09-29,1647.7900390625,74.88932800292969,7.1486639976501465,1114.800048828125
2004-09-30,1647.47998046875,74.83576202392578,7.174933910369873,1114.5799560546875
2004-10-01,1672.489990234375,76.10133361816406,7.355057239532471,1131.5
2004-10-04,1678.0999755859375,76.22852325439453,7.41510009765625,1135.1700439453125
2004-10-05,1677.0899658203125,76.26871490478516,7.467636585235596,1134.47998046875
2004-10-06,1688.8299560546875,76.791015625,7.516412734985352,1142.050048828125
2004-10-07,1672.0799560546875,75.96739196777344,7.437613010406494,1130.6500244140625
2004-10-08,1659.510009765625,75.33794403076172,7.332542896270752,1122.1400146484375
2004-10-11,1662.8399658203125,75.64596557617188,7.355057239532471,1124.3900146484375
2004-10-12,1659.0699462890625,75.35137176513672,7.336291313171387,1121.8399658203125
2004-10-13,1647.1300048828125,74.68840789794922,7.310025691986084,1113.6500244140625
2004-10-14,1631.81005859375,74.08577728271484,7.253742218017578,1103.2900390625
2004-10-15,1639.0799560546875,74.50093841552734,7.298766613006592,1108.199951171875
2004-10-18,1647.699951171875,74.78216552734375,7.373823165893555,1114.02001953125
2004-10-19,1631.739990234375,74.15270233154297,7.373823165893555,1103.22998046875
2004-10-20,1632.489990234375,74.00540924072266,7.385076999664307,1103.6600341796875
2004-10-21,1636.760009765625,74.48755645751953,7.4488701820373535,1106.489990234375
2004-10-22,1620.8499755859375,73.6505355834961,7.287507057189941,1095.739990234375
2004-10-25,1619.47998046875,73.56349182128906,7.276249408721924,1094.800048828125
2004-10-26,1643.5699462890625,74.68840789794922,7.291259288787842,1111.0899658203125
2004-10-27,1665.010009765625,75.58568572998047,7.467636585235596,1125.4000244140625
2004-10-28,1668.550048828125,75.81338500976562,7.4864020347595215,1127.43994140625
2004-10-29,1672.6500244140625,75.79997253417969,7.490150451660156,1130.199951171875
2004-11-01,1673.1099853515625,76.00758361816406,7.550191402435303,1130.510009765625
2004-11-02,1673.1600341796875,76.03431701660156,7.5614495277404785,1130.56005859375
2004-11-03,1692.219970703125,76.99186706542969,7.602729320526123,1143.199951171875
2004-11-04,1719.6400146484375,78.04320526123047,7.689033031463623,1161.6700439453125
2004-11-05,1726.3399658203125,78.5319595336914,7.756580352783203,1166.1700439453125
2004-11-08,1724.5899658203125,78.41818237304688,7.7678422927856445,1164.8900146484375
2004-11-09,1724.0799560546875,78.26416015625,7.764084815979004,1164.0799560546875
2004-11-10,1722.6700439453125,78.32443237304688,7.696537971496582,1162.9100341796875
2004-11-11,1738.3199462890625,78.92036437988281,7.794111728668213,1173.47998046875
2004-11-12,1754.3299560546875,79.54310607910156,7.902933120727539,1184.1700439453125
2004-11-15,1753.989990234375,79.73855590820312,7.947958946228027,1183.81005859375
2004-11-16,1741.719970703125,79.16767883300781,7.887925624847412,1175.4300537109375
2004-11-17,1751.5699462890625,79.6378173828125,7.977984428405762,1181.93994140625
2004-11-18,1753.969970703125,79.74524688720703,8.008005142211914,1183.550048828125
2004-11-19,1734.449951171875,78.85877227783203,7.884172439575195,1170.3399658203125
2004-11-22,1744.7099609375,79.23486328125,7.8954243659973145,1177.239990234375
2004-11-23,1744.31005859375,79.35575103759766,7.861654281616211,1176.93994140625
2004-11-24,1751.550048828125,79.54377746582031,7.925449371337891,1181.760009765625
2004-11-26,1753.0899658203125,79.48332977294922,7.91418981552124,1182.6500244140625
2004-11-29,1747.3399658203125,79.12071228027344,7.917944431304932,1178.5699462890625
2004-11-30,1740.3299560546875,79.1744155883789,7.872910499572754,1173.8199462890625
2004-12-01,1766.9000244140625,80.07434844970703,8.034273147583008,1191.3699951171875
2004-12-02,1765.3699951171875,80.1414794921875,8.056790351867676,1190.3299560546875
2004-12-03,1766.6300048828125,80.0877914428711,8.113077163696289,1191.1700439453125
2004-12-06,1765.3299560546875,80.0608901977539,8.146851539611816,1190.25
2004-12-07,1745.8399658203125,79.3154296875,8.038028717041016,1177.0699462890625
2004-12-08,1754.75,79.77884674072266,8.03052043914795,1182.81005859375
2004-12-09,1764.3499755859375,80.0608901977539,8.026769638061523,1189.239990234375
2004-12-10,1762.510009765625,80.1414794921875,7.985490322113037,1188.0
2004-12-13,1778.5400390625,80.83998107910156,8.079306602478027,1198.6800537109375
2004-12-14,1785.510009765625,81.12200164794922,8.094311714172363,1203.3800048828125
2004-12-15,1789.1400146484375,81.18245697021484,8.094311714172363,1205.719970703125
2004-12-16,1785.510009765625,81.13548278808594,8.060543060302734,1203.2099609375
2004-12-17,1772.18994140625,80.59428405761719,8.021507263183594,1194.199951171875
2004-12-20,1772.8699951171875,80.61454010009766,7.975581169128418,1194.6500244140625
2004-12-21,1788.9300537109375,81.23532104492188,8.063602447509766,1205.449951171875
2004-12-22,1795.6600341796875,81.43099975585938,8.0789155960083,1209.5699462890625
2004-12-23,1796.489990234375,81.49174499511719,8.098045349121094,1210.1300048828125
2004-12-27,1788.760009765625,81.32306671142578,8.048299789428711,1204.9200439453125
2004-12-28,1801.5799560546875,81.76839447021484,8.090392112731934,1213.5400390625
2004-12-29,1801.7099609375,81.88985443115234,8.090392112731934,1213.449951171875
2004-12-30,1801.97998046875,81.73462677001953,8.094221115112305,1213.550048828125
2004-12-31,1799.550048828125,81.55925750732422,8.0789155960083,1211.9200439453125
2005-01-03,1784.9599609375,81.17462158203125,8.01002311706543,1202.0799560546875
2005-01-04,1764.300048828125,80.18270874023438,7.860770225524902,1188.050048828125
2005-01-05,1758.0699462890625,79.62937927246094,7.833977699279785,1183.739990234375
2005-01-06,1764.6300048828125,80.03428649902344,7.811017990112305,1187.8900146484375
2005-01-07,1762.1199951171875,79.91952514648438,7.826327323913574,1186.18994140625
2005-01-10,1768.1700439453125,80.29742431640625,7.826327323913574,1190.25
2005-01-11,1757.510009765625,79.74406433105469,7.749785423278809,1182.989990234375
2005-01-12,1764.719970703125,80.00724792480469,7.79188346862793,1187.699951171875
2005-01-13,1749.47998046875,79.3662109375,7.715339660644531,1177.449951171875
2005-01-14,1759.97998046875,79.78455352783203,7.738299369812012,1184.52001953125
2005-01-18,1777.0400390625,80.61454010009766,7.8224992752075195,1195.97998046875
2005-01-19,1760.280029296875,79.77108764648438,7.657934188842773,1184.6300048828125
2005-01-20,1746.6099853515625,79.28524017333984,7.6043596267700195,1175.4100341796875
2005-01-21,1735.4300537109375,78.7994384765625,7.550778865814209,1167.8699951171875
2005-01-24,1729.3299560546875,78.64423370361328,7.489543437957764,1163.75
2005-01-25,1736.25,78.86686706542969,7.501026153564453,1168.4100341796875
2005-01-26,1744.719970703125,79.10306549072266,7.577569484710693,1174.0699462890625
2005-01-27,1745.5799560546875,79.23799133300781,7.569912910461426,1174.550048828125
2005-01-28,1740.9599609375,79.23799133300781,7.569912910461426,1171.3599853515625
2005-01-31,1755.6800537109375,79.73060607910156,7.623491287231445,1181.27001953125
2005-02-01,1767.7900390625,80.23666381835938,7.6694183349609375,1189.4100341796875
2005-02-02,1773.6300048828125,80.47962951660156,7.673245429992676,1193.18994140625
2005-02-03,1769.260009765625,80.27037811279297,7.623491287231445,1189.8900146484375
2005-02-04,1788.8199462890625,81.12735748291016,7.753612995147705,1203.030029296875
2005-02-07,1786.9200439453125,81.01937103271484,7.730650901794434,1201.719970703125
2005-02-08,1788.1600341796875,81.11387634277344,7.768919944763184,1202.300048828125
2005-02-09,1773.280029296875,80.50659942626953,7.634974479675293,1191.989990234375
2005-02-10,1780.800048828125,80.7967300415039,7.650280475616455,1197.010009765625
2005-02-11,1793.5400390625,81.49174499511719,7.72299337387085,1205.300048828125
2005-02-14,1794.97998046875,81.43099975585938,7.738299369812012,1206.1400146484375
2005-02-15,1801.06005859375,81.73462677001953,7.776577949523926,1210.1199951171875
2005-02-16,1801.5899658203125,81.78861999511719,7.749785423278809,1210.3399658203125
2005-02-17,1787.4100341796875,81.12735748291016,7.623491287231445,1200.75
2005-02-18,1788.6500244140625,81.23532104492188,7.608181953430176,1201.5899658203125
2005-02-22,1762.760009765625,80.02750396728516,7.5660834312438965,1184.1600341796875
2005-02-23,1772.760009765625,80.60102844238281,7.543123722076416,1190.800048828125
2005-02-24,1787.3399658203125,81.13409423828125,7.608181953430176,1200.199951171875
2005-02-25,1804.1700439453125,81.93707275390625,7.657934188842773,1211.3699951171875
2005-02-28,1792.6300048828125,81.39729309082031,7.634974479675293,1203.5999755859375
2005-03-01,1802.7900390625,81.80215454101562,7.72682523727417,1210.4100341796875
2005-03-02,1802.9200439453125,81.76163482666016,7.707684516906738,1210.0799560546875
2005-03-03,1803.510009765625,81.79541015625,7.650280475616455,1210.469970703125
2005-03-04,1820.8800048828125,82.81429290771484,7.7000322341918945,1222.1199951171875
2005-03-07,1825.699951171875,82.85478210449219,7.757438659667969,1225.31005859375
2005-03-08,1817.1199951171875,82.54438781738281,7.692377090454102,1219.4300537109375
2005-03-09,1798.7900390625,81.6266860961914,7.6770734786987305,1207.010009765625
2005-03-10,1802.199951171875,81.80886840820312,7.711513519287109,1209.25
2005-03-11,1789.010009765625,81.23532104492188,7.6120100021362305,1200.0799560546875
2005-03-14,1799.1400146484375,81.74140930175781,7.6426262855529785,1206.8299560546875
2005-03-15,1785.6099853515625,81.06666564941406,7.5660834312438965,1197.75
2005-03-16,1771.3499755859375,80.37838745117188,7.489543437957764,1188.0699462890625
2005-03-17,1774.550048828125,80.54032897949219,7.4857177734375,1190.2099609375
2005-03-18,1773.719970703125,80.3011703491211,7.443620204925537,1189.6500244140625
2005-03-21,1764.97998046875,80.00310516357422,7.443620204925537,1183.780029296875
2005-03-22,1747.030029296875,79.19020080566406,7.3785624504089355,1171.7099609375
2005-03-23,1748.280029296875,79.2579345703125,7.409177303314209,1172.530029296875
2005-03-24,1746.6199951171875,79.35279083251953,7.413009166717529,1171.4200439453125
2005-03-28,1750.8900146484375,79.46793365478516,7.420655727386475,1174.280029296875
2005-03-29,1737.93994140625,78.93956756591797,7.363253116607666,1165.3599853515625
2005-03-30,1762.0899658203125,80.05730438232422,7.474237442016602,1181.4100341796875
2005-03-31,1760.8900146484375,79.90829467773438,7.4857177734375,1180.5899658203125
2005-04-01,1749.449951171875,79.54924011230469,7.420655727386475,1172.9200439453125
2005-04-04,1754.4300537109375,79.68472290039062,7.447446823120117,1176.1199951171875
2005-04-05,1762.3199462890625,80.06410217285156,7.462757110595703,1181.3900146484375
2005-04-06,1766.68994140625,80.3418197631836,7.451272964477539,1184.0699462890625
2005-04-07,1777.3499755859375,80.77538299560547,7.550778865814209,1191.1400146484375
2005-04-08,1762.52001953125,79.93539428710938,7.497204303741455,1181.199951171875
2005-04-11,1762.56005859375,79.99635314941406,7.455102920532227,1181.2099609375
2005-04-12,1772.43994140625,80.40959930419922,7.501026153564453,1187.760009765625
2005-04-13,1751.77001953125,79.46117401123047,7.39386510848999,1173.7900390625
2005-04-14,1734.25,78.42475128173828,7.290537357330322,1162.050048828125
2005-04-15,1705.260009765625,77.32733154296875,7.068570613861084,1142.6199951171875
2005-04-18,1710.27001953125,77.56442260742188,7.076224327087402,1145.97998046875
2005-04-19,1720.4300537109375,78.18085479736328,7.164244174957275,1152.780029296875
2005-04-20,1697.739990234375,77.0902328491211,7.099184989929199,1137.5
2005-04-21,1731.27001953125,78.58733367919922,7.290537357330322,1159.949951171875
2005-04-22,1719.6600341796875,78.28926849365234,7.202512264251709,1152.1199951171875
2005-04-25,1734.56005859375,78.8040771484375,7.2522687911987305,1162.0999755859375
2005-04-26,1719.0899658203125,78.03861236572266,7.202512264251709,1151.8299560546875
2005-04-27,1726.2099609375,78.34344482421875,7.229304790496826,1156.3800048828125
2005-04-28,1707.1300048828125,77.36121368408203,7.156591415405273,1143.219970703125
2005-04-29,1727.489990234375,78.41121673583984,7.221654891967773,1156.8499755859375
2005-05-02,1735.4300537109375,78.8515396118164,7.2139997482299805,1162.1600341796875
2005-05-03,1733.949951171875,78.98699188232422,7.2637529373168945,1161.1700439453125
2005-05-04,1755.9200439453125,79.5966567993164,7.313501358032227,1175.6500244140625
2005-05-05,1751.469970703125,79.5695571899414,7.3020195960998535,1172.6300048828125
2005-05-06,1749.6500244140625,79.31893157958984,7.32115364074707,1171.3499755859375
2005-05-09,1760.8699951171875,79.81343841552734,7.35176944732666,1178.8399658203125
2005-05-10,1742.06005859375,78.98699188232422,7.275230407714844,1166.219970703125
2005-05-11,1750.260009765625,79.42054748535156,7.309674263000488,1171.1099853515625
2005-05-12,1732.8900146484375,78.54666900634766,7.317330837249756,1159.3599853515625
2005-05-13,1725.1500244140625,78.39088439941406,7.409177303314209,1154.050048828125
2005-05-16,1742.739990234375,79.12248229980469,7.478065013885498,1165.68994140625
2005-05-17,1755.0999755859375,79.65082550048828,7.504852771759033,1173.800048828125
2005-05-18,1773.010009765625,80.4705581665039,7.6120100021362305,1185.56005859375
2005-05-19,1781.280029296875,80.80927276611328,7.654109954833984,1191.0799560546875
2005-05-20,1778.5899658203125,80.6941146850586,7.665586948394775,1189.280029296875
2005-05-23,1785.4599609375,81.14119720458984,7.692377090454102,1193.8599853515625
2005-05-24,1785.800048828125,80.95149230957031,7.730650901794434,1194.0699462890625
2005-05-25,1779.81005859375,80.89057922363281,7.696207523345947,1190.010009765625
2005-05-26,1791.4100341796875,81.32413482666016,7.784233093261719,1197.6199951171875
2005-05-27,1793.3399658203125,81.45956420898438,7.7727484703063965,1198.780029296875
2005-05-31,1782.4599609375,80.9379653930664,7.72299337387085,1191.5
2005-06-01,1799.1500244140625,81.62894439697266,7.7995381355285645,1202.219970703125
2005-06-02,1802.18994140625,81.80509185791016,7.833977699279785,1204.2900390625
2005-06-03,1789.8299560546875,81.391845703125,7.749785423278809,1196.02001953125
2005-06-06,1792.1400146484375,81.31731414794922,7.738299369812012,1197.510009765625
2005-06-07,1791.8900146484375,81.37825012207031,7.707684516906738,1197.260009765625
2005-06-08,1788.300048828125,81.22925567626953,7.72299337387085,1194.6700439453125
2005-06-09,1797.719970703125,81.6153793334961,7.761267185211182,1200.9300537109375
2005-06-10,1793.510009765625,81.42572021484375,7.719166278839111,1198.1099853515625
2005-06-13,1798.0699462890625,81.6831283569336,7.749785423278809,1200.8199462890625
2005-06-14,1802.72998046875,81.872802734375,7.703861713409424,1203.9100341796875
2005-06-15,1806.780029296875,82.02861022949219,7.749785423278809,1206.5799560546875
2005-06-16,1813.3499755859375,82.23861694335938,7.765095233917236,1210.9599609375
2005-06-17,1822.3499755859375,82.5433120727539,7.768919944763184,1216.9599609375
2005-06-20,1821.06005859375,82.5705337524414,7.757438659667969,1216.0999755859375
2005-06-21,1817.3599853515625,82.6181411743164,7.79188346862793,1213.6099853515625
2005-06-22,1817.800048828125,82.68612670898438,7.807190418243408,1213.8800048828125
2005-06-23,1798.489990234375,81.52307891845703,7.745961666107178,1200.72998046875
2005-06-24,1784.77001953125,80.92454528808594,7.650280475616455,1191.5699462890625
2005-06-27,1783.449951171875,81.04022979736328,7.589049339294434,1190.68994140625
2005-06-28,1800.0699462890625,81.72034454345703,7.684725284576416,1201.5699462890625
2005-06-29,1797.72998046875,81.50270080566406,7.696207523345947,1199.8499755859375
2005-06-30,1784.989990234375,81.06057739257812,7.623491287231445,1191.3299560546875
2005-07-01,1789.8499755859375,81.29864501953125,7.6426262855529785,1194.43994140625
2005-07-05,1805.6800537109375,81.95159149169922,7.692377090454102,1204.989990234375
2005-07-06,1791.050048828125,81.26461029052734,7.673245429992676,1194.93994140625
2005-07-07,1795.550048828125,81.58430480957031,7.688549518585205,1197.8699951171875
2005-07-08,1816.52001953125,82.51612091064453,7.826327323913574,1211.8599853515625
2005-07-11,1827.9100341796875,82.93779754638672,7.906695365905762,1219.43994140625
2005-07-12,1832.1500244140625,83.15544128417969,7.948793411254883,1222.2099609375
2005-07-13,1833.97998046875,83.2710952758789,7.9832305908203125,1223.2900390625
2005-07-14,1838.800048828125,83.5975570678711,8.052122116088867,1226.5
2005-07-15,1840.9300537109375,83.54994201660156,8.048299789428711,1227.9200439453125
2005-07-18,1830.75,83.2166519165039,8.002372741699219,1221.1300048828125
2005-07-19,1843.0699462890625,83.67239379882812,8.121007919311523,1229.3499755859375
2005-07-20,1852.02001953125,83.95802307128906,8.094221115112305,1235.199951171875
2005-07-21,1839.800048828125,83.46830749511719,8.04063892364502,1227.0400390625
2005-07-22,1849.81005859375,84.02605438232422,8.021507263183594,1233.6800537109375
2005-07-25,1842.8499755859375,83.78802490234375,7.9794111251831055,1229.030029296875
2005-07-26,1846.0400390625,83.89000701904297,8.04063892364502,1231.1600341796875
2005-07-27,1854.719970703125,84.19608306884766,8.094221115112305,1236.7900390625
2005-07-28,1865.6400146484375,84.72661590576172,8.098045349121094,1243.719970703125
2005-07-29,1851.3699951171875,84.1620864868164,8.055949211120605,1234.1800537109375
2005-08-01,1853.1300048828125,84.1008529663086,8.059778213500977,1235.3499755859375
2005-08-02,1866.280029296875,84.60416412353516,8.140142440795898,1244.1199951171875
2005-08-03,1868.06005859375,84.82864379882812,8.193723678588867,1245.0400390625
2005-08-04,1854.300048828125,84.1484603881836,8.117182731628418,1235.8599853515625
2005-08-05,1840.18994140625,83.5771255493164,8.098045349121094,1226.4200439453125
2005-08-08,1835.3699951171875,83.42072296142578,8.032990455627441,1223.1300048828125
2005-08-09,1847.760009765625,83.92402648925781,8.094221115112305,1231.3800048828125
2005-08-10,1845.1600341796875,83.8832015991211,8.002372741699219,1229.1300048828125
2005-08-11,1858.4300537109375,84.21648406982422,8.063602447509766,1237.81005859375
2005-08-12,1847.31005859375,83.69959259033203,7.956442832946777,1230.3900146484375
2005-08-15,1852.780029296875,84.21648406982422,7.9985432624816895,1233.8699951171875
2005-08-16,1830.989990234375,83.12144470214844,7.92200231552124,1219.3399658203125
2005-08-17,1832.8199462890625,83.11466217041016,7.990893363952637,1220.239990234375
2005-08-18,1831.0899658203125,83.10787200927734,7.93731164932251,1219.02001953125
2005-08-19,1832.2900390625,83.29829406738281,7.944966793060303,1219.7099609375
2005-08-22,1835.3199462890625,83.29829406738281,7.960271835327148,1221.72998046875
2005-08-23,1829.1099853515625,83.14183044433594,7.956442832946777,1217.5899658203125
2005-08-24,1817.219970703125,82.4004898071289,7.906695365905762,1209.5899658203125
2005-08-25,1821.4599609375,82.69974517822266,7.91051721572876,1212.3699951171875
2005-08-26,1810.52001953125,82.13525390625,7.883734226226807,1205.0999755859375
2005-08-29,1821.56005859375,82.76779174804688,7.93731164932251,1212.280029296875
2005-08-30,1815.969970703125,82.33246612548828,7.93731164932251,1208.4100341796875
2005-08-31,1834.47998046875,83.37307739257812,7.9794111251831055,1220.3299560546875
2005-09-01,1836.3699951171875,83.31190490722656,7.960271835327148,1221.5899658203125
2005-09-02,1831.06005859375,83.1622543334961,7.93731164932251,1218.02001953125
2005-09-06,1854.22998046875,84.1348648071289,8.029158592224121,1233.3900146484375
2005-09-07,1859.0,84.27771759033203,8.029158592224121,1236.3599853515625
2005-09-08,1852.0,83.99885559082031,8.048299789428711,1231.6700439453125
2005-09-09,1866.739990234375,84.74700164794922,8.055949211120605,1241.47998046875
2005-09-12,1865.449951171875,84.57695770263672,8.075084686279297,1240.56005859375
2005-09-13,1851.8699951171875,84.107666015625,8.082737922668457,1231.199951171875
2005-09-14,1845.8399658203125,83.80160522460938,7.9985432624816895,1227.1600341796875
2005-09-15,1846.760009765625,83.76077270507812,7.9794111251831055,1227.72998046875
2005-09-16,1862.1099853515625,84.35643768310547,8.029158592224121,1237.9100341796875
2005-09-19,1851.739990234375,84.07636260986328,7.9640984535217285,1231.02001953125
2005-09-20,1837.199951171875,83.36598205566406,7.933481693267822,1221.3399658203125
2005-09-21,1820.489990234375,82.58732604980469,7.837804317474365,1210.199951171875
2005-09-22,1827.5400390625,82.88102722167969,7.868423938751221,1214.6199951171875
2005-09-23,1828.5400390625,82.94932556152344,7.87225341796875,1215.2900390625
2005-09-26,1829.050048828125,83.04497528076172,7.860770225524902,1215.6300048828125
2005-09-27,1829.1300048828125,83.02446746826172,7.833977699279785,1215.6600341796875
2005-09-28,1831.3199462890625,83.10647583007812,7.883734226226807,1216.8900146484375
2005-09-29,1847.6199951171875,83.78264617919922,7.944966793060303,1227.6800537109375
2005-09-30,1849.3299560546875,84.04222106933594,7.9985432624816895,1228.81005859375
2005-10-03,1846.1700439453125,83.74166870117188,7.987062931060791,1226.699951171875
2005-10-04,1827.9599609375,82.79905700683594,7.914345741271973,1214.469970703125
2005-10-05,1801.4000244140625,81.71299743652344,7.803364276885986,1196.3900146484375
2005-10-06,1794.0400390625,81.41928100585938,7.715339660644531,1191.489990234375
2005-10-07,1800.7099609375,81.69933319091797,7.7344794273376465,1195.9000244140625
2005-10-10,1787.800048828125,81.00947570800781,7.680901527404785,1187.3299560546875
2005-10-11,1784.219970703125,80.89335632324219,7.623491287231445,1184.8699951171875
2005-10-12,1773.5999755859375,80.25811004638672,7.5737409591674805,1177.6800537109375
2005-10-13,1772.3599853515625,80.21031188964844,7.627320289611816,1176.8399658203125
2005-10-14,1787.010009765625,81.05728149414062,7.657934188842773,1186.5699462890625
2005-10-17,1792.3299560546875,81.35781860351562,7.650280475616455,1190.0999755859375
2005-10-18,1774.3199462890625,80.47667694091797,7.634974479675293,1178.1400146484375
2005-10-19,1801.010009765625,81.81546020507812,7.730650901794434,1195.760009765625
2005-10-20,1774.02001953125,80.37422180175781,7.673245429992676,1177.800048828125
2005-10-21,1776.72998046875,80.68841552734375,7.719166278839111,1179.5899658203125
2005-10-24,1806.5899658203125,81.93841552734375,7.818675994873047,1199.3800048828125
2005-10-25,1802.300048828125,81.77450561523438,7.765095233917236,1196.5400390625
2005-10-26,1794.56005859375,81.5354232788086,7.745961666107178,1191.3800048828125
2005-10-27,1776.010009765625,80.66793823242188,7.661764144897461,1178.9000244140625
2005-10-28,1805.56005859375,81.82910919189453,7.7344794273376465,1198.4100341796875
2005-10-31,1818.5,82.05455017089844,7.81484842300415,1207.010009765625
2005-11-01,1812.1099853515625,82.30039978027344,7.7995381355285645,1202.760009765625
2005-11-02,1830.4300537109375,83.16106414794922,7.887558460235596,1214.760009765625
2005-11-03,1838.8599853515625,83.51626586914062,7.960271835327148,1219.93994140625
2005-11-04,1839.1600341796875,83.40697479248047,7.994714736938477,1220.1400146484375
2005-11-07,1843.27001953125,83.48892974853516,8.01002311706543,1222.81005859375
2005-11-08,1837.800048828125,83.48892974853516,8.013850212097168,1218.5899658203125
2005-11-09,1841.0,83.59821319580078,8.006200790405273,1220.6500244140625
2005-11-10,1856.9000244140625,84.24710083007812,8.075084686279297,1230.9599609375
2005-11-11,1862.56005859375,84.53400421142578,8.094221115112305,1234.719970703125
2005-11-14,1861.25,84.48616027832031,8.101877212524414,1233.760009765625
2005-11-15,1854.280029296875,84.17882537841797,8.075084686279297,1229.010009765625
2005-11-16,1857.969970703125,84.34955596923828,8.105697631835938,1231.2099609375
2005-11-17,1875.489990234375,85.13504791259766,8.201375007629395,1242.800048828125
2005-11-18,1883.989990234375,85.46980285644531,8.247303009033203,1248.27001953125
2005-11-21,1893.9300537109375,85.90013122558594,8.243474006652832,1254.8499755859375
2005-11-22,1903.6600341796875,86.2689437866211,8.297052383422852,1261.22998046875
2005-11-23,1910.3900146484375,86.76757049560547,8.342975616455078,1265.6099853515625
2005-11-25,1914.4100341796875,86.83589172363281,8.365942001342773,1268.25
2005-11-28,1898.3699951171875,86.22113800048828,8.3353271484375,1257.4599609375
2005-11-29,1898.739990234375,86.12548065185547,8.3353271484375,1257.47998046875
2005-11-30,1887.280029296875,85.66101837158203,8.308536529541016,1249.47998046875
2005-12-01,1910.22998046875,86.53533935546875,8.434830665588379,1264.6700439453125
2005-12-02,1910.8599853515625,86.64459991455078,8.427175521850586,1265.0799560546875
2005-12-05,1906.4200439453125,86.46021270751953,8.385076522827148,1262.0899658203125
2005-12-06,1908.8900146484375,86.62413787841797,8.396556854248047,1263.699951171875
2005-12-07,1899.68994140625,86.1186752319336,8.381243705749512,1257.3699951171875
2005-12-08,1897.5699462890625,86.06401824951172,8.320016860961914,1255.8399658203125
2005-12-09,1902.9200439453125,86.2894287109375,8.350635528564453,1259.3699951171875
2005-12-12,1904.5899658203125,86.37142181396484,8.3735933303833,1260.4300537109375
2005-12-13,1915.300048828125,86.95882415771484,8.346808433532715,1267.4300537109375
2005-12-14,1923.43994140625,87.30036163330078,8.358288764953613,1272.739990234375
2005-12-15,1920.8499755859375,87.04762268066406,8.323844909667969,1270.93994140625
2005-12-16,1915.4000244140625,86.76746368408203,8.31151294708252,1267.3199462890625
2005-12-19,1904.2099609375,86.32111358642578,8.211326599121094,1259.9200439453125
2005-12-20,1903.81005859375,86.40350341796875,8.180503845214844,1259.6199951171875
2005-12-21,1908.6500244140625,86.54084014892578,8.188207626342773,1262.7900390625
2005-12-22,1917.1600341796875,86.99407196044922,8.226741790771484,1268.1199951171875
2005-12-23,1918.25,87.04210662841797,8.242154121398926,1268.6600341796875
2005-12-27,1899.9300537109375,86.15631103515625,8.17279052734375,1256.5400390625
2005-12-28,1902.739990234375,86.34857177734375,8.15353012084961,1258.1700439453125
2005-12-29,1897.199951171875,85.96404266357422,8.107285499572754,1254.4200439453125
2005-12-30,1887.93994140625,85.49712371826172,8.0533447265625,1248.2900390625
2006-01-03,1918.9599609375,87.00091552734375,8.211326599121094,1268.800048828125
2006-01-04,1926.3900146484375,87.41292572021484,8.307660102844238,1273.4599609375
2006-01-05,1926.43994140625,87.4678955078125,8.34619140625,1273.47998046875
2006-01-06,1945.02001953125,88.19572448730469,8.477202415466309,1285.449951171875
2006-01-09,1952.1300048828125,88.42230987548828,8.50417709350586,1290.1500244140625
2006-01-10,1951.530029296875,88.51160430908203,8.496465682983398,1289.68994140625
2006-01-11,1958.56005859375,88.79312133789062,8.577388763427734,1294.1800537109375
2006-01-12,1946.280029296875,88.44291687011719,8.531150817871094,1286.06005859375
2006-01-13,1948.6400146484375,88.3604965209961,8.527295112609863,1287.6099853515625
2006-01-17,1941.5699462890625,88.12019348144531,8.442524909973145,1282.9300537109375
2006-01-18,1934.2099609375,87.7699966430664,8.342340469360352,1277.9300537109375
2006-01-19,1944.97998046875,88.1064453125,8.415549278259277,1285.0400390625
2006-01-20,1909.3499755859375,86.49964904785156,8.195914268493652,1261.489990234375
2006-01-23,1912.9100341796875,86.80863952636719,8.165087699890137,1263.8199462890625
2006-01-24,1917.5400390625,86.89793395996094,8.192063331604004,1266.8599853515625
2006-01-25,1914.280029296875,86.97343444824219,8.219037055969238,1264.6800537109375
2006-01-26,1928.1700439453125,87.4541244506836,8.272977828979492,1273.8299560546875
2006-01-27,1943.3399658203125,88.26439666748047,8.365458488464355,1283.719970703125
2006-01-30,1945.6600341796875,88.19572448730469,8.392428398132324,1285.18994140625
2006-01-31,1937.9300537109375,87.5502700805664,8.323071479797363,1280.0799560546875
2006-02-01,1941.75,88.16139221191406,8.373164176940918,1282.4599609375
2006-02-02,1924.6700439453125,87.13825225830078,8.257568359375,1270.8399658203125
2006-02-03,1914.5,86.70565795898438,8.199767112731934,1264.030029296875
2006-02-06,1916.0400390625,86.93224334716797,8.176647186279297,1265.02001953125
2006-02-07,1900.5799560546875,86.16320037841797,8.15353012084961,1254.780029296875
2006-02-08,1917.8399658203125,86.94598388671875,8.31151294708252,1265.6500244140625
2006-02-09,1915.0999755859375,86.80180358886719,8.272977828979492,1263.780029296875
2006-02-10,1920.0,86.95972442626953,8.338485717773438,1266.989990234375
2006-02-13,1914.02001953125,86.80180358886719,8.261423110961914,1262.8599853515625
2006-02-14,1933.4599609375,87.72191619873047,8.373164176940918,1275.530029296875
2006-02-15,1940.68994140625,88.0309066772461,8.419403076171875,1280.0
2006-02-16,1955.06005859375,88.69010925292969,8.496465682983398,1289.3800048828125
2006-02-17,1951.8299560546875,88.44979095458984,8.450231552124023,1287.239990234375
2006-02-21,1945.449951171875,88.23006439208984,8.357755661010742,1283.030029296875
2006-02-22,1960.260009765625,88.76565551757812,8.400136947631836,1292.6700439453125
2006-02-23,1953.3699951171875,88.63522338867188,8.357755661010742,1287.7900390625
2006-02-24,1956.1400146484375,88.86180877685547,8.36160659790039,1289.4300537109375
2006-02-27,1963.5799560546875,88.8961410522461,8.438672065734863,1294.1199951171875
2006-02-28,1943.18994140625,88.05152893066406,8.342340469360352,1280.6600341796875
2006-03-01,1959.77001953125,88.83429718017578,8.508033752441406,1291.239990234375
2006-03-02,1956.5999755859375,88.82744598388672,8.527295112609863,1289.1400146484375
2006-03-03,1953.739990234375,88.41547393798828,8.477202415466309,1287.22998046875
2006-03-06,1940.199951171875,88.01032257080078,8.442524909973145,1278.260009765625
2006-03-07,1936.6800537109375,87.87297058105469,8.38857650756836,1275.8800048828125
2006-03-08,1941.1700439453125,88.05838012695312,8.38086986541748,1278.469970703125
2006-03-09,1931.72998046875,87.4678955078125,8.330781936645508,1272.22998046875
2006-03-10,1945.9300537109375,88.29871368408203,8.36931037902832,1281.4200439453125
2006-03-13,1950.3900146484375,88.4634780883789,8.400136947631836,1284.1300048828125
2006-03-14,1970.6600341796875,89.3905258178711,8.496465682983398,1297.47998046875
2006-03-15,1979.2099609375,89.78881072998047,8.546562194824219,1303.02001953125
2006-03-16,1982.760009765625,89.97421264648438,8.492613792419434,1305.3299560546875
2006-03-17,1985.68994140625,90.04933166503906,8.519587516784668,1307.25
2006-03-20,1982.4000244140625,89.904541015625,8.535001754760742,1305.0799560546875
2006-03-21,1970.5,89.33924102783203,8.500322341918945,1297.22998046875
2006-03-22,1982.4000244140625,89.88388061523438,8.50417709350586,1305.0400390625
2006-03-23,1977.2900390625,89.69775390625,8.484911918640137,1301.6700439453125
2006-03-24,1979.239990234375,89.76668548583984,8.511883735656738,1302.949951171875
2006-03-27,1977.18994140625,89.63570404052734,8.523444175720215,1301.6099853515625
2006-03-28,1964.469970703125,89.0842056274414,8.427109718322754,1293.22998046875
2006-03-29,1979.510009765625,89.64258575439453,8.554268836975098,1302.8900146484375
2006-03-30,1975.5999755859375,89.4840316772461,8.581241607666016,1300.25
2006-03-31,1967.3800048828125,89.50467681884766,8.531150817871094,1294.8699951171875
2006-04-03,1971.9300537109375,89.4357681274414,8.581241607666016,1297.81005859375
2006-04-04,1984.469970703125,90.00796508789062,8.612068176269531,1305.9300537109375
2006-04-05,1993.2099609375,90.31818389892578,8.685282707214355,1311.56005859375
2006-04-06,1989.8699951171875,90.22164916992188,8.677578926086426,1309.0400390625
2006-04-07,1969.300048828125,89.30480194091797,8.577388763427734,1295.5
2006-04-10,1971.030029296875,89.44269561767578,8.565828323364258,1296.6199951171875
2006-04-11,1956.1199951171875,88.68434143066406,8.48876667022705,1286.5699462890625
2006-04-12,1958.489990234375,88.84979248046875,8.50417709350586,1288.1199951171875
2006-04-13,1960.010009765625,88.73258972167969,8.51573657989502,1289.1199951171875
2006-04-17,1954.25,88.69811248779297,8.423258781433105,1285.3299560546875
2006-04-18,1988.1800537109375,90.10449981689453,8.59280014038086,1307.280029296875
2006-04-19,1991.8399658203125,90.27684020996094,8.585094451904297,1309.9300537109375
2006-04-20,1994.22998046875,90.40091705322266,8.59280014038086,1311.4599609375
2006-04-21,1993.989990234375,90.41472625732422,8.500322341918945,1311.280029296875
2006-04-24,1989.199951171875,90.2492446899414,8.48876667022705,1308.1099853515625
2006-04-25,1979.510009765625,89.87698364257812,8.484911918640137,1301.739990234375
2006-04-26,1985.2900390625,89.897705078125,8.51573657989502,1305.4100341796875
2006-04-27,1992.3900146484375,90.33201599121094,8.600508689880371,1309.719970703125
2006-04-28,1993.7900390625,90.63532257080078,8.419403076171875,1310.6099853515625
2006-05-01,1985.550048828125,89.897705078125,8.350044250488281,1305.18994140625
2006-05-02,1997.75,90.57328033447266,8.38857650756836,1313.2099609375
2006-05-03,1989.969970703125,90.2354736328125,8.36931037902832,1308.1199951171875
2006-05-04,1996.739990234375,90.5594711303711,8.400136947631836,1312.25
2006-05-05,2017.3399658203125,91.35920715332031,8.446379661560059,1325.760009765625
2006-05-08,2015.8399658203125,91.2488784790039,8.457932472229004,1324.6600341796875
2006-05-09,2016.5999755859375,91.42815399169922,8.423258781433105,1325.1400146484375
2006-05-10,2013.989990234375,91.37986755371094,8.334630966186523,1322.8499755859375
2006-05-11,1988.56005859375,90.27684020996094,8.161234855651855,1305.9200439453125
2006-05-12,1966.27001953125,89.09795379638672,8.0841703414917,1291.239990234375
2006-05-15,1971.449951171875,89.27719116210938,8.091876029968262,1294.5
2006-05-16,1967.7900390625,89.1462173461914,8.014814376831055,1292.0799560546875
2006-05-17,1935.1800537109375,87.45027160644531,7.906920909881592,1270.3199462890625
2006-05-18,1922.3199462890625,87.00908660888672,7.879949569702148,1261.81005859375
2006-05-19,1930.27001953125,87.62264251708984,7.937747001647949,1267.030029296875
2006-05-22,1922.719970703125,86.95391082763672,7.868391036987305,1262.0699462890625
2006-05-23,1914.3800048828125,86.29209899902344,7.810585975646973,1256.5799560546875
2006-05-24,1917.47998046875,86.98150634765625,7.887653827667236,1258.5699462890625
2006-05-25,1939.52001953125,88.05697631835938,7.960865020751953,1272.8800048828125
2006-05-26,1950.8699951171875,88.50508880615234,7.999393463134766,1280.1600341796875
2006-05-30,1920.0899658203125,86.93324279785156,7.841412544250488,1259.8699951171875
2006-05-31,1936.4100341796875,87.9052963256836,7.872241497039795,1270.0899658203125
2006-06-01,1960.280029296875,88.74637603759766,8.007102966308594,1285.7099609375
2006-06-02,1964.1099853515625,88.93253326416016,7.980127811431885,1288.219970703125
2006-06-05,1929.22998046875,87.63644409179688,7.8606791496276855,1265.2900390625
2006-06-06,1927.1300048828125,87.4227066040039,7.8606791496276855,1263.8499755859375
2006-06-07,1915.77001953125,86.76780700683594,7.7527875900268555,1256.1500244140625
2006-06-08,1918.5899658203125,86.69196319580078,7.714257717132568,1257.9300537109375
2006-06-09,1910.010009765625,86.41619873046875,7.683429718017578,1252.300048828125
2006-06-12,1885.81005859375,85.47862243652344,7.540857791900635,1237.43994140625
2006-06-13,1866.9200439453125,84.48587799072266,7.548562526702881,1223.68994140625
2006-06-14,1876.6700439453125,85.14083862304688,7.598658084869385,1230.0400390625
2006-06-15,1916.56005859375,86.94705963134766,7.791319370269775,1256.1600341796875
2006-06-16,1909.52001953125,86.31342315673828,7.779760837554932,1251.5400390625
2006-06-19,1892.1199951171875,85.63484191894531,7.745080947875977,1240.1300048828125
2006-06-20,1892.1300048828125,85.92567443847656,7.733521938323975,1240.1199951171875
2006-06-21,1910.6199951171875,86.56271362304688,7.833708763122559,1252.199951171875
2006-06-22,1900.97998046875,86.18190002441406,7.7412285804748535,1245.5999755859375
2006-06-23,1899.3199462890625,86.16803741455078,7.718107223510742,1244.5
2006-06-26,1908.56005859375,86.54888153076172,7.733521938323975,1250.56005859375
2006-06-27,1891.239990234375,85.801025390625,7.629482269287109,1239.199951171875
2006-06-28,1901.97998046875,86.3826904296875,7.679572582244873,1246.0
2006-06-29,1943.0899658203125,88.12765502929688,7.876093864440918,1272.8699951171875
2006-06-30,1939.030029296875,88.13459014892578,7.833708763122559,1270.199951171875
2006-07-03,1954.489990234375,88.49465942382812,7.891505718231201,1280.18994140625
2006-07-05,1940.550048828125,87.98916625976562,7.768200397491455,1270.9100341796875
2006-07-06,1945.9000244140625,88.24539184570312,7.77590799331665,1274.0799560546875
2006-07-07,1932.75,87.67063903808594,7.698844909667969,1265.47998046875
2006-07-10,1935.6199951171875,87.83680725097656,7.61021614074707,1267.3399658203125
2006-07-11,1943.6600341796875,88.22461700439453,7.641043663024902,1272.4300537109375
2006-07-12,1922.6199951171875,87.2828598022461,7.502322196960449,1258.5999755859375
2006-07-13,1897.72998046875,85.86335754394531,7.379021167755127,1242.280029296875
2006-07-14,1888.4300537109375,85.53099822998047,7.359752655029297,1236.199951171875
2006-07-17,1885.8199462890625,85.40634155273438,7.382874011993408,1234.489990234375
2006-07-18,1889.47998046875,85.84260559082031,7.39828634262085,1236.8599853515625
2006-07-19,1924.739990234375,87.03357696533203,7.506178379058838,1259.81005859375
2006-07-20,1908.4200439453125,86.43807220458984,7.39828634262085,1249.1300048828125
2006-07-21,1894.93994140625,85.8287124633789,7.321223258972168,1240.2900390625
2006-07-24,1926.5,87.3936767578125,7.432967662811279,1260.9100341796875
2006-07-25,1938.6800537109375,87.70526123046875,7.513885021209717,1268.8800048828125
2006-07-26,1937.9599609375,87.8229751586914,7.5331549644470215,1268.4000244140625
2006-07-27,1930.3199462890625,87.73988342285156,7.510031700134277,1263.199951171875
2006-07-28,1953.8599853515625,88.61929321289062,7.641043663024902,1278.550048828125
2006-07-31,1951.0,88.52926635742188,7.629482269287109,1276.6600341796875
2006-08-01,1942.219970703125,88.0930404663086,7.521589279174805,1270.9200439453125
2006-08-02,1954.1800537109375,88.68853759765625,7.614068984985352,1277.4100341796875
2006-08-03,1957.4100341796875,88.92396545410156,7.637191295623779,1280.27001953125
2006-08-04,1956.050048828125,88.7716064453125,7.614068984985352,1279.3599853515625
2006-08-07,1950.6300048828125,88.56391143798828,7.587101459503174,1275.77001953125
2006-08-08,1944.219970703125,88.22461700439453,7.56012487411499,1271.47998046875
2006-08-09,1936.300048828125,87.9268569946289,7.606365203857422,1265.949951171875
2006-08-10,1945.6099853515625,88.19691467285156,7.637191295623779,1271.81005859375
2006-08-11,1938.1300048828125,87.9476089477539,7.594803810119629,1266.739990234375
2006-08-14,1940.5,88.01685333251953,7.660309314727783,1268.2099609375
2006-08-15,1967.260009765625,89.06938934326172,7.837563514709473,1285.5799560546875
2006-08-16,1982.81005859375,89.81031036376953,7.960865020751953,1295.4300537109375
2006-08-17,1986.0400390625,90.03880310058594,7.995542049407959,1297.47998046875
2006-08-18,1993.4300537109375,90.495849609375,8.026371002197266,1302.300048828125
2006-08-21,1986.1099853515625,90.10809326171875,7.972423076629639,1297.52001953125
2006-08-22,1988.0999755859375,90.10112762451172,7.976278781890869,1298.8199462890625
2006-08-23,1979.3499755859375,89.85188293457031,7.937747001647949,1292.989990234375
2006-08-24,1984.0899658203125,89.77569580078125,7.968571662902832,1296.06005859375
2006-08-25,1982.81005859375,89.886474609375,7.9916911125183105,1295.0899658203125
2006-08-28,1993.06005859375,90.3157730102539,8.064903259277344,1301.780029296875
2006-08-29,1997.2099609375,90.41964721679688,8.138114929199219,1304.280029296875
2006-08-30,1998.0799560546875,90.47505187988281,8.195914268493652,1305.3699951171875
2006-08-31,1997.4200439453125,90.46121215820312,8.165087699890137,1303.8199462890625
2006-09-01,2008.469970703125,91.00133514404297,8.199767112731934,1311.010009765625
2006-09-05,2012.0,91.17443084716797,8.242154121398926,1313.25
2006-09-06,1992.4200439453125,90.37114715576172,8.107285499572754,1300.260009765625
2006-09-07,1982.9300537109375,89.95572662353516,8.06104850769043,1294.02001953125
2006-09-08,1990.43994140625,90.2119369506836,8.126554489135742,1298.9200439453125
2006-09-11,1991.489990234375,90.30192565917969,8.195914268493652,1299.5400390625
2006-09-12,2012.3199462890625,91.18826293945312,8.338485717773438,1313.0
2006-09-13,2020.489990234375,91.55525970458984,8.338485717773438,1318.0699462890625
2006-09-14,2017.8599853515625,91.56217956542969,8.357755661010742,1316.280029296875
2006-09-15,2023.3499755859375,91.7770767211914,8.378602027893066,1319.6600341796875
2006-09-18,2025.3900146484375,91.9023208618164,8.374744415283203,1321.1800537109375
2006-09-19,2021.010009765625,91.67279815673828,8.336132049560547,1317.6400146484375
2006-09-20,2031.5899658203125,92.15961456298828,8.471269607543945,1325.1800537109375
2006-09-21,2021.0799560546875,91.71450805664062,8.390186309814453,1318.030029296875
2006-09-22,2016.0899658203125,91.4363021850586,8.33998966217041,1314.780029296875
2006-09-25,2033.8699951171875,92.13873291015625,8.490571975708008,1326.3699951171875
2006-09-26,2049.199951171875,92.90376281738281,8.544629096984863,1336.3499755859375
2006-09-27,2049.969970703125,93.01509094238281,8.478988647460938,1336.5899658203125
2006-09-28,2053.929931640625,92.98033142089844,8.521465301513672,1338.8800048828125
2006-09-29,2048.889892578125,92.90376281738281,8.49443531036377,1335.8499755859375
2006-10-02,2041.989990234375,92.55603790283203,8.432655334472656,1331.3199462890625
2006-10-03,2046.280029296875,92.75076293945312,8.478988647460938,1334.1099853515625
2006-10-04,2071.449951171875,93.83576202392578,8.61026668548584,1350.199951171875
2006-10-05,2076.6298828125,94.01660919189453,8.606407165527344,1353.219970703125
2006-10-06,2071.050048828125,93.89836883544922,8.61026668548584,1349.5899658203125
2006-10-09,2072.7099609375,93.9540023803711,8.63343620300293,1350.6600341796875
2006-10-10,2077.010009765625,94.07917785644531,8.64116096496582,1353.4200439453125
2006-10-11,2071.89990234375,93.96791076660156,8.637295722961426,1349.949951171875
2006-10-12,2091.68994140625,94.78162384033203,8.764710426330566,1362.8299560546875
2006-10-13,2095.969970703125,95.0250473022461,8.807185173034668,1365.6199951171875
2006-10-16,2101.27001953125,95.17107391357422,8.803324699401855,1369.06005859375
2006-10-17,2093.580078125,94.87202453613281,8.729963302612305,1364.050048828125
2006-10-18,2096.7099609375,94.99720001220703,8.706798553466797,1365.800048828125
2006-10-19,2098.320068359375,95.15023803710938,8.733823776245117,1366.9599609375
2006-10-20,2100.860107421875,95.17107391357422,8.78787612915039,1368.5999755859375
2006-10-23,2113.820068359375,95.6092529296875,8.84193229675293,1377.02001953125
2006-10-24,2114.360107421875,95.89439392089844,8.780157089233398,1377.3800048828125
2006-10-25,2121.840087890625,96.22130584716797,8.857382774353027,1382.219970703125
2006-10-26,2132.389892578125,96.52031707763672,8.90371036529541,1389.0799560546875
2006-10-27,2114.64990234375,95.91526794433594,8.78787612915039,1377.3399658203125
2006-10-30,2115.6298828125,95.84571075439453,8.818764686584473,1377.9300537109375
2006-10-31,2115.64990234375,95.83183288574219,8.830353736877441,1377.93994140625
2006-11-01,2100.3701171875,95.18501281738281,8.791743278503418,1367.81005859375
2006-11-02,2100.2099609375,95.12940216064453,8.737683296203613,1367.3399658203125
2006-11-03,2095.679931640625,94.96244812011719,8.737683296203613,1364.300048828125
2006-11-06,2119.530029296875,96.03352355957031,8.84193229675293,1379.780029296875
2006-11-07,2124.280029296875,96.4021224975586,8.888266563415527,1382.8399658203125
2006-11-08,2129.219970703125,96.61077880859375,8.895990371704102,1385.719970703125
2006-11-09,2118.320068359375,96.10305786132812,8.892132759094238,1378.3299560546875
2006-11-10,2122.260009765625,96.14482116699219,8.915295600891113,1380.9000244140625
2006-11-13,2128.169921875,96.38125610351562,8.992517471313477,1384.4200439453125
2006-11-14,2141.949951171875,97.10455322265625,9.058156967163086,1393.219970703125
2006-11-15,2147.60009765625,97.38275909423828,9.07746410369873,1396.5699462890625
2006-11-16,2152.570068359375,97.6331558227539,9.112212181091309,1399.760009765625
2006-11-17,2154.800048828125,97.66094970703125,9.127655982971191,1401.199951171875
2006-11-20,2153.760009765625,97.71662139892578,9.127655982971191,1400.5
2006-11-21,2157.419921875,97.8139419555664,9.123797416687012,1402.81005859375
2006-11-22,2162.64990234375,98.00874328613281,9.193294525146484,1406.0899658203125
2006-11-24,2154.9599609375,97.61222076416016,9.173989295959473,1400.949951171875
2006-11-27,2125.669921875,96.2699966430664,8.957771301269531,1381.9599609375
2006-11-28,2133.52001953125,96.68728637695312,9.00410270690918,1386.719970703125
2006-11-29,2154.090087890625,97.69574737548828,9.062016487121582,1399.47998046875
2006-11-30,2155.889892578125,97.73746490478516,9.08132266998291,1400.6300048828125
2006-12-01,2149.85009765625,97.52188110351562,9.00410270690918,1396.7099609375
2006-12-04,2169.0,98.26605224609375,9.119937896728516,1409.1199951171875
2006-12-05,2177.75,98.6903305053711,9.123797416687012,1414.760009765625
2006-12-06,2175.449951171875,98.60685729980469,9.065877914428711,1412.9000244140625
2006-12-07,2166.8701171875,98.17562866210938,9.031132698059082,1407.2900390625
2006-12-08,2170.840087890625,98.3564682006836,9.031132698059082,1409.8399658203125
2006-12-11,2175.800048828125,98.6416015625,9.085186004638672,1413.0400390625
2006-12-12,2173.580078125,98.56507873535156,9.054299354553223,1411.56005859375
2006-12-13,2176.52001953125,98.66941833496094,9.069737434387207,1413.2099609375
2006-12-14,2195.590087890625,99.53881072998047,9.146965026855469,1425.489990234375
2006-12-15,2198.070068359375,99.5478744506836,9.148900985717773,1427.0899658203125
2006-12-18,2190.969970703125,99.27511596679688,9.113956451416016,1422.47998046875
2006-12-19,2195.800048828125,99.46397399902344,9.055705070495605,1425.550048828125
2006-12-20,2192.760009765625,99.40802764892578,9.059587478637695,1423.530029296875
2006-12-21,2185.2099609375,99.0443115234375,9.016876220703125,1418.300048828125
2006-12-22,2173.89990234375,98.43589782714844,8.946976661682129,1410.760009765625
2006-12-26,2183.3798828125,99.016357421875,8.997455596923828,1416.9000244140625
2006-12-27,2199.14990234375,99.66675567626953,9.063471794128418,1426.8399658203125
2006-12-28,2196.0,99.45693969726562,9.059587478637695,1424.72998046875
2006-12-29,2186.1298828125,99.0443115234375,9.032407760620117,1418.300048828125
2007-01-03,2183.919921875,98.86949157714844,9.059587478637695,1416.5999755859375
2007-01-04,2186.60009765625,99.07930755615234,9.199386596679688,1418.3399658203125
2007-01-05,2173.2900390625,98.28899383544922,9.125602722167969,1409.7099609375
2007-01-08,2178.800048828125,98.74360656738281,9.152787208557129,1412.8399658203125
2007-01-09,2177.679931640625,98.65966796875,9.164437294006348,1412.1099853515625
2007-01-10,2182.159912109375,98.98837280273438,9.211036682128906,1414.8499755859375
2007-01-11,2196.02001953125,99.4219970703125,9.304230690002441,1423.8199462890625
2007-01-12,2206.679931640625,100.17733001708984,9.327534675598145,1430.72998046875
2007-01-16,2208.47998046875,99.98148345947266,9.308115005493164,1431.9000244140625
2007-01-17,2206.699951171875,100.0234375,9.187737464904785,1430.6199951171875
2007-01-18,2200.199951171875,99.68778228759766,9.082886695861816,1426.3699951171875
2007-01-19,2206.60009765625,99.88359069824219,9.079007148742676,1430.5
2007-01-22,2195.0,99.57586669921875,9.012990951538086,1422.949951171875
2007-01-23,2202.77001953125,99.86959838867188,9.012990951538086,1427.989990234375
2007-01-24,2221.56005859375,100.67388916015625,9.176084518432617,1440.1300048828125
2007-01-25,2196.5400390625,99.49192810058594,9.063471794128418,1423.9000244140625
2007-01-26,2193.889892578125,99.40103149414062,9.067357063293457,1422.1800537109375
2007-01-29,2191.7099609375,99.3450698852539,9.106192588806152,1420.6199951171875
2007-01-30,2204.39990234375,99.86259460449219,9.160553932189941,1428.8199462890625
2007-01-31,2219.18994140625,100.53398895263672,9.214920043945312,1438.239990234375
2007-02-01,2231.610107421875,101.13542175292969,9.176084518432617,1445.93994140625
2007-02-02,2235.389892578125,101.2752914428711,9.222684860229492,1448.3900146484375
2007-02-05,2233.43994140625,101.30326843261719,9.199386596679688,1446.989990234375
2007-02-06,2235.02001953125,101.33123779296875,9.187737464904785,1448.0
2007-02-07,2239.050048828125,101.55508422851562,9.230453491210938,1450.02001953125
2007-02-08,2236.4599609375,101.4221420288086,9.242098808288574,1448.31005859375
2007-02-09,2220.719970703125,100.66687774658203,9.141135215759277,1438.06005859375
2007-02-12,2213.580078125,100.3241958618164,9.102304458618164,1433.3699951171875
2007-02-13,2230.800048828125,101.1704330444336,9.13725471496582,1444.260009765625
2007-02-14,2248.39990234375,101.8348159790039,9.265401840209961,1455.300048828125
2007-02-15,2250.969970703125,101.96771240234375,9.300349235534668,1456.81005859375
2007-02-16,2249.070068359375,101.91876983642578,9.280935287475586,1455.5400390625
2007-02-20,2255.47998046875,102.13550567626953,9.284814834594727,1459.6800537109375
2007-02-21,2252.429931640625,102.09356689453125,9.269288063049316,1457.6300048828125
2007-02-22,2251.030029296875,102.01666259765625,9.3197660446167,1456.3800048828125
2007-02-23,2243.260009765625,101.61799621582031,9.312000274658203,1451.18994140625
2007-02-26,2240.72998046875,101.52715301513672,9.288702011108398,1449.3699951171875
2007-02-27,2163.110107421875,97.56169891357422,8.931446075439453,1399.0400390625
2007-02-28,2175.780029296875,98.56175231933594,8.966392517089844,1406.8199462890625
2007-03-01,2170.169921875,98.26805877685547,8.958623886108398,1403.1700439453125
2007-03-02,2145.429931640625,96.98124694824219,8.791644096374512,1387.1700439453125
2007-03-05,2125.340087890625,96.05802917480469,8.811063766479492,1374.1199951171875
2007-03-06,2158.360107421875,97.70153045654297,8.946976661682129,1395.4100341796875
2007-03-07,2153.64990234375,97.6036376953125,8.83436393737793,1391.969970703125
2007-03-08,2169.139892578125,98.42888641357422,8.908146858215332,1401.8900146484375
2007-03-09,2170.6201171875,98.45684814453125,8.931446075439453,1402.8399658203125
2007-03-12,2176.5,98.60372161865234,8.985804557800293,1406.5999755859375
2007-03-13,2132.760009765625,96.68746185302734,8.842126846313477,1377.949951171875
2007-03-14,2147.179931640625,97.4078140258789,8.923677444458008,1387.1700439453125
2007-03-15,2155.179931640625,97.54069519042969,8.927560806274414,1392.280029296875
2007-03-16,2146.929931640625,97.267578125,8.912027359008789,1386.949951171875
2007-03-19,2170.330078125,98.44010925292969,8.970273971557617,1402.06005859375
2007-03-20,2184.10009765625,98.98078155517578,9.028524398803711,1410.93994140625
2007-03-21,2221.4599609375,100.60978698730469,9.211036682128906,1435.0400390625
2007-03-22,2220.679931640625,100.53250885009766,9.176084518432617,1434.5400390625
2007-03-23,2223.1201171875,100.67993927001953,9.152787208557129,1436.1099853515625
2007-03-26,2225.260009765625,100.54655456542969,9.164437294006348,1437.5
2007-03-27,2211.52001953125,100.3078384399414,9.168318748474121,1428.6099853515625
2007-03-28,2194.3798828125,99.57763671875,9.063471794128418,1417.22998046875
2007-03-29,2202.679931640625,99.68291473388672,9.075124740600586,1422.530029296875
2007-03-30,2200.1201171875,99.70396423339844,9.055705070495605,1420.8599853515625
2007-04-02,2205.85009765625,99.81632232666016,9.102304458618164,1424.550048828125
2007-04-03,2226.760009765625,100.8906478881836,9.176084518432617,1437.77001953125
2007-04-04,2229.260009765625,101.00296783447266,9.230453491210938,1439.3699951171875
2007-04-05,2236.7099609375,101.27677917480469,9.265401840209961,1443.760009765625
2007-04-09,2238.030029296875,101.4172592163086,9.265401840209961,1444.6099853515625
2007-04-10,2243.929931640625,101.53657531738281,9.257634162902832,1448.3900146484375
2007-04-11,2229.43994140625,101.12234497070312,9.17220401763916,1438.8699951171875
2007-04-12,2243.300048828125,101.5716781616211,9.269288063049316,1447.800048828125
2007-04-13,2251.1201171875,102.03514862060547,9.277053833007812,1452.8499755859375
2007-04-16,2275.35009765625,103.00405883789062,9.354714393615723,1468.3299560546875
2007-04-17,2280.010009765625,103.27783966064453,9.37413215637207,1471.47998046875
2007-04-18,2281.610107421875,103.40425109863281,9.350831031799316,1472.5
2007-04-19,2278.909912109375,103.37616729736328,9.354714393615723,1470.72998046875
2007-04-20,2300.080078125,104.35208892822266,9.409080505371094,1484.3499755859375
2007-04-23,2294.830078125,103.95893096923828,9.389664649963379,1480.9300537109375
2007-04-24,2294.02001953125,104.00112915039062,9.440146446228027,1480.4100341796875
2007-04-25,2317.5,104.9560317993164,9.510046005249023,1495.4200439453125
2007-04-26,2315.909912109375,105.07540130615234,9.564410209655762,1494.25
2007-04-27,2315.699951171875,104.99113464355469,9.556647300720215,1494.0699462890625
2007-04-30,2297.580078125,104.12042236328125,9.48285961151123,1482.3699951171875
2007-05-01,2303.679931640625,104.38728332519531,9.529459953308105,1486.300048828125
2007-05-02,2318.840087890625,104.99810791015625,9.579941749572754,1495.9200439453125
2007-05-03,2329.5400390625,105.56682586669922,9.67314338684082,1502.3900146484375
2007-05-04,2334.610107421875,105.96710968017578,9.71197509765625,1505.6199951171875
2007-05-07,2340.679931640625,105.9881591796875,9.700322151184082,1509.47998046875
2007-05-08,2338.139892578125,105.8477554321289,9.739154815673828,1507.719970703125
2007-05-09,2346.300048828125,106.1356201171875,9.727508544921875,1512.5799560546875
2007-05-10,2313.93994140625,105.02622985839844,9.677024841308594,1491.469970703125
2007-05-11,2336.47998046875,105.9249496459961,9.781868934631348,1505.8499755859375
2007-05-14,2332.429931640625,105.6932601928711,9.735272407531738,1503.1500244140625
2007-05-15,2329.610107421875,105.72132110595703,9.71973991394043,1501.18994140625
2007-05-16,2350.39990234375,106.444580078125,9.805171012878418,1514.1400146484375
2007-05-17,2348.43994140625,106.23394012451172,9.777990341186523,1512.75
2007-05-18,2363.969970703125,107.16073608398438,9.828465461730957,1522.75
2007-05-21,2367.6298828125,107.10455322265625,9.871183395385742,1525.0999755859375
2007-05-22,2366.10009765625,107.0202407836914,9.859535217285156,1524.1199951171875
2007-05-23,2363.2900390625,107.0343246459961,9.8245849609375,1522.280029296875
2007-05-24,2340.639892578125,106.06534576416016,9.700322151184082,1507.510009765625
2007-05-25,2353.419921875,106.50776672363281,9.781868934631348,1515.72998046875
2007-05-29,2357.389892578125,106.8939437866211,9.84012222290039,1518.1099853515625
2007-05-30,2377.090087890625,107.76458740234375,9.913904190063477,1530.22998046875
2007-05-31,2377.75,107.65223693847656,9.96049976348877,1530.6199951171875
2007-06-01,2386.6298828125,108.18587493896484,9.96049976348877,1536.3399658203125
2007-06-04,2391.1298828125,108.19987487792969,9.995450973510742,1539.1800537109375
2007-06-05,2378.43994140625,107.77157592773438,9.96049976348877,1530.949951171875
2007-06-06,2357.949951171875,106.61306762695312,9.844002723693848,1517.3800048828125
2007-06-07,2316.6298828125,104.68921661376953,9.704206466674805,1490.719970703125
2007-06-08,2342.97998046875,106.0513687133789,9.84012222290039,1507.6700439453125
2007-06-11,2345.27001953125,106.23394012451172,9.859535217285156,1509.1199951171875
2007-06-12,2320.219970703125,105.07540130615234,9.743038177490234,1493.0
2007-06-13,2356.02001953125,106.648193359375,9.867303848266602,1515.6700439453125
2007-06-14,2367.52001953125,107.32925415039062,9.96049976348877,1522.969970703125
2007-06-15,2382.969970703125,107.93991088867188,10.018013954162598,1532.9100341796875
2007-06-18,2380.090087890625,107.8129653930664,10.045211791992188,1531.050048828125
2007-06-19,2384.260009765625,108.08097839355469,10.041330337524414,1533.699951171875
2007-06-20,2351.8701171875,106.57891082763672,9.983036041259766,1512.8399658203125
2007-06-21,2366.919921875,107.1712646484375,10.033556938171387,1522.18994140625
2007-06-22,2336.409912109375,106.1628646850586,9.920862197875977,1502.56005859375
2007-06-25,2328.909912109375,105.6551513671875,9.88588809967041,1497.739990234375
2007-06-26,2321.4599609375,104.56919860839844,9.85091495513916,1492.8900146484375
2007-06-27,2342.840087890625,106.0571517944336,9.948065757751465,1506.3399658203125
2007-06-28,2341.89990234375,106.04303741455078,9.983036041259766,1505.7099609375
2007-06-29,2338.25,106.0782470703125,9.948065757751465,1503.3499755859375
2007-07-02,2363.280029296875,107.03729248046875,10.033556938171387,1519.4300537109375
2007-07-03,2372.219970703125,107.42514038085938,10.10350227355957,1524.8699951171875
2007-07-05,2373.070068359375,107.31233215332031,10.142364501953125,1525.4000244140625
2007-07-06,2381.590087890625,107.87649536132812,10.161794662475586,1530.43994140625
2007-07-09,2383.800048828125,107.9610366821289,10.22007942199707,1531.8499755859375
2007-07-10,2349.97998046875,106.42382049560547,10.10350227355957,1510.1199951171875
2007-07-11,2363.719970703125,107.1783676147461,10.161794662475586,1518.760009765625
2007-07-12,2408.7900390625,108.87075805664062,10.33277702331543,1547.699951171875
2007-07-13,2416.280029296875,109.19511413574219,10.356090545654297,1552.5
2007-07-16,2411.64990234375,109.18106079101562,10.387175559997559,1549.52001953125
2007-07-17,2411.409912109375,109.1246566772461,10.422155380249023,1549.3699951171875
2007-07-18,2406.68994140625,108.92713165283203,10.367748260498047,1546.1700439453125
2007-07-19,2417.5,109.35026550292969,10.453240394592285,1553.0799560546875
2007-07-20,2387.9599609375,108.2431411743164,10.414381980895996,1534.0999755859375
2007-07-23,2399.639892578125,108.57457733154297,10.429923057556152,1541.5699462890625
2007-07-24,2352.1201171875,106.69178009033203,10.325004577636719,1511.0400390625
2007-07-25,2363.1201171875,106.91035461425781,10.33665943145752,1518.0899658203125
2007-07-26,2307.97998046875,104.3788070678711,10.181224822998047,1482.6600341796875
2007-07-27,2271.409912109375,102.32677459716797,9.963605880737305,1458.949951171875
2007-07-30,2294.75,103.92753601074219,9.998579025268555,1473.9100341796875
2007-07-31,2265.75,102.7569351196289,9.928635597229004,1455.27001953125
2007-08-01,2282.300048828125,103.25757598876953,10.025781631469727,1465.81005859375
2007-08-02,2292.7900390625,104.0826187133789,10.045211791992188,1472.199951171875
2007-08-03,2231.97998046875,101.40300750732422,9.85091495513916,1433.06005859375
2007-08-06,2285.929931640625,103.10246276855469,10.006357192993164,1467.6700439453125
2007-08-07,2300.10009765625,104.20257568359375,10.025781631469727,1476.7099609375
2007-08-08,2333.239990234375,105.6551513671875,10.181224822998047,1497.489990234375
2007-08-09,2264.5,102.52423095703125,9.948065757751465,1453.0899658203125
2007-08-10,2265.360107421875,102.04474639892578,9.808173179626465,1453.6400146484375
2007-08-13,2264.580078125,102.41143035888672,9.94417953491211,1452.9200439453125
2007-08-14,2223.7099609375,100.84590911865234,9.742108345031738,1426.5400390625
2007-08-15,2193.39990234375,99.45674133300781,9.617759704589844,1406.699951171875
2007-08-16,2200.610107421875,100.20423126220703,9.555583000183105,1411.27001953125
2007-08-17,2254.679931640625,102.04474639892578,9.648843765258789,1445.93994140625
2007-08-20,2254.070068359375,101.99535369873047,9.683819770812988,1445.550048828125
2007-08-21,2256.530029296875,102.19984436035156,9.714908599853516,1447.1199951171875
2007-08-22,2283.090087890625,103.4127197265625,9.843145370483398,1464.0699462890625
2007-08-23,2280.679931640625,103.32108306884766,9.870345115661621,1462.5
2007-08-24,2307.219970703125,104.59739685058594,10.010241508483887,1479.3699951171875
2007-08-27,2287.6201171875,103.62432098388672,9.95583724975586,1466.7900390625
2007-08-28,2234.030029296875,101.34658813476562,9.777085304260254,1432.3599853515625
2007-08-29,2283.580078125,103.33518981933594,10.010241508483887,1463.760009765625
2007-08-30,2274.159912109375,103.06017303466797,10.052986145019531,1457.6400146484375
2007-08-31,2299.7099609375,104.07560729980469,10.119049072265625,1473.989990234375
2007-09-04,2323.830078125,105.12631225585938,10.274487495422363,1489.4200439453125
2007-09-05,2298.159912109375,104.21663665771484,10.165678977966309,1472.2900390625
2007-09-06,2308.35009765625,104.45640563964844,10.216196060180664,1478.550048828125
2007-09-07,2269.320068359375,103.00377655029297,10.006357192993164,1453.550048828125
2007-09-10,2266.510009765625,102.80625915527344,9.986923217773438,1451.699951171875
2007-09-11,2297.409912109375,104.00508117675781,10.130705833435059,1471.489990234375
2007-09-12,2298.139892578125,104.27301025390625,10.10350227355957,1471.56005859375
2007-09-13,2317.6298828125,105.00641632080078,10.10350227355957,1483.949951171875
2007-09-14,2318.110107421875,104.99938201904297,10.052986145019531,1484.25
2007-09-17,2306.25,104.43524932861328,10.049100875854492,1476.6500244140625
2007-09-18,2373.6298828125,107.5097885131836,10.247284889221191,1519.780029296875
2007-09-19,2388.14990234375,108.14443969726562,10.286144256591797,1529.030029296875
2007-09-20,2372.610107421875,107.38280487060547,10.325004577636719,1518.75
2007-09-21,2383.56005859375,107.67264556884766,10.404047012329102,1525.75
2007-09-24,2371.030029296875,107.47428131103516,10.376789093017578,1517.72998046875
2007-09-25,2370.27001953125,107.26168060302734,10.481921195983887,1517.2099609375
2007-09-26,2383.530029296875,107.82850646972656,10.548115730285645,1525.4200439453125
2007-09-27,2392.919921875,108.46613311767578,10.540324211120605,1531.3800048828125
2007-09-28,2385.719970703125,108.10479736328125,10.501394271850586,1526.75
2007-10-01,2417.43994140625,109.32349395751953,10.61430835723877,1547.0400390625
2007-10-02,2416.830078125,109.17464447021484,10.653244972229004,1546.6300048828125
2007-10-03,2406.31005859375,108.95507049560547,10.528645515441895,1539.5899658203125
2007-10-04,2411.409912109375,109.12510681152344,10.555898666381836,1542.8399658203125
2007-10-05,2435.159912109375,110.421630859375,10.668814659118652,1557.5899658203125
2007-10-08,2427.330078125,109.83358764648438,10.688288688659668,1552.5799560546875
2007-10-09,2447.030029296875,110.86800384521484,10.76616096496582,1565.1500244140625
2007-10-10,2443.02001953125,110.68379211425781,10.801206588745117,1562.469970703125
2007-10-11,2430.550048828125,110.15243530273438,10.684389114379883,1554.4100341796875
2007-10-12,2442.1201171875,110.7617416381836,10.789525985717773,1561.800048828125
2007-10-15,2421.669921875,109.82649993896484,10.711647033691406,1548.7099609375
2007-10-16,2405.760009765625,108.95507049560547,10.711647033691406,1538.530029296875
2007-10-17,2410.219970703125,109.28797912597656,10.801206588745117,1541.239990234375
2007-10-18,2408.4599609375,108.8912353515625,10.828461647033691,1540.0799560546875
2007-10-19,2346.780029296875,106.04302215576172,10.571477890014648,1500.6300048828125
2007-10-22,2355.739990234375,106.65941619873047,10.637669563293457,1506.3299560546875
2007-10-23,2376.47998046875,107.5238265991211,10.754478454589844,1519.5899658203125
2007-10-24,2370.7099609375,107.32547760009766,10.645458221435547,1515.8800048828125
2007-10-25,2368.429931640625,107.58051300048828,10.735014915466309,1514.4000244140625
2007-10-26,2401.070068359375,108.84164428710938,10.879081726074219,1535.280029296875
2007-10-29,2410.330078125,109.20301818847656,10.910228729248047,1540.97998046875
2007-10-30,2394.81005859375,108.44493865966797,10.92969799041748,1531.02001953125
2007-10-31,2423.669921875,109.57141876220703,11.058192253112793,1549.3800048828125
2007-11-01,2360.2099609375,107.0066146850586,10.937490463256836,1508.43994140625
2007-11-02,2362.2099609375,107.12706756591797,10.96084976196289,1509.6500244140625
2007-11-05,2350.68994140625,106.31229400634766,10.945276260375977,1502.1700439453125
2007-11-06,2379.050048828125,107.74347686767578,11.003680229187012,1520.27001953125
2007-11-07,2310.409912109375,104.79608154296875,10.707759857177734,1475.6199951171875
2007-11-08,2309.179931640625,104.26470947265625,10.326167106628418,1474.77001953125
2007-11-09,2276.260009765625,102.83345794677734,10.11201286315918,1453.699951171875
2007-11-12,2253.530029296875,101.813232421875,9.948478698730469,1439.1800537109375
2007-11-13,2319.860107421875,104.91651153564453,10.28723430633545,1481.050048828125
2007-11-14,2304.06005859375,104.62602996826172,10.228827476501465,1470.5799560546875
2007-11-15,2273.72998046875,103.11687469482422,10.104227066040039,1451.1500244140625
2007-11-16,2285.669921875,103.29396057128906,10.248296737670898,1458.739990234375
2007-11-19,2245.81005859375,101.8557357788086,10.045823097229004,1433.27001953125
2007-11-20,2256.02001953125,102.479248046875,10.131485939025879,1439.699951171875
2007-11-21,2220.2099609375,100.38201141357422,9.940693855285645,1416.77001953125
2007-11-23,2257.949951171875,102.11790466308594,10.038032531738281,1440.699951171875
2007-11-26,2205.489990234375,99.86478424072266,9.82777214050293,1407.219970703125
2007-11-27,2238.52001953125,101.01261138916016,9.936800956726074,1428.22998046875
2007-11-28,2303.169921875,104.24344635009766,10.228827476501465,1469.02001953125
2007-11-29,2304.429931640625,104.2788314819336,10.279448509216309,1469.719970703125
2007-11-30,2322.340087890625,105.32742309570312,10.224935531616211,1481.1400146484375
2007-12-03,2308.739990234375,104.63311004638672,10.162637710571289,1472.4200439453125
2007-12-04,2293.64990234375,103.6978530883789,10.123698234558105,1462.7900390625
2007-12-05,2329.7099609375,105.43367004394531,10.357322692871094,1485.010009765625
2007-12-06,2364.969970703125,106.94283294677734,10.46245288848877,1507.3399658203125
2007-12-07,2360.7900390625,106.92160034179688,10.474132537841797,1504.6600341796875
2007-12-10,2378.60009765625,107.7505111694336,10.524752616882324,1515.9599609375
2007-12-11,2318.52001953125,104.79608154296875,10.36121654510498,1477.6500244140625
2007-12-12,2332.85009765625,105.83045196533203,10.540324211120605,1486.5899658203125
2007-12-13,2335.7900390625,105.6108627319336,10.485816955566406,1488.4100341796875
2007-12-14,2303.7900390625,104.27173614501953,10.419623374938965,1467.949951171875
2007-12-17,2269.239990234375,102.78389739990234,10.221041679382324,1445.9000244140625
2007-12-18,2283.5,103.35774993896484,10.221041679382324,1454.97998046875
2007-12-19,2280.469970703125,103.35774993896484,10.28723430633545,1453.0
2007-12-20,2292.22998046875,104.00962829589844,10.435195922851562,1460.1199951171875
2007-12-21,2330.81005859375,105.50895690917969,10.569368362426758,1484.4599609375
2007-12-24,2349.659912109375,106.2924575805664,10.647602081298828,1496.449951171875
2007-12-26,2351.60009765625,106.52039337158203,10.706275939941406,1497.6600341796875
2007-12-27,2318.719970703125,105.18132019042969,10.55763053894043,1476.27001953125
2007-12-28,2322.110107421875,104.91776275634766,10.506779670715332,1478.489990234375
2007-12-31,2306.22998046875,104.1413803100586,10.428544998168945,1468.3599853515625
2008-01-02,2273.409912109375,103.22968292236328,10.217313766479492,1447.1600341796875
2008-01-03,2273.409912109375,103.1797866821289,10.232959747314453,1447.1600341796875
2008-01-04,2217.590087890625,100.65127563476562,9.833970069885254,1411.6300048828125
2008-01-07,2224.760009765625,100.56575775146484,9.747912406921387,1416.1800537109375
2008-01-08,2184.669921875,98.94178009033203,9.489740371704102,1390.18994140625
2008-01-09,2214.60009765625,99.98169708251953,9.622737884521484,1409.1300048828125
2008-01-10,2232.25,100.63703155517578,9.638387680053711,1420.3299560546875
2008-01-11,2202.030029296875,99.82500457763672,9.497564315795898,1401.02001953125
2008-01-14,2225.97998046875,100.6298828125,9.689236640930176,1416.25
2008-01-15,2170.510009765625,98.41468048095703,9.485828399658203,1380.949951171875
2008-01-16,2158.580078125,97.56708526611328,9.278510093688965,1373.199951171875
2008-01-17,2095.860107421875,95.03853607177734,9.196369171142578,1333.25
2008-01-18,2083.239990234375,94.06269836425781,9.035989761352539,1325.18994140625
2008-01-22,2060.14990234375,93.1082763671875,8.867789268493652,1310.5
2008-01-23,2104.3701171875,95.34479522705078,8.946019172668457,1338.5999755859375
2008-01-24,2125.610107421875,96.1496810913086,9.075106620788574,1352.0699462890625
2008-01-25,2091.8798828125,94.76075744628906,8.934283256530762,1330.6099853515625
2008-01-28,2128.639892578125,96.32776641845703,8.973400115966797,1353.9599609375
2008-01-29,2141.85009765625,96.80499267578125,9.051630973815918,1362.300048828125
2008-01-30,2131.7900390625,96.09272003173828,8.981221199035645,1355.81005859375
2008-01-31,2167.89990234375,97.84489440917969,9.0946626663208,1378.550048828125
2008-02-01,2194.429931640625,99.41901397705078,9.251131057739258,1395.4200439453125
2008-02-04,2171.510009765625,98.1654281616211,9.059457778930664,1380.8199462890625
2008-02-05,2102.22998046875,95.53715515136719,8.832578659057617,1336.6400146484375
2008-02-06,2087.050048828125,94.76790618896484,8.734786033630371,1326.449951171875
2008-02-07,2104.02001953125,95.39466094970703,8.789549827575684,1336.9100341796875
2008-02-08,2095.2099609375,94.78214263916016,8.723052024841309,1331.2900390625
2008-02-11,2107.64990234375,95.26648712158203,8.875605583190918,1339.1300048828125
2008-02-12,2123.06005859375,96.1496810913086,8.895164489746094,1348.8599853515625
2008-02-13,2152.760009765625,97.13265228271484,9.098573684692383,1367.2099609375
2008-02-14,2123.93994140625,96.27786254882812,8.918634414672852,1348.8599853515625
2008-02-15,2125.85009765625,96.25654602050781,8.88734245300293,1349.989990234375
2008-02-19,2124.1201171875,96.52722930908203,8.805201530456543,1348.780029296875
2008-02-20,2141.949951171875,96.81209564208984,8.820843696594238,1360.030029296875
2008-02-21,2115.1298828125,96.00718688964844,8.805201530456543,1342.530029296875
2008-02-22,2132.02001953125,96.59841918945312,8.79737377166748,1353.1099853515625
2008-02-25,2161.510009765625,97.81639862060547,8.848227500915527,1371.800048828125
2008-02-26,2176.47998046875,98.55001831054688,8.949930191040039,1381.2900390625
2008-02-27,2175.0,98.4503173828125,8.957752227783203,1380.02001953125
2008-02-28,2155.81005859375,97.48877716064453,8.844315528869629,1367.6800537109375
2008-02-29,2097.47998046875,95.31632995605469,8.664377212524414,1330.6300048828125
2008-03-03,2098.639892578125,95.08841705322266,8.660467147827148,1331.3399658203125
2008-03-04,2091.419921875,94.72514343261719,8.672203063964844,1326.75
2008-03-05,2103.419921875,95.32349395751953,8.734786033630371,1333.699951171875
2008-03-06,2057.43994140625,93.35041046142578,8.613529205322266,1304.3399658203125
2008-03-07,2040.1700439453125,92.38887023925781,8.613529205322266,1293.3699951171875
2008-03-10,2008.7099609375,91.17088317871094,8.519649505615234,1273.3699951171875
2008-03-11,2083.360107421875,94.44734954833984,8.820843696594238,1320.6500244140625
2008-03-12,2065.2099609375,93.56413269042969,8.730875968933105,1308.77001953125
2008-03-13,2075.8798828125,93.77069091796875,8.695669174194336,1315.47998046875
2008-03-14,2032.7900390625,92.3176498413086,8.586139678955078,1288.1400146484375
2008-03-17,2014.8800048828125,91.38457489013672,8.547025680541992,1276.5999755859375
2008-03-18,2100.3798828125,95.18102264404297,8.930371284484863,1330.739990234375
2008-03-19,2049.39990234375,92.82337188720703,8.664377212524414,1298.4200439453125
2008-03-20,2098.4599609375,94.54268646240234,8.760626792907715,1329.510009765625
2008-03-24,2130.6201171875,96.43243408203125,9.069737434387207,1349.8800048828125
2008-03-25,2135.5400390625,96.52548217773438,9.07756233215332,1352.989990234375
2008-03-26,2116.929931640625,95.34443664550781,8.901487350463867,1341.1300048828125
2008-03-27,2093.110107421875,95.04374694824219,8.831060409545898,1325.760009765625
2008-03-28,2076.56005859375,94.13471984863281,8.77627944946289,1315.219970703125
2008-03-31,2088.419921875,94.4639892578125,8.764547348022461,1322.699951171875
2008-04-01,2163.3798828125,97.78524780273438,9.018869400024414,1370.1800537109375
2008-04-02,2159.6298828125,97.84968566894531,9.12842845916748,1367.530029296875
2008-04-03,2162.4599609375,98.09307861328125,9.124519348144531,1369.31005859375
2008-04-04,2164.2099609375,97.9857406616211,9.093219757080078,1370.4000244140625
2008-04-07,2167.610107421875,98.03580474853516,9.101040840148926,1372.5400390625
2008-04-08,2157.280029296875,97.93563079833984,9.0462646484375,1365.5400390625
2008-04-09,2139.989990234375,97.22698211669922,9.007133483886719,1354.489990234375
2008-04-10,2149.669921875,97.36296081542969,9.081477165222168,1360.550048828125
2008-04-11,2106.010009765625,95.4732894897461,8.838887214660645,1332.8299560546875
2008-04-14,2098.919921875,95.15111541748047,8.803668975830078,1328.3199462890625
2008-04-15,2108.590087890625,95.3730697631836,8.803668975830078,1334.4300537109375
2008-04-16,2156.669921875,97.95711517333984,9.163642883300781,1364.7099609375
2008-04-17,2158.080078125,98.10026550292969,9.1597318649292,1365.56005859375
2008-04-18,2197.239990234375,99.12383270263672,9.320155143737793,1390.3299560546875
2008-04-21,2193.8701171875,99.17394256591797,9.3788423538208,1388.1700439453125
2008-04-22,2174.590087890625,98.7373275756836,9.331892013549805,1375.93994140625
2008-04-23,2180.909912109375,98.57981872558594,9.390585899353027,1379.9300537109375
2008-04-24,2194.9599609375,99.00931549072266,9.504050254821777,1388.8199462890625
2008-04-25,2209.25,99.92554473876953,9.390585899353027,1397.8399658203125
2008-04-28,2207.02001953125,99.94699096679688,9.390585899353027,1396.3699951171875
2008-04-29,2198.5,99.55331420898438,9.480571746826172,1390.93994140625
2008-04-30,2190.1298828125,98.96634674072266,9.312323570251465,1385.5899658203125
2008-05-01,2228.090087890625,101.01351165771484,9.703600883483887,1409.3399658203125
2008-05-02,2235.300048828125,101.29271697998047,9.699688911437988,1413.9000244140625
2008-05-05,2225.3701171875,100.80593872070312,9.656648635864258,1407.489990234375
2008-05-06,2242.469970703125,101.67923736572266,9.774031639099121,1418.260009765625
2008-05-07,2202.77001953125,99.86829376220703,9.601875305175781,1392.5699462890625
2008-05-08,2210.949951171875,99.61055755615234,9.617518424987793,1397.6800537109375
2008-05-09,2196.5400390625,99.42444610595703,9.586216926574707,1388.280029296875
2008-05-12,2220.81005859375,100.54110717773438,9.742732048034668,1403.5799560546875
2008-05-13,2220.4599609375,100.55541229248047,9.742732048034668,1403.0400390625
2008-05-14,2229.739990234375,100.76300811767578,9.762292861938477,1408.6600341796875
2008-05-15,2253.760009765625,102.02284240722656,9.950103759765625,1423.5699462890625
2008-05-16,2256.639892578125,102.11591339111328,9.926628112792969,1425.3499755859375
2008-05-19,2258.739990234375,102.39503479003906,9.977493286132812,1426.6300048828125
2008-05-20,2237.7900390625,101.56468963623047,9.820982933044434,1413.4000244140625
2008-05-21,2202.02001953125,99.84680938720703,9.562744140625,1390.7099609375
2008-05-22,2208.199951171875,99.86109924316406,9.5979585647583,1394.3499755859375
2008-05-23,2179.050048828125,98.5225601196289,9.578389167785645,1375.9300537109375
2008-05-27,2193.97998046875,99.25262451171875,9.734902381896973,1385.3499755859375
2008-05-28,2203.10009765625,99.71076965332031,9.78968334197998,1390.8399658203125
2008-05-29,2215.1201171875,100.21185302734375,9.86011028289795,1398.260009765625
2008-05-30,2218.5,100.46238708496094,9.918802261352539,1400.3800048828125
2008-06-02,2195.27001953125,99.42444610595703,9.777942657470703,1385.6700439453125
2008-06-03,2182.64990234375,98.84467315673828,9.723165512084961,1377.6500244140625
2008-06-04,2183.010009765625,98.79457092285156,9.742732048034668,1377.199951171875
2008-06-05,2225.739990234375,100.7701416015625,9.942280769348145,1404.050048828125
2008-06-06,2157.239990234375,97.55622863769531,9.6722993850708,1360.6800537109375
2008-06-09,2159.030029296875,97.79240417480469,9.652738571166992,1361.760009765625
2008-06-10,2153.77001953125,97.3056869506836,9.609697341918945,1358.43994140625
2008-06-11,2117.840087890625,95.87409973144531,9.363189697265625,1335.489990234375
2008-06-12,2124.93994140625,96.23914337158203,9.468840599060059,1339.8699951171875
2008-06-13,2156.9599609375,97.45600128173828,9.570569038391113,1360.030029296875
2008-06-16,2157.139892578125,97.5133056640625,9.59404468536377,1360.1400146484375
2008-06-17,2142.550048828125,97.0408706665039,9.55491828918457,1350.9300537109375
2008-06-18,2121.780029296875,96.09601593017578,9.453186988830566,1337.81005859375
2008-06-19,2130.300048828125,96.21771240234375,9.488401412963867,1342.8299560546875
2008-06-20,2090.820068359375,94.6559066772461,9.319275856018066,1317.9300537109375
2008-06-23,2090.93994140625,94.5624008178711,9.232954025268555,1318.0
2008-06-24,2085.080078125,94.3753662109375,9.22117805480957,1314.2900390625
2008-06-25,2097.3701171875,94.82137298583984,9.299660682678223,1321.969970703125
2008-06-26,2036.4000244140625,92.24600219726562,9.123085975646973,1283.1500244140625
2008-06-27,2028.8900146484375,91.74241638183594,9.001444816589355,1278.3800048828125
2008-06-30,2031.469970703125,92.0661392211914,8.989673614501953,1280.0
2008-07-01,2039.6600341796875,92.35389709472656,8.92689037322998,1284.9100341796875
2008-07-02,2002.6400146484375,90.77129364013672,8.809176445007324,1261.52001953125
2008-07-03,2004.8699951171875,90.86477661132812,8.76993179321289,1262.9000244140625
2008-07-07,1988.0899658203125,89.93675231933594,8.868032455444336,1252.31005859375
2008-07-08,2022.8299560546875,91.53382110595703,8.958281517028809,1273.699951171875
2008-07-09,1976.969970703125,89.77130889892578,8.691452026367188,1244.68994140625
2008-07-10,1990.780029296875,90.13821411132812,8.801325798034668,1253.3900146484375
2008-07-11,1968.8599853515625,89.0879135131836,8.71892261505127,1239.489990234375
2008-07-14,1951.0799560546875,88.28218078613281,8.652216911315918,1228.300048828125
2008-07-15,1929.8499755859375,87.0376968383789,8.632596969604492,1214.9100341796875
2008-07-16,1978.469970703125,89.17426300048828,8.758158683776855,1245.3599853515625
2008-07-17,2002.300048828125,90.0662612915039,8.848409652709961,1260.3199462890625
2008-07-18,2002.8800048828125,90.62739562988281,8.946507453918457,1260.6800537109375
2008-07-21,2001.8599853515625,90.67774200439453,8.76993179321289,1260.0
2008-07-22,2028.9100341796875,91.70645904541016,8.722844123840332,1277.0
2008-07-23,2037.1500244140625,92.20282745361328,8.879802703857422,1282.18994140625
2008-07-24,1990.0899658203125,90.28929901123047,8.652216911315918,1252.5400390625
2008-07-25,1998.4100341796875,90.2677230834961,8.773858070373535,1257.760009765625
2008-07-28,1961.22998046875,88.94404602050781,8.589436531066895,1234.3699951171875
2008-07-29,2007.2099609375,90.84321594238281,8.762083053588867,1263.199951171875
2008-07-30,2040.81005859375,92.46183776855469,8.820942878723145,1284.260009765625
2008-07-31,2014.3900146484375,91.23887634277344,8.76993179321289,1267.3800048828125
2008-08-01,2003.1600341796875,90.75684356689453,8.671835899353027,1260.31005859375
2008-08-04,1985.22998046875,89.91520690917969,8.715001106262207,1249.010009765625
2008-08-05,2042.43994140625,92.33951568603516,8.879802703857422,1284.8800048828125
2008-08-06,2050.22998046875,92.74954986572266,9.005370140075684,1289.18994140625
2008-08-07,2013.6600341796875,91.36833190917969,8.989673614501953,1266.0699462890625
2008-08-08,2061.77001953125,93.06608581542969,9.162325859069824,1296.3199462890625
2008-08-11,2076.590087890625,94.03007507324219,9.22117805480957,1305.3199462890625
2008-08-12,2051.659912109375,93.05169677734375,9.240802764892578,1289.5899658203125
2008-08-13,2046.3499755859375,92.4906234741211,9.205489158630371,1285.8299560546875
2008-08-14,2057.719970703125,93.18839263916016,9.276118278503418,1292.9300537109375
2008-08-15,2066.360107421875,93.64157104492188,9.311431884765625,1298.199951171875
2008-08-18,2035.300048828125,92.36112213134766,9.19371223449707,1278.5999755859375
2008-08-19,2016.52001953125,91.35397338867188,9.032830238342285,1266.68994140625
2008-08-20,2029.1500244140625,91.77838134765625,9.052453994750977,1274.5400390625
2008-08-21,2034.3499755859375,91.93667602539062,9.017139434814453,1277.719970703125
2008-08-22,2057.639892578125,93.26752471923828,9.142704963684082,1292.199951171875
2008-08-25,2017.27001953125,91.37557220458984,9.024988174438477,1266.8399658203125
2008-08-26,2024.719970703125,91.64170837402344,8.989673614501953,1271.510009765625
2008-08-27,2041.239990234375,92.53378295898438,9.075995445251465,1281.6600341796875
2008-08-28,2071.860107421875,93.65597534179688,9.130932807922363,1300.6800537109375
2008-08-29,2043.530029296875,92.64885711669922,8.92689037322998,1282.8299560546875
2008-09-02,2035.239990234375,92.07337188720703,8.875885009765625,1277.5799560546875
2008-09-03,2032.1300048828125,91.99420928955078,8.758158683776855,1274.97998046875
2008-09-04,1971.3699951171875,89.22461700439453,8.444244384765625,1236.8299560546875
2008-09-05,1980.1800537109375,89.50515747070312,8.444244384765625,1242.31005859375
2008-09-08,2021.1300048828125,91.35397338867188,8.546273231506348,1267.7900390625
2008-09-09,1952.1400146484375,88.64189147949219,8.397163391113281,1224.510009765625
2008-09-10,1964.25,89.00159454345703,8.357922554016113,1232.0400390625
2008-09-11,1992.0,90.28929901123047,8.495257377624512,1249.050048828125
2008-09-12,1996.260009765625,90.70651245117188,8.53449821472168,1251.699951171875
2008-09-15,1902.1700439453125,86.3902359008789,8.12248706817627,1192.699951171875
2008-09-16,1935.489990234375,87.83619689941406,8.275522232055664,1213.5999755859375
2008-09-17,1844.31005859375,83.8868179321289,7.816421985626221,1156.3900146484375
2008-09-18,1924.8499755859375,86.37584686279297,8.149956703186035,1206.510009765625
2008-09-19,2002.3199462890625,89.80615234375,8.2094087600708,1255.0799560546875
2008-09-22,1925.8599853515625,87.77301025390625,7.9967942237854,1207.0899658203125
2008-09-23,1895.780029296875,85.77606201171875,7.992856502532959,1188.219970703125
2008-09-24,1892.050048828125,86.05095672607422,8.012540817260742,1185.8699951171875
2008-09-25,1929.239990234375,87.39673614501953,8.150352478027344,1209.1800537109375
2008-09-26,1935.7900390625,87.4401626586914,8.189725875854492,1213.27001953125
2008-09-29,1765.719970703125,80.5882339477539,7.4809980392456055,1106.4200439453125
2008-09-30,1861.43994140625,83.92376708984375,7.815673828125,1166.3599853515625
2008-10-01,1853.260009765625,83.97441864013672,7.7448015213012695,1161.06005859375
2008-10-02,1778.9000244140625,80.92830657958984,7.441622257232666,1114.280029296875
2008-10-03,1754.9100341796875,79.83572387695312,7.335313320159912,1099.22998046875
2008-10-06,1687.3399658203125,75.76943969726562,6.929764270782471,1056.8900146484375
2008-10-07,1590.510009765625,72.37601470947266,6.575403213500977,996.22998046875
2008-10-08,1573.3399658203125,70.55268859863281,6.5163445472717285,984.9400024414062
2008-10-09,1453.52001953125,65.62540435791016,6.29978609085083,909.9199829101562
2008-10-10,1436.56005859375,64.03353881835938,6.260415077209473,899.219970703125
2008-10-13,1602.9300537109375,73.33110809326172,6.9927659034729,1003.3499755859375
2008-10-14,1594.4100341796875,72.24578857421875,6.756519794464111,998.010009765625
2008-10-15,1450.5,65.13336181640625,6.248600959777832,907.8400268554688
2008-10-16,1512.2099609375,67.84663391113281,6.575403213500977,946.4299926757812
2008-10-17,1502.8399658203125,67.44146728515625,6.5124053955078125,940.5499877929688
2008-10-20,1574.5,71.4933090209961,6.772270679473877,985.4000244140625
2008-10-21,1526.02001953125,69.35887145996094,6.417910099029541,955.0499877929688
2008-10-22,1433.219970703125,65.58192443847656,6.083231449127197,896.780029296875
2008-10-23,1451.3699951171875,66.34166717529297,6.221040725708008,908.1099853515625
2008-10-24,1401.2900390625,62.97720718383789,5.929677486419678,876.77001953125
2008-10-27,1356.780029296875,60.74144744873047,5.8076171875,848.9199829101562
2008-10-28,1503.1600341796875,67.83941650390625,6.614776611328125,940.510009765625
2008-10-29,1486.72998046875,67.34737396240234,6.358848571777344,930.0900268554688
2008-10-30,1525.3699951171875,69.67720794677734,6.595089912414551,954.0900268554688
2008-10-31,1548.81005859375,70.06066131591797,6.555716514587402,968.75
2008-11-03,1544.9100341796875,70.26329803466797,6.555716514587402,966.2999877929688
2008-11-04,1608.0,72.65096282958984,6.831333637237549,1005.75
2008-11-05,1524.2099609375,69.5976333618164,6.417910099029541,952.77001953125
2008-11-06,1448.010009765625,65.74116516113281,6.063544750213623,904.8800048828125
2008-11-07,1490.31005859375,67.91172790527344,6.236790180206299,930.989990234375
2008-11-10,1471.6400146484375,67.02182006835938,6.169853687286377,919.2100219726562
2008-11-11,1439.219970703125,64.95246124267578,6.035982131958008,898.9500122070312
2008-11-12,1365.1500244140625,62.09447479248047,5.752495288848877,852.2999877929688
2008-11-13,1459.8199462890625,65.96540069580078,6.1107940673828125,911.2899780273438
2008-11-14,1399.199951171875,62.67329406738281,5.831239700317383,873.2899780273438
2008-11-17,1363.1400146484375,61.84122848510742,5.665870189666748,850.75
2008-11-18,1376.8199462890625,63.00614929199219,5.744620323181152,859.1199951171875
2008-11-19,1292.760009765625,58.96877670288086,5.425692081451416,806.5800170898438
2008-11-20,1206.0400390625,54.591331481933594,5.193387031555176,752.4400024414062
2008-11-21,1282.5899658203125,57.536155700683594,5.469002723693848,800.030029296875
2008-11-24,1365.6300048828125,61.52283477783203,5.736742973327637,851.8099975585938
2008-11-25,1374.7900390625,61.97869873046875,5.815493583679199,857.3900146484375
2008-11-26,1423.9000244140625,64.37360382080078,5.99661111831665,887.6799926757812
2008-11-28,1437.6800537109375,65.18400573730469,6.004485607147217,896.239990234375
2008-12-01,1309.3900146484375,59.41014862060547,5.571372985839844,816.2100219726562
2008-12-02,1361.7900390625,61.69652557373047,5.76824426651001,848.8099975585938
2008-12-03,1397.719970703125,63.17978286743164,5.933611869812012,870.739990234375
2008-12-04,1356.81005859375,61.71824264526367,5.69343376159668,845.219970703125
2008-12-05,1406.3599853515625,63.62116622924805,5.917862892150879,876.0700073242188
2008-12-08,1460.5999755859375,65.84239959716797,6.193479061126709,909.7000122070312
2008-12-09,1426.8800048828125,64.75709533691406,6.154104709625244,888.6699829101562
2008-12-10,1444.0,65.19845581054688,6.102919101715088,899.239990234375
2008-12-11,1403.199951171875,63.628387451171875,5.972985744476318,873.5900268554688
2008-12-12,1413.0699462890625,64.38809967041016,6.043856143951416,879.72998046875
2008-12-15,1395.2099609375,63.49088668823242,5.976923942565918,868.5700073242188
2008-12-16,1466.8699951171875,66.4791488647461,6.287973403930664,913.1799926757812
2008-12-17,1452.8800048828125,65.8351821899414,6.16591739654541,904.4199829101562
2008-12-18,1422.18994140625,64.60518646240234,5.992672443389893,885.280029296875
2008-12-19,1426.3900146484375,64.32725524902344,6.044528484344482,887.8800048828125
2008-12-22,1400.4200439453125,63.50300216674805,5.9614033699035645,871.6300048828125
2008-12-23,1387.0799560546875,62.846561431884766,5.878275394439697,863.1599731445312
2008-12-24,1395.760009765625,63.21128845214844,5.917858600616455,868.1500244140625
2008-12-26,1403.219970703125,63.57595443725586,5.909942150115967,872.7999877929688
2008-12-29,1398.25,63.39360046386719,5.913900852203369,869.4199829101562
2008-12-30,1432.6500244140625,64.89617919921875,6.024736404418945,890.6400146484375
2008-12-31,1452.97998046875,65.82256317138672,6.099945068359375,903.25
2009-01-02,1499.1700439453125,67.80657958984375,6.329535007476807,931.7999877929688
2009-01-05,1492.2099609375,67.72632598876953,6.309742450714111,927.4500122070312
2009-01-06,1503.8699951171875,68.17857360839844,6.45620584487915,934.7000122070312
2009-01-07,1459.5799560546875,66.13623046875,6.250365734100342,906.6500244140625
2009-01-08,1464.5999755859375,66.40609741210938,6.293910980224609,909.72998046875
2009-01-09,1433.4100341796875,64.98372650146484,6.155364513397217,890.3499755859375
2009-01-12,1401.0699462890625,63.42280197143555,6.044528484344482,870.260009765625
2009-01-13,1403.6300048828125,63.53947448730469,6.016819477081299,871.7899780273438
2009-01-14,1356.7900390625,61.54091262817383,5.834733486175537,842.6199951171875
2009-01-15,1358.6400146484375,61.56277847290039,5.8743157386779785,843.739990234375
2009-01-16,1368.9200439453125,62.044166564941406,5.913900852203369,850.1199951171875
2009-01-20,1296.6300048828125,58.76909637451172,5.672433376312256,805.219970703125
2009-01-21,1353.3299560546875,61.30745315551758,5.9455671310424805,840.239990234375
2009-01-22,1332.8399658203125,60.35923385620117,5.810981750488281,827.5
2009-01-23,1340.02001953125,60.621829986572266,5.894106388092041,831.9500122070312
2009-01-26,1347.469970703125,61.037601470947266,5.965359210968018,836.5700073242188
2009-01-27,1362.1800537109375,61.6575927734375,6.000984191894531,845.7100219726562
2009-01-28,1408.0699462890625,63.74370574951172,6.171198844909668,874.0900268554688
2009-01-29,1361.5400390625,61.67219161987305,5.989111423492432,845.1400146484375
2009-01-30,1330.510009765625,60.4175910949707,5.810981750488281,825.8800048828125
2009-02-02,1329.81005859375,60.235252380371094,5.902022361755371,825.4400024414062
2009-02-03,1350.8900146484375,61.08134841918945,6.020776748657227,838.510009765625
2009-02-04,1341.77001953125,60.78229522705078,6.016819477081299,832.22998046875
2009-02-05,1363.8199462890625,61.68680191040039,6.111820697784424,845.8499755859375
2009-02-06,1401.06005859375,63.44469451904297,6.3216166496276855,868.5999755859375
2009-02-09,1403.18994140625,63.53220748901367,6.337451457977295,869.8900146484375
2009-02-10,1334.300048828125,60.621829986572266,6.08015251159668,827.1599731445312
2009-02-11,1345.5,60.97922134399414,6.09202766418457,833.739990234375
2009-02-12,1348.1500244140625,61.02299118041992,6.119737148284912,835.1900024414062
2009-02-13,1334.8299560546875,60.366519927978516,6.09202766418457,826.8400268554688
2009-02-17,1274.260009765625,57.78440475463867,5.83868932723999,789.1699829101562
2009-02-18,1273.2900390625,57.64582443237305,5.842648983001709,788.4199829101562
2009-02-19,1258.8199462890625,57.02579116821289,5.700143337249756,778.9400024414062
2009-02-20,1244.719970703125,56.471435546875,5.755562782287598,770.0499877929688
2009-02-23,1201.56005859375,54.45097732543945,5.490346908569336,743.3300170898438
2009-02-24,1249.760009765625,56.515220642089844,5.636810779571533,773.1400146484375
2009-02-25,1236.739990234375,56.07026672363281,5.688268661499023,764.9000244140625
2009-02-26,1217.489990234375,55.15850067138672,5.628892421722412,752.8300170898438
2009-02-27,1188.8399658203125,53.92579650878906,5.5893096923828125,735.0900268554688
2009-03-02,1133.4300537109375,51.4968147277832,5.454721927642822,700.8200073242188
2009-03-03,1126.1800537109375,51.1102409362793,5.403264045715332,696.3300170898438
2009-03-04,1153.3499755859375,52.321067810058594,5.545765399932861,712.8699951171875
2009-03-05,1104.3800048828125,50.18386459350586,5.375553131103516,682.5499877929688
2009-03-06,1106.0,50.27139663696289,5.403264045715332,683.3800048828125
2009-03-09,1095.0400390625,49.68056869506836,5.233047962188721,676.530029296875
2009-03-10,1164.8299560546875,52.64201354980469,5.533891201019287,719.5999755859375
2009-03-11,1168.0699462890625,52.98482894897461,5.656600475311279,721.3599853515625
2009-03-12,1215.8699951171875,55.07097625732422,5.818896293640137,750.739990234375
2009-03-13,1225.3199462890625,55.50129318237305,5.818896293640137,756.5499877929688
2009-03-16,1221.030029296875,55.33354187011719,5.767436504364014,753.8900146484375
2009-03-17,1260.2900390625,57.02579116821289,5.977234363555908,778.1199951171875
2009-03-18,1286.6199951171875,58.302268981933594,6.060361385345459,794.3499755859375
2009-03-19,1269.9300537109375,57.58014678955078,6.076193809509277,784.0399780273438
2009-03-20,1244.8599853515625,56.35405731201172,5.983498573303223,768.5399780273438
2009-03-23,1333.2099609375,60.40188980102539,6.337577819824219,822.9199829101562
2009-03-24,1306.030029296875,59.2117805480957,6.234136581420898,806.1199951171875
2009-03-25,1318.6099853515625,59.83622741699219,6.269942760467529,813.8800048828125
2009-03-26,1349.3699951171875,61.05573272705078,6.433059215545654,832.8599853515625
2009-03-27,1322.18994140625,59.953765869140625,6.293813705444336,815.9400024414062
2009-03-30,1276.219970703125,57.88209533691406,6.098873138427734,787.530029296875
2009-03-31,1292.97998046875,58.41838073730469,6.21424674987793,797.8699951171875
2009-04-01,1314.6300048828125,59.54972839355469,6.389293670654297,811.0800170898438
2009-04-02,1352.469970703125,61.29084014892578,6.556385517120361,834.3800048828125
2009-04-03,1365.6600341796875,61.90056228637695,6.647890090942383,842.5
2009-04-06,1354.3599853515625,61.41568374633789,6.580256938934326,835.47998046875
2009-04-07,1322.9100341796875,59.98313903808594,6.3972487449646,815.5499877929688
2009-04-08,1338.530029296875,60.62966537475586,6.492733478546143,825.1599731445312
2009-04-09,1389.489990234375,63.03925704956055,6.655847549438477,856.5599975585938
2009-04-13,1393.1300048828125,63.053955078125,6.655847549438477,858.72998046875
2009-04-14,1365.199951171875,61.96666717529297,6.584236145019531,841.5
2009-04-15,1382.3599853515625,62.627845764160156,6.564342975616455,852.0599975585938
2009-04-16,1403.8900146484375,63.546138763427734,6.759284496307373,865.2999877929688
2009-04-17,1410.8499755859375,63.97224807739258,6.747348785400391,869.5999755859375
2009-04-20,1350.52001953125,61.29084014892578,6.5325164794921875,832.3900146484375
2009-04-21,1379.219970703125,62.488250732421875,6.643909931182861,850.0800170898438
2009-04-22,1368.9200439453125,62.106285095214844,6.675739288330078,843.5499877929688
2009-04-23,1382.52001953125,62.71601867675781,6.707566261291504,851.9199829101562
2009-04-24,1405.739990234375,63.663719177246094,6.803045272827148,866.22998046875
2009-04-27,1391.5799560546875,63.06127166748047,6.7712178230285645,857.510009765625
2009-04-28,1387.8199462890625,62.862918853759766,6.767242908477783,855.1599731445312
2009-04-29,1417.989990234375,64.199951171875,6.842831134796143,873.6400146484375
2009-04-30,1416.72998046875,64.2220230102539,6.862722873687744,872.8099975585938
2009-05-01,1424.4100341796875,64.56732177734375,6.954224109649658,877.52001953125
2009-05-04,1472.6400146484375,66.76383972167969,7.0815348625183105,907.239990234375
2009-05-05,1467.25,66.53612518310547,7.037774085998535,903.7999877929688
2009-05-06,1493.31005859375,67.68949127197266,7.0775556564331055,919.530029296875
2009-05-07,1473.6600341796875,66.74917602539062,6.807027339935303,907.3900146484375
2009-05-08,1509.1400146484375,68.30656433105469,6.799069881439209,929.22998046875
2009-05-11,1477.199951171875,67.02835083007812,6.818959712982178,909.239990234375
2009-05-12,1475.8299560546875,66.8299560546875,6.78315544128418,908.3499755859375
2009-05-13,1436.739990234375,65.14765930175781,6.612085342407227,883.9199829101562
2009-05-14,1451.1700439453125,65.70602416992188,6.683694839477539,893.0700073242188
2009-05-15,1435.47998046875,65.16969299316406,6.683694839477539,882.8800048828125
2009-05-18,1479.239990234375,67.02095794677734,6.866702556610107,909.7100219726562
2009-05-19,1476.93994140625,66.94017791748047,6.906484127044678,908.1300048828125
2009-05-20,1469.469970703125,66.4920654296875,6.834875106811523,903.469970703125
2009-05-21,1445.280029296875,65.53701782226562,6.715521335601807,888.3300170898438
2009-05-22,1443.1400146484375,65.39741516113281,6.739393711090088,887.0
2009-05-26,1481.0999755859375,67.07244110107422,6.9144392013549805,910.3300170898438
2009-05-27,1453.280029296875,65.87494659423828,6.846808433532715,893.0599975585938
2009-05-28,1475.93994140625,66.79324340820312,6.94627046585083,906.8300170898438
2009-05-29,1495.969970703125,67.97602081298828,7.021857738494873,919.1400146484375
2009-06-01,1534.6500244140625,69.62159729003906,7.2207770347595215,942.8699951171875
2009-06-02,1537.68994140625,69.68035888671875,7.204863548278809,944.739990234375
2009-06-03,1516.8800048828125,68.7988052368164,7.125297546386719,931.760009765625
2009-06-04,1534.5899658203125,69.44527435302734,7.224757671356201,942.4600219726562
2009-06-05,1530.81005859375,69.4599609375,7.296367645263672,940.0900268554688
2009-06-08,1529.5899658203125,69.17346954345703,7.2526044845581055,939.1400146484375
2009-06-09,1535.030029296875,69.52607727050781,7.2844319343566895,942.4299926757812
2009-06-10,1529.760009765625,69.34980010986328,7.304325580596924,939.1500244140625
2009-06-11,1539.5,69.65834045410156,7.332172870635986,944.8900146484375
2009-06-12,1541.699951171875,69.84933471679688,7.312281608581543,946.2100219726562
2009-06-15,1505.06005859375,68.24787139892578,7.236688137054443,923.719970703125
2009-06-16,1485.9200439453125,67.32218170166016,7.145191669464111,911.969970703125
2009-06-17,1483.9000244140625,67.25604248046875,7.184974193572998,910.7100219726562
2009-06-18,1496.5899658203125,67.748291015625,7.153142929077148,918.3699951171875
2009-06-19,1501.25,67.99797821044922,7.2414679527282715,921.22998046875
2009-06-22,1455.5400390625,65.95892333984375,7.061631679534912,893.0399780273438
2009-06-23,1458.9200439453125,66.01066589355469,7.065624713897705,895.0999755859375
2009-06-24,1468.47998046875,66.57951354980469,7.16553258895874,900.9400024414062
2009-06-25,1499.97998046875,68.02754211425781,7.269439220428467,920.260009765625
2009-06-26,1498.0799560546875,67.8502197265625,7.257452487945557,918.9000244140625
2009-06-29,1511.699951171875,68.48556518554688,7.333380222320557,927.22998046875
2009-06-30,1498.93994140625,67.93148040771484,7.277430534362793,919.3200073242188
2009-07-01,1505.6400146484375,68.21227264404297,7.30940580368042,923.3300170898438
2009-07-02,1461.800048828125,66.3504867553711,7.1255693435668945,896.4199829101562
2009-07-06,1465.5799560546875,66.34314727783203,7.105589866638184,898.719970703125
2009-07-07,1436.739990234375,65.05763244628906,6.929747104644775,881.030029296875
2009-07-08,1435.199951171875,65.01331329345703,6.933745384216309,879.5599975585938
2009-07-09,1440.300048828125,65.13890075683594,6.977705001831055,882.6799926757812
2009-07-10,1434.5,64.98370361328125,7.005679130554199,879.1300048828125
2009-07-13,1470.4300537109375,66.56474304199219,7.1375579833984375,901.0499877929688
2009-07-14,1478.239990234375,66.9415283203125,7.145550727844238,905.8400268554688
2009-07-15,1522.0899658203125,68.89930725097656,7.413313388824463,932.6799926757812
2009-07-16,1535.300048828125,68.78848266601562,7.52121114730835,940.739990234375
2009-07-17,1534.7099609375,69.54204559326172,7.593148708343506,940.3800048828125
2009-07-20,1552.260009765625,70.2808837890625,7.661087512969971,951.1300048828125
2009-07-21,1557.9100341796875,70.60589599609375,7.705050468444824,954.5800170898438
2009-07-22,1557.3699951171875,70.59112548828125,7.749006271362305,954.0700073242188
2009-07-23,1593.6500244140625,72.14997100830078,7.900871276855469,976.2899780273438
2009-07-24,1598.5,72.44547271728516,7.852916240692139,979.260009765625
2009-07-27,1603.260009765625,72.65974426269531,7.852916240692139,982.1799926757812
2009-07-28,1599.0899658203125,72.31990814208984,7.868899345397949,979.6199951171875
2009-07-29,1592.0,72.14259338378906,7.860907077789307,975.1500244140625
2009-07-30,1611.1400146484375,72.89612579345703,7.900871276855469,986.75
2009-07-31,1612.31005859375,72.99959564208984,7.872897624969482,987.47998046875
2009-08-03,1637.06005859375,74.20379638671875,7.980800151824951,1002.6300048828125
2009-08-04,1642.030029296875,74.3958969116211,7.956823348999023,1005.6500244140625
2009-08-05,1637.81005859375,74.1816177368164,7.884886264801025,1002.719970703125
2009-08-06,1628.8199462890625,73.79749298095703,7.828935146331787,997.0800170898438
2009-08-07,1650.72998046875,74.76526641845703,7.908865928649902,1010.47998046875
2009-08-10,1645.260009765625,74.61013793945312,7.872897624969482,1007.0999755859375
2009-08-11,1624.9100341796875,73.67924499511719,7.7609944343566895,994.3499755859375
2009-08-12,1644.22998046875,74.46977233886719,7.916855812072754,1005.8099975585938
2009-08-13,1655.6600341796875,75.03862762451172,7.952823162078857,1012.72998046875
2009-08-14,1641.5400390625,74.46237182617188,7.876891136169434,1004.0900268554688
2009-08-17,1602.06005859375,72.63020324707031,7.689061164855957,979.72998046875
2009-08-18,1618.5999755859375,73.20640563964844,7.804955959320068,989.6699829101562
2009-08-19,1629.9200439453125,73.84918975830078,7.824936866760254,996.4600219726562
2009-08-20,1647.8499755859375,74.61013793945312,7.912861347198486,1007.3699951171875
2009-08-21,1678.8399658203125,76.07293701171875,8.02875804901123,1026.1300048828125
2009-08-24,1677.93994140625,76.06553649902344,8.004776954650879,1025.5699462890625
2009-08-25,1681.9200439453125,76.21333312988281,8.024754524230957,1028.0
2009-08-26,1682.2900390625,76.2206802368164,8.060725212097168,1028.1199951171875
2009-08-27,1687.1600341796875,76.39063262939453,8.076712608337402,1030.97998046875
2009-08-28,1684.050048828125,76.37580871582031,8.10468864440918,1028.9300537109375
2009-08-31,1670.52001953125,75.6961898803711,8.000782012939453,1020.6199951171875
2009-09-01,1633.6300048828125,74.02651977539062,7.836928844451904,998.0399780273438
2009-09-02,1628.6600341796875,73.74576568603516,7.852916240692139,994.75
2009-09-03,1642.6800537109375,74.35896301269531,7.888880252838135,1003.239990234375
2009-09-04,1664.3399658203125,75.400634765625,8.02875804901123,1016.4000244140625
2009-09-08,1679.3199462890625,76.05077362060547,8.088701248168945,1025.3900146484375
2009-09-09,1692.47998046875,76.63442993164062,8.148648262023926,1033.3699951171875
2009-09-10,1710.1400146484375,77.41754150390625,8.26054859161377,1044.1400146484375
2009-09-11,1708.1800537109375,77.4027328491211,8.268539428710938,1042.72998046875
2009-09-14,1719.0400390625,77.779541015625,8.240569114685059,1049.3399658203125
2009-09-15,1724.449951171875,78.1045913696289,8.296512603759766,1052.6300048828125
2009-09-16,1750.9100341796875,79.28665924072266,8.360453605651855,1068.760009765625
2009-09-17,1745.800048828125,79.16846466064453,8.328484535217285,1065.489990234375
2009-09-18,1750.4300537109375,79.21893310546875,8.379430770874023,1068.300048828125
2009-09-21,1744.469970703125,79.01850128173828,8.34332275390625,1064.6600341796875
2009-09-22,1755.989990234375,79.47874450683594,8.387450218200684,1071.6600341796875
2009-09-23,1738.3199462890625,78.81808471679688,8.387450218200684,1060.8699951171875
2009-09-24,1722.02001953125,77.94957733154297,8.307221412658691,1050.780029296875
2009-09-25,1711.530029296875,77.53389739990234,8.255077362060547,1044.3800048828125
2009-09-28,1742.3199462890625,78.92198181152344,8.391458511352539,1062.97998046875
2009-09-29,1738.47998046875,78.68448638916016,8.347334861755371,1060.6099853515625
2009-09-30,1732.8599853515625,78.380126953125,8.371404647827148,1057.0799560546875
2009-10-01,1688.239990234375,76.4352798461914,8.122714042663574,1029.8499755859375
2009-10-02,1680.699951171875,76.07894897460938,8.122714042663574,1025.2099609375
2009-10-05,1705.72998046875,77.21471405029297,8.190903663635254,1040.4599609375
2009-10-06,1729.1400146484375,78.32070922851562,8.339317321777344,1054.719970703125
2009-10-07,1734.739990234375,78.53598022460938,8.323271751403809,1057.5799560546875
2009-10-08,1747.699951171875,79.13729095458984,8.375414848327637,1065.47998046875
2009-10-09,1757.5999755859375,79.6197738647461,8.431571960449219,1071.489990234375
2009-10-12,1765.31005859375,79.93155670166016,8.435587882995605,1076.18994140625
2009-10-13,1760.510009765625,79.76820373535156,8.467674255371094,1073.18994140625
2009-10-14,1791.469970703125,81.1414794921875,8.567953109741211,1092.02001953125
2009-10-15,1798.9100341796875,81.43841552734375,8.551909446716309,1096.56005859375
2009-10-16,1784.3499755859375,80.8297348022461,8.471686363220215,1087.6800537109375
2009-10-19,1801.1199951171875,81.49781799316406,8.563943862915039,1097.9100341796875
2009-10-20,1789.9300537109375,81.06724548339844,8.535871505737305,1091.06005859375
2009-10-21,1774.3299560546875,80.3398208618164,8.539875030517578,1081.4000244140625
2009-10-22,1793.3399658203125,81.15635681152344,8.57999038696289,1092.9100341796875
2009-10-23,1771.5,80.22848510742188,8.55591869354248,1079.5999755859375
2009-10-26,1750.75,79.35995483398438,8.499764442443848,1066.949951171875
2009-10-27,1744.949951171875,78.9962158203125,8.45564079284668,1063.4100341796875
2009-10-28,1711.0899658203125,77.50421142578125,8.331293106079102,1042.6300048828125
2009-10-29,1749.760009765625,79.16698455810547,8.491741180419922,1066.1099853515625
2009-10-30,1700.6700439453125,76.87322235107422,8.267111778259277,1036.18994140625
2009-11-02,1711.6500244140625,77.43742370605469,8.315247535705566,1042.8800048828125
2009-11-03,1715.81005859375,77.6823501586914,8.283157348632812,1045.4100341796875
2009-11-04,1718.2099609375,77.88280487060547,8.331293106079102,1046.5
2009-11-05,1751.449951171875,79.3154067993164,8.511798858642578,1066.6300048828125
2009-11-06,1756.0699462890625,79.52327728271484,8.523829460144043,1069.300048828125
2009-11-09,1795.56005859375,81.33448791503906,8.720381736755371,1093.0799560546875
2009-11-10,1795.9000244140625,81.34935760498047,8.71636962890625,1093.010009765625
2009-11-11,1804.9300537109375,81.7650375366211,8.768513679504395,1098.510009765625
2009-11-12,1786.6600341796875,80.93367004394531,8.704338073730469,1087.239990234375
2009-11-13,1796.9300537109375,81.37164306640625,8.784555435180664,1093.47998046875
2009-11-16,1823.2900390625,82.55189514160156,8.880828857421875,1109.300048828125
2009-11-17,1825.1800537109375,82.64840698242188,8.920942306518555,1110.3199462890625
2009-11-18,1824.6099853515625,82.59642028808594,8.872804641723633,1109.800048828125
2009-11-19,1800.1199951171875,81.52011108398438,8.744444847106934,1094.9000244140625
2009-11-20,1794.6500244140625,81.23057556152344,8.700325012207031,1091.3800048828125
2009-11-23,1819.1700439453125,82.26237487792969,8.852751731872559,1106.239990234375
2009-11-24,1818.31005859375,82.38856506347656,8.83670711517334,1105.6500244140625
2009-11-25,1826.739990234375,82.67804718017578,8.852751731872559,1110.6300048828125
2009-11-27,1795.699951171875,81.33448791503906,8.708346366882324,1091.489990234375
2009-11-30,1802.6800537109375,81.60916900634766,8.72439193725586,1095.6300048828125
2009-12-01,1824.5400390625,82.61868286132812,8.864781379699707,1108.8599853515625
2009-12-02,1825.4000244140625,82.58158874511719,8.852751731872559,1109.239990234375
2009-12-03,1810.1300048828125,81.93576049804688,8.85676383972168,1099.9200439453125
2009-12-04,1820.1099853515625,82.40342712402344,8.912919044494629,1105.97998046875
2009-12-07,1815.699951171875,82.27722930908203,8.896876335144043,1103.25
2009-12-08,1797.31005859375,81.36417388916016,8.816648483276367,1091.93994140625
2009-12-09,1804.0999755859375,81.66854858398438,8.900883674621582,1095.949951171875
2009-12-10,1814.81005859375,82.12875366210938,8.941000938415527,1102.3499755859375
2009-12-11,1821.5,82.47764587402344,8.920942306518555,1106.4100341796875
2009-12-14,1834.550048828125,83.04180908203125,8.993145942687988,1114.1099853515625
2009-12-15,1824.3699951171875,82.65579223632812,8.936985969543457,1107.9300537109375
2009-12-16,1826.449951171875,82.78194427490234,8.965067863464355,1109.1800537109375
2009-12-17,1804.9599609375,81.78732299804688,8.85676383972168,1096.0799560546875
2009-12-18,1815.3499755859375,82.25000762939453,8.989206314086914,1102.469970703125
2009-12-21,1834.5899658203125,83.08589935302734,9.069716453552246,1114.050048828125
2009-12-22,1841.1700439453125,83.38440704345703,9.142175674438477,1118.02001953125
2009-12-23,1845.800048828125,83.54857635498047,9.1784086227417,1120.5899658203125
2009-12-24,1855.5,83.94412994384766,9.262948036193848,1126.47998046875
2009-12-28,1857.8900146484375,84.12324523925781,9.291123390197754,1127.780029296875
2009-12-29,1855.6099853515625,84.00379943847656,9.279047966003418,1126.199951171875
2009-12-30,1856.1400146484375,83.97393798828125,9.311256408691406,1126.4200439453125
2009-12-31,1837.5,83.16798400878906,9.230738639831543,1115.0999755859375
2010-01-04,1867.06005859375,84.57846069335938,9.367612838745117,1132.989990234375
2010-01-05,1872.9000244140625,84.80239868164062,9.355537414550781,1136.52001953125
2010-01-06,1874.72998046875,84.86204528808594,9.250868797302246,1137.1400146484375
2010-01-07,1882.3399658203125,85.22028350830078,9.214639663696289,1141.68994140625
2010-01-08,1887.77001953125,85.50389862060547,9.27502155303955,1144.97998046875
2010-01-11,1891.06005859375,85.62328338623047,9.238792419433594,1146.97998046875
2010-01-12,1873.3199462890625,84.82474517822266,9.138151168823242,1136.219970703125
2010-01-13,1889.0999755859375,85.54122161865234,9.226717948913574,1145.6800537109375
2010-01-14,1893.719970703125,85.77256774902344,9.250868797302246,1148.4599609375
2010-01-15,1873.300048828125,84.80985260009766,9.122052192687988,1136.030029296875
2010-01-19,1896.719970703125,85.86957550048828,9.279047966003418,1150.22998046875
2010-01-20,1876.9000244140625,84.99639892578125,9.13010025024414,1138.0400390625
2010-01-21,1841.3900146484375,83.36199188232422,9.033487319946289,1116.47998046875
2010-01-22,1800.6099853515625,81.50369262695312,8.719491004943848,1091.760009765625
2010-01-25,1808.9300537109375,81.92166137695312,8.791950225830078,1096.780029296875
2010-01-26,1801.3399658203125,81.57833099365234,8.76779556274414,1092.1700439453125
2010-01-27,1810.2099609375,81.96637725830078,8.840252876281738,1097.5
2010-01-28,1788.969970703125,81.02609252929688,8.58664321899414,1084.530029296875
2010-01-29,1771.4000244140625,80.14542388916016,8.437694549560547,1073.8699951171875
2010-02-01,1796.6700439453125,81.39175415039062,8.534309387207031,1089.18994140625
2010-02-02,1819.989990234375,82.37686920166016,8.618849754333496,1103.3199462890625
2010-02-03,1810.6400146484375,81.96637725830078,8.638973236083984,1097.280029296875
2010-02-04,1754.300048828125,79.43643951416016,8.397438049316406,1063.1099853515625
2010-02-05,1759.3800048828125,79.60066986083984,8.481977462768555,1066.18994140625
2010-02-08,1744.3699951171875,79.02599334716797,8.44573974609375,1056.739990234375
2010-02-09,1767.1800537109375,80.01860046386719,8.518209457397461,1070.52001953125
2010-02-10,1763.68994140625,79.8618392944336,8.494056701660156,1068.1300048828125
2010-02-11,1781.010009765625,80.69768524169922,8.582613945007324,1078.469970703125
2010-02-12,1776.5,80.63053131103516,8.598716735839844,1075.510009765625
2010-02-16,1808.719970703125,81.89924621582031,8.727540969848633,1094.8699951171875
2010-02-17,1816.699951171875,82.28733825683594,8.751694679260254,1099.510009765625
2010-02-18,1828.81005859375,82.7724609375,8.808051109313965,1106.75
2010-02-19,1833.0899658203125,82.944091796875,8.78389835357666,1109.1700439453125
2010-02-22,1831.2099609375,82.95899963378906,8.76779556274414,1108.010009765625
2010-02-23,1809.050048828125,81.95147705078125,8.659102439880371,1094.5999755859375
2010-02-24,1826.989990234375,82.70524597167969,8.74364185333252,1105.239990234375
2010-02-25,1823.6400146484375,82.59330749511719,8.719491004943848,1102.93994140625
2010-02-26,1826.27001953125,82.64555358886719,8.731569290161133,1104.489990234375
2010-03-01,1844.8699951171875,83.50384521484375,8.844282150268555,1115.7099609375
2010-03-02,1849.1700439453125,83.73516082763672,8.83220386505127,1118.31005859375
2010-03-03,1850.239990234375,83.80978393554688,8.836227416992188,1118.7900390625
2010-03-04,1857.199951171875,84.06351470947266,8.87246036529541,1122.969970703125
2010-03-05,1883.280029296875,85.26506805419922,8.981154441833496,1138.699951171875
2010-03-08,1883.2900390625,85.28001403808594,9.029461860656738,1138.5
2010-03-09,1886.5999755859375,85.42179870605469,9.069716453552246,1140.449951171875
2010-03-10,1895.3800048828125,85.80242919921875,9.13010025024414,1145.6099853515625
2010-03-11,1903.6800537109375,86.16065979003906,9.166332244873047,1150.239990234375
2010-03-12,1903.2900390625,86.1681137084961,9.15827751159668,1149.989990234375
2010-03-15,1904.18994140625,86.1905288696289,9.150229454040527,1150.510009765625
2010-03-16,1919.02001953125,86.87708282470703,9.21866512298584,1159.4599609375
2010-03-17,1930.219970703125,87.39205932617188,9.246843338012695,1166.2099609375
2010-03-18,1929.6300048828125,87.34728240966797,9.258920669555664,1165.8299560546875
2010-03-19,1919.800048828125,86.90510559082031,9.203593254089355,1159.9000244140625
2010-03-22,1929.6400146484375,87.3697280883789,9.272244453430176,1165.81005859375
2010-03-23,1943.699951171875,87.98422241210938,9.361091613769531,1174.1700439453125
2010-03-24,1933.0400390625,87.55712127685547,9.316672325134277,1167.719970703125
2010-03-25,1929.75,87.41470336914062,9.33282470703125,1165.72998046875
2010-03-26,1931.1800537109375,87.36225128173828,9.288398742675781,1166.5899658203125
2010-03-29,1942.510009765625,87.916748046875,9.316672325134277,1173.219970703125
2010-03-30,1942.81005859375,87.97673797607422,9.357054710388184,1173.27001953125
2010-03-31,1936.47998046875,87.677001953125,9.328783988952637,1169.4300537109375
2010-04-01,1950.9100341796875,88.27649688720703,9.312633514404297,1178.0999755859375
2010-04-05,1966.43994140625,88.9958724975586,9.421670913696289,1187.43994140625
2010-04-06,1969.760009765625,89.20572662353516,9.42974853515625,1189.43994140625
2010-04-07,1959.0400390625,88.69612884521484,9.393400192260742,1182.449951171875
2010-04-08,1965.719970703125,89.00337219238281,9.409552574157715,1186.43994140625
2010-04-09,1978.8599853515625,89.58787536621094,9.482247352600098,1194.3699951171875
2010-04-12,1982.4000244140625,89.73030090332031,9.502443313598633,1196.47998046875
2010-04-13,1983.9100341796875,89.7977294921875,9.530710220336914,1197.300048828125
2010-04-14,2006.06005859375,90.81687927246094,9.668013572692871,1210.6500244140625
2010-04-15,2007.739990234375,90.89183807373047,9.712431907653809,1211.6700439453125
2010-04-16,1975.3599853515625,89.44554138183594,9.583209991455078,1192.1300048828125
2010-04-19,1984.3199462890625,89.78272247314453,9.603395462036133,1197.52001953125
2010-04-20,2000.3299560546875,90.58456420898438,9.655896186828613,1207.1700439453125
2010-04-21,1998.31005859375,90.41972351074219,9.676092147827148,1205.93994140625
2010-04-22,2002.9300537109375,90.689453125,9.700322151184082,1208.6700439453125
2010-04-23,2017.18994140625,91.28148651123047,9.7245512008667,1217.280029296875
2010-04-26,2008.550048828125,90.936767578125,9.712431907653809,1212.050048828125
2010-04-27,1961.5999755859375,88.78605651855469,9.52263355255127,1183.7099609375
2010-04-28,1974.6300048828125,89.46050262451172,9.550899505615234,1191.3599853515625
2010-04-29,2000.3399658203125,90.56958770751953,9.647823333740234,1206.780029296875
2010-04-30,1967.050048828125,89.03335571289062,9.445903778076172,1186.68994140625
2010-05-03,1992.8699951171875,90.18737030029297,9.5751314163208,1202.260009765625
2010-05-04,1945.3699951171875,88.06665802001953,9.300516128540039,1173.5999755859375
2010-05-05,1933.25,87.5421371459961,9.260135650634766,1165.8699951171875
2010-05-06,1870.949951171875,84.634521484375,8.981478691101074,1128.1500244140625
2010-05-07,1842.3199462890625,83.37557220458984,8.783594131469727,1110.8800048828125
2010-05-10,1923.3900146484375,87.04752349853516,9.187439918518066,1159.72998046875
2010-05-11,1917.25,86.80023193359375,9.12686538696289,1155.7900390625
2010-05-12,1944.25,88.01420593261719,9.365130424499512,1171.6700439453125
2010-05-13,1920.760009765625,86.92008972167969,9.227824211120605,1157.43994140625
2010-05-14,1884.6700439453125,85.34642791748047,9.050129890441895,1135.6800537109375
2010-05-17,1887.1099853515625,85.39139556884766,9.094558715820312,1136.93994140625
2010-05-18,1860.6500244140625,84.2298583984375,8.95724868774414,1120.800048828125
2010-05-19,1851.280029296875,83.75025939941406,8.888596534729004,1115.050048828125
2010-05-20,1779.300048828125,80.587890625,8.605907440185547,1071.5899658203125
2010-05-21,1806.050048828125,81.76435852050781,8.67051887512207,1087.68994140625
2010-05-24,1782.77001953125,80.71527099609375,8.63014030456543,1073.6500244140625
2010-05-25,1783.4000244140625,80.79774475097656,8.605907440185547,1074.030029296875
2010-05-26,1773.6500244140625,80.31062316894531,8.521099090576172,1067.949951171875
2010-05-27,1832.6099853515625,83.00086975097656,8.811867713928223,1103.06005859375
2010-05-28,1809.97998046875,81.95923614501953,8.73917007446289,1089.4100341796875
2010-06-01,1778.989990234375,80.58038330078125,8.654367446899414,1070.7099609375
2010-06-02,1825.25,82.67864990234375,8.848212242126465,1098.3800048828125
2010-06-03,1832.719970703125,82.96342468261719,8.937060356140137,1102.8299560546875
2010-06-04,1769.719970703125,80.04835510253906,8.650331497192383,1064.8800048828125
2010-06-07,1745.8699951171875,79.05169677734375,8.525138854980469,1050.469970703125
2010-06-08,1765.2900390625,79.89847564697266,8.541287422180176,1062.0
2010-06-09,1754.9100341796875,79.4713134765625,8.496864318847656,1055.68994140625
2010-06-10,1806.68994140625,81.79438781738281,8.702828407287598,1086.8399658203125
2010-06-11,1815.260009765625,82.19157409667969,8.779558181762695,1091.5999755859375
2010-06-14,1812.02001953125,82.06416320800781,8.763405799865723,1089.6300048828125
2010-06-15,1854.6099853515625,83.93008422851562,8.9935941696167,1115.22998046875
2010-06-16,1853.6199951171875,83.90013885498047,9.017822265625,1114.6099853515625
2010-06-17,1856.25,84.0350341796875,9.050129890441895,1116.0400390625
2010-06-18,1858.699951171875,84.12615203857422,9.049726486206055,1117.510009765625
2010-06-21,1851.550048828125,83.88519287109375,8.98488712310791,1113.199951171875
2010-06-22,1822.050048828125,82.4997787475586,8.907881736755371,1095.31005859375
2010-06-23,1816.6500244140625,82.24375915527344,8.891672134399414,1092.0400390625
2010-06-24,1786.1300048828125,80.8809585571289,8.713351249694824,1073.68994140625
2010-06-25,1791.239990234375,81.21978759765625,8.705244064331055,1076.760009765625
2010-06-28,1787.93994140625,80.9637680053711,8.721455574035645,1074.5699462890625
2010-06-29,1732.550048828125,78.46403503417969,8.39724063873291,1041.239990234375
2010-06-30,1715.22998046875,77.71858978271484,8.267555236816406,1030.7099609375
2010-07-01,1709.77001953125,77.37224578857422,8.235132217407227,1027.3699951171875
2010-07-02,1701.8599853515625,76.95056915283203,8.222972869873047,1022.5800170898438
2010-07-06,1710.969970703125,77.455078125,8.30402946472168,1028.06005859375
2010-07-07,1765.4200439453125,79.89460754394531,8.571504592895508,1060.27001953125
2010-07-08,1782.0999755859375,80.6851806640625,8.62419319152832,1070.25
2010-07-09,1794.93994140625,81.28751373291016,8.668771743774414,1077.9599609375
2010-07-12,1796.300048828125,81.34026336669922,8.709296226501465,1078.75
2010-07-13,1824.0699462890625,82.56755065917969,8.834935188293457,1095.3399658203125
2010-07-14,1823.8199462890625,82.56000518798828,8.887615203857422,1095.1700439453125
2010-07-15,1826.0,82.58260345458984,8.915987014770508,1096.47998046875
2010-07-16,1773.4300537109375,80.3087387084961,8.66066837310791,1064.8800048828125
2010-07-19,1784.06005859375,80.78306579589844,8.745774269104004,1071.25
2010-07-20,1804.47998046875,81.67906188964844,8.802511215209961,1083.47998046875
2010-07-21,1781.5999755859375,80.617431640625,8.69714069366455,1069.5899658203125
2010-07-22,1821.760009765625,82.41695404052734,8.932198524475098,1093.6700439453125
2010-07-23,1836.75,83.13227844238281,8.992990493774414,1102.6600341796875
2010-07-26,1857.3299560546875,83.99816131591797,9.049726486206055,1115.010009765625
2010-07-27,1855.3900146484375,83.99063873291016,9.074043273925781,1113.8399658203125
2010-07-28,1842.6600341796875,83.44849395751953,9.001093864440918,1106.1300048828125
2010-07-29,1835.2900390625,83.04186248779297,8.920039176940918,1101.530029296875
2010-07-30,1835.4000244140625,83.02684783935547,8.883565902709961,1101.5999755859375
2010-08-02,1875.8499755859375,84.90169525146484,9.069991111755371,1125.8599853515625
2010-08-03,1866.8699951171875,84.49507141113281,9.021361351013184,1120.4599609375
2010-08-04,1878.81005859375,85.05978393554688,9.09430980682373,1127.239990234375
2010-08-05,1876.510009765625,84.96942901611328,9.053779602050781,1125.81005859375
2010-08-06,1869.77001953125,84.62303161621094,9.02946662902832,1121.6400146484375
2010-08-09,1880.06005859375,85.07484436035156,9.090256690979004,1127.7900390625
2010-08-10,1868.8800048828125,84.61554718017578,8.997042655944824,1121.06005859375
2010-08-11,1817.1300048828125,82.29647827148438,8.78225040435791,1089.469970703125
2010-08-12,1807.6099853515625,81.79200744628906,8.66066837310791,1083.6099853515625
2010-08-13,1800.3900146484375,81.55106353759766,8.620138168334961,1079.25
2010-08-16,1800.699951171875,81.51344299316406,8.636350631713867,1079.3800048828125
2010-08-17,1823.1800537109375,82.51485443115234,8.729562759399414,1092.5400390625
2010-08-18,1826.1400146484375,82.66542053222656,8.77819538116455,1094.1600341796875
2010-08-19,1795.239990234375,81.227294921875,8.672821044921875,1075.6300048828125
2010-08-20,1788.6700439453125,80.9637680053711,8.652565002441406,1071.68994140625
2010-08-23,1781.469970703125,80.6550521850586,8.575556755065918,1067.3599853515625
2010-08-24,1755.6500244140625,79.45789337158203,8.458032608032227,1051.8699951171875
2010-08-25,1761.6199951171875,79.76658630371094,8.510714530944824,1055.3299560546875
2010-08-26,1748.1400146484375,79.23202514648438,8.42560863494873,1047.219970703125
2010-08-27,1777.5999755859375,80.45932006835938,8.526924133300781,1064.5899658203125
2010-08-30,1751.7900390625,79.29222106933594,8.41344928741455,1048.9200439453125
2010-08-31,1752.550048828125,79.29222106933594,8.385080337524414,1049.3299560546875
2010-09-01,1804.4599609375,81.66402435302734,8.599878311157227,1080.2900390625
2010-09-02,1820.97998046875,82.4244613647461,8.676878929138184,1090.0999755859375
2010-09-03,1845.0999755859375,83.49364471435547,8.806568145751953,1104.510009765625
2010-09-07,1824.050048828125,82.55247497558594,8.73361587524414,1091.8399658203125
2010-09-08,1836.2099609375,83.13227844238281,8.78225040435791,1098.8699951171875
2010-09-09,1845.0899658203125,83.5162582397461,8.806568145751953,1104.1800537109375
2010-09-10,1854.0999755859375,83.93790435791016,8.810619354248047,1109.550048828125
2010-09-13,1875.4100341796875,84.87152099609375,8.968673706054688,1121.9000244140625
2010-09-14,1874.0699462890625,84.81884002685547,9.005146980285645,1121.0999755859375
2010-09-15,1880.739990234375,85.14261627197266,9.061885833740234,1125.0699462890625
2010-09-16,1880.3699951171875,85.1200180053711,9.114570617675781,1124.6600341796875
2010-09-17,1881.9300537109375,85.15180206298828,9.163788795471191,1125.5899658203125
2010-09-20,1910.5999755859375,86.45380401611328,9.298009872436523,1142.7099609375
2010-09-21,1905.739990234375,86.27969360351562,9.28173828125,1139.780029296875
2010-09-22,1896.77001953125,85.85579681396484,9.23699951171875,1134.280029296875
2010-09-23,1880.969970703125,85.15934753417969,9.224794387817383,1124.8299560546875
2010-09-24,1920.8399658203125,86.91558074951172,9.403762817382812,1148.6700439453125
2010-09-27,1909.97998046875,86.49922943115234,9.407830238342285,1142.1600341796875
2010-09-28,1919.5899658203125,86.8020248413086,9.420038223266602,1147.699951171875
2010-09-29,1914.8399658203125,86.65058898925781,9.39969253540039,1144.72998046875
2010-09-30,1908.949951171875,86.39323425292969,9.363091468811035,1141.199951171875
2010-10-01,1917.4200439453125,86.75660705566406,9.367155075073242,1146.239990234375
2010-10-04,1902.1500244140625,86.10562896728516,9.289877891540527,1137.030029296875
2010-10-05,1941.8199462890625,87.83902740478516,9.472906112670898,1160.75
2010-10-06,1941.5,87.83147430419922,9.4281644821167,1159.969970703125
2010-10-07,1938.31005859375,87.72553253173828,9.4281644821167,1158.06005859375
2010-10-08,1950.1800537109375,88.21754455566406,9.48104190826416,1165.1500244140625
2010-10-11,1950.469970703125,88.30081176757812,9.497316360473633,1165.3199462890625
2010-10-12,1957.9200439453125,88.57331848144531,9.554255485534668,1169.77001953125
2010-10-13,1972.0799560546875,89.26216888427734,9.631537437438965,1178.0999755859375
2010-10-14,1964.9000244140625,88.9139633178711,9.635602951049805,1173.81005859375
2010-10-15,1968.8699951171875,89.09561157226562,9.798296928405762,1176.18994140625
2010-10-18,1983.1700439453125,89.53466796875,9.863377571105957,1184.7099609375
2010-10-19,1951.6700439453125,88.36139678955078,9.6884765625,1165.9000244140625
2010-10-20,1972.510009765625,89.22430419921875,9.769826889038086,1178.1700439453125
2010-10-21,1976.1199951171875,89.42115020751953,9.777961730957031,1180.260009765625
2010-10-22,1980.8299560546875,89.5876693725586,9.806429862976074,1183.0799560546875
2010-10-25,1985.1099853515625,89.85258483886719,9.834905624389648,1185.6199951171875
2010-10-26,1985.1300048828125,89.86771392822266,9.859309196472168,1185.6400146484375
2010-10-27,1980.050048828125,89.61036682128906,9.887779235839844,1182.449951171875
2010-10-28,1982.449951171875,89.6255111694336,9.887779235839844,1183.780029296875
2010-10-29,1981.5899658203125,89.69364166259766,9.904047012329102,1183.260009765625
2010-11-01,1983.469970703125,89.72392272949219,9.912186622619629,1184.3800048828125
2010-11-02,1998.8599853515625,90.43546295166016,10.009800910949707,1193.5699462890625
2010-11-03,2006.5799560546875,90.79881286621094,10.066742897033691,1197.9599609375
2010-11-04,2045.6199951171875,92.54741668701172,10.217236518859863,1221.06005859375
2010-11-05,2053.77001953125,92.89562225341797,10.209104537963867,1225.8499755859375
2010-11-08,2049.68994140625,92.72151184082031,10.217236518859863,1223.25
2010-11-09,2033.8499755859375,92.05538940429688,10.188761711120605,1213.4000244140625
2010-11-10,2043.1600341796875,92.4262924194336,10.196900367736816,1218.7099609375
2010-11-11,2034.47998046875,92.07808685302734,10.042336463928223,1213.5400390625
2010-11-12,2010.5699462890625,90.98804473876953,9.89997673034668,1199.2099609375
2010-11-15,2008.25,90.85935974121094,9.871508598327637,1197.75
2010-11-16,1976.260009765625,89.44383239746094,9.692543983459473,1178.3399658203125
2010-11-17,1977.0,89.48926544189453,9.696611404418945,1178.5899658203125
2010-11-18,2007.3800048828125,90.806396484375,9.859309196472168,1196.68994140625
2010-11-19,2012.5899658203125,91.05619812011719,9.887779235839844,1199.72998046875
2010-11-22,2009.52001953125,90.9804916381836,9.944721221923828,1197.8399658203125
2010-11-23,1980.8900146484375,89.6633529663086,9.798296928405762,1180.72998046875
2010-11-24,2010.56005859375,90.98804473876953,9.960992813110352,1198.3499755859375
2010-11-26,1996.030029296875,89.92831420898438,9.863377571105957,1189.4000244140625
2010-11-29,1993.8299560546875,90.20081329345703,9.838968276977539,1187.760009765625
2010-11-30,1981.8399658203125,89.69364166259766,9.741355895996094,1180.550048828125
2010-12-01,2024.969970703125,91.6012191772461,9.948793411254883,1206.0699462890625
2010-12-02,2050.9599609375,92.77450561523438,10.066742897033691,1221.530029296875
2010-12-03,2056.39990234375,93.02432250976562,10.091146469116211,1224.7099609375
2010-12-06,2053.800048828125,92.92589569091797,10.091146469116211,1223.1199951171875
2010-12-07,2054.889892578125,92.97891235351562,10.103348731994629,1223.75
2010-12-08,2063.030029296875,93.31953430175781,10.188761711120605,1228.280029296875
2010-12-09,2071.1201171875,93.68289184570312,10.196900367736816,1233.0
2010-12-10,2083.570068359375,94.22789001464844,10.245707511901855,1240.4000244140625
2010-12-13,2084.0,94.28845977783203,10.225370407104492,1240.4599609375
2010-12-14,2085.929931640625,94.37171173095703,10.241640090942383,1241.5899658203125
2010-12-15,2075.2900390625,93.94023895263672,10.200969696044922,1235.22998046875
2010-12-16,2088.18994140625,94.48527526855469,10.217236518859863,1242.8699951171875
2010-12-17,2089.949951171875,94.58650207519531,10.237648963928223,1243.9100341796875
2010-12-20,2095.320068359375,94.8147964477539,10.245813369750977,1247.0799560546875
2010-12-21,2108.260009765625,95.41594696044922,10.307040214538574,1254.5999755859375
2010-12-22,2115.68994140625,95.71270751953125,10.294792175292969,1258.8399658203125
2010-12-23,2112.3701171875,95.57572937011719,10.29071044921875,1256.77001953125
2010-12-27,2113.669921875,95.61376953125,10.31112289428711,1257.5400390625
2010-12-28,2115.320068359375,95.75074005126953,10.298873901367188,1258.510009765625
2010-12-29,2117.830078125,95.81920623779297,10.319287300109863,1259.780029296875
2010-12-30,2114.699951171875,95.66704559326172,10.294792175292969,1257.8800048828125
2010-12-31,2114.2900390625,95.68985748291016,10.282546997070312,1257.6400146484375
2011-01-03,2138.300048828125,96.67911529541016,10.396843910217285,1271.8699951171875
2011-01-04,2135.530029296875,96.62583923339844,10.437666893005371,1270.199951171875
2011-01-05,2146.5,97.1280288696289,10.498889923095703,1276.56005859375
2011-01-06,2142.760009765625,96.93780517578125,10.5601224899292,1273.8499755859375
2011-01-07,2138.81005859375,96.74757385253906,10.511141777038574,1271.5
2011-01-10,2135.860107421875,96.62583923339844,10.519301414489746,1269.75
2011-01-11,2143.820068359375,96.96826171875,10.502971649169922,1274.47998046875
2011-01-12,2163.360107421875,97.8433609008789,10.59686279296875,1285.9599609375
2011-01-13,2159.659912109375,97.68355560302734,10.588700294494629,1283.760009765625
2011-01-14,2175.679931640625,98.3912582397461,10.682584762573242,1293.239990234375
2011-01-18,2178.719970703125,98.55862426757812,10.694828987121582,1295.02001953125
2011-01-19,2156.969970703125,97.59225463867188,10.617269515991211,1281.9200439453125
2011-01-20,2154.179931640625,97.462890625,10.5601224899292,1280.260009765625
2011-01-21,2159.429931640625,97.68355560302734,10.498889923095703,1283.3499755859375
2011-01-24,2172.030029296875,98.23906707763672,10.645846366882324,1290.8399658203125
2011-01-25,2172.669921875,98.29230499267578,10.694828987121582,1291.1800537109375
2011-01-26,2181.919921875,98.67279052734375,10.756059646606445,1296.6300048828125
2011-01-27,2186.929931640625,98.91632843017578,10.792798042297363,1299.5400390625
2011-01-28,2147.949951171875,97.18891143798828,10.543791770935059,1276.3399658203125
2011-01-31,2164.39990234375,97.91946411132812,10.60910701751709,1286.1199951171875
2011-02-01,2200.5400390625,99.48701477050781,10.788713455200195,1307.5899658203125
2011-02-02,2194.93994140625,99.29676055908203,10.809125900268555,1304.030029296875
2011-02-03,2200.419921875,99.51746368408203,10.825456619262695,1307.0999755859375
2011-02-04,2206.800048828125,99.79901123046875,10.89484691619873,1310.8699951171875
2011-02-07,2220.60009765625,100.42301940917969,10.947914123535156,1319.050048828125
2011-02-08,2230.590087890625,100.87957000732422,10.992813110351562,1324.5699462890625
2011-02-09,2224.639892578125,100.65128326416016,10.972403526306152,1320.8800048828125
2011-02-10,2226.510009765625,100.6893081665039,10.923420906066895,1321.8699951171875
2011-02-11,2239.080078125,101.29047393798828,10.980566024780273,1329.1500244140625
2011-02-14,2244.889892578125,101.53397369384766,10.99689769744873,1332.3199462890625
2011-02-15,2237.89990234375,101.21437072753906,10.956074714660645,1328.010009765625
2011-02-16,2252.300048828125,101.85358428955078,11.017309188842773,1336.3199462890625
2011-02-17,2259.419921875,102.1579360961914,11.03771686553955,1340.4300537109375
2011-02-18,2263.7900390625,102.37100982666016,11.021385192871094,1343.010009765625
2011-02-22,2217.35009765625,100.31645965576172,10.75197982788086,1315.43994140625
2011-02-23,2203.889892578125,99.70008850097656,10.625434875488281,1307.4000244140625
2011-02-24,2202.22998046875,99.6315689086914,10.662174224853516,1306.0999755859375
2011-02-25,2226.050048828125,100.69692993164062,10.796875953674316,1319.8800048828125
2011-02-28,2238.550048828125,101.32090759277344,10.841782569885254,1327.219970703125
2011-03-01,2203.320068359375,99.6315689086914,10.633597373962402,1306.3299560546875
2011-03-02,2207.239990234375,99.84467315673828,10.698912620544434,1308.43994140625
2011-03-03,2245.330078125,101.56439971923828,10.870352745056152,1330.969970703125
2011-03-04,2228.780029296875,100.80347442626953,10.784636497497559,1321.1500244140625
2011-03-07,2210.260009765625,100.01205444335938,10.645846366882324,1310.1300048828125
2011-03-08,2230.39990234375,100.88716888427734,10.735650062561035,1321.8199462890625
2011-03-09,2227.699951171875,100.74261474609375,10.69074821472168,1320.02001953125
2011-03-10,2185.64990234375,98.87825012207031,10.490730285644531,1295.1099853515625
2011-03-11,2201.81005859375,99.56312561035156,10.531550407409668,1304.280029296875
2011-03-14,2188.56005859375,98.96194458007812,10.48256778717041,1296.3900146484375
2011-03-15,2164.06005859375,97.828125,10.3274507522583,1281.8699951171875
2011-03-16,2121.93994140625,96.01705169677734,10.074363708496094,1256.8800048828125
2011-03-17,2150.429931640625,97.28787231445312,10.180499076843262,1273.719970703125
2011-03-18,2159.68994140625,97.64171600341797,10.198514938354492,1279.2099609375
2011-03-21,2192.090087890625,99.15495300292969,10.370542526245117,1298.3800048828125
2011-03-22,2184.570068359375,98.81102752685547,10.354162216186523,1293.77001953125
2011-03-23,2190.9599609375,99.09379577636719,10.411502838134766,1297.5400390625
2011-03-24,2211.419921875,100.04149627685547,10.575332641601562,1309.6600341796875
2011-03-25,2218.419921875,100.3471908569336,10.599905967712402,1313.800048828125
2011-03-28,2212.320068359375,100.10260772705078,10.575332641601562,1310.18994140625
2011-03-29,2228.409912109375,100.77519226074219,10.649055480957031,1319.43994140625
2011-03-30,2243.550048828125,101.47066497802734,10.694111824035645,1328.260009765625
2011-03-31,2239.43994140625,101.33306884765625,10.673633575439453,1325.8299560546875
2011-04-01,2250.580078125,101.76105499267578,10.653154373168945,1332.4100341796875
2011-04-04,2251.639892578125,101.84512329101562,10.616290092468262,1332.8699951171875
2011-04-05,2251.260009765625,101.8298568725586,10.599905967712402,1332.6300048828125
2011-04-06,2257.110107421875,102.1508560180664,10.677730560302734,1335.5400390625
2011-04-07,2253.760009765625,101.89102935791016,10.681825637817383,1333.510009765625
2011-04-08,2244.739990234375,101.53944396972656,10.620387077331543,1328.1700439453125
2011-04-11,2238.510009765625,101.2337417602539,10.60400104522705,1324.4599609375
2011-04-12,2221.1201171875,100.47713470458984,10.517992973327637,1314.1600341796875
2011-04-13,2221.77001953125,100.46946716308594,10.583523750305176,1314.4100341796875
2011-04-14,2221.989990234375,100.54591369628906,10.563044548034668,1314.52001953125
2011-04-15,2230.699951171875,100.91275024414062,10.542566299438477,1319.6800537109375
2011-04-18,2206.14990234375,99.78163146972656,10.448362350463867,1305.1400146484375
2011-04-19,2218.860107421875,100.35481262207031,10.477035522460938,1312.6199951171875
2011-04-20,2248.89990234375,101.72288513183594,10.69820499420166,1330.3599853515625
2011-04-21,2260.840087890625,102.2425765991211,10.792410850524902,1337.3800048828125
2011-04-25,2257.239990234375,102.13555908203125,10.8006010055542,1335.25
2011-04-26,2277.510009765625,103.01445007324219,10.890707969665527,1347.239990234375
2011-04-27,2292.1298828125,103.68698120117188,10.956241607666016,1355.6600341796875
2011-04-28,2300.4599609375,104.02326965332031,10.960336685180664,1360.47998046875
2011-04-29,2305.760009765625,104.26785278320312,10.952146530151367,1363.6099853515625
2011-05-02,2301.719970703125,104.10735321044922,10.911186218261719,1361.219970703125
2011-05-03,2293.949951171875,103.73287200927734,10.915284156799316,1356.6199951171875
2011-05-04,2278.6298828125,103.04499816894531,10.882515907287598,1347.3199462890625
2011-05-05,2258.080078125,102.11261749267578,10.825175285339355,1335.0999755859375
2011-05-06,2266.969970703125,102.56352233886719,10.84565544128418,1340.199951171875
2011-05-09,2277.300048828125,102.96096801757812,10.890707969665527,1346.2900390625
2011-05-10,2295.719970703125,103.83985137939453,10.989005088806152,1357.1600341796875
2011-05-11,2271.469970703125,102.74699401855469,10.890707969665527,1342.0799560546875
2011-05-12,2282.840087890625,103.23609161376953,10.972624778747559,1348.6500244140625
2011-05-13,2264.52001953125,102.44124603271484,10.8374605178833,1337.77001953125
2011-05-16,2250.610107421875,101.79164123535156,10.681825637817383,1329.469970703125
2011-05-17,2250.35009765625,101.77635192871094,10.681825637817383,1328.97998046875
2011-05-18,2270.570068359375,102.68582916259766,10.759639739990234,1340.6800537109375
2011-05-19,2275.7099609375,102.93036651611328,10.780117988586426,1343.5999755859375
2011-05-20,2258.2099609375,102.11261749267578,10.718685150146484,1333.27001953125
2011-05-23,2231.31005859375,100.92803955078125,10.567140579223633,1317.3699951171875
2011-05-24,2229.489990234375,100.84396362304688,10.534372329711914,1316.280029296875
2011-05-25,2236.75,101.18025970458984,10.567140579223633,1320.469970703125
2011-05-26,2246.1298828125,101.64642333984375,10.636771202087402,1325.68994140625
2011-05-27,2255.739990234375,102.03617858886719,10.690013885498047,1331.0999755859375
2011-05-31,2279.659912109375,103.09852600097656,10.8374605178833,1345.199951171875
2011-06-01,2227.9599609375,100.7828140258789,10.61219310760498,1314.550048828125
2011-06-02,2225.360107421875,100.67583465576172,10.620387077331543,1312.93994140625
2011-06-03,2203.81005859375,99.67460632324219,10.460652351379395,1300.1600341796875
2011-06-06,2180.139892578125,98.61996459960938,10.382826805114746,1286.1700439453125
2011-06-07,2178.14990234375,98.55880737304688,10.350066184997559,1284.93994140625
2011-06-08,2169.5,98.1461181640625,10.280437469482422,1279.56005859375
2011-06-09,2185.52001953125,98.89509582519531,10.288625717163086,1289.0
2011-06-10,2155.0,97.51943969726562,10.14527416229248,1270.97998046875
2011-06-13,2157.14990234375,97.59585571289062,10.153464317321777,1271.8299560546875
2011-06-14,2184.47998046875,98.8339614868164,10.280437469482422,1287.8699951171875
2011-06-15,2146.449951171875,97.07615661621094,10.087928771972656,1265.4200439453125
2011-06-16,2150.580078125,97.2901382446289,10.06335735321045,1267.6400146484375
2011-06-17,2157.139892578125,97.58049011230469,10.054314613342285,1271.5
2011-06-20,2168.800048828125,98.07970428466797,10.091325759887695,1278.3599853515625
2011-06-21,2198.14990234375,99.42378234863281,10.272256851196289,1295.52001953125
2011-06-22,2184.030029296875,98.82469177246094,10.19823932647705,1287.1400146484375
2011-06-23,2177.85009765625,98.54052734375,10.268146514892578,1283.5
2011-06-24,2152.31005859375,97.39615631103516,10.091325759887695,1268.449951171875
2011-06-27,2172.080078125,98.26403045654297,10.227023124694824,1280.0999755859375
2011-06-28,2200.679931640625,99.54669952392578,10.354501724243164,1296.6700439453125
2011-06-29,2219.199951171875,100.39921569824219,10.436745643615723,1307.4100341796875
2011-06-30,2241.659912109375,101.35929107666016,10.56833553314209,1320.6400146484375
2011-07-01,2274.260009765625,102.8569564819336,10.741045951843262,1339.6700439453125
2011-07-05,2271.2900390625,102.7724838256836,10.757500648498535,1337.8800048828125
2011-07-06,2274.419921875,102.89537811279297,10.806843757629395,1339.219970703125
2011-07-07,2298.31005859375,103.96295928955078,10.938433647155762,1353.219970703125
2011-07-08,2282.320068359375,103.22563934326172,10.884976387023926,1343.800048828125
2011-07-11,2241.070068359375,101.35929107666016,10.704034805297852,1319.489990234375
2011-07-12,2231.14990234375,100.9215087890625,10.609457969665527,1313.6400146484375
2011-07-13,2238.2900390625,101.25942993164062,10.634129524230957,1317.719970703125
2011-07-14,2223.2900390625,100.56047821044922,10.543663024902344,1308.8699951171875
2011-07-15,2235.64990234375,101.14423370361328,10.658803939819336,1316.1400146484375
2011-07-18,2217.550048828125,100.31475830078125,10.621793746948242,1305.43994140625
2011-07-19,2253.7099609375,101.94294738769531,10.876749992370605,1326.72998046875
2011-07-20,2252.52001953125,101.88153076171875,10.843853950500488,1325.8399658203125
2011-07-21,2283.22998046875,103.29475402832031,10.893200874328613,1343.800048828125
2011-07-22,2285.340087890625,103.36387634277344,10.98777961730957,1345.02001953125
2011-07-25,2272.469970703125,102.78784942626953,10.958995819091797,1337.4300537109375
2011-07-26,2263.14990234375,102.40380859375,11.008339881896973,1331.93994140625
2011-07-27,2217.2900390625,100.30708312988281,10.716378211975098,1304.8900146484375
2011-07-28,2210.330078125,100.01518249511719,10.69992733001709,1300.6700439453125
2011-07-29,2196.080078125,99.33162689208984,10.613570213317871,1292.280029296875
2011-08-01,2187.0,98.9092025756836,10.6053466796875,1286.93994140625
2011-08-02,2131.10009765625,96.38232421875,10.38328742980957,1254.050048828125
2011-08-03,2142.56005859375,96.90459442138672,10.490203857421875,1260.3399658203125
2011-08-04,2040.199951171875,92.3654556274414,10.066646575927734,1200.0699462890625
2011-08-05,2039.0400390625,92.22718048095703,10.004965782165527,1199.3800048828125
2011-08-08,1903.469970703125,86.22105407714844,9.441596031188965,1119.4599609375
2011-08-09,1993.760009765625,90.23025512695312,9.87337875366211,1172.530029296875
2011-08-10,1906.530029296875,86.24413299560547,9.486831665039062,1120.760009765625
2011-08-11,1995.1400146484375,90.11505126953125,9.84870433807373,1172.6400146484375
2011-08-12,2005.6700439453125,90.72178649902344,9.918608665466309,1178.81005859375
2011-08-15,2049.510009765625,92.6419448852539,10.09543228149414,1204.489990234375
2011-08-16,2029.9200439453125,91.85083770751953,10.021414756774902,1192.760009765625
2011-08-17,2032.4100341796875,91.91226959228516,9.976180076599121,1193.8900146484375
2011-08-18,1941.9200439453125,87.94916534423828,9.49094295501709,1140.6500244140625
2011-08-19,1912.77001953125,86.51290893554688,9.260658264160156,1123.530029296875
2011-08-22,1913.27001953125,86.58204650878906,9.310005187988281,1123.8199462890625
2011-08-23,1978.8900146484375,89.43148803710938,9.651317596435547,1162.3499755859375
2011-08-24,2005.1300048828125,90.69110107421875,9.7376708984375,1177.5999755859375
2011-08-25,1973.9599609375,89.30860900878906,9.597858428955078,1159.27001953125
2011-08-26,2004.1099853515625,90.60662078857422,9.787019729614258,1176.800048828125
2011-08-29,2061.050048828125,93.21025848388672,10.03375244140625,1210.0799560546875
2011-08-30,2066.3701171875,93.45610046386719,10.074871063232422,1212.9200439453125
2011-08-31,2076.780029296875,93.87081909179688,10.050198554992676,1218.8900146484375
2011-09-01,2052.300048828125,92.88770294189453,9.939164161682129,1204.4200439453125
2011-09-02,2000.5,90.5144271850586,9.712997436523438,1173.969970703125
2011-09-06,1985.6700439453125,89.85391235351562,9.667767524719238,1165.239990234375
2011-09-07,2043.050048828125,92.38848876953125,9.918608665466309,1198.6199951171875
2011-09-08,2021.4200439453125,91.42839813232422,9.869263648986816,1185.9000244140625
2011-09-09,1967.469970703125,89.03209686279297,9.659542083740234,1154.22998046875
2011-09-12,1981.300048828125,89.60812377929688,9.774686813354492,1162.27001953125
2011-09-13,2000.0799560546875,90.42997741699219,9.88982105255127,1172.8699951171875
2011-09-14,2027.0400390625,91.68186950683594,10.037864685058594,1188.6800537109375
2011-09-15,2062.25,93.26402282714844,10.19823932647705,1209.1099853515625
2011-09-16,2074.06005859375,93.81604766845703,10.311336517333984,1216.010009765625
2011-09-19,2053.739990234375,92.88189697265625,10.286572456359863,1204.0899658203125
2011-09-20,2050.389892578125,92.7738037109375,10.26180362701416,1202.0899658203125
2011-09-21,1990.199951171875,90.04087829589844,10.109073638916016,1166.760009765625
2011-09-22,1926.760009765625,87.1303482055664,9.795363426208496,1129.56005859375
2011-09-23,1938.72998046875,87.65533447265625,9.906808853149414,1136.4300537109375
2011-09-26,1983.969970703125,89.73976135253906,10.030651092529297,1162.949951171875
2011-09-27,2005.18994140625,90.74340057373047,10.158612251281738,1175.3800048828125
2011-09-28,1964.199951171875,88.89056396484375,10.014139175415039,1151.06005859375
2011-09-29,1980.22998046875,89.59310913085938,9.993499755859375,1160.4000244140625
2011-09-30,1930.7900390625,87.35421752929688,9.741701126098633,1131.4200439453125
2011-10-03,1875.949951171875,84.86830139160156,9.522923469543457,1099.22998046875
2011-10-04,1918.3900146484375,86.7288818359375,9.716930389404297,1123.949951171875
2011-10-05,1953.6700439453125,88.3346939086914,9.919195175170898,1144.030029296875
2011-10-06,1989.6099853515625,89.93280792236328,10.067800521850586,1164.969970703125
2011-10-07,1973.4200439453125,89.33057403564453,10.030651092529297,1155.4599609375
2011-10-10,2040.760009765625,92.31829833984375,10.340238571166992,1194.8900146484375
2011-10-11,2041.9000244140625,92.41095733642578,10.385643005371094,1195.5400390625
2011-10-12,2062.219970703125,93.22157287597656,10.431048393249512,1207.25
2011-10-13,2056.260009765625,93.03629302978516,10.54662799835205,1203.6600341796875
2011-10-14,2091.989990234375,94.62667083740234,10.732380867004395,1224.5799560546875
2011-10-17,2051.5400390625,92.82013702392578,10.563133239746094,1200.8599853515625
2011-10-18,2093.429931640625,94.6343994140625,10.658080101013184,1225.3800048828125
2011-10-19,2067.280029296875,93.51498413085938,10.451685905456543,1209.8800048828125
2011-10-20,2076.75,93.92415618896484,10.406279563903809,1215.3900146484375
2011-10-21,2115.860107421875,95.70748901367188,10.538372993469238,1238.25
2011-10-24,2143.1298828125,96.88098907470703,10.703485488891602,1254.18994140625
2011-10-25,2100.169921875,94.99723815917969,10.534241676330566,1229.050048828125
2011-10-26,2122.320068359375,95.9622573852539,10.5796537399292,1242.0
2011-10-27,2195.219970703125,99.30511474609375,10.893364906311035,1284.5899658203125
2011-10-28,2196.1298828125,99.281982421875,10.930520057678223,1285.0899658203125
2011-10-31,2141.81005859375,96.88871002197266,10.736506462097168,1253.300048828125
2011-11-01,2081.969970703125,94.18659210205078,10.43930721282959,1218.280029296875
2011-11-02,2115.699951171875,95.72293853759766,10.567267417907715,1237.9000244140625
2011-11-03,2155.8701171875,97.46769714355469,10.819071769714355,1261.1500244140625
2011-11-04,2142.340087890625,96.8732681274414,10.753021240234375,1253.22998046875
2011-11-07,2156.0,97.47543334960938,10.819071769714355,1261.1199951171875
2011-11-08,2182.610107421875,98.72608947753906,10.942899703979492,1275.9200439453125
2011-11-09,2102.719970703125,95.08216857910156,10.563133239746094,1229.0999755859375
2011-11-10,2121.139892578125,95.97771453857422,10.596158981323242,1239.699951171875
2011-11-11,2162.47998046875,97.78421020507812,10.79842472076416,1263.8499755859375
2011-11-14,2142.090087890625,96.8578109741211,10.715868949890137,1251.780029296875
2011-11-15,2152.800048828125,97.33648681640625,10.860343933105469,1257.81005859375
2011-11-16,2117.639892578125,95.79241943359375,10.699361801147461,1236.9100341796875
2011-11-17,2082.10009765625,94.27153778076172,10.492966651916504,1216.1300048828125
2011-11-18,2081.419921875,94.1711654663086,10.406279563903809,1215.6500244140625
2011-11-21,2042.7099609375,92.3801040649414,10.22465991973877,1192.97998046875
2011-11-22,2034.4100341796875,92.0172348022461,10.208147048950195,1188.0400390625
2011-11-23,1989.5400390625,89.98682403564453,9.964600563049316,1161.7900390625
2011-11-25,1984.5,89.81697845458984,9.910944938659668,1158.6700439453125
2011-11-28,2042.800048828125,92.41871643066406,10.237039566040039,1192.550048828125
2011-11-29,2048.06005859375,92.68118286132812,10.183378219604492,1195.18994140625
2011-11-30,2137.080078125,96.49494171142578,10.575520515441895,1246.9599609375
2011-12-01,2133.070068359375,96.47950744628906,10.633312225341797,1244.5799560546875
2011-12-02,2132.639892578125,96.39459991455078,10.625054359436035,1244.280029296875
2011-12-05,2154.679931640625,97.4445571899414,10.744763374328613,1257.0799560546875
2011-12-06,2157.10009765625,97.47543334960938,10.74063777923584,1258.469970703125
2011-12-07,2162.070068359375,97.8382797241211,10.753021240234375,1261.010009765625
2011-12-08,2116.409912109375,95.69202423095703,10.583779335021973,1234.3499755859375
2011-12-09,2152.14990234375,97.31328582763672,10.748894691467285,1255.18994140625
2011-12-12,2120.14990234375,95.89276123046875,10.612672805786133,1236.469970703125
2011-12-13,2102.14990234375,94.99723815917969,10.513605117797852,1225.72998046875
2011-12-14,2078.510009765625,93.98590087890625,10.352617263793945,1211.8199462890625
2011-12-15,2085.43994140625,94.32555389404297,10.327849388122559,1215.75
2011-12-16,2092.179931640625,94.4654312133789,10.356454849243164,1219.6600341796875
2011-12-19,2067.669921875,93.4554214477539,10.2569580078125,1205.3499755859375
2011-12-20,2129.669921875,96.28340911865234,10.547174453735352,1241.300048828125
2011-12-21,2133.860107421875,96.46988677978516,10.373042106628418,1243.719970703125
2011-12-22,2152.0400390625,97.3244857788086,10.493273735046387,1254.0
2011-12-23,2171.5,98.19462585449219,10.596923828125,1265.3299560546875
2011-12-27,2171.7099609375,98.27234649658203,10.613507270812988,1265.4300537109375
2011-12-28,2145.090087890625,96.98262786865234,10.505711555480957,1249.6400146484375
2011-12-29,2168.1201171875,97.98485565185547,10.584485054016113,1263.02001953125
2011-12-30,2158.93994140625,97.50318145751953,10.551319122314453,1257.5999755859375
2012-01-03,2192.39990234375,99.05701446533203,10.700568199157715,1277.06005859375
2012-01-04,2193.280029296875,99.21238708496094,10.72958755493164,1277.300048828125
2012-01-05,2199.72998046875,99.47654724121094,10.762755393981934,1281.06005859375
2012-01-06,2194.97998046875,99.22013854980469,10.766901969909668,1277.81005859375
2012-01-09,2200.0,99.46104431152344,10.750317573547363,1280.699951171875
2012-01-10,2219.580078125,100.32339477539062,10.787635803222656,1292.0799560546875
2012-01-11,2220.47998046875,100.37777709960938,10.820801734924316,1292.47998046875
2012-01-12,2225.739990234375,100.61860656738281,10.8746919631958,1295.5
2012-01-13,2214.72998046875,100.09808349609375,10.812506675720215,1289.0899658203125
2012-01-17,2222.590087890625,100.48656463623047,10.862258911132812,1293.6700439453125
2012-01-18,2247.639892578125,101.59754180908203,11.019805908203125,1308.0400390625
2012-01-19,2258.800048828125,102.13359069824219,11.098573684692383,1314.5
2012-01-20,2260.3701171875,102.51427459716797,11.11101245880127,1315.3800048828125
2012-01-23,2261.469970703125,102.25012969970703,11.14832592010498,1316.0
2012-01-24,2259.219970703125,102.13359069824219,11.140035629272461,1314.6500244140625
2012-01-25,2278.830078125,102.98821258544922,11.227094650268555,1326.06005859375
2012-01-26,2265.840087890625,102.45993041992188,11.152471542358398,1318.4300537109375
2012-01-27,2262.35009765625,102.4133071899414,11.152471542358398,1316.3299560546875
2012-01-30,2256.719970703125,102.06365966796875,11.185640335083008,1313.010009765625
2012-01-31,2255.68994140625,102.02482604980469,11.206369400024414,1312.4100341796875
2012-02-01,2276.239990234375,102.91825866699219,11.318305969238281,1324.0899658203125
2012-02-02,2278.919921875,103.0814437866211,11.347328186035156,1325.5400390625
2012-02-03,2312.489990234375,104.52651977539062,11.49243450164795,1344.9000244140625
2012-02-06,2311.550048828125,104.45657348632812,11.496580123901367,1344.3299560546875
2012-02-07,2316.27001953125,104.72074127197266,11.525605201721191,1347.050048828125
2012-02-08,2322.110107421875,105.03150939941406,11.596081733703613,1349.9599609375
2012-02-09,2325.56005859375,105.16357421875,11.708024024963379,1351.949951171875
2012-02-10,2309.60009765625,104.38664245605469,11.620959281921387,1342.6400146484375
2012-02-13,2325.81005859375,105.16357421875,11.69558334350586,1351.77001953125
2012-02-14,2324.0,105.03150939941406,11.716316223144531,1350.5
2012-02-15,2312.280029296875,104.54206085205078,11.654128074645996,1343.22998046875
2012-02-16,2338.1201171875,105.69967651367188,11.82410717010498,1358.0400390625
2012-02-17,2343.669921875,105.97936248779297,11.82410717010498,1361.22998046875
2012-02-21,2345.409912109375,106.02595520019531,11.873856544494629,1362.2099609375
2012-02-22,2337.669921875,105.68415069580078,11.83240032196045,1357.6600341796875
2012-02-23,2348.110107421875,106.15029907226562,11.87800407409668,1363.4599609375
2012-02-24,2352.340087890625,106.38336944580078,11.948482513427734,1365.739990234375
2012-02-27,2355.739990234375,106.5620346069336,11.96921443939209,1367.5899658203125
2012-02-28,2364.030029296875,106.8728256225586,12.056276321411133,1372.1800537109375
2012-02-29,2353.22998046875,106.45328521728516,12.002382278442383,1365.6800537109375
2012-03-01,2367.8701171875,107.00489807128906,12.072863578796387,1374.0899658203125
2012-03-02,2360.280029296875,106.6786117553711,12.056276321411133,1369.6300048828125
2012-03-05,2351.280029296875,106.24346923828125,11.952630996704102,1364.3299560546875
2012-03-06,2315.2099609375,104.68965911865234,11.836545944213867,1343.3599853515625
2012-03-07,2331.889892578125,105.41996002197266,11.92360782623291,1352.6300048828125
2012-03-08,2355.010009765625,106.46883392333984,12.043837547302246,1365.9100341796875
2012-03-09,2363.56005859375,106.88057708740234,12.097739219665527,1370.8699951171875
2012-03-12,2364.10009765625,106.8883285522461,12.11431884765625,1371.0899658203125
2012-03-13,2407.7900390625,108.81510162353516,12.354782104492188,1395.949951171875
2012-03-14,2404.97998046875,108.69853210449219,12.400389671325684,1394.280029296875
2012-03-15,2419.3701171875,109.327880859375,12.43355655670166,1402.5999755859375
2012-03-16,2422.090087890625,109.47921752929688,12.427728652954102,1404.1700439453125
2012-03-19,2431.72998046875,109.90846252441406,12.519233703613281,1409.75
2012-03-20,2424.4599609375,109.5885238647461,12.506759643554688,1405.52001953125
2012-03-21,2420.02001953125,109.4090347290039,12.502593994140625,1402.8900146484375
2012-03-22,2402.7099609375,108.62091064453125,12.47348690032959,1392.780029296875
2012-03-23,2410.159912109375,108.9720687866211,12.47348690032959,1397.1099853515625
2012-03-26,2443.639892578125,110.50149536132812,12.656489372253418,1416.510009765625
2012-03-27,2437.010009765625,110.15811157226562,12.652331352233887,1412.52001953125
2012-03-28,2425.550048828125,109.61189270019531,12.606578826904297,1405.5400390625
2012-03-29,2421.699951171875,109.42462158203125,12.581621170043945,1403.280029296875
2012-03-30,2430.669921875,109.87721252441406,12.544190406799316,1408.469970703125
2012-04-02,2449.080078125,110.68096160888672,12.677284240722656,1419.0400390625
2012-04-03,2439.889892578125,110.22834014892578,12.668967247009277,1413.3800048828125
2012-04-04,2415.050048828125,109.1358871459961,12.519233703613281,1398.9599609375
2012-04-05,2414.39990234375,109.08125305175781,12.548352241516113,1398.0799560546875
2012-04-09,2387.030029296875,107.85619354248047,12.461007118225098,1382.199951171875
2012-04-10,2346.27001953125,106.04582977294922,12.286321640014648,1358.5899658203125
2012-04-11,2364.090087890625,106.90418243408203,12.357026100158691,1368.7099609375
2012-04-12,2396.68994140625,108.30094909667969,12.510918617248535,1387.5699462890625
2012-04-13,2366.840087890625,107.01341247558594,12.31543254852295,1370.260009765625
2012-04-16,2365.64990234375,106.94322204589844,12.186498641967773,1369.5699462890625
2012-04-17,2402.2900390625,108.52722930908203,12.452690124511719,1390.780029296875
2012-04-18,2392.570068359375,108.1604995727539,12.36118221282959,1385.1400146484375
2012-04-19,2378.47998046875,107.46601867675781,12.223930358886719,1376.9200439453125
2012-04-20,2381.320068359375,107.64547729492188,12.178177833557129,1378.530029296875
2012-04-23,2361.35009765625,106.7403335571289,12.08251667022705,1366.93994140625
2012-04-24,2370.0400390625,107.14606475830078,12.057561874389648,1371.969970703125
2012-04-25,2402.7099609375,108.61308288574219,12.398614883422852,1390.68994140625
2012-04-26,2418.889892578125,109.37000274658203,12.494279861450195,1399.97998046875
2012-04-27,2424.780029296875,109.5494613647461,12.490117073059082,1403.3599853515625
2012-04-30,2415.419921875,109.1436996459961,12.402778625488281,1397.9100341796875
2012-05-01,2429.10009765625,109.82260131835938,12.444368362426758,1405.8199462890625
2012-05-02,2423.2900390625,109.49483489990234,12.452690124511719,1402.31005859375
2012-05-03,2405.169921875,108.65992736816406,12.34870719909668,1391.5699462890625
2012-05-04,2366.389892578125,106.90418243408203,12.090840339660645,1369.0999755859375
2012-05-07,2367.260009765625,106.98220825195312,12.057561874389648,1369.5799560546875
2012-05-08,2357.449951171875,106.55301666259766,12.015968322753906,1363.719970703125
2012-05-09,2342.31005859375,105.9209976196289,12.015968322753906,1354.5799560546875
2012-05-10,2348.929931640625,106.13945770263672,11.924468994140625,1357.989990234375
2012-05-11,2341.22998046875,105.81956481933594,11.932785987854004,1353.3900146484375
2012-05-14,2315.449951171875,104.64903259277344,11.82880687713623,1338.3499755859375
2012-05-15,2302.56005859375,104.04822540283203,11.795533180236816,1330.6600341796875
2012-05-16,2293.2099609375,103.65026092529297,11.699872970581055,1324.800048828125
2012-05-17,2258.929931640625,102.11297607421875,11.533501625061035,1304.8599853515625
2012-05-18,2242.25,101.23904418945312,11.42536449432373,1295.219970703125
2012-05-21,2278.239990234375,102.97917175292969,11.708186149597168,1315.989990234375
2012-05-22,2279.39990234375,103.15863037109375,11.67075252532959,1316.6300048828125
2012-05-23,2283.360107421875,103.21326446533203,11.683232307434082,1318.8599853515625
2012-05-24,2286.8701171875,103.41612243652344,11.616686820983887,1320.6800537109375
2012-05-25,2281.919921875,103.08061218261719,11.591732025146484,1317.8199462890625
2012-05-29,2307.570068359375,104.32910919189453,11.745622634887695,1332.4200439453125
2012-05-30,2275.18994140625,102.81529235839844,11.67075252532959,1313.3199462890625
2012-05-31,2270.25,102.5890121459961,11.616686820983887,1310.3299560546875
2012-06-01,2214.409912109375,100.0061264038086,11.313066482543945,1278.0400390625
2012-06-04,2214.699951171875,99.95931243896484,11.379613876342773,1278.1800537109375
2012-06-05,2227.449951171875,100.71627044677734,11.450316429138184,1285.5
2012-06-06,2279.419921875,102.97917175292969,11.712347984313965,1315.1300048828125
2012-06-07,2279.280029296875,103.0416030883789,11.654117584228516,1314.989990234375
2012-06-08,2297.820068359375,103.86092376708984,11.783052444458008,1325.6600341796875
2012-06-11,2268.93994140625,102.54218292236328,11.616686820983887,1308.9300537109375
2012-06-12,2295.39990234375,103.72047424316406,11.733139991760254,1324.1800537109375
2012-06-13,2280.1298828125,103.05718231201172,11.662439346313477,1314.8800048828125
2012-06-14,2304.830078125,104.14966583251953,11.72066879272461,1329.0999755859375
2012-06-15,2328.659912109375,105.21483612060547,11.845508575439453,1342.8399658203125
2012-06-18,2332.070068359375,105.41874694824219,11.933192253112793,1344.780029296875
2012-06-19,2355.010009765625,106.43841552734375,12.025049209594727,1357.97998046875
2012-06-20,2351.139892578125,106.26586151123047,12.045926094055176,1355.68994140625
2012-06-21,2299.159912109375,103.88138580322266,11.762001991271973,1325.510009765625
2012-06-22,2315.64990234375,104.68146514892578,11.891439437866211,1335.02001953125
2012-06-25,2278.97998046875,103.00288391113281,11.649269104003906,1313.719970703125
2012-06-26,2289.860107421875,103.52059173583984,11.695199012756348,1319.989990234375
2012-06-27,2310.97998046875,104.45399475097656,11.766176223754883,1331.8499755859375
2012-06-28,2306.219970703125,104.15592956542969,11.670143127441406,1329.0400390625
2012-06-29,2363.7900390625,106.7521743774414,11.995823860168457,1362.1600341796875
2012-07-02,2369.75,107.07373809814453,12.062629699707031,1365.510009765625
2012-07-03,2385.06005859375,107.77969360351562,12.158662796020508,1374.02001953125
2012-07-05,2373.909912109375,107.29339599609375,12.158662796020508,1367.5799560546875
2012-07-06,2352.340087890625,106.27369689941406,11.979117393493652,1354.6800537109375
2012-07-09,2348.52001953125,106.14035034179688,11.954065322875977,1352.4599609375
2012-07-10,2329.4599609375,105.21483612060547,11.82045841217041,1341.469970703125
2012-07-11,2329.7099609375,105.23052215576172,11.766176223754883,1341.449951171875
2012-07-12,2318.090087890625,104.72067260742188,11.649269104003906,1334.760009765625
2012-07-13,2356.39990234375,106.47766876220703,11.803755760192871,1356.780029296875
2012-07-16,2350.93994140625,106.22663879394531,11.791226387023926,1353.6400146484375
2012-07-17,2368.360107421875,106.95612335205078,11.837158203125,1363.6700439453125
2012-07-18,2384.5400390625,107.74830627441406,12.041748046875,1372.780029296875
2012-07-19,2391.27001953125,108.0306625366211,12.146137237548828,1376.510009765625
2012-07-20,2367.260009765625,107.04239654541016,12.00835132598877,1362.6600341796875
2012-07-23,2346.219970703125,105.95994567871094,11.891439437866211,1350.52001953125
2012-07-24,2325.02001953125,105.05008697509766,11.770352363586426,1338.31005859375
2012-07-25,2324.330078125,105.07364654541016,11.724422454833984,1337.8900146484375
2012-07-26,2362.85009765625,106.80706024169922,11.903964042663574,1360.02001953125
2012-07-27,2408.070068359375,108.77582550048828,12.16283893585205,1385.969970703125
2012-07-30,2406.989990234375,108.77582550048828,12.167012214660645,1385.300048828125
2012-07-31,2396.6201171875,108.01499938964844,12.21711254119873,1379.3199462890625
2012-08-01,2389.72998046875,107.92086029052734,12.175360679626465,1375.3199462890625
2012-08-02,2372.31005859375,107.17572784423828,12.096030235290527,1365.0
2012-08-03,2417.77001953125,109.30135345458984,12.334027290344238,1390.989990234375
2012-08-06,2423.4599609375,109.5131607055664,12.421712875366211,1394.22998046875
2012-08-07,2435.8798828125,110.06219482421875,12.505217552185059,1401.3499755859375
2012-08-08,2438.159912109375,110.19556427001953,12.509390830993652,1402.219970703125
2012-08-09,2440.22998046875,110.2896499633789,12.551145553588867,1402.800048828125
2012-08-10,2445.639892578125,110.47006225585938,12.58037281036377,1405.8699951171875
2012-08-13,2443.050048828125,110.4151382446289,12.617956161499023,1404.1099853515625
2012-08-14,2443.159912109375,110.43085479736328,12.592900276184082,1403.9300537109375
2012-08-15,2446.820068359375,110.5563735961914,12.597074508666992,1405.530029296875
2012-08-16,2464.3798828125,111.37212371826172,12.768266677856445,1415.510009765625
2012-08-17,2469.0,111.52112579345703,12.839244842529297,1418.1600341796875
2012-08-20,2468.989990234375,111.52896881103516,12.851770401000977,1418.1300048828125
2012-08-21,2460.409912109375,111.19171905517578,12.768266677856445,1413.1700439453125
2012-08-22,2461.1201171875,111.2387466430664,12.789142608642578,1413.489990234375
2012-08-23,2441.2900390625,110.32884216308594,12.684759140014648,1402.0799560546875
2012-08-24,2457.39990234375,110.99556732177734,12.76408576965332,1411.1300048828125
2012-08-27,2456.219970703125,111.01911926269531,12.776612281799316,1410.43994140625
2012-08-28,2454.389892578125,110.9093017578125,12.74738883972168,1409.300048828125
2012-08-29,2457.050048828125,110.99556732177734,12.772440910339355,1410.489990234375
2012-08-30,2438.199951171875,110.19556427001953,12.630478858947754,1399.47998046875
2012-08-31,2450.60009765625,110.72102355957031,12.730690956115723,1406.5799560546875
2012-09-04,2447.800048828125,110.61911010742188,12.730690956115723,1404.93994140625
2012-09-05,2445.81005859375,110.52495574951172,12.718160629272461,1403.43994140625
2012-09-06,2496.1201171875,112.76824188232422,13.002086639404297,1432.1199951171875
2012-09-07,2506.3701171875,113.20747375488281,12.981210708618164,1437.9200439453125
2012-09-10,2491.110107421875,112.56426239013672,12.843421936035156,1429.0799560546875
2012-09-11,2498.949951171875,112.87808227539062,12.876825332641602,1433.56005859375
2012-09-12,2504.840087890625,113.25457000732422,12.947806358337402,1436.56005859375
2012-09-13,2546.030029296875,114.98014068603516,13.123169898986816,1459.989990234375
2012-09-14,2556.1298828125,115.4900131225586,13.185797691345215,1465.77001953125
2012-09-17,2548.260009765625,115.09782409667969,13.198322296142578,1461.18994140625
2012-09-18,2545.050048828125,115.00370788574219,13.206681251525879,1459.3199462890625
2012-09-19,2548.110107421875,115.06639862060547,13.219206809997559,1461.050048828125
2012-09-20,2547.110107421875,115.07432556152344,13.194149017333984,1460.260009765625
2012-09-21,2546.919921875,115.02616882324219,13.21092414855957,1460.1500244140625
2012-09-24,2541.22998046875,114.85270690917969,13.127069473266602,1456.8900146484375
2012-09-25,2514.830078125,113.6304702758789,12.94259262084961,1441.5899658203125
2012-09-26,2500.919921875,112.9917221069336,12.850356101989746,1433.3199462890625
2012-09-27,2525.22998046875,114.0562744140625,13.01806354522705,1447.1500244140625
2012-09-28,2513.929931640625,113.52794647216797,12.925824165344238,1440.6700439453125
2012-10-01,2520.7099609375,113.82758331298828,12.896474838256836,1444.489990234375
2012-10-02,2523.080078125,113.94585418701172,12.91324520111084,1445.75
2012-10-03,2532.7900390625,114.41112518310547,12.980327606201172,1450.989990234375
2012-10-04,2550.97998046875,115.2311782836914,13.01806354522705,1461.4000244140625
2012-10-05,2551.030029296875,115.2391357421875,12.950982093811035,1460.9300537109375
2012-10-08,2542.2099609375,114.84484100341797,12.816817283630371,1455.8800048828125
2012-10-09,2517.139892578125,113.7093505859375,12.653303146362305,1441.47998046875
2012-10-10,2501.75,112.98383331298828,12.60299301147461,1432.56005859375
2012-10-11,2502.659912109375,113.04691314697266,12.552681922912598,1432.8399658203125
2012-10-12,2495.280029296875,112.67628479003906,12.544297218322754,1428.5899658203125
2012-10-15,2515.43994140625,113.61468505859375,12.607187271118164,1440.1300048828125
2012-10-16,2541.280029296875,114.76595306396484,12.779086112976074,1454.9200439453125
2012-10-17,2552.050048828125,115.28641510009766,12.712003707885742,1460.9100341796875
2012-10-18,2545.949951171875,114.98674774169922,12.565258026123047,1457.3399658203125
2012-10-19,2503.800048828125,113.07060241699219,12.280162811279297,1433.18994140625
2012-10-22,2504.9599609375,113.08633422851562,12.364017486572266,1433.8199462890625
2012-10-23,2468.780029296875,111.51714324951172,12.229851722717285,1413.1099853515625
2012-10-24,2461.179931640625,111.20174407958984,12.158576011657715,1408.75
2012-10-25,2468.60009765625,111.52499389648438,12.133419036865234,1412.969970703125
2012-10-26,2466.800048828125,111.46192169189453,12.154383659362793,1411.93994140625
2012-10-31,2467.510009765625,111.46192169189453,12.104072570800781,1412.1600341796875
2012-11-01,2494.669921875,112.6290054321289,12.301127433776855,1427.5899658203125
2012-11-02,2471.300048828125,111.62751770019531,12.141801834106445,1414.199951171875
2012-11-05,2476.93994140625,111.85621643066406,12.208885192871094,1417.260009765625
2012-11-06,2496.4599609375,112.73152160644531,12.263389587402344,1428.3900146484375
2012-11-07,2439.47998046875,110.17659759521484,11.957334518432617,1394.530029296875
2012-11-08,2409.719970703125,108.85181427001953,11.785435676574707,1377.510009765625
2012-11-09,2413.919921875,108.94645690917969,11.839935302734375,1379.8499755859375
2012-11-12,2414.239990234375,109.03315734863281,11.823164939880371,1380.030029296875
2012-11-13,2405.3798828125,108.65467834472656,11.764472007751465,1374.530029296875
2012-11-14,2372.93994140625,107.18798828125,11.64708137512207,1355.489990234375
2012-11-15,2369.320068359375,107.00658416748047,11.579996109008789,1353.3299560546875
2012-11-16,2381.02001953125,107.534912109375,11.596770286560059,1359.8800048828125
2012-11-19,2428.469970703125,109.7113037109375,11.915404319763184,1386.8900146484375
2012-11-20,2430.2900390625,109.75865936279297,11.865097045898438,1387.81005859375
2012-11-21,2435.969970703125,109.96370697021484,11.902826309204102,1391.030029296875
2012-11-23,2468.06005859375,111.46192169189453,12.095685958862305,1409.1500244140625
2012-11-26,2463.1201171875,111.22537231445312,12.150192260742188,1406.2900390625
2012-11-27,2450.47998046875,110.65763092041016,12.095685958862305,1398.93994140625
2012-11-28,2470.469970703125,111.5486831665039,12.166961669921875,1409.9300537109375
2012-11-29,2481.419921875,112.06912231445312,12.225659370422363,1415.949951171875
2012-11-30,2481.820068359375,112.09276580810547,12.213080406188965,1416.1800537109375
2012-12-03,2470.070068359375,111.54080200195312,12.196311950683594,1409.4599609375
2012-12-04,2465.89990234375,111.3830795288086,12.175347328186035,1407.050048828125
2012-12-05,2470.590087890625,111.58019256591797,12.05375862121582,1409.280029296875
2012-12-06,2479.39990234375,111.95870208740234,12.12503719329834,1413.93994140625
2012-12-07,2486.840087890625,112.29779815673828,12.062149047851562,1418.0699462890625
2012-12-10,2487.780029296875,112.34513854980469,12.091490745544434,1418.550048828125
2012-12-11,2504.080078125,113.1099853515625,12.255005836486816,1427.8399658203125
2012-12-12,2505.760009765625,113.1651840209961,12.234041213989258,1428.47998046875
2012-12-13,2490.56005859375,112.4712905883789,12.145997047424316,1419.449951171875
2012-12-14,2480.360107421875,112.0533447265625,12.028608322143555,1413.5799560546875
2012-12-17,2509.840087890625,113.37020874023438,12.175347328186035,1430.3599853515625
2012-12-18,2538.719970703125,114.6319351196289,12.355630874633789,1446.7900390625
2012-12-19,2519.5400390625,113.7802734375,12.292737007141113,1435.81005859375
2012-12-20,2533.909912109375,114.43474578857422,12.31370735168457,1443.68994140625
2012-12-21,2510.320068359375,113.39600372314453,12.207440376281738,1430.1500244140625
2012-12-24,2504.510009765625,113.04656982421875,12.173707962036133,1426.6600341796875
2012-12-26,2492.5400390625,112.57012939453125,12.106240272521973,1419.8299560546875
2012-12-27,2489.969970703125,112.41922760009766,12.093588829040527,1418.0999755859375
2012-12-28,2462.7099609375,111.20421600341797,11.958656311035156,1402.4300537109375
2012-12-31,2504.43994140625,113.0942611694336,12.165271759033203,1426.18994140625
2013-01-02,2568.550048828125,115.99286651611328,12.570080757141113,1462.4200439453125
2013-01-03,2563.18994140625,115.73081970214844,12.489964485168457,1459.3699951171875
2013-01-04,2575.659912109375,116.23905944824219,12.439359664916992,1466.469970703125
2013-01-07,2567.6298828125,115.92144012451172,12.422492027282715,1461.8900146484375
2013-01-08,2560.169921875,115.58790588378906,12.37611198425293,1457.1500244140625
2013-01-09,2567.02001953125,115.88168334960938,12.397193908691406,1461.02001953125
2013-01-10,2586.52001953125,116.80294036865234,12.46044635772705,1472.1199951171875
2013-01-11,2586.68994140625,116.79497528076172,12.477313041687012,1472.050048828125
2013-01-14,2584.27001953125,116.71556854248047,12.397193908691406,1470.6800537109375
2013-01-15,2587.199951171875,116.79497528076172,12.317075729370117,1472.3399658203125
2013-01-16,2588.02001953125,116.77911376953125,12.359243392944336,1472.6300048828125
2013-01-17,2602.639892578125,117.53351593017578,12.409843444824219,1480.93994140625
2013-01-18,2611.5400390625,117.79557037353516,12.39297866821289,1485.97998046875
2013-01-22,2623.219970703125,118.43095397949219,12.426712989807129,1492.56005859375
2013-01-23,2627.22998046875,118.62149810791016,12.557430267333984,1494.81005859375
2013-01-24,2627.330078125,118.65331268310547,12.342375755310059,1494.8199462890625
2013-01-25,2641.639892578125,119.32030487060547,12.355027198791504,1502.9599609375
2013-01-28,2636.830078125,119.17742156982422,12.397193908691406,1500.1800537109375
2013-01-29,2650.429931640625,119.64599609375,12.4140625,1507.8399658203125
2013-01-30,2640.77001953125,119.17742156982422,12.37611198425293,1501.9599609375
2013-01-31,2634.159912109375,118.88362121582031,12.397193908691406,1498.1099853515625
2013-02-01,2660.699951171875,120.10653686523438,12.536348342895508,1513.1700439453125
2013-02-04,2630.050048828125,118.75653839111328,12.371895790100098,1495.7099609375
2013-02-05,2657.760009765625,119.9557113647461,12.515265464782715,1511.2900390625
2013-02-06,2659.550048828125,120.04302215576172,12.511045455932617,1512.1199951171875
2013-02-07,2655.840087890625,119.88422393798828,12.511045455932617,1509.3900146484375
2013-02-08,2670.85009765625,120.55133056640625,12.620682716369629,1517.9300537109375
2013-02-11,2669.3701171875,120.52745056152344,12.645981788635254,1517.010009765625
2013-02-12,2673.77001953125,120.72596740722656,12.603813171386719,1519.4300537109375
2013-02-13,2676.60009765625,120.82921600341797,12.599597930908203,1520.3299560546875
2013-02-14,2678.77001953125,120.94041442871094,12.565861701965332,1521.3800048828125
2013-02-15,2676.2099609375,120.79743957519531,12.557430267333984,1519.7900390625
2013-02-19,2696.260009765625,121.7027816772461,12.641761779785156,1530.93994140625
2013-02-20,2662.93994140625,120.18599700927734,12.468878746032715,1511.949951171875
2013-02-21,2646.75,119.45535278320312,12.367680549621582,1502.4200439453125
2013-02-22,2670.360107421875,120.6227035522461,12.51948070526123,1515.5999755859375
2013-02-25,2621.4599609375,118.32765197753906,12.342375755310059,1487.8499755859375
2013-02-26,2637.889892578125,119.13768768310547,12.4140625,1496.93994140625
2013-02-27,2672.110107421875,120.63867950439453,12.51948070526123,1515.989990234375
2013-02-28,2669.919921875,120.40043640136719,12.494180679321289,1514.6800537109375
2013-03-01,2676.179931640625,120.79743957519531,12.515265464782715,1518.199951171875
2013-03-04,2688.5400390625,121.44070434570312,12.553214073181152,1525.199951171875
2013-03-05,2714.35009765625,122.52871704101562,12.726099014282227,1539.7900390625
2013-03-06,2718.070068359375,122.69551086425781,12.717667579650879,1541.4599609375
2013-03-07,2723.27001953125,122.91783142089844,12.747180938720703,1544.260009765625
2013-03-08,2735.669921875,123.44196319580078,12.77248477935791,1551.1800537109375
2013-03-11,2744.81005859375,123.91055297851562,12.802000045776367,1556.219970703125
2013-03-12,2738.35009765625,123.63256072998047,12.75561809539795,1552.47998046875
2013-03-13,2742.8701171875,123.80729675292969,12.747180938720703,1554.52001953125
2013-03-14,2758.300048828125,124.46647644042969,12.839954376220703,1563.22998046875
2013-03-15,2753.820068359375,124.30211639404297,12.786602973937988,1560.699951171875
2013-03-18,2738.679931640625,123.61609649658203,12.790837287902832,1552.0999755859375
2013-03-19,2732.090087890625,123.32894134521484,12.773900032043457,1548.3399658203125
2013-03-20,2750.419921875,124.19041442871094,12.837409019470215,1558.7099609375
2013-03-21,2727.68994140625,123.12952423095703,12.693452835083008,1545.800048828125
2013-03-22,2747.25,124.11864471435547,12.773900032043457,1556.8900146484375
2013-03-25,2738.080078125,123.60015869140625,12.744263648986816,1551.68994140625
2013-03-26,2760.320068359375,124.5892562866211,12.82470989227295,1563.77001953125
2013-03-27,2758.85009765625,124.5892562866211,12.790837287902832,1562.8499755859375
2013-03-28,2770.050048828125,124.97213745117188,12.816239356994629,1569.18994140625
2013-04-01,2757.830078125,124.47760009765625,12.731560707092285,1562.1700439453125
2013-04-02,2772.110107421875,125.09185028076172,12.782368659973145,1570.25
2013-04-03,2743.3798828125,123.82345581054688,12.68075180053711,1553.68994140625
2013-04-04,2754.669921875,124.3260269165039,12.684986114501953,1559.97998046875
2013-04-05,2742.860107421875,123.76770782470703,12.58760929107666,1553.280029296875
2013-04-08,2761.050048828125,124.60518646240234,12.64264965057373,1563.0699462890625
2013-04-09,2770.840087890625,125.03594970703125,12.731560707092285,1568.6099853515625
2013-04-10,2804.81005859375,126.56751251220703,12.955961227416992,1587.72998046875
2013-04-11,2815.02001953125,126.98225402832031,12.913622856140137,1593.3699951171875
2013-04-12,2807.10009765625,126.67118835449219,12.8585844039917,1588.8499755859375
2013-04-15,2742.6298828125,123.7357406616211,12.646880149841309,1552.3599853515625
2013-04-16,2781.860107421875,125.56243896484375,12.803539276123047,1574.5699462890625
2013-04-17,2742.010009765625,123.7277603149414,12.541033744812012,1552.010009765625
2013-04-18,2723.719970703125,122.95397186279297,12.409778594970703,1541.6099853515625
2013-04-19,2747.93994140625,124.02290344238281,12.426716804504395,1555.25
2013-04-22,2760.800048828125,124.57329559326172,12.524094581604004,1562.5
2013-04-23,2789.56005859375,125.85755920410156,12.659584045410156,1578.780029296875
2013-04-24,2789.929931640625,125.93734741210938,12.68075180053711,1578.7900390625
2013-04-25,2801.280029296875,126.44783020019531,12.723092079162598,1585.1600341796875
2013-04-26,2796.239990234375,126.22453308105469,12.718860626220703,1582.239990234375
2013-04-29,2816.389892578125,127.070068359375,12.90092658996582,1593.6099853515625
2013-04-30,2823.419921875,127.37317657470703,13.040642738342285,1597.5699462890625
2013-05-01,2797.280029296875,126.25640869140625,12.926325798034668,1582.699951171875
2013-05-02,2823.820068359375,127.4289779663086,13.091449737548828,1597.5899658203125
2013-05-03,2853.8798828125,128.72117614746094,13.214232444763184,1614.4200439453125
2013-05-06,2859.340087890625,129.0482940673828,13.277741432189941,1617.5
2013-05-07,2874.4599609375,129.70237731933594,13.269275665283203,1625.9599609375
2013-05-08,2887.610107421875,130.2926788330078,13.375126838684082,1632.68994140625
2013-05-09,2878.300048828125,129.9257354736328,13.33702278137207,1626.6700439453125
2013-05-10,2890.77001953125,130.34852600097656,13.375126838684082,1633.699951171875
2013-05-13,2891.169921875,130.45220947265625,13.341253280639648,1633.77001953125
2013-05-14,2921.1201171875,131.8002471923828,13.383591651916504,1650.3399658203125
2013-05-15,2936.97998046875,132.5102081298828,13.425930976867676,1658.780029296875
2013-05-16,2922.39990234375,131.88803100585938,13.497912406921387,1650.469970703125
2013-05-17,2952.56005859375,133.16429138183594,13.633402824401855,1667.469970703125
2013-05-20,2950.530029296875,133.15631103515625,13.633402824401855,1666.2900390625
2013-05-21,2955.68994140625,133.34774780273438,13.591055870056152,1669.1600341796875
2013-05-22,2931.580078125,132.35865783691406,13.44287109375,1655.3499755859375
2013-05-23,2923.429931640625,131.97572326660156,13.43863582611084,1650.510009765625
2013-05-24,2921.8798828125,131.86404418945312,13.417465209960938,1649.5999755859375
2013-05-28,2940.449951171875,132.65374755859375,13.480976104736328,1660.06005859375
2013-05-29,2920.179931640625,131.79232788085938,13.447099685668945,1648.3599853515625
2013-05-30,2931.389892578125,132.27886962890625,13.53178596496582,1654.4100341796875
2013-05-31,2889.4599609375,130.38038635253906,13.404763221740723,1630.739990234375
2013-06-03,2906.909912109375,131.09832763671875,13.472508430480957,1640.4200439453125
2013-06-04,2891.02001953125,130.4680938720703,13.413232803344727,1631.3800048828125
2013-06-05,2851.889892578125,128.64141845703125,13.281981468200684,1608.9000244140625
2013-06-06,2876.5,129.80609130859375,13.311617851257324,1622.56005859375
2013-06-07,2913.4599609375,131.45730590820312,13.434398651123047,1643.3800048828125
2013-06-10,2912.6298828125,131.45730590820312,13.46403980255127,1642.81005859375
2013-06-11,2883.070068359375,130.10118103027344,13.324318885803223,1626.1300048828125
2013-06-12,2859.6201171875,129.02432250976562,13.235404968261719,1612.52001953125
2013-06-13,2902.320068359375,130.9866485595703,13.38783073425293,1636.3599853515625
2013-06-14,2885.239990234375,130.1650390625,13.286216735839844,1626.72998046875
2013-06-17,2907.1201171875,131.1701202392578,13.4089994430542,1639.0400390625
2013-06-18,2929.81005859375,132.2071075439453,13.514847755432129,1651.81005859375
2013-06-19,2889.25,130.38038635253906,13.35819149017334,1628.9300537109375
2013-06-20,2817.43994140625,127.14981842041016,13.061811447143555,1588.18994140625
2013-06-21,2824.969970703125,127.55796813964844,12.983087539672852,1592.4300537109375
2013-06-24,2790.659912109375,125.94615173339844,12.825639724731445,1573.0899658203125
2013-06-25,2817.43994140625,127.15701293945312,12.932023048400879,1588.030029296875
2013-06-26,2845.0400390625,128.41603088378906,13.008621215820312,1603.260009765625
2013-06-27,2862.919921875,129.1697998046875,13.07244873046875,1613.199951171875
2013-06-28,2850.659912109375,128.64053344726562,13.017130851745605,1606.280029296875
2013-07-01,2866.409912109375,129.39437866210938,13.085216522216797,1614.9599609375
2013-07-02,2865.47998046875,129.2740478515625,13.10649299621582,1614.0799560546875
2013-07-03,2867.85009765625,129.33023071289062,13.183091163635254,1615.4100341796875
2013-07-05,2897.1201171875,130.72552490234375,13.268198013305664,1631.8900146484375
2013-07-08,2913.199951171875,131.47125244140625,13.259685516357422,1640.4599609375
2013-07-09,2934.31005859375,132.41748046875,13.310752868652344,1652.3199462890625
2013-07-10,2934.969970703125,132.46551513671875,13.353307723999023,1652.6199951171875
2013-07-11,2975.06005859375,134.26983642578125,13.578839302062988,1675.02001953125
2013-07-12,2984.239990234375,134.32603454589844,13.587347030639648,1680.18994140625
2013-07-15,2988.35009765625,134.83920288085938,13.62564754486084,1682.5
2013-07-16,2977.260009765625,134.33401489257812,13.634157180786133,1676.260009765625
2013-07-17,2985.85009765625,134.6788330078125,13.64692211151123,1680.9100341796875
2013-07-18,3001.2099609375,135.41659545898438,13.612881660461426,1689.3699951171875
2013-07-19,3006.1298828125,135.65713500976562,13.383090019226074,1692.0899658203125
2013-07-22,3012.300048828125,135.92169189453125,13.42138957977295,1695.530029296875
2013-07-23,3006.719970703125,135.63308715820312,13.366069793701172,1692.3900146484375
2013-07-24,2995.300048828125,135.13592529296875,13.455434799194336,1685.93994140625
2013-07-25,3003.010009765625,135.46469116210938,13.46394157409668,1690.25
2013-07-26,3005.510009765625,135.60902404785156,13.502238273620605,1691.6500244140625
2013-07-29,2994.449951171875,135.19204711914062,13.480966567993164,1685.3299560546875
2013-07-30,2995.679931640625,135.19204711914062,13.549050331115723,1685.9599609375
2013-07-31,2995.719970703125,135.2882843017578,13.502238273620605,1685.72998046875
2013-08-01,3033.590087890625,136.8519744873047,13.64692211151123,1706.8699951171875
2013-08-02,3038.6298828125,137.08450317382812,13.706497192382812,1709.6700439453125
2013-08-05,3034.429931640625,136.884033203125,13.736283302307129,1707.1400146484375
2013-08-06,3017.159912109375,136.10626220703125,13.663946151733398,1697.3699951171875
2013-08-07,3006.6298828125,135.66517639160156,13.629899024963379,1690.9100341796875
2013-08-08,3019.0,136.16236877441406,13.672453880310059,1697.47998046875
2013-08-09,3008.7900390625,135.76939392089844,13.604371070861816,1691.4200439453125
2013-08-12,3005.419921875,135.60902404785156,13.69372844696045,1689.469970703125
2013-08-13,3014.429931640625,136.00997924804688,13.787347793579102,1694.1600341796875
2013-08-14,2999.419921875,135.31234741210938,13.774585723876953,1685.3900146484375
2013-08-15,2957.080078125,133.41989135742188,13.553302764892578,1661.3199462890625
2013-08-16,2947.4599609375,132.97882080078125,13.540541648864746,1655.8299560546875
2013-08-19,2930.27001953125,132.1287841796875,13.497983932495117,1646.06005859375
2013-08-20,2941.580078125,132.7783203125,13.519262313842773,1652.3499755859375
2013-08-21,2924.72998046875,131.96038818359375,13.489473342895508,1642.800048828125
2013-08-22,2949.9599609375,133.16329956054688,13.549050331115723,1656.9599609375
2013-08-23,2962.06005859375,133.6122589111328,13.64692211151123,1663.5
2013-08-26,2950.1298828125,133.11517333984375,13.583091735839844,1656.780029296875
2013-08-27,2903.2900390625,130.97402954101562,13.344789505004883,1630.47998046875
2013-08-28,2911.830078125,131.43914794921875,13.353307723999023,1634.9599609375
2013-08-29,2917.9599609375,131.64772033691406,13.42564582824707,1638.1700439453125
2013-08-30,2908.9599609375,131.23065185546875,13.361814498901367,1632.969970703125
2013-09-03,2921.22998046875,131.82411193847656,13.374581336975098,1639.77001953125
2013-09-04,2945.6201171875,132.91465759277344,13.502238273620605,1653.0799560546875
2013-09-05,2949.27001953125,133.0830535888672,13.510753631591797,1655.0799560546875
2013-09-06,2949.800048828125,133.14723205566406,13.519262313842773,1655.1700439453125
2013-09-09,2979.449951171875,134.42225646972656,13.680968284606934,1671.7099609375
2013-09-10,3001.360107421875,135.41659545898438,13.766068458557129,1683.989990234375
2013-09-11,3010.93994140625,135.84161376953125,13.702247619628906,1689.1300048828125
2013-09-12,3001.6201171875,135.48074340820312,13.715011596679688,1683.4200439453125
2013-09-13,3009.7900390625,135.78550720214844,13.727778434753418,1687.989990234375
2013-09-16,3026.93994140625,136.57130432128906,13.706497192382812,1697.5999755859375
2013-09-17,3039.75,137.1807403564453,13.774585723876953,1704.760009765625
2013-09-18,3076.81005859375,138.7685546875,13.949057579040527,1725.52001953125
2013-09-19,3071.610107421875,138.5360107421875,13.957562446594238,1722.3399658203125
2013-09-20,3049.469970703125,137.5673828125,13.858363151550293,1709.9100341796875
2013-09-23,3035.090087890625,136.93077087402344,13.901118278503418,1701.8399658203125
2013-09-24,3027.52001953125,136.60848999023438,13.841259956359863,1697.4200439453125
2013-09-25,3019.31005859375,136.21363830566406,13.819878578186035,1692.77001953125
2013-09-26,3030.409912109375,136.7373504638672,13.871191024780273,1698.6700439453125
2013-09-27,3018.239990234375,136.10885620117188,13.78567123413086,1691.75
2013-09-30,3000.179931640625,135.38365173339844,13.700152397155762,1681.550048828125
2013-10-01,3024.3798828125,136.45538330078125,13.819878578186035,1695.0
2013-10-02,3022.949951171875,136.32643127441406,13.824156761169434,1693.8699951171875
2013-10-03,2995.81005859375,135.06939697265625,13.704428672790527,1678.6600341796875
2013-10-04,3017.050048828125,136.0927734375,13.76001262664795,1690.5
2013-10-07,2991.389892578125,134.91629028320312,13.700152397155762,1676.1199951171875
2013-10-08,2955.409912109375,133.344970703125,13.482083320617676,1655.449951171875
2013-10-09,2957.39990234375,133.441650390625,13.533390998840332,1656.4000244140625
2013-10-10,3022.429931640625,136.31837463378906,13.76001262664795,1692.56005859375
2013-10-11,3041.429931640625,137.19676208496094,13.875463485717773,1703.199951171875
2013-10-14,3053.840087890625,137.74465942382812,13.922504425048828,1710.1400146484375
2013-10-15,3032.27001953125,136.7454376220703,13.836983680725098,1698.06005859375
2013-10-16,3074.5400390625,138.65525817871094,13.969538688659668,1721.5400390625
2013-10-17,3095.419921875,139.5819549560547,13.9738130569458,1733.1500244140625
2013-10-18,3115.77001953125,140.52474975585938,14.21326732635498,1744.5
2013-10-21,3116.090087890625,140.53274536132812,14.290230751037598,1744.6600341796875
2013-10-22,3133.97998046875,141.34664916992188,14.285958290100098,1754.6700439453125
2013-10-23,3119.199951171875,140.6697540283203,14.217541694641113,1746.3800048828125
2013-10-24,3129.409912109375,141.13710021972656,14.251751899719238,1752.0699462890625
2013-10-25,3143.159912109375,141.78170776367188,14.324441909790039,1759.77001953125
2013-10-28,3147.360107421875,142.00738525390625,14.371478080749512,1762.1099853515625
2013-10-29,3165.110107421875,142.76483154296875,14.465551376342773,1771.949951171875
2013-10-30,3149.929931640625,142.0557403564453,14.43561840057373,1763.31005859375
2013-10-31,3138.090087890625,141.65280151367188,14.388580322265625,1756.5400390625
2013-11-01,3147.2099609375,141.9912567138672,14.392850875854492,1761.6400146484375
2013-11-04,3158.469970703125,142.4908905029297,14.448443412780762,1767.9300537109375
2013-11-05,3149.9599609375,142.0395965576172,14.409963607788086,1762.969970703125
2013-11-06,3165.1298828125,142.76483154296875,14.555346488952637,1770.489990234375
2013-11-07,3124.1201171875,140.9597930908203,14.36719799041748,1747.1500244140625
2013-11-08,3166.110107421875,142.86151123046875,14.49548053741455,1770.6099853515625
2013-11-11,3168.409912109375,142.88575744628906,14.512582778930664,1771.8900146484375
2013-11-12,3161.10009765625,142.5956573486328,14.551065444946289,1767.68994140625
2013-11-13,3187.639892578125,143.73988342285156,14.675066947937012,1782.0
2013-11-14,3203.64990234375,144.45704650878906,14.636584281921387,1790.6199951171875
2013-11-15,3217.199951171875,145.0855712890625,14.66651439666748,1798.1800537109375
2013-11-18,3205.4599609375,144.57794189453125,14.610929489135742,1791.530029296875
2013-11-19,3199.52001953125,144.263671875,14.559614181518555,1787.8699951171875
2013-11-20,3188.0400390625,143.81236267089844,14.512582778930664,1781.3699951171875
2013-11-21,3214.159912109375,144.9727325439453,14.636584281921387,1795.8499755859375
2013-11-22,3230.5400390625,145.697998046875,14.60665512084961,1804.760009765625
2013-11-25,3226.530029296875,145.5529327392578,14.60665512084961,1802.47998046875
2013-11-26,3227.360107421875,145.59324645996094,14.657965660095215,1802.75
2013-11-27,3236.139892578125,145.94781494140625,14.773417472839355,1807.22998046875
2013-11-29,3233.719970703125,145.85107421875,14.833281517028809,1805.81005859375
2013-12-02,3225.06005859375,145.4723663330078,14.786242485046387,1800.9000244140625
2013-12-03,3214.949951171875,144.84381103515625,14.820449829101562,1795.1500244140625
2013-12-04,3211.590087890625,144.8277130126953,14.833281517028809,1792.81005859375
2013-12-05,3197.760009765625,144.1910858154297,14.786242485046387,1785.030029296875
2013-12-06,3233.989990234375,145.802734375,14.888866424560547,1805.0899658203125
2013-12-09,3239.989990234375,146.17335510253906,14.93590259552002,1808.3699951171875
2013-12-10,3229.719970703125,145.64962768554688,14.90596866607666,1802.6199951171875
2013-12-11,3193.52001953125,144.01377868652344,14.769140243530273,1782.219970703125
2013-12-12,3182.330078125,143.53842163085938,14.670796394348145,1775.5
2013-12-13,3182.070068359375,143.52227783203125,14.623757362365723,1775.3199462890625
2013-12-16,3202.219970703125,144.41677856445312,14.769140243530273,1786.5400390625
2013-12-17,3192.330078125,143.9574737548828,14.76486587524414,1781.0
2013-12-18,3245.590087890625,146.41517639160156,14.880319595336914,1810.6500244140625
2013-12-19,3244.14990234375,146.24594116210938,14.90596866607666,1809.5999755859375
2013-12-20,3259.7900390625,147.09664916992188,15.02242374420166,1818.3199462890625
2013-12-23,3277.6201171875,147.88247680664062,15.220084190368652,1827.989990234375
2013-12-24,3287.550048828125,148.20663452148438,15.263054847717285,1833.3199462890625
2013-12-26,3303.14990234375,148.96006774902344,15.301727294921875,1842.02001953125
2013-12-27,3302.659912109375,148.95196533203125,15.288833618164062,1841.4000244140625
2013-12-30,3302.300048828125,148.92764282226562,15.25875186920166,1841.0699462890625
2013-12-31,3315.590087890625,149.63250732421875,15.357589721679688,1848.3599853515625
2014-01-02,3286.68994140625,148.19845581054688,15.20719051361084,1831.97998046875
2014-01-03,3285.679931640625,148.17416381835938,15.134150505065918,1831.3699951171875
2014-01-06,3277.47998046875,147.74481201171875,15.10836124420166,1826.77001953125
2014-01-07,3297.449951171875,148.6521453857422,15.245863914489746,1837.8800048828125
2014-01-08,3297.739990234375,148.68453979492188,15.245863914489746,1837.489990234375
2014-01-09,3298.8701171875,148.7818145751953,15.14703369140625,1838.1300048828125
2014-01-10,3306.489990234375,149.1868896484375,15.177111625671387,1842.3699951171875
2014-01-13,3265.27001953125,147.2019805908203,15.013823509216309,1819.199951171875
2014-01-14,3300.610107421875,148.8061065673828,15.267351150512695,1838.8800048828125
2014-01-15,3317.75,149.6082000732422,15.452122688293457,1848.3800048828125
2014-01-16,3313.360107421875,149.4137420654297,15.447829246520996,1845.8900146484375
2014-01-17,3300.510009765625,148.7818145751953,15.361884117126465,1838.699951171875
2014-01-21,3309.739990234375,149.2193145751953,15.43923568725586,1843.800048828125
2014-01-22,3312.0400390625,149.3165283203125,15.422039031982422,1844.8599853515625
2014-01-23,3282.639892578125,148.09312438964844,15.391963958740234,1828.4599609375
2014-01-24,3214.139892578125,144.93344116210938,15.095470428466797,1790.2900390625
2014-01-27,3198.570068359375,144.22048950195312,14.953666687011719,1781.56005859375
2014-01-28,3218.2099609375,145.07923889160156,14.863431930541992,1792.5
2014-01-29,3185.699951171875,143.6857452392578,14.747410774230957,1774.199951171875
2014-01-30,3221.780029296875,145.20892333984375,14.92788314819336,1794.18994140625
2014-01-31,3200.949951171875,144.35824584960938,14.962258338928223,1782.5899658203125
2014-02-03,3127.8701171875,141.109375,14.648577690124512,1741.8900146484375
2014-02-04,3151.93994140625,142.0977783203125,14.70444393157959,1755.199951171875
2014-02-05,3146.489990234375,141.9195098876953,14.717333793640137,1751.6400146484375
2014-02-06,3187.25,143.79103088378906,14.880616188049316,1773.4300537109375
2014-02-07,3229.64990234375,145.5734405517578,15.08258056640625,1797.02001953125
2014-02-10,3234.7900390625,145.84085083007812,15.112658500671387,1799.8399658203125
2014-02-11,3270.739990234375,147.4368896484375,15.297430992126465,1819.75
2014-02-12,3271.469970703125,147.50985717773438,15.357589721679688,1819.260009765625
2014-02-13,3290.820068359375,148.27139282226562,15.469313621520996,1829.8299560546875
2014-02-14,3306.919921875,149.08970642089844,15.499391555786133,1838.6300048828125
2014-02-18,3311.27001953125,149.2678680419922,15.50798511505127,1840.760009765625
2014-02-19,3289.830078125,148.27947998046875,15.456416130065918,1828.75
2014-02-20,3310.27001953125,149.15447998046875,15.50798511505127,1839.780029296875
2014-02-21,3304.360107421875,148.98435974121094,15.447829246520996,1836.25
2014-02-24,3324.840087890625,149.8107147216797,15.50798511505127,1847.6099853515625
2014-02-25,3320.429931640625,149.75401306152344,15.465010643005371,1845.1199951171875
2014-02-26,3321.14990234375,149.7621612548828,15.477906227111816,1845.1600341796875
2014-02-27,3338.050048828125,150.5480194091797,15.602520942687988,1854.2900390625
2014-02-28,3347.3798828125,150.92884826660156,15.619709968566895,1859.449951171875
2014-03-03,3322.85009765625,149.86744689941406,15.452122688293457,1845.72998046875
2014-03-04,3373.639892578125,151.9739227294922,15.654083251953125,1873.9100341796875
2014-03-05,3374.10009765625,152.11167907714844,15.675568580627441,1873.81005859375
2014-03-06,3380.489990234375,152.45997619628906,15.697053909301758,1877.030029296875
2014-03-07,3382.570068359375,152.5248565673828,15.649788856506348,1878.0400390625
2014-03-10,3381.219970703125,152.44378662109375,15.624003410339355,1877.1700439453125
2014-03-11,3364.169921875,151.69036865234375,15.589622497558594,1867.6300048828125
2014-03-12,3366.070068359375,151.73086547851562,15.615413665771484,1868.199951171875
2014-03-13,3327.110107421875,150.02944946289062,15.404853820800781,1846.3399658203125
2014-03-14,3317.81005859375,149.6082000732422,15.310324668884277,1841.1300048828125
2014-03-17,3349.7099609375,150.96119689941406,15.490793228149414,1858.8299560546875
2014-03-18,3373.97998046875,152.03871154785156,15.692753791809082,1872.25
2014-03-19,3353.2900390625,151.22853088378906,15.62830638885498,1860.77001953125
2014-03-20,3373.60009765625,152.11167907714844,15.748612403869629,1872.010009765625
2014-03-21,3363.719970703125,151.52169799804688,15.669648170471191,1866.52001953125
2014-03-24,3347.360107421875,150.89508056640625,15.656692504882812,1857.43994140625
2014-03-25,3362.43994140625,151.61119079589844,15.751640319824219,1865.6199951171875
2014-03-26,3339.0,150.520751953125,15.561755180358887,1852.56005859375
2014-03-27,3333.22998046875,150.20339965820312,15.505648612976074,1849.0400390625
2014-03-28,3348.830078125,150.94386291503906,15.566073417663574,1857.6199951171875
2014-03-31,3375.510009765625,152.1807861328125,15.686909675598145,1872.3399658203125
2014-04-01,3399.510009765625,153.18984985351562,15.872477531433105,1885.52001953125
2014-04-02,3409.800048828125,153.7025909423828,15.881110191345215,1890.9000244140625
2014-04-03,3406.0,153.49911499023438,15.803426742553711,1888.77001953125
2014-04-04,3363.409912109375,151.6844482421875,15.50133991241455,1865.0899658203125
2014-04-07,3327.27001953125,150.00808715820312,15.380510330200195,1845.0400390625
2014-04-08,3340.840087890625,150.6265411376953,15.518606185913086,1851.9599609375
2014-04-09,3377.610107421875,152.24594116210938,15.725744247436523,1872.1800537109375
2014-04-10,3307.080078125,149.0478515625,15.363240242004395,1833.0799560546875
2014-04-11,3276.0400390625,147.7051544189453,15.190627098083496,1815.68994140625
2014-04-14,3302.97998046875,148.86878967285156,15.341666221618652,1830.6099853515625
2014-04-15,3325.300048828125,149.89418029785156,15.41933822631836,1842.97998046875
2014-04-16,3360.27001953125,151.4646759033203,15.570387840270996,1862.31005859375
2014-04-17,3365.0,151.67628479003906,15.548808097839355,1864.8499755859375
2014-04-21,3377.75,152.20516967773438,15.609230995178223,1871.8900146484375
2014-04-22,3391.580078125,152.89691162109375,15.673955917358398,1879.550048828125
2014-04-23,3384.5,152.5388946533203,15.505648612976074,1875.3900146484375
2014-04-24,3390.389892578125,152.84814453125,15.626487731933594,1878.6099853515625
2014-04-25,3362.949951171875,151.59487915039062,15.427971839904785,1863.4000244140625
2014-04-28,3374.0400390625,152.07501220703125,15.574703216552734,1869.4300537109375
2014-04-29,3390.159912109375,152.7830352783203,15.682597160339355,1878.3299560546875
2014-04-30,3400.4599609375,153.23870849609375,15.730058670043945,1883.949951171875
2014-05-01,3400.199951171875,153.25498962402344,15.74732494354248,1883.6800537109375
2014-05-02,3395.610107421875,153.0352783203125,15.704177856445312,1881.1400146484375
2014-05-05,3402.22998046875,153.32815551757812,15.786163330078125,1884.6600341796875
2014-05-06,3371.719970703125,151.99362182617188,15.609230995178223,1867.719970703125
2014-05-07,3392.10009765625,152.88882446289062,15.617854118347168,1878.2099609375
2014-05-08,3388.2900390625,152.7260284423828,15.661020278930664,1875.6300048828125
2014-05-09,3394.050048828125,152.95394897460938,15.678275108337402,1878.47998046875
2014-05-12,3427.010009765625,154.44305419921875,15.88973617553711,1896.6500244140625
2014-05-13,3429.300048828125,154.58140563964844,15.898368835449219,1897.449951171875
2014-05-14,3413.840087890625,153.8489990234375,15.825006484985352,1888.530029296875
2014-05-15,3382.52001953125,152.49819946289062,15.730058670043945,1870.8499755859375
2014-05-16,3395.2099609375,153.02711486816406,15.829316139221191,1877.8599853515625
2014-05-19,3408.52001953125,153.58859252929688,15.932887077331543,1885.0799560546875
2014-05-20,3386.47998046875,152.62025451660156,15.842269897460938,1872.8299560546875
2014-05-21,3414.449951171875,153.90599060058594,15.950154304504395,1888.030029296875
2014-05-22,3422.989990234375,154.28033447265625,15.980358123779297,1892.489990234375
2014-05-23,3437.580078125,154.89874267578125,16.114145278930664,1900.530029296875
2014-05-27,3458.18994140625,155.8509063720703,16.25225067138672,1911.9100341796875
2014-05-28,3454.8798828125,155.73695373535156,16.209083557128906,1909.780029296875
2014-05-29,3473.860107421875,156.54257202148438,16.304025650024414,1920.030029296875
2014-05-30,3480.2900390625,156.79481506347656,16.321290969848633,1923.5699462890625
2014-06-02,3483.139892578125,156.97384643554688,16.29539680480957,1924.969970703125
2014-06-03,3482.0,156.8924560546875,16.269498825073242,1924.239990234375
2014-06-04,3489.2099609375,157.20977783203125,16.29970359802246,1927.8800048828125
2014-06-05,3512.2099609375,158.23516845703125,16.407594680786133,1940.4599609375
2014-06-06,3528.97998046875,158.99192810058594,16.480958938598633,1949.43994140625
2014-06-09,3532.469970703125,159.15475463867188,16.532745361328125,1951.27001953125
2014-06-10,3531.6201171875,159.1709442138672,16.541385650634766,1950.7900390625
2014-06-11,3519.52001953125,158.6176300048828,16.50253677368164,1943.8900146484375
2014-06-12,3495.570068359375,157.49465942382812,16.360132217407227,1930.1099853515625
2014-06-13,3506.580078125,157.97476196289062,16.455068588256836,1936.1600341796875
2014-06-16,3509.5400390625,158.10499572753906,16.455068588256836,1937.780029296875
2014-06-17,3517.22998046875,158.54441833496094,16.49390983581543,1941.989990234375
2014-06-18,3544.419921875,159.70809936523438,16.58022117614746,1956.97998046875
2014-06-19,3549.43994140625,159.88706970214844,16.550012588500977,1959.47998046875
2014-06-20,3555.60009765625,160.21170043945312,16.513587951660156,1962.8699951171875
2014-06-23,3555.139892578125,160.16265869140625,16.561279296875,1962.6099853515625
2014-06-24,3532.570068359375,159.1977996826172,16.474580764770508,1949.97998046875
2014-06-25,3549.9599609375,159.91729736328125,16.53960418701172,1959.530029296875
2014-06-26,3546.3798828125,159.8028564453125,16.522258758544922,1957.219970703125
2014-06-27,3553.35009765625,160.1136474609375,16.621976852416992,1960.9599609375
2014-06-30,3552.179931640625,160.03184509277344,16.626314163208008,1960.22998046875
2014-07-01,3576.550048828125,161.1029815673828,16.795398712158203,1973.3199462890625
2014-07-02,3579.110107421875,161.26646423339844,16.8127384185791,1974.6199951171875
2014-07-03,3598.72998046875,162.05967712402344,16.886438369750977,1985.43994140625
2014-07-07,3584.75,161.49545288085938,16.903778076171875,1977.6500244140625
2014-07-08,3560.530029296875,160.45703125,16.752044677734375,1963.7099609375
2014-07-09,3577.280029296875,161.17660522460938,16.83441734313965,1972.8299560546875
2014-07-10,3562.489990234375,160.53878784179688,16.786727905273438,1964.6800537109375
2014-07-11,3568.080078125,160.75958251953125,16.873437881469727,1967.5699462890625
2014-07-14,3585.3701171875,161.5690155029297,16.994823455810547,1977.0999755859375
2014-07-15,3578.4599609375,161.26646423339844,16.9644718170166,1973.280029296875
2014-07-16,3593.909912109375,161.86337280273438,17.120546340942383,1981.5699462890625
2014-07-17,3551.72998046875,160.023681640625,16.899438858032227,1958.1199951171875
2014-07-18,3588.2099609375,161.65895080566406,17.10320472717285,1978.219970703125
2014-07-21,3579.989990234375,161.3563690185547,17.081525802612305,1973.6300048828125
2014-07-22,3597.949951171875,162.05967712402344,17.224597930908203,1983.530029296875
2014-07-23,3604.300048828125,162.4193878173828,17.254947662353516,1987.010009765625
2014-07-24,3606.10009765625,162.42755126953125,17.241941452026367,1987.97998046875
2014-07-25,3588.679931640625,161.6671600341797,17.22027015686035,1978.3399658203125
2014-07-28,3589.72998046875,161.73251342773438,17.25061798095703,1978.9100341796875
2014-07-29,3573.64990234375,161.0375518798828,17.215932846069336,1969.949951171875
2014-07-30,3574.449951171875,161.0620574951172,17.2332706451416,1970.0699462890625
2014-07-31,3503.18994140625,157.88140869140625,16.908117294311523,1930.6700439453125
2014-08-01,3493.179931640625,157.3989715576172,16.817075729370117,1925.1500244140625
2014-08-04,3518.31005859375,158.53546142578125,16.938467025756836,1938.989990234375
2014-08-05,3484.56005859375,156.99830627441406,16.77804946899414,1920.2099609375
2014-08-06,3485.669921875,157.0474090576172,16.726030349731445,1920.239990234375
2014-08-07,3467.139892578125,156.1969757080078,16.65666389465332,1909.5699462890625
2014-08-08,3507.2099609375,158.00404357910156,16.76504135131836,1931.5899658203125
2014-08-11,3517.530029296875,158.46194458007812,16.84741973876953,1936.9200439453125
2014-08-12,3511.9599609375,158.2411651611328,16.83875274658203,1933.75
2014-08-13,3536.419921875,159.3123016357422,17.003490447998047,1946.719970703125
2014-08-14,3551.969970703125,160.06459045410156,17.033843994140625,1955.1800537109375
2014-08-15,3552.169921875,160.03184509277344,17.033843994140625,1955.06005859375
2014-08-18,3582.699951171875,161.3727569580078,17.194250106811523,1971.739990234375
2014-08-19,3601.330078125,162.21498107910156,17.302642822265625,1981.5999755859375
2014-08-20,3610.489990234375,162.64833068847656,17.302642822265625,1986.510009765625
2014-08-21,3621.22998046875,163.12254333496094,17.385005950927734,1992.3699951171875
2014-08-22,3614.5,162.86911010742188,17.38935089111328,1988.4000244140625
2014-08-25,3631.860107421875,163.6949005126953,17.406692504882812,1997.9200439453125
2014-08-26,3635.7099609375,163.80125427246094,17.415359497070312,2000.02001953125
2014-08-27,3636.639892578125,163.7357635498047,17.411022186279297,2000.1199951171875
2014-08-28,3630.97998046875,163.6458740234375,17.385005950927734,1996.739990234375
2014-08-29,3643.330078125,164.11195373535156,17.463043212890625,2003.3699951171875
2014-09-02,3641.52001953125,164.03016662597656,17.46738624572754,2002.280029296875
2014-09-03,3639.35009765625,163.94021606445312,17.37200355529785,2000.719970703125
2014-09-04,3633.8701171875,163.7030792236328,17.36332893371582,1997.6500244140625
2014-09-05,3652.260009765625,164.43896484375,17.46738624572754,2007.7099609375
2014-09-08,3641.659912109375,164.0138397216797,17.493392944335938,2001.5400390625
2014-09-09,3617.889892578125,162.97540283203125,17.36766815185547,1988.43994140625
2014-09-10,3631.449951171875,163.58865356445312,17.47171974182129,1995.68994140625
2014-09-11,3635.659912109375,163.7767791748047,17.510732650756836,1997.449951171875
2014-09-12,3614.06005859375,162.82005310058594,17.437034606933594,1985.5400390625
2014-09-15,3611.52001953125,162.6973876953125,17.33298683166504,1984.1300048828125
2014-09-16,3638.60009765625,163.92388916015625,17.463043212890625,1998.97998046875
2014-09-17,3643.39990234375,164.1446075439453,17.49772834777832,2001.5699462890625
2014-09-18,3661.72998046875,165.01953125,17.60178565979004,2011.3599853515625
2014-09-19,3660.030029296875,164.87086486816406,17.5643367767334,2010.4000244140625
2014-09-22,3630.699951171875,163.59754943847656,17.446773529052734,1994.2900390625
2014-09-23,3610.10009765625,162.6610870361328,17.407590866088867,1982.77001953125
2014-09-24,3638.43994140625,163.93435668945312,17.520795822143555,1998.300048828125
2014-09-25,3579.610107421875,161.28915405273438,17.137636184692383,1965.989990234375
2014-09-26,3610.97998046875,162.5706787109375,17.324867248535156,1982.8499755859375
2014-09-29,3602.090087890625,162.2750244140625,17.32050895690918,1977.800048828125
2014-09-30,3592.25,161.84780883789062,17.372758865356445,1972.2900390625
2014-10-01,3544.97998046875,159.65444946289062,17.102807998657227,1946.1600341796875
2014-10-02,3545.300048828125,159.67909240722656,17.094093322753906,1946.1700439453125
2014-10-03,3584.93994140625,161.43704223632812,17.23342514038086,1967.9000244140625
2014-10-06,3579.419921875,161.24815368652344,17.23777961730957,1964.8199462890625
2014-10-07,3525.2900390625,158.75904846191406,16.96782875061035,1935.0999755859375
2014-10-08,3588.070068359375,161.5356903076172,17.2900333404541,1968.8900146484375
2014-10-09,3514.1201171875,158.3318328857422,17.002662658691406,1928.2099609375
2014-10-10,3474.22998046875,156.5245819091797,16.567256927490234,1906.1300048828125
2014-10-13,3417.010009765625,153.95338439941406,16.384376525878906,1874.739990234375
2014-10-14,3422.429931640625,154.19166564941406,16.410507202148438,1877.699951171875
2014-10-15,3395.030029296875,153.14837646484375,16.297298431396484,1862.489990234375
2014-10-16,3395.639892578125,153.0168914794922,16.201515197753906,1862.760009765625
2014-10-17,3439.389892578125,154.8241424560547,16.393089294433594,1886.760009765625
2014-10-20,3470.889892578125,156.32749938964844,16.510652542114258,1904.010009765625
2014-10-21,3538.89990234375,159.42440795898438,16.832853317260742,1941.280029296875
2014-10-22,3513.469970703125,158.290771484375,16.754480361938477,1927.1099853515625
2014-10-23,3556.699951171875,160.130859375,16.94170570373535,1950.8199462890625
2014-10-24,3581.820068359375,161.36314392089844,17.08974266052246,1964.5799560546875
2014-10-27,3576.469970703125,161.141357421875,17.107158660888672,1961.6300048828125
2014-10-28,3619.159912109375,162.9896697998047,17.342283248901367,1985.050048828125
2014-10-29,3614.530029296875,162.74319458007812,17.324867248535156,1982.300048828125
2014-10-30,3637.300048828125,163.78651428222656,17.381458282470703,1994.6500244140625
2014-10-31,3679.989990234375,165.65943908691406,17.651416778564453,2018.050048828125
2014-11-03,3679.580078125,165.7498321533203,17.725431442260742,2017.81005859375
2014-11-04,3669.179931640625,165.17477416992188,17.721086502075195,2012.0999755859375
2014-11-05,3691.3798828125,166.21803283691406,17.76898193359375,2023.5699462890625
2014-11-06,3706.449951171875,166.8834991455078,17.76026153564453,2031.2099609375
2014-11-07,3708.4599609375,167.03953552246094,17.782041549682617,2031.9200439453125
2014-11-10,3720.25,167.5653533935547,17.829936981201172,2038.260009765625
2014-11-11,3722.840087890625,167.7296142578125,17.838647842407227,2039.6800537109375
2014-11-12,3721.300048828125,167.5488739013672,17.895240783691406,2038.25
2014-11-13,3723.580078125,167.73780822753906,17.99104118347168,2039.3299560546875
2014-11-14,3724.919921875,167.77894592285156,18.1173038482666,2039.8199462890625
2014-11-17,3727.860107421875,167.8857421875,18.082468032836914,2041.3199462890625
2014-11-18,3747.739990234375,168.85504150390625,18.1434268951416,2051.800048828125
2014-11-19,3742.35009765625,168.5839080810547,18.0258731842041,2048.719970703125
2014-11-20,3749.8701171875,168.87966918945312,18.1173038482666,2052.75
2014-11-21,3770.030029296875,169.78329467773438,18.1434268951416,2063.5
2014-11-24,3780.8798828125,170.25973510742188,18.23921775817871,2069.409912109375
2014-11-25,3776.93994140625,170.13653564453125,18.2479248046875,2067.030029296875
2014-11-26,3788.419921875,170.57192993164062,18.41338348388672,2072.830078125
2014-11-28,3778.9599609375,170.2104949951172,18.500459671020508,2067.56005859375
2014-12-01,3753.31005859375,169.02752685546875,18.29146957397461,2053.43994140625
2014-12-02,3777.469970703125,170.12010192871094,18.29581642150879,2066.550048828125
2014-12-03,3792.679931640625,170.77723693847656,18.36113166809082,2074.330078125
2014-12-04,3788.340087890625,170.58837890625,18.36113166809082,2071.919921875
2014-12-05,3794.679931640625,170.86761474609375,18.339357376098633,2075.3701171875
2014-12-08,3767.699951171875,169.725830078125,18.152132034301758,2060.31005859375
2014-12-09,3758.8701171875,169.6107940673828,18.147785186767578,2059.820068359375
2014-12-10,3705.510009765625,166.89163208007812,17.87347412109375,2026.1400146484375
2014-12-11,3723.320068359375,167.73780822753906,17.95184898376465,2035.3299560546875
2014-12-12,3663.10009765625,165.02685546875,17.68625259399414,2002.3299560546875
2014-12-15,3639.969970703125,163.8932647705078,17.577396392822266,1989.6300048828125
2014-12-16,3609.06005859375,162.5789337158203,17.342283248901367,1972.739990234375
2014-12-17,3682.699951171875,165.76625061035156,17.668834686279297,2012.8900146484375
2014-12-18,3771.719970703125,169.8654327392578,18.173913955688477,2061.22998046875
2014-12-19,3788.969970703125,170.58822631835938,18.19404411315918,2070.64990234375
2014-12-22,3803.93994140625,171.3729248046875,18.412878036499023,2078.5400390625
2014-12-23,3810.780029296875,171.60421752929688,18.461023330688477,2082.169921875
2014-12-24,3810.389892578125,171.62069702148438,18.44351577758789,2081.8798828125
2014-12-26,3823.0,172.17413330078125,18.522294998168945,2088.77001953125
2014-12-29,3826.949951171875,172.4054412841797,18.43037986755371,2090.570068359375
2014-12-30,3808.68994140625,171.4802703857422,18.2990779876709,2080.35009765625
2014-12-31,3769.43994140625,169.7786865234375,18.097745895385742,2058.89990234375
2015-01-02,3768.679931640625,169.68785095214844,18.0627384185791,2058.199951171875
2015-01-05,3700.030029296875,166.6233367919922,17.787004470825195,2020.5799560546875
2015-01-06,3667.139892578125,165.053955078125,17.572551727294922,2002.6099853515625
2015-01-07,3710.93994140625,167.11065673828125,17.721351623535156,2025.9000244140625
2015-01-08,3777.39990234375,170.07608032226562,18.11087989807129,2062.139892578125
2015-01-09,3745.669921875,168.71311950683594,18.053985595703125,2044.81005859375
2015-01-12,3715.360107421875,167.39151000976562,17.843904495239258,2028.260009765625
2015-01-13,3706.14990234375,166.9207000732422,17.830766677856445,2023.030029296875
2015-01-14,3684.719970703125,165.91294860839844,17.730104446411133,2011.27001953125
2015-01-15,3650.739990234375,164.39312744140625,17.502517700195312,1992.6700439453125
2015-01-16,3699.7900390625,166.54901123046875,17.673213958740234,2019.4200439453125
2015-01-20,3705.639892578125,166.90419006347656,17.8220157623291,2022.550048828125
2015-01-21,3723.6201171875,167.74671936035156,17.852649688720703,2032.1199951171875
2015-01-22,3780.510009765625,170.2412872314453,18.14589500427246,2063.14990234375
2015-01-23,3759.760009765625,169.3079071044922,18.141515731811523,2051.820068359375
2015-01-26,3769.449951171875,169.70431518554688,18.067113876342773,2057.090087890625
2015-01-27,3718.989990234375,167.46583557128906,17.546287536621094,2029.550048828125
2015-01-28,3669.10009765625,165.31822204589844,17.515647888183594,2002.1600341796875
2015-01-29,3704.35009765625,166.8463592529297,17.68197250366211,2021.25
2015-01-30,3656.280029296875,164.748291015625,17.463130950927734,1994.989990234375
2015-02-02,3703.77001953125,166.78854370117188,17.6425724029541,2020.8499755859375
2015-02-03,3757.340087890625,169.2004852294922,17.843904495239258,2050.030029296875
2015-02-04,3742.840087890625,168.55618286132812,17.878910064697266,2041.510009765625
2015-02-05,3782.110107421875,170.25775146484375,18.04523468017578,2062.52001953125
2015-02-06,3770.199951171875,169.78695678710938,17.988330841064453,2055.469970703125
2015-02-09,3754.360107421875,169.02703857421875,17.962072372436523,2046.739990234375
2015-02-10,3794.6201171875,170.82772827148438,18.229053497314453,2068.590087890625
2015-02-11,3795.820068359375,170.92678833007812,18.2990779876709,2068.530029296875
2015-02-12,3833.35009765625,172.57061767578125,18.548551559448242,2088.47998046875
2015-02-13,3849.2900390625,173.28099060058594,18.666730880737305,2096.989990234375
2015-02-17,3856.0400390625,173.5535888671875,18.675479888916016,2100.340087890625
2015-02-18,3855.0,173.57012939453125,18.692989349365234,2099.679931640625
2015-02-19,3851.530029296875,173.44619750976562,18.75863265991211,2097.449951171875
2015-02-20,3875.60009765625,174.48696899414062,18.854923248291016,2110.300048828125
2015-02-23,3874.4599609375,174.4622039794922,18.86806297302246,2109.659912109375
2015-02-24,3885.27001953125,174.95785522460938,18.924951553344727,2115.47998046875
2015-02-25,3882.949951171875,174.80914306640625,18.806781768798828,2113.860107421875
2015-02-26,3877.85009765625,174.60263061523438,18.924951553344727,2110.739990234375
2015-02-27,3866.419921875,174.00790405273438,18.859302520751953,2104.5
2015-03-02,3890.320068359375,175.10647583007812,19.008108139038086,2117.389892578125
2015-03-03,3872.7099609375,174.38790893554688,18.88118553161621,2107.780029296875
2015-03-04,3856.510009765625,173.65267944335938,18.806781768798828,2098.530029296875
2015-03-05,3861.2900390625,173.84271240234375,18.784893035888672,2101.0400390625
2015-03-06,3807.0400390625,171.39767456054688,18.552934646606445,2071.260009765625
2015-03-09,3822.419921875,172.1080322265625,18.640460968017578,2079.429931640625
2015-03-10,3757.830078125,169.31614685058594,18.25969696044922,2044.1600341796875
2015-03-11,3751.199951171875,168.91964721679688,18.141515731811523,2040.239990234375
2015-03-12,3799.429931640625,171.06723022460938,18.25969696044922,2065.949951171875
2015-03-13,3776.43994140625,170.0182342529297,18.159029006958008,2053.39990234375
2015-03-16,3827.6201171875,172.28981018066406,18.37348175048828,2081.18994140625
2015-03-17,3814.909912109375,171.77764892578125,18.37786293029785,2074.280029296875
2015-03-18,3861.389892578125,173.84271240234375,18.627344131469727,2099.5
2015-03-19,3842.6201171875,173.04974365234375,18.57481575012207,2089.27001953125
2015-03-20,3877.260009765625,174.57720947265625,18.69478416442871,2108.10009765625
2015-03-23,3870.489990234375,174.2370147705078,18.69478416442871,2104.419921875
2015-03-24,3847.050048828125,173.2580108642578,18.633270263671875,2091.5
2015-03-25,3791.1298828125,170.7190704345703,18.15424919128418,2061.050048828125
2015-03-26,3782.2099609375,170.3125762939453,18.167428970336914,2056.14990234375
2015-03-27,3791.89990234375,170.70248413085938,18.180614471435547,2061.02001953125
2015-03-30,3838.64990234375,172.78501892089844,18.400346755981445,2086.239990234375
2015-03-31,3805.27001953125,171.2749481201172,18.21137046813965,2067.889892578125
2015-04-01,3790.659912109375,170.66928100585938,18.185007095336914,2059.68994140625
2015-04-02,3804.139892578125,171.2832489013672,18.180614471435547,2066.9599609375
2015-04-06,3829.31005859375,172.43650817871094,18.356401443481445,2080.6201171875
2015-04-07,3821.489990234375,171.98020935058594,18.316848754882812,2076.330078125
2015-04-08,3833.199951171875,172.56101989746094,18.373977661132812,2081.89990234375
2015-04-09,3850.2900390625,173.32437133789062,18.422325134277344,2091.179931640625
2015-04-10,3870.31005859375,174.27020263671875,18.49263572692871,2102.06005859375
2015-04-13,3852.929931640625,173.4820098876953,18.439899444580078,2092.429931640625
2015-04-14,3859.219970703125,173.81390380859375,18.38277244567871,2095.840087890625
2015-04-15,3879.10009765625,174.59381103515625,18.545372009277344,2106.6298828125
2015-04-16,3876.169921875,174.54400634765625,18.47945213317871,2104.989990234375
2015-04-17,3832.330078125,172.5361328125,18.224563598632812,2081.179931640625
2015-04-20,3867.820068359375,174.11264038085938,18.53658103942871,2100.39990234375
2015-04-21,3862.14990234375,173.9051971435547,18.527790069580078,2097.2900390625
2015-04-22,3881.929931640625,174.7597198486328,18.716760635375977,2107.9599609375
2015-04-23,3891.4599609375,175.19940185546875,18.791473388671875,2112.929931640625
2015-04-24,3900.239990234375,175.6060333251953,18.95407485961914,2117.68994140625
2015-04-27,3884.10009765625,174.8759307861328,19.006805419921875,2108.919921875
2015-04-28,3895.2099609375,175.43179321289062,19.068330764770508,2114.760009765625
2015-04-29,3880.89990234375,174.70999145507812,18.97604751586914,2106.85009765625
2015-04-30,3841.780029296875,172.95928955078125,18.71236801147461,2085.510009765625
2015-05-01,3883.75,174.8344268798828,18.94088363647461,2108.2900390625
2015-05-04,3895.159912109375,175.33226013183594,18.958467483520508,2114.489990234375
2015-05-05,3849.409912109375,173.32437133789062,18.664026260375977,2089.4599609375
2015-05-06,3833.699951171875,172.6107940673828,18.505817413330078,2080.14990234375
2015-05-07,3849.1298828125,173.29945373535156,18.64204978942871,2088.0
2015-05-08,3901.010009765625,175.58114624023438,18.910123825073242,2116.10009765625
2015-05-11,3881.929931640625,174.74313354492188,18.81344985961914,2105.330078125
2015-05-12,3870.68994140625,174.2204132080078,18.71236801147461,2099.1201171875
2015-05-13,3870.360107421875,174.25364685058594,18.791473388671875,2098.47998046875
2015-05-14,3912.52001953125,176.07069396972656,19.094697952270508,2121.10009765625
2015-05-15,3915.989990234375,176.2615203857422,19.033180236816406,2122.72998046875
2015-05-18,3928.14990234375,176.80911254882812,19.125465393066406,2129.199951171875
2015-05-19,3926.409912109375,176.75106811523438,19.07712173461914,2127.830078125
2015-05-20,3923.179931640625,176.62657165527344,19.090309143066406,2125.85009765625
2015-05-21,3932.89990234375,177.1409912109375,19.173805236816406,2130.820068359375
2015-05-22,3924.159912109375,176.71783447265625,19.16061782836914,2126.06005859375
2015-05-26,3883.8798828125,174.81781005859375,18.883760452270508,2104.199951171875
2015-05-27,3920.110107421875,176.47720336914062,19.23971939086914,2123.47998046875
2015-05-28,3915.820068359375,176.27810668945312,19.20016860961914,2120.7900390625
2015-05-29,3891.179931640625,175.1829071044922,19.059541702270508,2107.389892578125
2015-06-01,3899.590087890625,175.5396728515625,19.112274169921875,2111.72998046875
2015-06-02,3895.85009765625,175.36544799804688,19.072729110717773,2109.60009765625
2015-06-03,3904.830078125,175.83006286621094,19.112274169921875,2114.070068359375
2015-06-04,3871.22998046875,174.34486389160156,18.936492919921875,2095.840087890625
2015-06-05,3865.830078125,174.04617309570312,18.874969482421875,2092.830078125
2015-06-08,3841.449951171875,172.97584533691406,18.664026260375977,2079.280029296875
2015-06-09,3843.159912109375,172.95101928710938,18.620079040527344,2080.14990234375
2015-06-10,3889.699951171875,175.0252227783203,18.910123825073242,2105.199951171875
2015-06-11,3897.590087890625,175.58946228027344,18.918909072875977,2108.860107421875
2015-06-12,3870.56005859375,174.24534606933594,18.75191879272461,2094.110107421875
2015-06-15,3852.75,173.49864196777344,18.63766098022461,2084.429931640625
2015-06-16,3874.72998046875,174.44442749023438,18.76070785522461,2096.2900390625
2015-06-17,3882.489990234375,174.7265167236328,18.76949691772461,2100.43994140625
2015-06-18,3921.429931640625,176.54359436035156,18.936492919921875,2121.239990234375
2015-06-19,3900.639892578125,175.75982666015625,18.77889633178711,2109.989990234375
2015-06-22,3924.409912109375,176.66029357910156,18.93340492248535,2122.85009765625
2015-06-23,3927.22998046875,176.78533935546875,18.946651458740234,2124.199951171875
2015-06-24,3898.469970703125,175.50137329101562,18.858356475830078,2108.580078125
2015-06-25,3887.0400390625,174.96783447265625,18.81421661376953,2102.31005859375
2015-06-26,3886.2099609375,174.93453979492188,18.655298233032227,2101.489990234375
2015-06-29,3805.5,171.2660369873047,18.257999420166016,2057.639892578125
2015-06-30,3815.85009765625,171.62460327148438,18.275663375854492,2063.110107421875
2015-07-01,3843.260009765625,173.00018310546875,18.399263381958008,2077.419921875
2015-07-02,3842.06005859375,172.84176635742188,18.425745010375977,2076.780029296875
2015-07-06,3827.35009765625,172.3498992919922,18.350704193115234,2068.760009765625
2015-07-07,3850.659912109375,173.43373107910156,18.377187728881836,2081.340087890625
2015-07-08,3787.669921875,170.52403259277344,18.07701301574707,2046.6800537109375
2015-07-09,3796.260009765625,170.83250427246094,18.006378173828125,2051.31005859375
2015-07-10,3843.10009765625,172.9835662841797,18.293315887451172,2076.6201171875
2015-07-13,3885.969970703125,174.8927459716797,18.57141876220703,2099.60009765625
2015-07-14,3903.31005859375,175.65150451660156,18.64204978942871,2108.949951171875
2015-07-15,3900.5,175.59315490722656,18.646465301513672,2107.39990234375
2015-07-16,3931.85009765625,177.00213623046875,18.884841918945312,2124.2900390625
2015-07-17,3936.219970703125,177.15220642089844,19.176197052001953,2126.639892578125
2015-07-20,3939.35009765625,177.24392700195312,19.277725219726562,2128.280029296875
2015-07-21,3922.699951171875,176.5435791015625,19.149707794189453,2119.2099609375
2015-07-22,3913.75,176.2267608642578,18.840709686279297,2114.14990234375
2015-07-23,3891.7900390625,175.23463439941406,18.80097007751465,2102.14990234375
2015-07-24,3850.14990234375,173.41708374023438,18.699440002441406,2079.64990234375
2015-07-27,3827.929931640625,172.40823364257812,18.531688690185547,2067.639892578125
2015-07-28,3875.3701171875,174.52593994140625,18.699440002441406,2093.25
2015-07-29,3904.2099609375,175.72650146484375,18.823047637939453,2108.570068359375
2015-07-30,3904.639892578125,175.7682342529297,18.858356475830078,2108.6298828125
2015-07-31,3895.800048828125,175.50137329101562,18.796558380126953,2103.840087890625
2015-08-03,3885.070068359375,174.9095001220703,18.695024490356445,2098.0400390625
2015-08-04,3876.43994140625,174.56765747070312,18.58466148376465,2093.320068359375
2015-08-05,3889.989990234375,175.14288330078125,18.765657424926758,2099.840087890625
2015-08-06,3860.919921875,173.7088623046875,18.58024787902832,2083.56005859375
2015-08-07,3849.9599609375,173.3754119873047,18.593490600585938,2077.570068359375
2015-08-10,3899.360107421875,175.55979919433594,18.884841918945312,2104.179931640625
2015-08-11,3862.81005859375,173.9757080078125,18.602327346801758,2084.070068359375
2015-08-12,3867.3701171875,174.18411254882812,18.686199188232422,2086.050048828125
2015-08-13,3863.030029296875,173.96731567382812,18.633222579956055,2083.389892578125
2015-08-14,3878.159912109375,174.60098266601562,18.725927352905273,2091.5400390625
2015-08-17,3899.10009765625,175.576416015625,18.83187484741211,2102.43994140625
2015-08-18,3889.60009765625,175.06787109375,18.73476219177246,2096.919921875
2015-08-19,3857.739990234375,173.68389892578125,18.61115264892578,2079.610107421875
2015-08-20,3776.360107421875,170.05714416503906,18.15646743774414,2035.72998046875
2015-08-21,3656.669921875,164.93798828125,17.463407516479492,1970.8900146484375
2015-08-24,3512.64990234375,157.99293518066406,16.774755477905273,1893.2099609375
2015-08-25,3465.18994140625,156.13372802734375,16.642332077026367,1867.6099853515625
2015-08-26,3600.72998046875,162.12828063964844,17.481060028076172,1940.510009765625
2015-08-27,3688.60009765625,166.1385955810547,17.88718605041504,1987.6600341796875
2015-08-28,3691.300048828125,166.14683532714844,17.92250633239746,1988.8699951171875
2015-08-31,3660.75,164.8046112060547,17.759166717529297,1972.1800537109375
2015-09-01,3552.64990234375,159.8855743408203,17.189720153808594,1913.8499755859375
2015-09-02,3618.25,162.92039489746094,17.604665756225586,1948.8599853515625
2015-09-03,3622.659912109375,163.0370330810547,17.617910385131836,1951.1300048828125
2015-09-04,3567.409912109375,160.56919860839844,17.3486270904541,1921.219970703125
2015-09-08,3657.320068359375,164.60447692871094,17.834213256835938,1969.4100341796875
2015-09-09,3606.800048828125,162.4034423828125,17.600248336791992,1942.0400390625
2015-09-10,3626.139892578125,163.28720092773438,17.776826858520508,1952.2900390625
2015-09-11,3643.5400390625,164.02923583984375,17.860698699951172,1961.050048828125
2015-09-14,3628.8701171875,163.4205322265625,17.81655502319336,1953.030029296875
2015-09-15,3675.47998046875,165.4632568359375,18.046110153198242,1978.0899658203125
2015-09-16,3707.6201171875,166.897216796875,18.121152877807617,1995.31005859375
2015-09-17,3698.739990234375,166.52206420898438,17.997547149658203,1990.199951171875
2015-09-18,3638.989990234375,163.80084228515625,17.763864517211914,1958.030029296875
2015-09-21,3655.639892578125,164.64730834960938,17.94123649597168,1966.969970703125
2015-09-22,3610.699951171875,162.5102081298828,17.63970184326172,1942.739990234375
2015-09-23,3603.489990234375,162.25042724609375,17.684038162231445,1938.760009765625
2015-09-24,3591.3701171875,161.66375732421875,17.684038162231445,1932.239990234375
2015-09-25,3589.7099609375,161.6218719482422,17.65300750732422,1931.3399658203125
2015-09-28,3498.610107421875,157.5655975341797,17.249473571777344,1881.77001953125
2015-09-29,3503.1298828125,157.6578826904297,17.17409324645996,1884.0899658203125
2015-09-30,3570.169921875,160.5994110107422,17.51553726196289,1920.030029296875
2015-10-01,3577.469970703125,161.0185089111328,17.524410247802734,1923.8199462890625
2015-10-02,3629.0400390625,163.42373657226562,17.77272605895996,1951.3599853515625
2015-10-05,3695.610107421875,166.3318634033203,18.123043060302734,1987.050048828125
2015-10-06,3682.330078125,165.76193237304688,18.14520835876465,1979.9200439453125
2015-10-07,3713.360107421875,167.11961364746094,18.229469299316406,1995.8299560546875
2015-10-08,3746.1201171875,168.62811279296875,18.31371307373047,2013.4300537109375
2015-10-09,3748.9599609375,168.72866821289062,18.393529891967773,2014.8900146484375
2015-10-12,3753.72998046875,168.887939453125,18.415700912475586,2017.4599609375
2015-10-13,3728.47998046875,167.8236083984375,18.37578773498535,2003.68994140625
2015-10-14,3711.110107421875,167.01905822753906,18.340316772460938,1994.239990234375
2015-10-15,3766.429931640625,169.58355712890625,18.575340270996094,2023.8599853515625
2015-10-16,3783.639892578125,170.35455322265625,18.610815048217773,2033.1099853515625
2015-10-19,3784.719970703125,170.4384002685547,18.6817626953125,2033.6600341796875
2015-10-20,3779.43994140625,170.22048950195312,18.63298988342285,2030.77001953125
2015-10-21,3757.909912109375,169.1645050048828,18.4910888671875,2018.93994140625
2015-10-22,3820.489990234375,172.02232360839844,18.907913208007812,2052.510009765625
2015-10-23,3862.64990234375,173.90805053710938,19.435598373413086,2075.14990234375
2015-10-26,3855.2900390625,173.4805908203125,19.360218048095703,2071.179931640625
2015-10-27,3845.449951171875,173.14537048339844,19.24935531616211,2065.889892578125
2015-10-28,3891.340087890625,175.1148223876953,19.53758430480957,2090.35009765625
2015-10-29,3890.0400390625,175.01426696777344,19.484371185302734,2089.409912109375
2015-10-30,3871.330078125,174.25997924804688,19.355783462524414,2079.360107421875
2015-11-02,3917.300048828125,176.3216552734375,19.528711318969727,2104.050048828125
2015-11-03,3928.050048828125,176.83287048339844,19.630708694458008,2109.7900390625
2015-11-04,3915.52001953125,176.2965087890625,19.652883529663086,2102.31005859375
2015-11-05,3911.889892578125,176.1205291748047,19.59522819519043,2099.929931640625
2015-11-06,3910.97998046875,176.02833557128906,19.661746978759766,2099.199951171875
2015-11-09,3873.3701171875,174.3856964111328,19.471073150634766,2078.580078125
2015-11-10,3880.22998046875,174.7879638671875,19.34247398376465,2081.719970703125
2015-11-11,3867.7099609375,174.10072326660156,19.33360481262207,2075.0
2015-11-12,3814.2900390625,171.67030334472656,19.16510581970215,2045.969970703125
2015-11-13,3771.590087890625,169.74276733398438,18.788185119628906,2023.0400390625
2015-11-16,3828.4599609375,172.3240509033203,19.0764217376709,2053.18994140625
2015-11-17,3824.139892578125,172.1983184814453,19.080856323242188,2050.43994140625
2015-11-18,3886.260009765625,174.93040466308594,19.36908531188965,2083.580078125
2015-11-19,3882.06005859375,174.77960205078125,19.457763671875,2081.239990234375
2015-11-20,3897.449951171875,175.41653442382812,19.59967041015625,2089.169921875
2015-11-23,3892.800048828125,175.21534729003906,19.484371185302734,2086.590087890625
2015-11-24,3897.669921875,175.4500274658203,19.488805770874023,2089.139892578125
2015-11-25,3897.570068359375,175.42494201660156,19.426725387573242,2088.8701171875
2015-11-27,3900.739990234375,175.62606811523438,19.471073150634766,2090.110107421875
2015-11-30,3882.840087890625,174.89694213867188,19.493247985839844,2080.409912109375
2015-12-01,3924.6298828125,176.564697265625,19.66617774963379,2102.6298828125
2015-12-02,3882.3798828125,174.7628631591797,19.542016983032227,2079.510009765625
2015-12-03,3826.739990234375,172.31570434570312,19.289268493652344,2049.6201171875
2015-12-04,3905.31005859375,175.67628479003906,19.76374053955078,2091.68994140625
2015-12-07,3878.31005859375,174.61195373535156,19.66617774963379,2077.070068359375
2015-12-08,3853.47998046875,173.43870544433594,19.617401123046875,2063.590087890625
2015-12-09,3823.89990234375,172.08934020996094,19.329172134399414,2047.6199951171875
2015-12-10,3832.929931640625,172.5335235595703,19.382383346557617,2052.22998046875
2015-12-11,3759.090087890625,169.189697265625,18.97886085510254,2012.3699951171875
2015-12-14,3777.219970703125,170.04449462890625,19.125192642211914,2021.93994140625
2015-12-15,3817.360107421875,171.82958984375,19.209444046020508,2043.4100341796875
2015-12-16,3873.1201171875,174.34376525878906,19.471073150634766,2073.070068359375
2015-12-17,3815.4599609375,171.6871337890625,19.16510581970215,2041.8900146484375
2015-12-18,3747.56005859375,168.62847900390625,18.793426513671875,2005.550048828125
2015-12-21,3777.14990234375,170.01953125,18.985048294067383,2021.1500244140625
2015-12-22,3810.85009765625,171.56228637695312,19.123210906982422,2038.969970703125
2015-12-23,3858.469970703125,173.6868438720703,19.283641815185547,2064.2900390625
2015-12-24,3852.31005859375,173.40017700195312,19.27473258972168,2060.989990234375
2015-12-28,3843.93994140625,173.00392150878906,19.26136016845703,2056.5
2015-12-29,3885.550048828125,174.85025024414062,19.524303436279297,2078.360107421875
2015-12-30,3857.89990234375,173.61099243164062,19.35941505432129,2063.360107421875
2015-12-31,3821.60009765625,171.87425231933594,19.087560653686523,2043.93994140625
2016-01-04,3763.989990234375,169.4715576171875,18.837989807128906,2012.6600341796875
2016-01-05,3771.570068359375,169.75819396972656,18.78896713256836,2016.7099609375
2016-01-06,3723.43994140625,167.61688232421875,18.557226181030273,1990.260009765625
2016-01-07,3635.2900390625,163.5954132080078,18.009065628051758,1943.0899658203125
2016-01-08,3595.909912109375,161.79971313476562,17.866453170776367,1922.030029296875
2016-01-11,3598.969970703125,161.95989990234375,17.98232650756836,1923.6700439453125
2016-01-12,3627.06005859375,163.26666259765625,18.196243286132812,1938.6800537109375
2016-01-13,3536.919921875,159.19464111328125,17.706012725830078,1890.280029296875
2016-01-14,3596.030029296875,161.80809020996094,18.040260314941406,1921.8399658203125
2016-01-15,3518.510009765625,158.33474731445312,17.532209396362305,1880.3299560546875
2016-01-19,3520.39990234375,158.54559326171875,17.550031661987305,1881.3299560546875
2016-01-20,3479.75,156.51373291015625,17.411882400512695,1859.3299560546875
2016-01-21,3497.93994140625,157.3905487060547,17.509933471679688,1868.989990234375
2016-01-22,3568.89990234375,160.6194305419922,17.995689392089844,1906.9000244140625
2016-01-25,3513.110107421875,158.19146728515625,17.786239624023438,1877.0799560546875
2016-01-26,3562.81005859375,160.34967041015625,17.96003532409668,1903.6300048828125
2016-01-27,3524.330078125,158.60452270507812,17.590147018432617,1882.949951171875
2016-01-28,3544.1298828125,159.4307403564453,17.817428588867188,1893.3599853515625
2016-01-29,3631.9599609375,163.31724548339844,18.378963470458984,1940.239990234375
2016-02-01,3630.4599609375,163.2582244873047,18.4458065032959,1939.3800048828125
2016-02-02,3562.52001953125,160.31593322753906,18.116018295288086,1903.030029296875
2016-02-03,3581.530029296875,161.27699279785156,18.093738555908203,1912.530029296875
2016-02-04,3587.7099609375,161.52996826171875,18.11156463623047,1915.449951171875
2016-02-05,3521.60009765625,158.45277404785156,17.603513717651367,1880.050048828125
2016-02-08,3472.080078125,156.31983947753906,17.3494873046875,1853.43994140625
2016-02-09,3470.5,156.32826232910156,17.269271850585938,1852.2099609375
2016-02-10,3471.0400390625,156.19342041015625,17.296016693115234,1851.8599853515625
2016-02-11,3428.989990234375,154.16160583496094,17.260356903076172,1829.0799560546875
2016-02-12,3496.280029296875,157.33995056152344,17.501014709472656,1864.780029296875
2016-02-16,3555.199951171875,159.99557495117188,17.81298065185547,1895.5799560546875
2016-02-17,3614.159912109375,162.6090545654297,18.17841339111328,1926.8199462890625
2016-02-18,3597.489990234375,161.9430389404297,18.10710334777832,1917.8299560546875
2016-02-19,3597.919921875,161.86715698242188,18.12047576904297,1917.780029296875
2016-02-22,3649.919921875,164.2108612060547,18.36113929748535,1945.5
2016-02-23,3604.679931640625,162.13694763183594,18.071462631225586,1921.27001953125
2016-02-24,3620.8701171875,162.87881469726562,18.209613800048828,1929.800048828125
2016-02-25,3662.840087890625,164.8515625,18.436893463134766,1951.699951171875
2016-02-26,3656.419921875,164.47219848632812,18.38786506652832,1948.050048828125
2016-02-29,3627.06005859375,163.182373046875,18.258636474609375,1932.22998046875
2016-03-01,3713.699951171875,167.0182647705078,18.802339553833008,1978.3499755859375
2016-03-02,3729.590087890625,167.76853942871094,18.855810165405273,1986.449951171875
2016-03-03,3743.02001953125,168.42611694335938,18.855810165405273,1993.4000244140625
2016-03-04,3755.469970703125,168.97421264648438,18.904842376708984,1999.989990234375
2016-03-07,3759.050048828125,169.10902404785156,18.78896713256836,2001.760009765625
2016-03-08,3717.489990234375,167.26268005371094,18.673097610473633,1979.260009765625
2016-03-09,3736.919921875,168.08892822265625,18.833538055419922,1989.260009765625
2016-03-10,3737.739990234375,168.2238311767578,18.815706253051758,1989.5699462890625
2016-03-11,3800.070068359375,170.93849182128906,19.105379104614258,2022.18994140625
2016-03-14,3795.530029296875,170.71920776367188,19.127668380737305,2019.6400146484375
2016-03-15,3788.6201171875,170.44105529785156,19.198972702026367,2015.9300537109375
2016-03-16,3810.090087890625,171.42742919921875,19.42180824279785,2027.219970703125
2016-03-17,3835.260009765625,172.51499938964844,19.49310874938965,2040.5899658203125
2016-03-18,3852.14990234375,173.1929473876953,19.52446174621582,2049.580078125
2016-03-21,3855.969970703125,173.43869018554688,19.591650009155273,2051.60009765625
2016-03-22,3853.179931640625,173.34547424316406,19.59612274169922,2049.800048828125
2016-03-23,3828.580078125,172.2014923095703,19.48414421081543,2036.7099609375
2016-03-24,3827.139892578125,172.12518310546875,19.53789520263672,2035.93994140625
2016-03-28,3829.260009765625,172.22682189941406,19.488630294799805,2037.050048828125
2016-03-29,3863.800048828125,173.81996154785156,19.79320526123047,2055.010009765625
2016-03-30,3881.010009765625,174.5826416015625,19.90966796875,2063.949951171875
2016-03-31,3873.110107421875,174.1589813232422,19.869356155395508,2059.739990234375
2016-04-01,3897.659912109375,175.34532165527344,20.021642684936523,2072.780029296875
2016-04-04,3886.0,174.77757263183594,19.945499420166016,2066.1298828125
2016-04-05,3846.590087890625,173.03195190429688,19.752901077270508,2045.1700439453125
2016-04-06,3888.409912109375,174.92161560058594,19.945499420166016,2066.659912109375
2016-04-07,3841.97998046875,172.82852172851562,19.658832550048828,2041.9100341796875
2016-04-08,3852.719970703125,173.29458618164062,19.658832550048828,2047.5999755859375
2016-04-11,3842.169921875,172.88784790039062,19.605083465576172,2041.989990234375
2016-04-12,3879.419921875,174.49789428710938,19.739458084106445,2061.719970703125
2016-04-13,3918.949951171875,176.2605438232422,19.941024780273438,2082.419921875
2016-04-14,3920.030029296875,176.26901245117188,19.936534881591797,2082.780029296875
2016-04-15,3916.169921875,176.07411193847656,19.860395431518555,2080.72998046875
2016-04-18,3941.860107421875,177.31130981445312,19.945499420166016,2094.340087890625
2016-04-19,3954.010009765625,177.87062072753906,19.833518981933594,2100.800048828125
2016-04-20,3957.25,178.04013061523438,19.87383270263672,2102.39990234375
2016-04-21,3936.800048828125,177.08251953125,19.802167892456055,2091.47998046875
2016-04-22,3937.0,177.08251953125,19.45728302001953,2091.580078125
2016-04-25,3929.8798828125,176.7774658203125,19.461750030517578,2087.7900390625
2016-04-26,3937.22998046875,177.04013061523438,19.367687225341797,2091.699951171875
2016-04-27,3944.02001953125,177.40455627441406,19.278108596801758,2095.14990234375
2016-04-28,3907.8798828125,175.79440307617188,19.036235809326172,2075.81005859375
2016-04-29,3888.1298828125,174.8453369140625,18.87051010131836,2065.300048828125
2016-05-02,3918.530029296875,176.23512268066406,19.009363174438477,2081.429931640625
2016-05-03,3884.6298828125,174.70130920410156,18.83467674255371,2063.3701171875
2016-05-04,3862.39990234375,173.726806640625,18.776445388793945,2051.1201171875
2016-05-05,3862.39990234375,173.69290161132812,18.785409927368164,2050.6298828125
2016-05-06,3875.179931640625,174.3284149169922,18.924257278442383,2057.139892578125
2016-05-09,3878.139892578125,174.47254943847656,18.924257278442383,2058.68994140625
2016-05-10,3926.6298828125,176.64186096191406,19.170608520507812,2084.389892578125
2016-05-11,3891.1298828125,174.98941040039062,19.031766891479492,2064.4599609375
2016-05-12,3890.85009765625,175.0402374267578,18.978010177612305,2064.110107421875
2016-05-13,3858.169921875,173.51490783691406,18.90633773803711,2046.6099853515625
2016-05-16,3896.360107421875,175.22669982910156,19.170608520507812,2066.659912109375
2016-05-17,3860.8798828125,173.59117126464844,18.978010177612305,2047.2099609375
2016-05-18,3862.25,173.64207458496094,19.013839721679688,2047.6300048828125
2016-05-19,3847.969970703125,173.04031372070312,18.910823822021484,2040.0400390625
2016-05-20,3871.75,174.13351440429688,19.139249801635742,2052.320068359375
2016-05-23,3863.820068359375,173.89622497558594,19.103422164916992,2048.0400390625
2016-05-24,3916.77001953125,176.15032958984375,19.461750030517578,2076.06005859375
2016-05-25,3944.330078125,177.34519958496094,19.59612274169922,2090.5400390625
2016-05-26,3944.050048828125,177.39601135253906,19.658832550048828,2090.10009765625
2016-05-27,3961.669921875,178.15866088867188,19.752901077270508,2099.06005859375
2016-05-31,3957.949951171875,177.81976318359375,19.79320526123047,2096.949951171875
2016-06-01,3963.10009765625,178.18411254882812,19.74393653869629,2099.330078125
2016-06-02,3974.760009765625,178.72647094726562,19.726024627685547,2105.260009765625
2016-06-03,3963.22998046875,178.192626953125,19.681230545043945,2099.1298828125
2016-06-06,3982.739990234375,179.0993194580078,19.717063903808594,2109.409912109375
2016-06-07,3987.9599609375,179.3790283203125,19.79768943786621,2112.1298828125
2016-06-08,4001.97998046875,179.96368408203125,19.83799934387207,2119.1201171875
2016-06-09,3995.280029296875,179.7179412841797,19.84247398376465,2115.47998046875
2016-06-10,3958.679931640625,178.0146484375,19.690185546875,2096.070068359375
2016-06-13,3927.72998046875,176.64186096191406,19.47071647644043,2079.06005859375
2016-06-14,3920.929931640625,176.29440307617188,19.515504837036133,2075.320068359375
2016-06-15,3914.02001953125,176.04867553710938,19.466228485107422,2071.5
2016-06-16,3926.929931640625,176.57406616210938,19.50654411315918,2077.989990234375
2016-06-17,3914.14990234375,175.9164581298828,19.376462936401367,2071.219970703125
2016-06-20,3936.909912109375,177.04937744140625,19.457487106323242,2083.25
2016-06-21,3947.93994140625,177.5519561767578,19.592514038085938,2088.89990234375
2016-06-22,3941.449951171875,177.26231384277344,19.525007247924805,2085.449951171875
2016-06-23,3994.179931640625,179.57073974609375,19.79054832458496,2113.320068359375
2016-06-24,3850.699951171875,173.12252807617188,19.02989387512207,2037.4100341796875
2016-06-27,3781.02001953125,170.02195739746094,18.647319793701172,2000.5400390625
2016-06-28,3849.050048828125,173.0885009765625,19.016393661499023,2036.0899658203125
2016-06-29,3915.10009765625,176.03575134277344,19.3089599609375,2070.77001953125
2016-06-30,3968.2099609375,178.43783569335938,19.520498275756836,2098.860107421875
2016-07-01,3976.679931640625,178.81260681152344,19.56551170349121,2102.949951171875
2016-07-05,3949.719970703125,177.5263671875,19.421476364135742,2088.550048828125
2016-07-06,3972.260009765625,178.59115600585938,19.556501388549805,2099.72998046875
2016-07-07,3969.18994140625,178.4804229736328,19.556501388549805,2097.89990234375
2016-07-08,4029.75,181.13804626464844,19.862567901611328,2129.89990234375
2016-07-11,4043.489990234375,181.7769775390625,19.979595184326172,2137.159912109375
2016-07-12,4071.85009765625,183.0972442626953,20.14162826538086,2152.139892578125
2016-07-13,4072.77001953125,183.07168579101562,20.146121978759766,2152.429931640625
2016-07-14,4094.280029296875,184.0939178466797,20.276657104492188,2163.75
2016-07-15,4090.489990234375,183.84686279296875,20.258647918701172,2161.739990234375
2016-07-18,4100.39990234375,184.34091186523438,20.39368438720703,2166.889892578125
2016-07-19,4094.610107421875,184.15353393554688,20.348661422729492,2163.780029296875
2016-07-20,4112.60986328125,184.92013549804688,20.61421775817871,2173.02001953125
2016-07-21,4097.81982421875,184.2216339111328,20.506202697753906,2165.169921875
2016-07-22,4116.5,185.04794311523438,20.627727508544922,2175.030029296875
2016-07-25,4104.1298828125,184.54530334472656,20.600719451904297,2168.47998046875
2016-07-26,4105.56982421875,184.63050842285156,20.64572525024414,2169.179931640625
2016-07-27,4100.81005859375,184.4346466064453,20.816761016845703,2166.580078125
2016-07-28,4107.75,184.64755249023438,20.830272674560547,2170.06005859375
2016-07-29,4114.509765625,184.94566345214844,20.90677833557129,2173.60009765625
2016-08-01,4109.27978515625,184.79232788085938,20.947294235229492,2170.840087890625
2016-08-02,4083.25,183.6083221435547,20.789756774902344,2157.030029296875
2016-08-03,4097.2998046875,184.1449432373047,20.861770629882812,2163.7900390625
2016-08-04,4099.2099609375,184.34091186523438,20.97429656982422,2164.25
2016-08-05,4134.56005859375,185.8485870361328,21.176841735839844,2182.8701171875
2016-08-08,4131.18994140625,185.73785400390625,21.172340393066406,2180.889892578125
2016-08-09,4132.9599609375,185.8485870361328,21.21734046936035,2181.739990234375
2016-08-10,4122.64990234375,185.3886260986328,21.14983367919922,2175.489990234375
2016-08-11,4142.72021484375,186.24899291992188,21.22635269165039,2185.7900390625
2016-08-12,4139.6298828125,186.08709716796875,21.203847885131836,2184.050048828125
2016-08-15,4151.68994140625,186.6237335205078,21.30736541748047,2190.14990234375
2016-08-16,4129.68017578125,185.6612091064453,21.14983367919922,2178.14990234375
2016-08-17,4138.419921875,186.0104217529297,21.140827178955078,2182.219970703125
2016-08-18,4147.64013671875,186.42784118652344,21.14983367919922,2187.02001953125
2016-08-19,4142.22998046875,186.15528869628906,21.163331985473633,2183.8701171875
2016-08-22,4139.97021484375,186.14678955078125,21.163331985473633,2182.639892578125
2016-08-23,4148.16015625,186.5215301513672,21.239850997924805,2186.89990234375
2016-08-24,4126.64990234375,185.56748962402344,21.122825622558594,2175.43994140625
2016-08-25,4121.08984375,185.43978881835938,21.167835235595703,2172.469970703125
2016-08-26,4114.68017578125,185.09048461914062,21.176841735839844,2169.0400390625
2016-08-29,4136.75,186.0019073486328,21.257856369018555,2180.3798828125
2016-08-30,4129.33984375,185.69529724121094,21.185842514038086,2176.1201171875
2016-08-31,4120.2900390625,185.1671905517578,21.14983367919922,2170.949951171875
2016-09-01,4120.169921875,185.17568969726562,21.21734046936035,2170.860107421875
2016-09-02,4137.7001953125,186.0104217529297,21.311864852905273,2179.97998046875
2016-09-06,4150.10986328125,186.57264709472656,21.419883728027344,2186.47998046875
2016-09-07,4150.509765625,186.5555877685547,21.473894119262695,2186.159912109375
2016-09-08,4141.4599609375,186.12974548339844,21.298362731933594,2181.300048828125
2016-09-09,4039.949951171875,181.67474365234375,20.776262283325195,2127.81005859375
2016-09-12,4099.47021484375,184.28126525878906,21.122825622558594,2159.0400390625
2016-09-13,4039.919921875,181.63209533691406,20.969802856445312,2127.02001953125
2016-09-14,4037.830078125,181.56398010253906,21.068815231323242,2125.77001953125
2016-09-15,4079.320068359375,183.3783416748047,21.415386199951172,2147.260009765625
2016-09-16,4063.969970703125,182.66944885253906,21.336748123168945,2139.159912109375
2016-09-19,4063.93994140625,182.70372009277344,21.29606819152832,2139.1201171875
2016-09-20,4065.199951171875,182.71226501464844,21.28251075744629,2139.760009765625
2016-09-21,4109.6298828125,184.76693725585938,21.52204704284668,2163.1201171875
2016-09-22,4136.41015625,185.93128967285156,21.65311622619629,2177.179931640625
2016-09-23,4112.68994140625,184.9125213623047,21.463294982910156,2164.68994140625
2016-09-26,4077.7099609375,183.4142608642578,21.336748123168945,2146.10009765625
2016-09-27,4104.18017578125,184.55294799804688,21.571760177612305,2159.929931640625
2016-09-28,4126.830078125,185.46896362304688,21.6124324798584,2171.3701171875
2016-09-29,4088.469970703125,183.791015625,21.481369018554688,2151.1298828125
2016-09-30,4121.06005859375,185.1779022216797,21.5943603515625,2168.27001953125
2016-10-03,4108.1298828125,184.7327117919922,21.531085968017578,2161.199951171875
2016-10-04,4088.169921875,183.791015625,21.454259872436523,2150.489990234375
2016-10-05,4107.39990234375,184.60430908203125,21.531085968017578,2159.72998046875
2016-10-06,4109.490234375,184.7327117919922,21.580801010131836,2160.77001953125
2016-10-07,4096.25,184.0991668701172,21.52204704284668,2153.739990234375
2016-10-10,4115.1201171875,185.0580596923828,21.671192169189453,2163.659912109375
2016-10-11,4063.919921875,182.7208709716797,21.42713737487793,2136.72998046875
2016-10-12,4068.919921875,182.96055603027344,21.463294982910156,2139.179931640625
2016-10-13,4056.449951171875,182.36131286621094,21.32770538330078,2132.550048828125
2016-10-14,4057.280029296875,182.4554443359375,21.4090576171875,2132.97998046875
2016-10-17,4045.070068359375,181.82196044921875,21.363861083984375,2126.5
2016-10-18,4069.989990234375,182.96055603027344,21.481369018554688,2139.60009765625
2016-10-19,4079.5,183.4485626220703,21.52204704284668,2144.2900390625
2016-10-20,4074.179931640625,183.10610961914062,21.42262077331543,2141.340087890625
2016-10-21,4073.85009765625,183.1917266845703,21.481369018554688,2141.159912109375
2016-10-24,4093.219970703125,183.97073364257812,21.689273834228516,2151.330078125
2016-10-25,4077.800048828125,183.3544158935547,21.6124324798584,2143.159912109375
2016-10-26,4070.760009765625,182.98626708984375,21.49040985107422,2139.429931640625
2016-10-27,4058.75,182.49826049804688,21.463294982910156,2133.0400390625
2016-10-28,4046.360107421875,181.95887756347656,21.440692901611328,2126.409912109375
2016-10-31,4045.889892578125,181.96749877929688,21.43165397644043,2126.14990234375
2016-11-01,4018.469970703125,180.64903259277344,21.246353149414062,2111.719970703125
2016-11-02,3992.760009765625,179.56182861328125,21.110774993896484,2097.93994140625
2016-11-03,3976.56005859375,178.73995971679688,20.907392501831055,2088.659912109375
2016-11-04,3970.02001953125,178.5430450439453,20.871234893798828,2085.179931640625
2016-11-07,4058.300048828125,182.4811248779297,21.323184967041016,2131.52001953125
2016-11-08,4075.610107421875,183.302978515625,21.42713737487793,2139.56005859375
2016-11-09,4121.02978515625,185.24636840820312,21.400020599365234,2163.260009765625
2016-11-10,4129.4599609375,185.70872497558594,21.056533813476562,2167.47998046875
2016-11-11,4123.68994140625,185.28065490722656,21.11981201171875,2164.449951171875
2016-11-14,4123.81005859375,185.42616271972656,20.798925399780273,2164.199951171875
2016-11-15,4155.6201171875,186.87303161621094,21.09268569946289,2180.389892578125
2016-11-16,4150.2099609375,186.5220184326172,21.287031173706055,2176.93994140625
2016-11-17,4169.8701171875,187.4808349609375,21.42262077331543,2187.1201171875
2016-11-18,4160.580078125,187.06134033203125,21.404542922973633,2181.89990234375
2016-11-21,4191.68017578125,188.47393798828125,21.621475219726562,2198.179931640625
2016-11-22,4200.9501953125,188.8420867919922,21.689273834228516,2202.93994140625
2016-11-23,4204.490234375,188.94482421875,21.603403091430664,2204.719970703125
2016-11-25,4221.02001953125,189.6468505859375,21.693788528442383,2213.35009765625
2016-11-28,4199.39013671875,188.75643920898438,21.711868286132812,2201.719970703125
2016-11-29,4205.990234375,189.12461853027344,21.72542381286621,2204.659912109375
2016-11-30,4195.72998046875,188.67088317871094,21.467817306518555,2198.81005859375
2016-12-01,4181.14990234375,187.9774169921875,21.024890899658203,2191.080078125
2016-12-02,4182.81005859375,188.07159423828125,21.101726531982422,2191.949951171875
2016-12-05,4207.56982421875,189.20166015625,21.305112838745117,2204.7099609375
2016-12-06,4222.0400390625,189.80093383789062,21.368379592895508,2212.22998046875
2016-12-07,4278.43994140625,192.28367614746094,21.775142669677734,2241.35009765625
2016-12-08,4288.10009765625,192.75454711914062,21.829381942749023,2246.18994140625
2016-12-09,4313.60986328125,193.91883850097656,21.987564086914062,2259.530029296875
2016-12-12,4308.93994140625,193.69625854492188,21.919767379760742,2256.9599609375
2016-12-13,4337.85986328125,194.9889678955078,22.195465087890625,2271.719970703125
2016-12-14,4302.93017578125,193.37950134277344,22.118623733520508,2253.280029296875
2016-12-15,4319.83984375,194.17564392089844,22.218053817749023,2262.030029296875
2016-12-16,4312.39990234375,193.79591369628906,22.05736541748047,2258.070068359375
2016-12-19,4321.02001953125,194.2178955078125,22.216238021850586,2262.530029296875
2016-12-20,4337.35986328125,194.96707153320312,22.297948837280273,2270.760009765625
2016-12-21,4326.85009765625,194.424560546875,22.252559661865234,2265.179931640625
2016-12-22,4319.330078125,194.08876037597656,22.20716667175293,2260.9599609375
2016-12-23,4325.169921875,194.37294006347656,22.229856491088867,2263.7900390625
2016-12-27,4334.93017578125,194.8551788330078,22.320650100708008,2268.8798828125
2016-12-28,4299.4501953125,193.24478149414062,22.12091636657715,2249.919921875
2016-12-29,4298.39013671875,193.20175170898438,22.12545394897461,2249.260009765625
2016-12-30,4278.66015625,192.49560546875,21.95294761657715,2238.830078125
2017-01-03,4315.080078125,193.9681396484375,22.148151397705078,2257.830078125
2017-01-04,4340.75,195.1221160888672,22.225318908691406,2270.75
2017-01-05,4337.4501953125,194.96707153320312,22.261642456054688,2269.0
2017-01-06,4354.0498046875,195.6646728515625,22.425052642822266,2276.97998046875
2017-01-09,4338.6201171875,195.0187530517578,22.420513153076172,2268.89990234375
2017-01-10,4338.64013671875,195.0187530517578,22.425052642822266,2268.89990234375
2017-01-11,4351.31982421875,195.56993103027344,22.529462814331055,2275.320068359375
2017-01-12,4342.08984375,195.07901000976562,22.47498893737793,2270.43994140625
2017-01-13,4350.10986328125,195.52684020996094,22.54307746887207,2274.639892578125
2017-01-17,4337.2001953125,194.8379364013672,22.456830978393555,2267.889892578125
2017-01-18,4345.56982421875,195.26849365234375,22.515851974487305,2271.889892578125
2017-01-19,4329.9599609375,194.54510498046875,22.484071731567383,2263.68994140625
2017-01-20,4344.669921875,195.25990295410156,22.60663604736328,2271.31005859375
2017-01-23,4333.10009765625,194.75180053710938,22.647493362426758,2265.199951171875
2017-01-24,4361.56005859375,196.00045776367188,22.7882137298584,2280.070068359375
2017-01-25,4396.56982421875,197.69699096679688,23.006105422973633,2298.3701171875
2017-01-26,4393.43017578125,197.49026489257812,22.942556381225586,2296.679931640625
2017-01-27,4389.85009765625,197.18023681640625,23.033349990844727,2294.68994140625
2017-01-30,4363.669921875,195.9574432373047,22.847230911254883,2280.89990234375
2017-01-31,4359.81005859375,195.94021606445312,22.733745574951172,2278.8701171875
2017-02-01,4362.10009765625,196.01773071289062,22.90623664855957,2279.550048828125
2017-02-02,4364.85009765625,196.14695739746094,22.86084747314453,2280.85009765625
2017-02-03,4396.9501953125,197.49893188476562,23.010648727416992,2297.419921875
2017-02-06,4387.669921875,197.14581298828125,23.02426528930664,2292.56005859375
2017-02-07,4388.8701171875,197.1544647216797,23.115060806274414,2293.080078125
2017-02-08,4393.31005859375,197.4127960205078,23.15591812133789,2294.669921875
2017-02-09,4419.39990234375,198.58399963378906,23.228551864624023,2307.8701171875
2017-02-10,4435.419921875,199.36758422851562,23.29663848876953,2316.10009765625
2017-02-13,4459.830078125,200.4527130126953,23.401044845581055,2328.25
2017-02-14,4478.97998046875,201.25357055664062,23.478221893310547,2337.580078125
2017-02-15,4501.990234375,202.30419921875,23.555387496948242,2349.25
2017-02-16,4498.56005859375,202.13198852539062,23.609867095947266,2347.219970703125
2017-02-17,4506.2001953125,202.45059204101562,23.691570281982422,2351.159912109375
2017-02-21,4533.4599609375,203.65621948242188,23.814136505126953,2365.3798828125
2017-02-22,4528.97021484375,203.47537231445312,23.84138298034668,2362.820068359375
2017-02-23,4531.39013671875,203.61317443847656,23.836835861206055,2363.81005859375
2017-02-24,4539.25,203.87152099609375,23.891311645507812,2367.340087890625
2017-02-27,4544.509765625,204.1901092529297,23.877695083618164,2369.75
2017-02-28,4532.93017578125,203.63900756835938,23.764205932617188,2363.639892578125
2017-03-01,4595.72998046875,206.48944091796875,24.100126266479492,2395.9599609375
2017-03-02,4569.169921875,205.18910217285156,23.94124412536621,2381.919921875
2017-03-03,4571.60009765625,205.3182373046875,23.995718002319336,2383.1201171875
2017-03-06,4556.72021484375,204.70684814453125,23.95940589904785,2375.31005859375
2017-03-07,4543.75,204.0954132080078,23.95940589904785,2368.389892578125
2017-03-08,4534.68017578125,203.71652221679688,23.98664093017578,2362.97998046875
2017-03-09,4538.35986328125,203.97486877441406,23.982097625732422,2364.8701171875
2017-03-10,4553.27978515625,204.6895751953125,24.10921287536621,2372.60009765625
2017-03-13,4556.43994140625,204.79295349121094,24.131900787353516,2373.469970703125
2017-03-14,4541.259765625,204.00929260253906,24.077430725097656,2365.449951171875
2017-03-15,4579.43994140625,205.7747039794922,24.24085235595703,2385.260009765625
2017-03-16,4572.16015625,205.36996459960938,24.25446128845215,2381.3798828125
2017-03-17,4566.169921875,205.00927734375,24.3068790435791,2378.25
2017-03-20,4557.1201171875,204.78439331054688,24.329660415649414,2373.469970703125
2017-03-21,4500.97998046875,202.15505981445312,23.974214553833008,2344.02001953125
2017-03-22,4509.64990234375,202.63076782226562,24.124597549438477,2348.449951171875
2017-03-23,4504.919921875,202.41453552246094,24.060800552368164,2345.9599609375
2017-03-24,4501.10986328125,202.26748657226562,24.079029083251953,2343.97998046875
2017-03-27,4496.52978515625,202.0599365234375,24.079029083251953,2341.590087890625
2017-03-28,4529.169921875,203.53025817871094,24.25218963623047,2358.570068359375
2017-03-29,4535.009765625,203.72052001953125,24.293209075927734,2361.1298828125
2017-03-30,4548.4599609375,204.36920166015625,24.338775634765625,2368.06005859375
2017-03-31,4538.2099609375,203.8935546875,24.293209075927734,2362.719970703125
2017-04-03,4530.97998046875,203.5389404296875,24.270421981811523,2358.840087890625
2017-04-04,4534.25,203.66867065429688,24.288646697998047,2360.159912109375
2017-04-05,4520.85986328125,203.06324768066406,24.18839454650879,2352.949951171875
2017-04-06,4530.93017578125,203.63404846191406,24.192956924438477,2357.489990234375
2017-04-07,4527.2001953125,203.42648315429688,24.179277420043945,2355.5400390625
2017-04-10,4530.56982421875,203.5475616455078,24.13370704650879,2357.159912109375
2017-04-11,4524.7099609375,203.30540466308594,24.042572021484375,2353.780029296875
2017-04-12,4507.759765625,202.41453552246094,23.960546493530273,2344.929931640625
2017-04-13,4477.06982421875,201.09986877441406,23.864845275878906,2328.949951171875
2017-04-17,4515.64990234375,202.881591796875,24.08358383178711,2349.010009765625
2017-04-18,4502.66015625,202.276123046875,24.079029083251953,2342.18994140625
2017-04-19,4495.56005859375,201.90426635742188,24.060800552368164,2338.169921875
2017-04-20,4529.64990234375,203.5475616455078,24.2795352935791,2355.840087890625
2017-04-21,4515.89990234375,202.89889526367188,24.229406356811523,2348.68994140625
2017-04-24,4564.93017578125,205.13034057617188,24.516496658325195,2374.14990234375
2017-04-25,4592.740234375,206.3239288330078,24.64409637451172,2388.610107421875
2017-04-26,4590.56005859375,206.19418334960938,24.616748809814453,2387.449951171875
2017-04-27,4593.56982421875,206.36720275878906,24.71700096130371,2388.77001953125
2017-04-28,4584.81982421875,205.9174041748047,24.780803680419922,2384.199951171875
2017-05-01,4592.77978515625,206.43638610839844,24.967632293701172,2388.330078125
2017-05-02,4598.240234375,206.5142364501953,25.02231788635254,2391.169921875
2017-05-03,4593.31982421875,206.2633514404297,24.976749420166016,2388.1298828125
2017-05-04,4596.240234375,206.50555419921875,24.958528518676758,2389.52001953125
2017-05-05,4615.08984375,207.3185577392578,25.049659729003906,2399.2900390625
2017-05-08,4615.72998046875,207.28395080566406,25.159025192260742,2399.3798828125
2017-05-09,4611.2099609375,207.0937042236328,25.190929412841797,2396.919921875
2017-05-10,4618.18994140625,207.4656219482422,25.286624908447266,2399.6298828125
2017-05-11,4609.68994140625,207.04180908203125,25.254728317260742,2394.43994140625
2017-05-12,4602.9599609375,206.69580078125,25.31852912902832,2390.89990234375
2017-05-15,4625.509765625,207.83750915527344,25.45979118347168,2402.320068359375
2017-05-16,4623.259765625,207.64723205566406,25.578271865844727,2400.669921875
2017-05-17,4540.580078125,203.9627685546875,24.88105583190918,2357.030029296875
2017-05-18,4557.41015625,204.78439331054688,25.026880264282227,2365.719970703125
2017-05-19,4588.35009765625,206.1163330078125,25.172697067260742,2381.72998046875
2017-05-22,4612.1201171875,207.16293334960938,25.373201370239258,2394.02001953125
2017-05-23,4620.7001953125,207.62130737304688,25.418777465820312,2398.419921875
2017-05-24,4632.3701171875,208.10565185546875,25.523584365844727,2404.389892578125
2017-05-25,4653.58984375,209.1002655029297,25.70586585998535,2415.070068359375
2017-05-26,4655.64990234375,209.0570526123047,25.69219207763672,2415.820068359375
2017-05-30,4650.759765625,208.8754425048828,25.801555633544922,2412.909912109375
2017-05-31,4649.33984375,208.82345581054688,25.76055145263672,2411.800048828125
2017-06-01,4685.10986328125,210.48414611816406,25.8243408203125,2430.06005859375
2017-06-02,4702.56005859375,211.18472290039062,26.06130599975586,2439.070068359375
2017-06-05,4697.0,211.02903747558594,26.084096908569336,2436.10009765625
2017-06-06,4683.9599609375,210.35440063476562,26.033971786499023,2429.330078125
2017-06-07,4692.2900390625,210.74362182617188,26.115989685058594,2433.139892578125
2017-06-08,4693.669921875,210.84738159179688,26.17523193359375,2433.7900390625
2017-06-09,4689.7900390625,210.52734375,25.528146743774414,2431.77001953125
2017-06-12,4685.5400390625,210.48414611816406,25.377761840820312,2429.389892578125
2017-06-13,4707.8798828125,211.5133819580078,25.560041427612305,2440.35009765625
2017-06-14,4703.52978515625,211.2452392578125,25.43700408935547,2437.919921875
2017-06-15,4693.85986328125,210.83872985839844,25.323078155517578,2432.4599609375
2017-06-16,4695.22998046875,210.88485717773438,25.27869987487793,2433.14990234375
2017-06-19,4734.47998046875,212.6404571533203,25.653873443603516,2453.4599609375
2017-06-20,4702.81982421875,211.20639038085938,25.447988510131836,2437.030029296875
2017-06-21,4700.5,211.15423583984375,25.589820861816406,2435.610107421875
2017-06-22,4698.39990234375,211.0586700439453,25.598976135253906,2434.5
2017-06-23,4705.72998046875,211.31068420410156,25.759113311767578,2438.300048828125
2017-06-26,4707.27001953125,211.44973754882812,25.621850967407227,2439.070068359375
2017-06-27,4669.27001953125,209.74624633789062,25.20092010498047,2419.3798828125
2017-06-28,4711.330078125,211.62353515625,25.516620635986328,2440.68994140625
2017-06-29,4670.9599609375,209.76361083984375,25.059083938598633,2419.699951171875
2017-06-30,4678.35986328125,210.1547393798828,25.03620719909668,2423.409912109375
2017-07-03,4689.60986328125,210.5111083984375,24.862340927124023,2429.010009765625
2017-07-05,4697.33984375,210.9978485107422,25.10941505432129,2432.5400390625
2017-07-06,4655.02001953125,209.068359375,24.880643844604492,2409.75
2017-07-07,4684.8798828125,210.42417907714844,25.168888092041016,2425.179931640625
2017-07-10,4689.25,210.65013122558594,25.35190200805664,2427.429931640625
2017-07-11,4685.64013671875,210.49371337890625,25.40680503845215,2425.530029296875
2017-07-12,4720.27978515625,212.07553100585938,25.736234664916992,2443.25
2017-07-13,4729.25,212.431884765625,25.786556243896484,2447.830078125
2017-07-14,4751.43017578125,213.4226837158203,26.015323638916016,2459.27001953125
2017-07-17,4751.330078125,213.39657592773438,26.019901275634766,2459.139892578125
2017-07-18,4754.27001953125,213.5095672607422,26.13886833190918,2460.610107421875
2017-07-19,4780.25,214.66549682617188,26.271541595458984,2473.830078125
2017-07-20,4779.83984375,214.76113891601562,26.32645034790039,2473.449951171875
2017-07-21,4778.06982421875,214.5699005126953,26.294422149658203,2472.5400390625
2017-07-24,4773.10009765625,214.5177459716797,26.358476638793945,2469.909912109375
2017-07-25,4787.0400390625,215.03927612304688,26.308149337768555,2477.1298828125
2017-07-26,4788.41015625,215.0478973388672,26.408811569213867,2477.830078125
2017-07-27,4784.259765625,214.84799194335938,26.308149337768555,2475.419921875
2017-07-28,4778.02001953125,214.59600830078125,26.28069305419922,2472.10009765625
2017-07-31,4774.56005859375,214.47427368164062,26.152587890625,2470.300048828125
2017-08-01,4786.27001953125,214.95228576660156,26.2852725982666,2476.35009765625
2017-08-02,4789.5400390625,215.05662536621094,26.358476638793945,2477.570068359375
2017-08-03,4779.990234375,214.63938903808594,26.298995971679688,2472.159912109375
2017-08-04,4789.10986328125,215.03053283691406,26.358476638793945,2476.830078125
2017-08-07,4797.1298828125,215.43035888671875,26.518611907958984,2480.909912109375
2017-08-08,4786.1201171875,214.900146484375,26.482011795043945,2474.919921875
2017-08-09,4784.93994140625,214.89149475097656,26.46828269958496,2474.02001953125
2017-08-10,4717.39990234375,211.8582305908203,25.94669532775879,2438.2099609375
2017-08-11,4723.72998046875,212.17111206054688,26.12513542175293,2441.320068359375
2017-08-14,4771.43017578125,214.2743682861328,26.541486740112305,2465.840087890625
2017-08-15,4770.14990234375,214.2483367919922,26.582670211791992,2464.610107421875
2017-08-16,4778.27978515625,214.62205505371094,26.660446166992188,2468.110107421875
2017-08-17,4704.72998046875,211.2759552001953,26.13886833190918,2430.010009765625
2017-08-18,4696.22021484375,210.94564819335938,26.111406326293945,2425.550048828125
2017-08-21,4701.81982421875,211.11077880859375,26.10225486755371,2428.3701171875
2017-08-22,4748.72998046875,213.31837463378906,26.49116325378418,2452.510009765625
2017-08-23,4732.759765625,212.55355834960938,26.427104949951172,2444.0400390625
2017-08-24,4723.02978515625,212.0581512451172,26.40422821044922,2438.969970703125
2017-08-25,4731.4599609375,212.55355834960938,26.399654388427734,2443.050048828125
2017-08-28,4733.97021484375,212.56224060058594,26.449983596801758,2444.239990234375
2017-08-29,4738.6201171875,212.80560302734375,26.564359664916992,2446.300048828125
2017-08-30,4761.72021484375,213.81375122070312,26.756532669067383,2457.590087890625
2017-08-31,4789.18017578125,215.10008239746094,26.916662216186523,2471.64990234375
2017-09-01,4798.990234375,215.40426635742188,26.893787384033203,2476.550048828125
2017-09-05,4762.75,213.8572235107422,26.65587043762207,2457.85009765625
2017-09-06,4777.68994140625,214.58729553222656,26.67875099182129,2465.5400390625
2017-09-07,4777.93017578125,214.56121826171875,26.7702579498291,2465.10009765625
2017-09-08,4771.02001953125,214.30914306640625,26.550640106201172,2461.429931640625
2017-09-11,4822.7998046875,216.59500122070312,26.925809860229492,2488.110107421875
2017-09-12,4839.31005859375,217.32504272460938,26.9898738861084,2496.47998046875
2017-09-13,4843.0400390625,217.4293212890625,26.953269958496094,2498.3701171875
2017-09-14,4839.2900390625,217.35977172851562,26.86176109313965,2495.6201171875
2017-09-15,4848.83984375,217.6523895263672,26.97150993347168,2500.22998046875
2017-09-18,4856.080078125,218.11538696289062,26.994462966918945,2503.8701171875
2017-09-19,4861.52001953125,218.3336944580078,27.113840103149414,2506.64990234375
2017-09-20,4864.60986328125,218.41232299804688,27.003650665283203,2508.239990234375
2017-09-21,4849.9501953125,217.8271026611328,26.85671043395996,2500.60009765625
2017-09-22,4853.2001953125,217.87075805664062,26.870487213134766,2502.219970703125
2017-09-25,4842.41015625,217.42532348632812,26.553667068481445,2496.659912109375
2017-09-26,4843.14013671875,217.5563507080078,26.650089263916016,2496.840087890625
2017-09-27,4862.93017578125,218.40354919433594,26.920997619628906,2507.0400390625
2017-09-28,4869.81005859375,218.66563415527344,26.953136444091797,2510.06005859375
2017-09-29,4887.97021484375,219.43421936035156,27.13680648803711,2519.360107421875
2017-10-02,4906.919921875,220.3863067626953,27.178129196166992,2529.1201171875
2017-10-03,4917.72998046875,220.85794067382812,27.242420196533203,2534.580078125
2017-10-04,4924.18994140625,221.1199493408203,27.224050521850586,2537.739990234375
2017-10-05,4952.85009765625,222.43017578125,27.485774993896484,2552.070068359375
2017-10-06,4949.08984375,222.17677307128906,27.527099609375,2549.330078125
2017-10-09,4940.16015625,221.8099822998047,27.595979690551758,2544.72998046875
2017-10-10,4951.77001953125,222.39520263671875,27.62352180480957,2550.639892578125
2017-10-11,4960.7900390625,222.7445831298828,27.715360641479492,2555.239990234375
2017-10-12,4952.85009765625,222.4126739501953,27.646480560302734,2550.929931640625
2017-10-13,4957.27001953125,222.68341064453125,27.779638290405273,2553.169921875
2017-10-16,4966.0498046875,222.9803924560547,27.880661010742188,2557.639892578125
2017-10-17,4969.3798828125,223.13760375976562,27.880661010742188,2559.360107421875
2017-10-18,4973.27978515625,223.35597229003906,27.949533462524414,2561.260009765625
2017-10-19,4975.31982421875,223.41709899902344,27.86687660217285,2562.10009765625
2017-10-20,5001.10986328125,224.57003784179688,28.05514144897461,2575.2099609375
2017-10-23,4981.3701171875,223.6965789794922,27.92198944091797,2564.97998046875
2017-10-24,4989.56005859375,224.08966064453125,28.00004005432129,2569.1298828125
2017-10-25,4966.2900390625,222.9803924560547,27.848522186279297,2557.14990234375
2017-10-26,4972.60009765625,223.26856994628906,27.96331024169922,2560.39990234375
2017-10-27,5012.75,225.09410095214844,28.71634292602539,2581.070068359375
2017-10-30,4997.14990234375,224.25559997558594,28.780630111694336,2572.830078125
2017-10-31,5002.02978515625,224.60498046875,28.904600143432617,2575.260009765625
2017-11-01,5009.990234375,224.9019317626953,28.909191131591797,2579.360107421875
2017-11-02,5011.47998046875,224.98931884765625,28.9229736328125,2579.85009765625
2017-11-03,5027.490234375,225.74049377441406,29.152551651000977,2587.840087890625
2017-11-06,5034.2998046875,226.08984375,29.21683120727539,2591.1298828125
2017-11-07,5033.3798828125,225.93263244628906,29.230609893798828,2590.639892578125
2017-11-08,5040.740234375,226.31689453125,29.39132308959961,2594.3798828125
2017-11-09,5023.009765625,225.49591064453125,29.157142639160156,2584.6201171875
2017-11-10,5020.31005859375,225.42599487304688,29.157142639160156,2582.300048828125
2017-11-13,5025.35986328125,225.6356201171875,29.14795684814453,2584.840087890625
2017-11-14,5014.52978515625,225.1116180419922,29.088268280029297,2578.8701171875
2017-11-15,4987.9599609375,223.98483276367188,28.872461318969727,2564.6201171875
2017-11-16,5030.47998046875,225.8889617919922,29.27652931213379,2585.639892578125
2017-11-17,5017.4501953125,225.2251434326172,29.088268280029297,2578.85009765625
2017-11-20,5024.009765625,225.60943603515625,29.19846534729004,2582.139892578125
2017-11-21,5056.9501953125,227.08554077148438,29.50611114501953,2599.030029296875
2017-11-22,5053.60009765625,226.8846893310547,29.451005935668945,2597.080078125
2017-11-24,5064.22998046875,227.40872192382812,29.616310119628906,2602.419921875
2017-11-27,5062.85009765625,227.2952117919922,29.616310119628906,2601.419921875
2017-11-28,5112.91015625,229.60108947753906,29.712736129760742,2627.0400390625
2017-11-29,5111.68017578125,229.46133422851562,29.056119918823242,2626.070068359375
2017-11-30,5155.43994140625,231.47019958496094,29.313262939453125,2647.580078125
2017-12-01,5145.2099609375,230.98983764648438,29.16172981262207,2642.219970703125
2017-12-04,5139.91015625,230.71034240722656,28.693384170532227,2639.43994140625
2017-12-05,5120.919921875,229.88055419921875,28.702560424804688,2629.570068359375
2017-12-06,5120.4599609375,229.9242401123047,28.886240005493164,2629.27001953125
2017-12-07,5136.3701171875,230.64920043945312,29.065311431884766,2636.97998046875
2017-12-08,5165.18994140625,231.90689086914062,29.203062057495117,2651.5
2017-12-11,5181.75,232.605712890625,29.455602645874023,2659.989990234375
2017-12-12,5189.9599609375,233.01620483398438,29.44641876220703,2664.110107421875
2017-12-13,5187.68017578125,232.99002075195312,29.455602645874023,2662.85009765625
2017-12-14,5167.4501953125,232.03797912597656,29.41886329650879,2652.010009765625
2017-12-15,5214.10009765625,233.9702606201172,29.75438690185547,2675.81005859375
2017-12-18,5242.27978515625,235.4539337158203,30.01709747314453,2690.159912109375
2017-12-19,5225.43017578125,234.54965209960938,29.832738876342773,2681.469970703125
2017-12-20,5221.7900390625,234.4267120361328,29.823522567749023,2679.25
2017-12-21,5232.16015625,234.90957641601562,29.76360511779785,2684.570068359375
2017-12-22,5229.7900390625,234.8480987548828,29.745166778564453,2683.340087890625
2017-12-26,5224.509765625,234.56715393066406,29.546995162963867,2680.5
2017-12-27,5229.009765625,234.68130493164062,29.579248428344727,2682.6201171875
2017-12-28,5239.58984375,235.16415405273438,29.62994956970215,2687.5400390625
2017-12-29,5212.759765625,234.2774658203125,29.473257064819336,2673.610107421875
2018-01-02,5256.27978515625,235.95431518554688,29.83734893798828,2695.81005859375
2018-01-03,5289.919921875,237.44677734375,30.08622169494629,2713.06005859375
2018-01-04,5312.330078125,238.447509765625,30.238311767578125,2723.989990234375
2018-01-05,5349.68994140625,240.0365753173828,30.556320190429688,2743.14990234375
2018-01-08,5358.68017578125,240.4755096435547,30.671541213989258,2747.7099609375
2018-01-09,5367.259765625,241.0198211669922,30.59318733215332,2751.2900390625
2018-01-10,5361.330078125,240.651123046875,30.48719024658203,2748.22998046875
2018-01-11,5399.4599609375,242.40689086914062,30.611629486083984,2767.56005859375
2018-01-12,5435.919921875,243.9871368408203,30.791370391845703,2786.239990234375
2018-01-16,5416.85986328125,243.15318298339844,30.671541213989258,2776.419921875
2018-01-17,5467.85009765625,245.4707489013672,31.132413864135742,2802.56005859375
2018-01-18,5459.5,245.05819702148438,31.187726974487305,2798.030029296875
2018-01-19,5483.56982421875,246.173095703125,31.247638702392578,2810.300048828125
2018-01-22,5527.89013671875,248.1747589111328,31.551822662353516,2832.969970703125
2018-01-23,5540.1298828125,248.70138549804688,31.690080642700195,2839.1298828125
2018-01-24,5537.02978515625,248.60488891601562,31.445812225341797,2837.5400390625
2018-01-25,5540.3798828125,248.71023559570312,31.39051055908203,2839.25
2018-01-26,5606.080078125,251.5897674560547,31.888263702392578,2872.8701171875
2018-01-29,5568.669921875,249.92176818847656,31.597904205322266,2853.530029296875
2018-01-30,5508.35986328125,247.3583221435547,31.31216049194336,2822.429931640625
2018-01-31,5511.2099609375,247.48121643066406,31.54720687866211,2823.81005859375
2018-02-01,5508.7001953125,247.2002716064453,31.57486343383789,2821.97998046875
2018-02-02,5392.2099609375,241.8186798095703,30.6392822265625,2762.1298828125
2018-02-05,5171.259765625,231.7051544189453,29.358030319213867,2648.93994140625
2018-02-06,5262.02001953125,236.27037048339844,30.201438903808594,2695.139892578125
2018-02-07,5235.83984375,234.9886016845703,29.814300537109375,2681.659912109375
2018-02-08,5040.06005859375,226.1744842529297,28.579145431518555,2581.0
2018-02-09,5116.990234375,229.57191467285156,29.279682159423828,2619.550048828125
2018-02-12,5188.3701171875,232.9430389404297,29.805084228515625,2656.0
2018-02-13,5202.22021484375,233.52247619628906,29.878822326660156,2662.93994140625
2018-02-14,5273.43017578125,236.6741485595703,30.427268981933594,2698.6298828125
2018-02-15,5338.35009765625,239.694091796875,31.007980346679688,2731.199951171875
2018-02-16,5340.81982421875,239.76437377929688,30.96189308166504,2732.219970703125
2018-02-20,5309.990234375,238.26318359375,30.98954963684082,2716.260009765625
2018-02-21,5280.91015625,237.07801818847656,30.791370391845703,2701.330078125
2018-02-22,5286.490234375,237.38531494140625,30.8282413482666,2703.9599609375
2018-02-23,5371.56005859375,241.16905212402344,31.473482131958008,2747.300048828125
2018-02-26,5435.3798828125,243.969482421875,31.966611862182617,2779.60009765625
2018-02-27,5367.08984375,240.9232635498047,31.64399528503418,2744.280029296875
2018-02-28,5308.08984375,238.48263549804688,31.418163299560547,2713.830078125
2018-03-01,5238.18017578125,235.01495361328125,30.89737319946289,2677.669921875
2018-03-02,5265.240234375,236.22645568847656,31.192331314086914,2691.25
2018-03-05,5323.35986328125,238.9567413330078,31.510339736938477,2720.93994140625
2018-03-06,5337.68994140625,239.56251525878906,31.57947540283203,2728.1201171875
2018-03-07,5335.47021484375,239.4746551513672,31.75459861755371,2726.800048828125
2018-03-08,5360.72998046875,240.633544921875,31.89286994934082,2738.969970703125
2018-03-09,5454.02978515625,244.8211212158203,32.49662399291992,2786.570068359375
2018-03-12,5447.10009765625,244.513916015625,32.5980110168457,2783.02001953125
2018-03-13,5412.75,242.93360900878906,32.224700927734375,2765.31005859375
2018-03-14,5383.27001953125,241.68701171875,32.19704818725586,2749.47998046875
2018-03-15,5379.39013671875,241.42359924316406,32.215476989746094,2747.330078125
2018-03-16,5388.740234375,241.68545532226562,32.18218994140625,2752.010009765625
2018-03-19,5312.22998046875,238.41531372070312,31.544191360473633,2712.919921875
2018-03-20,5320.2001953125,238.82078552246094,31.530319213867188,2716.93994140625
2018-03-21,5310.9599609375,238.36245727539062,31.340768814086914,2711.929931640625
2018-03-22,5177.52001953125,232.40406799316406,30.53171157836914,2643.68994140625
2018-03-23,5069.02978515625,227.4505157470703,29.71803092956543,2588.260009765625
2018-03-26,5206.68994140625,233.67324829101562,30.846094131469727,2658.550048828125
2018-03-27,5116.75,229.69813537597656,29.856719970703125,2612.6201171875
2018-03-28,5102.68994140625,229.01939392089844,29.657920837402344,2605.0
2018-03-29,5173.18994140625,231.94573974609375,30.245075225830078,2640.8701171875
2018-04-02,5057.68994140625,226.9392852783203,29.52385139465332,2581.8798828125
2018-04-03,5121.7001953125,229.84796142578125,29.815113067626953,2614.449951171875
2018-04-04,5181.31005859375,232.30712890625,30.231199264526367,2644.68994140625
2018-04-05,5217.6201171875,234.14048767089844,30.35603141784668,2662.840087890625
2018-04-06,5103.35009765625,228.92247009277344,29.611692428588867,2604.469970703125
2018-04-09,5121.89990234375,230.05068969726562,29.842845916748047,2613.159912109375
2018-04-10,5207.72998046875,233.7085723876953,30.57794189453125,2656.8701171875
2018-04-11,5179.18994140625,232.48338317871094,30.39763832092285,2642.18994140625
2018-04-12,5222.5498046875,234.3960723876953,30.762882232666016,2663.989990234375
2018-04-13,5207.56982421875,233.7085723876953,30.661157608032227,2656.300048828125
2018-04-16,5249.93994140625,235.63006591796875,30.896953582763672,2677.840087890625
2018-04-17,5305.89990234375,238.15087890625,31.47022819519043,2706.389892578125
2018-04-18,5310.31982421875,238.3272247314453,31.38701629638672,2708.639892578125
2018-04-19,5280.56982421875,237.005126953125,31.040260314941406,2693.1298828125
2018-04-20,5235.75,234.9954071044922,30.610309600830078,2670.139892578125
2018-04-23,5236.0400390625,234.9601593017578,30.49934196472168,2670.2900390625
2018-04-24,5166.10009765625,231.79586791992188,29.96767807006836,2634.56005859375
2018-04-25,5175.58984375,232.36878967285156,29.972301483154297,2639.39990234375
2018-04-26,5229.60986328125,234.73101806640625,30.517847061157227,2666.93994140625
2018-04-27,5235.72998046875,234.9513702392578,30.462358474731445,2669.909912109375
2018-04-30,5193.0400390625,233.14447021484375,30.263565063476562,2648.050048828125
2018-05-01,5206.31005859375,233.55873107910156,30.642658233642578,2654.800048828125
2018-05-02,5168.7900390625,231.9897918701172,30.610309600830078,2635.669921875
2018-05-03,5157.7001953125,231.47860717773438,30.679645538330078,2629.72998046875
2018-05-04,5224.7099609375,234.47537231445312,31.262178421020508,2663.419921875
2018-05-07,5242.8701171875,235.26870727539062,31.479463577270508,2672.6298828125
2018-05-08,5241.52978515625,235.26870727539062,31.548812866210938,2671.919921875
2018-05-09,5292.89990234375,237.54275512695312,31.937158584594727,2697.7900390625
2018-05-10,5343.7001953125,239.76390075683594,32.353271484375,2723.070068359375
2018-05-11,5354.68994140625,240.49549865722656,32.307037353515625,2727.719970703125
2018-05-14,5359.66015625,240.61013793945312,32.30241775512695,2730.1298828125
2018-05-15,5323.22998046875,238.95301818847656,31.997257232666016,2711.449951171875
2018-05-16,5346.330078125,239.95777893066406,32.14057540893555,2722.4599609375
2018-05-17,5343.2900390625,239.7551727294922,31.974151611328125,2720.1298828125
2018-05-18,5329.66015625,239.15574645996094,31.840087890625,2712.969970703125
2018-05-21,5369.18994140625,240.9538116455078,32.11747741699219,2733.010009765625
2018-05-22,5352.4501953125,240.283935546875,32.07124710083008,2724.43994140625
2018-05-23,5369.990234375,240.94500732421875,32.307037353515625,2733.2900390625
2018-05-24,5359.31982421875,240.45144653320312,32.27004623413086,2727.760009765625
2018-05-25,5347.31005859375,239.87855529785156,32.246925354003906,2721.330078125
2018-05-29,5285.7001953125,237.1197052001953,32.07124710083008,2689.860107421875
2018-05-30,5353.759765625,240.283935546875,32.307037353515625,2724.010009765625
2018-05-31,5318.10009765625,238.81204223632812,32.31626510620117,2705.27001953125
2018-06-01,5376.2900390625,241.1565704345703,32.86643981933594,2734.6201171875
2018-06-04,5400.5,242.3024444580078,33.129947662353516,2746.8701171875
2018-06-05,5404.6201171875,242.47874450683594,33.245548248291016,2748.800048828125
2018-06-06,5451.08984375,244.50599670410156,33.462833404541016,2772.35009765625
2018-06-07,5448.18017578125,244.47952270507812,33.19468688964844,2770.3701171875
2018-06-08,5465.419921875,245.2022705078125,33.13921356201172,2779.030029296875
2018-06-11,5471.2900390625,245.5283966064453,33.176185607910156,2782.0
2018-06-12,5481.06982421875,245.8457489013672,33.33799743652344,2786.85009765625
2018-06-13,5459.2099609375,245.06129455566406,33.16693878173828,2775.6298828125
2018-06-14,5474.3701171875,245.67822265625,33.40272521972656,2782.489990234375
2018-06-15,5469.3701171875,245.36483764648438,33.275142669677734,2779.659912109375
2018-06-18,5457.830078125,244.86016845703125,33.312259674072266,2773.75
2018-06-19,5436.1298828125,243.9217071533203,33.14058303833008,2762.590087890625
2018-06-20,5445.43017578125,244.33778381347656,33.21018600463867,2767.320068359375
2018-06-21,5411.39990234375,242.80606079101562,32.95500183105469,2749.760009765625
2018-06-22,5421.6298828125,243.24876403808594,32.84829330444336,2754.8798828125
2018-06-25,5347.22998046875,239.93746948242188,32.16627502441406,2717.070068359375
2018-06-26,5359.009765625,240.46864318847656,32.296180725097656,2723.06005859375
2018-06-27,5312.89013671875,238.47657775878906,31.85542869567871,2699.6298828125
2018-06-28,5346.43994140625,239.84010314941406,32.24515151977539,2716.31005859375
2018-06-29,5350.830078125,240.18539428710938,32.23122787475586,2718.3701171875
2018-07-02,5367.490234375,240.69883728027344,32.51888656616211,2726.7099609375
2018-07-03,5340.93017578125,239.8489532470703,32.133792877197266,2713.219970703125
2018-07-05,5388.27978515625,241.80555725097656,32.58847427368164,2736.610107421875
2018-07-06,5434.35986328125,243.85086059570312,32.96891403198242,2759.820068359375
2018-07-09,5483.89013671875,246.04647827148438,33.219459533691406,2784.169921875
2018-07-10,5503.0498046875,246.9319305419922,33.298343658447266,2793.840087890625
2018-07-11,5464.009765625,245.1258087158203,33.16843032836914,2774.02001953125
2018-07-12,5512.35986328125,247.34808349609375,33.692718505859375,2798.2900390625
2018-07-13,5518.330078125,247.54287719726562,33.65558624267578,2801.31005859375
2018-07-16,5512.919921875,247.3216094970703,33.57672119140625,2798.429931640625
2018-07-17,5534.91015625,248.32205200195312,33.82725524902344,2809.550048828125
2018-07-18,5546.85986328125,248.8443603515625,33.77157974243164,2815.6201171875
2018-07-19,5525.509765625,247.90591430664062,33.650943756103516,2804.489990234375
2018-07-20,5520.5,247.62254333496094,33.66022491455078,2801.830078125
2018-07-23,5530.66015625,248.08290100097656,33.83189392089844,2806.97998046875
2018-07-24,5557.3701171875,249.331298828125,34.01747512817383,2820.39990234375
2018-07-25,5607.990234375,251.45620727539062,34.44431686401367,2846.070068359375
2018-07-26,5590.990234375,250.86306762695312,33.9154052734375,2837.43994140625
2018-07-27,5554.31005859375,249.16314697265625,33.33544921875,2818.820068359375
2018-07-30,5522.81005859375,247.86166381835938,32.81581497192383,2802.60009765625
2018-07-31,5549.9599609375,249.08343505859375,32.903968811035156,2816.2900390625
2018-08-01,5544.18994140625,248.66725158691406,33.200904846191406,2813.360107421875
2018-08-02,5572.080078125,250.02198791503906,33.61846160888672,2827.219970703125
2018-08-03,5598.7099609375,251.09323120117188,33.73908996582031,2840.35009765625
2018-08-06,5619.0498046875,252.0139923095703,33.9200439453125,2850.39990234375
2018-08-07,5634.97998046875,252.84625244140625,34.04995346069336,2858.449951171875
2018-08-08,5633.669921875,252.7401123046875,34.142730712890625,2857.699951171875
2018-08-09,5627.0,252.39471435546875,34.15666198730469,2853.580078125
2018-08-10,5588.66015625,250.7036895751953,33.882938385009766,2833.280029296875
2018-08-13,5566.35986328125,249.76519775390625,33.83654022216797,2821.929931640625
2018-08-14,5602.41015625,251.3588104248047,34.04531478881836,2839.9599609375
2018-08-15,5560.85009765625,249.48182678222656,33.73908996582031,2818.3701171875
2018-08-16,5606.56005859375,251.50054931640625,33.88756561279297,2840.68994140625
2018-08-17,5625.66015625,252.38587951660156,33.93860626220703,2850.1298828125
2018-08-20,5639.52978515625,252.92599487304688,33.88756561279297,2857.050048828125
2018-08-21,5651.39013671875,253.5191650390625,33.94324493408203,2862.9599609375
2018-08-22,5649.31005859375,253.36868286132812,34.04531478881836,2861.820068359375
2018-08-23,5640.10009765625,253.0322265625,34.11954879760742,2856.97998046875
2018-08-24,5675.1201171875,254.5550994873047,34.46287536621094,2874.68994140625
2018-08-27,5719.2998046875,256.5649719238281,34.77836990356445,2896.739990234375
2018-08-28,5720.89013671875,256.6888427734375,34.838687896728516,2897.52001953125
2018-08-29,5754.0,258.0700378417969,35.1541862487793,2914.0400390625
2018-08-30,5729.4501953125,257.0252380371094,35.04747009277344,2901.1298828125
2018-08-31,5730.7998046875,257.0341491699219,35.07530212402344,2901.52001953125
2018-09-04,5721.85986328125,256.59136962890625,34.940757751464844,2896.719970703125
2018-09-05,5705.85986328125,255.90078735351562,34.5046272277832,2888.60009765625
2018-09-06,5686.7001953125,255.1305389404297,34.25409698486328,2878.050048828125
2018-09-07,5674.580078125,254.63479614257812,34.13811111450195,2871.679931640625
2018-09-10,5685.33984375,255.07749938964844,34.24481964111328,2877.1298828125
2018-09-11,5706.990234375,255.91845703125,34.53711700439453,2887.889892578125
2018-09-12,5709.080078125,255.98052978515625,34.393287658691406,2888.919921875
2018-09-13,5740.75,257.49456787109375,34.79692840576172,2904.179931640625
2018-09-14,5743.18994140625,257.5387268066406,34.769081115722656,2904.97998046875
2018-09-17,5711.2900390625,256.1753234863281,34.33295822143555,2888.800048828125
2018-09-18,5742.18017578125,257.5653991699219,34.551025390625,2904.31005859375
2018-09-19,5749.39013671875,257.8398742675781,34.46287536621094,2907.949951171875
2018-09-20,5794.72021484375,259.9292297363281,34.87116622924805,2930.75
2018-09-21,5792.72021484375,259.69183349609375,34.73334884643555,2929.669921875
2018-09-24,5772.35986328125,258.8291931152344,34.90560531616211,2919.3701171875
2018-09-25,5765.25,258.58892822265625,34.863704681396484,2915.56005859375
2018-09-26,5746.27001953125,257.81524658203125,34.73334884643555,2905.969970703125
2018-09-27,5763.22021484375,258.5356140136719,34.93819046020508,2914.0
2018-09-28,5763.419921875,258.56231689453125,35.06854248046875,2913.97998046875
2018-10-01,5784.4501953125,259.4605712890625,35.23613357543945,2924.590087890625
2018-10-02,5782.3701171875,259.3094177246094,35.24078369140625,2923.429931640625
2018-10-03,5786.47998046875,259.45172119140625,35.347869873046875,2925.510009765625
2018-10-04,5740.56005859375,257.423828125,34.710079193115234,2901.610107421875
2018-10-05,5708.89990234375,255.98301696777344,34.27248001098633,2885.570068359375
2018-10-08,5706.66015625,255.98301696777344,33.8860969543457,2884.429931640625
2018-10-09,5700.22998046875,255.60943603515625,34.00711441040039,2880.340087890625
2018-10-10,5512.93994140625,247.5161895751953,32.35914611816406,2785.679931640625
2018-10-11,5399.5400390625,242.064208984375,31.949478149414062,2728.3701171875
2018-10-12,5476.830078125,245.42611694335938,32.97364044189453,2767.1298828125
2018-10-15,5444.60986328125,244.04754638671875,32.433631896972656,2750.7900390625
2018-10-16,5561.7998046875,249.38388061523438,33.41124725341797,2809.919921875
2018-10-17,5560.6201171875,249.42835998535156,33.257625579833984,2809.2099609375
2018-10-18,5481.1298828125,245.82632446289062,32.60588836669922,2768.780029296875
2018-10-19,5479.2998046875,245.69290161132812,32.5919075012207,2767.780029296875
2018-10-22,5455.8798828125,244.59010314941406,32.861915588378906,2755.8798828125
2018-10-23,5426.080078125,243.34486389160156,32.73622131347656,2740.68994140625
2018-10-24,5258.60986328125,235.97195434570312,31.269798278808594,2656.10009765625
2018-10-25,5356.5400390625,240.205322265625,32.345184326171875,2705.570068359375
2018-10-26,5263.740234375,235.98077392578125,31.69808006286621,2658.68994140625
2018-10-29,5229.27978515625,234.67344665527344,31.162731170654297,2641.25
2018-10-30,5311.669921875,238.15087890625,31.511877059936523,2682.6298828125
2018-10-31,5369.490234375,240.69454956054688,32.261383056640625,2711.739990234375
2018-11-01,5426.330078125,243.25595092773438,32.63847351074219,2740.3701171875
2018-11-02,5392.52978515625,241.81515502929688,32.00068664550781,2723.06005859375
2018-11-05,5422.8798828125,243.1493377685547,31.968101501464844,2738.31005859375
2018-11-06,5457.25,244.68797302246094,32.168277740478516,2755.449951171875
2018-11-07,5573.06005859375,249.92642211914062,33.113304138183594,2813.889892578125
2018-11-08,5562.0,249.47279357910156,33.085365295410156,2806.830078125
2018-11-09,5511.7900390625,247.03587341308594,32.51277160644531,2781.010009765625
2018-11-12,5403.18994140625,242.4199981689453,31.3675594329834,2726.219970703125
2018-11-13,5395.3701171875,241.96636962890625,31.40481185913086,2722.179931640625
2018-11-14,5355.93994140625,240.3121795654297,31.027729034423828,2701.580078125
2018-11-15,5414.43017578125,242.82012939453125,31.805156707763672,2730.199951171875
2018-11-16,5426.85986328125,243.45164489746094,31.75396156311035,2736.27001953125
2018-11-19,5336.7001953125,239.333740234375,30.543569564819336,2690.72998046875
2018-11-20,5240.22998046875,234.90463256835938,29.887168884277344,2641.889892578125
2018-11-21,5256.60986328125,235.70513916015625,30.105974197387695,2649.929931640625
2018-11-23,5222.43017578125,234.13088989257812,29.83130645751953,2632.56005859375
2018-11-26,5304.169921875,237.9107666015625,30.506324768066406,2673.449951171875
2018-11-27,5321.52001953125,238.71119689941406,30.566856384277344,2682.169921875
2018-11-28,5444.1201171875,244.20761108398438,31.637569427490234,2743.7900390625
2018-11-29,5433.490234375,243.67398071289062,31.330320358276367,2737.800048828125
2018-11-30,5478.91015625,245.15924072265625,31.628267288208008,2760.169921875
2018-12-03,5538.85986328125,248.4054718017578,32.32655334472656,2790.3701171875
2018-12-04,5359.91015625,240.3565216064453,31.10220718383789,2700.06005859375
2018-12-06,5353.43017578125,239.99197387695312,31.172042846679688,2695.949951171875
2018-12-07,5229.43994140625,234.41551208496094,30.07338523864746,2633.080078125
2018-12-10,5238.7001953125,234.86021423339844,30.487703323364258,2637.719970703125
2018-12-11,5237.10009765625,234.9134979248047,30.524948120117188,2636.780029296875
2018-12-12,5265.52978515625,236.096435546875,30.762367248535156,2651.070068359375
2018-12-13,5265.4599609375,236.016357421875,30.813581466674805,2650.5400390625
2018-12-14,5165.60009765625,231.6584014892578,30.059417724609375,2599.949951171875
2018-12-17,5058.580078125,227.11361694335938,29.421634674072266,2545.93994140625
2018-12-18,5059.33984375,226.86459350585938,29.654403686523438,2546.159912109375
2018-12-19,4981.919921875,223.4670867919922,29.067832946777344,2506.9599609375
2018-12-20,4903.4599609375,219.82957458496094,28.54643440246582,2467.419921875
2018-12-21,4802.509765625,215.3253173828125,27.679122924804688,2416.6201171875
2018-12-24,4672.66015625,209.63584899902344,26.940387725830078,2351.10009765625
2018-12-26,4904.490234375,220.22763061523438,28.56747817993164,2467.699951171875
2018-12-27,4946.93994140625,221.91839599609375,28.773202896118164,2488.830078125
2018-12-28,4941.60986328125,221.63211059570312,28.707744598388672,2485.739990234375
2018-12-31,4984.22021484375,223.57337951660156,28.978923797607422,2506.85009765625
2019-01-02,4990.56005859375,223.805908203125,28.997621536254883,2510.030029296875
2019-01-03,4868.2998046875,218.46530151367188,27.534181594848633,2447.889892578125
2019-01-04,5035.4501953125,225.78297424316406,28.754497528076172,2531.93994140625
2019-01-07,5070.759765625,227.56320190429688,29.011653900146484,2549.68994140625
2019-01-08,5120.0400390625,229.70118713378906,29.25477409362793,2574.409912109375
2019-01-09,5142.66015625,230.77476501464844,29.63349723815918,2584.9599609375
2019-01-10,5165.89013671875,231.58885192871094,29.764413833618164,2596.639892578125
2019-01-11,5165.14990234375,231.67823791503906,29.70830535888672,2596.260009765625
2019-01-14,5138.580078125,230.2648162841797,29.43244743347168,2582.610107421875
2019-01-15,5193.77978515625,232.9038543701172,29.876623153686523,2610.300048828125
2019-01-16,5205.4501953125,233.46743774414062,29.904680252075195,2616.10009765625
2019-01-17,5245.47998046875,235.2386932373047,30.096376419067383,2635.9599609375
2019-01-18,5314.77978515625,238.36968994140625,30.554580688476562,2670.7099609375
2019-01-22,5239.75,235.14918518066406,30.040267944335938,2632.89990234375
2019-01-23,5251.2900390625,235.64126586914062,30.143129348754883,2638.699951171875
2019-01-24,5258.68994140625,235.76644897460938,30.395605087280273,2642.330078125
2019-01-25,5303.509765625,237.76145935058594,30.82575225830078,2664.760009765625
2019-01-28,5261.8798828125,235.954345703125,30.414318084716797,2643.85009765625
2019-01-29,5254.31005859375,235.64126586914062,30.087020874023438,2640.0
2019-01-30,5336.60009765625,239.37161254882812,31.022136688232422,2681.050048828125
2019-01-31,5383.6298828125,241.4739227294922,30.989391326904297,2704.10009765625
2019-02-01,5389.18994140625,241.59017944335938,31.171741485595703,2706.530029296875
2019-02-04,5425.7998046875,243.2899627685547,31.67202377319336,2724.8701171875
2019-02-05,5451.39990234375,244.30975341796875,31.93852424621582,2737.699951171875
2019-02-06,5439.7998046875,243.98770141601562,32.04607391357422,2731.610107421875
2019-02-07,5389.68994140625,241.66180419921875,31.606569290161133,2706.050048828125
2019-02-08,5395.1201171875,241.95701599121094,31.788915634155273,2707.8798828125
2019-02-11,5399.0,242.0911865234375,31.774892807006836,2709.800048828125
2019-02-12,5468.97998046875,245.20431518554688,32.195682525634766,2744.72998046875
2019-02-13,5485.97021484375,246.00047302246094,32.237762451171875,2753.030029296875
2019-02-14,5473.330078125,245.45477294921875,32.29386520385742,2745.72998046875
2019-02-15,5533.27001953125,248.12960815429688,32.551025390625,2775.60009765625
2019-02-19,5541.97998046875,248.55892944335938,32.560386657714844,2779.760009765625
2019-02-20,5552.89990234375,249.0598602294922,32.597782135009766,2784.699951171875
2019-02-21,5533.7998046875,248.17428588867188,32.61180114746094,2774.8798828125
2019-02-22,5569.4501953125,249.71298217773438,33.02793884277344,2792.669921875
2019-02-25,5577.08984375,250.05288696289062,33.1869010925293,2796.110107421875
2019-02-26,5572.740234375,249.87405395507812,33.25703430175781,2793.89990234375
2019-02-27,5570.56982421875,249.7667999267578,33.224300384521484,2792.3798828125
2019-02-28,5556.490234375,249.3015594482422,33.13079833984375,2784.489990234375
2019-03-01,5595.10986328125,250.85806274414062,33.35520935058594,2803.68994140625
2019-03-04,5573.52978515625,249.9456787109375,33.228973388671875,2792.81005859375
2019-03-05,5567.39990234375,249.6055450439453,33.13079833984375,2789.64990234375
2019-03-06,5531.33984375,248.09381103515625,32.95779800415039,2771.449951171875
2019-03-07,5487.56005859375,246.01844787597656,32.64453887939453,2748.929931640625
2019-03-08,5476.39013671875,245.52633666992188,32.639862060546875,2743.070068359375
2019-03-11,5556.77001953125,249.08676147460938,33.341182708740234,2783.300048828125
2019-03-12,5556.77001953125,250.02609252929688,33.537574768066406,2791.52001953125
2019-03-13,5612.56005859375,251.6810760498047,33.757301330566406,2810.919921875
2019-03-14,5609.58984375,251.5200653076172,33.82744598388672,2808.47998046875
2019-03-15,5637.77001953125,252.76271057128906,34.236934661865234,2822.47998046875
2019-03-18,5658.72998046875,253.6791534423828,34.38234329223633,2832.93994140625
2019-03-19,5658.14990234375,253.7420654296875,34.45270538330078,2832.570068359375
2019-03-20,5641.740234375,252.97825622558594,34.35889434814453,2824.22998046875
2019-03-21,5703.27978515625,255.83567810058594,35.221981048583984,2854.8798828125
2019-03-22,5595.5,250.91172790527344,34.3917350769043,2800.7099609375
2019-03-25,5591.22998046875,250.72303771972656,34.24162673950195,2798.360107421875
2019-03-26,5631.39013671875,252.592041015625,34.429264068603516,2818.4599609375
2019-03-27,5605.31982421875,251.2711639404297,34.23225021362305,2805.3701171875
2019-03-28,5626.31982421875,252.22352600097656,34.37295913696289,2815.43994140625
2019-03-29,5664.4599609375,253.81390380859375,34.7106819152832,2834.39990234375
2019-04-01,5730.0400390625,256.823974609375,35.1844482421875,2867.18994140625
2019-04-02,5730.35009765625,256.94976806640625,35.30640411376953,2867.239990234375
2019-04-03,5742.669921875,257.3541564941406,35.592529296875,2873.39990234375
2019-04-04,5755.9599609375,258.0369567871094,35.442420959472656,2879.389892578125
2019-04-05,5782.7001953125,259.2859802246094,35.61128616333008,2892.739990234375
2019-04-08,5788.85986328125,259.4836730957031,35.74732208251953,2895.77001953125
2019-04-09,5755.490234375,258.1538391113281,35.578453063964844,2878.199951171875
2019-04-10,5775.990234375,259.03448486328125,35.82706069946289,2888.2099609375
2019-04-11,5776.27978515625,258.96240234375,35.780147552490234,2888.320068359375
2019-04-12,5815.0400390625,260.714599609375,36.02876663208008,2907.409912109375
2019-04-15,5811.509765625,260.54388427734375,36.01469039916992,2905.580078125
2019-04-16,5814.4599609375,260.714599609375,36.19762420654297,2907.06005859375
2019-04-17,5801.830078125,260.07672119140625,36.39931869506836,2900.449951171875
2019-04-18,5811.1298828125,260.5887756347656,36.50251770019531,2905.030029296875
2019-04-22,5817.16015625,260.8134460449219,36.58693313598633,2907.969970703125
2019-04-23,5868.8798828125,263.15850830078125,36.98564910888672,2933.679931640625
2019-04-24,5856.02978515625,262.57452392578125,36.99972915649414,2927.25
2019-04-25,5853.8701171875,262.4127502441406,36.99033737182617,2926.169921875
2019-04-26,5881.47998046875,263.63470458984375,36.84961700439453,2939.8798828125
2019-04-29,5888.0498046875,264.0480651855469,36.859004974365234,2943.030029296875
2019-04-30,5893.81005859375,264.1828308105469,36.91997146606445,2945.830078125
2019-05-01,5849.64990234375,262.1971740722656,36.826168060302734,2923.72998046875
2019-05-02,5837.4599609375,261.6310729980469,36.633846282958984,2917.52001953125
2019-05-03,5894.2998046875,264.1917419433594,36.98094940185547,2945.639892578125
2019-05-06,5868.4501953125,263.10467529296875,36.69482421875,2932.469970703125
2019-05-07,5771.58984375,258.7109069824219,35.90681076049805,2884.050048828125
2019-05-08,5762.47998046875,258.3514099121094,35.86458969116211,2879.419921875
2019-05-09,5747.080078125,257.5697326660156,35.62067413330078,2870.719970703125
2019-05-10,5770.43994140625,258.8636169433594,35.733253479003906,2881.39990234375
2019-05-13,5631.41015625,252.35833740234375,34.38703536987305,2811.8701171875
2019-05-14,5677.2001953125,254.64060974121094,34.94053268432617,2834.409912109375
2019-05-15,5711.490234375,256.1321105957031,35.32048416137695,2850.9599609375
2019-05-16,5763.9501953125,258.5042724609375,35.644126892089844,2876.320068359375
2019-05-17,5730.89013671875,256.8330078125,35.358001708984375,2859.530029296875
2019-05-20,5692.2998046875,255.1348876953125,34.74351501464844,2840.22998046875
2019-05-21,5740.81005859375,257.43499755859375,35.17037582397461,2864.360107421875
2019-05-22,5724.7099609375,256.64434814453125,34.98744201660156,2856.27001953125
2019-05-23,5657.10009765625,253.50843811035156,34.37295913696289,2822.239990234375
2019-05-24,5665.60009765625,254.08351135253906,34.38234329223633,2826.06005859375
2019-05-28,5618.18017578125,251.72042846679688,34.283851623535156,2802.389892578125
2019-05-29,5579.509765625,250.03115844726562,34.08214569091797,2783.02001953125
2019-05-30,5591.97021484375,250.71408081054688,34.2932243347168,2788.860107421875
2019-05-31,5519.27001953125,247.33560180664062,33.72095489501953,2752.06005859375
2019-06-03,5504.0498046875,246.70663452148438,33.129947662353516,2744.449951171875
2019-06-04,5622.31005859375,252.0618438720703,34.236934661865234,2803.27001953125
2019-06-05,5668.89013671875,254.24525451660156,34.682552337646484,2826.14990234375
2019-06-06,5705.22021484375,255.89837646484375,35.08592987060547,2843.489990234375
2019-06-07,5765.66015625,258.45928955078125,35.73794174194336,2873.340087890625
2019-06-10,5792.56005859375,259.64532470703125,36.10380935668945,2886.72998046875
2019-06-11,5790.830078125,259.58245849609375,36.10380935668945,2885.719970703125
2019-06-12,5779.1201171875,259.1241760253906,35.90211486816406,2879.840087890625
2019-06-13,5804.52978515625,260.1934509277344,36.010005950927734,2891.639892578125
2019-06-14,5795.9599609375,259.9059143066406,35.69571304321289,2886.97998046875
2019-06-17,5801.39990234375,260.00469970703125,35.723873138427734,2889.669921875
2019-06-18,5857.9501953125,262.7272644042969,36.37118148803711,2917.75
2019-06-19,5875.4501953125,263.3203125,36.50251770019531,2926.4599609375
2019-06-20,5931.66015625,265.8360900878906,37.03724670410156,2954.179931640625
2019-06-21,5924.5400390625,265.44970703125,36.862144470214844,2950.4599609375
2019-06-24,5914.2900390625,265.1246643066406,36.9327507019043,2945.35009765625
2019-06-25,5858.1298828125,262.5243225097656,36.25490188598633,2917.3798828125
2019-06-26,5850.89990234375,262.2625427246094,36.64561080932617,2913.780029296875
2019-06-27,5874.14990234375,263.19244384765625,36.7397575378418,2924.919921875
2019-06-28,5908.25,264.546875,36.73503875732422,2941.760009765625
2019-07-01,5953.6298828125,266.94854736328125,37.31873321533203,2964.330078125
2019-07-02,5971.2900390625,267.6437683105469,37.4175910949707,2973.010009765625
2019-07-03,5982.89990234375,269.7836608886719,37.70471954345703,2995.820068359375
2019-07-05,6008.31005859375,269.4765625,37.634117126464844,2990.409912109375
2019-07-08,5979.33984375,267.9958801269531,37.34698486328125,2975.949951171875
2019-07-09,5988.47998046875,268.3299560546875,37.478790283203125,2979.6298828125
2019-07-10,6015.56005859375,269.6121520996094,37.77533721923828,2993.070068359375
2019-07-11,6029.330078125,270.2441101074219,37.91654968261719,2999.909912109375
2019-07-12,6057.77001953125,271.45391845703125,38.19428253173828,3013.77001953125
2019-07-15,6058.830078125,271.5441589355469,38.321372985839844,3014.300048828125
2019-07-16,6038.39990234375,270.66845703125,37.96363067626953,3004.0400390625
2019-07-17,5999.0498046875,268.8265686035156,37.86476516723633,2984.419921875
2019-07-18,6021.14990234375,269.8106994628906,38.1472053527832,2995.110107421875
2019-07-19,5984.2001953125,268.3118591308594,37.982460021972656,2976.610107421875
2019-07-22,6001.27978515625,268.9709777832031,38.42023468017578,2985.030029296875
2019-07-23,6042.47998046875,270.8941650390625,38.632041931152344,3005.469970703125
2019-07-24,6071.0498046875,272.16717529296875,38.95213317871094,3019.56005859375
2019-07-25,6039.1298828125,270.8670654296875,38.792083740234375,3003.669921875
2019-07-26,6083.81982421875,272.681884765625,38.87681579589844,3025.860107421875
2019-07-29,6074.009765625,272.1852722167969,38.85328674316406,3020.969970703125
2019-07-30,6058.9599609375,271.51715087890625,38.60380935668945,3013.179931640625
2019-07-31,5993.169921875,268.546630859375,38.020111083984375,2980.3798828125
2019-08-01,5939.830078125,266.2081298828125,37.827117919921875,2953.56005859375
2019-08-02,5897.10009765625,264.2037353515625,37.210472106933594,2932.050048828125
2019-08-05,5721.7998046875,256.25830078125,35.6570930480957,2844.739990234375
2019-08-06,5796.72021484375,259.85186767578125,36.25019836425781,2881.77001953125
2019-08-07,5801.31982421875,260.0052795410156,36.47615051269531,2883.97998046875
2019-08-08,5911.66015625,265.10662841796875,37.37051010131836,2938.090087890625
2019-08-09,5873.47021484375,263.3008117675781,36.94685745239258,2918.64990234375
2019-08-12,5802.14013671875,260.0955810546875,36.46201705932617,2882.699951171875
2019-08-13,5890.16015625,264.1405334472656,37.37521743774414,2926.320068359375
2019-08-14,5719.2998046875,256.33056640625,36.22666931152344,2840.60009765625
2019-08-15,5734.490234375,257.0076599121094,36.1607666015625,2847.60009765625
2019-08-16,5818.169921875,260.7998352050781,36.848026275634766,2888.679931640625
2019-08-19,5888.93017578125,263.94183349609375,37.40816879272461,2923.64990234375
2019-08-20,5842.759765625,261.9194030761719,37.21989822387695,2900.510009765625
2019-08-21,5891.18994140625,264.0503234863281,37.65765380859375,2924.429931640625
2019-08-22,5888.3701171875,263.9689636230469,37.56821823120117,2922.949951171875
2019-08-23,5735.6298828125,257.1882629394531,36.32551574707031,2847.110107421875
2019-08-26,5799.33984375,260.0323791503906,36.82917785644531,2878.3798828125
2019-08-27,5780.7900390625,259.0120849609375,36.772705078125,2869.159912109375
2019-08-28,5818.83984375,260.83599853515625,36.805660247802734,2887.93994140625
2019-08-29,5893.64990234375,264.16766357421875,37.44582748413086,2924.580078125
2019-08-30,5898.22998046875,264.0503234863281,37.43641662597656,2926.4599609375
2019-09-03,5857.9501953125,262.50634765625,36.97981262207031,2906.27001953125
2019-09-04,5921.9599609375,265.48590087890625,37.61057662963867,2937.780029296875
2019-09-05,6000.3798828125,268.8988037109375,38.39669418334961,2976.0
2019-09-06,6006.06982421875,269.1064147949219,38.36371994018555,2978.7099609375
2019-09-09,6005.990234375,269.24188232421875,38.07659149169922,2978.429931640625
2019-09-10,6008.1201171875,269.17864990234375,37.88359451293945,2979.389892578125
2019-09-11,6051.8701171875,271.0927429199219,38.27900314331055,3000.929931640625
2019-09-12,6070.22998046875,272.03173828125,38.48612976074219,3009.570068359375
2019-09-13,6067.5,271.8512268066406,38.20368576049805,3007.389892578125
2019-09-16,6048.669921875,271.0114440917969,38.10955810546875,2997.9599609375
2019-09-17,6064.31005859375,271.69775390625,38.26488494873047,3005.699951171875
2019-09-18,6066.419921875,271.8601989746094,38.26017761230469,3006.72998046875
2019-09-19,6066.89990234375,271.8421936035156,38.344905853271484,3006.7900390625
2019-09-20,6037.5,270.557861328125,37.89774703979492,2992.070068359375
2019-09-23,6036.89990234375,270.4942932128906,38.01578903198242,2991.780029296875
2019-09-24,5986.580078125,268.37176513671875,37.64748001098633,2966.60009765625
2019-09-25,6023.4599609375,269.9591979980469,38.0960693359375,2984.8701171875
2019-09-26,6009.18994140625,269.396728515625,38.13856506347656,2977.6201171875
2019-09-27,5978.10986328125,267.9454040527344,37.628597259521484,2961.7900390625
2019-09-30,6008.58984375,269.18804931640625,38.02524185180664,2976.739990234375
2019-10-01,5935.2001953125,265.98614501953125,37.67110061645508,2940.25
2019-10-02,5828.93017578125,261.28765869140625,36.96282958984375,2887.610107421875
2019-10-03,5876.85986328125,263.4283447265625,37.41611862182617,2910.6298828125
2019-10-04,5960.43017578125,266.99298095703125,38.03468322753906,2952.010009765625
2019-10-07,5933.759765625,265.8410949707031,37.8741340637207,2938.7900390625
2019-10-08,5841.56982421875,261.7139892578125,37.18001937866211,2893.06005859375
2019-10-09,5896.60009765625,264.1993103027344,37.73247528076172,2919.39990234375
2019-10-10,5934.56005859375,265.98614501953125,37.992191314697266,2938.1298828125
2019-10-11,6000.0400390625,268.74365234375,38.516319274902344,2970.27001953125
2019-10-14,5991.72021484375,268.44439697265625,38.49271011352539,2966.14990234375
2019-10-15,6051.39013671875,271.1020812988281,38.917667388916016,2995.679931640625
2019-10-16,6039.68994140625,270.6666564941406,38.64850997924805,2989.68994140625
2019-10-17,6056.83984375,271.4648742675781,38.572975158691406,2997.949951171875
2019-10-18,6033.259765625,270.2766418457031,38.204673767089844,2986.199951171875
2019-10-21,6074.89990234375,272.1088562011719,38.615474700927734,3006.719970703125
2019-10-22,6053.419921875,271.21990966796875,38.0960693359375,2995.989990234375
2019-10-23,6070.8701171875,272.00909423828125,38.129119873046875,3004.52001953125
2019-10-24,6082.5400390625,272.4535827636719,38.68631362915039,3010.2900390625
2019-10-25,6107.419921875,273.5693054199219,39.15376663208008,3022.550048828125
2019-10-28,6141.509765625,275.1112365722656,39.64957046508789,3039.419921875
2019-10-29,6136.47021484375,275.0295715332031,39.29070281982422,3036.889892578125
2019-10-30,6156.93017578125,275.87310791015625,39.531517028808594,3046.77001953125
2019-10-31,6138.72998046875,275.1383972167969,39.507904052734375,3037.56005859375
2019-11-01,6198.58984375,277.6872863769531,39.9800910949707,3066.909912109375
2019-11-04,6221.6298828125,278.8028869628906,40.18785858154297,3078.27001953125
2019-11-05,6214.27978515625,278.49456787109375,40.140647888183594,3074.6201171875
2019-11-06,6219.10009765625,278.55816650390625,40.121742248535156,3076.780029296875
2019-11-07,6238.990234375,279.5376892089844,40.4381103515625,3085.179931640625
2019-11-08,6256.10986328125,280.22705078125,40.66476821899414,3093.080078125
2019-11-11,6243.81005859375,279.6919250488281,40.68366241455078,3087.010009765625
2019-11-12,6253.91015625,280.281494140625,40.820579528808594,3091.840087890625
2019-11-13,6258.580078125,280.3721618652344,40.91030502319336,3094.0400390625
2019-11-14,6265.419921875,280.7803649902344,40.86307907104492,3096.6298828125
2019-11-15,6314.740234375,282.8121032714844,41.19361114501953,3120.4599609375
2019-11-18,6318.02001953125,283.0207214355469,41.31637954711914,3122.030029296875
2019-11-19,6314.66015625,282.9391174316406,41.39665603637695,3120.179931640625
2019-11-20,6292.169921875,281.8869934082031,41.14639663696289,3108.4599609375
2019-11-21,6282.58984375,281.4334716796875,40.938629150390625,3103.5400390625
2019-11-22,6296.33984375,282.0592956542969,40.88669204711914,3110.2900390625
2019-11-25,6344.35986328125,284.24530029296875,41.48165512084961,3133.639892578125
2019-11-26,6358.4599609375,284.889404296875,41.519432067871094,3140.52001953125
2019-11-27,6385.759765625,286.1592712402344,41.75080108642578,3153.6298828125
2019-11-29,6361.56005859375,285.09796142578125,41.62803268432617,3140.97998046875
2019-12-02,6306.8798828125,282.6761474609375,41.03307342529297,3113.8701171875
2019-12-03,6265.22021484375,280.7803649902344,40.669490814208984,3093.199951171875
2019-12-04,6305.490234375,282.5128173828125,40.83475112915039,3112.760009765625
2019-12-05,6316.68994140625,283.0207214355469,40.98585510253906,3117.429931640625
2019-12-06,6374.7001953125,285.60595703125,41.43915557861328,3145.909912109375
2019-12-09,6355.06982421875,284.70794677734375,41.221954345703125,3135.9599609375
2019-12-10,6348.31005859375,284.3903503417969,41.2549934387207,3132.52001953125
2019-12-11,6366.83984375,285.1977844238281,41.53359603881836,3141.6298828125
2019-12-12,6422.35009765625,287.6558532714844,41.97743606567383,3168.570068359375
2019-12-13,6423.93017578125,287.82818603515625,42.25602722167969,3168.800048828125
2019-12-16,6470.02978515625,289.8055419921875,42.63378143310547,3191.449951171875
2019-12-17,6472.240234375,289.86907958984375,42.53462600708008,3192.52001953125
2019-12-18,6470.0,289.8872375488281,42.529911041259766,3191.139892578125
2019-12-19,6499.259765625,291.075439453125,42.83682632446289,3205.3701171875
2019-12-20,6531.75,292.3515930175781,43.085533142089844,3221.219970703125
2019-12-23,6537.39990234375,292.7982177734375,43.208702087402344,3224.010009765625
2019-12-24,6536.580078125,292.807373046875,43.2229118347168,3223.3798828125
2019-12-26,6570.7099609375,294.36614990234375,43.5450553894043,3239.909912109375
2019-12-27,6571.02978515625,294.2931823730469,43.540313720703125,3240.02001953125
2019-12-30,6533.91015625,292.6705322265625,43.28923797607422,3221.2900390625
2019-12-31,6553.56982421875,293.3816223144531,43.42661666870117,3230.780029296875
2020-01-02,6609.2900390625,296.12530517578125,44.241424560546875,3257.85009765625
2020-01-03,6563.31982421875,293.8829345703125,43.74401092529297,3234.85009765625
2020-01-06,6586.5400390625,295.004150390625,43.848243713378906,3246.280029296875
2020-01-07,6568.740234375,294.1747131347656,43.829280853271484,3237.179931640625
2020-01-08,6601.14990234375,295.74249267578125,44.29827117919922,3253.050048828125
2020-01-09,6646.83984375,297.747802734375,44.80043411254883,3274.699951171875
2020-01-10,6627.8701171875,296.8910217285156,44.69621658325195,3265.35009765625
2020-01-13,6674.1298828125,298.93280029296875,45.255210876464844,3288.1298828125
2020-01-14,6664.66015625,298.4770202636719,45.04203796386719,3283.14990234375
2020-01-15,6677.25,299.15155029296875,45.09414291381836,3289.2900390625
2020-01-16,6733.35009765625,301.6399841308594,45.70051193237305,3316.81005859375
2020-01-17,6759.509765625,302.578857421875,46.0084342956543,3329.6201171875
2020-01-21,6741.7099609375,301.98638916015625,45.98948669433594,3320.7900390625
2020-01-22,6743.89990234375,302.0227966308594,46.15528869628906,3321.75
2020-01-23,6752.08984375,302.3691711425781,46.37320327758789,3325.5400390625
2020-01-24,6691.22021484375,299.68017578125,46.15528869628906,3295.469970703125
2020-01-27,6585.9501953125,294.87646484375,45.05624008178711,3243.6298828125
2020-01-28,6652.2998046875,297.9665832519531,45.91843032836914,3276.239990234375
2020-01-29,6646.68994140625,297.7205505371094,46.036865234375,3273.39990234375
2020-01-30,6668.52001953125,298.68670654296875,46.434791564941406,3283.659912109375
2020-01-31,6551.0,293.26312255859375,45.160465240478516,3225.52001953125
2020-02-03,6598.6298828125,295.44171142578125,45.75735855102539,3248.919921875
2020-02-04,6697.490234375,299.9446105957031,46.955902099609375,3297.590087890625
2020-02-05,6772.97998046875,303.4082946777344,47.23065185546875,3334.68994140625
2020-02-06,6796.64013671875,304.42926025390625,47.6617431640625,3345.780029296875
2020-02-07,6761.259765625,302.80670166015625,47.22590637207031,3327.7099609375
2020-02-10,6811.830078125,305.0673522949219,47.865440368652344,3352.090087890625
2020-02-11,6823.58984375,305.59600830078125,47.70438766479492,3357.75
2020-02-12,6867.919921875,307.5648498535156,48.220733642578125,3379.449951171875
2020-02-13,6858.919921875,307.2367248535156,48.092830657958984,3373.93994140625
2020-02-14,6872.68017578125,307.72900390625,48.30127716064453,3380.159912109375
2020-02-18,6853.0400390625,306.9359130859375,48.12126159667969,3370.2900390625
2020-02-19,6886.47021484375,308.4034118652344,48.694461822509766,3386.14990234375
2020-02-20,6860.52001953125,307.1365661621094,48.18758773803711,3373.22998046875
2020-02-21,6788.60009765625,303.9734802246094,47.10748291015625,3337.75
2020-02-24,6561.93994140625,293.89202880859375,45.160465240478516,3225.889892578125
2020-02-25,6363.3701171875,284.9864807128906,43.7155876159668,3128.2099609375
2020-02-26,6339.3798828125,283.9383239746094,43.914546966552734,3116.389892578125
2020-02-27,6060.669921875,271.1861267089844,41.545928955078125,2978.760009765625
2020-02-28,6011.72998046875,270.0467834472656,41.86332321166992,2954.219970703125
2020-03-02,6288.64013671875,281.741455078125,44.284061431884766,3090.22998046875
2020-03-03,6112.06982421875,273.674560546875,42.602325439453125,3003.3701171875
2020-03-04,6370.35009765625,285.1778869628906,44.43091583251953,3130.1201171875
2020-03-05,6155.580078125,275.6981201171875,43.02869415283203,3023.93994140625
2020-03-06,6050.7998046875,271.140625,42.11913299560547,2972.3701171875
2020-03-09,5591.740234375,249.9660186767578,38.92147445678711,2746.56005859375
2020-03-10,5868.10986328125,262.9004211425781,41.517494201660156,2882.22998046875
2020-03-11,5581.759765625,250.08444213867188,39.5562629699707,2741.3798828125
2020-03-12,5051.97021484375,226.15708923339844,35.69537353515625,2480.639892578125
2020-03-13,5522.85009765625,245.49041748046875,39.88313293457031,2711.02001953125
2020-03-16,4861.22021484375,218.62789916992188,34.37368392944336,2386.1298828125
2020-03-17,5152.830078125,230.4320831298828,36.71389389038086,2529.18994140625
2020-03-18,4885.77978515625,218.76467895507812,35.330604553222656,2398.10009765625
2020-03-19,4909.1298828125,219.22952270507812,35.458518981933594,2409.389892578125
2020-03-20,4697.08984375,209.781982421875,33.8336296081543,2304.919921875
2020-03-23,4559.5,204.41824340820312,33.52457809448242,2237.39990234375
2020-03-24,4987.7998046875,222.939208984375,36.95799255371094,2447.330078125
2020-03-25,5045.35009765625,226.27664184570312,36.91037368774414,2475.56005859375
2020-03-26,5360.490234375,239.48887634277344,39.19613265991211,2630.070068359375
2020-03-27,5179.919921875,232.35556030273438,37.42465591430664,2541.469970703125
2020-03-30,5354.39013671875,239.90147399902344,39.00090408325195,2626.64990234375
2020-03-31,5269.2001953125,236.3256378173828,38.272308349609375,2584.590087890625
2020-04-01,5036.64013671875,225.68984985351562,36.44845962524414,2470.5
2020-04-02,5152.47021484375,230.89773559570312,37.30085754394531,2526.89990234375
2020-04-03,5075.16015625,227.56028747558594,36.72465133666992,2488.64990234375
2020-04-06,5432.169921875,242.84469604492188,39.858055114746094,2663.679931640625
2020-04-07,5423.52001953125,243.09222412109375,39.50090408325195,2659.409912109375
2020-04-08,5609.5498046875,251.25242614746094,40.562843322753906,2749.97998046875
2020-04-09,5691.5400390625,255.0758514404297,40.57234573364258,2789.820068359375
2020-04-13,5634.14990234375,252.7470245361328,40.662837982177734,2761.6298828125
2020-04-14,5807.10009765625,260.20123291015625,42.367637634277344,2846.06005859375
2020-04-15,5679.52978515625,254.67245483398438,41.443809509277344,2783.360107421875
2020-04-16,5712.60009765625,255.9010009765625,41.94857406616211,2799.550048828125
2020-04-17,5865.89990234375,262.81427001953125,42.505733489990234,2874.56005859375
2020-04-20,5761.0,258.1840515136719,41.824764251708984,2823.159912109375
2020-04-21,5584.43994140625,250.3447265625,40.072349548339844,2736.56005859375
2020-04-22,5712.64990234375,255.9010009765625,41.615238189697266,2799.31005859375
2020-04-23,5710.0400390625,255.8826446533203,41.329524993896484,2797.800048828125
2020-04-24,5789.64990234375,259.4493408203125,42.205718994140625,2836.739990234375
2020-04-27,5874.93994140625,263.190185546875,42.56763458251953,2878.47998046875
2020-04-28,5844.18017578125,261.97998046875,42.00096130371094,2863.389892578125
2020-04-29,5999.740234375,268.83807373046875,43.72481155395508,2939.510009765625
2020-04-30,5944.68017578125,266.33514404296875,43.529579162597656,2912.429931640625
2020-05-01,5778.52978515625,259.2843322753906,42.33430480957031,2830.7099609375
2020-05-04,5803.1201171875,259.9994201660156,42.89621353149414,2842.739990234375
2020-05-05,5855.580078125,262.4017333984375,43.4867057800293,2868.43994140625
2020-05-06,5815.169921875,260.6229553222656,43.824798583984375,2848.419921875
2020-05-07,5884.14013671875,263.7677917480469,44.48197555541992,2881.18994140625
2020-05-08,5984.5498046875,268.1321716308594,45.134368896484375,2929.800048828125
2020-05-11,5985.66015625,268.18731689453125,45.43437957763672,2930.18994140625
2020-05-12,5863.68017578125,262.84173583984375,44.49626159667969,2870.1201171875
2020-05-13,5761.7001953125,258.19317626953125,43.72957229614258,2820.0
2020-05-14,5829.330078125,261.2831726074219,44.2867317199707,2852.5
2020-05-15,5852.83984375,262.4842224121094,44.51054382324219,2863.699951171875
2020-05-18,6037.89990234375,270.4794616699219,45.60103988647461,2953.909912109375
2020-05-19,5975.14990234375,267.7012939453125,45.43437957763672,2922.93994140625
2020-05-20,6075.759765625,272.2489929199219,46.42963790893555,2971.610107421875
2020-05-21,6028.93017578125,270.3693542480469,45.78199768066406,2948.510009765625
2020-05-22,6044.16015625,270.88287353515625,45.948665618896484,2955.449951171875
2020-05-26,6118.5400390625,274.22021484375,45.90105438232422,2991.77001953125
2020-05-27,6209.3798828125,278.3002624511719,46.1629638671875,3036.1298828125
2020-05-28,6197.02001953125,277.7868957519531,46.072486877441406,3029.72998046875
2020-05-29,6227.81005859375,279.0247802734375,46.65345001220703,3044.31005859375
2020-06-01,6251.47998046875,280.1524963378906,46.63916015625,3055.72998046875
2020-06-02,6303.0,282.4721374511719,47.0772705078125,3080.820068359375
2020-06-03,6389.669921875,286.2313537597656,47.44395065307617,3122.8701171875
2020-06-04,6369.5400390625,285.4795837402344,47.05345916748047,3112.35009765625
2020-06-05,6536.580078125,292.796142578125,48.29158020019531,3193.929931640625
2020-06-08,6615.39990234375,296.33544921875,48.53444290161133,3232.389892578125
2020-06-09,6564.27001953125,294.125732421875,48.763023376464844,3207.179931640625
2020-06-10,6529.419921875,292.4844970703125,49.577335357666016,3190.139892578125
2020-06-11,6145.2998046875,275.6231384277344,46.734405517578125,3002.10009765625
2020-06-12,6227.419921875,278.92388916015625,47.33917999267578,3041.31005859375
2020-06-15,6279.39990234375,281.52777099609375,47.79633331298828,3066.590087890625
2020-06-16,6398.580078125,286.9466247558594,48.815406799316406,3124.739990234375
2020-06-17,6375.5400390625,285.7546081542969,48.805877685546875,3113.489990234375
2020-06-18,6379.56005859375,285.86468505859375,49.024932861328125,3115.340087890625
2020-06-19,6344.7001953125,284.2309265136719,48.68682861328125,3097.739990234375
2020-06-22,6385.91015625,286.05438232421875,49.604129791259766,3117.860107421875
2020-06-23,6413.43994140625,287.37127685546875,49.96226501464844,3131.2900390625
2020-06-24,6247.66015625,280.0408020019531,48.83533477783203,3050.330078125
2020-06-25,6316.4501953125,283.04296875,49.460880279541016,3083.760009765625
2020-06-26,6163.5,276.3201904296875,48.48674774169922,3009.050048828125
2020-06-29,6254.77978515625,280.3814697265625,49.016788482666016,3053.239990234375
2020-06-30,6351.669921875,283.97308349609375,49.89541244506836,3100.2900390625
2020-07-01,6383.759765625,285.96221923828125,49.97659683227539,3115.860107421875
2020-07-02,6414.16015625,287.5370178222656,50.26787567138672,3130.010009765625
2020-07-06,6516.0498046875,291.975830078125,51.1464958190918,3179.719970703125
2020-07-07,6445.58984375,288.9645080566406,50.61168670654297,3145.320068359375
2020-07-08,6496.14013671875,291.1746520996094,51.43779373168945,3169.93994140625
2020-07-09,6461.31005859375,289.5169982910156,51.62401580810547,3152.050048828125
2020-07-10,6528.9599609375,292.47314453125,51.60969543457031,3185.0400390625
2020-07-13,6467.83984375,289.9405822753906,50.54005813598633,3155.219970703125
2020-07-14,6555.39990234375,293.6979675292969,51.122623443603516,3197.52001953125
2020-07-15,6615.06982421875,296.396240234375,51.39958190917969,3226.56005859375
2020-07-16,6592.75,295.4200439453125,50.764488220214844,3215.570068359375
2020-07-17,6611.85986328125,296.2765197753906,51.01279830932617,3224.72998046875
2020-07-20,6667.4501953125,298.67083740234375,52.316410064697266,3251.840087890625
2020-07-21,6678.740234375,299.30633544921875,51.7911376953125,3257.300048828125
2020-07-22,6717.2900390625,301.0100402832031,52.206581115722656,3276.02001953125
2020-07-23,6635.0400390625,297.41845703125,50.85044479370117,3235.659912109375
2020-07-24,6594.10009765625,295.5029296875,50.23445129394531,3215.6298828125
2020-07-27,6642.89013671875,297.6578369140625,51.02711868286133,3239.409912109375
2020-07-28,6599.97021484375,295.77001953125,50.43022918701172,3218.43994140625
2020-07-29,6682.009765625,299.4076232910156,51.16081619262695,3258.43994140625
2020-07-30,6658.02001953125,298.33941650390625,51.447330474853516,3246.219970703125
2020-07-31,6709.81005859375,300.69677734375,52.731849670410156,3271.1201171875
2020-08-03,6758.2001953125,302.7873840332031,54.030677795410156,3294.610107421875
2020-08-04,6782.60009765625,303.9569396972656,54.16915512084961,3306.510009765625
2020-08-05,6826.22021484375,305.84478759765625,54.36971664428711,3327.77001953125
2020-08-06,6870.85986328125,307.88922119140625,55.13373565673828,3349.159912109375
2020-08-07,6876.64990234375,308.11029052734375,54.312416076660156,3351.280029296875
2020-08-10,6895.58984375,309.0312194824219,54.15961456298828,3360.469970703125
2020-08-11,6840.669921875,306.4802551269531,53.185489654541016,3333.68994140625
2020-08-12,6937.43994140625,310.75323486328125,54.39359664916992,3380.35009765625
2020-08-13,6924.9599609375,310.1914367675781,54.4174690246582,3373.429931640625
2020-08-14,6924.27978515625,310.20074462890625,54.379268646240234,3372.85009765625
2020-08-17,6943.22021484375,311.18609619140625,54.742183685302734,3381.989990234375
2020-08-18,6960.2998046875,311.8583679199219,54.947513580322266,3389.780029296875
2020-08-19,6930.7998046875,310.559814453125,54.88066101074219,3374.85009765625
2020-08-20,6952.919921875,311.5268249511719,55.61125564575195,3385.510009765625
2020-08-21,6977.27001953125,312.6319274902344,56.31796646118164,3397.159912109375
2020-08-24,7048.169921875,315.7998962402344,56.80503845214844,3431.280029296875
2020-08-25,7073.60009765625,316.9049987792969,57.09154510498047,3443.6201171875
2020-08-26,7145.77001953125,320.0821228027344,58.25190353393555,3478.72998046875
2020-08-27,7158.18017578125,320.7821044921875,58.29964828491211,3484.550048828125
2020-08-28,7207.10009765625,322.8540954589844,58.81058883666992,3508.010009765625
2020-08-31,7192.10986328125,321.6846008300781,58.99683380126953,3500.31005859375
2020-09-01,7246.3701171875,324.71429443359375,60.12376403808594,3526.64990234375
2020-09-02,7358.490234375,329.4109802246094,60.65857696533203,3580.840087890625
2020-09-03,7101.3798828125,318.07452392578125,57.20138168334961,3455.06005859375
2020-09-04,7043.6201171875,315.4776306152344,56.4039306640625,3426.9599609375
2020-09-08,6848.419921875,306.8577575683594,53.8540153503418,3331.840087890625
2020-09-09,6986.759765625,312.9175109863281,55.61125564575195,3398.9599609375
2020-09-10,6864.22998046875,307.4840393066406,54.35540008544922,3339.18994140625
2020-09-11,6868.22021484375,307.6405944824219,53.93995666503906,3340.969970703125
2020-09-14,6957.91015625,311.6925048828125,55.071659088134766,3383.5400390625
2020-09-15,6994.330078125,313.2673645019531,55.61604309082031,3401.199951171875
2020-09-16,6962.2900390625,312.0241394042969,54.756507873535156,3385.489990234375
2020-09-17,6903.81982421875,309.2798156738281,54.302860260009766,3357.010009765625
2020-09-18,6826.72021484375,305.7191467285156,53.366939544677734,3319.469970703125
2020-09-21,6748.080078125,302.316650390625,53.810577392578125,3281.06005859375
2020-09-22,6819.080078125,305.39556884765625,54.66243362426758,3315.570068359375
2020-09-23,6657.81982421875,298.3131103515625,52.95872116088867,3236.919921875
2020-09-24,6678.0400390625,299.1082458496094,53.255435943603516,3246.590087890625
2020-09-25,6784.9501953125,303.9439392089844,54.52842712402344,3298.4599609375
2020-09-28,6894.27001953125,308.99224853515625,55.571720123291016,3351.60009765625
2020-09-29,6861.9599609375,307.3094177246094,55.385066986083984,3335.469970703125
2020-09-30,6918.830078125,309.6395263671875,55.849281311035156,3363.0
2020-10-01,6956.2001953125,311.62738037109375,56.43793869018555,3380.800048828125
2020-10-02,6889.60009765625,308.6685791015625,55.00700759887695,3348.419921875
2020-10-05,7014.169921875,314.1423034667969,56.2130012512207,3408.60009765625
2020-10-06,6916.43017578125,309.6763916015625,55.34200668334961,3360.969970703125
2020-10-07,7036.89013671875,315.0668640136719,56.35658645629883,3419.43994140625
2020-10-08,7095.39990234375,317.8590393066406,56.64850616455078,3446.830078125
2020-10-09,7157.93994140625,320.69769287109375,57.51472473144531,3477.139892578125
2020-10-12,7275.43017578125,325.85699462890625,59.084434509277344,3534.219970703125
2020-10-13,7229.5498046875,323.73040771484375,58.706363677978516,3511.929931640625
2020-10-14,7182.3798828125,321.6963195800781,58.39527893066406,3488.669921875
2020-10-15,7171.60986328125,321.2986755371094,58.132083892822266,3483.340087890625
2020-10-16,7172.7001953125,321.1044616699219,57.96457290649414,3483.81005859375
2020-10-19,7055.580078125,316.22265625,56.90214920043945,3426.919921875
2020-10-20,7089.06005859375,317.4893493652344,57.098350524902344,3443.1201171875
2020-10-21,7073.64990234375,316.8883361816406,57.0122184753418,3435.56005859375
2020-10-22,7111.169921875,318.6265563964844,56.74421691894531,3453.489990234375
2020-10-23,7135.81005859375,319.70843505859375,56.682003021240234,3465.389892578125
2020-10-26,7003.2099609375,313.8001403808594,55.45207595825195,3400.969970703125
2020-10-27,6982.14013671875,312.71832275390625,55.72964096069336,3390.679931640625
2020-10-28,6735.75,302.0299987792969,53.36549758911133,3271.030029296875
2020-10-29,6816.7900390625,305.0997314453125,54.255645751953125,3310.110107421875
2020-10-30,6734.83984375,301.9190979003906,53.0544319152832,3269.9599609375
2020-11-02,6817.89013671875,305.30316162109375,53.18843078613281,3310.239990234375
2020-11-03,6939.2998046875,310.6934814453125,54.12643051147461,3369.159912109375
2020-11-04,7092.2998046875,317.6373596191406,56.23213577270508,3443.43994140625
2020-11-05,7231.669921875,323.8320617675781,57.97893524169922,3510.449951171875
2020-11-06,7230.509765625,323.7581481933594,58.18472671508789,3509.43994140625
2020-11-09,7315.77001953125,327.8262939453125,57.76357650756836,3550.5
2020-11-10,7306.75,327.3456115722656,56.6867790222168,3545.530029296875
2020-11-11,7362.64990234375,329.77728271484375,58.031585693359375,3572.659912109375
2020-11-12,7290.68994140625,326.578125,57.51472473144531,3537.010009765625
2020-11-13,7390.60986328125,331.09942626953125,58.002864837646484,3585.14990234375
2020-11-16,7476.7900390625,335.23236083984375,58.56279373168945,3626.909912109375
2020-11-17,7442.0400390625,333.4294128417969,58.23736572265625,3609.530029296875
2020-11-18,7357.33984375,329.4166564941406,57.61521911621094,3567.7900390625
2020-11-19,7386.85986328125,330.8034973144531,58.079429626464844,3581.8701171875
2020-11-20,7336.759765625,328.5382995605469,57.4812126159668,3557.5400390625
2020-11-23,7378.93994140625,330.5077209472656,57.46686935424805,3577.590087890625
2020-11-24,7498.2900390625,335.8334655761719,58.26607894897461,3635.409912109375
2020-11-25,7486.68017578125,335.31561279296875,58.39051055908203,3629.64990234375
2020-11-27,7505.3798828125,336.2494812011719,58.70158004760742,3638.35009765625
2020-11-30,7472.06005859375,334.7608642578125,59.093997955322266,3621.6298828125
2020-12-01,7556.509765625,338.42230224609375,59.85015106201172,3662.449951171875
2020-12-02,7570.759765625,339.1341247558594,59.759220123291016,3669.010009765625
2020-12-03,7567.43994140625,339.0417785644531,59.72093963623047,3666.719970703125
2020-12-04,7634.77001953125,341.9635314941406,60.31915283203125,3699.1201171875
2020-12-07,7620.0,341.26080322265625,60.49143600463867,3691.9599609375
2020-12-08,7641.43017578125,342.2594299316406,60.687644958496094,3702.25
2020-12-09,7581.06005859375,339.18975830078125,59.524715423583984,3672.820068359375
2020-12-10,7571.8701171875,339.0788879394531,59.610862731933594,3668.10009765625
2020-12-11,7562.4599609375,338.68115234375,59.48643112182617,3663.4599609375
2020-12-14,7530.8701171875,337.164794921875,59.7017936706543,3647.489990234375
2020-12-15,7628.27978515625,341.7231750488281,60.69721984863281,3694.6201171875
2020-12-16,7641.81982421875,342.2594299316406,61.108787536621094,3701.169921875
2020-12-17,7686.18017578125,344.17327880859375,61.59214401245117,3722.47998046875
2020-12-18,7659.75,342.79901123046875,61.37678527832031,3709.409912109375
2020-12-21,7630.06982421875,341.5733947753906,61.43818664550781,3694.919921875
2020-12-22,7614.830078125,340.9976806640625,61.97064971923828,3687.260009765625
2020-12-23,7620.6298828125,341.30413818359375,61.500553131103516,3690.010009765625
2020-12-24,7648.39013671875,342.6319274902344,61.908287048339844,3703.06005859375
2020-12-28,7715.10009765625,345.575439453125,62.608619689941406,3735.360107421875
2020-12-29,7697.93017578125,344.9161682128906,62.31121826171875,3727.0400390625
2020-12-30,7709.10009765625,345.4082946777344,62.27764129638672,3732.0400390625
2020-12-31,7759.35009765625,347.1632385253906,62.36878204345703,3756.070068359375
2021-01-04,7645.27001953125,342.4369201660156,61.35184860229492,3700.64990234375
2021-01-05,7700.33984375,344.7954406738281,61.74999237060547,3726.860107421875
2021-01-06,7744.43017578125,346.8567810058594,60.685081481933594,3748.139892578125
2021-01-07,7861.10009765625,352.01019287109375,62.320804595947266,3803.7900390625
2021-01-08,7905.27978515625,354.0158386230469,62.7237434387207,3824.679931640625
2021-01-11,7853.4501953125,351.6294860839844,62.2056884765625,3799.610107421875
2021-01-12,7856.72021484375,351.7037658691406,61.908287048339844,3801.18994140625
2021-01-13,7874.75,352.65093994140625,62.3016242980957,3809.840087890625
2021-01-14,7846.10009765625,351.4159240722656,61.75478744506836,3795.5400390625
2021-01-15,7789.7900390625,348.8531799316406,61.1215934753418,3768.25
2021-01-19,7853.47021484375,351.5923767089844,61.917869567871094,3798.909912109375
2021-01-20,7962.919921875,356.4578552246094,63.14588165283203,3851.85009765625
2021-01-21,7966.10986328125,356.7829284667969,63.96133041381836,3853.070068359375
2021-01-22,7942.2001953125,355.5201110839844,63.71670913696289,3841.469970703125
2021-01-25,7970.919921875,356.92218017578125,64.24915313720703,3855.360107421875
2021-01-26,7959.10009765625,356.364990234375,64.29232025146484,3849.6201171875
2021-01-27,7754.740234375,347.6553649902344,63.0787239074707,3750.77001953125
2021-01-28,7831.22021484375,350.6452331542969,63.337745666503906,3787.3798828125
2021-01-29,7681.009765625,343.62548828125,61.84592056274414,3714.239990234375
2021-02-01,7804.31005859375,349.34527587890625,63.395301818847656,3773.860107421875
2021-02-02,7912.8701171875,354.28509521484375,64.25395965576172,3826.31005859375
2021-02-03,7920.85009765625,354.5636901855469,64.0333023071289,3830.169921875
2021-02-04,8007.6201171875,358.5935974121094,65.05500030517578,3871.739990234375
2021-02-05,8039.669921875,360.0049133300781,64.9111099243164,3886.830078125
2021-02-08,8099.330078125,362.6048583984375,65.5922622680664,3915.590087890625
2021-02-09,8091.7001953125,362.3634033203125,65.51551818847656,3911.22998046875
2021-02-10,8089.10986328125,362.20550537109375,65.41959381103516,3909.8798828125
2021-02-11,8104.18994140625,362.7905578613281,66.13910675048828,3916.3798828125
2021-02-12,8142.7900390625,364.5826110839844,66.47967529296875,3934.830078125
2021-02-16,8139.16015625,364.26690673828125,66.26383209228516,3932.590087890625
2021-02-17,8137.8798828125,364.3505859375,65.6786117553711,3931.330078125
2021-02-18,8102.240234375,362.7998352050781,65.35723876953125,3913.969970703125
2021-02-19,8087.68017578125,362.1591491699219,65.26129913330078,3906.7099609375
2021-02-22,8025.81005859375,359.3735656738281,63.822227478027344,3876.5
2021-02-23,8036.06005859375,359.8099670410156,63.64472579956055,3881.3701171875
2021-02-24,8127.3798828125,363.77484130859375,64.61853790283203,3925.429931640625
2021-02-25,7929.56005859375,355.0093688964844,62.359188079833984,3829.340087890625
2021-02-26,7892.81005859375,353.1801452636719,62.69017791748047,3811.14990234375
2021-03-01,8080.77978515625,361.7413330078125,64.70964050292969,3901.820068359375
2021-03-02,8015.5400390625,358.9186096191406,63.68311309814453,3870.2900390625
2021-03-03,7911.2099609375,354.1644287109375,62.080970764160156,3819.719970703125
2021-03-04,7806.4501953125,349.78173828125,60.70907211303711,3768.469970703125
2021-03-05,7958.97998046875,356.21649169921875,61.855506896972656,3841.93994140625
2021-03-08,7916.41015625,354.4429931640625,60.35889434814453,3821.35009765625
2021-03-09,8029.2001953125,359.50360107421875,62.41194152832031,3875.43994140625
2021-03-10,8078.0498046875,361.7413330078125,62.162506103515625,3898.81005859375
2021-03-11,8162.580078125,365.4090576171875,63.49125671386719,3939.340087890625
2021-03-12,8172.89990234375,365.9012145996094,63.03554153442383,3943.340087890625
2021-03-15,8226.3203125,368.0832214355469,63.70710372924805,3968.93994140625
2021-03-16,8213.6298828125,367.61895751953125,64.18679809570312,3962.7099609375
2021-03-17,8237.349609375,368.8725280761719,64.13402557373047,3974.1201171875
2021-03-18,8116.169921875,363.50555419921875,62.35439682006836,3915.4599609375
2021-03-19,8112.1298828125,362.83294677734375,62.16730880737305,3913.10009765625
2021-03-22,8169.14013671875,365.7301940917969,63.389732360839844,3940.590087890625
2021-03-23,8106.830078125,362.8515319824219,62.99554443359375,3910.52001953125
2021-03-24,8063.0,361.0070495605469,62.23124313354492,3889.139892578125
2021-03-25,8105.509765625,363.03790283203125,62.19279098510742,3909.52001953125
2021-03-26,8240.3798828125,368.8882751464844,63.774288177490234,3974.5400390625
2021-03-29,8233.240234375,368.7018737792969,63.442596435546875,3971.090087890625
2021-03-30,8208.099609375,367.7237243652344,62.84172058105469,3958.550048828125
2021-03-31,8238.48046875,369.2142639160156,63.84159469604492,3972.889892578125
2021-04-01,8335.91015625,373.2013854980469,65.12503814697266,4019.8701171875
2021-04-05,8457.400390625,378.55804443359375,66.47102355957031,4077.909912109375
2021-04-06,8449.5400390625,378.3344421386719,66.1873779296875,4073.93994140625
2021-04-07,8462.1796875,378.7723083496094,66.53831481933594,4079.949951171875
2021-04-08,8499.849609375,380.57025146484375,67.49970245361328,4097.169921875
2021-04-09,8565.5703125,383.3371276855469,68.14863586425781,4128.7998046875
2021-04-12,8564.0302734375,383.476806640625,67.82176971435547,4127.990234375
2021-04-13,8592.25,384.6133728027344,68.46110534667969,4141.58984375
2021-04-14,8558.16015625,383.2998046875,67.73524475097656,4124.66015625
2021-04-15,8653.2900390625,387.4173583984375,68.89852905273438,4170.419921875
2021-04-16,8684.509765625,388.7123718261719,68.88410949707031,4185.47021484375
2021-04-19,8638.419921875,386.8025817871094,68.31206512451172,4163.259765625
2021-04-20,8579.9501953125,383.9706115722656,67.7063980102539,4134.93994140625
2021-04-21,8659.7998046875,387.6037292480469,68.38899993896484,4173.419921875
2021-04-22,8580.73046875,384.06365966796875,67.58621978759766,4134.97998046875
2021-04-23,8674.7998046875,388.2279052734375,68.595703125,4180.169921875
2021-04-26,8690.259765625,389.03826904296875,68.94660949707031,4187.6201171875
2021-04-27,8688.4501953125,388.9545593261719,68.77836608886719,4186.72021484375
2021-04-28,8681.169921875,388.84271240234375,68.1390380859375,4183.18017578125
2021-04-29,8740.349609375,391.32073974609375,68.08134460449219,4211.47021484375
2021-04-30,8678.16015625,388.74957275390625,67.15361785888672,4181.169921875
2021-05-03,8702.01953125,389.5880432128906,66.96614074707031,4192.66015625
2021-05-04,8643.91015625,387.18450927734375,65.76436614990234,4164.66015625
2021-05-05,8650.0400390625,387.3056945800781,65.6057357788086,4167.58984375
2021-05-06,8722.0400390625,390.3985595703125,66.26431274414062,4201.6201171875
2021-05-07,8787.8203125,393.2398376464844,66.83152770996094,4232.60009765625
2021-05-10,8696.2900390625,389.3457336425781,65.14429473876953,4188.43017578125
2021-05-11,8620.98046875,385.8709716796875,64.94719696044922,4152.10009765625
2021-05-12,8437.240234375,377.6730651855469,63.12055206298828,4063.0400390625
2021-05-13,8541.3896484375,382.2098693847656,63.95695114135742,4112.5
2021-05-14,8669.490234375,388.078857421875,65.36540985107422,4173.85009765625
2021-05-17,8647.5703125,387.0913391113281,64.88471221923828,4163.2900390625
2021-05-18,8574.98046875,383.75634765625,64.36554718017578,4127.830078125
2021-05-19,8550.9501953125,382.75018310546875,64.59146881103516,4115.68017578125
2021-05-20,8641.98046875,386.86773681640625,65.82685089111328,4159.1201171875
2021-05-21,8635.5498046875,386.551025390625,65.4663314819336,4155.85986328125
2021-05-24,8722.0,390.4916687011719,66.62964630126953,4197.0498046875
2021-05-25,8703.58984375,389.6252136230469,66.64886474609375,4188.1298828125
2021-05-26,8720.0400390625,390.3985595703125,66.64405059814453,4195.990234375
2021-05-27,8730.9697265625,390.60345458984375,66.29313659667969,4200.8798828125
2021-05-28,8738.76953125,391.3021240234375,66.52867889404297,4204.10986328125
2021-06-01,8734.740234375,390.9574279785156,66.20182037353516,4202.0400390625
2021-06-02,8748.2998046875,391.5722961425781,66.65848541259766,4208.1201171875
2021-06-03,8717.9697265625,390.1190490722656,66.03839111328125,4192.85009765625
2021-06-04,8795.080078125,393.68701171875,67.30741882324219,4229.89013671875
2021-06-07,8788.2802734375,393.30499267578125,67.29299926757812,4226.52001953125
2021-06-08,8790.0,393.388916015625,67.29782104492188,4227.259765625
2021-06-09,8774.3095703125,392.8019714355469,67.34587097167969,4219.5498046875
2021-06-10,8815.5595703125,394.6278381347656,67.84099578857422,4239.18017578125
2021-06-11,8832.9404296875,395.27996826171875,68.24478912353516,4247.43994140625
2021-06-14,8851.169921875,396.1650085449219,68.93701171875,4255.14990234375
2021-06-15,8833.6796875,395.4383850097656,68.51397705078125,4246.58984375
2021-06-16,8786.1796875,393.23046875,68.14383697509766,4223.7001953125
2021-06-17,8782.580078125,393.1000671386719,68.93219757080078,4221.85986328125
2021-06-18,8667.759765625,387.7970275878906,68.30247497558594,4166.4501953125
2021-06-21,8789.51953125,393.3486328125,69.03446960449219,4224.7900390625
2021-06-22,8834.5595703125,395.4515686035156,69.66051483154297,4246.43994140625
2021-06-23,8825.009765625,394.9750061035156,69.58348083496094,4241.83984375
2021-06-24,8877.0595703125,397.3114929199219,70.02169036865234,4266.490234375
2021-06-25,8906.7900390625,398.72283935546875,69.9398422241211,4280.7001953125
2021-06-28,8927.400390625,399.526611328125,70.67184448242188,4290.60986328125
2021-06-29,8930.669921875,399.7415466308594,71.18712615966797,4291.7998046875
2021-06-30,8942.7802734375,400.07806396484375,71.1100845336914,4297.5
2021-07-01,8990.080078125,402.2930603027344,71.23048400878906,4319.93994140625
2021-07-02,9058.66015625,405.3680114746094,72.16956329345703,4352.33984375
2021-07-06,9040.759765625,404.6296691894531,72.44404602050781,4343.5400390625
2021-07-07,9071.1396484375,406.0597229003906,72.83895111083984,4358.1298828125
2021-07-08,8995.259765625,402.7511291503906,72.15026092529297,4320.81982421875
2021-07-09,9096.83984375,407.05035400390625,72.81486511230469,4369.5498046875
2021-07-12,9128.2197265625,408.5084228515625,72.87266540527344,4384.6298828125
2021-07-13,9096.150390625,407.1158142089844,73.17124938964844,4369.2099609375
2021-07-14,9107.849609375,407.7232360839844,73.7105941772461,4374.2998046875
2021-07-15,9078.330078125,406.33074951171875,73.10381317138672,4360.02978515625
2021-07-16,9009.8896484375,403.14361572265625,72.38142395019531,4327.16015625
2021-07-19,8867.0703125,397.1900329589844,71.38458251953125,4258.490234375
2021-07-20,9001.76953125,402.88189697265625,72.44404602050781,4323.06005859375
2021-07-21,9075.9697265625,406.1437072753906,73.14234924316406,4358.68994140625
2021-07-22,9094.9501953125,406.9942932128906,73.68171691894531,4367.47998046875
2021-07-23,9187.6396484375,411.1814880371094,74.41371154785156,4411.7900390625
2021-07-26,9209.6298828125,412.1908264160156,74.37520599365234,4422.2998046875
2021-07-27,9166.26953125,410.312255859375,73.67208862304688,4401.4599609375
2021-07-28,9164.6201171875,410.1439514160156,73.58060455322266,4400.64013671875
2021-07-29,9204.25,411.844970703125,73.92250061035156,4419.14990234375
2021-07-30,9155.2099609375,409.8450012207031,73.87432861328125,4395.259765625
2021-08-02,9138.3603515625,408.9850158691406,73.60948944091797,4387.16015625
2021-08-03,9213.349609375,412.3123779296875,74.08142852783203,4423.14990234375
2021-08-04,9170.759765625,410.28424072265625,74.2307357788086,4402.66015625
2021-08-05,9226.490234375,412.88250732421875,74.64006805419922,4429.10009765625
2021-08-06,9243.0302734375,413.56475830078125,74.57745361328125,4436.52001953125
2021-08-09,9235.0498046875,413.2282409667969,74.33668518066406,4432.35009765625
2021-08-10,9244.2197265625,413.7423400878906,73.8021011352539,4436.75
2021-08-11,9267.400390625,414.7704162597656,73.81173706054688,4442.41015625
2021-08-12,9297.2001953125,416.01348876953125,74.23551940917969,4460.830078125
2021-08-13,9312.509765625,416.7705993652344,74.64006805419922,4468.0
2021-08-16,9337.1796875,417.7518615722656,74.97715759277344,4479.7099609375
2021-08-17,9271.830078125,415.013427734375,74.35591125488281,4448.080078125
2021-08-18,9173.9296875,410.4710998535156,73.3301773071289,4400.27001953125
2021-08-19,9186.0703125,411.10662841796875,74.04771423339844,4405.7998046875
2021-08-20,9261.3095703125,414.3778076171875,75.0012435913086,4441.669921875
2021-08-23,9341.08984375,418.0229797363281,75.96923065185547,4479.52978515625
2021-08-24,9355.1103515625,418.6865539550781,75.88255310058594,4486.22998046875
2021-08-25,9376.0,419.5650939941406,75.83917999267578,4496.18994140625
2021-08-26,9321.740234375,417.08837890625,75.36244201660156,4470.0
2021-08-27,9404.150390625,420.8175354003906,76.08961486816406,4509.3701171875
2021-08-30,9445.240234375,422.6681213378906,76.90828704833984,4528.7900390625
2021-08-31,9433.580078125,422.0419006347656,76.50376892089844,4522.68017578125
2021-09-01,9437.150390625,422.2662048339844,76.52303314208984,4524.08984375
2021-09-02,9465.4697265625,423.5652770996094,76.441162109375,4536.9501953125
2021-09-03,9462.5400390625,423.4624938964844,76.74455261230469,4535.43017578125
2021-09-07,9430.6796875,421.9483947753906,76.76383209228516,4520.02978515625
2021-09-08,9418.5703125,421.434326171875,76.47005462646484,4514.06982421875
2021-09-09,9375.990234375,419.63055419921875,76.18110656738281,4493.27978515625
2021-09-10,9304.0302734375,416.3218688964844,75.42985534667969,4458.580078125
2021-09-13,9325.2900390625,417.38739013671875,75.45391845703125,4468.72998046875
2021-09-14,9273.990234375,415.1348876953125,75.35762786865234,4443.0498046875
2021-09-15,9352.830078125,418.6024169921875,76.01737213134766,4480.7001953125
2021-09-16,9338.6103515625,417.9388427734375,76.06073760986328,4473.75
2021-09-17,9253.5703125,413.86773681640625,74.87602233886719,4432.990234375
2021-09-20,9096.51953125,406.9667053222656,73.51219940185547,4357.72998046875
2021-09-21,9089.5498046875,406.5824279785156,73.5411376953125,4354.18994140625
2021-09-22,9176.080078125,410.5484619140625,74.54942321777344,4395.64013671875
2021-09-23,9287.7998046875,415.53662109375,75.54804992675781,4448.97998046875
2021-09-24,9301.490234375,416.2210998535156,75.60111999511719,4455.47998046875
2021-09-27,9275.8701171875,415.0303649902344,74.86783599853516,4443.10986328125
2021-09-28,9087.4697265625,406.6667175292969,72.64865112304688,4352.6298828125
2021-09-29,9102.6201171875,407.3511962890625,72.55702209472656,4359.4599609375
2021-09-30,8994.830078125,402.3724060058594,72.03598022460938,4307.5400390625
2021-10-01,9098.25,407.1542663574219,73.12145233154297,4357.0400390625
2021-10-04,8980.6396484375,401.903564453125,71.42810821533203,4300.4599609375
2021-10-05,9076.1904296875,406.0854187011719,72.44605255126953,4345.72021484375
2021-10-06,9113.4501953125,407.77313232421875,72.91883850097656,4363.5498046875
2021-10-07,9191.1904296875,411.29852294921875,73.58457946777344,4399.759765625
2021-10-08,9173.740234375,410.5484619140625,73.30962371826172,4391.33984375
2021-10-11,9110.759765625,407.576171875,72.90436553955078,4361.18994140625
2021-10-12,9088.73046875,406.572998046875,72.52806091308594,4350.64990234375
2021-10-13,9116.3896484375,408.0356140136719,72.97189331054688,4363.7998046875
2021-10-14,9272.9697265625,414.8990478515625,74.61697387695312,4438.259765625
2021-10-15,9342.150390625,418.0588684082031,75.2151870727539,4471.3701171875
2021-10-18,9373.6796875,419.2965087890625,75.85197448730469,4486.4599609375
2021-10-19,9443.1201171875,422.5313415527344,76.60456848144531,4519.6298828125
2021-10-20,9477.8203125,424.1909484863281,76.3923110961914,4536.18994140625
2021-10-21,9506.91015625,425.29730224609375,76.68659210205078,4549.77978515625
2021-10-22,9496.8603515625,424.856689453125,76.42122650146484,4544.89990234375
2021-10-25,9541.990234375,427.1350402832031,76.67210388183594,4566.47998046875
2021-10-26,9559.3896484375,427.51953125,76.88919830322266,4574.7900390625
2021-10-27,9511.26953125,425.6254577636719,76.82167053222656,4551.68017578125
2021-10-28,9605.23046875,429.73223876953125,77.59354400634766,4596.419921875
2021-10-29,9625.01953125,430.60430908203125,77.9264144897461,4605.3798828125
2021-11-01,9642.4404296875,431.34503173828125,77.81061553955078,4613.669921875
2021-11-02,9677.9501953125,433.0890197753906,78.49567413330078,4630.64990234375
2021-11-03,9740.4697265625,435.73309326171875,78.9539794921875,4660.56982421875
2021-11-04,9782.48046875,437.78656005859375,80.18901824951172,4680.06005859375
2021-11-05,9819.98046875,439.3054504394531,80.6039047241211,4697.52978515625
2021-11-08,9828.8095703125,439.68048095703125,81.03807830810547,4701.7001953125
2021-11-09,9795.1201171875,438.2271423339844,80.70516967773438,4685.25
2021-11-10,9716.7197265625,434.7016906738281,79.37368774414062,4646.7099609375
2021-11-11,9722.080078125,434.84234619140625,79.74517059326172,4649.27001953125
2021-11-12,9793.2197265625,438.1240234375,80.71483612060547,4682.85009765625
2021-11-15,9793.5302734375,438.2740783691406,80.63282775878906,4682.7998046875
2021-11-16,9831.91015625,440.0086669921875,81.48189544677734,4700.89990234375
2021-11-17,9808.26953125,438.9398498535156,81.23585510253906,4688.669921875
2021-11-18,9842.349609375,440.43060302734375,82.04633331298828,4704.5400390625
2021-11-19,9828.7998046875,439.6429748535156,82.6445541381836,4697.9599609375
2021-11-22,9798.2900390625,438.40533447265625,81.72311401367188,4682.93994140625
2021-11-23,9814.650390625,438.9866943359375,81.53496551513672,4690.7001953125
2021-11-24,9837.599609375,440.15863037109375,82.12834930419922,4701.4599609375
2021-11-26,9614.25,430.3417663574219,80.07804107666016,4594.6201171875
2021-11-29,9741.7802734375,435.6205749511719,82.08011627197266,4655.27001953125
2021-11-30,9558.330078125,427.1444091796875,81.39508819580078,4567.0
2021-12-01,9446.2099609375,422.40008544921875,80.28065490722656,4513.0400390625
2021-12-02,9581.7900390625,428.8696594238281,81.0187759399414,4577.10009765625
2021-12-03,9501.2802734375,425.137939453125,79.66315460205078,4538.43017578125
2021-12-06,9613.01953125,430.1729431152344,80.42057800292969,4591.669921875
2021-12-07,9812.2001953125,439.0710144042969,83.2282943725586,4686.75
2021-12-08,9842.6796875,440.2336730957031,83.60940551757812,4701.2099609375
2021-12-09,9773.1904296875,437.2614440917969,82.70726776123047,4667.4501953125
2021-12-10,9866.6201171875,441.3775634765625,84.3668212890625,4712.02001953125
2021-12-13,9776.6904296875,437.4677429199219,83.11251068115234,4668.97021484375
2021-12-14,9705.0595703125,434.4578857421875,81.74722290039062,4634.08984375
2021-12-15,9863.919921875,441.24627685546875,83.913330078125,4709.85009765625
2021-12-16,9778.08984375,437.35516357421875,81.53496551513672,4668.669921875
2021-12-17,9678.0302734375,432.700439453125,80.98982238769531,4620.64013671875
2021-12-20,9567.91015625,428.099365234375,80.02654266357422,4568.02001953125
2021-12-21,9738.73046875,435.7020263671875,82.05171203613281,4649.22998046875
2021-12-22,9838.900390625,440.05841064453125,83.1247329711914,4696.56005859375
2021-12-23,9900.2998046875,442.7965393066406,83.58873748779297,4725.7900390625
2021-12-27,10037.669921875,449.0630798339844,85.38194274902344,4791.18994140625
2021-12-28,10027.5302734375,448.6960754394531,84.93727111816406,4786.35009765625
2021-12-29,10041.6103515625,449.27001953125,85.009765625,4793.06005859375
2021-12-30,10012.509765625,448.0280456542969,84.44908142089844,4778.72998046875
2021-12-31,9986.7001953125,446.8989562988281,84.03826141357422,4766.18017578125
2022-01-03,10050.41015625,449.4864196777344,84.83576965332031,4796.56005859375
2022-01-04,10044.75,449.3359069824219,83.9367446899414,4793.5400390625
2022-01-05,9850.7001953125,440.7076721191406,81.35572052001953,4700.580078125
2022-01-06,9841.919921875,440.293701171875,80.94488525390625,4696.0498046875
2022-01-07,9803.849609375,438.552978515625,80.2005386352539,4677.02978515625
2022-01-10,9789.7197265625,438.0072937011719,80.21504974365234,4670.2900390625
2022-01-11,9879.3896484375,441.9967346191406,81.17688751220703,4713.06982421875
2022-01-12,9907.3798828125,443.1916198730469,81.5587158203125,4726.35009765625
2022-01-13,9767.349609375,437.08514404296875,79.446533203125,4659.02978515625
2022-01-14,9775.5302734375,437.2639465332031,80.11835479736328,4662.85009765625
2022-01-18,9595.9296875,429.52020263671875,78.19468688964844,4577.10986328125
2022-01-19,9503.1396484375,425.0602111816406,77.10233306884766,4532.759765625
2022-01-20,9398.9599609375,420.35552978515625,76.10665893554688,4482.72998046875
2022-01-21,9221.2802734375,412.10369873046875,74.59378814697266,4397.93994140625
2022-01-24,9246.83984375,413.8537902832031,74.98046112060547,4410.1298828125
2022-01-25,9134.330078125,408.801025390625,73.24528503417969,4356.4501953125
2022-01-26,9120.75,407.7755126953125,73.67545318603516,4349.93017578125
2022-01-27,9072.240234375,405.76190185546875,73.16793823242188,4326.509765625
2022-01-28,9294.2099609375,415.83929443359375,76.3676528930664,4431.85009765625
2022-01-31,9469.919921875,423.32891845703125,78.28651428222656,4515.5498046875
2022-02-01,9534.9501953125,426.1893310546875,78.48949432373047,4546.5400390625
2022-02-02,9624.8896484375,430.3293151855469,79.12752532958984,4589.3798828125
2022-02-03,9390.5703125,420.2145080566406,76.83167266845703,4477.43994140625
2022-02-04,9440.580078125,422.1904296875,77.14099884033203,4500.52978515625
2022-02-07,9405.83984375,420.83544921875,76.62865447998047,4483.8701171875
2022-02-08,9484.9501953125,424.2980041503906,77.57599639892578,4521.5400390625
2022-02-09,9623.83984375,430.50811767578125,79.29668426513672,4587.18017578125
2022-02-10,9450.7197265625,422.7738037109375,77.2231674194336,4504.080078125
2022-02-11,9271.7998046875,414.4372253417969,74.86448669433594,4418.64013671875
2022-02-14,9236.8603515625,413.0823059082031,74.84028625488281,4401.669921875
2022-02-15,9383.5703125,419.7440185546875,76.80750274658203,4471.06982421875
2022-02-16,9393.08984375,420.2145080566406,76.73016357421875,4475.009765625
2022-02-17,9195.349609375,411.23809814453125,74.43428802490234,4380.259765625
2022-02-18,9130.8095703125,408.5753173828125,73.6802749633789,4348.8701171875
2022-02-22,9038.3203125,404.19061279296875,72.998779296875,4304.759765625
2022-02-23,8871.9501953125,397.0208740234375,71.1717529296875,4225.5
2022-02-24,9005.3701171875,402.9956359863281,73.60294342041016,4288.7001953125
2022-02-25,9207.849609375,411.8873291015625,74.60347747802734,4384.64990234375
2022-02-28,9186.3701171875,410.83343505859375,74.46813201904297,4373.93994140625
2022-03-01,9044.4697265625,404.576416015625,72.97943115234375,4306.259765625
2022-03-02,9213.3896484375,412.01904296875,74.55996704101562,4386.5400390625
2022-03-03,9166.1298828125,409.96783447265625,73.67061614990234,4363.490234375
2022-03-04,9094.0400390625,406.63702392578125,72.3801040649414,4328.8701171875
2022-03-07,8825.7197265625,394.6496887207031,69.73140716552734,4201.08984375
2022-03-08,8762.1103515625,391.65753173828125,69.39305114746094,4170.7001953125
2022-03-09,8988.650390625,402.158203125,72.13843536376953,4277.8798828125
2022-03-10,8950.900390625,400.34228515625,70.87692260742188,4259.52001953125
2022-03-11,8835.400390625,395.2518615722656,69.6299057006836,4204.31005859375
2022-03-14,8771.75,392.36322021484375,68.33938598632812,4173.10986328125
2022-03-15,8959.740234375,400.9914855957031,70.63526153564453,4262.4501953125
2022-03-16,9160.509765625,409.8831787109375,72.93110656738281,4357.85986328125
2022-03-17,9274.169921875,415.0111999511719,73.44829559326172,4411.669921875
2022-03-18,9382.4296875,419.55670166015625,74.95146179199219,4463.1201171875
2022-03-21,9378.83984375,419.4340515136719,74.8091049194336,4461.18017578125
2022-03-22,9484.8603515625,424.3420104980469,75.88410186767578,4511.60986328125
2022-03-23,9368.98046875,418.87713623046875,74.71710968017578,4456.240234375
2022-03-24,9504.1904296875,425.1914367675781,76.65886688232422,4520.16015625
2022-03-25,9552.400390625,427.2679138183594,76.61531829833984,4543.06005859375
2022-03-28,9620.66015625,430.30706787109375,77.52565002441406,4575.52001953125
2022-03-29,9738.599609375,435.6302795410156,79.17204284667969,4631.60009765625
2022-03-30,9678.2998046875,432.9403991699219,78.11641693115234,4602.4501953125
2022-03-31,9527.4599609375,426.27685546875,76.95909118652344,4530.41015625
2022-04-01,9559.9501953125,427.4849853515625,76.73152160644531,4545.85986328125
2022-04-04,9637.3701171875,431.14703369140625,78.18904876708984,4582.64013671875
2022-04-05,9517.9404296875,425.70111083984375,76.54267120361328,4525.1201171875
2022-04-06,9425.490234375,421.4443359375,74.73162078857422,4481.14990234375
2022-04-07,9466.759765625,423.5680847167969,74.84784698486328,4500.2099609375
2022-04-08,9441.83984375,422.4354248046875,73.80191040039062,4488.27978515625
2022-04-11,9282.48046875,415.21502685546875,71.94246673583984,4412.52978515625
2022-04-12,9251.0703125,413.67657470703125,71.62285614013672,4397.4501953125
2022-04-13,9356.2099609375,418.4145812988281,72.77532196044922,4446.58984375
2022-04-14,9242.580078125,413.20465087890625,71.00788879394531,4392.58984375
2022-04-18,9240.6904296875,413.37457275390625,71.24029541015625,4391.68994140625
2022-04-19,9389.2099609375,420.0475769042969,72.57681274414062,4462.2099609375
2022-04-20,9383.5400390625,419.7359924316406,72.5090103149414,4459.4501953125
2022-04-21,9245.8603515625,413.4595031738281,71.279052734375,4393.66015625
2022-04-22,8989.509765625,402.1145324707031,69.28400421142578,4271.77978515625
2022-04-25,9040.8603515625,404.4457702636719,70.32511138916016,4296.1201171875
2022-04-26,8786.4697265625,392.7327880859375,67.7054214477539,4175.2001953125
2022-04-27,8805.0,393.8370056152344,68.70777893066406,4183.9599609375
2022-04-28,9023.419921875,403.78515625,71.45823669433594,4287.5
2022-04-29,8696.650390625,388.86297607421875,68.48017883300781,4131.93017578125
2022-05-02,8746.0498046875,391.2037048339844,69.52127838134766,4155.3798828125
2022-05-03,8788.3603515625,392.9969482421875,69.642333984375,4175.47998046875
2022-05-04,9050.900390625,404.9649353027344,72.08770751953125,4300.169921875
2022-05-05,8729.2099609375,390.57135009765625,68.62061309814453,4146.8701171875
2022-05-06,8680.9697265625,388.24005126953125,68.068603515625,4123.33984375
2022-05-09,8403.5,375.8096618652344,65.43436431884766,3991.239990234375
2022-05-10,8424.2001953125,376.6778869628906,66.43189239501953,4001.050048828125
2022-05-11,8285.8203125,370.6939697265625,64.33515930175781,3935.179931640625
2022-05-12,8278.0400390625,370.3070373535156,63.6717529296875,3930.080078125
2022-05-13,8476.5703125,379.16021728515625,65.7878646850586,4023.889892578125
2022-05-16,8443.5498046875,377.62176513671875,65.206787109375,4008.010009765625
2022-05-17,8614.3095703125,385.3896484375,67.09528350830078,4088.85009765625
2022-05-18,8268.3203125,369.85400390625,64.02523803710938,3923.679931640625
2022-05-19,8220.9697265625,367.58868408203125,63.323116302490234,3900.7900390625
2022-05-20,8222.3095703125,367.7492370605469,63.463523864746094,3901.360107421875
2022-05-23,8375.8701171875,374.6298522949219,64.92107391357422,3973.75
2022-05-24,8307.9697265625,371.77001953125,63.957435607910156,3941.47998046875
2022-05-25,8386.6201171875,375.0545654296875,64.70315551757812,3978.72998046875
2022-05-26,8553.6796875,382.5487365722656,66.25755310058594,4057.840087890625
2022-05-27,8766.830078125,391.93988037109375,68.49957275390625,4158.240234375
2022-05-31,8712.599609375,389.74072265625,68.01046752929688,4132.14990234375
2022-06-01,8648.2802734375,386.5882568359375,67.8071060180664,4101.22998046875
2022-06-02,8809.1796875,393.9503173828125,69.4486312866211,4176.81982421875
2022-06-03,8665.7998046875,387.4849548339844,67.78772735595703,4108.5400390625
2022-06-06,8693.0595703125,388.664794921875,67.79257202148438,4121.43017578125
2022-06-07,8776.08984375,392.3929138183594,68.60124969482422,4160.68017578125
2022-06-08,8681.6796875,388.1267395019531,67.82646942138672,4115.77001953125
2022-06-09,8475.91015625,378.8960266113281,66.01544189453125,4017.820068359375
2022-06-10,8229.4296875,367.9096374511719,63.478065490722656,3900.860107421875
2022-06-13,7910.43017578125,353.9407958984375,60.664669036865234,3749.6298828125
2022-06-14,7883.33984375,352.874267578125,61.047218322753906,3735.47998046875
2022-06-15,7998.6201171875,357.90496826171875,62.335269927978516,3789.989990234375
2022-06-16,7739.39013671875,346.059814453125,59.79789352416992,3666.77001953125
2022-06-17,7756.58984375,346.80572509765625,60.34507369995117,3674.840087890625
2022-06-21,7946.89013671875,355.5360412597656,61.88068771362305,3764.7900390625
2022-06-22,7936.669921875,354.8915100097656,61.61852264404297,3759.889892578125
2022-06-23,8012.68017578125,358.3703918457031,62.54095458984375,3795.72998046875
2022-06-24,8257.7197265625,369.76434326171875,64.78878021240234,3911.739990234375
2022-06-27,8233.419921875,368.3518981933594,64.3518295288086,3900.110107421875
2022-06-28,8067.56005859375,360.82550048828125,62.424434661865234,3821.550048828125
2022-06-29,8062.72021484375,360.5316467285156,62.550662994384766,3818.830078125
2022-06-30,7993.43017578125,357.6025390625,61.71561813354492,3785.3798828125
2022-07-01,8077.89013671875,361.38470458984375,61.85640335083008,3825.330078125
2022-07-05,8092.14990234375,362.0672607421875,62.63319778442383,3831.389892578125
2022-07-06,8121.2099609375,363.2900390625,63.172096252441406,3845.080078125
2022-07-07,8243.6904296875,368.7311096191406,64.47803497314453,3902.6201171875
2022-07-08,8237.5,368.4278564453125,64.5072021484375,3899.3798828125
2022-07-11,8142.68017578125,364.21905517578125,63.61875534057617,3854.429931640625
2022-07-12,8067.56005859375,360.99609375,62.74971389770508,3818.800048828125
2022-07-13,8031.759765625,359.1001892089844,62.584651947021484,3801.780029296875
2022-07-14,8008.7099609375,358.2281494140625,63.15752410888672,3790.3798828125
2022-07-15,8162.5,365.0721740722656,64.26929473876953,3863.159912109375
2022-07-18,8094.22998046875,362.0578308105469,63.64787292480469,3830.85009765625
2022-07-19,8318.2001953125,371.8402404785156,65.58984375,3936.68994140625
2022-07-20,8367.3701171875,374.21014404296875,66.61421966552734,3959.89990234375
2022-07-21,8450.6396484375,378.0207824707031,67.55122375488281,3998.949951171875
2022-07-22,8371.8701171875,374.51348876953125,66.61907196044922,3961.6298828125
2022-07-25,8382.8798828125,374.96844482421875,66.19672393798828,3966.840087890625
2022-07-26,8286.1904296875,370.5322265625,65.123779296875,3921.050048828125
2022-07-27,8503.01953125,380.1535949707031,67.92503356933594,4023.610107421875
2022-07-28,8607.240234375,384.9216003417969,68.95915985107422,4072.429931640625
2022-07-29,8730.4599609375,390.5333251953125,70.01752471923828,4130.2900390625
2022-08-01,8705.8701171875,389.37677001953125,69.86702728271484,4118.6298828125
2022-08-02,8647.91015625,386.8079833984375,69.37181854248047,4091.18994140625
2022-08-03,8783.2802734375,392.86517333984375,71.2166748046875,4155.169921875
2022-08-04,8777.23046875,392.5997314453125,71.54194641113281,4151.93994140625
2022-08-05,8764.080078125,391.9361877441406,71.37687683105469,4145.18994140625
2022-08-08,8753.3896484375,391.4811706542969,70.77002716064453,4140.06005859375
2022-08-09,8716.75,389.92657470703125,70.06119537353516,4122.47021484375
2022-08-10,8902.7197265625,398.1166076660156,71.97405242919922,4210.240234375
2022-08-11,8898.83984375,398.1166076660156,71.69246673583984,4207.27001953125
2022-08-12,9054.1396484375,404.8563232421875,73.11978149414062,4280.14990234375
2022-08-15,9090.3603515625,406.5246276855469,73.58101654052734,4297.14013671875
2022-08-16,9107.8701171875,407.3209228515625,73.3819580078125,4305.2001953125
2022-08-17,9043.58984375,404.4297790527344,72.85763549804688,4274.0400390625
2022-08-18,9065.490234375,405.6051940917969,73.236328125,4283.740234375
2022-08-19,8948.8203125,400.1546630859375,71.90608215332031,4228.47998046875
2022-08-22,8758.240234375,391.822509765625,69.90099334716797,4137.990234375
2022-08-23,8738.759765625,390.87451171875,69.71652221679688,4128.72998046875
2022-08-24,8764.419921875,392.1257629394531,69.76020812988281,4140.77001953125
2022-08-25,8888.1298828125,397.6615905761719,70.93993377685547,4199.1201171875
2022-08-26,8588.9501953125,384.2012023925781,67.91049194335938,4057.659912109375
2022-08-29,8532.099609375,381.66070556640625,67.0123291015625,4030.610107421875
2022-08-30,8438.6904296875,377.4709167480469,66.31319427490234,3986.159912109375
2022-08-31,8374.419921875,374.59869384765625,65.66751098632812,3955.0
2022-09-01,8400.9599609375,375.7742004394531,65.34709930419922,3966.85009765625
2022-09-02,8311.419921875,371.81182861328125,64.49748992919922,3924.260009765625
2022-09-06,8277.8095703125,370.408935546875,64.07025146484375,3908.18994140625
2022-09-07,8429.8701171875,377.0633544921875,65.09463500976562,3979.8701171875
2022-09-08,8486.6298828125,379.52789306640625,65.31795501708984,4006.179931640625
2022-09-09,8616.98046875,385.42401123046875,66.60936737060547,4067.360107421875
2022-09-12,8708.169921875,389.56640625,67.67743682861328,4110.41015625
2022-09-13,8331.900390625,372.6270751953125,64.08482360839844,3932.68994140625
2022-09-14,8362.400390625,374.0489501953125,64.31786346435547,3946.010009765625
2022-09-15,8268.599609375,369.8022766113281,62.837093353271484,3901.35009765625
2022-09-16,8209.349609375,366.9810791015625,62.487545013427734,3873.330078125
2022-09-19,8265.73046875,369.8269958496094,62.99710464477539,3899.889892578125
2022-09-20,8172.64013671875,365.5819396972656,62.627227783203125,3855.929931640625
2022-09-21,8033.2900390625,359.2048034667969,61.64897918701172,3789.929931640625
2022-09-22,7965.9599609375,356.1875,61.021156311035156,3757.989990234375
2022-09-23,7828.8701171875,350.2196960449219,60.22297668457031,3693.22998046875
2022-09-26,7747.93017578125,346.755126953125,59.8044319152832,3655.0400390625
2022-09-27,7731.990234375,345.86981201171875,59.88229751586914,3647.2900390625
2022-09-28,7884.5498046875,352.67535400390625,60.51499557495117,3719.0400390625
2022-09-29,7719.08984375,345.3083190917969,58.9381217956543,3640.469970703125
2022-09-30,7603.14013671875,339.9685974121094,57.80900573730469,3585.6201171875
2022-10-03,7800.0,348.9441833496094,59.60001754760742,3678.429931640625
2022-10-04,8039.25,359.7568359375,61.600311279296875,3790.929931640625
2022-10-05,8023.81005859375,358.91925048828125,61.80472946166992,3783.280029296875
2022-10-06,7943.6298828125,355.2166442871094,61.29856872558594,3744.52001953125
2022-10-07,7721.43994140625,345.3083190917969,58.77751541137695,3639.659912109375
2022-10-10,7663.580078125,342.6717529296875,57.78953552246094,3612.389892578125
2022-10-11,7613.75,340.5016784667969,56.90375900268555,3588.840087890625
2022-10-12,7588.89990234375,339.3785400390625,56.728553771972656,3577.030029296875
2022-10-13,7786.9599609375,348.3350830078125,58.4903678894043,3669.909912109375
2022-10-14,7602.990234375,340.3969421386719,56.84535598754883,3583.070068359375
2022-10-17,7804.330078125,349.1441650390625,58.57796859741211,3677.949951171875
2022-10-18,7893.68017578125,353.24639892578125,59.07440185546875,3719.97998046875
2022-10-19,7840.990234375,350.7431945800781,58.90406036376953,3695.159912109375
2022-10-20,7779.52978515625,347.8021240234375,58.9381217956543,3665.780029296875
2022-10-21,7964.25,356.254150390625,60.51499557495117,3752.75
2022-10-24,8058.8798828125,360.6134033203125,61.35209655761719,3797.340087890625
2022-10-25,8190.02001953125,366.3719177246094,62.525020599365234,3859.110107421875
2022-10-26,8129.6201171875,363.6116638183594,61.13310241699219,3830.60009765625
2022-10-27,8080.31982421875,361.66998291015625,60.43712615966797,3807.300048828125
2022-10-28,8280.1103515625,370.2743225097656,63.06525421142578,3901.06005859375
2022-10-31,8218.7001953125,367.5997619628906,62.23301315307617,3871.97998046875
2022-11-01,8185.06982421875,365.9912109375,61.71225357055664,3856.10009765625
2022-11-02,7980.47021484375,356.80621337890625,59.58055114746094,3759.68994140625
2022-11-03,7897.009765625,353.1322937011719,57.828460693359375,3719.889892578125
2022-11-04,8006.240234375,358.21490478515625,58.88458251953125,3770.550048828125
2022-11-07,8083.3798828125,361.6414489746094,59.86770248413086,3806.800048828125
2022-11-08,8128.7001953125,363.5926208496094,60.441993713378906,3828.110107421875
2022-11-09,7961.52001953125,356.1018371582031,58.86998748779297,3748.570068359375
2022-11-10,8403.48046875,375.671142578125,63.70766830444336,3956.3701171875
2022-11-11,8481.1298828125,379.30712890625,64.79786682128906,3992.929931640625
2022-11-14,8407.25,376.0804748535156,64.24304962158203,3957.25
2022-11-15,8481.1396484375,379.28802490234375,65.02173614501953,3991.72998046875
2022-11-16,8413.08984375,376.3945617675781,64.13111114501953,3958.7900390625
2022-11-17,8388.83984375,375.2428283691406,64.21385192871094,3946.56005859375
2022-11-18,8429.009765625,376.946533203125,64.2868423461914,3965.340087890625
2022-11-21,8397.23046875,375.5759582519531,63.59573745727539,3949.93994140625
2022-11-22,8511.48046875,380.6300354003906,64.82705688476562,4003.580078125
2022-11-23,8562.26953125,383.0287170410156,65.40135955810547,4027.260009765625
2022-11-25,8560.08984375,382.9429931640625,65.02173614501953,4026.1201171875
2022-11-28,8427.9501953125,376.83233642578125,63.629817962646484,3963.93994140625
2022-11-29,8415.26953125,376.18511962890625,63.0068473815918,3957.6298828125
2022-11-30,8678.0,388.0351867675781,66.17033386230469,4080.110107421875
2022-12-01,8671.900390625,387.7497253417969,66.2627944946289,4076.570068359375
2022-12-02,8662.23046875,387.3023681640625,65.87832641601562,4071.699951171875
2022-12-05,8507.33984375,380.33502197265625,64.78326416015625,3998.840087890625
2022-12-06,8385.16015625,374.8525085449219,63.39619827270508,3941.260009765625
2022-12-07,8369.740234375,374.2149353027344,63.07499694824219,3933.919921875
2022-12-08,8433.900390625,377.146484375,64.10675811767578,3963.510009765625
2022-12-09,8372.259765625,374.3290710449219,63.71254348754883,3934.3798828125
2022-12-12,8491.8603515625,379.72589111328125,65.1044692993164,3990.56005859375
2022-12-13,8554.099609375,382.6003723144531,65.87345123291016,4019.64990234375
2022-12-14,8503.9697265625,380.1541748046875,65.31863403320312,3995.320068359375
2022-12-15,8292.6396484375,370.85498046875,62.875450134277344,3895.75
2022-12-16,8200.900390625,366.4765930175781,62.0432014465332,3852.360107421875
2022-12-19,8127.56982421875,363.3690490722656,61.21589279174805,3817.659912109375
2022-12-20,8136.2998046875,363.86614990234375,61.308631896972656,3821.6201171875
2022-12-21,8258.4296875,369.3069152832031,62.323848724365234,3878.43994140625
2022-12-22,8139.06982421875,364.038330078125,60.7522087097168,3822.389892578125
2022-12-23,8187.06005859375,366.1324157714844,60.8156623840332,3844.820068359375
2022-12-27,8154.56982421875,364.6885681152344,60.23972702026367,3829.25
2022-12-28,8056.6201171875,360.15618896484375,59.268428802490234,3783.219970703125
2022-12-29,8198.3603515625,366.63916015625,60.82054138183594,3849.280029296875
2022-12-30,8178.02001953125,365.6734313964844,60.73756408691406,3839.5
2023-01-03,8145.60009765625,364.1339416503906,60.161624908447266,3824.139892578125
2023-01-04,8207.419921875,366.94512939453125,60.317813873291016,3852.969970703125
2023-01-05,8113.14990234375,362.757080078125,59.14640426635742,3808.10009765625
2023-01-06,8298.6103515625,371.0758361816406,60.87911605834961,3895.080078125
2023-01-09,8293.7998046875,370.865478515625,61.58683776855469,3892.090087890625
2023-01-10,8351.6796875,373.4662780761719,61.96754837036133,3919.25
2023-01-11,8459.1796875,378.18988037109375,63.04133987426758,3969.610107421875
2023-01-12,8489.080078125,379.5667419433594,63.509918212890625,3983.169921875
2023-01-13,8523.3203125,381.0393371582031,63.690494537353516,3999.090087890625
2023-01-17,8506.0302734375,380.3412780761719,63.978458404541016,3990.969970703125
2023-01-18,8373.66015625,374.3363342285156,63.153587341308594,3928.860107421875
2023-01-19,8310.75,371.6112976074219,62.416587829589844,3898.85009765625
2023-01-20,8468.150390625,378.5340881347656,64.10536193847656,3972.610107421875
2023-01-23,8568.76953125,383.075927734375,65.56474304199219,4019.81005859375
2023-01-24,8562.8701171875,382.664794921875,65.53545379638672,4016.949951171875
2023-01-25,8561.400390625,382.8082580566406,65.3988037109375,4016.219970703125
2023-01-26,8656.259765625,387.0154724121094,66.44330596923828,4060.429931640625
2023-01-27,8678.009765625,387.90472412109375,66.72151184082031,4070.56005859375
2023-01-30,8566.2802734375,383.0376892089844,65.44763946533203,4017.77001953125
2023-01-31,8691.8798828125,388.66961669921875,66.36032104492188,4076.60009765625
2023-02-01,8782.76953125,392.8003845214844,67.9222183227539,4119.2099609375
2023-02-02,8912.349609375,398.51837158203125,69.7769546508789,4179.759765625
2023-02-03,8820.4697265625,394.2824401855469,69.19611358642578,4136.47998046875
2023-02-06,8766.900390625,391.872802734375,68.35171508789062,4111.080078125
2023-02-07,8879.91015625,396.9980163574219,70.06004333496094,4164.0
2023-02-08,8781.7900390625,392.6568908691406,69.21563720703125,4117.85986328125
2023-02-09,8705.580078125,389.2528991699219,68.8349380493164,4081.5
2023-02-10,8726.4697265625,390.1612548828125,68.51769256591797,4090.4599609375
2023-02-13,8827.7197265625,394.7413635253906,69.70372772216797,4137.2900390625
2023-02-14,8826.3203125,394.55975341796875,70.00147247314453,4136.1298828125
2023-02-15,8853.01953125,395.8410339355469,70.32847595214844,4147.60009765625
2023-02-16,8731.75,390.39080810546875,69.10823822021484,4090.409912109375
2023-02-17,8709.2099609375,389.4154968261719,68.24435424804688,4079.090087890625
2023-02-21,8534.73046875,381.6034240722656,66.62389373779297,3997.340087890625
2023-02-22,8521.4501953125,381.0776062011719,66.52628326416016,3991.050048828125
2023-02-23,8567.5703125,383.1046142578125,67.62936401367188,4012.320068359375
2023-02-24,8477.66015625,379.0122375488281,66.42376708984375,3970.0400390625
2023-02-27,8504.759765625,380.3030090332031,66.78009033203125,3982.239990234375
2023-02-28,8479.7998046875,378.8974304199219,66.63365936279297,3970.14990234375
2023-03-01,8440.25,377.44403076171875,66.14558410644531,3951.389892578125
2023-03-02,8505.5498046875,380.3795471191406,66.960693359375,3981.35009765625
2023-03-03,8643.6103515625,386.48004150390625,68.40054321289062,4045.639892578125
2023-03-06,8649.8798828125,386.747802734375,68.72755432128906,4048.419921875
2023-03-07,8517.5400390625,380.8193664550781,67.8734130859375,3986.3701171875
2023-03-08,8530.330078125,381.4408874511719,68.43470001220703,3992.010009765625
2023-03-09,8374.25,374.4033508300781,67.45365142822266,3918.320068359375
2023-03-10,8253.650390625,369.0008850097656,66.26758575439453,3861.590087890625
2023-03-13,8241.3896484375,368.4750061035156,66.62877655029297,3855.760009765625
2023-03-14,8379.16015625,374.5658874511719,68.16625213623047,3919.2900390625
2023-03-15,8320.9599609375,372.2232666015625,68.2052993774414,3891.929931640625
2023-03-16,8468.330078125,378.7540283203125,70.11859893798828,3960.280029296875
2023-03-17,8375.2099609375,374.32537841796875,70.02098846435547,3916.639892578125
2023-03-20,8449.98046875,377.9246826171875,70.20980072021484,3951.570068359375
2023-03-21,8560.3095703125,382.88714599609375,70.77722930908203,4002.8701171875
2023-03-22,8420.01953125,376.3601989746094,70.07284545898438,3936.969970703125
2023-03-23,8445.8701171875,377.3776550292969,71.21259307861328,3948.719970703125
2023-03-24,8493.5498046875,379.85394287109375,71.39846801757812,3970.989990234375
2023-03-27,8507.5400390625,380.5642395019531,70.84571075439453,3977.530029296875
2023-03-28,8494.349609375,379.71002197265625,70.5130844116211,3971.27001953125
2023-03-29,8615.2900390625,385.2290344238281,71.9903564453125,4027.81005859375
2023-03-30,8665.7001953125,387.48468017578125,72.82683563232422,4050.830078125
2023-03-31,8791.1298828125,392.94610595703125,73.86874389648438,4109.31005859375
2023-04-03,8823.66015625,394.4434814453125,73.7513656616211,4124.509765625
2023-04-04,8773.3095703125,392.25506591796875,73.34534454345703,4100.60009765625
2023-04-05,8752.5400390625,391.22802734375,72.50886535644531,4090.3798828125
2023-04-06,8785.7001953125,392.754150390625,72.9197769165039,4105.02001953125
2023-04-10,8794.650390625,393.15728759765625,72.88064575195312,4109.10986328125
2023-04-11,8794.2900390625,393.26287841796875,72.19581604003906,4108.93994140625
2023-04-12,8758.1103515625,391.6599426269531,71.784912109375,4091.949951171875
2023-04-13,8875.650390625,396.8621826171875,73.12033081054688,4146.22021484375
2023-04-14,8857.3095703125,395.8927917480469,72.71432495117188,4137.64013671875
2023-04-17,8886.759765625,397.3133239746094,72.97848510742188,4151.31982421875
2023-04-18,8894.349609375,397.5725402832031,73.2034912109375,4154.8701171875
2023-04-19,8893.599609375,397.50531005859375,72.99314880371094,4154.52001953125
2023-04-20,8841.6201171875,395.3360595703125,72.5137710571289,4129.7900390625
2023-04-21,8849.759765625,395.6432800292969,72.27896881103516,4133.52001953125
2023-04-24,8857.2998046875,396.0559997558594,71.96101379394531,4137.0400390625
2023-04-25,8717.6298828125,389.7690734863281,70.42504119873047,4071.6298828125
2023-04-26,8684.1904296875,388.11810302734375,71.47185516357422,4055.989990234375
2023-04-27,8854.3203125,395.84478759765625,72.98826599121094,4135.35009765625
2023-04-28,8928.349609375,399.2234802246094,73.78070831298828,4169.47998046875
2023-05-01,8924.919921875,398.8203125,73.82472229003906,4167.8701171875
2023-05-02,8821.58984375,394.3379211425781,73.13500213623047,4119.580078125
2023-05-03,8759.9501953125,391.6310729980469,72.51866149902344,4090.75
2023-05-04,8697.6796875,388.85723876953125,72.17134857177734,4061.219970703125
2023-05-05,8858.8603515625,396.0559997558594,73.98127746582031,4136.25
2023-05-08,8863.009765625,396.16156005859375,73.94213104248047,4138.1201171875
2023-05-09,8823.0498046875,394.4241943359375,73.37468719482422,4119.169921875
2023-05-10,8862.849609375,396.2671203613281,74.26986694335938,4137.64013671875
2023-05-11,8849.6904296875,395.5760803222656,73.93722534179688,4130.6201171875
2023-05-12,8837.6796875,395.0577392578125,73.83941650390625,4124.080078125
2023-05-15,8865.0302734375,396.42071533203125,74.45084381103516,4136.27978515625
2023-05-16,8808.9501953125,393.7715759277344,74.52912139892578,4109.89990234375
2023-05-17,8915.4296875,398.551513671875,75.52214050292969,4158.77001953125
2023-05-18,9001.25,402.3908386230469,77.06788635253906,4198.0498046875
2023-05-19,8988.4599609375,401.80535888671875,77.03366088867188,4191.97998046875
2023-05-22,8990.8896484375,401.9685363769531,77.18040466308594,4192.6298828125
2023-05-23,8890.16015625,397.4573059082031,76.0406494140625,4145.580078125
2023-05-24,8825.259765625,394.57781982421875,75.48300170898438,4115.240234375
2023-05-25,8902.83984375,397.9948425292969,78.37885284423828,4151.27978515625
2023-05-26,9019.6396484375,403.14910888671875,80.60453796386719,4205.4501953125
2023-05-30,9020.3896484375,403.3027648925781,81.03502655029297,4205.52001953125
2023-05-31,8967.16015625,401.0662841796875,80.3599624633789,4179.830078125
2023-06-01,9057.169921875,404.8768310546875,81.17687225341797,4221.02001953125
2023-06-02,9189.33984375,410.7318115234375,81.6415786743164,4282.3701171875
2023-06-05,9171.08984375,409.9447937011719,81.1719970703125,4273.7900390625
2023-06-06,9192.91015625,410.83740234375,81.15240478515625,4283.85009765625
2023-06-07,9158.1396484375,409.4168395996094,79.93928527832031,4267.52001953125
2023-06-08,9215.8603515625,411.89324951171875,80.80511474609375,4293.93017578125
2023-06-09,9226.7001953125,412.6323547363281,81.20621490478516,4298.85986328125
2023-06-12,9312.7197265625,416.3757019042969,82.97211456298828,4338.93017578125
2023-06-13,9377.650390625,419.1207580566406,83.47594451904297,4369.009765625
2023-06-14,9387.5400390625,419.619873046875,84.33686065673828,4372.58984375
2023-06-15,9503.5302734375,424.8221435546875,85.42282104492188,4425.83984375
2023-06-16,9468.8095703125,423.37518310546875,84.71842956542969,4409.58984375
2023-06-20,9424.01953125,421.1785583496094,84.1458969116211,4388.7099609375
2023-06-21,9375.2099609375,419.02056884765625,82.90081024169922,4365.68994140625
2023-06-22,9410.830078125,420.53314208984375,83.57726287841797,4381.89013671875
2023-06-23,9338.83984375,417.3538818359375,82.67041015625,4348.330078125
2023-06-26,9297.1201171875,415.6487121582031,82.0772933959961,4328.81982421875
2023-06-27,9403.6201171875,420.2055969238281,83.69491577148438,4378.41015625
2023-06-28,9400.2998046875,420.41754150390625,83.74392700195312,4376.85986328125
2023-06-29,9443.4599609375,422.0744934082031,83.8909912109375,4396.43994140625
2023-06-30,9559.669921875,427.0552978515625,85.22428894042969,4450.3798828125
2023-07-03,9571.349609375,427.5466613769531,85.0429458618164,4455.58984375
2023-07-05,9553.6904296875,426.9107666015625,84.5184326171875,4446.81982421875
2023-07-06,9478.73046875,423.56781005859375,84.29296112060547,4411.58984375
2023-07-07,9453.099609375,422.49847412109375,83.92530822753906,4398.9501953125
2023-07-10,9475.900390625,423.56781005859375,84.1458969116211,4409.52978515625
2023-07-11,9539.9501953125,426.2653503417969,84.32725524902344,4439.259765625
2023-07-12,9610.8701171875,429.6950378417969,85.28311920166016,4472.16015625
2023-07-13,9693.2998046875,433.1054992675781,86.39585876464844,4510.0400390625
2023-07-14,9683.6904296875,432.8357238769531,86.2684097290039,4505.419921875
2023-07-17,9721.0302734375,434.3385925292969,87.37133026123047,4522.7900390625
2023-07-18,9790.2001953125,437.5660095214844,88.36150360107422,4554.97998046875
2023-07-19,9813.4599609375,438.5390319824219,88.14093017578125,4565.72021484375
2023-07-20,9748.099609375,435.6296081542969,86.38114929199219,4534.8701171875
2023-07-21,9751.259765625,435.6296081542969,86.33702850341797,4536.33984375
2023-07-24,9790.759765625,437.5756530761719,86.48899841308594,4554.64013671875
2023-07-25,9818.490234375,438.7702331542969,87.47917175292969,4567.4599609375
2023-07-26,9817.1103515625,438.8377380371094,86.3027114868164,4566.75
2023-07-27,9754.7197265625,435.9282531738281,86.0527114868164,4537.41015625
2023-07-28,9852.009765625,440.1960754394531,87.2242660522461,4582.22998046875
2023-07-31,9866.76953125,441.03424072265625,87.42525482177734,4588.9599609375
2023-08-01,9840.7099609375,439.7721862792969,87.57229614257812,4576.72998046875
2023-08-02,9704.6298828125,433.6546325683594,85.40567016601562,4513.39013671875
2023-08-03,9680.3603515625,432.4118347167969,85.0576400756836,4501.89013671875
2023-08-04,9629.76953125,430.45611572265625,83.90081024169922,4478.02978515625
2023-08-07,9716.91015625,434.2134094238281,84.13609313964844,4518.43994140625
2023-08-08,9676.0,432.32513427734375,83.48902893066406,4499.3798828125
2023-08-09,9608.73046875,429.4349365234375,82.41060638427734,4467.7099609375
2023-08-10,9612.3603515625,429.58905029296875,82.42042541503906,4468.830078125
2023-08-11,9603.4501953125,429.33856201171875,81.81258392333984,4464.0498046875
2023-08-14,9659.259765625,431.7085266113281,83.1164779663086,4489.72021484375
2023-08-15,9549.169921875,426.67962646484375,82.29788208007812,4437.85986328125
2023-08-16,9478.5400390625,423.548583984375,81.51356506347656,4404.330078125
2023-08-17,9407.26953125,420.3211669921875,80.73908233642578,4370.35986328125
2023-08-18,9406.5,420.52349853515625,80.86162567138672,4369.7099609375
2023-08-21,9471.3896484375,423.2595520019531,82.40571594238281,4399.77001953125
2023-08-22,9445.2197265625,422.11309814453125,82.31258392333984,4387.5498046875
2023-08-23,9549.73046875,426.81451416015625,83.79785919189453,4436.009765625
2023-08-24,9421.4697265625,420.89923095703125,81.86651611328125,4376.31005859375
2023-08-25,9485.8896484375,423.8664855957031,82.69984436035156,4405.7099609375
2023-08-28,9545.4404296875,426.5543212890625,83.37630462646484,4433.31005859375
2023-08-29,9684.2197265625,432.7201232910156,85.04783630371094,4497.6298828125
2023-08-30,9722.9599609375,434.50238037109375,85.6899642944336,4514.8701171875
2023-08-31,9709.6796875,433.8665466308594,86.10665130615234,4507.66015625
2023-09-01,9727.6396484375,434.67584228515625,86.37134552001953,4515.77001953125
2023-09-05,9687.259765625,432.7971496582031,86.68017578125,4496.830078125
2023-09-06,9619.98046875,429.8877868652344,85.76350402832031,4465.47998046875
2023-09-07,9590.400390625,428.5678405761719,84.52333068847656,4451.14013671875
2023-09-08,9604.76953125,429.2133483886719,84.69979095458984,4457.490234375
2023-09-11,9669.3603515625,432.0361328125,85.14097595214844,4487.4599609375
2023-09-12,9614.66015625,429.66619873046875,83.59687805175781,4461.89990234375
2023-09-13,9626.6796875,430.16717529296875,83.80765533447266,4467.43994140625
2023-09-14,9710.5400390625,433.8761901855469,84.41549682617188,4505.10009765625
2023-09-15,9592.8603515625,428.648681640625,82.79296875,4450.31982421875
2023-09-18,9599.9296875,428.90008544921875,83.19086456298828,4453.52978515625
2023-09-19,9579.26953125,428.0106201171875,83.14665222167969,4443.9501953125
2023-09-20,9489.919921875,424.0758056640625,81.83998107910156,4402.2001953125
2023-09-21,9334.58984375,417.0664978027344,80.59222412109375,4330.0
2023-09-22,9313.2998046875,416.12872314453125,80.76415252685547,4320.06005859375
2023-09-25,9350.900390625,417.8786315917969,81.02452087402344,4337.43994140625
2023-09-26,9213.7197265625,411.7394714355469,79.5655517578125,4273.52978515625
2023-09-27,9216.01953125,411.9037780761719,79.68834686279297,4274.509765625
2023-09-28,9271.5498046875,414.29180908203125,80.25326538085938,4299.7001953125
2023-09-29,9246.740234375,413.28631591796875,80.52836608886719,4288.0498046875
2023-10-02,9247.509765625,413.1219482421875,81.39295196533203,4288.39013671875
2023-10-03,9121.1396484375,407.5918884277344,80.0125732421875,4229.4501953125
2023-10-04,9195.1396484375,410.5599365234375,81.00978088378906,4263.75
2023-10-05,9184.8095703125,410.4053039550781,81.11784362792969,4258.18994140625
2023-10-06,9294.8203125,415.27789306640625,82.63577270507812,4308.5
2023-10-09,9353.41015625,417.9366455078125,83.06314086914062,4335.66015625
2023-10-10,9402.3095703125,420.1119079589844,83.19086456298828,4358.240234375
2023-10-11,9443.1298828125,421.8327941894531,83.96211242675781,4376.9501953125
2023-10-12,9385.16015625,419.2611389160156,84.04071044921875,4349.60986328125
2023-10-13,9338.08984375,417.1728820800781,82.8371810913086,4327.77978515625
2023-10-16,9437.3095703125,421.56207275390625,83.63298034667969,4373.6298828125
2023-10-17,9436.3603515625,421.542724609375,83.2448959350586,4373.2001953125
2023-10-18,9309.919921875,415.9256286621094,82.39014434814453,4314.60009765625
2023-10-19,9231.73046875,412.27117919921875,81.91857147216797,4278.0
2023-10-20,9115.83984375,407.20513916015625,80.53327178955078,4224.16015625
2023-10-23,9100.490234375,406.4993896484375,80.62660217285156,4217.0400390625
2023-10-24,9166.7998046875,409.56414794921875,81.18172454833984,4247.68017578125
2023-10-25,9035.400390625,403.68603515625,80.22380828857422,4186.77001953125
2023-10-26,8928.6298828125,398.8520812988281,78.691162109375,4137.22998046875
2023-10-27,8885.9404296875,397.0440979003906,79.14797973632812,4117.3701171875
2023-10-30,8993.4599609375,401.79107666015625,79.99783325195312,4166.81982421875
2023-10-31,9052.3095703125,404.3144226074219,80.5676498413086,4193.7998046875
2023-11-01,9147.4501953125,408.6263427734375,82.12488555908203,4237.85986328125
2023-11-02,9320.5595703125,416.4573974609375,83.51507568359375,4317.77978515625
2023-11-03,9408.5595703125,420.2569274902344,84.37474822998047,4358.33984375
2023-11-06,9425.33984375,421.2236633300781,84.92984008789062,4365.97998046875
2023-11-07,9452.2802734375,422.42254638671875,85.8582763671875,4378.3798828125
2023-11-08,9462.25,422.73193359375,86.3446044921875,4382.77978515625
2023-11-09,9387.58984375,419.4350891113281,85.94178771972656,4347.35009765625
2023-11-10,9535.6298828125,425.9803161621094,88.18673706054688,4415.240234375
2023-11-13,9528.25,425.5743408203125,87.67095184326172,4411.5498046875
2023-11-14,9712.009765625,433.8307800292969,89.42465209960938,4495.7001953125
2023-11-15,9729.3095703125,434.74920654296875,89.53765106201172,4502.8798828125
2023-11-16,9743.2197265625,435.2809753417969,89.98465728759766,4508.240234375
2023-11-17,9755.919921875,435.82232666015625,89.7979965209961,4514.02001953125
2023-11-20,9829.01953125,439.1771240234375,91.09976196289062,4547.3798828125
2023-11-21,9809.3896484375,438.219970703125,90.3629150390625,4538.18994140625
2023-11-22,9849.740234375,439.9118957519531,90.76573944091797,4556.6201171875
2023-11-24,9855.83984375,440.18255615234375,90.58888244628906,4559.33984375
2023-11-27,9836.75,439.3898620605469,90.58396911621094,4550.43017578125
2023-11-28,9846.4296875,439.8249206542969,90.75590515136719,4554.89013671875
2023-11-29,9838.8203125,439.5154724121094,90.8246841430664,4550.580078125
2023-11-30,9879.01953125,441.24603271484375,90.95730590820312,4567.7998046875
2023-12-01,9937.8896484375,443.8564147949219,91.16363525390625,4594.6298828125
2023-12-04,9884.169921875,441.5264587402344,90.05345153808594,4569.77978515625
2023-12-05,9878.9697265625,441.4394836425781,90.59378814697266,4567.18017578125
2023-12-06,9840.650390625,439.6605529785156,89.82746887207031,4549.33984375
2023-12-07,9920.6396484375,443.01531982421875,90.91801452636719,4585.58984375
2023-12-08,9961.5,444.9198913574219,91.69416809082031,4604.3701171875
2023-12-11,10000.6396484375,446.6505126953125,92.494873046875,4622.43994140625
2023-12-12,10047.0400390625,448.6904296875,93.10893249511719,4643.7001953125
2023-12-13,10184.3798828125,454.8778991699219,93.9292984008789,4707.08984375
2023-12-14,10213.6904296875,456.3377685546875,93.69841003417969,4719.5498046875
2023-12-15,10213.48046875,455.5863952636719,94.16999816894531,4719.18994140625
2023-12-18,10259.849609375,458.1491394042969,94.45161437988281,4740.56005859375
2023-12-19,10320.8603515625,460.9350280761719,94.81099700927734,4768.3701171875
2023-12-20,10170.509765625,454.5478210449219,93.37834167480469,4698.35009765625
2023-12-21,10275.2998046875,458.85772705078125,94.42699432373047,4746.75
2023-12-22,10292.3701171875,459.7799377441406,94.5500717163086,4754.6298828125
2023-12-26,10335.98046875,461.72137451171875,94.94392395019531,4774.75
2023-12-27,10351.599609375,462.55615234375,94.93900299072266,4781.580078125
2023-12-28,10356.58984375,462.73089599609375,95.05223083496094,4783.35009765625
2023-12-29,10327.830078125,461.39129638671875,94.76176452636719,4769.830078125
2024-01-02,10269.6904296875,458.8092346191406,92.28048706054688,4742.830078125
2024-01-03,10187.7900390625,455.0622253417969,91.34014892578125,4704.81005859375
2024-01-04,10154.2001953125,453.59649658203125,90.67058563232422,4688.68017578125
2024-01-05,10172.75,454.2177429199219,90.64596557617188,4697.240234375
2024-01-08,10316.51953125,460.7021179199219,92.92048645019531,4763.5400390625
2024-01-09,10302.73046875,460.0032043457031,93.06817626953125,4756.5
2024-01-10,10361.26953125,462.60467529296875,93.8608169555664,4783.4501953125
2024-01-11,10354.6904296875,462.4008483886719,94.33836364746094,4780.240234375
2024-01-12,10363.349609375,462.72119140625,94.64360809326172,4783.830078125
2024-01-16,10324.830078125,461.02239990234375,94.87993621826172,4765.97998046875
2024-01-17,10267.0498046875,458.45977783203125,94.41221618652344,4739.2099609375
2024-01-18,10358.2900390625,462.5367431640625,96.32734680175781,4780.93994140625
2024-01-19,10486.4404296875,468.3028564453125,98.54771423339844,4839.81005859375
2024-01-22,10509.4404296875,469.2929382324219,98.98094940185547,4850.43017578125
2024-01-23,10540.3798828125,470.66162109375,99.37972259521484,4864.60009765625
2024-01-24,10549.0400390625,471.1761474609375,100.0640640258789,4868.5498046875
2024-01-25,10605.1298828125,473.73876953125,100.48253631591797,4894.16015625
2024-01-26,10598.23046875,473.1370544433594,99.32556915283203,4890.97021484375
2024-01-29,10678.5,476.8839416503906,100.23637390136719,4927.93017578125
2024-01-30,10672.9501953125,476.51513671875,99.40926361083984,4924.97021484375
2024-01-31,10501.3798828125,468.7396545410156,97.32183074951172,4845.64990234375
2024-02-01,10633.1396484375,474.8746032714844,98.54771423339844,4906.18994140625
2024-02-02,10747.25,479.873779296875,99.56681823730469,4958.60986328125
2024-02-05,10713.1103515625,478.1264343261719,99.79328155517578,4942.81005859375
2024-02-06,10738.169921875,479.51458740234375,99.33543395996094,4954.22998046875
2024-02-07,10826.8095703125,483.5140075683594,100.6499252319336,4995.06005859375
2024-02-08,10834.3603515625,483.7275390625,100.96500396728516,4997.91015625
2024-02-09,10897.6103515625,486.523193359375,102.32380676269531,5026.60986328125
2024-02-12,10887.41015625,486.30963134765625,101.54595184326172,5021.83984375
2024-02-13,10739.8095703125,479.6116027832031,99.82283020019531,4953.169921875
2024-02-14,10844.7197265625,483.97021484375,100.86653137207031,5000.6201171875
2024-02-15,10910.3095703125,487.3094787597656,100.65483856201172,5029.72998046875
2024-02-16,10859.6298828125,484.8826599121094,99.72927856445312,5005.56982421875
2024-02-20,10794.7998046875,482.2131652832031,98.71510314941406,4975.509765625
2024-02-21,10808.9296875,482.6499938964844,98.09478759765625,4981.7998046875
2024-02-22,11037.8203125,492.6387023925781,101.30469512939453,5087.02978515625
2024-02-23,11041.900390625,492.97845458984375,101.06838989257812,5088.7998046875
2024-02-26,11000.5,491.1728515625,101.16685485839844,5069.52978515625
2024-02-27,11019.4404296875,492.08538818359375,101.25547790527344,5078.18017578125
2024-02-28,11002.2001953125,491.43499755859375,100.77792358398438,5069.759765625
2024-02-29,11062.1103515625,493.20172119140625,101.9004135131836,5096.27001953125
2024-03-01,11151.33984375,497.83203125,103.76136779785156,5137.080078125
2024-03-04,11138.4296875,497.2981262207031,103.76136779785156,5130.9501953125
2024-03-05,11025.16015625,492.3280334472656,101.2111587524414,5078.64990234375
2024-03-06,11082.650390625,494.82275390625,102.01363372802734,5104.759765625
2024-03-07,11198.3896484375,499.7346496582031,103.62353515625,5157.35986328125
2024-03-08,11126.0703125,496.7351379394531,102.08255767822266,5123.68994140625
2024-03-11,11113.6103515625,496.3080139160156,101.80194854736328,5117.93994140625
2024-03-12,11238.4599609375,501.6469421386719,103.88939666748047,5175.27001953125
2024-03-13,11217.2998046875,500.8606262207031,102.76688385009766,5165.31005859375
2024-03-14,11187.849609375,499.8704528808594,102.78658294677734,5150.47998046875
2024-03-15,11115.6904296875,496.43817138671875,101.23577880859375,5117.08984375
2024-03-18,11186.0400390625,499.3885192871094,101.73334503173828,5149.419921875
2024-03-19,11249.23046875,502.1636962890625,102.2610092163086,5178.509765625
2024-03-20,11350.8896484375,506.80841064453125,103.40506744384766,5224.6201171875
2024-03-21,11387.8896484375,508.48321533203125,103.47904968261719,5241.52978515625
2024-03-22,11372.490234375,507.5192565917969,103.51355743408203,5234.18017578125
2024-03-25,11337.740234375,506.1170654296875,102.82810974121094,5218.18994140625
2024-03-26,11306.009765625,505.1822509765625,102.40400695800781,5203.580078125
2024-03-27,11404.9501953125,509.427734375,102.92674255371094,5248.490234375
2024-03-28,11418.0302734375,509.3302917480469,102.70482635498047,5254.35009765625
2024-04-01,11395.080078125,508.4443054199219,102.9908447265625,5243.77001953125
2024-04-02,11312.900390625,505.21142578125,101.99964141845703,5205.81005859375
2024-04-03,11325.7802734375,505.76641845703125,102.27086639404297,5211.490234375
2024-04-04,11187.490234375,499.59307861328125,100.65338897705078,5147.2099609375
2024-04-05,11311.7001953125,504.81219482421875,101.80731201171875,5204.33984375
2024-04-08,11307.66015625,505.0946044921875,101.68898010253906,5202.39013671875
2024-04-09,11325.6298828125,505.6788024902344,102.20183563232422,5209.91015625
2024-04-10,11218.73046875,500.61541748046875,100.94926452636719,5160.64013671875
2024-04-11,11302.5302734375,504.39349365234375,102.96619415283203,5199.06005859375
2024-04-12,11139.3798828125,497.43133544921875,101.29939270019531,5123.41015625
2024-04-15,11005.6103515625,491.199462890625,99.37617492675781,5061.81982421875
2024-04-16,10982.990234375,490.3035888671875,99.49452209472656,5051.41015625
2024-04-17,10919.490234375,487.4018859863281,98.05951690673828,5022.2099609375
2024-04-18,10896.0703125,486.3988952636719,96.94009399414062,5011.1201171875
2024-04-19,10801.16015625,482.1534729003906,94.94291687011719,4967.22998046875
2024-04-22,10895.4697265625,486.59368896484375,95.79109191894531,5010.60009765625
2024-04-23,11026.0595703125,492.367919921875,97.21131134033203,5070.5498046875
2024-04-24,11028.4599609375,492.1342468261719,97.65514373779297,5071.6298828125
2024-04-25,10978.2001953125,490.2646179199219,97.44309997558594,5048.419921875
2024-04-26,11090.4599609375,494.90936279296875,98.54277801513672,5099.9599609375
2024-04-29,11126.2802734375,496.662109375,98.96688842773438,5116.169921875
2024-04-30,10951.66015625,488.7943420410156,96.78722381591797,5035.68994140625
2024-05-01,10914.1103515625,487.2071838378906,95.7960205078125,5018.39013671875
2024-05-02,11013.91015625,491.76422119140625,97.17680358886719,5064.2001953125
2024-05-03,11152.759765625,497.8598327636719,99.88410186767578,5127.7900390625
2024-05-06,11268.23046875,503.0010681152344,101.0577621459961,5180.740234375
2024-05-07,11283.9599609375,503.55615234375,100.72735595703125,5187.7001953125
2024-05-08,11283.91015625,503.6047668457031,101.01336669921875,5187.669921875
2024-05-09,11343.5498046875,506.50653076171875,100.98379516601562,5214.080078125
2024-05-10,11364.0400390625,507.1589050292969,101.35855865478516,5222.68017578125
2024-05-13,11361.4599609375,507.22705078125,101.83692169189453,5221.419921875
2024-05-14,11418.1201171875,509.55426025390625,102.73933410644531,5246.68017578125
2024-05-15,11554.0400390625,515.8641967773438,105.05213165283203,5308.14990234375
2024-05-16,11532.3603515625,514.8027954101562,104.68721008300781,5297.10009765625
2024-05-17,11546.2802734375,515.542724609375,104.45545196533203,5303.27001953125
2024-05-20,11557.83984375,516.13671875,105.683349609375,5308.1298828125
2024-05-21,11587.0498046875,517.4025268554688,105.85594177246094,5321.41015625
2024-05-22,11555.83984375,515.9127197265625,106.09264373779297,5307.009765625
2024-05-23,11470.98046875,512.1444702148438,105.22965240478516,5267.83984375
2024-05-24,11551.5595703125,515.5330810546875,106.1173095703125,5304.72021484375
2024-05-28,11554.4501953125,515.8932495117188,106.56605529785156,5306.0400390625
2024-05-29,11469.4599609375,512.2808227539062,105.89046478271484,5266.9501953125
2024-05-30,11402.099609375,508.8824462890625,103.47412109375,5235.47998046875
2024-05-31,11494.7001953125,513.5173950195312,103.63685607910156,5277.509765625
2024-06-03,11508.8896484375,513.93603515625,103.89820861816406,5283.39990234375
2024-06-04,11526.8095703125,514.5106811523438,104.11518859863281,5291.33984375
2024-06-05,11663.5498046875,520.6256103515625,106.427978515625,5354.02978515625
2024-06-06,11661.3701171875,520.6159057617188,106.07291412353516,5352.9599609375
2024-06-07,11650.490234375,519.9830322265625,106.3194808959961,5346.990234375
2024-06-10,11681.5400390625,521.589599609375,106.59071350097656,5360.7900390625
2024-06-11,11713.2998046875,522.8458251953125,108.57311248779297,5375.31982421875
2024-06-12,11813.169921875,527.1399536132812,110.97464752197266,5421.02978515625
2024-06-13,11841.01953125,528.2012939453125,111.85244750976562,5433.740234375
2024-06-14,11839.26953125,528.5226440429688,112.27159881591797,5431.60009765625
2024-06-17,11931.48046875,532.7290649414062,113.97290802001953,5473.22998046875
2024-06-18,11961.9296875,534.0826416015625,114.11590576171875,5487.02978515625
2024-06-20,11931.7998046875,532.6317138671875,112.83377838134766,5473.169921875
2024-06-21,11913.7802734375,531.9176025390625,112.63651275634766,5464.6201171875
2024-06-24,11878.0400390625,530.1885375976562,109.87506866455078,5447.8701171875
2024-06-25,11924.75,532.2303466796875,111.89059448242188,5469.2998046875
2024-06-26,11943.5302734375,532.89453125,111.76213836669922,5477.89990234375
2024-06-27,11954.5,533.7346801757812,111.81648254394531,5482.8701171875
2024-06-28,11907.150390625,531.6343383789062,111.7572021484375,5460.47998046875
2024-07-01,11939.3798828125,532.728515625,112.60194396972656,5475.08984375
2024-07-02,12013.400390625,536.3136596679688,113.16510009765625,5509.009765625
2024-07-03,12074.830078125,538.70703125,114.6915512084961,5537.02001953125
2024-07-05,12142.5400390625,541.8134765625,115.04229736328125,5567.18994140625
2024-07-08,12155.26953125,542.438720703125,115.82775115966797,5572.85009765625
2024-07-09,12164.5703125,542.9661865234375,115.73389434814453,5576.97998046875
2024-07-10,12290.2099609375,548.3390502929688,117.41348266601562,5633.91015625
2024-07-11,12182.9697265625,543.6107788085938,114.47418975830078,5584.5400390625
2024-07-12,12250.1904296875,547.0396728515625,115.49678039550781,5615.35009765625
2024-07-15,12286.0498046875,548.5440673828125,115.70425415039062,5631.22021484375
2024-07-16,12364.5595703125,551.7970581054688,115.3189468383789,5667.2001953125
2024-07-17,12192.490234375,544.0602416992188,110.83342742919922,5588.27001953125
2024-07-18,12097.25,539.879150390625,110.84330749511719,5544.58984375
2024-07-19,12011.6103515625,536.2940673828125,109.109375,5505.0
2024-07-22,12141.75,541.8231811523438,111.69298553466797,5564.41015625
2024-07-23,12122.830078125,540.9733276367188,111.2483901977539,5555.740234375
2024-07-24,11842.3603515625,528.7135620117188,106.64433288574219,5427.1298828125
2024-07-25,11781.5703125,525.958740234375,105.50318908691406,5399.22021484375
2024-07-26,11913.0400390625,531.8492431640625,106.84192657470703,5459.10009765625
2024-07-29,11922.8896484375,532.161865234375,106.36769104003906,5463.5400390625
2024-07-30,11863.7998046875,529.4656372070312,103.69515991210938,5436.43994140625
2024-07-31,12052.08984375,538.0719604492188,108.08679962158203,5522.2998046875
2024-08-01,11887.5400390625,530.4523315429688,104.0557861328125,5446.68017578125
2024-08-02,11669.1796875,520.576171875,101.1313247680664,5346.56005859375
2024-08-05,11319.9599609375,505.4151306152344,97.7622299194336,5186.330078125
2024-08-06,11437.3203125,510.0748291015625,99.0910873413086,5240.02978515625
2024-08-07,11349.240234375,506.66546630859375,97.48560333251953,5199.5
2024-08-08,11610.83984375,518.3782958984375,101.1263656616211,5319.31005859375
2024-08-09,11666.490234375,520.6640625,101.58084869384766,5344.16015625
2024-08-12,11668.58984375,520.9376831054688,102.4107666015625,5344.39013671875
2024-08-13,11865.2900390625,529.5047607421875,105.55752563476562,5434.43017578125
2024-08-14,11911.01953125,531.1752319335938,106.13551330566406,5455.2099609375
2024-08-15,12106.6796875,540.27978515625,109.18842315673828,5543.22021484375
2024-08-16,12132.48046875,541.4910278320312,109.37118530273438,5554.25
2024-08-19,12251.740234375,546.6683959960938,111.17427825927734,5608.25
2024-08-20,12227.7998046875,545.7794799804688,110.7840347290039,5597.1201171875
2024-08-21,12280.1796875,547.6551513671875,111.43611145019531,5620.85009765625
2024-08-22,12170.7099609375,543.3568115234375,108.87224578857422,5570.64013671875
2024-08-23,12310.6298828125,549.1301879882812,110.6358413696289,5634.60986328125
2024-08-26,12272.080078125,547.8211669921875,109.2477035522461,5616.83984375
2024-08-27,12292.6396484375,548.5734252929688,109.90966796875,5625.7998046875
2024-08-28,12219.23046875,545.3888549804688,108.39308166503906,5592.18017578125
2024-08-29,12219.3798828125,545.4375610351562,107.41497039794922,5591.9599609375
2024-08-30,12344.4296875,550.6443481445312,108.84262084960938,5648.39990234375
2024-09-03,12084.5703125,539.3126220703125,103.8433609008789,5528.93017578125
2024-09-04,12065.6904296875,538.2088623046875,103.57659149169922,5520.06982421875
2024-09-05,12029.7197265625,536.8997802734375,103.41851806640625,5503.41015625
2024-09-06,11823.5703125,527.8637084960938,100.73612213134766,5408.419921875
2024-09-09,11961.740234375,533.7737426757812,102.38607025146484,5471.0498046875
2024-09-10,12015.5703125,536.0986938476562,103.9174575805664,5495.52001953125
2024-09-11,12143.849609375,541.5985717773438,107.46436309814453,5554.1298828125
2024-09-12,12235.0595703125,546.1605834960938,108.35356140136719,5595.759765625
2024-09-13,12303.259765625,549.0130615234375,108.89695739746094,5626.02001953125
2024-09-16,12321.2099609375,549.8237915039062,108.48200988769531,5633.08984375
2024-09-17,12324.75,550.0484619140625,108.26958465576172,5634.580078125
2024-09-18,12289.259765625,548.4171752929688,107.28158569335938,5618.259765625
2024-09-19,12498.58984375,557.7754516601562,110.4678726196289,5713.64013671875
2024-09-20,12474.4404296875,556.8113403320312,109.9294204711914,5702.5498046875
2024-09-23,12509.6103515625,558.2027587890625,109.90912628173828,5718.56982421875
2024-09-24,12541.08984375,559.800048828125,110.66136169433594,5732.93017578125
2024-09-25,12517.8203125,558.5652465820312,110.97808837890625,5722.259765625
2024-09-26,12569.1298828125,560.77978515625,112.44788360595703,5745.3701171875
2024-09-27,12553.7802734375,559.9664306640625,111.39872741699219,5738.169921875
2024-09-30,12608.0703125,562.21044921875,111.72535705566406,5762.47998046875
2024-10-01,12490.8701171875,557.1738891601562,109.00347900390625,5708.75
2024-10-02,12493.349609375,557.4090576171875,109.81014251708984,5709.5400390625
2024-10-03,12472.3896484375,556.3900146484375,110.26544189453125,5699.93994140625
2024-10-04,12586.91015625,561.4461059570312,111.49275207519531,5751.06982421875
2024-10-07,12466.41015625,556.3704833984375,110.72569274902344,5695.93994140625
2024-10-08,12587.25,561.6322631835938,112.7943115234375,5751.1298828125
2024-10-09,12677.16015625,565.5223999023438,114.0562744140625,5792.0400390625
2024-10-10,12652.83984375,564.53271484375,114.02658081054688,5780.0498046875
2024-10-11,12729.51953125,567.913330078125,114.22451782226562,5815.02978515625
2024-10-14,12827.6298828125,572.557861328125,115.7141342163086,5859.85009765625
2024-10-15,12731.099609375,568.1093139648438,113.17040252685547,5815.259765625
2024-10-16,12790.83984375,570.5785522460938,113.52178192138672,5842.47021484375
2024-10-17,12788.7802734375,570.6275024414062,113.86820220947266,5841.47021484375
2024-10-18,12840.2998046875,572.8224487304688,114.27401733398438,5864.669921875
2024-10-21,12817.3896484375,571.8817138671875,114.80850219726562,5853.97998046875
2024-10-22,12811.3603515625,571.5779418945312,114.68971252441406,5851.2001953125
2024-10-23,12693.8203125,566.3552856445312,113.04668426513672,5797.419921875
2024-10-24,12721.0498046875,567.5801391601562,113.3782730102539,5809.85986328125
2024-10-25,12717.33984375,567.384033203125,113.9671859741211,5808.1201171875
2024-10-28,12751.2197265625,569.13818359375,113.93254852294922,5823.52001953125
2024-10-29,12771.7998046875,570.0591430664062,115.4666976928711,5832.919921875
2024-10-30,12729.73046875,568.3345947265625,113.63066864013672,5813.669921875
2024-10-31,12493.740234375,557.1935424804688,109.9833755493164,5705.4501953125
2024-11-01,12545.400390625,559.5451049804688,110.80982208251953,5728.7998046875
2024-11-04,12510.73046875,558.3399047851562,110.72569274902344,5712.68994140625
2024-11-05,12664.3203125,565.0912475585938,112.28458404541016,5782.759765625
2024-11-06,12984.73046875,579.142578125,115.48153686523438,5929.0400390625
2024-11-07,13081.5302734375,583.6205444335938,117.49571990966797,5973.10009765625
2024-11-08,13133.4697265625,586.148681640625,117.36705017089844,5995.5400390625
2024-11-11,13146.2001953125,586.7072143554688,116.71875762939453,6001.35009765625
2024-11-12,13108.9501953125,584.8847045898438,116.8672103881836,5983.990234375
2024-11-13,13112.5703125,585.1688232421875,116.46141052246094,5985.3798828125
2024-11-14,13034.7900390625,581.4060668945312,116.06550598144531,5949.169921875
2024-11-15,12864.419921875,573.9590454101562,113.18526458740234,5870.6201171875
2024-11-18,12916.7998046875,576.3108520507812,113.55147552490234,5893.6201171875
2024-11-19,12968.16015625,578.41748046875,114.48187255859375,5916.97998046875
2024-11-20,12968.849609375,578.6134643554688,114.38289642333984,5917.10986328125
2024-11-21,13040.080078125,581.7196655273438,115.54586791992188,5948.7099609375
2024-11-22,13085.8603515625,583.522705078125,115.60527038574219,5969.33984375
2024-11-25,13125.4599609375,585.501953125,115.60031127929688,5987.3701171875
2024-11-26,13201.4697265625,588.5592041015625,116.17931365966797,6021.6298828125
2024-11-27,13152.080078125,586.7757568359375,114.6055908203125,5998.740234375
2024-11-29,13227.1298828125,590.4208374023438,115.66958618164062,6032.3798828125
2024-12-02,13261.080078125,591.4790649414062,116.76824188232422,6047.14990234375
2024-12-03,13267.330078125,591.7535400390625,117.18888854980469,6049.8798828125
2024-12-04,13347.8798828125,595.4280395507812,119.33175659179688,6086.490234375
2024-12-05,13323.740234375,594.4481811523438,118.72797393798828,6075.10986328125
2024-12-06,13358.5,595.5750122070312,119.18822479248047,6090.27001953125
2024-12-09,13278.2900390625,592.5079956054688,118.41124725341797,6052.85009765625
2024-12-10,13239.2099609375,590.6658935546875,116.76824188232422,6034.91015625
2024-12-11,13347.509765625,595.2321166992188,118.46074676513672,6084.18994140625
2024-12-12,13275.240234375,592.1650390625,117.79759979248047,6051.25
2024-12-13,13276.5595703125,592.0474853515625,118.3023910522461,6051.08984375
2024-12-16,13328.7802734375,594.575439453125,119.48515319824219,6074.080078125
2024-12-17,13277.5498046875,592.1258544921875,118.76261901855469,6050.60986328125
2024-12-18,12886.2099609375,574.4784545898438,114.93222045898438,5872.16015625
2024-12-19,12875.08984375,574.302001953125,115.0559310913086,5867.080078125
2024-12-20,13015.66015625,581.2000122070312,116.773193359375,5930.85009765625
2024-12-23,13111.2998046875,584.6803588867188,118.01043701171875,5974.06982421875
2024-12-24,13256.0703125,591.1790771484375,119.22985076904297,6040.0400390625
2024-12-26,13251.759765625,591.2183837890625,119.30916595458984,6037.58984375
2024-12-27,13106.3896484375,584.9949951171875,117.72295379638672,5970.83984375
2024-12-30,12966.2197265625,578.3192749023438,116.22593688964844,5906.93994140625
2024-12-31,12911.8203125,576.2152709960938,115.25933074951172,5881.6298828125
2025-01-02,12883.580078125,574.799560546875,114.9866943359375,5868.5498046875
2025-01-03,13046.8798828125,581.9865112304688,116.86042785644531,5942.47021484375
2025-01-06,13120.1396484375,585.3390502929688,118.3475112915039,5975.3798828125
2025-01-07,12974.58984375,578.7223510742188,115.97314453125,5909.02978515625
2025-01-08,12995.1298828125,579.56787109375,115.9334716796875,5918.25
2025-01-10,12797.3896484375,570.7193603515625,113.40542602539062,5827.0400390625
2025-01-13,12817.5595703125,571.604248046875,112.60240173339844,5836.22021484375
2025-01-14,12832.2900390625,572.3908081054688,112.89979553222656,5842.91015625
2025-01-15,13068.5595703125,582.8025512695312,115.14530944824219,5949.91015625
2025-01-16,13041.1904296875,581.6817016601562,114.25801849365234,5937.33984375
2025-01-17,13171.75,587.521728515625,116.0474853515625,5996.66015625
2025-01-21,13287.580078125,592.8995971679688,117.01409149169922,6049.240234375
2025-01-22,13369.3603515625,596.2326049804688,119.65616607666016,6086.3701171875
2025-01-23,13440.6103515625,599.4867553710938,119.86930847167969,6118.7099609375
2025-01-24,13403.509765625,597.7368774414062,118.62015533447266,6101.240234375
2025-01-27,13208.1904296875,589.2815551757812,112.80563354492188,6012.27978515625
2025-01-28,13329.9501953125,594.3448486328125,115.81451416015625,6067.7001953125
2025-01-29,13267.650390625,591.6804809570312,114.87268829345703,6039.31005859375
2025-01-30,13337.849609375,594.8560791015625,115.08583068847656,6071.169921875
2025-01-31,13271.3798828125,591.6903076171875,114.41168975830078,6040.52978515625
2025-02-03,13171.2099609375,587.70849609375,112.87007141113281,5994.56982421875
2025-02-04,13266.4501953125,591.6510620117188,114.49595642089844,6037.8798828125
2025-02-05,13318.4296875,594.0499877929688,116.08715057373047,6061.47998046875
2025-02-06,13366.9599609375,596.1145629882812,116.40438842773438,6083.56982421875
2025-02-07,13241.33984375,590.6580200195312,115.40804290771484,6025.990234375
2025-02-10,13332.150390625,594.6692504882812,117.0934066772461,6066.43994140625
2025-02-11,13337.0,595.12158203125,117.1479263305664,6068.5
2025-02-12,13302.099609375,593.204345703125,116.89512634277344,6051.97021484375
2025-02-13,13440.9296875,599.4671020507812,118.5507583618164,6115.06982421875
2025-02-14,13443.099609375,599.4378051757812,118.95225524902344,6114.6298828125
2025-02-18,13478.01953125,601.1975708007812,120.03783416748047,6129.580078125
2025-02-19,13510.2900390625,602.6133422851562,120.0477523803711,6144.14990234375
2025-02-20,13453.5400390625,600.106201171875,119.66606140136719,6117.52001953125
2025-02-21,13224.4501953125,589.842041015625,116.4242172241211,6013.1298828125
2025-02-24,13159.2099609375,587.1580200195312,114.75867462158203,5983.25
2025-02-25,13097.849609375,584.2379150390625,113.27159118652344,5955.25
2025-02-26,13099.91015625,584.5328369140625,114.505859375,5956.06005859375
2025-02-27,12892.2001953125,575.20263671875,110.3370590209961,5861.56982421875
2025-02-28,13098.2197265625,584.178955078125,111.7944107055664,5954.5
2025-03-03,12868.9501953125,573.9441528320312,108.39393615722656,5849.72021484375
2025-03-04,12711.8603515625,567.1504516601562,108.30966186523438,5778.14990234375
2025-03-05,12853.990234375,573.2460327148438,109.83145141601562,5842.6298828125
2025-03-06,12625.3095703125,563.0703125,106.78291320800781,5738.52001953125
2025-03-07,12696.900390625,566.2262573242188,108.3294906616211,5770.2001953125
2025-03-10,12356.6904296875,551.1444702148438,103.7244644165039,5614.56005859375
2025-03-11,12263.3095703125,546.5629272460938,103.30313110351562,5572.06982421875
2025-03-12,12323.5,549.4632568359375,104.92901611328125,5599.2998046875
2025-03-13,12153.330078125,542.138671875,102.93631744384766,5521.52001953125
2025-03-14,12414.2802734375,553.3369750976562,106.04928588867188,5638.93994140625
2025-03-17,12494.8203125,557.6038818359375,106.78787231445312,5675.1201171875
2025-03-18,12362.16015625,551.5771484375,105.16199493408203,5614.66015625
2025-03-19,12495.740234375,557.584228515625,106.53011322021484,5675.2900390625
2025-03-20,12469.9697265625,555.9718627929688,105.7717056274414,5662.89013671875
2025-03-21,12480.58984375,556.1552734375,106.0592041015625,5667.56005859375
2025-03-24,12700.91015625,566.1151733398438,108.06782531738281,5767.56982421875
2025-03-25,12721.41015625,567.4760131835938,108.42534637451172,5776.64990234375
2025-03-26,12579.48046875,560.7013549804688,106.00707244873047,5712.2001953125
2025-03-27,12537.9296875,559.2122192382812,105.02882385253906,5693.31005859375
2025-03-28,12290.8603515625,547.95068359375,102.4814453125,5580.93994140625
2025-03-31,12360.2099609375,551.62890625,102.53109741210938,5611.85009765625
2025-04-01,12407.259765625,553.1869506835938,103.28091430664062,5633.06982421875
2025-04-02,12491.099609375,556.687744140625,104.0456314086914,5670.97021484375
2025-04-03,11887.150390625,529.2537841796875,96.9447250366211,5396.52001953125
2025-04-04,11178.48046875,498.26971435546875,90.55886840820312,5074.080078125
2025-04-07,11152.5595703125,497.3821716308594,91.10013580322266,5062.25
2025-04-08,10977.5,489.591796875,89.24793243408203,4982.77001953125
2025-04-09,12022.2099609375,541.0083618164062,101.23008728027344,5456.89990234375
2025-04-10,11608.2197265625,517.3019409179688,96.5176773071289,5268.0498046875
2025-04-11,11818.5302734375,526.5321044921875,98.49401092529297,5363.35986328125
2025-04-14,11912.4501953125,531.6401977539062,99.39278411865234,5405.97021484375
2025-04-15,11892.990234375,530.151123046875,99.75529479980469,5396.6298828125
2025-04-16,11626.7900390625,518.366943359375,96.28926086425781,5275.7001953125
2025-04-17,11642.400390625,519.1065063476562,95.76785278320312,5282.7001953125
2025-04-21,11368.98046875,506.7503662109375,93.29496002197266,5158.2001953125
2025-04-22,11654.830078125,519.9348754882812,95.5692367553711,5287.759765625
2025-04-23,11849.25,527.991455078125,98.3400650024414,5375.85986328125
2025-04-24,12089.3095703125,539.1051635742188,102.00970458984375,5484.77001953125
2025-04-25,12178.490234375,543.0003662109375,103.51927185058594,5525.2099609375
2025-04-28,12186.51953125,543.2073974609375,103.35043334960938,5528.75
2025-04-29,12257.26953125,546.62939453125,103.83210754394531,5560.830078125
2025-04-30,12276.3896484375,546.8462524414062,104.26411437988281,5569.06005859375
2025-05-01,12353.8701171875,550.7216796875,105.79354095458984,5604.14013671875
2025-05-02,12536.2001953125,558.8966674804688,107.56131744384766,5686.669921875
2025-05-05,12456.83984375,555.6917724609375,106.99027252197266,5650.3798828125
2025-05-06,12361.16015625,551.0471801757812,106.10140991210938,5606.91015625
2025-05-07,12414.98046875,553.3645629882812,107.1640625,5631.27978515625
2025-05-08,12487.0,557.2203369140625,108.1869888305664,5663.93994140625
2025-05-09,12480.3095703125,556.51025390625,108.05292510986328,5659.91015625
2025-05-12,12888.1298828125,574.9014282226562,113.06825256347656,5844.18994140625
2025-05-13,12981.8896484375,578.6980590820312,115.5113525390625,5886.5498046875
2025-05-14,12995.7802734375,579.437744140625,116.26116943359375,5892.580078125
2025-05-15,13052.7197265625,582.2678833007812,116.4200668334961,5916.93017578125
2025-05-16,13145.8798828125,585.9559936523438,116.63855743408203,5958.3798828125
2025-05-19,13159.3095703125,586.596923828125,116.46973419189453,5963.60009765625
2025-05-20,13108.51953125,584.6246948242188,116.03274536132812,5940.4599609375
2025-05-21,12897.419921875,574.7733154296875,113.85281372070312,5844.60986328125
2025-05-22,12891.9501953125,575.0001831054688,113.88261413574219,5842.009765625
2025-05-23,12806.240234375,571.0753173828125,112.62629699707031,5802.81982421875
2025-05-27,13069.3203125,582.9483642578125,115.30278778076172,5921.5400390625
2025-05-28,12996.669921875,579.5757446289062,114.82609558105469,5888.5498046875
2025-05-29,13049.009765625,581.863525390625,115.0197525024414,5912.169921875
2025-05-30,13049.1298828125,581.2127685546875,114.66221618652344,5911.68994140625
2025-06-02,13104.240234375,584.4866943359375,115.67520904541016,5935.93994140625
2025-06-03,13180.4501953125,587.81982421875,117.41320037841797,5970.3701171875
2025-06-04,13181.9697265625,587.6619873046875,117.58699798583984,5970.81005859375
2025-06-05,13113.4697265625,584.8218994140625,117.25430297851562,5939.2998046875
2025-06-06,13249.8095703125,590.8275146484375,118.36164855957031,6000.35986328125
2025-06-09,13263.1298828125,591.3599243164062,118.942626953125,6005.8798828125
2025-06-10,13336.2900390625,594.7128295898438,119.60802459716797,6038.81005859375
2025-06-11,13299.8701171875,593.0166015625,119.34483337402344,6022.240234375
2025-06-12,13350.849609375,595.37353515625,120.45220947265625,6045.259765625
2025-06-13,13202.259765625,588.7171020507812,118.76386260986328,5976.97021484375
2025-06-16,13328.4296875,594.318359375,120.68557739257812,6033.10986328125
2025-06-17,13217.51953125,589.23974609375,119.83148193359375,5982.72021484375
2025-06-18,13213.8798828125,589.1510009765625,119.97547912597656,5980.8701171875
2025-06-20,13185.83984375,587.7673950195312,119.44416046142578,5967.83984375
2025-06-23,13312.75,593.572998046875,120.80601501464844,6025.169921875
2025-06-24,13461.099609375,600.1304321289062,122.9746322631836,6092.18017578125
2025-06-25,13461.169921875,600.4666137695312,124.02412414550781,6092.16015625
2025-06-26,13569.2900390625,605.1646118164062,124.87964630126953,6141.02001953125
2025-06-27,13641.099609375,608.1713256835938,124.73042297363281,6173.06982421875
2025-06-30,13712.7099609375,611.0790405273438,125.9540023803711,6204.9501953125
2025-07-01,13697.6796875,610.8812866210938,124.82990264892578,6198.009765625
2025-07-02,13763.0400390625,613.6505737304688,126.1479721069336,6227.419921875
2025-07-03,13879.98046875,618.4869995117188,127.80926513671875,6279.35009765625
2025-07-07,13771.1103515625,613.8780517578125,126.79459381103516,6229.97998046875
2025-07-08,13761.330078125,613.5418090820312,127.47601318359375,6225.52001953125
2025-07-09,13844.919921875,617.2210083007812,128.24197387695312,6263.259765625
2025-07-10,13884.8896484375,618.9617309570312,127.81922149658203,6280.4599609375
2025-07-11,13839.1103515625,616.7858276367188,127.25716400146484,6259.75
2025-07-14,13858.6201171875,617.9627685546875,127.15270233154297,6268.56005859375
2025-07-15,13805.080078125,615.3220825195312,128.2817840576172,6243.759765625
2025-07-16,13849.169921875,617.3792114257812,128.67970275878906,6263.7001953125
2025-07-17,13923.75,621.1574096679688,129.84854125976562,6297.35986328125
2025-07-18,13923.349609375,620.7024536132812,129.76400756835938,6296.7900390625
2025-07-21,13943.16015625,621.87939453125,129.93312072753906,6305.60009765625
2025-07-22,13952.349609375,621.9683227539062,128.7294464111328,6309.6201171875
2025-07-23,14061.51953125,627.2598266601562,129.46559143066406,6358.91015625
2025-07-24,14071.4501953125,627.4674682617188,130.0126953125,6363.35009765625
2025-07-25,14128.1201171875,630.1181030273438,130.31112670898438,6388.64013671875
2025-07-28,14130.6103515625,629.9598388671875,131.3506622314453,6389.77001953125
2025-07-29,14088.8603515625,628.2982788085938,131.35565185546875,6370.85986328125
2025-07-30,14071.33984375,627.507080078125,131.64910888671875,6362.89990234375
2025-07-31,14020.4599609375,625.1531372070312,130.68417358398438,6339.39013671875
2025-08-01,13796.830078125,614.9066162109375,127.86398315429688,6238.009765625
2025-08-04,14000.6904296875,624.2530517578125,130.46035766601562,6329.93994140625
2025-08-05,13932.8798828125,621.0880737304688,129.3810272216797,6299.18994140625
2025-08-06,14034.349609375,625.8455200195312,130.83836364746094,6345.06005859375
2025-08-07,14023.349609375,625.3212890625,130.95773315429688,6340.0
2025-08-08,14134.01953125,630.197265625,132.26588439941406,6389.4501953125
2025-08-11,14100.0302734375,628.9509887695312,131.3705596923828,6373.4501953125
2025-08-12,14260.4296875,635.6468505859375,133.40487670898438,6445.759765625
2025-08-13,14306.9599609375,637.82275390625,133.45465087890625,6466.580078125
2025-08-14,14311.8095703125,637.8821411132812,133.16615295410156,6468.5400390625
2025-08-15,14273.5703125,636.388671875,132.1564483642578,6449.7998046875
2025-08-18,14273.2197265625,636.2501220703125,132.43995666503906,6449.14990234375
2025-08-19,14190.7998046875,632.7984008789062,130.12710571289062,6411.3701171875
2025-08-20,14156.650390625,631.1170654296875,129.2467041015625,6395.77978515625
2025-08-21,14101.7900390625,628.5850830078125,128.77919006347656,6370.169921875
2025-08-22,14316.5498046875,638.2380981445312,130.52500915527344,6466.91015625
2025-08-25,14255.759765625,635.42919921875,130.23153686523438,6439.31982421875
2025-08-26,14315.599609375,638.0897827148438,130.8284149169922,6465.93994140625
2025-08-27,14349.8603515625,639.5436401367188,131.53472900390625,6481.39990234375
2025-08-28,14395.509765625,641.80859375,132.5742645263672,6501.85986328125
2025-08-29,14304.6796875,637.98095703125,130.53994750976562,6460.259765625
2025-09-02,14208.5,633.2533569335938,129.22183227539062,6415.5400390625
2025-09-03,14281.23046875,636.685302734375,129.99281311035156,6448.259765625
2025-09-04,14401.7099609375,642.0064086914062,130.6344451904297,6502.080078125
2025-09-05,14358.1103515625,640.1469116210938,130.74383544921875,6481.5
2025-09-08,14389.1298828125,641.7196044921875,131.72372436523438,6495.14990234375
2025-09-09,14428.25,643.203125,131.97738647460938,6512.60986328125
2025-09-10,14471.7099609375,645.0625610351562,134.3698272705078,6532.0400390625
2025-09-11,14594.6396484375,650.423095703125,134.82244873046875,6587.47021484375
2025-09-12,14588.1796875,650.2054443359375,134.73291015625,6584.2900390625
2025-09-15,14660.1298828125,653.6671142578125,135.9465789794922,6615.27978515625
2025-09-16,14641.76953125,652.7671508789062,135.4740447998047,6606.759765625
2025-09-17,14627.7998046875,651.9561767578125,135.00648498535156,6600.35009765625
2025-09-18,14698.080078125,655.0023803710938,137.33924865722656,6631.9599609375
2025-09-19,14769.9296875,658.2465209960938,138.73194885253906,6664.35986328125
2025-09-22,14836.26953125,661.3607788085938,140.77285766601562,6693.75
2025-09-23,14754.6298828125,657.7606201171875,139.5576629638672,6656.919921875
2025-09-24,14712.7197265625,655.6678466796875,138.69607543945312,6637.97021484375
2025-09-25,14639.1796875,652.6429443359375,138.45204162597656,6604.72021484375
2025-09-26,14725.98046875,656.3820190429688,138.87039184570312,6643.7001953125
2025-09-29,14764.919921875,658.2266845703125,139.61245727539062,6661.2099609375
2025-09-30,14826.7998046875,660.7061157226562,140.3744354248047,6688.4599609375
2025-10-01,14877.9599609375,662.9574584960938,141.74900817871094,6711.2001953125
2025-10-02,14887.3203125,663.7210693359375,142.51596069335938,6715.35009765625
2025-10-03,14889.83984375,663.7112426757812,141.79881286621094,6715.7900390625
2025-10-06,14945.23046875,666.0914916992188,143.23312377929688,6740.27978515625
2025-10-07,14888.3701171875,663.6219482421875,142.2769012451172,6714.58984375
2025-10-08,14975.1298828125,667.5791625976562,144.77203369140625,6753.72021484375
2025-10-09,14934.3798828125,665.6452026367188,144.5279998779297,6735.10986328125
2025-10-10,14531.41015625,647.6542358398438,138.64630126953125,6552.509765625
2025-10-13,14758.0703125,657.5919189453125,142.02291870117188,6654.72021484375
2025-10-14,14735.2099609375,656.78857421875,140.20013427734375,6644.31005859375
2025-10-15,14795.66015625,659.7044067382812,141.58963012695312,6671.06005859375
2025-10-16,14702.5703125,655.2116088867188,141.6942138671875,6629.06982421875
2025-10-17,14780.3603515625,658.9308471679688,141.9432373046875,6664.009765625
2025-10-20,14938.2900390625,665.7840576171875,143.52696228027344,6735.1298828125
2025-10-21,14938.830078125,665.7741088867188,143.60166931152344,6735.35009765625
2025-10-22,14859.330078125,662.3128051757812,142.18228149414062,6699.39990234375
2025-10-23,14946.1298828125,666.2402954101562,143.9751739501953,6738.43994140625
2025-10-24,15064.91015625,671.6851806640625,146.21133422851562,6791.68994140625
2025-10-27,15250.1396484375,679.6094970703125,148.91064453125,6875.16015625
2025-10-28,15285.099609375,681.41455078125,150.3848114013672,6890.89013671875
2025-10-29,15284.5302734375,681.7418823242188,151.46554565429688,6890.58984375
2025-10-30,15133.23046875,674.2440185546875,149.60292053222656,6822.33984375
2025-10-31,15173.9501953125,676.45556640625,149.74734497070312,6840.2001953125
2025-11-03,15201.0,677.7251586914062,150.35992431640625,6851.97021484375
2025-11-04,15022.75,669.6917114257812,146.39064025878906,6771.5498046875
2025-11-05,15077.7099609375,672.012451171875,146.96336364746094,6796.2900390625
2025-11-06,14909.2802734375,664.8021850585938,144.01004028320312,6720.31982421875
2025-11-07,14929.6298828125,665.4567260742188,143.51202392578125,6728.7998046875
2025-11-10,15161.4697265625,675.8406982421875,147.1824951171875,6832.43017578125
2025-11-11,15192.9404296875,677.3878784179688,145.92745971679688,6846.60986328125
2025-11-12,15203.1298828125,677.7648315429688,146.38067626953125,6850.919921875
2025-11-13,14951.8701171875,666.5180053710938,142.73011779785156,6737.490234375
2025-11-14,14947.51953125,666.4088745117188,143.5070343017578,6734.10986328125
2025-11-17,14812.01953125,660.2003173828125,141.2609405517578,6672.41015625
2025-11-18,14690.8095703125,654.65625,138.96502685546875,6617.31982421875
2025-11-19,14746.4404296875,657.185302734375,139.9311981201172,6642.16015625
2025-11-20,14518.9501953125,647.1683349609375,135.53857421875,6538.759765625
2025-11-21,14662.6796875,653.6149291992188,136.06150817871094,6602.990234375
2025-11-24,14889.669921875,663.235107421875,139.3036651611328,6705.1201171875
2025-11-25,15025.5400390625,669.4735107421875,139.6772003173828,6765.8798828125
2025-11-26,15129.5703125,674.09521484375,141.33065795898438,6812.60986328125
2025-11-28,15211.1396484375,677.7747192382812,142.5458526611328,6849.08984375
2025-12-01,15132.0,674.6802978515625,142.610595703125,6812.6298828125
2025-12-02,15169.6298828125,675.9300537109375,144.07977294921875,6829.3701171875
2025-12-03,15215.33984375,678.2706298828125,144.4234161376953,6849.72021484375
2025-12-04,15232.8095703125,678.7664794921875,144.96128845214844,6857.1201171875
2025-12-05,15264.6396484375,680.0557861328125,146.02210998535156,6870.39990234375
2025-12-08,15212.83984375,678.0127563476562,147.04803466796875,6846.509765625
2025-12-09,15199.66015625,677.4275512695312,147.43649291992188,6840.509765625
2025-12-10,15302.75,681.92041015625,148.14370727539062,6886.68017578125
2025-12-11,15334.740234375,683.5072021484375,147.38668823242188,6901.0
2025-12-12,15172.1298828125,676.1581420898438,143.12356567382812,6827.41015625
2025-12-15,15150.4599609375,675.1365356445312,141.73904418945312,6816.509765625
2025-12-16,15114.919921875,673.2918701171875,141.9980010986328,6800.259765625
2025-12-17,14940.009765625,665.8832397460938,138.84051513671875,6721.43017578125
2025-12-18,15058.7099609375,670.9114990234375,140.98202514648438,6774.759765625
2025-12-19,15191.849609375,676.9923095703125,144.0299835205078,6834.5
2025-12-22,15290.5498046875,681.2098999023438,144.8070831298828,6878.490234375
2025-12-23,15360.1796875,684.3233032226562,145.5951385498047,6909.7900390625
2025-12-24,15409.7001953125,686.7305297851562,145.94430541992188,6932.0498046875
2025-12-26,15406.48046875,686.660888671875,146.17373657226562,6929.93994140625
2025-12-29,15353.16015625,684.2138671875,145.51535034179688,6905.740234375
2025-12-30,15332.0703125,683.3783569335938,145.0564727783203,6896.240234375
2025-12-31,15220.4501953125,678.3152465820312,143.61996459960938,6845.5
2026-01-02,15252.8203125,679.55859375,143.94915771484375,6858.47021484375
2026-01-05,15349.7802734375,684.0845336914062,144.26837158203125,6902.0498046875
2026-01-06,15446.0302734375,688.1529541015625,146.29344177246094,6944.81982421875
2026-01-07,15392.990234375,685.9347534179688,146.17373657226562,6920.93017578125
2026-01-08,15394.1796875,685.8651123046875,143.88931274414062,6921.4599609375
2026-01-09,15494.509765625,690.4010009765625,145.79466247558594,6966.27978515625
2026-01-12,15520.259765625,691.4852294921875,146.43310546875,6977.27001953125
2026-01-13,15490.4501953125,690.1026000976562,146.1238555908203,6963.740234375
2026-01-14,15408.150390625,686.7106323242188,144.3481903076172,6926.60009765625
2026-01-15,15448.2998046875,688.5806884765625,145.10635375976562,6944.47021484375
2026-01-16,15439.4697265625,688.0037231445312,145.2659454345703,6940.009765625
2026-01-20,15121.51953125,673.9981689453125,141.49513244628906,6796.85986328125
2026-01-21,15297.01953125,681.77685546875,143.46035766601562,6875.6201171875
2026-01-22,15381.2197265625,685.3379516601562,144.5277557373047,6913.35009765625
2026-01-23,15387.6298828125,685.5865478515625,144.73724365234375,6915.60986328125
2026-01-26,15464.66015625,689.0680541992188,145.72483825683594,6950.22998046875
2026-01-27,15527.8203125,691.8134765625,147.6900634765625,6978.60009765625
2026-01-28,15526.6904296875,691.7438354492188,148.86717224121094,6978.02978515625
2026-01-29,15506.83984375,690.3711547851562,146.51292419433594,6969.009765625
2026-01-30,15441.150390625,688.3120727539062,143.5301971435547,6939.02978515625
2026-02-02,15525.1103515625,691.7339477539062,144.9068145751953,6976.43994140625
2026-02-03,15394.75,685.885009765625,141.7345733642578,6917.81005859375
2026-02-04,15316.75,682.5626831054688,137.78419494628906,6882.72021484375
2026-02-05,15129.23046875,674.0379638671875,135.3002471923828,6798.39990234375
2026-02-06,15427.830078125,686.96923828125,140.78688049316406,6932.2998046875
2026-02-09,15501.650390625,690.2816772460938,143.00148010253906,6964.81982421875
2026-02-10,15451.3203125,688.4613037109375,142.20343017578125,6941.81005859375
2026-02-11,15451.0,688.3021850585938,142.62240600585938,6941.47021484375
2026-02-12,15210.2998046875,677.668701171875,138.87155151367188,6832.759765625
2026-02-13,15220.1298828125,678.1461181640625,139.22068786621094,6836.169921875
2026-02-17,15237.83984375,679.2402954101562,139.140869140625,6843.22021484375
2026-02-18,15323.23046875,682.662109375,140.56741333007812,6881.31005859375
2026-02-19,15282.08984375,680.8616333007812,139.86911010742188,6861.89013671875
2026-02-20,15388.6396484375,685.7855834960938,140.5374755859375,6909.509765625
2026-02-23,15229.2802734375,678.7827758789062,138.18321228027344,6837.75
2026-02-24,15346.740234375,683.7164916992188,139.97885131835938,6890.06982421875
2026-02-25,15472.0595703125,689.4859008789062,142.66229248046875,6946.1298828125
2026-02-26,15389.1298828125,685.6561889648438,140.6671600341797,6908.85986328125
2026-02-27,15323.7998046875,682.3637084960938,138.42263793945312,6878.8798828125
2026-03-02,15331.1796875,682.751708984375,139.2007293701172,6881.6201171875
2026-03-03,15186.990234375,676.7337036132812,137.1656951904297,6816.6298828125
2026-03-04,15305.009765625,681.5082397460938,139.5,6869.5
2026-03-05,15219.1396484375,677.70849609375,139.83917236328125,6830.7099609375
2026-03-06,15019.2001953125,668.82568359375,136.95619201660156,6740.02001953125
2026-03-09,15145.3798828125,674.6845703125,139.42019653320312,6795.990234375
2026-03-10,15114.7001953125,673.6002807617188,139.42019653320312,6781.47998046875
2026-03-11,15102.5703125,672.7548217773438,140.08856201171875,6775.7998046875
2026-03-12,14873.2197265625,662.5390625,137.50486755371094,6672.6201171875
2026-03-13,14785.0703125,658.7890014648438,136.4674072265625,6632.18994140625
2026-03-16,14936.3701171875,665.493408203125,138.4425811767578,6699.3798828125
2026-03-17,14974.1796875,667.2440185546875,139.2007293701172,6716.08984375
2026-03-18,14770.48046875,657.9335327148438,137.6245880126953,6624.7001953125
2026-03-19,14730.740234375,656.3121948242188,138.0934295654297,6606.490234375
2026-03-20,14508.1201171875,646.9034423828125,134.96107482910156,6506.47998046875
2026-03-23,14675.169921875,653.6959228515625,136.78689575195312,6581.0
2026-03-24,14620.3798828125,651.5015869140625,135.9878387451172,6556.3701171875
2026-03-25,14700.1796875,655.1322021484375,136.5971221923828,6591.89990234375
2026-03-26,14444.3603515625,643.432373046875,132.34219360351562,6477.16015625
2026-03-27,14203.240234375,632.4606323242188,129.76527404785156,6368.85009765625
2026-03-30,14147.3095703125,630.3460693359375,127.34815216064453,6343.72021484375
2026-03-31,14560.75,648.6688842773438,132.74171447753906,6528.52001953125
2026-04-01,14665.6796875,653.5562744140625,134.74932861328125,6575.31982421875
2026-04-02,14683.2001953125,654.144775390625,135.8280487060547,6582.68994140625
2026-04-06,14749.3095703125,657.23681640625,136.61709594726562,6611.830078125
2026-04-07,14760.6396484375,657.5260009765625,137.2663116455078,6616.85009765625
2026-04-08,15130.8603515625,674.27294921875,141.52125549316406,6782.81005859375
2026-04-09,15225.1796875,678.162841796875,141.9008026123047,6824.66015625
2026-04-10,15209.3798828125,677.7140502929688,142.45013427734375,6816.89013671875
2026-04-13,15364.1103515625,684.3369750976562,145.43658447265625,6886.240234375
2026-04-14,15545.5498046875,692.675537109375,147.76380920410156,6967.3798828125
2026-04-15,15670.76953125,698.1414184570312,150.12100219726562,7022.9501953125
2026-04-16,15711.7998046875,699.8569946289062,151.83895874023438,7041.27978515625
2026-04-17,15901.0302734375,708.3152465820312,154.1661834716797,7126.06005859375
2026-04-20,15863.6796875,706.8988037109375,154.37591552734375,7109.14013671875
2026-04-21,15763.01953125,702.2708129882812,154.50576782226562,7064.009765625
2026-04-22,15928.16015625,709.3825073242188,157.90171813964844,7137.89990234375
2026-04-23,15862.5498046875,706.6295776367188,155.65440368652344,7108.39990234375
2026-04-24,15989.6904296875,712.10546875,160.02919006347656,7165.080078125
2026-04-27,16009.490234375,713.332275390625,160.37876892089844,7173.91015625
2026-04-28,15931.2197265625,709.8612060546875,157.66201782226562,7138.7998046875
2026-04-29,15924.900390625,709.7515258789062,158.92050170898438,7135.9501953125
2026-04-30,16088.5595703125,716.8132934570312,159.31004333496094,7209.009765625
2026-05-01,16136.0302734375,718.7982177734375,161.67721557617188,7230.1201171875
2026-05-04,16071.4404296875,716.1649780273438,161.8570098876953,7200.75
2026-05-05,16202.3798828125,721.9102172851562,165.4327392578125,7259.22021484375
2026-05-06,16438.759765625,731.9443359375,169.82749938964844,7365.1201171875
2026-05-07,16376.349609375,729.7001342773438,169.4879150390625,7337.10986328125
2026-05-08,16516.80078125,735.724609375,175.31097412109375,7398.93017578125
2026-05-11,16549.25,737.4002685546875,177.66815185546875,7412.83984375
2026-05-12,16523.2890625,736.2831420898438,174.99134826660156,7400.9599609375
2026-05-13,16620.58984375,740.4025268554688,176.63938903808594,7444.25
2026-05-14,16748.2109375,746.2474975585938,179.28622436523438,7501.240234375
2026-05-15,16544.279296875,737.2706298828125,176.05007934570312,7408.5
2026-05-18,16533.109375,736.751953125,174.15234375,7403.0498046875
2026-05-19,16423.779296875,731.8446044921875,173.03367614746094,7353.60986328125
2026-05-20,16601.419921875,739.3452758789062,176.9290313720703,7432.97021484375
2026-05-21,16631.9296875,740.8114624023438,178.38729858398438,7445.72021484375
2026-05-22,16694.890625,743.7239990234375,180.17515563964844,7473.47021484375
2026-05-26,16797.919921875,748.6613159179688,184.9195098876953,7519.1201171875
2026-05-27,16800.859375,748.5316162109375,184.21034240722656,7520.35986328125
2026-05-28,16897.640625,752.6609497070312,186.62747192382812,7563.6298828125
2026-05-29,16935.349609375,754.5361328125,190.79251098632812,7580.06005859375
2026-06-01,16981.099609375,756.5908203125,195.52685546875,7599.9599609375
2026-06-02,17003.5703125,757.6182250976562,197.9739532470703,7609.77978515625
2026-06-03,16878.490234375,752.3018798828125,195.9962921142578,7553.68017578125
2026-06-04,16949.849609375,755.1445922851562,192.93994140625,7584.31005859375
2026-06-05,16503.9609375,735.65478515625,180.08526611328125,7383.740234375
2026-06-08,16553.779296875,737.3204345703125,183.9606475830078,7405.72998046875
2026-06-09,16511.7109375,735.1560668945312,180.55471801757812,7386.64990234375
2026-06-10,16244.650390625,723.56591796875,176.41964721679688,7266.990234375
2026-06-11,16529.439453125,735.8642578125,182.99180603027344,7394.2998046875
2026-06-12,16613.30078125,739.843994140625,184.5799102783203,7431.4599609375
2026-06-15,16891.779296875,752.890380859375,191.56158447265625,7554.2900390625
2026-06-16,16796.279296875,748.4019775390625,186.21795654296875,7511.35009765625
2026-06-17,16592.44921875,739.0560302734375,185.57872009277344,7420.10009765625
2026-06-18,16772.640625,746.739990234375,191.21200561523438,7500.580078125
2026-06-22,16711.439453125,744.3900146484375,192.14999389648438,7472.7900390625
2026-06-23,16471.599609375,733.5800170898438,184.19000244140625,7365.4599609375
2026-06-24,16455.509765625,733.239990234375,183.0500030517578,7358.22021484375
2026-06-25,16454.630859375,734.2999877929688,184.57000732421875,7357.490234375
2026-06-26,16447.2890625,728.989990234375,181.11000061035156,7354.02001953125
2026-06-29,16640.640625,741.0,185.41000366210938,7440.43017578125
2026-06-30,16774.0703125,746.77001953125,190.52000427246094,7499.35986328125
2026-07-01,16738.560546875,745.760009765625,185.6199951171875,7483.22998046875
2026-07-02,16739.259765625,744.780029296875,180.58999633789062,7483.240234375
2026-07-06,16862.1796875,751.280029296875,183.57000732421875,7537.43017578125
2026-07-07,16787.1796875,747.7100219726562,179.17999267578125,7503.85009765625
2026-07-08,16739.939453125,745.4000244140625,181.39999389648438,7482.7099609375
2026-07-09,16876.830078125,751.7100219726562,185.35000610351562,7543.64013671875
2026-07-10,16949.55078125,754.9500122070312,185.77999877929688,7575.39013671875
2026-07-13,16815.2109375,749.1699829101562,181.27999877929688,7515.33984375
2026-07-14,16878.41015625,751.8300170898438,183.6199951171875,7543.58984375
2026-07-15,16944.0703125,754.8099975585938,181.5800018310547,7572.39990234375
2026-07-16,16857.630859375,750.719970703125,177.52000427246094,7533.77001953125
2026-07-17,16687.560546875,743.2899780273438,175.58999633789062,7457.68994140625
2026-07-20,16655.91015625,742.0900268554688,175.7100067138672,7443.27978515625
2026-07-21,16803.509765625,748.280029296875,180.77999877929688,7509.2001953125
2026-07-22,16780.810546875,747.4099731445312,180.27000427246094,7498.9599609375
2026-07-23,16578.279296875,738.1799926757812,178.4499969482422,7408.2998046875
2026-07-24,16588.009765625,738.9299926757812,175.8800048828125,7411.97998046875
2026-07-27,16590.80078125,739.0900268554688,174.3000030517578,7413.18017578125
2026-07-28,16625.900390625,740.8599853515625,171.08999633789062,7428.77978515625
2026-07-29,16373.8095703125,729.4600219726562,166.57000732421875,7316.14990234375
2026-07-30,16645.7890625,741.6900024414062,175.72999572753906,7437.6298828125
2026-07-31,16763.419921875,747.030029296875,175.35000610351562,7489.72021484375
2026-08-03,17012.380859375,757.6699829101562,178.0399932861328,7600.5
2026-08-04,17316.939453125,771.3300170898438,186.89999389648438,7736.52001953125
2026-08-05,17287.970703125,769.7899780273438,185.91000366210938,7723.5498046875
2026-08-06,17257.580078125,768.5599975585938,185.3300018310547,7709.9599609375
2026-08-07,17365.140625,773.260009765625,187.97000122070312,7757.64013671875
2026-08-10,17356.689453125,773.030029296875,186.32000732421875,7753.10986328125
2026-08-11,17301.41015625,770.5599975585938,186.08999633789062,7728.2001953125
2026-08-12,17347.400390625,772.489990234375,188.86000061035156,7748.5
2026-08-13,17460.759765625,777.8800048828125,190.77000427246094,7798.990234375
2026-08-14,17433.30078125,776.3400268554688,190.00999450683594,7785.759765625
2026-08-17,17344.369140625,772.6699829101562,190.32000732421875,7745.06005859375
2026-08-18,17225.330078125,767.4500122070312,185.6199951171875,7691.759765625
2026-08-19,17263.099609375,769.0599975585938,183.63999938964844,7707.97998046875
2026-08-20,17115.4609375,762.5999755859375,183.10000610351562,7641.16015625
2026-08-21,17190.76953125,765.719970703125,183.30999755859375,7674.3701171875
2026-08-24,17142.890625,763.469970703125,180.0500030517578,7652.85986328125
2026-08-25,17198.58984375,765.9099731445312,181.74000549316406,7677.27978515625
2026-08-26,17195.130859375,766.0800170898438,182.83999633789062,7675.7001953125
2026-08-27,17319.01953125,771.0999755859375,188.61000061035156,7730.990234375
2026-08-28,,769.3499755859375,,
2026-08-31,17219.939453125,767.0499877929688,186.5,7686.14013671875
2026-09-01,17099.0,761.780029296875,183.63999938964844,7631.47021484375
