theme,ticker,valid_from,valid_to,role,note,story,position,source_url,evidence_10k,added_by,valid_from_basis,filer_type
semis,NVDA,2022-01-01,,core,2026-07-23 鏈定義注釋(ADR-0029):semis=「AI 晶片」(敘事=AI算力荒;theme key不改名),"AI 算力荒——訂單由雲廠的資本開支決定,實體樽頸是先進封裝(CoWoS)與高頻寬記憶體產能,以年計才補得回。","上游:AI 加速器與資料中心互連矽片的設計商,直接賣給超大規模雲廠",https://www.sec.gov/Archives/edgar/data/1045810/000104581026000021/nvda-20260125.htm,2026:and per memory bandwidth of accelerators used in new and renovated data centers in China.,v0,"沿用 v0(舊倉 ADR-0039 鎖死名單,未改)",10-K
semis,AMD,2022-01-01,,core,,"AI 算力荒——訂單由雲廠的資本開支決定,實體樽頸是先進封裝(CoWoS)與高頻寬記憶體產能,以年計才補得回。","上游:AI 加速器與資料中心互連矽片的設計商,直接賣給超大規模雲廠",https://www.sec.gov/Archives/edgar/data/2488/000000248826000018/amd-20251227.htm,"2025:data centers, we offer AI accelerators, microprocessors (CPUs), graphic processing units (GPUs), data processing units",v0,"沿用 v0(舊倉 ADR-0039 鎖死名單,未改)",10-K
semis,INTC,2022-01-01,2021-11-30,core,"2026-07-23 手術(ADR-0029):INTC整間出隊(修正ADR-0028標折原提案)——同一鏈位要同一敘事;INTC 2022年講嘅係相反故事(被搶市佔/殺價/代工燒錢 vs NVDA缺貨加價)‧AI算力荒敘事同佢無關;valid_to早於任何回測asof=全期剔除;他日若真正加入AI晶片供給可經正式覆核考返入嚟(唔係自動) [2026-07-27 修正結束日 2021-12-31→2021-11-30:走廊首個決策日係 2021-12-01,舊日期令追溯剔除喺第一季失效]","AI 算力荒——訂單由雲廠的資本開支決定,實體樽頸是先進封裝(CoWoS)與高頻寬記憶體產能,以年計才補得回。","上游:AI 加速器與資料中心互連矽片的設計商,直接賣給超大規模雲廠",https://www.sec.gov/Archives/edgar/data/50863/000005086326000011/intc-20251227.htm,"2025:GPUs, IPUs, NPUs and other accelerators designed to optimize performance across a range of workloads.",v0,"沿用 v0(舊倉 ADR-0039 鎖死名單,未改)",10-K
semis,AVGO,2022-01-01,,core,"ADR-0039 讀對瓣:只讀AI半導體瓣。三條分類測試全過;ADR-0029記名例外同時退役(層唔係GPU,係賣俾雲廠嘅AI加速器)","AI 算力荒——訂單由雲廠的資本開支決定,實體樽頸是先進封裝(CoWoS)與高頻寬記憶體產能,以年計才補得回。","上游:AI 加速器與資料中心互連矽片的設計商,直接賣給超大規模雲廠",https://www.sec.gov/Archives/edgar/data/1730168/000173016825000121/avgo-20251102.htm,"2025:AI semiconductor solutions include custom accelerators or XPUs, Ethernet switching and routing silicon, Ethernet NICs,",v0,"沿用 v0(舊倉 ADR-0039 鎖死名單,未改)",10-K
biotech,AMGN,2022-01-01,,core,,"審批稀缺性即定價權——同一則 FDA、專利懸崖或保險核價消息,對這批有在售產品的原廠方向一致。","下游:已商業化的大型生物製藥原廠,專利藥經處方賣給病人與保險",https://www.sec.gov/Archives/edgar/data/318154/000031815426000010/amgn-20251231.htm,"2025:U.S. Foreign Corrupt Practices Act FDA U.S. Food and Drug Administration FDCA Federal Food, Drug,",v0,"沿用 v0(舊倉 ADR-0039 鎖死名單,未改)",10-K
biotech,GILD,2022-01-01,,core,,"審批稀缺性即定價權——同一則 FDA、專利懸崖或保險核價消息,對這批有在售產品的原廠方向一致。","下游:已商業化的大型生物製藥原廠,專利藥經處方賣給病人與保險",https://www.sec.gov/Archives/edgar/data/882095/000088209526000006/gild-20251231.htm,2025:U.S. Food and Drug Administration (“FDA”) for a pre-exposure prophylaxis (“PrEP”) indication to reduce the,v0,"沿用 v0(舊倉 ADR-0039 鎖死名單,未改)",10-K
biotech,VRTX,2022-01-01,,core,,"審批稀缺性即定價權——同一則 FDA、專利懸崖或保險核價消息,對這批有在售產品的原廠方向一致。","下游:已商業化的大型生物製藥原廠,專利藥經處方賣給病人與保險",https://www.sec.gov/Archives/edgar/data/875320/000087532026000056/vrtx-20251231.htm,2025:U.S. Food and Drug Administration (“FDA”) in January 2025 for the treatment of moderate-to-severe acute,v0,"沿用 v0(舊倉 ADR-0039 鎖死名單,未改)",10-K
biotech,REGN,2022-01-01,,core,,"審批稀缺性即定價權——同一則 FDA、專利懸崖或保險核價消息,對這批有在售產品的原廠方向一致。","下游:已商業化的大型生物製藥原廠,專利藥經處方賣給病人與保險",https://www.sec.gov/Archives/edgar/data/872589/000087258926000008/regn-20251231.htm,2025:2025 annual meeting –Approved by FDA and European Commission ('EC') for RVO –Approved by FDA,v0,"沿用 v0(舊倉 ADR-0039 鎖死名單,未改)",10-K
biotech,BIIB,2022-01-01,,core,,"審批稀缺性即定價權——同一則 FDA、專利懸崖或保險核價消息,對這批有在售產品的原廠方向一致。","下游:已商業化的大型生物製藥原廠,專利藥經處方賣給病人與保險",https://www.sec.gov/Archives/edgar/data/875045/000087504526000013/biib-20251231.htm,2025:FCPA Foreign Corrupt Practices Act FDA U.S. Food and Drug Administration Table of Contents DEFINED,v0,"沿用 v0(舊倉 ADR-0039 鎖死名單,未改)",10-K
uranium_power,CCJ,2022-01-01,,core,,"鈾精礦賣給核電廠,售價由礦供給(長期減產、庫存見底)對反應堆需求決定;開一個新礦要七至十年,而買家是剛需——貴極都要買,停爐蝕得更多。","上游:核燃料(鈾礦開採,以及 LEU 的鈾濃縮一節)",https://www.sec.gov/Archives/edgar/data/1009001/000119312526116229/d34605d40f.htm,,v0,"沿用 v0(舊倉 ADR-0039 鎖死名單,未改)",40-F
uranium_power,LEU,2022-01-01,,core,2026-07-21 補讀卷加入:濃縮層(low-enriched uranium 上游/Centrus),"鈾精礦賣給核電廠,售價由礦供給(長期減產、庫存見底)對反應堆需求決定;開一個新礦要七至十年,而買家是剛需——貴極都要買,停爐蝕得更多。","上游:核燃料(鈾礦開採,以及 LEU 的鈾濃縮一節)",https://www.sec.gov/Archives/edgar/data/1065059/000162828026007117/leu-20251231.htm,"2022:Regulations HALEU High Assay Low-Enriched Uranium HALEU Demonstration Contract Three-year, $115 million cost-share contract with",v0,"沿用 v0(舊倉 ADR-0039 鎖死名單,未改)",10-K
uranium_power,UEC,2022-01-01,2021-11-30,core,"ADR-0039 測試一:走廊大部分時間未生產(2024年先重啟礦場),冇售價可讀;同 NXE 同一把尺 [2026-07-27 修正結束日 2021-12-31→2021-11-30:走廊首個決策日係 2021-12-01,舊日期令追溯剔除喺第一季失效]","鈾精礦賣給核電廠,售價由礦供給(長期減產、庫存見底)對反應堆需求決定;開一個新礦要七至十年,而買家是剛需——貴極都要買,停爐蝕得更多。","上游:核燃料(鈾礦開採,以及 LEU 的鈾濃縮一節)",https://www.sec.gov/Archives/edgar/data/1334933/000143774925029761/uec20250731_10k.htm,"2022:based on estimates of future uranium prices, production based on current estimates of recoverable mineral",v0,"沿用 v0(舊倉 ADR-0039 鎖死名單,未改)",10-K
uranium_power,NXE,2022-01-01,2021-11-30,core,"ADR-0039 測試一:開發階段冇產品收入,冇售價可讀 [2026-07-27 修正結束日 2021-12-31→2021-11-30:走廊首個決策日係 2021-12-01,舊日期令追溯剔除喺第一季失效]","鈾精礦賣給核電廠,售價由礦供給(長期減產、庫存見底)對反應堆需求決定;開一個新礦要七至十年,而買家是剛需——貴極都要買,停爐蝕得更多。","上游:核燃料(鈾礦開採,以及 LEU 的鈾濃縮一節)",https://www.sec.gov/Archives/edgar/data/1698535/000119312526089376/d84755d40f.htm,,v0,"沿用 v0(舊倉 ADR-0039 鎖死名單,未改)",40-F
uranium_power,CEG,2022-02-01,2021-11-30,core,"2026-07-21 出世紙修正:規管電力股同鈾價脫鈎;CEG 歸電力商 [2026-07-27 修正結束日 2021-12-31→2021-11-30:走廊首個決策日係 2021-12-01,舊日期令追溯剔除喺第一季失效]","鈾精礦賣給核電廠,售價由礦供給(長期減產、庫存見底)對反應堆需求決定;開一個新礦要七至十年,而買家是剛需——貴極都要買,停爐蝕得更多。","上游:核燃料(鈾礦開採,以及 LEU 的鈾濃縮一節)",https://www.sec.gov/Archives/edgar/data/1868275/000186827526000032/ceg-20251231.htm,"2025:the mining and milling of uranium ore into uranium concentrates, the conversion of uranium concentrates",v0,"沿用 v0(舊倉 ADR-0039 鎖死名單,未改)",10-K
uranium_power,DUK,2022-01-01,2021-11-30,core,"2026-07-21 出世紙修正:規管電力股同鈾價脫鈎;CEG 歸電力商 [2026-07-27 修正結束日 2021-12-31→2021-11-30:走廊首個決策日係 2021-12-01,舊日期令追溯剔除喺第一季失效]","鈾精礦賣給核電廠,售價由礦供給(長期減產、庫存見底)對反應堆需求決定;開一個新礦要七至十年,而買家是剛需——貴極都要買,停爐蝕得更多。","上游:核燃料(鈾礦開採,以及 LEU 的鈾濃縮一節)",https://www.sec.gov/Archives/edgar/data/1326160/000132616026000014/duk-20251231.htm,"2025:the mining and milling of uranium ore to produce uranium concentrates and services to convert,",v0,"沿用 v0(舊倉 ADR-0039 鎖死名單,未改)",10-K
uranium_power,SO,2022-01-01,2021-11-30,core,"2026-07-21 出世紙修正:規管電力股同鈾價脫鈎;CEG 歸電力商 [2026-07-27 修正結束日 2021-12-31→2021-11-30:走廊首個決策日係 2021-12-01,舊日期令追溯剔除喺第一季失效]","鈾精礦賣給核電廠,售價由礦供給(長期減產、庫存見底)對反應堆需求決定;開一個新礦要七至十年,而買家是剛需——貴極都要買,停爐蝕得更多。","上游:核燃料(鈾礦開採,以及 LEU 的鈾濃縮一節)",https://www.sec.gov/Archives/edgar/data/92122/000009212226000006/so-20251231.htm,"2025:their nuclear fuel needs for uranium, conversion services, enrichment services, and fuel fabrication with remaining",v0,"沿用 v0(舊倉 ADR-0039 鎖死名單,未改)",10-K
copper,FCX,2022-01-01,,core,,"賣給電氣化與工業製造商,售價由全球礦供給(品位下跌、罷工、新礦投產)決定;開一個新礦要十年以上。",上游:銅礦開採(銅精礦與陰極銅),https://www.sec.gov/Archives/edgar/data/831259/000083125926000012/fcx-20251231.htm,"2025:copper mines also produce molybdenum concentrate, gold and silver. In South America, we manage two",v0,"沿用 v0(舊倉 ADR-0039 鎖死名單,未改)",10-K
copper,SCCO,2022-01-01,,core,,"賣給電氣化與工業製造商,售價由全球礦供給(品位下跌、罷工、新礦投產)決定;開一個新礦要十年以上。",上游:銅礦開採(銅精礦與陰極銅),https://www.sec.gov/Archives/edgar/data/1001838/000110465926021492/scco-20251231x10k.htm,2022:copper ore to produce copper concentrates and molybdenum concentrates; the smelting of copper concentrates to,v0,"沿用 v0(舊倉 ADR-0039 鎖死名單,未改)",10-K
copper,TECK,2022-01-01,2021-11-30,core,"2026-07-24 剔:回測期(2022-2024中)冶金煤佔重‧非純銅‧按BHP/RIO先例全期出隊;2024賣煤轉純銅後可另議重入(ADR-0032) [2026-07-27 修正結束日 2021-12-31→2021-11-30:走廊首個決策日係 2021-12-01,舊日期令追溯剔除喺第一季失效]","賣給電氣化與工業製造商,售價由全球礦供給(品位下跌、罷工、新礦投產)決定;開一個新礦要十年以上。",上游:銅礦開採(銅精礦與陰極銅),https://www.sec.gov/Archives/edgar/data/886986/000088698626000004/teck-20251231.htm,,v0,"沿用 v0(舊倉 ADR-0039 鎖死名單,未改)",40-F
copper,BHP,2022-01-01,2021-11-30,core,"2026-07-21 手術S1出隊:綜合礦業‧主盈利=鐵礦石(中國鋼鐵週期)‧非銅電氣化;去向=中國政策池‧棄(universe_audit_v2.md §三) [2026-07-27 修正結束日 2021-12-31→2021-11-30:走廊首個決策日係 2021-12-01,舊日期令追溯剔除喺第一季失效]","賣給電氣化與工業製造商,售價由全球礦供給(品位下跌、罷工、新礦投產)決定;開一個新礦要十年以上。",上游:銅礦開採(銅精礦與陰極銅),https://www.sec.gov/Archives/edgar/data/811809/000119312526354647/bhp-20260630.htm,,v0,"沿用 v0(舊倉 ADR-0039 鎖死名單,未改)",20-F
copper,RIO,2022-01-01,2021-11-30,core,"2026-07-21 手術S1出隊:鐵礦石佔盈利七成半以上‧非銅電氣化;去向=中國政策池‧棄(universe_audit_v2.md §三) [2026-07-27 修正結束日 2021-12-31→2021-11-30:走廊首個決策日係 2021-12-01,舊日期令追溯剔除喺第一季失效]","賣給電氣化與工業製造商,售價由全球礦供給(品位下跌、罷工、新礦投產)決定;開一個新礦要十年以上。",上游:銅礦開採(銅精礦與陰極銅),https://www.sec.gov/Archives/edgar/data/863064/000162828026009531/rio-20251231.htm,,v0,"沿用 v0(舊倉 ADR-0039 鎖死名單,未改)",20-F
china,BABA,2022-01-01,,core,,"盈利開關是中國監管政策(反壟斷、數據安全、ADR 退市風險),結構性落在供需卷之外——同一則政策消息把整批打上打落。","橫向:在美國上市的中國互聯網平台(共通點是政策開關,不是上下游位置)",https://www.sec.gov/Archives/edgar/data/1577552/000119312526231755/baba-20260331.htm,,v0,"沿用 v0(舊倉 ADR-0039 鎖死名單,未改)",20-F
china,BIDU,2022-01-01,,core,,"盈利開關是中國監管政策(反壟斷、數據安全、ADR 退市風險),結構性落在供需卷之外——同一則政策消息把整批打上打落。","橫向:在美國上市的中國互聯網平台(共通點是政策開關,不是上下游位置)",https://www.sec.gov/Archives/edgar/data/1329099/000119312526109289/d38065d20f.htm,,v0,"沿用 v0(舊倉 ADR-0039 鎖死名單,未改)",20-F
china,JD,2022-01-01,,core,,"盈利開關是中國監管政策(反壟斷、數據安全、ADR 退市風險),結構性落在供需卷之外——同一則政策消息把整批打上打落。","橫向:在美國上市的中國互聯網平台(共通點是政策開關,不是上下游位置)",https://www.sec.gov/Archives/edgar/data/1549802/000119312526157870/d53690d20f.htm,,v0,"沿用 v0(舊倉 ADR-0039 鎖死名單,未改)",20-F
china,NTES,2022-01-01,,core,,"盈利開關是中國監管政策(反壟斷、數據安全、ADR 退市風險),結構性落在供需卷之外——同一則政策消息把整批打上打落。","橫向:在美國上市的中國互聯網平台(共通點是政策開關,不是上下游位置)",https://www.sec.gov/Archives/edgar/data/1110646/000110465926043468/ntes-20251231x20f.htm,,v0,"沿用 v0(舊倉 ADR-0039 鎖死名單,未改)",20-F
energy,XOM,2022-01-01,2026-07-22,core,2026-07-22 手術(四之二十一/四之二十二):energy主題(一體化巨頭籃子)整條退役出宇宙‧存檔留痕‧唔再入答案卷/持倉候選(exp9_design.md四之二十二),"一體化把上游與下游兩種售價機制溝在一起——原油升價時上游賺、煉化蝕,對沖掉自己,所以讀不出單一缺口。",全鏈:一體化石油巨頭(上游開採 + 煉化 + 零售同一屋簷),https://www.sec.gov/Archives/edgar/data/34088/000003408826000045/xom-20251231.htm,2025:results. Data used in these integrated assessments included information obtained directly from the subsurface via,v0,"沿用 v0(舊倉 ADR-0039 鎖死名單,未改)",10-K
energy,CVX,2022-01-01,2026-07-22,core,2026-07-22 手術(四之二十一/四之二十二):energy主題整條退役出宇宙‧存檔留痕‧唔再入答案卷/持倉候選(exp9_design.md四之二十二),"一體化把上游與下游兩種售價機制溝在一起——原油升價時上游賺、煉化蝕,對沖掉自己,所以讀不出單一缺口。",全鏈:一體化石油巨頭(上游開採 + 煉化 + 零售同一屋簷),https://www.sec.gov/Archives/edgar/data/93410/000009341026000078/cvx-20251231.htm,2025:international subsidiaries that engage in integrated energy and chemicals operations. Upstream operations consist primarily of,v0,"沿用 v0(舊倉 ADR-0039 鎖死名單,未改)",10-K
energy,COP,2022-01-01,2026-07-22,core,2026-07-22 手術:energy主題退役‧COP轉入新開upstream_oil純上游主題(見下),"一體化把上游與下游兩種售價機制溝在一起——原油升價時上游賺、煉化蝕,對沖掉自己,所以讀不出單一缺口。",全鏈:一體化石油巨頭(上游開採 + 煉化 + 零售同一屋簷),https://www.sec.gov/Archives/edgar/data/1163165/000116316526000009/cop-20251231.htm,"2025:power utilities; large industrials; independent, integrated or state-owned oil and gas companies; as well as",v0,"沿用 v0(舊倉 ADR-0039 鎖死名單,未改)",10-K
upstream_oil,COP,2022-01-01,,core,2026-07-22 新開純上游主題(缺口型‧可落注):按市值最大三隻機械化選員之一‧卷已有(舊energy主題成員轉入),"原油與天然氣賣給煉廠,售價由 OPEC+ 產能與頁岩投資紀律決定;樽頸是鑽探投資週期與有限的優質井位。","上游:純油氣開採(E&P),不持煉廠",https://www.sec.gov/Archives/edgar/data/1163165/000116316526000009/cop-20251231.htm,2025:Approximately 84 percent of our proved reserves are in countries that belong to the Organization,v0,"沿用 v0(舊倉 ADR-0039 鎖死名單,未改)",10-K
upstream_oil,EOG,2022-01-01,,core,2026-07-22 新開:按市值最大三隻機械化選員之一‧本次補讀卷(22份),"原油與天然氣賣給煉廠,售價由 OPEC+ 產能與頁岩投資紀律決定;樽頸是鑽探投資週期與有限的優質井位。","上游:純油氣開採(E&P),不持煉廠",https://www.sec.gov/Archives/edgar/data/821189/000082118926000054/eog-20251231.htm,"2025:2025, EOG's total estimated net proved reserves were 5,514 million barrels of oil equivalent (MMBoe),",v0,"沿用 v0(舊倉 ADR-0039 鎖死名單,未改)",10-K
upstream_oil,PXD,2022-01-01,2024-05-03,core,2026-07-22 新開:按市值最大三隻機械化選員之一‧2024年被埃克森收購‧出世紙dated退場(valid_to=收購完成日近似);defeatbeta/yfinance/futunn三源逐字稿‧股價‧業績歷史全部搵唔到退市股數據(如實記錄‧0份卷可用)‧數據全失‧名義成員(2026-07-22補註:機械規則下由OXY遞補‧見下),"原油與天然氣賣給煉廠,售價由 OPEC+ 產能與頁岩投資紀律決定;樽頸是鑽探投資週期與有限的優質井位。","上游:純油氣開採(E&P),不持煉廠",https://www.sec.gov/Archives/edgar/data/1038357/000103835724000020/pxd-20231231.htm,2023:Estimation Procedures and Audits 36 Proved Reserves 37 Description of Properties 38 Selected Oil and,v0,"沿用 v0(舊倉 ADR-0039 鎖死名單,未改)",10-K
upstream_oil,OXY,2022-01-01,,core,2026-07-22 機械遞補:PXD退市數據全失‧按市值第四大純上游遞補‧30份卷(2019+窗口),"原油與天然氣賣給煉廠,售價由 OPEC+ 產能與頁岩投資紀律決定;樽頸是鑽探投資週期與有限的優質井位。","上游:純油氣開採(E&P),不持煉廠",https://www.sec.gov/Archives/edgar/data/797468/000162828026009059/oxy-20251231.htm,2025:toward lower carbon intensity products. PROVED RESERVES AND SALES VOLUMES The table below shows the,v0,"沿用 v0(舊倉 ADR-0039 鎖死名單,未改)",10-K
defense,LMT,2022-01-01,,core,,售價由國防預算撥款加生產鏈產能決定;樽頸是固體火箭發動機、船台與專用產線——加不了單靠加班。,"上游/中游:純國防主承包商,裝備系統賣給美國及盟國政府",https://www.sec.gov/Archives/edgar/data/936468/000162828026004195/lmt-20251231.htm,"2025:subcontractor (including 63% from the Department of War (DoW), also known as the Department of",v0,"沿用 v0(舊倉 ADR-0039 鎖死名單,未改)",10-K
defense,RTX,2022-01-01,2021-11-30,weak_witness,"ADR-0039 純度:商用航空引擎/航電分部 [2026-07-27 修正結束日 2021-12-31→2021-11-30:走廊首個決策日係 2021-12-01,舊日期令追溯剔除喺第一季失效]",售價由國防預算撥款加生產鏈產能決定;樽頸是固體火箭發動機、船台與專用產線——加不了單靠加班。,"上游/中游:純國防主承包商,裝備系統賣給美國及盟國政府",https://www.sec.gov/Archives/edgar/data/101829/000010182926000006/rtx-20251231.htm,"2025:Corporation is an aerospace and defense company that provides advanced systems and services for commercial,",v0,"沿用 v0(舊倉 ADR-0039 鎖死名單,未改)",10-K
defense,NOC,2022-01-01,,core,,售價由國防預算撥款加生產鏈產能決定;樽頸是固體火箭發動機、船台與專用產線——加不了單靠加班。,"上游/中游:純國防主承包商,裝備系統賣給美國及盟國政府",https://www.sec.gov/Archives/edgar/data/1133421/000113342126000003/noc-20251231.htm,2025:from third parties. The U.S. government typically holds licenses to patents developed in the performance,v0,"沿用 v0(舊倉 ADR-0039 鎖死名單,未改)",10-K
defense,GD,2022-01-01,2021-11-30,weak_witness,"ADR-0039 純度:商務機(灣流)分部 [2026-07-27 修正結束日 2021-12-31→2021-11-30:走廊首個決策日係 2021-12-01,舊日期令追溯剔除喺第一季失效]",售價由國防預算撥款加生產鏈產能決定;樽頸是固體火箭發動機、船台與專用產線——加不了單靠加班。,"上游/中游:純國防主承包商,裝備系統賣給美國及盟國政府",https://www.sec.gov/Archives/edgar/data/40533/000004053326000006/gd-20251231.htm,"2025:is a global aerospace and defense company that specializes in high-end design, engineering and manufacturing",v0,"沿用 v0(舊倉 ADR-0039 鎖死名單,未改)",10-K
software_cloud,MSFT,2022-01-01,,core,,"零邊際成本,加座位即刻加得到,沒有實體樽頸;售價由企業 IT 支出週期決定,不由供給缺口決定。","下游:企業訂閱制軟件與雲平台,賣給企業 IT 預算",https://www.sec.gov/Archives/edgar/data/789019/000119312526323660/msft-20260630.htm,"2026:services, including Microsoft 365 Consumer subscriptions, Office licensed on-premises, and other consumer services. • LinkedIn,",v0,"沿用 v0(舊倉 ADR-0039 鎖死名單,未改)",10-K
software_cloud,CRM,2022-01-01,,core,,"零邊際成本,加座位即刻加得到,沒有實體樽頸;售價由企業 IT 支出週期決定,不由供給缺口決定。","下游:企業訂閱制軟件與雲平台,賣給企業 IT 預算",https://www.sec.gov/Archives/edgar/data/1108524/000110852426000060/crm-20260131.htm,"2026:businesses worldwide, primarily on a subscription basis, through our direct sales efforts and also indirectly",v0,"沿用 v0(舊倉 ADR-0039 鎖死名單,未改)",10-K
software_cloud,ORCL,2022-01-01,,core,,"零邊際成本,加座位即刻加得到,沒有實體樽頸;售價由企業 IT 支出週期決定,不由供給缺口決定。","下游:企業訂閱制軟件與雲平台,賣給企業 IT 預算",https://www.sec.gov/Archives/edgar/data/1341439/000119312526277521/orcl-20260531.htm,2026:and certification programs through learning subscriptions offered by Oracle University. Learners generally have unlimited access,v0,"沿用 v0(舊倉 ADR-0039 鎖死名單,未改)",10-K
software_cloud,ADBE,2022-01-01,,core,,"零邊際成本,加座位即刻加得到,沒有實體樽頸;售價由企業 IT 支出週期決定,不由供給缺口決定。","下游:企業訂閱制軟件與雲平台,賣給企業 IT 預算",https://www.sec.gov/Archives/edgar/data/796343/000079634326000003/adbe-20251128.htm,"2025:many more are available through subscriptions to Creative Cloud Pro (except Substance 3D Apps, which",v0,"沿用 v0(舊倉 ADR-0039 鎖死名單,未改)",10-K
software_cloud,NOW,2022-01-01,,core,,"零邊際成本,加座位即刻加得到,沒有實體樽頸;售價由企業 IT 支出週期決定,不由供給缺口決定。","下游:企業訂閱制軟件與雲平台,賣給企業 IT 預算",https://www.sec.gov/Archives/edgar/data/1373715/000137371526000007/now-20251231.htm,2025:standard and enhanced support through subscription-based services delivered by technical resources located worldwide. Customers also,v0,"沿用 v0(舊倉 ADR-0039 鎖死名單,未改)",10-K
software_cloud,PLTR,2022-01-01,,core,由metaverse_innov搬入,"零邊際成本,加座位即刻加得到,沒有實體樽頸;售價由企業 IT 支出週期決定,不由供給缺口決定。","下游:企業訂閱制軟件與雲平台,賣給企業 IT 預算",https://www.sec.gov/Archives/edgar/data/1321655/000132165526000011/pltr-20251231.htm,"2025:or proposed business strategies, including subscription-based or usage-based pricing structures, will achieve broad adoption by",v0,"沿用 v0(舊倉 ADR-0039 鎖死名單,未改)",10-K
software_cloud,SHOP,2022-01-01,,core,由metaverse_innov搬入,"零邊際成本,加座位即刻加得到,沒有實體樽頸;售價由企業 IT 支出週期決定,不由供給缺口決定。","下游:企業訂閱制軟件與雲平台,賣給企業 IT 預算",https://www.sec.gov/Archives/edgar/data/1594805/000159480526000007/shop-20251231.htm,"2025:that are paying for a subscription to our platform. Words importing the singular, where the",v0,"沿用 v0(舊倉 ADR-0039 鎖死名單,未改)",10-K
banks,JPM,2022-01-01,,core,,"售價由聯儲利率與信貸週期決定,不是實體樽頸;同一則利率或信貸消息把整批打同一個方向。",中游:美國大型銀行(存貸與交易服務),https://www.sec.gov/Archives/edgar/data/19617/000162828026008131/jpm-20251231.htm,2025:Board of Governors of the Federal Reserve System (the “Federal Reserve”). The Federal Reserve acts,v0,"沿用 v0(舊倉 ADR-0039 鎖死名單,未改)",10-K
banks,BAC,2022-01-01,,core,,"售價由聯儲利率與信貸週期決定,不是實體樽頸;同一則利率或信貸消息把整批打同一個方向。",中游:美國大型銀行(存貸與交易服務),https://www.sec.gov/Archives/edgar/data/70858/000007085826000157/bac-20251231.htm,2025:Board of Governors of the Federal Reserve System (Federal Reserve). Our U.S. bank subsidiaries (the,v0,"沿用 v0(舊倉 ADR-0039 鎖死名單,未改)",10-K
banks,WFC,2022-01-01,,core,,"售價由聯儲利率與信貸週期決定,不是實體樽頸;同一則利率或信貸消息把整批打同一個方向。",中游:美國大型銀行(存貸與交易服務),https://www.sec.gov/Archives/edgar/data/72971/000007297126000133/wfc-20251231_d2.htm,2025:Board of Governors of the Federal Reserve System (Federal Reserve Board or FRB). The Parent,v0,"沿用 v0(舊倉 ADR-0039 鎖死名單,未改)",10-K
banks,GS,2022-01-01,,core,,"售價由聯儲利率與信貸週期決定,不是實體樽頸;同一則利率或信貸消息把整批打同一個方向。",中游:美國大型銀行(存貸與交易服務),https://www.sec.gov/Archives/edgar/data/886982/000088698226000091/gs-20251231.htm,"2025:Board of Governors of the Federal Reserve System (FRB). Our U.S. depository institution subsidiary, Goldman",v0,"沿用 v0(舊倉 ADR-0039 鎖死名單,未改)",10-K
banks,MS,2022-01-01,,core,,"售價由聯儲利率與信貸週期決定,不是實體樽頸;同一則利率或信貸消息把整批打同一個方向。",中游:美國大型銀行(存貸與交易服務),https://www.sec.gov/Archives/edgar/data/895421/000089542126000086/ms-20251231.htm,2025:Board of Governors of the Federal Reserve System (“Federal Reserve”) under the Bank Holding Company,v0,"沿用 v0(舊倉 ADR-0039 鎖死名單,未改)",10-K
staples,WMT,2022-01-01,,core,,"PG/KO 靠品牌提價,WMT/COST 靠規模壓供應商價——同一則成本上升消息,一邊是成本、一邊是議價籌碼,方向相反。",⚠️ 兩個位置溝在一條:品牌快消製造商(定價者)+ 大型零售商(壓價者),https://www.sec.gov/Archives/edgar/data/104169/000010416926000055/wmt-20260131.htm,"2026:Walmart' and 'Walmart Neighborhood Market' brands, as well as walmart.com and the Walmart mobile application.",v0,"沿用 v0(舊倉 ADR-0039 鎖死名單,未改)",10-K
staples,PG,2022-01-01,,core,,"PG/KO 靠品牌提價,WMT/COST 靠規模壓供應商價——同一則成本上升消息,一邊是成本、一邊是議價籌碼,方向相反。",⚠️ 兩個位置溝在一條:品牌快消製造商(定價者)+ 大型零售商(壓價者),https://www.sec.gov/Archives/edgar/data/80424/000008042426000103/pg-20260630.htm,"2026:as well as retailers' private-label brands. In this highly competitive setting, we are well positioned",v0,"沿用 v0(舊倉 ADR-0039 鎖死名單,未改)",10-K
staples,KO,2022-01-01,,core,,"PG/KO 靠品牌提價,WMT/COST 靠規模壓供應商價——同一則成本上升消息,一邊是成本、一邊是議價籌碼,方向相反。",⚠️ 兩個位置溝在一條:品牌快消製造商(定價者)+ 大型零售商(壓價者),https://www.sec.gov/Archives/edgar/data/21344/000162828026010047/ko-20251231.htm,"2025:license and market numerous beverage brands, which we group into the following categories: Trademark Coca-Cola;",v0,"沿用 v0(舊倉 ADR-0039 鎖死名單,未改)",10-K
staples,COST,2022-01-01,,core,,"PG/KO 靠品牌提價,WMT/COST 靠規模壓供應商價——同一則成本上升消息,一邊是成本、一邊是議價籌碼,方向相反。",⚠️ 兩個位置溝在一條:品牌快消製造商(定價者)+ 大型零售商(壓價者),https://www.sec.gov/Archives/edgar/data/909832/000090983225000101/cost-20250831.htm,"2025:and protection of our well-recognized brands, including the Costco Wholesale trademarks and our private-label brand,",v0,"沿用 v0(舊倉 ADR-0039 鎖死名單,未改)",10-K
gold,NEM,2022-01-01,,core,,"黃金賣給央行、投資者與珠寶,售價就是全球金價;新礦十年以上、礦供給年增長不足 2%——但礦商是價格接受者,缺口讀不到。",上游:黃金礦開採(不含權利金公司),https://www.sec.gov/Archives/edgar/data/1164727/000116472726000010/nem-20251231.htm,"2025:Principles GEO (2) Gold Equivalent Ounces GHG Greenhouse Gases, which are defined by the EPA",v0,"沿用 v0(舊倉 ADR-0039 鎖死名單,未改)",10-K
gold,B,2022-01-01,,core,,"黃金賣給央行、投資者與珠寶,售價就是全球金價;新礦十年以上、礦供給年增長不足 2%——但礦商是價格接受者,缺口讀不到。",上游:黃金礦開採(不含權利金公司),https://www.sec.gov/Archives/edgar/data/756894/000119312526079253/d833573d40f.htm,,v0,"沿用 v0(舊倉 ADR-0039 鎖死名單,未改)",40-F
gold,AEM,2022-01-01,,core,,"黃金賣給央行、投資者與珠寶,售價就是全球金價;新礦十年以上、礦供給年增長不足 2%——但礦商是價格接受者,缺口讀不到。",上游:黃金礦開採(不含權利金公司),https://www.sec.gov/Archives/edgar/data/2809/000110465926032153/aem-20251231x40f.htm,,v0,"沿用 v0(舊倉 ADR-0039 鎖死名單,未改)",40-F
memory,MU,2022-01-01,,core,,"賣給電子產品與資料中心廠商,售價由現貨與合約市場供需決定;新廠三年再加關鍵設備交期。",上游:記憶體晶片製造(DRAM / NAND),https://www.sec.gov/Archives/edgar/data/723125/000072312525000028/mu-20250828.htm,"2025:demand, including developments in AI; DRAM bit shipments in future periods; actions to align our",v0,"沿用 v0(舊倉 ADR-0039 鎖死名單,未改)",10-K
memory,SNDK,2025-02-01,,core,,"賣給電子產品與資料中心廠商,售價由現貨與合約市場供需決定;新廠三年再加關鍵設備交期。",上游:記憶體晶片製造(DRAM / NAND),https://www.sec.gov/Archives/edgar/data/2023554/000162828026057406/sndk-20260703.htm,"2026:firmware), controllers, dynamic random-access memory (“DRAM”), components, equipment and materials for use in our product",v0,"沿用 v0(舊倉 ADR-0039 鎖死名單,未改)",10-K
memory,WDC,2022-01-01,2021-11-30,core,"ADR-0039 方向測試:快閃同硬碟互相抵消=內部對沖缺口;追溯剔出籃 [2026-07-27 修正結束日 2021-12-31→2021-11-30:走廊首個決策日係 2021-12-01,舊日期令追溯剔除喺第一季失效]","賣給電子產品與資料中心廠商,售價由現貨與合約市場供需決定;新廠三年再加關鍵設備交期。",上游:記憶體晶片製造(DRAM / NAND),https://www.sec.gov/Archives/edgar/data/106040/000162828026057139/wdc-20260703.htm,"2026:high-capacity HDDs, which include ePMR, OptiNAND, UltraSMR, heat-assisted magnetic recording (“HAMR”) and triple stage actuators",v0,"沿用 v0(舊倉 ADR-0039 鎖死名單,未改)",10-K
memory,WDC,2025-02-01,2021-11-30,weak_witness,"ADR-0039 方向測試:快閃同硬碟互相抵消(快閃貴買家轉硬碟)=內部對沖缺口 [2026-07-27 修正結束日 2021-12-31→2021-11-30:走廊首個決策日係 2021-12-01,舊日期令追溯剔除喺第一季失效]","賣給電子產品與資料中心廠商,售價由現貨與合約市場供需決定;新廠三年再加關鍵設備交期。",上游:記憶體晶片製造(DRAM / NAND),https://www.sec.gov/Archives/edgar/data/106040/000162828026057139/wdc-20260703.htm,"2026:high-capacity HDDs, which include ePMR, OptiNAND, UltraSMR, heat-assisted magnetic recording (“HAMR”) and triple stage actuators",v0,"沿用 v0(舊倉 ADR-0039 鎖死名單,未改)",10-K
optical_cpo,LITE,2022-01-01,,core,,"售價由磷化銦/砷化鎵雷射晶片產能決定;樽頸是化合物半導體晶圓廠,補不了快。","中游:資料中心光收發模組與光子元件,賣給網絡設備與系統商",https://www.sec.gov/Archives/edgar/data/1633978/000162828026057358/lite-20260627.htm,2026:that system’s operation and include optical chips and subsystems that are supplied to cloud data,v0,"沿用 v0(舊倉 ADR-0039 鎖死名單,未改)",10-K
optical_cpo,COHR,2022-01-01,,core,ADR-0039 讀對瓣:只讀光通訊瓣。三瓣唔互相抵消(磷化銦短缺唔會令工業雷射得益),"售價由磷化銦/砷化鎵雷射晶片產能決定;樽頸是化合物半導體晶圓廠,補不了快。","中游:資料中心光收發模組與光子元件,賣給網絡設備與系統商",https://www.sec.gov/Archives/edgar/data/820318/000082031826000020/iivi-20260630.htm,"2026:markets lasers, transceivers, and other optical and optoelectronic devices, modules, and systems, as well as",v0,"沿用 v0(舊倉 ADR-0039 鎖死名單,未改)",10-K
optical_cpo,CIEN,2022-01-01,2021-11-30,core,"2026-07-24 剔:光傳輸系統商(元件商下游客戶)‧非光元件同位‧會溝淡AI互連讀數(ADR-0032)‧全期出隊照BHP/RIO式 [2026-07-27 修正結束日 2021-12-31→2021-11-30:走廊首個決策日係 2021-12-01,舊日期令追溯剔除喺第一季失效]","售價由磷化銦/砷化鎵雷射晶片產能決定;樽頸是化合物半導體晶圓廠,補不了快。","中游:資料中心光收發模組與光子元件,賣給網絡設備與系統商",https://www.sec.gov/Archives/edgar/data/936395/000162828025056698/cien-20251101.htm,"2025:Our Networking Platforms, including our Optical Networking portfolio and Routing and Switching portfolio, are solutions",v0,"沿用 v0(舊倉 ADR-0039 鎖死名單,未改)",10-K
optical_cpo,GLW,2022-01-01,2021-11-30,core,"ADR-0039 純度:光通訊只佔康寧一小瓣 [2026-07-27 修正結束日 2021-12-31→2021-11-30:走廊首個決策日係 2021-12-01,舊日期令追溯剔除喺第一季失效]","售價由磷化銦/砷化鎵雷射晶片產能決定;樽頸是化合物半導體晶圓廠,補不了快。","中游:資料中心光收發模組與光子元件,賣給網絡設備與系統商",https://www.sec.gov/Archives/edgar/data/24741/000002474126000124/glw-20251231.htm,"2025:glass science, ceramic science and optical physics, along with its deep manufacturing and engineering capabilities",v0,"沿用 v0(舊倉 ADR-0039 鎖死名單,未改)",10-K
optical_cpo,AAOI,2022-01-01,2021-11-30,core,"ADR-0039 方向+代表性:市值佔全籃1%卻主導籃子回報;主席2026-07-27明令剔走 [2026-07-27 修正結束日 2021-12-31→2021-11-30:走廊首個決策日係 2021-12-01,舊日期令追溯剔除喺第一季失效]","售價由磷化銦/砷化鎵雷射晶片產能決定;樽頸是化合物半導體晶圓廠,補不了快。","中游:資料中心光收發模組與光子元件,賣給網絡設備與系統商",https://www.sec.gov/Archives/edgar/data/1158114/000143774926005875/aaoi20251231_10k.htm,"2022:and manufacture a range of optical communications products at varying levels of integration, from components,",v0,"沿用 v0(舊倉 ADR-0039 鎖死名單,未改)",10-K
power_producers,VST,2022-01-01,,core,,售價由區域電力市場供需決定;樽頸是併網排隊與新機組建設週期——AI 資料中心用電是需求端最直接的那個開關。,"中游:競爭性(非規管)批發發電商,電力賣給電網與資料中心長約大用戶",https://www.sec.gov/Archives/edgar/data/1692819/000169281926000006/vistra-20251231.htm,"2025:Columbia, including all major competitive wholesale power markets in the U.S. We serve approximately 5",v0,"沿用 v0(舊倉 ADR-0039 鎖死名單,未改)",10-K
power_producers,CEG,2022-02-01,,core,分拆日,售價由區域電力市場供需決定;樽頸是併網排隊與新機組建設週期——AI 資料中心用電是需求端最直接的那個開關。,"中游:競爭性(非規管)批發發電商,電力賣給電網與資料中心長約大用戶",https://www.sec.gov/Archives/edgar/data/1868275/000186827526000032/ceg-20251231.htm,2025:are active in all domestic wholesale power and gas markets that span the entire lower,v0,"沿用 v0(舊倉 ADR-0039 鎖死名單,未改)",10-K
power_producers,NRG,2022-01-01,2021-11-30,core,"ADR-0039 純度:零售電力業務 [2026-07-27 修正結束日 2021-12-31→2021-11-30:走廊首個決策日係 2021-12-01,舊日期令追溯剔除喺第一季失效]",售價由區域電力市場供需決定;樽頸是併網排隊與新機組建設週期——AI 資料中心用電是需求端最直接的那個開關。,"中游:競爭性(非規管)批發發電商,電力賣給電網與資料中心長約大用戶",https://www.sec.gov/Archives/edgar/data/1013871/000101387126000004/nrg-20251231.htm,"2025:fluctuations in the retail and wholesale power and natural gas markets, as well as fluctuations",v0,"沿用 v0(舊倉 ADR-0039 鎖死名單,未改)",10-K
power_producers,TLN,2023-06-01,,core,上市日(2026-07-28 修正:原寫 2022-01-01,售價由區域電力市場供需決定;樽頸是併網排隊與新機組建設週期——AI 資料中心用電是需求端最直接的那個開關。,"中游:競爭性(非規管)批發發電商,電力賣給電網與資料中心長約大用戶",https://www.sec.gov/Archives/edgar/data/1622536/000162253626000017/tln-20251231.htm,"2025:various other factors. Competitors in wholesale power markets include other non-utility generators, regulated utilities and",v0,"沿用 v0(舊倉 ADR-0039 鎖死名單,未改)",10-K
power_producers,ETR,2022-01-01,2021-11-30,core,"2026-07-21 手術S2出隊:規管公用事業‧盈利=監管rate-base回報‧唔隨市價;同鈾鏈剔規管股(CEG/DUK/SO)同一邏輯(universe_audit_v2.md §三) [2026-07-27 修正結束日 2021-12-31→2021-11-30:走廊首個決策日係 2021-12-01,舊日期令追溯剔除喺第一季失效]",售價由區域電力市場供需決定;樽頸是併網排隊與新機組建設週期——AI 資料中心用電是需求端最直接的那個開關。,"中游:競爭性(非規管)批發發電商,電力賣給電網與資料中心長約大用戶",https://www.sec.gov/Archives/edgar/data/65984/000006598426000174/etr-20251231.htm,2025:income tax return purposes to wholesale power purchase agreements as appropriate under the Internal Revenue,v0,"沿用 v0(舊倉 ADR-0039 鎖死名單,未改)",10-K
web3_crypto,COIN,2022-01-01,,core,,"收入等於幣價——不是不想投,是讀電話會這套方法答不到這類題。",⚠️ 三個位置溝在一條:交易所(COIN/HOOD)+ 國庫持幣(MSTR)+ 礦工(MARA/RIOT/HUT),https://www.sec.gov/Archives/edgar/data/1679788/000167978826000015/coin-20251231.htm,"2025:security tokens. • Cryptocurrency : Bitcoin and alternative coins, or “altcoins,” launched after the success",v0,"沿用 v0(舊倉 ADR-0039 鎖死名單,未改)",10-K
web3_crypto,MSTR,2022-01-01,,core,,"收入等於幣價——不是不想投,是讀電話會這套方法答不到這類題。",⚠️ 三個位置溝在一條:交易所(COIN/HOOD)+ 國庫持幣(MSTR)+ 礦工(MARA/RIOT/HUT),https://www.sec.gov/Archives/edgar/data/1050446/000105044626000020/mstr-20251231.htm,2022:stock; Risks Related to Our Bitcoin Acquisition Strategy and Holdings • Our bitcoin acquisition strategy,v0,"沿用 v0(舊倉 ADR-0039 鎖死名單,未改)",10-K
web3_crypto,MARA,2022-01-01,,core,,"收入等於幣價——不是不想投,是讀電話會這套方法答不到這類題。",⚠️ 三個位置溝在一條:交易所(COIN/HOOD)+ 國庫持幣(MSTR)+ 礦工(MARA/RIOT/HUT),https://www.sec.gov/Archives/edgar/data/1507605/000150760526000007/mara-20251231.htm,2022:I.A. HISTORY AND PIVOT TO BITCOIN MINING Marathon is a digital asset technology company that,v0,"沿用 v0(舊倉 ADR-0039 鎖死名單,未改)",10-K
web3_crypto,RIOT,2022-01-01,,core,,"收入等於幣價——不是不想投,是讀電話會這套方法答不到這類題。",⚠️ 三個位置溝在一條:交易所(COIN/HOOD)+ 國庫持幣(MSTR)+ 礦工(MARA/RIOT/HUT),https://www.sec.gov/Archives/edgar/data/1167419/000110465926022322/riot-20251231x10k.htm,2022:and implementation of industrial-scale immersion-cooled Bitcoin mining hardware and our one-gigawatt data center development outside,v0,"沿用 v0(舊倉 ADR-0039 鎖死名單,未改)",10-K
web3_crypto,HUT,2022-01-01,,core,,"收入等於幣價——不是不想投,是讀電話會這套方法答不到這類題。",⚠️ 三個位置溝在一條:交易所(COIN/HOOD)+ 國庫持幣(MSTR)+ 礦工(MARA/RIOT/HUT),https://www.sec.gov/Archives/edgar/data/1964789/000110465926019392/hut-20251231x10k.htm,"2025:our new reporting segments: Power, Digital Infrastructure, Compute, and Other. Our previous reporting segments were",v0,"沿用 v0(舊倉 ADR-0039 鎖死名單,未改)",10-K
web3_crypto,HOOD,2022-01-01,,core,弱證人掛靠:HOOD主業fintech非核心web3成員,"收入等於幣價——不是不想投,是讀電話會這套方法答不到這類題。",⚠️ 三個位置溝在一條:交易所(COIN/HOOD)+ 國庫持幣(MSTR)+ 礦工(MARA/RIOT/HUT),https://www.sec.gov/Archives/edgar/data/1783879/000178387926000023/hood-20251231.htm,2025:ETPs Exchange Traded Products BSV Bitcoin SV EU The European Union Bylaws Amended and Restated,v0,"沿用 v0(舊倉 ADR-0039 鎖死名單,未改)",10-K
glp1,LLY,2022-01-01,,core,,"GLP-1 藥物經處方賣給病人,售價由專利期內產能對臨床需求決定;無菌注射產線要動土兼審批,補不了快。","下游:GLP-1 減重藥原廠(有在售產品,有真實產能與定價權)",https://www.sec.gov/Archives/edgar/data/59478/000005947826000013/lly-20251231.htm,2025:the treatment of adults with obesity or overweight with at least one weight-related comorbid condition,v0,"沿用 v0(舊倉 ADR-0039 鎖死名單,未改)",10-K
glp1,NVO,2022-01-01,,core,,"GLP-1 藥物經處方賣給病人,售價由專利期內產能對臨床需求決定;無菌注射產線要動土兼審批,補不了快。","下游:GLP-1 減重藥原廠(有在售產品,有真實產能與定價權)",https://www.sec.gov/Archives/edgar/data/353278/000035327826000012/nvo-20251231.htm,,v0,"沿用 v0(舊倉 ADR-0039 鎖死名單,未改)",20-F
glp1,VKTX,2022-01-01,2021-11-30,core,"ADR-0039 方向測試:臨床期無產品收入,答唔到售價由咩供需決定 [2026-07-27 修正結束日 2021-12-31→2021-11-30:走廊首個決策日係 2021-12-01,舊日期令追溯剔除喺第一季失效]","GLP-1 藥物經處方賣給病人,售價由專利期內產能對臨床需求決定;無菌注射產線要動土兼審批,補不了快。","下游:GLP-1 減重藥原廠(有在售產品,有真實產能與定價權)",https://www.sec.gov/Archives/edgar/data/1607678/000119312526046876/vktx-20251231.htm,"2022:receptor beta; NASH, nonalcoholic steatohepatitis; GLP-1, glucagon-like peptide 1, GIP, glucose-dependent insulinotropic polypeptide; X-ALD, X-linked",v0,"沿用 v0(舊倉 ADR-0039 鎖死名單,未改)",10-K
glp1,HIMS,2022-01-01,2021-11-30,weak_witness,"ADR-0039 方向測試:遠程醫療複方分銷,同原廠方向相反 [2026-07-27 修正結束日 2021-12-31→2021-11-30:走廊首個決策日係 2021-12-01,舊日期令追溯剔除喺第一季失效]","GLP-1 藥物經處方賣給病人,售價由專利期內產能對臨床需求決定;無菌注射產線要動土兼審批,補不了快。","下游:GLP-1 減重藥原廠(有在售產品,有真實產能與定價權)",https://www.sec.gov/Archives/edgar/data/1773751/000177375126000022/hims-20251231.htm,"2025:glucagon-like peptide-1 receptor agonists ( GLP-1s ), to the Pharmacies, are subject to extensive regulation",v0,"沿用 v0(舊倉 ADR-0039 鎖死名單,未改)",10-K
glp1,AMGN,2022-01-01,2021-11-30,core,"ADR-0039:同時坐biotech層,計兩次;MariTide仍臨床期 [2026-07-27 修正結束日 2021-12-31→2021-11-30:走廊首個決策日係 2021-12-01,舊日期令追溯剔除喺第一季失效]","GLP-1 藥物經處方賣給病人,售價由專利期內產能對臨床需求決定;無菌注射產線要動土兼審批,補不了快。","下游:GLP-1 減重藥原廠(有在售產品,有真實產能與定價權)",https://www.sec.gov/Archives/edgar/data/318154/000031815426000010/amgn-20251231.htm,2025:GIPR glucose-dependent insulinotropic polypeptide receptor GLP-1 glucagon like peptide 1 HHS U.S. Department of Health,v0,"沿用 v0(舊倉 ADR-0039 鎖死名單,未改)",10-K
solar,ENPH,2022-01-01,,core,,售價由組件供需加裝機需求決定;⚠️ 這是十六條可投鏈裡樽頸最弱的一條——逆變器產能加得起。,"中游:住宅與商用太陽能逆變器、功率優化器,賣給安裝商",https://www.sec.gov/Archives/edgar/data/1463101/000146310126000013/enph-20251231.htm,2025:expectations about the number of microinverter units that can be produced per quarter; • our,v0,"沿用 v0(舊倉 ADR-0039 鎖死名單,未改)",10-K
solar,SEDG,2022-01-01,,core,,售價由組件供需加裝機需求決定;⚠️ 這是十六條可投鏈裡樽頸最弱的一條——逆變器產能加得起。,"中游:住宅與商用太陽能逆變器、功率優化器,賣給安裝商",https://www.sec.gov/Archives/edgar/data/1419612/000117891326000632/zk2634374.htm,"2025:including introductions of power optimizer, inverter, EV chargers, batteries and PV system monitoring products by",v0,"沿用 v0(舊倉 ADR-0039 鎖死名單,未改)",10-K
solar,FSLR,2022-01-01,2021-11-30,core,"2026-07-21 手術S3出隊:公用事業級面板+合約簿+IRA製造補貼‧非住宅裝機需求;去向=「美國本土太陽能製造」真敘事但未夠三員‧孵化器候補(universe_audit_v2.md §三) [2026-07-27 修正結束日 2021-12-31→2021-11-30:走廊首個決策日係 2021-12-01,舊日期令追溯剔除喺第一季失效]",售價由組件供需加裝機需求決定;⚠️ 這是十六條可投鏈裡樽頸最弱的一條——逆變器產能加得起。,"中游:住宅與商用太陽能逆變器、功率優化器,賣給安裝商",https://www.sec.gov/Archives/edgar/data/1274494/000127449426000021/fslr-20251231.htm,"2025:through increased costs of trackers, inverters, transformers, and other imported equipment, which are often heavily",v0,"沿用 v0(舊倉 ADR-0039 鎖死名單,未改)",10-K
solar,RUN,2022-01-01,2021-11-30,weak_witness,"ADR-0039 方向測試:住宅安裝商,同逆變器製造商方向相反 [2026-07-27 修正結束日 2021-12-31→2021-11-30:走廊首個決策日係 2021-12-01,舊日期令追溯剔除喺第一季失效]",售價由組件供需加裝機需求決定;⚠️ 這是十六條可投鏈裡樽頸最弱的一條——逆變器產能加得起。,"中游:住宅與商用太陽能逆變器、功率優化器,賣給安裝商",https://www.sec.gov/Archives/edgar/data/1469367/000162828026012289/run-20251231.htm,"2022:purchase equipment, including solar panels, inverters and batteries from a limited number of manufacturers and",v0,"沿用 v0(舊倉 ADR-0039 鎖死名單,未改)",10-K
cannabis,GTBIF,2022-01-01,2026-07-21,core,ADR-0017 §5 已退役(2026-07-21);ADR-0039 補回日期,"收入由美國各州零售供需決定,聯邦層面仍屬違法——這一條就是它上不了主要交易所的原因。",下游:美國州級大麻 MSO(種植到零售一體),https://www.sec.gov/Archives/edgar/data/1795139/000119312526071672/gtbif-20251231.htm,2022:cultivation/processing and retail sale of cannabis in Illinois. The Company has since expanded its operational,v0,"沿用 v0(舊倉 ADR-0039 鎖死名單,未改)",10-K
metaverse_innov,U,2022-01-01,2026-07-21,core,ADR-0017 §5 已退役(2026-07-21);ADR-0039 補回日期,"估值重估押注,不是供需缺口;PLTR/SHOP/ROKU 按實際業務搬走之後,剩下兩隻根本不同步。",下游:消費級 3D / UGC 平台與遊戲引擎,https://www.sec.gov/Archives/edgar/data/1810806/000181080626000011/unity-20251231.htm,"2022:interactive, 2D, 3D, augmented and virtual reality experiences across all major platforms and device endpoints.",v0,"沿用 v0(舊倉 ADR-0039 鎖死名單,未改)",10-K
metaverse_innov,RBLX,2022-01-01,2026-07-21,core,ADR-0017 §5 已退役(2026-07-21);ADR-0039 補回日期,"估值重估押注,不是供需缺口;PLTR/SHOP/ROKU 按實際業務搬走之後,剩下兩隻根本不同步。",下游:消費級 3D / UGC 平台與遊戲引擎,https://www.sec.gov/Archives/edgar/data/1315098/000131509826000024/rblx-20251231.htm,"2022:specifically, the adoption of a metaverse with users interacting together by playing, communicating, connecting, working,",v0,"沿用 v0(舊倉 ADR-0039 鎖死名單,未改)",10-K
quantum,IONQ,2022-01-01,,core,,"沒有產品出貨、沒有售價可讀,估值全靠敘事——同一則政府撥款或大廠里程碑消息把整批一齊推上推落。",上游:量子運算硬件商(未商業化),https://www.sec.gov/Archives/edgar/data/1824920/000119312526071562/ionq-20251231.htm,"2022:our ability to sell full quantum computing systems to customers, either over the cloud or",v0,"沿用 v0(舊倉 ADR-0039 鎖死名單,未改)",10-K
quantum,RGTI,2022-01-01,,core,,"沒有產品出貨、沒有售價可讀,估值全靠敘事——同一則政府撥款或大廠里程碑消息把整批一齊推上推落。",上游:量子運算硬件商(未商業化),https://www.sec.gov/Archives/edgar/data/1838359/000110465926023454/rgti-20251231x10k.htm,2022:applications; • the potential of quantum computing and estimated market size and market growth including,v0,"沿用 v0(舊倉 ADR-0039 鎖死名單,未改)",10-K
quantum,QBTS,2022-01-01,,core,,"沒有產品出貨、沒有售價可讀,估值全靠敘事——同一則政府撥款或大廠里程碑消息把整批一齊推上推落。",上游:量子運算硬件商(未商業化),https://www.sec.gov/Archives/edgar/data/1907982/000190798226000026/qbts-20251231.htm,2022:as defined below); • D-Wave Quantum’s future growth and innovations; • the increased adoption of,v0,"沿用 v0(舊倉 ADR-0039 鎖死名單,未改)",10-K
quantum,QUBT,2022-01-01,,core,,"沒有產品出貨、沒有售價可讀,估值全靠敘事——同一則政府撥款或大廠里程碑消息把整批一齊推上推落。",上游:量子運算硬件商(未商業化),https://www.sec.gov/Archives/edgar/data/1758009/000121390026022417/ea0278445-10k_quantum.htm,"2022:QCI” and “QUBT,” refer to Quantum Computing, Inc., a Delaware corporation, and unless the context",v0,"沿用 v0(舊倉 ADR-0039 鎖死名單,未改)",10-K
streaming,NFLX,2022-01-01,,core,,"訂閱制媒體賣給消費者,售價自訂,沒有實體樽頸。",⚠️ 兩個位置溝在一條:內容自有的串流商(NFLX/DIS/WBD/PARA)+ 分發平台(ROKU/SPOT),https://www.sec.gov/Archives/edgar/data/1065280/000106528026000034/nflx-20251231.htm,"2022:fees for services related to streaming content to our members. See Note 12, Segment and",v0,"沿用 v0(舊倉 ADR-0039 鎖死名單,未改)",10-K
streaming,DIS,2022-01-01,,core,,"訂閱制媒體賣給消費者,售價自訂,沒有實體樽頸。",⚠️ 兩個位置溝在一條:內容自有的串流商(NFLX/DIS/WBD/PARA)+ 分發平台(ROKU/SPOT),https://www.sec.gov/Archives/edgar/data/1744489/000174448925000155/dis-20250927.htm,2022:and Star+ direct-to-consumer (DTC) video streaming services • Content Sales/Licensing ◦ Sale/licensing of film and,v0,"沿用 v0(舊倉 ADR-0039 鎖死名單,未改)",10-K
streaming,WBD,2022-01-01,,core,,"訂閱制媒體賣給消費者,售價自訂,沒有實體樽頸。",⚠️ 兩個位置溝在一條:內容自有的串流商(NFLX/DIS/WBD/PARA)+ 分發平台(ROKU/SPOT),https://www.sec.gov/Archives/edgar/data/1437107/000143710726000020/wbd-20251231.htm,2022:our HBO Max and discovery+ streaming products; • realizing direct-to-consumer subscriber goals; • general economic,v0,"沿用 v0(舊倉 ADR-0039 鎖死名單,未改)",10-K
streaming,PARA,2022-01-01,,core,,"訂閱制媒體賣給消費者,售價自訂,沒有實體樽頸。",⚠️ 兩個位置溝在一條:內容自有的串流商(NFLX/DIS/WBD/PARA)+ 分發平台(ROKU/SPOT),https://www.sec.gov/Archives/edgar/data/1826011/000119312526134714/bnzi-20251231.htm,"2025:revenue consist primarily of infrastructure, streaming service, data license and contracted services costs, as well",v0,"沿用 v0(舊倉 ADR-0039 鎖死名單,未改)",10-K
streaming,SPOT,2022-01-01,,strong_witness,審計標籤:強,"訂閱制媒體賣給消費者,售價自訂,沒有實體樽頸。",⚠️ 兩個位置溝在一條:內容自有的串流商(NFLX/DIS/WBD/PARA)+ 分發平台(ROKU/SPOT),https://www.sec.gov/Archives/edgar/data/1639920/000162828026006874/ck0001639920-20251231.htm,,v0,"沿用 v0(舊倉 ADR-0039 鎖死名單,未改)",20-F
streaming,ROKU,2022-01-01,,core,由metaverse_innov搬入,"訂閱制媒體賣給消費者,售價自訂,沒有實體樽頸。",⚠️ 兩個位置溝在一條:內容自有的串流商(NFLX/DIS/WBD/PARA)+ 分發平台(ROKU/SPOT),https://www.sec.gov/Archives/edgar/data/1428439/000162828026008114/roku-20251231.htm,2022:and retain users and increase streaming hours; • our ability to attract and retain advertisers;,v0,"沿用 v0(舊倉 ADR-0039 鎖死名單,未改)",10-K
betting,DKNG,2022-01-01,,core,改網上博彩型,"抽成由自己定,售價自訂,沒有實體樽頸;真正的開關是「州份牌照開放 × 下注需求」。",下游:純線上體育博彩與 iGaming 營運商(抽成),https://www.sec.gov/Archives/edgar/data/1883685/000188368526000013/dkng-20251231.htm,2022:Overview We are a digital sports entertainment and gaming company. We provide users with online,v0,"沿用 v0(舊倉 ADR-0039 鎖死名單,未改)",10-K
betting,PENN,2022-01-01,2021-11-30,core,"2026-07-21 手術S8出隊:實體區域賭場(同MGM同類)‧非純線上博彩;去向=實體賭場板塊‧棄(僅影響答案卷‧betting已剔出落注池‧universe_audit_v2.md §三) [2026-07-27 修正結束日 2021-12-31→2021-11-30:走廊首個決策日係 2021-12-01,舊日期令追溯剔除喺第一季失效]","抽成由自己定,售價自訂,沒有實體樽頸;真正的開關是「州份牌照開放 × 下注需求」。",下游:純線上體育博彩與 iGaming 營運商(抽成),https://www.sec.gov/Archives/edgar/data/921738/000092173826000008/penn-20251231.htm,"2025:between our retail gaming, online sports betting (“OSB”), and iCasino businesses; our ability to obtain",v0,"沿用 v0(舊倉 ADR-0039 鎖死名單,未改)",10-K
betting,FLUT,2022-01-01,,core,2026-07-22 結構修復補入(四之二十/四之二十一容許:手術後跌破三員下限嘅鏈可補人);FanDuel母企‧純線上博彩;本次補讀卷(15份),"抽成由自己定,售價自訂,沒有實體樽頸;真正的開關是「州份牌照開放 × 下注需求」。",下游:純線上體育博彩與 iGaming 營運商(抽成),https://www.sec.gov/Archives/edgar/data/1635327/000163532726000005/flut-20251231.htm,2025:the world s leading online sports betting and iGaming operator based on revenue. Our ambition,v0,"沿用 v0(舊倉 ADR-0039 鎖死名單,未改)",10-K
ev,TSLA,2022-01-01,2021-11-30,core,"ADR-0039:過完三關淨返TSLA一間,一間公司唔係一條鏈,層唔成立 [2026-07-27 修正結束日 2021-12-31→2021-11-30:走廊首個決策日係 2021-12-01,舊日期令追溯剔除喺第一季失效]","供需方程式本身沒問題(電池/晶片缺貨期真的有缺口),但過完純度與方向測試只剩特斯拉一間——一間公司不是一條鏈。",中游:純電動車製造商,https://www.sec.gov/Archives/edgar/data/1318605/000162828026003952/tsla-20251231.htm,2025:sell and lease high-performance fully electric vehicles and energy generation and storage systems that increasingly,v0,"沿用 v0(舊倉 ADR-0039 鎖死名單,未改)",10-K
ev,RIVN,2022-01-01,2021-11-30,core,"ADR-0039:過完三關淨返TSLA一間,一間公司唔係一條鏈,層唔成立 [2026-07-27 修正結束日 2021-12-31→2021-11-30:走廊首個決策日係 2021-12-01,舊日期令追溯剔除喺第一季失效]","供需方程式本身沒問題(電池/晶片缺貨期真的有缺口),但過完純度與方向測試只剩特斯拉一間——一間公司不是一條鏈。",中游:純電動車製造商,https://www.sec.gov/Archives/edgar/data/1874178/000187417826000008/rivn-20251231.htm,"2022:designs, develops, and manufactures category-defining electric vehicles (“EVs”) and accessories and sells them directly to",v0,"沿用 v0(舊倉 ADR-0039 鎖死名單,未改)",10-K
ev,NIO,2022-01-01,2021-11-30,core,"2026-07-21 手術S6出隊:中國車廠‧盈利開關=中國價格戰/政策‧落喺讀唔到嗰條供需卷;去向=中國政策池‧棄(universe_audit_v2.md §三) [2026-07-27 修正結束日 2021-12-31→2021-11-30:走廊首個決策日係 2021-12-01,舊日期令追溯剔除喺第一季失效]","供需方程式本身沒問題(電池/晶片缺貨期真的有缺口),但過完純度與方向測試只剩特斯拉一間——一間公司不是一條鏈。",中游:純電動車製造商,https://www.sec.gov/Archives/edgar/data/1736541/000110465926041765/nio-20251231x20f.htm,,v0,"沿用 v0(舊倉 ADR-0039 鎖死名單,未改)",20-F
ev,XPEV,2022-01-01,2021-11-30,core,"2026-07-21 手術S6出隊:中國車廠‧盈利開關=中國價格戰/政策‧落喺讀唔到嗰條供需卷;去向=中國政策池‧棄(universe_audit_v2.md §三) [2026-07-27 修正結束日 2021-12-31→2021-11-30:走廊首個決策日係 2021-12-01,舊日期令追溯剔除喺第一季失效]","供需方程式本身沒問題(電池/晶片缺貨期真的有缺口),但過完純度與方向測試只剩特斯拉一間——一間公司不是一條鏈。",中游:純電動車製造商,https://www.sec.gov/Archives/edgar/data/1810997/000119312526157849/d36361d20f.htm,,v0,"沿用 v0(舊倉 ADR-0039 鎖死名單,未改)",20-F
ev,LCID,2022-01-01,2021-11-30,core,"ADR-0039:過完三關淨返TSLA一間,一間公司唔係一條鏈,層唔成立 [2026-07-27 修正結束日 2021-12-31→2021-11-30:走廊首個決策日係 2021-12-01,舊日期令追溯剔除喺第一季失效]","供需方程式本身沒問題(電池/晶片缺貨期真的有缺口),但過完純度與方向測試只剩特斯拉一間——一間公司不是一條鏈。",中游:純電動車製造商,https://www.sec.gov/Archives/edgar/data/1811210/000162828026011053/lcid-20251231.htm,2022:the pace and depth of electric vehicle adoption generally on our future business; • changes,v0,"沿用 v0(舊倉 ADR-0039 鎖死名單,未改)",10-K
cyber,PANW,2022-01-01,,core,,"訂閱制安全賣給企業,零邊際成本;有講價權,但講價權不等於缺口。",下游:企業訂閱制網絡安全平台,https://www.sec.gov/Archives/edgar/data/1327567/000132756725000027/panw-20250731.htm,2025:following: • expectations regarding the cybersecurity landscape; • expectations regarding our platformization strategy and related,v0,"沿用 v0(舊倉 ADR-0039 鎖死名單,未改)",10-K
cyber,CRWD,2022-01-01,,core,,"訂閱制安全賣給企業,零邊際成本;有講價權,但講價權不等於缺口。",下游:企業訂閱制網絡安全平台,https://www.sec.gov/Archives/edgar/data/1535527/000153552726000010/crwd-20260131.htm,"2026:Founded in 2011, CrowdStrike reinvented cybersecurity for the cloud and artificial intelligence (“AI”) era and",v0,"沿用 v0(舊倉 ADR-0039 鎖死名單,未改)",10-K
cyber,ZS,2022-01-01,,core,,"訂閱制安全賣給企業,零邊際成本;有講價權,但講價權不等於缺口。",下游:企業訂閱制網絡安全平台,https://www.sec.gov/Archives/edgar/data/1713683/000171368325000158/zs-20250731.htm,2022:retaining employees with expertise in cybersecurity has become more difficult due to increased competition for,v0,"沿用 v0(舊倉 ADR-0039 鎖死名單,未改)",10-K
cyber,FTNT,2022-01-01,,core,,"訂閱制安全賣給企業,零邊際成本;有講價權,但講價權不等於缺口。",下游:企業訂閱制網絡安全平台,https://www.sec.gov/Archives/edgar/data/1262039/000126203926000007/ftnt-20251231.htm,"2025:Fortinet is a leader in cybersecurity, driving the convergence of networking and security. Our mission",v0,"沿用 v0(舊倉 ADR-0039 鎖死名單,未改)",10-K
cyber,OKTA,2022-01-01,,core,,"訂閱制安全賣給企業,零邊際成本;有講價權,但講價權不等於缺口。",下游:企業訂閱制網絡安全平台,https://www.sec.gov/Archives/edgar/data/1660134/000166013426000020/okta-20260131.htm,2023:the future we may experience cybersecurity incidents that may allow unauthorized access to our systems,v0,"沿用 v0(舊倉 ADR-0039 鎖死名單,未改)",10-K
travel_cruise,RCL,2022-01-01,,core,,"航次賣給旅客,售價由船隊床位運力對需求決定;新船三至四年,而且船廠船台有限。",下游:郵輪營運商(床位運力),https://www.sec.gov/Archives/edgar/data/884887/000088488726000007/rcl-20251231.htm,"2025:Matters 55 Item 13. Certain Relationships and Related Transactions, and Director Independence 55 Item 14.",v0,"沿用 v0(舊倉 ADR-0039 鎖死名單,未改)",10-K
travel_cruise,CCL,2022-01-01,,core,,"航次賣給旅客,售價由船隊床位運力對需求決定;新船三至四年,而且船廠船台有限。",下游:郵輪營運商(床位運力),https://www.sec.gov/Archives/edgar/data/815097/000081509726000007/ccl-20251130.htm,"2025:our ships, guests or the cruise industry may negatively impact the satisfaction of our guests",v0,"沿用 v0(舊倉 ADR-0039 鎖死名單,未改)",10-K
travel_cruise,NCLH,2022-01-01,,core,,"航次賣給旅客,售價由船隊床位運力對需求決定;新船三至四年,而且船廠船台有限。",下游:郵輪營運商(床位運力),https://www.sec.gov/Archives/edgar/data/1513761/000110465926022067/nclh-20251231x10k.htm,"2025:NORWEGIAN CRUISE LINE HOLDINGS LTD._December 31, 2025 http://fasb.org/us-gaap/2025#OtherNonoperatingIncomeExpense http://fasb.org/us-gaap/2025#OtherNonoperatingIncomeExpense http://fasb.org/us-gaap/2025#OtherNonoperatingIncomeExpense http://fasb.org/",v0,"沿用 v0(舊倉 ADR-0039 鎖死名單,未改)",10-K
travel_cruise,ABNB,2022-01-01,2021-11-30,core,"2026-07-21 手術S5出隊:資產輕線上旅遊平台(抽佣)‧非郵輪運力方程式;去向=純需求平台‧棄(universe_audit_v2.md §三) [2026-07-27 修正結束日 2021-12-31→2021-11-30:走廊首個決策日係 2021-12-01,舊日期令追溯剔除喺第一季失效]","航次賣給旅客,售價由船隊床位運力對需求決定;新船三至四年,而且船廠船台有限。",下游:郵輪營運商(床位運力),https://www.sec.gov/Archives/edgar/data/1559720/000155972026000004/abnb-20251231.htm,"2025:Matters 83 Item 13. Certain Relationships and Related Transactions, and Director Independence 83 Item 14.",v0,"沿用 v0(舊倉 ADR-0039 鎖死名單,未改)",10-K
travel_cruise,BKNG,2022-01-01,2021-11-30,core,"2026-07-21 手術S5出隊:資產輕線上旅遊平台(抽佣)‧非郵輪運力方程式;去向=純需求平台‧棄(universe_audit_v2.md §三) [2026-07-27 修正結束日 2021-12-31→2021-11-30:走廊首個決策日係 2021-12-01,舊日期令追溯剔除喺第一季失效]","航次賣給旅客,售價由船隊床位運力對需求決定;新船三至四年,而且船廠船台有限。",下游:郵輪營運商(床位運力),https://www.sec.gov/Archives/edgar/data/1075531/000107553126000009/bkng-20251231.htm,"2025:as well as vacation packages, cruises, activity, and affiliate programs. Agoda. Agoda is a leading",v0,"沿用 v0(舊倉 ADR-0039 鎖死名單,未改)",10-K
homebuilders,DHI,2022-01-01,,core,,"新屋賣給買家,售價由土地、可建地塊、勞工與按揭利率決定;樽頸是已開發地塊與建築工人。",下游:量產型持地建商(自有土地庫存),https://www.sec.gov/Archives/edgar/data/882184/000088218425000081/dhi-20250930.htm,2025:the sale of land and lots. Approximately 84% of our home sales revenue in fiscal,v0,"沿用 v0(舊倉 ADR-0039 鎖死名單,未改)",10-K
homebuilders,LEN,2022-01-01,,core,,"新屋賣給買家,售價由土地、可建地塊、勞工與按揭利率決定;樽頸是已開發地塊與建築工人。",下游:量產型持地建商(自有土地庫存),https://www.sec.gov/Archives/edgar/data/920760/000162828026003870/len-20251130.htm,"2025:preparing land, finishing and entitling lots, installing roads, sewers, water systems and other utilities, and",v0,"沿用 v0(舊倉 ADR-0039 鎖死名單,未改)",10-K
homebuilders,PHM,2022-01-01,,core,,"新屋賣給買家,售價由土地、可建地塊、勞工與按揭利率決定;樽頸是已開發地塊與建築工人。",下游:量產型持地建商(自有土地庫存),https://www.sec.gov/Archives/edgar/data/822416/000082241626000007/phm-20251231.htm,2025:of finished and partially finished lots and undeveloped land for purchase that meet our internal,v0,"沿用 v0(舊倉 ADR-0039 鎖死名單,未改)",10-K
homebuilders,TOL,2022-01-01,2021-11-30,core,"ADR-0039 純度:豪宅訂製,同量產建商定價機制唔同 [2026-07-27 修正結束日 2021-12-31→2021-11-30:走廊首個決策日係 2021-12-01,舊日期令追溯剔除喺第一季失效]","新屋賣給買家,售價由土地、可建地塊、勞工與按揭利率決定;樽頸是已開發地塊與建築工人。",下游:量產型持地建商(自有土地庫存),https://www.sec.gov/Archives/edgar/data/794170/000079417025000112/tol-20251031.htm,2022:on a portion of the lots and sell the remaining lots to other builders. The,v0,"沿用 v0(舊倉 ADR-0039 鎖死名單,未改)",10-K
homebuilders,NVR,2022-01-01,2021-11-30,core,"ADR-0039 純度:輕土地模式,同持地建商方向唔同 [2026-07-27 修正結束日 2021-12-31→2021-11-30:走廊首個決策日係 2021-12-01,舊日期令追溯剔除喺第一季失效]","新屋賣給買家,售價由土地、可建地塊、勞工與按揭利率決定;樽頸是已開發地塊與建築工人。",下游:量產型持地建商(自有土地庫存),https://www.sec.gov/Archives/edgar/data/906163/000090616326000018/nvr-20251231.htm,2025:we typically acquire finished building lots from various third-party land developers pursuant to fixed price,v0,"沿用 v0(舊倉 ADR-0039 鎖死名單,未改)",10-K
ag_fertilizer,MOS,2022-01-01,,core,,"賣給農民與農業經銷商;鉀磷看礦山供給,氮看天然氣邊際成本;鉀礦七年,氨廠四至五年。",上游:化肥生產(鉀肥、磷肥、氮肥),https://www.sec.gov/Archives/edgar/data/1285785/000128578526000017/mos-20251231.htm,2025:Brazil. We are the leading fertilizer production and distribution company in Brazil. We mine phosphate,v0,"沿用 v0(舊倉 ADR-0039 鎖死名單,未改)",10-K
ag_fertilizer,CF,2022-01-01,,core,,"賣給農民與農業經銷商;鉀磷看礦山供給,氮看天然氣邊際成本;鉀礦七年,氨廠四至五年。",上游:化肥生產(鉀肥、磷肥、氮肥),https://www.sec.gov/Archives/edgar/data/1324404/000132440426000007/cf-20251231.htm,"2025:and nitrogen products for energy, fertilizer, emissions abatement and other industrial activities. Our value chain",v0,"沿用 v0(舊倉 ADR-0039 鎖死名單,未改)",10-K
ag_fertilizer,NTR,2022-01-01,2021-11-30,core,"ADR-0039 純度:零售分部佔EBITDA 31%,係化肥下游分銷,內部反方向 [2026-07-27 修正結束日 2021-12-31→2021-11-30:走廊首個決策日係 2021-12-01,舊日期令追溯剔除喺第一季失效]","賣給農民與農業經銷商;鉀磷看礦山供給,氮看天然氣邊際成本;鉀礦七年,氨廠四至五年。",上游:化肥生產(鉀肥、磷肥、氮肥),https://www.sec.gov/Archives/edgar/data/1725964/000119312526081326/d56746d40f.htm,,v0,"沿用 v0(舊倉 ADR-0039 鎖死名單,未改)",40-F
fintech,SOFI,2022-01-01,,core,,"售價(息率/手續費/抽成)自己定,沒有實體樽頸。",⚠️ 三個位置溝在一條:另類信貸(SOFI/AFRM/UPST)+ 支付(PYPL/XYZ)+ 零售券商(HOOD),https://www.sec.gov/Archives/edgar/data/1818874/000181887426000013/sofi-20251231.htm,2022:practices; home loan or other consumer lending practices; loan origination or servicing activities; mortgage foreclosure,v0,"沿用 v0(舊倉 ADR-0039 鎖死名單,未改)",10-K
fintech,HOOD,2022-01-01,,core,,"售價(息率/手續費/抽成)自己定,沒有實體樽頸。",⚠️ 三個位置溝在一條:另類信貸(SOFI/AFRM/UPST)+ 支付(PYPL/XYZ)+ 零售券商(HOOD),https://www.sec.gov/Archives/edgar/data/1783879/000178387926000023/hood-20251231.htm,"2025:from saving, spending, or facilitating payments. Our strategy for being number one in wallet share",v0,"沿用 v0(舊倉 ADR-0039 鎖死名單,未改)",10-K
fintech,AFRM,2022-01-01,,core,,"售價(息率/手續費/抽成)自己定,沒有實體樽頸。",⚠️ 三個位置溝在一條:另類信貸(SOFI/AFRM/UPST)+ 支付(PYPL/XYZ)+ 零售券商(HOOD),https://www.sec.gov/Archives/edgar/data/1820953/000162828026059279/afrm-20260630.htm,"2022:mission-driven approach, we can reinvent payments and commerce. Our solutions, which are built on trust",v0,"沿用 v0(舊倉 ADR-0039 鎖死名單,未改)",10-K
fintech,PYPL,2022-01-01,,core,,"售價(息率/手續費/抽成)自己定,沒有實體樽頸。",⚠️ 三個位置溝在一條:另類信貸(SOFI/AFRM/UPST)+ 支付(PYPL/XYZ)+ 零售券商(HOOD),https://www.sec.gov/Archives/edgar/data/1633917/000163391726000024/pypl-20251231.htm,"2025:currently generally exempt from primary consumer credit legislation but certain consumer lending, consumer protection, and",v0,"沿用 v0(舊倉 ADR-0039 鎖死名單,未改)",10-K
fintech,UPST,2022-01-01,,core,,"售價(息率/手續費/抽成)自己定,沒有實體樽頸。",⚠️ 三個位置溝在一條:另類信貸(SOFI/AFRM/UPST)+ 支付(PYPL/XYZ)+ 零售券商(HOOD),https://www.sec.gov/Archives/edgar/data/1647639/000164763926000027/upst-20251231.htm,2022:the second largest segment of consumer lending. Our platform helps lenders provide a product their,v0,"沿用 v0(舊倉 ADR-0039 鎖死名單,未改)",10-K
gig,UBER,2022-01-01,,core,,"抽成由自己的算法定,沒有實體樽頸;同一則零工分類法規或油價消息對整批方向一致。",下游:零工經濟叫車與外送平台(抽成),https://www.sec.gov/Archives/edgar/data/1543151/000154315126000015/uber-20251231.htm,"2025:respect to our relationship with drivers and couriers, and the potential impact on our business",v0,"沿用 v0(舊倉 ADR-0039 鎖死名單,未改)",10-K
gig,DASH,2022-01-01,,core,,"抽成由自己的算法定,沒有實體樽頸;同一則零工分類法規或油價消息對整批方向一致。",下游:零工經濟叫車與外送平台(抽成),https://www.sec.gov/Archives/edgar/data/1792789/000179278926000013/dash-20251231.htm,"2025:primary offerings include the DoorDash Marketplace, the Wolt Marketplace, and the Deliveroo Marketplace (our 'Marketplaces'),",v0,"沿用 v0(舊倉 ADR-0039 鎖死名單,未改)",10-K
gig,LYFT,2022-01-01,,core,,"抽成由自己的算法定,沒有實體樽頸;同一則零工分類法規或油價消息對整批方向一致。",下游:零工經濟叫車與外送平台(抽成),https://www.sec.gov/Archives/edgar/data/1759509/000162828026006960/lyft-20251231.htm,2022:ability to attract and retain drivers and riders; • our ability to develop new offerings,v0,"沿用 v0(舊倉 ADR-0039 鎖死名單,未改)",10-K
gig,GRAB,2022-01-01,,core,,"抽成由自己的算法定,沒有實體樽頸;同一則零工分類法規或油價消息對整批方向一致。",下游:零工經濟叫車與外送平台(抽成),https://www.sec.gov/Archives/edgar/data/1855612/000185561226000020/ck0001855612-20251231.htm,,v0,"沿用 v0(舊倉 ADR-0039 鎖死名單,未改)",20-F
oilfield_services,SLB,2022-01-01,,core,v3新主題;話事人,"售價由鑽井活動量與油價週期決定;樽頸是鑽機隊與壓裂車隊——重資本,報廢了補不回快。","中游:油田服務與設備(鑽井/完井/儲層服務),賣給油氣開採商",https://www.sec.gov/Archives/edgar/data/87347/000119312526021017/slb-20251231.htm,"2025:Combines the strengths of SLB’s oilfield services with advanced digital technologies to deliver more reliable,",v0,"沿用 v0(舊倉 ADR-0039 鎖死名單,未改)",10-K
oilfield_services,HAL,2022-01-01,,core,v3新主題,"售價由鑽井活動量與油價週期決定;樽頸是鑽機隊與壓裂車隊——重資本,報廢了補不回快。","中游:油田服務與設備(鑽井/完井/儲層服務),賣給油氣開採商",https://www.sec.gov/Archives/edgar/data/45012/000004501226000015/hal-20251231.htm,"2025:and disposal of hazardous substances, oilfield waste, and other waste materials; - the production, storage,",v0,"沿用 v0(舊倉 ADR-0039 鎖死名單,未改)",10-K
oilfield_services,BKR,2022-01-01,2021-11-30,core,"ADR-0039 純度:工業與能源技術分部佔近半 [2026-07-27 修正結束日 2021-12-31→2021-11-30:走廊首個決策日係 2021-12-01,舊日期令追溯剔除喺第一季失效]","售價由鑽井活動量與油價週期決定;樽頸是鑽機隊與壓裂車隊——重資本,報廢了補不回快。","中游:油田服務與設備(鑽井/完井/儲層服務),賣給油氣開採商",https://www.sec.gov/Archives/edgar/data/1701605/000170160526000007/bkr-20251231.htm,"2025:in-bit sensing), and drilling & completion fluids (emulsion-based, water-based, specialty, drill-in, and completion fluids; and",v0,"沿用 v0(舊倉 ADR-0039 鎖死名單,未改)",10-K
semi_equipment,AMAT,2022-01-01,,core,v3新主題;話事人,"售價由設備交期與技術壁壘決定;樽頸是光學與精密零件,交期以年計。⚠️ 它坐在資本開支這一邊 = 可斬需求,脆。","上游:晶圓製造設備(WFE),賣給晶圓廠",https://www.sec.gov/Archives/edgar/data/6951/000162828025056742/amat-20251026.htm,2025:and servicing of the critical wafer fabrication tools our customers need to manufacture semiconductors. Our,v0,"沿用 v0(舊倉 ADR-0039 鎖死名單,未改)",10-K
semi_equipment,LRCX,2022-01-01,,core,v3新主題,"售價由設備交期與技術壁壘決定;樽頸是光學與精密零件,交期以年計。⚠️ 它坐在資本開支這一邊 = 可斬需求,脆。","上游:晶圓製造設備(WFE),賣給晶圓廠",https://www.sec.gov/Archives/edgar/data/707549/000070754926000037/lrcx-20260628.htm,"2026:return activities; continued growth of wafer fabrication investment in calendar year 2026, including the role",v0,"沿用 v0(舊倉 ADR-0039 鎖死名單,未改)",10-K
semi_equipment,KLAC,2022-01-01,,core,2026-07-23 結構補員(universe_audit_v3.md §四 R1;三員下限):KLA 同層WFE機械按市值第三大(ASML荷蘭上市除外);本次補讀卷(29份),"售價由設備交期與技術壁壘決定;樽頸是光學與精密零件,交期以年計。⚠️ 它坐在資本開支這一邊 = 可斬需求,脆。","上游:晶圓製造設備(WFE),賣給晶圓廠",https://www.sec.gov/Archives/edgar/data/319201/000031920126000027/klac-20260630.htm,"2026:and process-enabling solutions for manufacturing wafers, reticles/masks, chemicals/materials, integrated circuits (“ICs” or “chips”), packaged ICs",v0,"沿用 v0(舊倉 ADR-0039 鎖死名單,未改)",10-K
smr_newbuild,SMR,2022-08-01,2021-11-30,core,"ADR-0039:主席2026-07-27裁決今輪剔走保持實驗簡單;round 2 重開且必須入生產 [2026-07-27 修正結束日 2021-12-31→2021-11-30:走廊首個決策日係 2021-12-01,舊日期令追溯剔除喺第一季失效]","兩間都未有商用反應堆交付發電,「售價由什麼供需決定」目前答不到——同一則能源部撥款或雲廠供電合約消息把整批推同一個方向。",上游:小型模組化核反應堆開發商(未入生產),https://www.sec.gov/Archives/edgar/data/1822966/000182296626000018/smr-20251231.htm,2022:amended. • “SMR” refers to small modular reactor. • “Sponsor” refers to Spring Valley Acquisition,v0,"沿用 v0(舊倉 ADR-0039 鎖死名單,未改)",10-K
smr_newbuild,OKLO,2024-08-01,2021-11-30,core,"ADR-0039:主席2026-07-27裁決今輪剔走保持實驗簡單;round 2 重開且必須入生產 [2026-07-27 修正結束日 2021-12-31→2021-11-30:走廊首個決策日係 2021-12-01,舊日期令追溯剔除喺第一季失效]","兩間都未有商用反應堆交付發電,「售價由什麼供需決定」目前答不到——同一則能源部撥款或雲廠供電合約消息把整批推同一個方向。",上游:小型模組化核反應堆開發商(未入生產),https://www.sec.gov/Archives/edgar/data/1849056/000162828026018698/oklo-20251231.htm,2025:scalable or cost-effective. Other advanced nuclear reactors There are several advanced reactor technologies in various,v0,"沿用 v0(舊倉 ADR-0039 鎖死名單,未改)",10-K
defense,LHX,2022-01-01,,core,"ADR-0039 新增:四個分部全部軍政府客戶,冇商用航空/商務機瓣;2021-12-01市值407.0億",售價由國防預算撥款加生產鏈產能決定;樽頸是固體火箭發動機、船台與專用產線——加不了單靠加班。,"上游/中游:純國防主承包商,裝備系統賣給美國及盟國政府",https://www.sec.gov/Archives/edgar/data/202058/000020205826000015/hrs-20260102.htm,"2026:the Trusted Disruptor in the defense industry. With customers’ mission-critical needs in mind, we deliver",v0,"沿用 v0(舊倉 ADR-0039 鎖死名單,未改)",10-K
defense,HII,2022-01-01,,core,"ADR-0039 新增:美國唯一核潛艇同航母船廠,獨市即代表性最高;2021-12-01市值70.7億",售價由國防預算撥款加生產鏈產能決定;樽頸是固體火箭發動機、船台與專用產線——加不了單靠加班。,"上游/中游:純國防主承包商,裝備系統賣給美國及盟國政府",https://www.sec.gov/Archives/edgar/data/1501585/000150158526000006/hii-20251231.htm,"2025:our') is a global, all-domain defense partner, building and delivering the world's most powerful, survivable",v0,"沿用 v0(舊倉 ADR-0039 鎖死名單,未改)",10-K
oilfield_services,WFRD,2022-01-01,,core,"ADR-0039 新增:全線國際油服,冇LNG設備臂,同層最純;2021-12-01市值20.2億","售價由鑽井活動量與油價週期決定;樽頸是鑽機隊與壓裂車隊——重資本,報廢了補不回快。","中游:油田服務與設備(鑽井/完井/儲層服務),賣給油氣開採商",https://www.sec.gov/Archives/edgar/data/1603923/000160392326000014/wfrd-20251231.htm,"2022:in various disciplines, including engineering, oilfield services support, and multiple corporate functions. In addition to",v0,"沿用 v0(舊倉 ADR-0039 鎖死名單,未改)",10-K
semis,MRVL,2022-01-01,,core,"客製化 AI ASIC 與資料中心互連矽片,與 AVGO 同一種生意","AI 算力荒——訂單由雲廠的資本開支決定,實體樽頸是先進封裝(CoWoS)與高頻寬記憶體產能,以年計才補得回。","上游:AI 加速器與資料中心互連矽片的設計商,直接賣給超大規模雲廠",https://www.sec.gov/Archives/edgar/data/1835632/000183563226000011/mrvl-20260131.htm,2026:portfolio and augments our Ultra Accelerator Link TM (“UALink TM ”) scale-up switch team. At,v1,"近似(2022-01-01 前已上市且業務未變,沿用 v0 走廊起點)",10-K
semis,ALAB,2024-03-20,,core,"PCIe/CXL 連接矽片,直接入 AI 機架,客戶同為雲廠","AI 算力荒——訂單由雲廠的資本開支決定,實體樽頸是先進封裝(CoWoS)與高頻寬記憶體產能,以年計才補得回。","上游:AI 加速器與資料中心互連矽片的設計商,直接賣給超大規模雲廠",https://www.sec.gov/Archives/edgar/data/1736297/000173629726000010/alab-20251231.htm,2025:GPUs ) and proprietary AI accelerators. We offer our customers four product families across multiple,v1,精確(Astera Labs 上市日),10-K
semis,CRDO,2022-01-27,,core,"SerDes 與有源電纜矽片,同一批雲廠客戶、同一條資本開支開關","AI 算力荒——訂單由雲廠的資本開支決定,實體樽頸是先進封裝(CoWoS)與高頻寬記憶體產能,以年計才補得回。","上游:AI 加速器與資料中心互連矽片的設計商,直接賣給超大規模雲廠",https://www.sec.gov/Archives/edgar/data/1807794/000162828026043303/crdo-20260502.htm,2026:bred a new generation of data centers over the past 5 years that depend much,v1,精確(Credo Technology 上市日),10-K
biotech,INCY,2022-01-01,,core,"Jakafi 等在售產品的商業化生物科技原廠,與 v0 五家同位置","審批稀缺性即定價權——同一則 FDA、專利懸崖或保險核價消息,對這批有在售產品的原廠方向一致。","下游:已商業化的大型生物製藥原廠,專利藥經處方賣給病人與保險",https://www.sec.gov/Archives/edgar/data/879169/000087916926000010/incy-20251231.htm,2025:U.S. Food and Drug Administration (“FDA”) in November 2011 for the treatment of adults with,v1,"近似(2022-01-01 前已上市且業務未變,沿用 v0 走廊起點)",10-K
biotech,ALNY,2022-01-01,,core,"RNAi 平台,已有多隻在售藥物,同屬商業化原廠","審批稀缺性即定價權——同一則 FDA、專利懸崖或保險核價消息,對這批有在售產品的原廠方向一致。","下游:已商業化的大型生物製藥原廠,專利藥經處方賣給病人與保險",https://www.sec.gov/Archives/edgar/data/1178670/000162828026007497/alny-20251231.htm,"2025:and Drug Administration, or the FDA, approved our supplemental New Drug Application, or sNDA, for",v1,"近似(2022-01-01 前已上市且業務未變,沿用 v0 走廊起點)",10-K
uranium_power,UUUU,2022-01-01,,core,"美國本土鈾礦與加工廠(White Mesa),同為鈾精礦賣家","鈾精礦賣給核電廠,售價由礦供給(長期減產、庫存見底)對反應堆需求決定;開一個新礦要七至十年,而買家是剛需——貴極都要買,停爐蝕得更多。","上游:核燃料(鈾礦開採,以及 LEU 的鈾濃縮一節)",https://www.sec.gov/Archives/edgar/data/1385849/000138584926000009/efr-20251231.htm,"2025:and the primary component of yellowcake, and is produced from uranium deposits. It is the",v1,"近似(2022-01-01 前已上市且業務未變,沿用 v0 走廊起點)",10-K
uranium_power,URG,2022-01-01,,core,"懷俄明州原地浸出鈾礦商,已在生產","鈾精礦賣給核電廠,售價由礦供給(長期減產、庫存見底)對反應堆需求決定;開一個新礦要七至十年,而買家是剛需——貴極都要買,停爐蝕得更多。","上游:核燃料(鈾礦開採,以及 LEU 的鈾濃縮一節)",https://www.sec.gov/Archives/edgar/data/1375205/000110465926025923/urg-20251231x10k.htm,"2025:timing to complete additional favorable uranium sales agreements, including spot sales as may be warranted;",v1,"近似(2022-01-01 前已上市且業務未變,沿用 v0 走廊起點)",10-K
uranium_power,EU,2022-01-01,,core,"德州原地浸出鈾礦商,2023 年入生產","鈾精礦賣給核電廠,售價由礦供給(長期減產、庫存見底)對反應堆需求決定;開一個新礦要七至十年,而買家是剛需——貴極都要買,停爐蝕得更多。","上游:核燃料(鈾礦開採,以及 LEU 的鈾濃縮一節)",https://www.sec.gov/Archives/edgar/data/1500881/000162828026022507/encr-20251231.htm,"2025:U.S. government policies towards domestic uranium supply; expectations about future uranium market prices, production costs",v1,"近似(2022-01-01 前已上市且業務未變,沿用 v0 走廊起點)",10-K
uranium_power,DNN,2022-01-01,,core,"加拿大 Athabasca 鈾礦商,40-F 申報人,無 10-K 快取","鈾精礦賣給核電廠,售價由礦供給(長期減產、庫存見底)對反應堆需求決定;開一個新礦要七至十年,而買家是剛需——貴極都要買,停爐蝕得更多。","上游:核燃料(鈾礦開採,以及 LEU 的鈾濃縮一節)",https://www.sec.gov/Archives/edgar/data/1063259/000110465926036912/dnn-20251231x40f.htm,,v1,"近似(2022-01-01 前已上市且業務未變,沿用 v0 走廊起點)",40-F
copper,HBM,2022-01-01,,core,"秘魯 Constancia + 加拿大礦區的中型銅礦商,40-F 申報人","賣給電氣化與工業製造商,售價由全球礦供給(品位下跌、罷工、新礦投產)決定;開一個新礦要十年以上。",上游:銅礦開採(銅精礦與陰極銅),https://www.sec.gov/Archives/edgar/data/1322422/000106299326001648/form40f.htm,,v1,"近似(2022-01-01 前已上市且業務未變,沿用 v0 走廊起點)",40-F
copper,ERO,2022-01-01,,core,"巴西純銅礦商,40-F 申報人","賣給電氣化與工業製造商,售價由全球礦供給(品位下跌、罷工、新礦投產)決定;開一個新礦要十年以上。",上游:銅礦開採(銅精礦與陰極銅),https://www.sec.gov/Archives/edgar/data/1853860/000162828026022073/ero-20251231_d2.htm,,v1,"近似(2022-01-01 前已上市且業務未變,沿用 v0 走廊起點)",40-F
copper,TGB,2022-01-01,,core,"加拿大 Gibraltar 銅礦商(2026 年易名 Trekor Metals),40-F 申報人","賣給電氣化與工業製造商,售價由全球礦供給(品位下跌、罷工、新礦投產)決定;開一個新礦要十年以上。",上游:銅礦開採(銅精礦與陰極銅),https://www.sec.gov/Archives/edgar/data/878518/000106299326001708/form40f.htm,,v1,"近似(2022-01-01 前已上市且業務未變,沿用 v0 走廊起點)",40-F
china,PDD,2022-01-01,,core,"拼多多/Temu,同一組政策與退市風險,20-F 申報人","盈利開關是中國監管政策(反壟斷、數據安全、ADR 退市風險),結構性落在供需卷之外——同一則政策消息把整批打上打落。","橫向:在美國上市的中國互聯網平台(共通點是政策開關,不是上下游位置)",https://www.sec.gov/Archives/edgar/data/1737806/000110465926050727/pdd-20251231x20f.htm,,v1,"近似(2022-01-01 前已上市且業務未變,沿用 v0 走廊起點)",20-F
china,TME,2022-01-01,,core,"騰訊音樂,20-F 申報人","盈利開關是中國監管政策(反壟斷、數據安全、ADR 退市風險),結構性落在供需卷之外——同一則政策消息把整批打上打落。","橫向:在美國上市的中國互聯網平台(共通點是政策開關,不是上下游位置)",https://www.sec.gov/Archives/edgar/data/1744676/000119312526160257/tme-20251231.htm,,v1,"近似(2022-01-01 前已上市且業務未變,沿用 v0 走廊起點)",20-F
china,BILI,2022-01-01,,core,"嗶哩嗶哩,20-F 申報人","盈利開關是中國監管政策(反壟斷、數據安全、ADR 退市風險),結構性落在供需卷之外——同一則政策消息把整批打上打落。","橫向:在美國上市的中國互聯網平台(共通點是政策開關,不是上下游位置)",https://www.sec.gov/Archives/edgar/data/1723690/000119312526157842/d91984d20f.htm,,v1,"近似(2022-01-01 前已上市且業務未變,沿用 v0 走廊起點)",20-F
energy,SHEL,2022-01-01,,core,"殼牌,20-F 申報人,同為一體化巨頭","一體化把上游與下游兩種售價機制溝在一起——原油升價時上游賺、煉化蝕,對沖掉自己,所以讀不出單一缺口。",全鏈:一體化石油巨頭(上游開採 + 煉化 + 零售同一屋簷),https://www.sec.gov/Archives/edgar/data/1306965/000162828026017024/shel-20251231.htm,,v1,"近似(2022-01-01 前已上市且業務未變,沿用 v0 走廊起點)",20-F
energy,BP,2022-01-01,,core,"BP,20-F 申報人","一體化把上游與下游兩種售價機制溝在一起——原油升價時上游賺、煉化蝕,對沖掉自己,所以讀不出單一缺口。",全鏈:一體化石油巨頭(上游開採 + 煉化 + 零售同一屋簷),https://www.sec.gov/Archives/edgar/data/313807/000031380726000006/bp-20251231.htm,,v1,"近似(2022-01-01 前已上市且業務未變,沿用 v0 走廊起點)",20-F
energy,TTE,2022-01-01,,core,"道達爾能源,20-F 申報人","一體化把上游與下游兩種售價機制溝在一起——原油升價時上游賺、煉化蝕,對沖掉自己,所以讀不出單一缺口。",全鏈:一體化石油巨頭(上游開採 + 煉化 + 零售同一屋簷),https://www.sec.gov/Archives/edgar/data/879764/000110465926035876/tot-20251231x20f.htm,,v1,"近似(2022-01-01 前已上市且業務未變,沿用 v0 走廊起點)",20-F
upstream_oil,FANG,2022-01-01,,core,"二疊紀盆地純上游,與 EOG/OXY 同位置","原油與天然氣賣給煉廠,售價由 OPEC+ 產能與頁岩投資紀律決定;樽頸是鑽探投資週期與有限的優質井位。","上游:純油氣開採(E&P),不持煉廠",https://www.sec.gov/Archives/edgar/data/1539838/000153983826000010/fang-20251231.htm,2025:xploitation and exploration of proved oil and natural gas reserves divided by proved reserve additions,v1,"近似(2022-01-01 前已上市且業務未變,沿用 v0 走廊起點)",10-K
upstream_oil,DVN,2022-01-01,,core,多盆地純上游,"原油與天然氣賣給煉廠,售價由 OPEC+ 產能與頁岩投資紀律決定;樽頸是鑽探投資週期與有限的優質井位。","上游:純油氣開採(E&P),不持煉廠",https://www.sec.gov/Archives/edgar/data/1090012/000119312526056485/dvn-20251231.htm,"2025:barrel of oil equivalent. Gas proved reserves and production are converted to Boe, at the",v1,"近似(2022-01-01 前已上市且業務未變,沿用 v0 走廊起點)",10-K
upstream_oil,APA,2022-01-01,,core,"純上游,美國 + 埃及 + 北海","原油與天然氣賣給煉廠,售價由 OPEC+ 產能與頁岩投資紀律決定;樽頸是鑽探投資週期與有限的優質井位。","上游:純油氣開採(E&P),不持煉廠",https://www.sec.gov/Archives/edgar/data/1841666/000184166626000015/apa-20251231.htm,"2025:1 and 2—Business and Properties—Estimated Proved Reserves and Future Net Cash Flows, Item 1A—Risk Factors,",v1,"近似(2022-01-01 前已上市且業務未變,沿用 v0 走廊起點)",10-K
defense,LDOS,2022-01-01,,core,純政府客戶的國防/情報 IT 與任務系統,售價由國防預算撥款加生產鏈產能決定;樽頸是固體火箭發動機、船台與專用產線——加不了單靠加班。,"上游/中游:純國防主承包商,裝備系統賣給美國及盟國政府",https://www.sec.gov/Archives/edgar/data/1336920/000133692026000030/ldos-20260102.htm,2026:Ms. Porter served as the Department of Defense Information Networks & Mission Partner Program Director.,v1,"近似(2022-01-01 前已上市且業務未變,沿用 v0 走廊起點)",10-K
defense,BWXT,2022-01-01,,core,"海軍核動力部件與核燃料,獨市產線",售價由國防預算撥款加生產鏈產能決定;樽頸是固體火箭發動機、船台與專用產線——加不了單靠加班。,"上游/中游:純國防主承包商,裝備系統賣給美國及盟國政府",https://www.sec.gov/Archives/edgar/data/1486957/000148695726000007/bwxt-20251231.htm,"2022:applications include NASA, the U.S. Department of Defense ('DoD') and the DOE. We offer complete",v1,"近似(2022-01-01 前已上市且業務未變,沿用 v0 走廊起點)",10-K
defense,KTOS,2022-01-01,,core,"無人機與導彈標靶,純國防客戶",售價由國防預算撥款加生產鏈產能決定;樽頸是固體火箭發動機、船台與專用產線——加不了單靠加班。,"上游/中游:純國防主承包商,裝備系統賣給美國及盟國政府",https://www.sec.gov/Archives/edgar/data/1069258/000106925826000013/ktos-20251228.htm,2022:in areas that the U.S. Department of Defense (“DoD”) and other customers indicate are priorities,v1,"近似(2022-01-01 前已上市且業務未變,沿用 v0 走廊起點)",10-K
software_cloud,WDAY,2022-01-01,,core,"企業 HR/財務 SaaS,同一條企業 IT 預算開關","零邊際成本,加座位即刻加得到,沒有實體樽頸;售價由企業 IT 支出週期決定,不由供給缺口決定。","下游:企業訂閱制軟件與雲平台,賣給企業 IT 預算",https://www.sec.gov/Archives/edgar/data/1327811/000132781126000014/wday-20260131.htm,2026:and Marketing We sell our subscription contracts and related services and solutions globally through direct,v1,"近似(2022-01-01 前已上市且業務未變,沿用 v0 走廊起點)",10-K
software_cloud,SNOW,2022-02-10,,core,"雲端資料倉庫,用量計費的企業 IT 支出","零邊際成本,加座位即刻加得到,沒有實體樽頸;售價由企業 IT 支出週期決定,不由供給缺口決定。","下游:企業訂閱制軟件與雲平台,賣給企業 IT 預算",https://www.sec.gov/Archives/edgar/data/1640147/000164014726000008/snow-20260131.htm,"2023:data transfer resources. Unlike a subscription-based business model, in which revenue is recognized ratably over",v1,近似(EDGAR 首次申報日代上市日;查不到更早的入位事件),10-K
banks,C,2025-09-02,,core,"四大貨幣中心銀行之一,補齊 JPM/BAC/WFC/C 一組","售價由聯儲利率與信貸週期決定,不是實體樽頸;同一則利率或信貸消息把整批打同一個方向。",中游:美國大型銀行(存貸與交易服務),https://www.sec.gov/Archives/edgar/data/831001/000083100126000011/c-20251231.htm,2025:support additional advances from the Federal Home Loan Bank (FHLB) and the Federal Reserve Bank,v1,近似(EDGAR 首次申報日代上市日;查不到更早的入位事件),10-K
banks,USB,2022-02-16,,core,大型區域銀行,"售價由聯儲利率與信貸週期決定,不是實體樽頸;同一則利率或信貸消息把整批打同一個方向。",中游:美國大型銀行(存貸與交易服務),https://www.sec.gov/Archives/edgar/data/36104/000003610426000011/usb-20251231.htm,"2025:Board of Governors of the Federal Reserve System (the “Federal Reserve”), United States fiscal policy,",v1,近似(EDGAR 首次申報日代上市日;查不到更早的入位事件),10-K
banks,PNC,2022-01-01,,core,大型區域銀行,"售價由聯儲利率與信貸週期決定,不是實體樽頸;同一則利率或信貸消息把整批打同一個方向。",中游:美國大型銀行(存貸與交易服務),https://www.sec.gov/Archives/edgar/data/713676/000071367626000020/pnc-20251231.htm,"2025:by its primary regulator, the Federal Reserve. PNC primarily conducts its business through its domestic",v1,"近似(2022-01-01 前已上市且業務未變,沿用 v0 走廊起點)",10-K
staples,PEP,2022-01-01,,core,"品牌快消製造(飲料+零食),與 PG/KO 同位置","PG/KO 靠品牌提價,WMT/COST 靠規模壓供應商價——同一則成本上升消息,一邊是成本、一邊是議價籌碼,方向相反。",⚠️ 兩個位置溝在一條:品牌快消製造商(定價者)+ 大型零售商(壓價者),https://www.sec.gov/Archives/edgar/data/77476/000007747626000007/pep-20251227.htm,"2025:with a complementary portfolio of brands, including Lay’s, Doritos, Cheetos, Gatorade, Pepsi-Cola, Mountain Dew, Quaker",v1,"近似(2022-01-01 前已上市且業務未變,沿用 v0 走廊起點)",10-K
staples,CL,2022-01-01,,core,品牌快消製造(家居個護),"PG/KO 靠品牌提價,WMT/COST 靠規模壓供應商價——同一則成本上升消息,一邊是成本、一邊是議價籌碼,方向相反。",⚠️ 兩個位置溝在一條:品牌快消製造商(定價者)+ 大型零售商(壓價者),https://www.sec.gov/Archives/edgar/data/21665/000002166526000006/cl-20251231.htm,"2025:reach and penetration of our brands; building the incremental benefit of superior, science-based innovation supported",v1,"近似(2022-01-01 前已上市且業務未變,沿用 v0 走廊起點)",10-K
staples,KMB,2022-01-01,,core,品牌快消製造(紙品個護),"PG/KO 靠品牌提價,WMT/COST 靠規模壓供應商價——同一則成本上升消息,一邊是成本、一邊是議價籌碼,方向相反。",⚠️ 兩個位置溝在一條:品牌快消製造商(定價者)+ 大型零售商(壓價者),https://www.sec.gov/Archives/edgar/data/55785/000162828026007567/kmb-20251231.htm,2025:absorbency. Kimberly-Clark and our trusted brands are an indispensable part of life for people in,v1,"近似(2022-01-01 前已上市且業務未變,沿用 v0 走廊起點)",10-K
staples,TGT,2022-01-01,,core,"大型零售商,與 WMT/COST 同位置","PG/KO 靠品牌提價,WMT/COST 靠規模壓供應商價——同一則成本上升消息,一邊是成本、一邊是議價籌碼,方向相反。",⚠️ 兩個位置溝在一條:品牌快消製造商(定價者)+ 大型零售商(壓價者),https://www.sec.gov/Archives/edgar/data/27419/000002741926000016/tgt-20260131.htm,2026:We focus on categories and brands where we can offer a distinctive and relevant experience,v1,"近似(2022-01-01 前已上市且業務未變,沿用 v0 走廊起點)",10-K
staples,KR,2022-01-01,,core,大型食品零售商,"PG/KO 靠品牌提價,WMT/COST 靠規模壓供應商價——同一則成本上升消息,一邊是成本、一邊是議價籌碼,方向相反。",⚠️ 兩個位置溝在一條:品牌快消製造商(定價者)+ 大型零售商(壓價者),https://www.sec.gov/Archives/edgar/data/56873/000110465926037723/kr-20260131x10k.htm,"2026:sustainable growth through Fresh, Our Brands , Personalization, and eCommerce; the outcome of litigation matters,",v1,"近似(2022-01-01 前已上市且業務未變,沿用 v0 走廊起點)",10-K
gold,KGC,2022-01-01,,core,"美洲/西非金礦商,40-F 申報人","黃金賣給央行、投資者與珠寶,售價就是全球金價;新礦十年以上、礦供給年增長不足 2%——但礦商是價格接受者,缺口讀不到。",上游:黃金礦開採(不含權利金公司),https://www.sec.gov/Archives/edgar/data/701818/000110465926035268/kgc-20251231x40f.htm,,v1,"近似(2022-01-01 前已上市且業務未變,沿用 v0 走廊起點)",40-F
gold,AU,2023-04-21,,core,"AngloGold Ashanti,20-F 申報人","黃金賣給央行、投資者與珠寶,售價就是全球金價;新礦十年以上、礦供給年增長不足 2%——但礦商是價格接受者,缺口讀不到。",上游:黃金礦開採(不含權利金公司),https://www.sec.gov/Archives/edgar/data/1973832/000197383226000066/au-20251231.htm,,v1,近似(EDGAR 首次申報日代上市日;查不到更早的入位事件),20-F
gold,GFI,2022-01-01,,core,"Gold Fields,20-F 申報人","黃金賣給央行、投資者與珠寶,售價就是全球金價;新礦十年以上、礦供給年增長不足 2%——但礦商是價格接受者,缺口讀不到。",上游:黃金礦開採(不含權利金公司),https://www.sec.gov/Archives/edgar/data/1172724/000162828026021904/gfi-20251231.htm,,v1,"近似(2022-01-01 前已上市且業務未變,沿用 v0 走廊起點)",20-F
optical_cpo,FN,2022-01-01,,core,"光模組代工龍頭,與 LITE/COHR 同一段光鏈","售價由磷化銦/砷化鎵雷射晶片產能決定;樽頸是化合物半導體晶圓廠,補不了快。","中游:資料中心光收發模組與光子元件,賣給網絡設備與系統商",https://www.sec.gov/Archives/edgar/data/1408710/000140871026000028/fn-20260626.htm,2026:to continue diversifying our precision optical and electro-mechanical manufacturing services across other markets within the,v1,"近似(2022-01-01 前已上市且業務未變,沿用 v0 走廊起點)",10-K
quantum,INFQ,2024-03-08,,core,"中性原子量子運算商,2026 年上市,美股第五家純量子硬件","沒有產品出貨、沒有售價可讀,估值全靠敘事——同一則政府撥款或大廠里程碑消息把整批一齊推上推落。",上游:量子運算硬件商(未商業化),https://www.sec.gov/Archives/edgar/data/2007825/000119312526134544/d94946d10k.htm,2025:our ability to commercialize our quantum computing technology; our expectations with respect to market opportunity,v1,近似(EDGAR 首次申報日代上市日;查不到更早的入位事件),10-K
betting,RSI,2022-01-01,,core,"純線上體育博彩與賭場,美加拉美市場","抽成由自己定,售價自訂,沒有實體樽頸;真正的開關是「州份牌照開放 × 下注需求」。",下游:純線上體育博彩與 iGaming 營運商(抽成),https://www.sec.gov/Archives/edgar/data/1793659/000179365926000009/rsi-20251231.htm,"2025:in the online casino, online sports betting and retail sports betting (i.e., such as within",v1,"近似(2022-01-01 前已上市且業務未變,沿用 v0 走廊起點)",10-K
betting,SGHC,2022-01-27,,core,"Betway/Spin 母企,純線上博彩,20-F 申報人","抽成由自己定,售價自訂,沒有實體樽頸;真正的開關是「州份牌照開放 × 下注需求」。",下游:純線上體育博彩與 iGaming 營運商(抽成),https://www.sec.gov/Archives/edgar/data/1878057/000162828026025609/sghc-20251231.htm,,v1,精確(Super Group 併殼上市完成日),20-F
cyber,S,2022-01-01,,core,"端點與雲工作負載安全平台,與 CRWD 同位置","訂閱制安全賣給企業,零邊際成本;有講價權,但講價權不等於缺口。",下游:企業訂閱制網絡安全平台,https://www.sec.gov/Archives/edgar/data/1583708/000158370826000020/s-20260131.htm,"2026:macroeconomic climate, whether in the cybersecurity industry in general, or among specific types of customers",v1,"近似(2022-01-01 前已上市且業務未變,沿用 v0 走廊起點)",10-K
travel_cruise,VIK,2024-05-01,,core,"河輪與海洋郵輪營運商,20-F 申報人","航次賣給旅客,售價由船隊床位運力對需求決定;新船三至四年,而且船廠船台有限。",下游:郵輪營運商(床位運力),https://www.sec.gov/Archives/edgar/data/1745201/000174520126000007/vik-20251231.htm,,v1,精確(Viking Holdings 上市日),20-F
travel_cruise,LIND,2022-01-01,,core,"探險郵輪營運商,同一條運力方程式","航次賣給旅客,售價由船隊床位運力對需求決定;新船三至四年,而且船廠船台有限。",下游:郵輪營運商(床位運力),https://www.sec.gov/Archives/edgar/data/1512499/000143774926005873/lindb20251231c_10k.htm,2025:publicity regarding the travel and cruise industry in general; the result of future financing efforts;,v1,"近似(2022-01-01 前已上市且業務未變,沿用 v0 走廊起點)",10-K
homebuilders,KBH,2022-01-01,,core,"量產型建商,與 DHI/LEN/PHM 同一種持地模式","新屋賣給買家,售價由土地、可建地塊、勞工與按揭利率決定;樽頸是已開發地塊與建築工人。",下游:量產型持地建商(自有土地庫存),https://www.sec.gov/Archives/edgar/data/795266/000079526626000017/kbh-20251130.htm,2025:sales with at least five homes/lots left to sell; and “product” encompasses a home’s floor,v1,"近似(2022-01-01 前已上市且業務未變,沿用 v0 走廊起點)",10-K
homebuilders,MHO,2022-01-01,,core,中西部/東南部量產型建商,"新屋賣給買家,售價由土地、可建地塊、勞工與按揭利率決定;樽頸是已開發地塊與建築工人。",下游:量產型持地建商(自有土地庫存),https://www.sec.gov/Archives/edgar/data/799292/000079929226000006/mho-20251231.htm,2025:consists of two distinct operations: homebuilding and financial services. Our homebuilding operations are aggregated for,v1,"近似(2022-01-01 前已上市且業務未變,沿用 v0 走廊起點)",10-K
homebuilders,LGIH,2022-01-01,,core,入門級量產型建商,"新屋賣給買家,售價由土地、可建地塊、勞工與按揭利率決定;樽頸是已開發地塊與建築工人。",下游:量產型持地建商(自有土地庫存),https://www.sec.gov/Archives/edgar/data/1580670/000158067026000019/lgih-20251231.htm,2025:leverage or complement our core homebuilding operations. Our wholesale business sells homes primarily to large,v1,"近似(2022-01-01 前已上市且業務未變,沿用 v0 走廊起點)",10-K
ag_fertilizer,IPI,2022-01-01,,core,美國本土鉀肥生產商,"賣給農民與農業經銷商;鉀磷看礦山供給,氮看天然氣邊際成本;鉀礦七年,氨廠四至五年。",上游:化肥生產(鉀肥、磷肥、氮肥),https://www.sec.gov/Archives/edgar/data/1421461/000142146126000008/ipi-20251231.htm,2025:changes in agricultural production or fertilizer application rates; declines in the use of potassium-related products,v1,"近似(2022-01-01 前已上市且業務未變,沿用 v0 走廊起點)",10-K
ag_fertilizer,UAN,2022-01-01,,core,"氮肥(UAN/氨)生產商,天然氣成本傳導最直接","賣給農民與農業經銷商;鉀磷看礦山供給,氮看天然氣邊際成本;鉀礦七年,氨廠四至五年。",上游:化肥生產(鉀肥、磷肥、氮肥),https://www.sec.gov/Archives/edgar/data/1425292/000142529226000011/cvi-20251231.htm,2025:for industrial applications and finished fertilizer products. Capacity Capacity is defined as the throughput a,v1,"近似(2022-01-01 前已上市且業務未變,沿用 v0 走廊起點)",10-K
ag_fertilizer,ICL,2022-01-01,,core,"鉀肥與特種肥料,20-F 申報人","賣給農民與農業經銷商;鉀磷看礦山供給,氮看天然氣邊際成本;鉀礦七年,氨廠四至五年。",上游:化肥生產(鉀肥、磷肥、氮肥),https://www.sec.gov/Archives/edgar/data/941221/000117891326000817/zk2634483.htm,,v1,"近似(2022-01-01 前已上市且業務未變,沿用 v0 走廊起點)",20-F
ag_fertilizer,LXU,2022-01-01,,core,氮肥與工業化學品生產商,"賣給農民與農業經銷商;鉀磷看礦山供給,氮看天然氣邊際成本;鉀礦七年,氨廠四至五年。",上游:化肥生產(鉀肥、磷肥、氮肥),https://www.sec.gov/Archives/edgar/data/60714/000119312526076810/lxu-20251231.htm,2025:diversification strategy; changes in domestic fertilizer production; the increasing output and capacity of our existing,v1,"近似(2022-01-01 前已上市且業務未變,沿用 v0 走廊起點)",10-K
fintech,XYZ,2022-01-01,,core,"Block(Square/Cash App),支付與商戶服務","售價(息率/手續費/抽成)自己定,沒有實體樽頸。",⚠️ 三個位置溝在一條:另類信貸(SOFI/AFRM/UPST)+ 支付(PYPL/XYZ)+ 零售券商(HOOD),https://www.sec.gov/Archives/edgar/data/1512673/000162828026012254/xyz-20251231.htm,"2025:seller') network. Our platform integrates payments, banking, lending, and commerce solutions designed to provide secure,",v1,"近似(2022-01-01 前已上市且業務未變,沿用 v0 走廊起點)",10-K
gig,CART,2023-09-19,,core,"Instacart,同一條零工外送抽成方程式","抽成由自己的算法定,沒有實體樽頸;同一則零工分類法規或油價消息對整批方向一致。",下游:零工經濟叫車與外送平台(抽成),https://www.sec.gov/Archives/edgar/data/1579091/000157909126000018/cart-20251231.htm,"2025:Proposition 22 in California requires gig economy companies like Instacart to, among other things, provide",v1,精確(Instacart 母公司 Maplebear 上市日),10-K
oilfield_services,NOV,2022-01-01,,core,"鑽井設備與資本裝備,同一條鑽井活動量開關","售價由鑽井活動量與油價週期決定;樽頸是鑽機隊與壓裂車隊——重資本,報廢了補不回快。","中游:油田服務與設備(鑽井/完井/儲層服務),賣給油氣開採商",https://www.sec.gov/Archives/edgar/data/1021860/000119312526048350/nov-20251231.htm,"2025:those developed by the major oilfield service providers, it will prevent any one organization from",v1,"近似(2022-01-01 前已上市且業務未變,沿用 v0 走廊起點)",10-K
oilfield_services,FTI,2022-01-01,,core,海底生產系統與完井,"售價由鑽井活動量與油價週期決定;樽頸是鑽機隊與壓裂車隊——重資本,報廢了補不回快。","中游:油田服務與設備(鑽井/完井/儲層服務),賣給油氣開採商",https://www.sec.gov/Archives/edgar/data/1681459/000168145926000010/fti-20251231.htm,2025:products and services to the oilfield industry. From the original Chiksan ® and Weco ®,v1,"近似(2022-01-01 前已上市且業務未變,沿用 v0 走廊起點)",10-K
oilfield_services,OII,2022-01-01,,core,海底工程與 ROV 服務,"售價由鑽井活動量與油價週期決定;樽頸是鑽機隊與壓裂車隊——重資本,報廢了補不回快。","中游:油田服務與設備(鑽井/完井/儲層服務),賣給油氣開採商",https://www.sec.gov/Archives/edgar/data/73756/000007375626000016/oii-20251231.htm,2022:at this time. Our offshore oilfield operations involve a variety of operating hazards and risks,v1,"近似(2022-01-01 前已上市且業務未變,沿用 v0 走廊起點)",10-K
semi_equipment,ONTO,2022-01-01,,core,"製程控制與量測設備,同賣晶圓廠","售價由設備交期與技術壁壘決定;樽頸是光學與精密零件,交期以年計。⚠️ 它坐在資本開支這一邊 = 可斬需求,脆。","上游:晶圓製造設備(WFE),賣給晶圓廠",https://www.sec.gov/Archives/edgar/data/704532/000119312526066937/onto-20260103.htm,"2026:inspection on patterned and unpatterned wafers, including macro defect inspection of both 2D and 3D",v1,"近似(2022-01-01 前已上市且業務未變,沿用 v0 走廊起點)",10-K
semi_equipment,ACLS,2022-01-01,,core,離子植入設備,"售價由設備交期與技術壁壘決定;樽頸是光學與精密零件,交期以年計。⚠️ 它坐在資本開支這一邊 = 可斬需求,脆。","上游:晶圓製造設備(WFE),賣給晶圓廠",https://www.sec.gov/Archives/edgar/data/1113232/000110465926020461/acls-20251231x10k.htm,2025:Transistors are created in the wafer by introducing various precisely placed dopants into the silicon,v1,"近似(2022-01-01 前已上市且業務未變,沿用 v0 走廊起點)",10-K
semi_equipment,TER,2022-01-01,,core,半導體測試設備,"售價由設備交期與技術壁壘決定;樽頸是光學與精密零件,交期以年計。⚠️ 它坐在資本開支這一邊 = 可斬需求,脆。","上游:晶圓製造設備(WFE),賣給晶圓廠",https://www.sec.gov/Archives/edgar/data/97210/000119312526059002/ter-20251231.htm,"2025:we provide are used for wafer level, device package testing, and system level testing. These",v1,"近似(2022-01-01 前已上市且業務未變,沿用 v0 走廊起點)",10-K
smr_newbuild,NNE,2022-04-27,,core,"微型模組化反應堆開發商,同為未入生產","兩間都未有商用反應堆交付發電,「售價由什麼供需決定」目前答不到——同一則能源部撥款或雲廠供電合約消息把整批推同一個方向。",上游:小型模組化核反應堆開發商(未入生產),https://www.sec.gov/Archives/edgar/data/1923891/000149315225028285/form10-k.htm,2025:advanced nuclear technologies such as small modular reactors (SMRs). The orders also emphasized strengthening the,v1,近似(EDGAR 首次申報日代上市日;查不到更早的入位事件),10-K
smr_newbuild,LTBR,2022-01-01,,core,"核燃料技術開發商,同一組政策與撥款開關","兩間都未有商用反應堆交付發電,「售價由什麼供需決定」目前答不到——同一則能源部撥款或雲廠供電合約消息把整批推同一個方向。",上游:小型模組化核反應堆開發商(未入生產),https://www.sec.gov/Archives/edgar/data/1084554/000147793226001076/ltbr_10k.htm,"2025:cycles. Emerging nuclear technologies include small modular reactors (SMRs), which are now in the development",v1,"近似(2022-01-01 前已上市且業務未變,沿用 v0 走廊起點)",10-K
smr_newbuild,ASPI,2022-04-21,,core,同位素與 HALEU 燃料開發商,"兩間都未有商用反應堆交付發電,「售價由什麼供需決定」目前答不到——同一則能源部撥款或雲廠供電合約消息把整批推同一個方向。",上游:小型模組化核反應堆開發商(未入生產),https://www.sec.gov/Archives/edgar/data/1921865/000119312526151294/aspi-20251231.htm,2025:low-enriched uranium ( HALEU )-fueled small modular reactors that are now under development for commercial,v1,近似(EDGAR 首次申報日代上市日;查不到更早的入位事件),10-K
crypto_mining,CLSK,2022-01-01,,core,自建礦場的比特幣礦商,"收入等於幣價乘算力份額,成本等於電價;同一則減半、幣價或電力合約消息把整批打同一個方向——近兩年再加一個開關:把礦場改裝成 AI 資料中心的租約。","中游:比特幣挖礦與算力託管(自建電力與資料中心,賣算力或賣幣)",https://www.sec.gov/Archives/edgar/data/827876/000119312525297510/clsk-20250930.htm,2022:hot wallets that hold our bitcoin; • changes to bitcoin mining difficulty; • our reliance,v1,"近似(2022-01-01 前已上市且業務未變,沿用 v0 走廊起點)",10-K
crypto_mining,CIFR,2022-01-01,,core,"同上,並已簽 AI 資料中心租約","收入等於幣價乘算力份額,成本等於電價;同一則減半、幣價或電力合約消息把整批打同一個方向——近兩年再加一個開關:把礦場改裝成 AI 資料中心的租約。","中游:比特幣挖礦與算力託管(自建電力與資料中心,賣算力或賣幣)",https://www.sec.gov/Archives/edgar/data/1819989/000181998926000009/cifr-20251231.htm,"2022:of success, potential expansion of bitcoin mining data centers, and management plans and objectives are",v1,"近似(2022-01-01 前已上市且業務未變,沿用 v0 走廊起點)",10-K
crypto_mining,WULF,2022-01-01,,core,"核電供電礦場,同樣轉型 AI 託管","收入等於幣價乘算力份額,成本等於電價;同一則減半、幣價或電力合約消息把整批打同一個方向——近兩年再加一個開關:把礦場改裝成 AI 資料中心的租約。","中游:比特幣挖礦與算力託管(自建電力與資料中心,賣算力或賣幣)",https://www.sec.gov/Archives/edgar/data/1083301/000108330126000031/wulf-20251231.htm,"2022:energy development to enable sustainable bitcoin mining. TeraWulf develops, owns and operates its bitcoin mining",v1,"近似(2022-01-01 前已上市且業務未變,沿用 v0 走廊起點)",10-K
crypto_mining,IREN,2022-01-01,,core,"礦場加 AI 雲,同一條電力與幣價方程式","收入等於幣價乘算力份額,成本等於電價;同一則減半、幣價或電力合約消息把整批打同一個方向——近兩年再加一個開關:把礦場改裝成 AI 資料中心的租約。","中游:比特幣挖礦與算力託管(自建電力與資料中心,賣算力或賣幣)",https://www.sec.gov/Archives/edgar/data/1878848/000187884826000052/iren-20260630.htm,"2026:hardware (including GPUs, hardware for Bitcoin mining and any current or future services we offer)",v1,"近似(2022-01-01 前已上市且業務未變,沿用 v0 走廊起點)",10-K
crypto_mining,CORZ,2022-01-20,,core,礦場轉 AI 託管的代表案例,"收入等於幣價乘算力份額,成本等於電價;同一則減半、幣價或電力合約消息把整批打同一個方向——近兩年再加一個開關:把礦場改裝成 AI 資料中心的租約。","中游:比特幣挖礦與算力託管(自建電力與資料中心,賣算力或賣幣)",https://www.sec.gov/Archives/edgar/data/1839341/000162828026013305/core-20251231.htm,"2025:Each of the HDC and bitcoin mining markets are highly competitive. In the HDC market,",v1,精確(Core Scientific 併殼上市完成日),10-K
crypto_mining,HIVE,2022-01-01,,core,"北美/南美礦商,40-F 申報人","收入等於幣價乘算力份額,成本等於電價;同一則減半、幣價或電力合約消息把整批打同一個方向——近兩年再加一個開關:把礦場改裝成 AI 資料中心的租約。","中游:比特幣挖礦與算力託管(自建電力與資料中心,賣算力或賣幣)",https://www.sec.gov/Archives/edgar/data/1720424/000106299326002973/form10k.htm,"2026:hashing algorithms efficiently, including for Bitcoin mining. August 2023 ATM Equity Program Means the Company's",v1,"近似(2022-01-01 前已上市且業務未變,沿用 v0 走廊起點)",10-K
travel_platform,BKNG,2022-01-01,,core,全球最大線上訂房平台,"抽佣由平台自訂,不持有房間或船位——同一則旅遊需求消息對它們的衝擊與郵輪商不同:郵輪商受運力綁死,平台商不受。","下游:資產輕的線上旅遊訂房與出行平台(抽佣,不持有運力)",https://www.sec.gov/Archives/edgar/data/1075531/000107553126000009/bkng-20251231.htm,"2025:of our revenues from providing online travel reservation services, which facilitate online travel purchases by",v1,"近似(2022-01-01 前已上市且業務未變,沿用 v0 走廊起點)",10-K
travel_platform,EXPE,2022-01-01,,core,線上旅遊代理,"抽佣由平台自訂,不持有房間或船位——同一則旅遊需求消息對它們的衝擊與郵輪商不同:郵輪商受運力綁死,平台商不受。","下游:資產輕的線上旅遊訂房與出行平台(抽佣,不持有運力)",https://www.sec.gov/Archives/edgar/data/1324424/000132442426000008/expe-20251231.htm,2025:as one of the first online travel agencies (“OTAs”) and played a significant role in,v1,"近似(2022-01-01 前已上市且業務未變,沿用 v0 走廊起點)",10-K
travel_platform,ABNB,2023-04-27,,core,"短租平台,同一條抽佣方程式","抽佣由平台自訂,不持有房間或船位——同一則旅遊需求消息對它們的衝擊與郵輪商不同:郵輪商受運力綁死,平台商不受。","下游:資產輕的線上旅遊訂房與出行平台(抽佣,不持有運力)",https://www.sec.gov/Archives/edgar/data/1559720/000155972026000004/abnb-20251231.htm,"2025:support. Our competitors include: • online travel agencies (“OTAs”), such as Booking Holdings (including the",v1,近似(EDGAR 首次申報日代上市日;查不到更早的入位事件),10-K
travel_platform,TRIP,2022-01-01,,core,旅遊評論與元搜尋,"抽佣由平台自訂,不持有房間或船位——同一則旅遊需求消息對它們的衝擊與郵輪商不同:郵輪商受運力綁死,平台商不受。","下游:資產輕的線上旅遊訂房與出行平台(抽佣,不持有運力)",https://www.sec.gov/Archives/edgar/data/1526520/000119312526051281/trip-20251231.htm,"2025:Viator is a pure-play experiences online travel agency (“OTA”), offering an online global marketplace focused",v1,"近似(2022-01-01 前已上市且業務未變,沿用 v0 走廊起點)",10-K
travel_platform,TCOM,2022-01-01,,core,"攜程,20-F 申報人","抽佣由平台自訂,不持有房間或船位——同一則旅遊需求消息對它們的衝擊與郵輪商不同:郵輪商受運力綁死,平台商不受。","下游:資產輕的線上旅遊訂房與出行平台(抽佣,不持有運力)",https://www.sec.gov/Archives/edgar/data/1269238/000119312526183379/d27369d20f.htm,,v1,"近似(2022-01-01 前已上市且業務未變,沿用 v0 走廊起點)",20-F
airlines,DAL,2022-01-01,,core,網絡型全服務航空,"座位賣給旅客,售價由運力對需求加燃油成本決定;新飛機交付排隊以年計,而且機場時刻有限——同一則油價或需求消息把整批打同一方向。",下游:客運航空公司(座位運力),https://www.sec.gov/Archives/edgar/data/27904/000002790426000013/dal-20251231.htm,2025:Risk Factors Relating to the Airline Industry 22 ITEM 1B. UNRESOLVED STAFF COMMENTS 26 ITEM,v1,"近似(2022-01-01 前已上市且業務未變,沿用 v0 走廊起點)",10-K
airlines,UAL,2022-01-01,,core,網絡型全服務航空,"座位賣給旅客,售價由運力對需求加燃油成本決定;新飛機交付排隊以年計,而且機場時刻有限——同一則油價或需求消息把整批打同一方向。",下游:客運航空公司(座位運力),https://www.sec.gov/Archives/edgar/data/100517/000010051726000023/ual-20251231.htm,2025:to our hubs and allows flights to smaller cities that cannot be provided economically with,v1,"近似(2022-01-01 前已上市且業務未變,沿用 v0 走廊起點)",10-K
airlines,AAL,2022-01-01,,core,網絡型全服務航空,"座位賣給旅客,售價由運力對需求加燃油成本決定;新飛機交付排隊以年計,而且機場時刻有限——同一則油價或需求消息把整批打同一方向。",下游:客運航空公司(座位運力),https://www.sec.gov/Archives/edgar/data/6201/000000620126000014/aal-20251231.htm,"2025:million passengers boarded our regional flights, approximately 42% of whom connected to or from our",v1,"近似(2022-01-01 前已上市且業務未變,沿用 v0 走廊起點)",10-K
airlines,LUV,2022-01-01,,core,低成本航空,"座位賣給旅客,售價由運力對需求加燃油成本決定;新飛機交付排隊以年計,而且機場時刻有限——同一則油價或需求消息把整批打同一方向。",下游:客運航空公司(座位運力),https://www.sec.gov/Archives/edgar/data/92380/000009238026000004/luv-20251231.htm,2025:and Supplementary Data 84 Southwest Airlines Co. Consolidated Balance Sheet 84 Southwest Airlines Co. Consolidated,v1,"近似(2022-01-01 前已上市且業務未變,沿用 v0 走廊起點)",10-K
airlines,ALK,2022-01-01,,core,區域/低成本航空,"座位賣給旅客,售價由運力對需求加燃油成本決定;新飛機交付排隊以年計,而且機場時刻有限——同一則油價或需求消息把整批打同一方向。",下游:客運航空公司(座位運力),https://www.sec.gov/Archives/edgar/data/766421/000076642126000010/alk-20251231.htm,"2025:the context indicates otherwise. Alaska Airlines, Inc., Hawaiian Holding, Inc., and Horizon Air Industries, Inc.",v1,"近似(2022-01-01 前已上市且業務未變,沿用 v0 走廊起點)",10-K
airlines,JBLU,2022-01-01,,core,低成本航空,"座位賣給旅客,售價由運力對需求加燃油成本決定;新飛機交付排隊以年計,而且機場時刻有限——同一則油價或需求消息把整批打同一方向。",下游:客運航空公司(座位運力),https://www.sec.gov/Archives/edgar/data/1158463/000115846326000007/jblu-20251231.htm,2022:23 Risks Associated with the Airline Industry 38 Item 1B. Unresolved Staff Comments 40 Item,v1,"近似(2022-01-01 前已上市且業務未變,沿用 v0 走廊起點)",10-K
railroads,UNP,2022-01-01,,core,西部一級鐵路,"運力賣給貨主,售價由路網獨佔加燃油附加費決定;補供應要鋪路軌與買機車,以年計——最接近「實體樽頸」的運輸位置。","中游:一級鐵路貨運(路網獨佔,重資產)",https://www.sec.gov/Archives/edgar/data/100885/000010088526000037/unp-20251231.htm,2025:improve and run a great railroad. We also have a historic opportunity with Norfolk Southern,v1,"近似(2022-01-01 前已上市且業務未變,沿用 v0 走廊起點)",10-K
railroads,CSX,2022-01-01,,core,東部一級鐵路,"運力賣給貨主,售價由路網獨佔加燃油附加費決定;補供應要鋪路軌與買機車,以年計——最接近「實體樽頸」的運輸位置。","中游:一級鐵路貨運(路網獨佔,重資產)",https://www.sec.gov/Archives/edgar/data/277948/000027794826000006/csx-20251231.htm,"2025:United States. In addition, freight railroads provide the most economical and environmentally efficient means to",v1,"近似(2022-01-01 前已上市且業務未變,沿用 v0 走廊起點)",10-K
railroads,NSC,2022-01-01,,core,東部一級鐵路,"運力賣給貨主,售價由路網獨佔加燃油附加費決定;補供應要鋪路軌與買機車,以年計——最接近「實體樽頸」的運輸位置。","中游:一級鐵路貨運(路網獨佔,重資產)",https://www.sec.gov/Archives/edgar/data/702165/000162828026006268/nsc-20251231.htm,"2025:that owns a major freight railroad, Norfolk Southern Railway Company (NSR). We were incorporated on",v1,"近似(2022-01-01 前已上市且業務未變,沿用 v0 走廊起點)",10-K
railroads,CP,2022-01-01,,core,"加拿大太平洋堪薩斯城,40-F 申報人","運力賣給貨主,售價由路網獨佔加燃油附加費決定;補供應要鋪路軌與買機車,以年計——最接近「實體樽頸」的運輸位置。","中游:一級鐵路貨運(路網獨佔,重資產)",https://www.sec.gov/Archives/edgar/data/16875/000001687526000008/cp-20251231.htm,2025:remains focused on precision scheduled railroading as embedded within our five foundations: Provide Service: Providing,v1,"近似(2022-01-01 前已上市且業務未變,沿用 v0 走廊起點)",10-K
railroads,CNI,2022-01-01,,core,"加拿大國家鐵路,40-F 申報人","運力賣給貨主,售價由路網獨佔加燃油附加費決定;補供應要鋪路軌與買機車,以年計——最接近「實體樽頸」的運輸位置。","中游:一級鐵路貨運(路網獨佔,重資產)",https://www.sec.gov/Archives/edgar/data/16868/000110465926010352/tm261145d1_40f.htm,,v1,"近似(2022-01-01 前已上市且業務未變,沿用 v0 走廊起點)",40-F
casino_resorts,MGM,2022-01-01,,core,拉斯維加斯 + 澳門綜合度假村,"賭枱與房間賣給到場客人,售價由牌照稀缺加物業供給決定;開一座度假村要動土並拿牌照,以年計——與純線上博彩(零實體樽頸)是兩個位置。",下游:實體賭場與綜合度假村營運商(持牌照與物業),https://www.sec.gov/Archives/edgar/data/789570/000078957026000018/mgm-20251231.htm,"2025:locations featuring best-in-class hotels and casinos, state-of-the-art meeting and conference spaces, incredible live and theatrical",v1,"近似(2022-01-01 前已上市且業務未變,沿用 v0 走廊起點)",10-K
casino_resorts,CZR,2022-01-01,,core,美國區域賭場 + 拉斯維加斯,"賭枱與房間賣給到場客人,售價由牌照稀缺加物業供給決定;開一座度假村要動土並拿牌照,以年計——與純線上博彩(零實體樽頸)是兩個位置。",下游:實體賭場與綜合度假村營運商(持牌照與物業),https://www.sec.gov/Archives/edgar/data/1590895/000159089526000011/czr-20251231.htm,"2025:gaming operations, which includes our casino properties, retail and online sports betting and online gaming.",v1,"近似(2022-01-01 前已上市且業務未變,沿用 v0 走廊起點)",10-K
casino_resorts,LVS,2022-01-01,,core,澳門 + 新加坡綜合度假村,"賭枱與房間賣給到場客人,售價由牌照稀缺加物業供給決定;開一座度假村要動土並拿牌照,以年計——與純線上博彩(零實體樽頸)是兩個位置。",下游:實體賭場與綜合度假村營運商(持牌照與物業),https://www.sec.gov/Archives/edgar/data/1300514/000130051426000013/lvs-20251231.htm,"2025:operator of destination properties (“Integrated Resorts”) that feature premium accommodations, world-class gaming, entertainment and retail",v1,"近似(2022-01-01 前已上市且業務未變,沿用 v0 走廊起點)",10-K
casino_resorts,WYNN,2022-01-01,,core,拉斯維加斯 + 澳門豪華度假村,"賭枱與房間賣給到場客人,售價由牌照稀缺加物業供給決定;開一座度假村要動土並拿牌照,以年計——與純線上博彩(零實體樽頸)是兩個位置。",下游:實體賭場與綜合度假村營運商(持牌照與物業),https://www.sec.gov/Archives/edgar/data/1174922/000117492226000013/wynn-20251231.htm,"2025:Companies list in the hotel, casino, and resort category. • Wynn Las Vegas has received",v1,"近似(2022-01-01 前已上市且業務未變,沿用 v0 走廊起點)",10-K
casino_resorts,BYD,2022-01-01,,core,美國區域賭場,"賭枱與房間賣給到場客人,售價由牌照稀缺加物業供給決定;開一座度假村要動土並拿牌照,以年計——與純線上博彩(零實體樽頸)是兩個位置。",下游:實體賭場與綜合度假村營運商(持牌照與物業),https://www.sec.gov/Archives/edgar/data/906553/000143774926004908/bgc20251121_10k.htm,"2025:other expenses related to our casino, hotel and online operations. Revenues for the years ended",v1,"近似(2022-01-01 前已上市且業務未變,沿用 v0 走廊起點)",10-K
casino_resorts,PENN,2022-01-01,,core,"美國區域賭場(v0 已由 betting 出隊,此為其去向)","賭枱與房間賣給到場客人,售價由牌照稀缺加物業供給決定;開一座度假村要動土並拿牌照,以年計——與純線上博彩(零實體樽頸)是兩個位置。",下游:實體賭場與綜合度假村營運商(持牌照與物業),https://www.sec.gov/Archives/edgar/data/921738/000092173826000008/penn-20251231.htm,"2025:success of theScore Bet, Hollywood iCasino and its other digital offerings; the Company’s expectations with",v1,"近似(2022-01-01 前已上市且業務未變,沿用 v0 走廊起點)",10-K
building_products,SHW,2022-01-01,,core,建築塗料,"售價由住宅開工與翻新需求決定,再加木材/樹脂等原料成本;產能要建廠,補不了快——它坐在建商的上游,同一則按揭利率消息比建商慢一拍到。","中游:住宅建材與裝修產品,賣給建商、承包商與家居賣場",https://www.sec.gov/Archives/edgar/data/89800/000008980026000008/shw-20251231.htm,"2025:adversely affect demand for new residential homes, existing home turnover and new non-residential construction. These",v1,"近似(2022-01-01 前已上市且業務未變,沿用 v0 走廊起點)",10-K
building_products,MAS,2022-01-01,,core,廚衛與裝修產品,"售價由住宅開工與翻新需求決定,再加木材/樹脂等原料成本;產能要建廠,補不了快——它坐在建商的上游,同一則按揭利率消息比建商慢一拍到。","中游:住宅建材與裝修產品,賣給建商、承包商與家居賣場",https://www.sec.gov/Archives/edgar/data/62996/000006299626000005/mas-20251231.htm,"2025:focused on residential repair and remodeling activity and, to a lesser extent, on new home",v1,"近似(2022-01-01 前已上市且業務未變,沿用 v0 走廊起點)",10-K
building_products,MHK,2022-01-01,,core,地板,"售價由住宅開工與翻新需求決定,再加木材/樹脂等原料成本;產能要建廠,補不了快——它坐在建商的上游,同一則按揭利率消息比建商慢一拍到。","中游:住宅建材與裝修產品,賣給建商、承包商與家居賣場",https://www.sec.gov/Archives/edgar/data/851968/000085196826000011/mhk-20251231.htm,2025:marketplace and satisfy all flooring-related remodeling and new construction requirements. The Company’s brands are among,v1,"近似(2022-01-01 前已上市且業務未變,沿用 v0 走廊起點)",10-K
building_products,POOL,2022-01-01,,core,泳池設備分銷,"售價由住宅開工與翻新需求決定,再加木材/樹脂等原料成本;產能要建廠,補不了快——它坐在建商的上游,同一則按揭利率消息比建商慢一拍到。","中游:住宅建材與裝修產品,賣給建商、承包商與家居賣場",https://www.sec.gov/Archives/edgar/data/945841/000119312526074833/pool-20251231.htm,"2025:throughout their lifetime and periodic remodeling, equipment replacement and upgrade activities as the installed base",v1,"近似(2022-01-01 前已上市且業務未變,沿用 v0 走廊起點)",10-K
building_products,BLDR,2022-01-01,,core,"建材分銷,直接賣建商","售價由住宅開工與翻新需求決定,再加木材/樹脂等原料成本;產能要建廠,補不了快——它坐在建商的上游,同一則按揭利率消息比建商慢一拍到。","中游:住宅建材與裝修產品,賣給建商、承包商與家居賣場",https://www.sec.gov/Archives/edgar/data/1316835/000119312526054643/bldr-20251231.htm,"2025:residential construction and repair and remodeling. We deliver integrated homebuilding solutions by manufacturing, supplying, and",v1,"近似(2022-01-01 前已上市且業務未變,沿用 v0 走廊起點)",10-K
building_products,LPX,2022-01-01,,core,結構板材(OSB),"售價由住宅開工與翻新需求決定,再加木材/樹脂等原料成本;產能要建廠,補不了快——它坐在建商的上游,同一則按揭利率消息比建商慢一拍到。","中游:住宅建材與裝修產品,賣給建商、承包商與家居賣場",https://www.sec.gov/Archives/edgar/data/60519/000006051926000012/lpx-20251231.htm,"2025:new home construction, repair and remodeling, and outdoor structures markets, we have leveraged our expertise",v1,"近似(2022-01-01 前已上市且業務未變,沿用 v0 走廊起點)",10-K
refiners,MPC,2022-01-01,,core,美國最大煉廠商,"買原油、賣汽柴油,賺的是裂解價差——原油升價對它們是成本不是收入,方向與上游 E&P 相反;新煉廠美國三十年沒建過,產能就是樽頸。",下游:煉油與成品油銷售(crack spread),https://www.sec.gov/Archives/edgar/data/1510295/000151029526000009/mpc-20251231.htm,2025:other risks affecting MPLX; • refining industry overcapacity or under capacity; • foreign imports and,v1,"近似(2022-01-01 前已上市且業務未變,沿用 v0 走廊起點)",10-K
refiners,VLO,2022-01-01,,core,純煉油,"買原油、賣汽柴油,賺的是裂解價差——原油升價對它們是成本不是收入,方向與上游 E&P 相反;新煉廠美國三十年沒建過,產能就是樽頸。",下游:煉油與成品油銷售(crack spread),https://www.sec.gov/Archives/edgar/data/1035002/000162828026011499/vlo-20251231.htm,2025:1981 under the name Valero Refining and Marketing Company. We changed our name to Valero,v1,"近似(2022-01-01 前已上市且業務未變,沿用 v0 走廊起點)",10-K
refiners,PSX,2022-01-01,,core,煉油 + 中游 + 化工,"買原油、賣汽柴油,賺的是裂解價差——原油升價對它們是成本不是收入,方向與上游 E&P 相反;新煉廠美國三十年沒建過,產能就是樽頸。",下游:煉油與成品油銷售(crack spread),https://www.sec.gov/Archives/edgar/data/1534701/000153470126000006/psx-20251231.htm,"2025:by several factors, including market crack spreads, refinery throughput, feedstock costs, product yields, turnaround activity,",v1,"近似(2022-01-01 前已上市且業務未變,沿用 v0 走廊起點)",10-K
refiners,DINO,2022-03-14,,core,中大陸區煉廠,"買原油、賣汽柴油,賺的是裂解價差——原油升價對它們是成本不是收入,方向與上游 E&P 相反;新煉廠美國三十年沒建過,產能就是樽頸。",下游:煉油與成品油銷售(crack spread),https://www.sec.gov/Archives/edgar/data/1915657/000191565726000016/dino-20251231.htm,2022:grade oil initially produced from refining crude oil or through chemical synthesis that is used,v1,近似(EDGAR 首次申報日代上市日;查不到更早的入位事件),10-K
refiners,PBF,2022-01-01,,core,純煉油,"買原油、賣汽柴油,賺的是裂解價差——原油升價對它們是成本不是收入,方向與上游 E&P 相反;新煉廠美國三十年沒建過,產能就是樽頸。",下游:煉油與成品油銷售(crack spread),https://www.sec.gov/Archives/edgar/data/1534504/000153450426000010/pbf-20251231.htm,2022:of the novel coronavirus pandemic. “crack spread” refers to a simplified calculation that measures the,v1,"近似(2022-01-01 前已上市且業務未變,沿用 v0 走廊起點)",10-K
refiners,DK,2022-01-01,,core,區域煉廠,"買原油、賣汽柴油,賺的是裂解價差——原油升價對它們是成本不是收入,方向與上游 E&P 相反;新煉廠美國三十年沒建過,產能就是樽頸。",下游:煉油與成品油銷售(crack spread),https://www.sec.gov/Archives/edgar/data/1694426/000162828026012664/dk-20251231.htm,"2022:estimate or identify trends in refining margins. Cushing - Cushing, Oklahoma. Delayed Coking Unit (Coker)",v1,"近似(2022-01-01 前已上市且業務未變,沿用 v0 走廊起點)",10-K
midstream,WMB,2022-01-01,,core,天然氣長輸管道,"賣的是通過量不是價——長約收費,對油氣價格的敏感度遠低於上游;樽頸是管道許可與建設週期,新線批不批得到是政策題。",中游:油氣集輸、處理與管道(收費型),https://www.sec.gov/Archives/edgar/data/107263/000010726326000006/wmb-20251231.htm,2025:as the Registrants. 2 Appalachia Midstream Investments: Williams’ equity-method investments with an approximate average 66,v1,"近似(2022-01-01 前已上市且業務未變,沿用 v0 走廊起點)",10-K
midstream,OKE,2022-01-01,,core,NGL 集輸與處理,"賣的是通過量不是價——長約收費,對油氣價格的敏感度遠低於上游;樽頸是管道許可與建設週期,新線批不批得到是政策題。",中游:油氣集輸、處理與管道(收費型),https://www.sec.gov/Archives/edgar/data/1039684/000103968426000006/oke-20251231.htm,"2025:held through Matterhorn EnLink EnLink Midstream, LLC, and after the EnLink Acquisition, Elk Merger Sub",v1,"近似(2022-01-01 前已上市且業務未變,沿用 v0 走廊起點)",10-K
midstream,KMI,2022-01-01,,core,天然氣管道,"賣的是通過量不是價——長約收費,對油氣價格的敏感度遠低於上游;樽頸是管道許可與建設週期,新線批不批得到是政策題。",中游:油氣集輸、處理與管道(收費型),https://www.sec.gov/Archives/edgar/data/1506307/000150630726000011/kmi-20251231.htm,2025:providing Williston Basin producers and midstream companies with pipeline capacity to key market hubs. Expected,v1,"近似(2022-01-01 前已上市且業務未變,沿用 v0 走廊起點)",10-K
midstream,TRGP,2022-01-01,,core,二疊紀集輸處理,"賣的是通過量不是價——長約收費,對油氣價格的敏感度遠低於上游;樽頸是管道許可與建設週期,新線批不批得到是政策題。",中游:油氣集輸、處理與管道(收費型),https://www.sec.gov/Archives/edgar/data/1389170/000119312526059296/trgp-20251231.htm,"2025:completed the acquisition of Stakeholder Midstream, LLC for $1.25 billion in cash (the “Stakeholder Acquisition”).",v1,"近似(2022-01-01 前已上市且業務未變,沿用 v0 走廊起點)",10-K
midstream,AM,2022-01-01,,core,Appalachia 集輸,"賣的是通過量不是價——長約收費,對油氣價格的敏感度遠低於上游;樽頸是管道許可與建設週期,新線批不批得到是政策題。",中游:油氣集輸、處理與管道(收費型),https://www.sec.gov/Archives/edgar/data/1623925/000110465926013380/am-20251231x10k.htm,2025:limited liability company. High pressure pipelines. Pipelines gathering or transporting natural gas that has been,v1,"近似(2022-01-01 前已上市且業務未變,沿用 v0 走廊起點)",10-K
natgas_ep,EQT,2022-01-01,,core,Appalachia 最大氣商,"賣的是亨利港氣價,不是油價——同一則 LNG 出口核准、冬季氣溫或 AI 資料中心用電消息把整批打同一方向,而這些消息對原油 E&P 不一定同向。",上游:純天然氣開採(Appalachia / Haynesville),https://www.sec.gov/Archives/edgar/data/33213/000003321326000018/eqt-20251231.htm,2025:ceiling) price. continuous accumulations – natural gas and oil resources that are pervasive throughout large,v1,"近似(2022-01-01 前已上市且業務未變,沿用 v0 走廊起點)",10-K
natgas_ep,RRC,2022-01-01,,core,Marcellus 氣商,"賣的是亨利港氣價,不是油價——同一則 LNG 出口核准、冬季氣溫或 AI 資料中心用電消息把整批打同一方向,而這些消息對原油 E&P 不一定同向。",上游:純天然氣開採(Appalachia / Haynesville),https://www.sec.gov/Archives/edgar/data/315852/000119312526067292/rrc-20251231.htm,"2025:in the report relating to natural gas, natural gas liquids and oil reserves and the",v1,"近似(2022-01-01 前已上市且業務未變,沿用 v0 走廊起點)",10-K
natgas_ep,CNX,2022-01-01,,core,Appalachia 氣商,"賣的是亨利港氣價,不是油價——同一則 LNG 出口核准、冬季氣溫或 AI 資料中心用電消息把整批打同一方向,而這些消息對原油 E&P 不一定同向。",上游:純天然氣開採(Appalachia / Haynesville),https://www.sec.gov/Archives/edgar/data/1070412/000107041226000038/cnx-20251231.htm,2025:one billion cubic feet of natural gas. Bcfe - one billion cubic feet of natural,v1,"近似(2022-01-01 前已上市且業務未變,沿用 v0 走廊起點)",10-K
natgas_ep,AR,2022-01-01,,core,Appalachia 氣與 NGL,"賣的是亨利港氣價,不是油價——同一則 LNG 出口核准、冬季氣溫或 AI 資料中心用電消息把整批打同一方向,而這些消息對原油 E&P 不一定同向。",上游:純天然氣開採(Appalachia / Haynesville),https://www.sec.gov/Archives/edgar/data/1433270/000110465926013386/ar-20251231x10k.htm,2025:One billion cubic feet of natural gas. Bcf/d. Bcf per day. Bcfe. One billion cubic,v1,"近似(2022-01-01 前已上市且業務未變,沿用 v0 走廊起點)",10-K
natgas_ep,EXE,2024-10-01,,core,Chesapeake 與 Southwestern 合併後的最大純氣商,"賣的是亨利港氣價,不是油價——同一則 LNG 出口核准、冬季氣溫或 AI 資料中心用電消息把整批打同一方向,而這些消息對原油 E&P 不一定同向。",上游:純天然氣開採(Appalachia / Haynesville),https://www.sec.gov/Archives/edgar/data/895126/000089512626000011/exe-20251231.htm,2025:means billion cubic feet of natural gas equivalent. “BLM” means the Bureau of Land Management.,v1,精確(Chesapeake 與 Southwestern 合併完成、易名 Expand Energy),10-K
natgas_ep,GPOR,2022-01-01,,core,Utica / Anadarko 氣商,"賣的是亨利港氣價,不是油價——同一則 LNG 出口核准、冬季氣溫或 AI 資料中心用電消息把整批打同一方向,而這些消息對原油 E&P 不一定同向。",上游:純天然氣開採(Appalachia / Haynesville),https://www.sec.gov/Archives/edgar/data/874499/000162828026011487/gpor-20251231.htm,2025:One billion cubic feet of natural gas. Bcfe. One billion cubic feet of natural gas,v1,"近似(2022-01-01 前已上市且業務未變,沿用 v0 走廊起點)",10-K
managed_care,UNH,2022-01-01,,core,最大管理式醫療商,"保費賣給僱主與政府(Medicare Advantage / Medicaid),賺的是保費減賠付——同一則 CMS 費率或使用率消息把整批打同一方向,而且方向與醫院相反:使用率上升對保險商是成本、對醫院是收入。",下游:醫療保險與管理式醫療(承保醫療成本風險),https://www.sec.gov/Archives/edgar/data/731766/000073176626000062/unh-20251231.htm,2025:Contents Major product categories include: Medicare Advantage. Provides health care coverage for seniors and other,v1,"近似(2022-01-01 前已上市且業務未變,沿用 v0 走廊起點)",10-K
managed_care,ELV,2022-01-01,,core,藍十字系,"保費賣給僱主與政府(Medicare Advantage / Medicaid),賺的是保費減賠付——同一則 CMS 費率或使用率消息把整批打同一方向,而且方向與醫院相反:使用率上升對保險商是成本、對醫院是收入。",下游:醫療保險與管理式醫療(承保醫療成本風險),https://www.sec.gov/Archives/edgar/data/1156039/000115603926000013/elv-20251231.htm,"2025:performance under the Centers for Medicare & Medicaid Services (“CMS”) Star Ratings program, which influences",v1,"近似(2022-01-01 前已上市且業務未變,沿用 v0 走廊起點)",10-K
managed_care,CNC,2022-01-01,,core,Medicaid 為主,"保費賣給僱主與政府(Medicare Advantage / Medicaid),賺的是保費減賠付——同一則 CMS 費率或使用率消息把整批打同一方向,而且方向與醫院相反:使用率上升對保險商是成本、對醫院是收入。",下游:醫療保險與管理式醫療(承保醫療成本風險),https://www.sec.gov/Archives/edgar/data/1071739/000107173926000049/cnc-20251231.htm,2025:dually eligible for Medicaid and Medicare; and other state-based programs. • Medicare - includes Medicare,v1,"近似(2022-01-01 前已上市且業務未變,沿用 v0 走廊起點)",10-K
managed_care,HUM,2022-01-01,,core,Medicare Advantage 為主,"保費賣給僱主與政府(Medicare Advantage / Medicaid),賺的是保費減賠付——同一則 CMS 費率或使用率消息把整批打同一方向,而且方向與醫院相反:使用率上升對保險商是成本、對醫院是收入。",下游:醫療保險與管理式醫療(承保醫療成本風險),https://www.sec.gov/Archives/edgar/data/49071/000004907126000009/hum-20251231.htm,2025:14% derived from our individual Medicare Advantage contracts in Florida with the Centers for Medicare,v1,"近似(2022-01-01 前已上市且業務未變,沿用 v0 走廊起點)",10-K
managed_care,MOH,2022-01-01,,core,Medicaid 為主,"保費賣給僱主與政府(Medicare Advantage / Medicaid),賺的是保費減賠付——同一則 CMS 費率或使用率消息把整批打同一方向,而且方向與醫院相反:使用率上升對保險商是成本、對醫院是收入。",下游:醫療保險與管理式醫療(承保醫療成本風險),https://www.sec.gov/Archives/edgar/data/1179929/000117992926000005/moh-20251231.htm,"2025:new program integrity rules, insufficient Medicare Advantage rate adjustments, new rules pertaining to Medicare Risk",v1,"近似(2022-01-01 前已上市且業務未變,沿用 v0 走廊起點)",10-K
insurance_brokers,AON,2022-01-01,,core,全球保險經紀,"佣金跟保費規模走,不承擔賠付——所以硬市場(保費升)對它們是純收入,對承保商是收入加風險;這是兩個位置。","中游:保險經紀與風險顧問(收佣金,不承保風險)",https://www.sec.gov/Archives/edgar/data/315293/000162828026008116/aon-20251231.htm,"2025:and analytics capabilities to provide brokerage and consulting services that help organizations develop, improve, and",v1,"近似(2022-01-01 前已上市且業務未變,沿用 v0 走廊起點)",10-K
insurance_brokers,MRSH,2022-01-01,,core,"Marsh McLennan,全球保險經紀","佣金跟保費規模走,不承擔賠付——所以硬市場(保費升)對它們是純收入,對承保商是收入加風險;這是兩個位置。","中游:保險經紀與風險顧問(收佣金,不承保風險)",https://www.sec.gov/Archives/edgar/data/62709/000006270926000022/mrsh-20251231.htm,"2025:together to provide health benefits brokerage and consulting services. Within the U.S. and Canada, Marsh",v1,"近似(2022-01-01 前已上市且業務未變,沿用 v0 走廊起點)",10-K
insurance_brokers,AJG,2022-01-01,,core,中型市場保險經紀,"佣金跟保費規模走,不承擔賠付——所以硬市場(保費升)對它們是純收入,對承保商是收入加風險;這是兩個位置。","中游:保險經紀與風險顧問(收佣金,不承保風險)",https://www.sec.gov/Archives/edgar/data/354190/000162828026008662/ajg-20251231.htm,"2025:Gallagher, are engaged in providing insurance brokerage, reinsurance brokerage, consulting, and third-party property/casualty claims settlement",v1,"近似(2022-01-01 前已上市且業務未變,沿用 v0 走廊起點)",10-K
insurance_brokers,WTW,2022-01-01,,core,保險經紀與精算顧問,"佣金跟保費規模走,不承擔賠付——所以硬市場(保費升)對它們是純收入,對承保商是收入加風險;這是兩個位置。","中游:保險經紀與風險顧問(收佣金,不承保風險)",https://www.sec.gov/Archives/edgar/data/1140536/000119312526069307/wtw-20251231.htm,2025:either commissions or fees for brokerage or from consulting services. We do not determine the,v1,"近似(2022-01-01 前已上市且業務未變,沿用 v0 走廊起點)",10-K
insurance_brokers,BRO,2022-01-01,,core,零售保險經紀,"佣金跟保費規模走,不承擔賠付——所以硬市場(保費升)對它們是純收入,對承保商是收入加風險;這是兩個位置。","中游:保險經紀與風險顧問(收佣金,不承保風險)",https://www.sec.gov/Archives/edgar/data/79282/000119312526046984/bro-20251231.htm,"2025:a diversified insurance agency, wholesale brokerage, insurance programs and service organization that markets and sells",v1,"近似(2022-01-01 前已上市且業務未變,沿用 v0 走廊起點)",10-K
auto_retail,CVNA,2023-04-25,,core,線上二手車零售,"賣二手車與車輛零件,售價由二手車價指數與車貸利率決定;供給樽頸是新車產量三年前的缺口——同一則二手車價或車貸消息把整批打同一方向。",下游:二手車零售、拍賣與零件回收,https://www.sec.gov/Archives/edgar/data/1690820/000169082026000009/cvna-20251231.htm,"2025:inventory of over 75,000 high-quality used vehicles on our website. Our customer research indicates that",v1,近似(EDGAR 首次申報日代上市日;查不到更早的入位事件),10-K
auto_retail,KMX,2022-01-01,,core,實體二手車零售,"賣二手車與車輛零件,售價由二手車價指數與車貸利率決定;供給樽頸是新車產量三年前的缺口——同一則二手車價或車貸消息把整批打同一方向。",下游:二手車零售、拍賣與零件回收,https://www.sec.gov/Archives/edgar/data/1170010/000117001026000021/kmx-20260228.htm,"2026:a broad selection of quality used vehicles and related products and services at competitive, no-haggle",v1,"近似(2022-01-01 前已上市且業務未變,沿用 v0 走廊起點)",10-K
auto_retail,AN,2022-01-01,,core,新車 + 二手車經銷,"賣二手車與車輛零件,售價由二手車價指數與車貸利率決定;供給樽頸是新車產量三年前的缺口——同一則二手車價或車貸消息把整批打同一方向。",下游:二手車零售、拍賣與零件回收,https://www.sec.gov/Archives/edgar/data/350698/000162828026007800/an-20251231.htm,"2025:and services, including new vehicles, used vehicles, “parts and service” (also referred to as “After-Sales”),",v1,"近似(2022-01-01 前已上市且業務未變,沿用 v0 走廊起點)",10-K
auto_retail,CPRT,2022-01-01,,core,事故車拍賣,"賣二手車與車輛零件,售價由二手車價指數與車貸利率決定;供給樽頸是新車產量三年前的缺口——同一則二手車價或車貸消息把整批打同一方向。",下游:二手車零售、拍賣與零件回收,https://www.sec.gov/Archives/edgar/data/900075/000162828025042946/cprt-20250731.htm,"2025:market value of salvage and used vehicles; • fluctuations in commodity prices, particularly the per",v1,"近似(2022-01-01 前已上市且業務未變,沿用 v0 走廊起點)",10-K
auto_retail,LKQ,2022-01-01,,core,回收零件分銷,"賣二手車與車輛零件,售價由二手車價指數與車貸利率決定;供給樽頸是新車產量三年前的缺口——同一則二手車價或車貸消息把整批打同一方向。",下游:二手車零售、拍賣與零件回收,https://www.sec.gov/Archives/edgar/data/1065696/000106569626000012/lkq-20251231.htm,2025:typically acquire through regional salvage auctions. The availability and pricing of total loss vehicles used,v1,"近似(2022-01-01 前已上市且業務未變,沿用 v0 走廊起點)",10-K
datacenter_power,VRT,2022-01-01,,core,資料中心電力與液冷機組,"AI 資料中心用電是這一輪最硬的實體樽頸——變壓器、開關設備、液冷機組交期已排到兩三年後;同一則雲廠資本開支消息對這批設備商的衝擊,比對晶片商慢一拍但同向。","中游:資料中心的電力、配電與散熱設備,賣給雲廠與獨立發電商",https://www.sec.gov/Archives/edgar/data/1674101/000167410126000008/vrt-20251231.htm,"2025:digital infrastructure for applications in data centers, communication networks, and commercial and industrial environments. As",v1,"近似(2022-01-01 前已上市且業務未變,沿用 v0 走廊起點)",10-K
datacenter_power,ETN,2022-01-01,,core,配電與開關設備,"AI 資料中心用電是這一輪最硬的實體樽頸——變壓器、開關設備、液冷機組交期已排到兩三年後;同一則雲廠資本開支消息對這批設備商的衝擊,比對晶片商慢一拍但同向。","中游:資料中心的電力、配電與散熱設備,賣給雲廠與獨立發電商",https://www.sec.gov/Archives/edgar/data/1551182/000155118226000007/etn-20251231.htm,"2025:We make products for the data center, utility, industrial, commercial, machine building, residential, aerospace and",v1,"近似(2022-01-01 前已上市且業務未變,沿用 v0 走廊起點)",10-K
datacenter_power,PWR,2022-01-01,,core,電網與資料中心接電工程,"AI 資料中心用電是這一輪最硬的實體樽頸——變壓器、開關設備、液冷機組交期已排到兩三年後;同一則雲廠資本開支消息對這批設備商的衝擊,比對晶片商慢一拍但同向。","中游:資料中心的電力、配電與散熱設備,賣給雲廠與獨立發電商",https://www.sec.gov/Archives/edgar/data/1050915/000105091526000006/pwr-20251231.htm,"2025:grid modernization, upgrade and hardening; data centers and other technology infrastructure; advanced manufacturing facilities; and",v1,"近似(2022-01-01 前已上市且業務未變,沿用 v0 走廊起點)",10-K
datacenter_power,GEV,2024-04-02,,core,燃氣輪機與電網設備,"AI 資料中心用電是這一輪最硬的實體樽頸——變壓器、開關設備、液冷機組交期已排到兩三年後;同一則雲廠資本開支消息對這批設備商的衝擊,比對晶片商慢一拍但同向。","中游:資料中心的電力、配電與散熱設備,賣給雲廠與獨立發電商",https://www.sec.gov/Archives/edgar/data/1996810/000199681026000015/gev-20251231.htm,"2025:sources, to electrify industries including data centers playing a key role in the development of",v1,精確(GE Vernova 由 GE 分拆完成上市日),10-K
datacenter_power,HUBB,2022-01-01,,core,電氣連接與公用事業配電,"AI 資料中心用電是這一輪最硬的實體樽頸——變壓器、開關設備、液冷機組交期已排到兩三年後;同一則雲廠資本開支消息對這批設備商的衝擊,比對晶片商慢一拍但同向。","中游:資料中心的電力、配電與散熱設備,賣給雲廠與獨立發電商",https://www.sec.gov/Archives/edgar/data/48898/000162828026007500/hubb-20251231.htm,"2025:transmission, substation and distribution markets, data center and industrial markets, as well as markets for",v1,"近似(2022-01-01 前已上市且業務未變,沿用 v0 走廊起點)",10-K
datacenter_power,MOD,2022-01-01,,core,資料中心散熱,"AI 資料中心用電是這一輪最硬的實體樽頸——變壓器、開關設備、液冷機組交期已排到兩三年後;同一則雲廠資本開支消息對這批設備商的衝擊,比對晶片商慢一拍但同向。","中游:資料中心的電力、配電與散熱設備,賣給雲廠與獨立發電商",https://www.sec.gov/Archives/edgar/data/67347/000110465926066795/mod-20260331x10k.htm,2026:Developers and operators of data centers; - Healthcare facility operators and K-12 school systems;,v1,"近似(2022-01-01 前已上市且業務未變,沿用 v0 走廊起點)",10-K
hyperscalers,MSFT,2022-01-01,,core,Azure(與 software_cloud 雙掛),"它們是整條 AI 鏈的需求源頭——資本開支指引一改,晶片、光模組、電力設備、資料中心全部跟著動;但對它們自己來說,資本開支上升是成本不是收入,所以方向與供應商相反。",下游:超大規模雲廠(AI 鏈的買家一端),https://www.sec.gov/Archives/edgar/data/789019/000119312526323660/msft-20260630.htm,"2026:timeline, require substantial and increasing capital expenditures and continued access to capital, and are in",v1,"近似(2022-01-01 前已上市且業務未變,沿用 v0 走廊起點)",10-K
hyperscalers,AMZN,2022-01-01,,core,AWS,"它們是整條 AI 鏈的需求源頭——資本開支指引一改,晶片、光模組、電力設備、資料中心全部跟著動;但對它們自己來說,資本開支上升是成本不是收入,所以方向與供應商相反。",下游:超大規模雲廠(AI 鏈的買家一端),https://www.sec.gov/Archives/edgar/data/1018724/000101872426000004/amzn-20251231.htm,"2025:inventory, accounts payable, and cash capital expenditures, including our decision to purchase or lease property",v1,"近似(2022-01-01 前已上市且業務未變,沿用 v0 走廊起點)",10-K
hyperscalers,GOOGL,2023-06-27,,core,Google Cloud,"它們是整條 AI 鏈的需求源頭——資本開支指引一改,晶片、光模組、電力設備、資料中心全部跟著動;但對它們自己來說,資本開支上升是成本不是收入,所以方向與供應商相反。",下游:超大規模雲廠(AI 鏈的買家一端),https://www.sec.gov/Archives/edgar/data/1652044/000165204426000018/goog-20251231.htm,2022:invest heavily in operating and capital expenditures. We continue to make significant research and development,v1,近似(EDGAR 首次申報日代上市日;查不到更早的入位事件),10-K
hyperscalers,META,2024-06-06,,core,"自用 AI 基建,資本開支規模同級","它們是整條 AI 鏈的需求源頭——資本開支指引一改,晶片、光模組、電力設備、資料中心全部跟著動;但對它們自己來說,資本開支上升是成本不是收入,所以方向與供應商相反。",下游:超大規模雲廠(AI 鏈的買家一端),https://www.sec.gov/Archives/edgar/data/1326801/000162828026003942/meta-20251231.htm,"2025:operating expenses, as well as capital expenditures, that we will incur to grow and expand",v1,近似(EDGAR 首次申報日代上市日;查不到更早的入位事件),10-K
hyperscalers,ORCL,2022-01-01,,core,OCI(與 software_cloud 雙掛),"它們是整條 AI 鏈的需求源頭——資本開支指引一改,晶片、光模組、電力設備、資料中心全部跟著動;但對它們自己來說,資本開支上升是成本不是收入,所以方向與供應商相反。",下游:超大規模雲廠(AI 鏈的買家一端),https://www.sec.gov/Archives/edgar/data/1341439/000119312526277521/orcl-20260531.htm,"2026:operations, financial condition, cash flows, capital expenditures and other future events or results, are forward-looking",v1,"近似(2022-01-01 前已上市且業務未變,沿用 v0 走廊起點)",10-K
drilling_contractors,RIG,2022-01-01,,core,深水鑽井船,"賣的是鑽機日費率,不是服務工序——樽頸是鑽機隊本身,新建一台深水鑽井船要三年以上;與油田服務商(按工序收費)是鏈上兩個不同位置。",中游:鑽機承包商(按日費率出租鑽機與船隊),https://www.sec.gov/Archives/edgar/data/1451505/000145150526000018/rig-20251231x10k.htm,"2025:mary business, contract drilling services in a single operating segment, which involves contracting our mobile",v1,"近似(2022-01-01 前已上市且業務未變,沿用 v0 走廊起點)",10-K
drilling_contractors,VAL,2022-01-01,,core,海上鑽井平台,"賣的是鑽機日費率,不是服務工序——樽頸是鑽機隊本身,新建一台深水鑽井船要三年以上;與油田服務商(按工序收費)是鏈上兩個不同位置。",中游:鑽機承包商(按日費率出租鑽機與船隊),https://www.sec.gov/Archives/edgar/data/314808/000031480826000029/val-20251231.htm,2025:continents. Our fleet of offshore drilling rigs is among the largest in the world and,v1,"近似(2022-01-01 前已上市且業務未變,沿用 v0 走廊起點)",10-K
drilling_contractors,NE,2022-01-01,,core,海上鑽井平台,"賣的是鑽機日費率,不是服務工序——樽頸是鑽機隊本身,新建一台深水鑽井船要三年以上;與油田服務商(按工序收費)是鏈上兩個不同位置。",中游:鑽機承包商(按日費率出租鑽機與船隊),https://www.sec.gov/Archives/edgar/data/1895262/000189526226000076/ne-20251231.htm,"2022:Ukraine, supply and demand of drilling rigs, factors affecting the duration of contracts, the actual",v1,"近似(2022-01-01 前已上市且業務未變,沿用 v0 走廊起點)",10-K
drilling_contractors,HP,2022-01-01,,core,陸上鑽機,"賣的是鑽機日費率,不是服務工序——樽頸是鑽機隊本身,新建一台深水鑽井船要三年以上;與油田服務商(按工序收費)是鏈上兩個不同位置。",中游:鑽機承包商(按日費率出租鑽機與船隊),https://www.sec.gov/Archives/edgar/data/46765/000004676525000071/hp-20250930.htm,2025:charges with respect to our drilling rigs and other assets; • the impact of a,v1,"近似(2022-01-01 前已上市且業務未變,沿用 v0 走廊起點)",10-K
drilling_contractors,NBR,2022-01-01,,core,陸上鑽機,"賣的是鑽機日費率,不是服務工序——樽頸是鑽機隊本身,新建一台深水鑽井船要三年以上;與油田服務商(按工序收費)是鏈上兩個不同位置。",中游:鑽機承包商(按日費率出租鑽機與船隊),https://www.sec.gov/Archives/edgar/data/1163739/000110465926014997/nbr-20251231x10k.htm,2025:fleet consisted of 121 land-based drilling rigs and 14 actively marketed platform rigs in the,v1,"近似(2022-01-01 前已上市且業務未變,沿用 v0 走廊起點)",10-K
drilling_contractors,PTEN,2022-01-01,,core,陸上鑽機與壓裂,"賣的是鑽機日費率,不是服務工序——樽頸是鑽機隊本身,新建一台深水鑽井船要三年以上;與油田服務商(按工序收費)是鏈上兩個不同位置。",中游:鑽機承包商(按日費率出租鑽機與船隊),https://www.sec.gov/Archives/edgar/data/889900/000088990026000013/pten-20251231.htm,2025:we had 152 marketed land-based drilling rigs based in the following regions: Region Number of,v1,"近似(2022-01-01 前已上市且業務未變,沿用 v0 走廊起點)",10-K
solar_utility,FSLR,2022-01-01,,core,"美國本土薄膜組件製造(v0 已由 solar 出隊,此為其去向)","客戶是公用規模開發商而不是住宅安裝商,售價由關稅壁壘、IRA 製造補貼與合約簿決定——同一則關稅或補貼消息對它們是收入,對住宅逆變器商幾乎無關。","中游:公用事業級太陽能設備(組件、追蹤器、電氣平衡系統),賣給大型開發商",https://www.sec.gov/Archives/edgar/data/1274494/000127449426000021/fslr-20251231.htm,"2025:per watt of our solar modules; the impact of public policies, such as tariffs, export",v1,"近似(2022-01-01 前已上市且業務未變,沿用 v0 走廊起點)",10-K
solar_utility,NXT,2023-02-09,,core,追蹤器,"客戶是公用規模開發商而不是住宅安裝商,售價由關稅壁壘、IRA 製造補貼與合約簿決定——同一則關稅或補貼消息對它們是收入,對住宅逆變器商幾乎無關。","中游:公用事業級太陽能設備(組件、追蹤器、電氣平衡系統),賣給大型開發商",https://www.sec.gov/Archives/edgar/data/1852131/000185213126000017/nxt-20260331.htm,"2023:and most correspond to the utility-scale segment. 10 In the 1980s, many utility scale plants",v1,精確(Nextracker 由 Flex 分拆上市日),10-K
solar_utility,ARRY,2022-01-01,,core,追蹤器,"客戶是公用規模開發商而不是住宅安裝商,售價由關稅壁壘、IRA 製造補貼與合約簿決定——同一則關稅或補貼消息對它們是收入,對住宅逆變器商幾乎無關。","中游:公用事業級太陽能設備(組件、追蹤器、電氣平衡系統),賣給大型開發商",https://www.sec.gov/Archives/edgar/data/1820721/000182072126000008/arry-20251231.htm,"2025:used in the interconnection of utility scale solar power plants to the grid, has historically",v1,"近似(2022-01-01 前已上市且業務未變,沿用 v0 走廊起點)",10-K
solar_utility,SHLS,2022-01-01,,core,電氣平衡系統,"客戶是公用規模開發商而不是住宅安裝商,售價由關稅壁壘、IRA 製造補貼與合約簿決定——同一則關稅或補貼消息對它們是收入,對住宅逆變器商幾乎無關。","中游:公用事業級太陽能設備(組件、追蹤器、電氣平衡系統),賣給大型開發商",https://www.sec.gov/Archives/edgar/data/1831651/000183165126000021/shls-20251231.htm,"2025:needs of domestic and international utility scale solar projects, commercial, community and industrial ( CC&I",v1,"近似(2022-01-01 前已上市且業務未變,沿用 v0 走廊起點)",10-K
solar_utility,CSIQ,2022-01-01,,core,"組件製造,20-F 申報人","客戶是公用規模開發商而不是住宅安裝商,售價由關稅壁壘、IRA 製造補貼與合約簿決定——同一則關稅或補貼消息對它們是收入,對住宅逆變器商幾乎無關。","中游:公用事業級太陽能設備(組件、追蹤器、電氣平衡系統),賣給大型開發商",https://www.sec.gov/Archives/edgar/data/1375877/000110465926041976/csiq-20251231x20f.htm,,v1,"近似(2022-01-01 前已上市且業務未變,沿用 v0 走廊起點)",20-F
steel,NUE,2022-01-01,,core,最大電爐鋼廠,"賣熱軋卷板給製造與建築商,售價由廢鋼成本、關稅與產能利用率決定;新電爐要兩至三年——同一則關稅或基建法案消息把整批打同一方向。",上游:鋼廠(電爐與高爐),https://www.sec.gov/Archives/edgar/data/73309/000119312526071575/nue-20251231.htm,"2025:North America’s largest recycler, using scrap steel as the primary raw material in producing steel",v1,"近似(2022-01-01 前已上市且業務未變,沿用 v0 走廊起點)",10-K
steel,STLD,2022-01-01,,core,電爐鋼廠,"賣熱軋卷板給製造與建築商,售價由廢鋼成本、關稅與產能利用率決定;新電爐要兩至三年——同一則關稅或基建法案消息把整批打同一方向。",上游:鋼廠(電爐與高爐),https://www.sec.gov/Archives/edgar/data/1022671/000110465926021395/stld-20251231x10k.htm,"2025:United States, together with increased scrap prices; Industry Risks ● the cyclical nature of the",v1,"近似(2022-01-01 前已上市且業務未變,沿用 v0 走廊起點)",10-K
steel,CLF,2022-01-01,,core,高爐 + 鐵礦石一體化,"賣熱軋卷板給製造與建築商,售價由廢鋼成本、關稅與產能利用率決定;新電爐要兩至三年——同一則關稅或基建法案消息把整批打同一方向。",上游:鋼廠(電爐與高爐),https://www.sec.gov/Archives/edgar/data/764065/000076406526000025/clf-20251231.htm,"2025:related entities FPT Florida Miami Scrap Services LLC and FPT Florida, LLC (together with its",v1,"近似(2022-01-01 前已上市且業務未變,沿用 v0 走廊起點)",10-K
steel,RS,2022-01-01,,core,金屬服務中心(加工分銷),"賣熱軋卷板給製造與建築商,售價由廢鋼成本、關稅與產能利用率決定;新電爐要兩至三年——同一則關稅或基建法案消息把整批打同一方向。",上游:鋼廠(電爐與高爐),https://www.sec.gov/Archives/edgar/data/861884/000110465926020651/rs-20251231x10k.htm,"2022:in Los Angeles, California fabricating steel reinforcing bar. We reincorporated in the State of Delaware",v1,"近似(2022-01-01 前已上市且業務未變,沿用 v0 走廊起點)",10-K
steel,CMC,2022-01-01,,core,電爐長材鋼廠,"賣熱軋卷板給製造與建築商,售價由廢鋼成本、關稅與產能利用率決定;新電爐要兩至三年——同一則關稅或基建法案消息把整批打同一方向。",上游:鋼廠(電爐與高爐),https://www.sec.gov/Archives/edgar/data/22444/000002244425000138/cmc-20250831.htm,"2025:are operated to provide low-cost scrap to our steel mills, (ii) operate modern, efficient electric",v1,"近似(2022-01-01 前已上市且業務未變,沿用 v0 走廊起點)",10-K
restaurants,MCD,2022-01-01,,core,全球最大加盟制連鎖,"賣餐給消費者,加盟商付特許權費——同一則食品成本、最低工資或同店銷售消息把整批打同一方向;沒有實體樽頸,開店速度就是供給。",下游:連鎖餐飲(以加盟制為主),https://www.sec.gov/Archives/edgar/data/63908/000006390826000035/mcd-20251231.htm,"2025:and owns and operates McDonald’s restaurants, which serve a locally relevant menu of quality food",v1,"近似(2022-01-01 前已上市且業務未變,沿用 v0 走廊起點)",10-K
restaurants,YUM,2022-01-01,,core,加盟制多品牌,"賣餐給消費者,加盟商付特許權費——同一則食品成本、最低工資或同店銷售消息把整批打同一方向;沒有實體樽頸,開店速度就是供給。",下游:連鎖餐飲(以加盟制為主),https://www.sec.gov/Archives/edgar/data/1041061/000104106126000084/yum-20251231.htm,"2025:this Form 10-K, the terms “restaurants,” “stores” and “units” are used interchangeably. While YUM does",v1,"近似(2022-01-01 前已上市且業務未變,沿用 v0 走廊起點)",10-K
restaurants,CMG,2022-01-01,,core,直營快休閒,"賣餐給消費者,加盟商付特許權費——同一則食品成本、最低工資或同店銷售消息把整批打同一方向;沒有實體樽頸,開店速度就是供給。",下游:連鎖餐飲(以加盟制為主),https://www.sec.gov/Archives/edgar/data/1058090/000105809026000009/cmg-20251231.htm,"2025:for the construction of new restaurants, remodeling existing restaurants, new equipment and hardware, and technology;",v1,"近似(2022-01-01 前已上市且業務未變,沿用 v0 走廊起點)",10-K
restaurants,DPZ,2022-01-01,,core,加盟制外送,"賣餐給消費者,加盟商付特許權費——同一則食品成本、最低工資或同店銷售消息把整批打同一方向;沒有實體樽頸,開店速度就是供給。",下游:連鎖餐飲(以加盟制為主),https://www.sec.gov/Archives/edgar/data/1286681/000119312526062321/dpz-20251228.htm,"2025:We also compete with other restaurants, as well as order and delivery aggregation companies, which",v1,"近似(2022-01-01 前已上市且業務未變,沿用 v0 走廊起點)",10-K
restaurants,WEN,2022-01-01,,core,加盟制快餐,"賣餐給消費者,加盟商付特許權費——同一則食品成本、最低工資或同店銷售消息把整批打同一方向;沒有實體樽頸,開店速度就是供給。",下游:連鎖餐飲(以加盟制為主),https://www.sec.gov/Archives/edgar/data/30697/000003069726000009/wen-20251228.htm,"2025:owned subsidiary holding company, Wendy’s Restaurants, LLC (“Wendy’s Restaurants”). Wendy’s Restaurants is the parent company",v1,"近似(2022-01-01 前已上市且業務未變,沿用 v0 走廊起點)",10-K
restaurants,DRI,2022-01-01,,core,直營休閒餐飲,"賣餐給消費者,加盟商付特許權費——同一則食品成本、最低工資或同店銷售消息把整批打同一方向;沒有實體樽頸,開店速度就是供給。",下游:連鎖餐飲(以加盟制為主),https://www.sec.gov/Archives/edgar/data/940944/000094094426000025/dri-20260531.htm,"2026:Commission File Number: 1-13666 DARDEN RESTAURANTS, INC. (Exact name of Registrant as specified in its",v1,"近似(2022-01-01 前已上市且業務未變,沿用 v0 走廊起點)",10-K
discount_retail,TJX,2022-01-01,,core,離價服飾家居,"賣的是價格差——同一則消費降級、庫存過剩或關稅消息對它們是順風,對正價零售商是逆風,方向相反;這正是它們不應與 staples 的 WMT/COST 混為一談的原因。",下游:折扣與離價零售(off-price / dollar store),https://www.sec.gov/Archives/edgar/data/109198/000010919826000008/tjx-20260131.htm,2026:or “our”) is the leading off-price apparel and home fashions retailer in the United States,v1,"近似(2022-01-01 前已上市且業務未變,沿用 v0 走廊起點)",10-K
discount_retail,ROST,2022-01-01,,core,離價服飾,"賣的是價格差——同一則消費降級、庫存過剩或關稅消息對它們是順風,對正價零售商是逆風,方向相反;這正是它們不應與 staples 的 WMT/COST 混為一談的原因。",下游:折扣與離價零售(off-price / dollar store),https://www.sec.gov/Archives/edgar/data/745732/000074573226000006/rost-20260131.htm,2026:Company”) operate two brands of off-price retail apparel and home fashion stores—Ross Dress for Less,v1,"近似(2022-01-01 前已上市且業務未變,沿用 v0 走廊起點)",10-K
discount_retail,DG,2022-01-01,,core,小型折扣店,"賣的是價格差——同一則消費降級、庫存過剩或關稅消息對它們是順風,對正價零售商是逆風,方向相反;這正是它們不應與 staples 的 WMT/COST 混為一談的原因。",下游:折扣與離價零售(off-price / dollar store),https://www.sec.gov/Archives/edgar/data/29534/000110465926032325/dg-20260130x10k.htm,"2026:offer a broad selection of merchandise, including consumable items, seasonal items, home products and apparel.",v1,"近似(2022-01-01 前已上市且業務未變,沿用 v0 走廊起點)",10-K
discount_retail,DLTR,2022-01-01,,core,小型折扣店,"賣的是價格差——同一則消費降級、庫存過剩或關稅消息對它們是順風,對正價零售商是逆風,方向相反;這正是它們不應與 staples 的 WMT/COST 混為一談的原因。",下游:折扣與離價零售(off-price / dollar store),https://www.sec.gov/Archives/edgar/data/935703/000093570326000025/dltr-20260131.htm,"2026:with seasonal, closeout and promotional merchandise. We attempt to keep certain basic consumable merchandise in",v1,"近似(2022-01-01 前已上市且業務未變,沿用 v0 走廊起點)",10-K
discount_retail,BURL,2022-01-01,,core,離價服飾,"賣的是價格差——同一則消費降級、庫存過剩或關稅消息對它們是順風,對正價零售商是逆風,方向相反;這正是它們不應與 staples 的 WMT/COST 混為一談的原因。",下游:折扣與離價零售(off-price / dollar store),https://www.sec.gov/Archives/edgar/data/1579298/000119312526116001/burl-20260131.htm,"2026:We are a nationally recognized off-price retailer of high-quality, branded merchandise at everyday low prices.",v1,"近似(2022-01-01 前已上市且業務未變,沿用 v0 走廊起點)",10-K
