ticker,關鍵詞,tag,檔名,原句
ED,rate plan,ER,E01_ED_ER_2013-08-02_000119312513317397.txt,"(CECONY) (a) Rate plans (b) $ (0.05 ) $ (15 ) $ 0.16 $ 48 Weather impact on steam revenues 0.02 7 0.10 28 Operations and maintenance expenses (b) 0.04 11 (0.16 ) (47 ) Depreciation and property taxes (0.07 ) (19 ) (0.13 ) (37 ) Other 0.02 6 0.01 2 Total CECONY (0.04 ) (10 ) (0.02 ) (6 ) Orange and Rockland Utilities, Inc."
ED,rate plan,ER,E01_ED_ER_2013-08-02_000119312513317397.txt,"(b) The rate plan variations include a decrease in revenues in the three months ended June 30, 2013, as compared to the 2012 period, when revenues reflected the use of certain regulatory liabilities (after-tax $18 million or $0.06 per share) to offset a temporary surcharge under CECONY’s electric rate plan."
ED,rate plan,ER,E01_ED_ER_2013-08-02_000119312513317397.txt,"The variations in operations and maintenance expenses include a decrease in pension costs in the 2013 period, as compared to the 2012 period, when certain pension costs that were deferred from earlier periods (after-tax $21 million or $0.07 per share) were recognized under CECONY’s electric rate plan."
ED,rate plan,ER,E01_ED_ER_2013-11-05_000119312513427935.txt,"(CECONY) (a) Rate plans (b) $ (0.02 ) $ (5 ) $ 0.16 $ 48 Weather impact on steam revenues (0.01 ) (2 ) 0.09 27 Operations and maintenance expenses (b) 0.08 24 (0.07 ) (23 ) Depreciation, property taxes and other tax matters (c) (0.05 ) (16 ) (0.18 ) (53 ) Other 0.04 11 0.03 8 Total CECONY 0.04 12 0.03 7 Orange and Rockland Utilities, Inc."
ED,rate plan,ER,E01_ED_ER_2013-11-05_000119312513427935.txt,"(b) The rate plan variations include a decrease in revenues in the three and nine months ended September 30, 2013, as compared to the 2012 periods when revenues reflected the use of certain regulatory liabilities to offset a temporary surcharge under CECONY’s electric rate plan ($27 million, after-tax, or $0.09 a share)."
ED,rate plan,ER,E01_ED_ER_2013-11-05_000119312513427935.txt,"The variations in operations and maintenance expenses include a decrease in pension costs in the three and nine months ended September 30, 2013, as compared to the 2012 periods when certain pension costs that were deferred from earlier periods were recognized under CECONY’s electric rate plan ($20 million, after-tax, or $0.07 a share and $18 million, after-tax, or $0.06 a share, respectively)."
ED,rate plan,QK,E01_ED_QK_2013-08-01_000119312513315248.txt,"(b) The rate plan variations include a decrease in revenues in the three months ended June 30, 2013, as compared to the 2012 period when revenues reflected the use of certain regulatory liabilities ($18 million, after-tax, or $0.06 per share) to offset a temporary surcharge under CECONY’s electric rate plan."
ED,rate plan,QK,E01_ED_QK_2013-08-01_000119312513315248.txt,"The variations in operations and maintenance expenses include a decrease in pension costs in the 2013 period, as compared to the 2012 period when certain pension costs that were deferred from earlier periods ($21 million, after-tax, or $0.07 per share) were recognized under CECONY’s electric rate plan."
ED,rate plan,QK,E01_ED_QK_2013-08-01_000119312513315248.txt,"The decrease reflects primarily lower net revenues ($50 million, due primarily to the electric rate plan), higher taxes other than income taxes ($17 million, principally property taxes) and higher depreciation and amortization ($11 million), offset by lower operations and maintenance costs ($37 million)."
ED,rate plan,QK,E01_ED_QK_2013-08-01_000119312513315248.txt,Operations and maintenance expenses reflect lower pension costs ($35 million) in the 2013 period as compared to the 2012 period when certain costs that were deferred from earlier periods were recognized under the electric rate plan.
ED,rate plan,QK,E01_ED_QK_2013-08-01_000119312513315248.txt,"CECONY’s gas operating revenues increased $66 million in the three months ended June 30, 2013 compared with the 2012 period due primarily to an increase in gas purchased for resale costs ($48 million) and higher revenues from the gas rate plan ($18 million)."
ED,firm gas,QK,E01_ED_QK_2013-08-01_000119312513315248.txt,"After adjusting for variations, principally weather and billing days, firm gas sales and transportation volumes in the company’s service area increased 6.1 percent in the three months ended June 30, 2013."
ED,steam sales,QK,E01_ED_QK_2013-08-01_000119312513315248.txt,"Steam sales and delivery volumes increased 10.0 percent in the three months ended June 30, 2013 compared with the 2012 period."
ED,steam sales,QK,E01_ED_QK_2013-08-01_000119312513315248.txt,"After adjusting for variations, principally weather and billing days, steam sales and deliveries decreased 2.7 percent in the three months ended June 30, 2013, reflecting lower average normalized use per customer."
ED,rate plan,QK,E01_ED_QK_2013-08-01_000119312513315248.txt,"54 Table of Contents O&R’s electric operating revenues increased $17 million in the three months ended June 30, 2013 compared with the 2012 period due primarily to higher purchased power costs ($11 million) and higher revenues from the New York electric rate plan ($3 million)."
ED,rate plan,QK,E01_ED_QK_2013-08-01_000119312513315248.txt,"CECONY’s electric operating revenues decreased $10 million in the six months ended June 30, 2013 compared with the 2012 period due primarily to lower purchased power costs ($29 million), offset by higher revenues from the electric rate plan ($6 million) and higher fuel costs ($14 million)."
ED,rate plan,QK,E01_ED_QK_2013-08-01_000119312513315248.txt,"The decrease reflects primarily higher taxes other than income taxes ($33 million, principally property taxes), higher operations and maintenance costs ($27 million), and higher depreciation and amortization ($23 million), offset in 58 Table of Contents part by higher net revenues ($5 million, due primarily to the electric rate plan)."
ED,rate plan,QK,E01_ED_QK_2013-08-01_000119312513315248.txt,"CECONY’s gas operating revenues increased $163 million in the six months ended June 30, 2013 compared with the 2012 period due primarily to an increase in gas purchased for resale costs ($98 million) and higher revenues from the gas rate plan ($56 million)."
ED,steam sales,QK,E01_ED_QK_2013-08-01_000119312513315248.txt,"Steam sales and delivery volumes increased 16.7 percent in the six months ended June 30, 2013 compared with the 2012 period."
ED,steam sales,QK,E01_ED_QK_2013-08-01_000119312513315248.txt,"After adjusting for variations, principally weather and billing days, steam sales and deliveries decreased 2.9 percent in the six months ended June 30, 2013, reflecting lower average normalized use per customer."
ED,rate plan,QK,E01_ED_QK_2013-08-01_000119312513315248.txt,"O&R’s electric operating revenues increased $34 million in the six months ended June 30, 2013 compared with the 2012 period due primarily to higher purchased power costs ($21 million) and higher revenues from the New York electric rate plan ($7 million)."
ED,rate plan,QK,E01_ED_QK_2013-11-04_000119312513425393.txt,"(b) The rate plan variations include a decrease in revenues in the three and nine months ended September 30, 2013, as compared to the 2012 periods when revenues reflected the use of certain regulatory liabilities to offset a temporary surcharge under CECONY’s electric rate plan ($27 million, after-tax, or $0.09 a share)."
ED,rate plan,QK,E01_ED_QK_2013-11-04_000119312513425393.txt,"The variations in operations and maintenance expenses include a decrease in pension costs in the three and nine months ended September 30, 2013, as compared to the 2012 periods when certain pension costs that were deferred from earlier periods were recognized under CECONY’s electric rate plan ($20 million, after-tax, or $0.07 a share and $18 million, after-tax, or $0.06 a share, respectively)."
ED,rate plan,QK,E01_ED_QK_2013-11-04_000119312513425393.txt,"The decrease reflects primarily lower net revenues ($10 million, due primarily to the electric rate plan), higher taxes other than income taxes ($18 million, principally property taxes) and higher depreciation and amortization ($9 million), offset by lower operations and maintenance costs ($36 million)."
ED,rate plan,QK,E01_ED_QK_2013-11-04_000119312513425393.txt,Operations and maintenance expenses primarily reflect a decrease in pension costs ($30 million) in the 2013 period as compared to the 2012 period when certain pension costs that were deferred from earlier periods were recognized under the electric rate plan and increases in surcharges for assessments and fees that are collected in revenues from customers ($7 million).
ED,rate plan,QK,E01_ED_QK_2013-11-04_000119312513425393.txt,"63 Table of Contents CECONY’s gas operating revenues increased $10 million in the three months ended September 30, 2013 compared with the 2012 period due primarily to an increase in gas purchased for resale costs ($13 million), offset in part by lower revenues from the gas rate plan ($1 million)."
ED,firm gas,QK,E01_ED_QK_2013-11-04_000119312513425393.txt,"After adjusting for variations, principally weather and billing days, firm gas sales and transportation volumes in the company’s service area increased 6.2 percent in the three months ended September 30, 2013."
ED,steam sales,QK,E01_ED_QK_2013-11-04_000119312513425393.txt,"Steam sales and delivery volumes decreased 6.6 percent in the three months ended September 30, 2013 compared with the 2012 period."
ED,steam sales,QK,E01_ED_QK_2013-11-04_000119312513425393.txt,"After adjusting for variations, principally weather and billing days, steam sales and deliveries decreased 7.1 percent in the three months ended September 30, 2013, reflecting lower average normalized use per customer."
ED,rate plan,QK,E01_ED_QK_2013-11-04_000119312513425393.txt,"66 Table of Contents O&R’s electric operating revenues increased $1 million in the three months ended September 30, 2013 compared with the 2012 period due primarily to higher revenues from the New York electric rate plan ($4 million), offset in part by lower purchased power costs ($2 million)."
ED,rate plan,QK,E01_ED_QK_2013-11-04_000119312513425393.txt,"The decrease reflects primarily higher taxes other than income taxes ($51 million, principally property taxes), higher depreciation and amortization ($32 million), lower net revenues ($3 million, due primarily to the electric rate plan), offset in part by lower operations and maintenance costs ($10 million)."
ED,rate plan,QK,E01_ED_QK_2013-11-04_000119312513425393.txt,"Operations and maintenance expenses reflect a decrease in pension costs ($22 million) in the 2013 period as compared to the 2012 period when certain pension costs that were deferred from earlier periods were recognized under the electric rate plan, offset in part by higher operating costs attributable to weather-related events ($13 million)."
ED,rate plan,QK,E01_ED_QK_2013-11-04_000119312513425393.txt,"CECONY’s gas operating revenues increased $173 million in the nine months ended September 30, 2013 compared with the 2012 period due primarily to an increase in gas purchased for resale costs ($112 million) and higher revenues from the gas rate plan ($54 million)."
ED,steam sales,QK,E01_ED_QK_2013-11-04_000119312513425393.txt,"Steam sales and delivery volumes increased 10.0 percent in the nine months ended September 30, 2013 compared with the 2012 period."
ED,steam sales,QK,E01_ED_QK_2013-11-04_000119312513425393.txt,"After adjusting for variations, principally weather and billing days, steam sales and deliveries decreased 4.0 percent in the nine months ended September 30, 2013, reflecting lower average normalized use per customer."
ED,rate plan,QK,E01_ED_QK_2013-11-04_000119312513425393.txt,"O&R’s electric operating revenues increased $35 million in the nine months ended September 30, 2013 compared with the 2012 period due primarily to higher purchased power costs ($19 million) and higher revenues from the New York electric rate plan ($11 million)."
ED,rate plan,QK,E01_ED_QK_2014-02-21_000119312514061037.txt,10.4 % (a) Most of any actual earnings above specified annual returns on equity under CECONY’s rate plans are to be applied to reduce regulatory assets.
ED,rate plan,QK,E01_ED_QK_2014-02-21_000119312514061037.txt,(c) The rate plan provided for a one-time surcharge of $4.3 million in Year 3.
ED,rate plan,QK,E01_ED_QK_2014-02-21_000119312514061037.txt,"The decrease reflects primarily lower net revenues ($96 million, due primarily to the electric rate plan), higher taxes other than income taxes ($56 million, principally property taxes) and higher depreciation and amortization ($39 million), offset in part by lower operations and maintenance costs ($93 million)."
ED,rate plan,QK,E01_ED_QK_2014-02-21_000119312514061037.txt,CECONY’s gas operating revenues increased $201 million in 2013 compared with 2012 due primarily to an increase in gas purchased for resale costs ($145 million) and higher revenues from the gas rate plan and other regulatory matters ($62 million).
ED,firm gas,QK,E01_ED_QK_2014-02-21_000119312514061037.txt,"After adjusting for variations, principally weather and billing days, firm gas sales and transportation volumes in the company’s service area increased 4.6 percent in 2013."
ED,steam sales,QK,E01_ED_QK_2014-02-21_000119312514061037.txt,Steam sales and delivery volumes increased 11.1 percent in 2013 compared with 2012.
ED,steam sales,QK,E01_ED_QK_2014-02-21_000119312514061037.txt,"After adjusting for variations, principally weather and billing days, steam sales and deliveries decreased 2.2 percent in 2013, reflecting lower average normalized use per customer."
ED,rate plan,QK,E01_ED_QK_2014-02-21_000119312514061037.txt,O&R’s electric operating revenues increased $36 million in 2013 compared with 2012 due primarily to higher purchased power costs ($19 million) and the New York electric rate plan ($14 million).
ED,rate plan,QK,E01_ED_QK_2014-02-21_000119312514061037.txt,"CECONY’s electric operating revenues decreased $52 million in 2012 compared with 2011 due primarily to lower purchased power ($322 million) and fuel costs ($40 million), offset by higher revenues from the electric rate plan ($310 million)."
ED,rate plan,QK,E01_ED_QK_2014-02-21_000119312514061037.txt,"CECONY’s gas operating revenues decreased $106 million in 2012 compared with 2011 due primarily to a decrease in gas purchased for resale costs ($131 million), offset in part by higher revenues from the gas rate plan ($25 million)."
ED,steam sales,QK,E01_ED_QK_2014-02-21_000119312514061037.txt,Steam sales and delivery volumes decreased 11.6 percent in 2012 compared with 2011.
ED,steam sales,QK,E01_ED_QK_2014-02-21_000119312514061037.txt,"After adjusting for variations, principally weather and billing days, steam sales and deliveries decreased 1.5 percent in 2012, reflecting lower average normalized use per customer."
ED,rate plan,QK,E01_ED_QK_2014-02-21_000119312514061037.txt,"CON EDISON ANNUAL REPORT 61 Table of Contents Management’s Discussion and Analysis of Financial Condition and Results of Operations – Continued O&R’s electric operating revenues decreased $49 million in 2012 compared with 2011 due primarily to lower purchased power costs ($69 million), offset in part by the New York electric rate plan ($12 million)."
ED,rate plan,QK,E01_ED_QK_2014-02-21_000119312514061037.txt,"Under the Utilities’ rate plans, the aggregate annual depreciation allowance in effect at December 31, 2013 was $948 million, including $897 million under CECONY’s electric, gas and steam rate plans that have been approved by the New York State Public Service Commission (NYSPSC)."
ED,rate plan,QK,E01_ED_QK_2014-02-21_000119312514061037.txt,"The Joint Proposal included a rate plan that provided for electric base rate increases of $420 million, effective April 2010 and 2011, and $287 million, effective April 2012, with an additional $134 million to be collected through a surcharge in the rate year ending March 2013."
ED,rate base,QK,E01_ED_QK_2014-02-21_000119312514061037.txt,"and • average rate base of $14,887 million, $15,987 million and $16,826 million for the rate years ending March 2011, 2012 and 2013, respectively."
ED,rate plan,QK,E01_ED_QK_2014-02-21_000119312514061037.txt,and • ERP capital expenditures—$125 million (such capital expenditures for the term of the rate plan were less than $125 million).
ED,rate plan,QK,E01_ED_QK_2014-02-21_000119312514061037.txt,"Actual earnings under the rate plan were $17.5 million above the threshold for earnings sharing for the period from April 1, 2013 to December 31, 2013."
ED,rate plan,QK,E01_ED_QK_2014-02-21_000119312514061037.txt,The Joint Proposal includes an electric rate plan that covers the two-year period January 2014 through December 2015 and is designed to produce a reduction in annual revenues of $76 million in the rate year ending December 2014 and an increase in annual revenues of $124 million in the rate year ending December 2015.
ED,rate plan,QK,E01_ED_QK_2014-02-21_000119312514061037.txt,"The rate plan reflects the following major items with respect to CECONY’s rates for electric delivery service: • A weighted average cost of capital of 7.05 percent and 7.08 percent for the rate years ending December 31, 2014 and 2015, respectively, reflecting: • return on common equity of 9.2 percent;"
ED,rate base,QK,E01_ED_QK_2014-02-21_000119312514061037.txt,"and • average rate base of $17,323 million and $18,113 million for the rate years ending December 2014 and 2015, respectively."
ED,rate plan,QK,E01_ED_QK_2014-02-21_000119312514061037.txt,"The rate plan approved by the NYSPSC provided for electric rate increases of $15.6 million, $15.6 million and $5.7 million effective July 1, 2008, 2009 and 2010, respectively, and the collection of an additional $9.9 million during the 12-month period beginning July 1, 2010."
ED,rate plan,QK,E01_ED_QK_2014-02-21_000119312514061037.txt,The rate plan reflected the following major items: • An annual return on common equity of 9.4 percent;
ED,rate plan,QK,E01_ED_QK_2014-02-21_000119312514061037.txt,"• Continuation of provisions for potential operations penalties of up to $3 million annually if certain customer service and system reliability performance targets are not met (in 2011, O&R did not recognize any operations penalties under these provisions or the corresponding provisions of the O&R rate plan discussed above);"
ED,rate plan,QK,E01_ED_QK_2014-02-21_000119312514061037.txt,"The rate plan provides for electric base rate increases of $19.4 million, $8.8 million and $15.2 million, effective July 2012, 2013 and 2014, respectively, which is being implemented, at the NYSPSC’s option, with increases of $15.2 million effective July 2012 and 2013 and an increase of $13.1 million, together with a surcharge of $2.1 million, effective July 2014."
ED,rate base,QK,E01_ED_QK_2014-02-21_000119312514061037.txt,"and • average rate base of $671 million, $708 million and $759 million for the rate years ending June 30, 2013, 2014 and 2015, respectively;"
ED,rate plan,QK,E01_ED_QK_2014-02-21_000119312514061037.txt,"The Joint Proposal included a gas rate plan that provided for base rate increases of $47.1 million, $47.9 million and $46.7 million, effective October 2010, 2011 and 2012, respectively."
ED,rate plan,QK,E01_ED_QK_2014-02-21_000119312514061037.txt,"The rate plan reflected the following major items: • A weighted average cost of capital of 7.46 percent, reflecting: • return on common equity of 9.6 percent, assuming achievement by the company of cost avoidance for productivity and “austerity”."
ED,rate base,QK,E01_ED_QK_2014-02-21_000119312514061037.txt,"and • average rate base of $3,027 million, $3,245 million and $3,434 million for the rate years ending September 2011, 2012 and 2013, respectively."
ED,rate plan,QK,E01_ED_QK_2014-02-21_000119312514061037.txt,"In each year of the rate plan, the company was to retain up to $58 million of any such revenues and 25 percent of any such revenues above $58 million."
ED,rate plan,QK,E01_ED_QK_2014-02-21_000119312514061037.txt,"The rate plan reflects the following major items with respect to CECONY’s rates for gas delivery service: • A weighted average cost of capital of 7.10 percent, 7.13 percent and 7.21 percent for the rate years ending December 2014, 2015 and 2016, respectively, reflecting: • return on common equity of 9.3 percent;"
ED,rate base,QK,E01_ED_QK_2014-02-21_000119312514061037.txt,"and • average rate base of $3,521 million, $3,863 million and $4,236 million for the rate years ending December 2014, 2015 and 2016, respectively."
ED,rate plan,QK,E01_ED_QK_2014-02-21_000119312514061037.txt,"In each year of the rate plan, the company will retain up to $65 million of any such revenues and 15 percent of any such revenues above $65 million."
ED,rate plan,QK,E01_ED_QK_2014-02-21_000119312514061037.txt,"As CON EDISON ANNUAL REPORT 99 Table of Contents Notes to the Financial Statements — Continued approved, the Joint Proposal established a gas rate plan that increased base rates $9 million in each of the rate years ended October 2010 and 2011 and $4.6 million in rate year ended October 2012, with an additional $4.3 million to be collected through a surcharge in the rate year ended October 2012."
ED,rate plan,QK,E01_ED_QK_2014-02-21_000119312514061037.txt,The rate plan reflected the following major items: • An annual return on common equity of 10.4 percent;
ED,rate plan,QK,E01_ED_QK_2014-02-21_000119312514061037.txt,"• Deferral as a regulatory asset of increases, if any over the course of the rate plan, in certain expenses above a 4 percent annual inflation rate, but only if the actual annual return on common equity is less than 10.4 percent (in 2010, 2011, 2012 and 2013, the company did not defer any revenues under this provision);"
ED,rate plan,QK,E01_ED_QK_2014-02-21_000119312514061037.txt,"The Joint Proposal included a steam rate plan that provided for rate increases of $49.5 million, effective October 2010 and 2011, and $17.8 million, effective October 2012, with an additional $31.7 million to be collected through a surcharge in the rate year ending September 2013."
ED,rate plan,QK,E01_ED_QK_2014-02-21_000119312514061037.txt,The Joint Proposal includes a steam rate plan that covers the three-year period January 2014 through December 2016 and is designed to produce a reduction in annual revenues of $22 million in the rate year ending December 2014 and increases in annual revenues of $20 million in each of the rate years ending December 2015 and 2016.
ED,rate plan,QK,E01_ED_QK_2014-05-08_000119312514190303.txt,"Pursuant to the current rate plans, the company is applying $15 million of these recovered amounts for the benefit of customers to offset a like amount of regulatory assets."
ED,firm gas,QK,E01_ED_QK_2014-05-08_000119312514190303.txt,"After adjusting for variations, principally weather and billing days, firm gas sales and transportation volumes in the company’s service area increased 2.0 percent in the three months ended March 31, 2014."
ED,steam sales,QK,E01_ED_QK_2014-05-08_000119312514190303.txt,"Steam sales and delivery volumes increased 18.2 percent in the three months ended March 31, 2014 compared with the 2013 period."
ED,steam sales,QK,E01_ED_QK_2014-05-08_000119312514190303.txt,"After adjusting for variations, principally weather and billing days, steam sales and deliveries increased 5.9 percent in the three months ended March 31, 2014."
ED,rate plan,QK,E01_ED_QK_2014-08-07_000119312514300922.txt,"Note B — Regulatory Matters Rate Plans In July 2014, the New Jersey Board of Public Utilities (NJBPU) approved an electric rate increase, effective August 1, 2014, of $13 million for O&R’s New Jersey regulated utility subsidiary, Rockland Electric Company (RECO)."
ED,rate plan,QK,E01_ED_QK_2014-08-07_000119312514300922.txt,"Pursuant to the current rate plans, the company is applying $15 million of these recovered amounts for the benefit of customers to offset a like amount of regulatory assets."
ED,rate plan,QK,E01_ED_QK_2014-08-07_000119312514300922.txt,"CECONY’s electric operating revenues increased $106 million in the three months ended June 30, 2014 compared with the 2013 period due primarily to higher revenues from the electric rate plan ($63 million) and higher purchased power costs ($46 million), offset in part by lower fuel costs ($9 million)."
ED,rate plan,QK,E01_ED_QK_2014-08-07_000119312514300922.txt,"CECONY’s gas operating revenues increased $29 million in the three months ended June 30, 2014 compared with the 2013 period due primarily to higher revenues from the gas rate plan ($19 million) and an increase in gas purchased for resale costs ($6 million)."
ED,firm gas,QK,E01_ED_QK_2014-08-07_000119312514300922.txt,"After adjusting for variations, principally weather and billing days, firm gas sales and transportation volumes in the company’s service area increased 12.7 percent in the three months ended June 30, 2014 compared with the 2013 period, reflecting primarily oil-to-gas conversions and transfers to firm service."
ED,steam sales,QK,E01_ED_QK_2014-08-07_000119312514300922.txt,"Steam sales and delivery volumes increased 2.3 percent in the three months ended June 30, 2014 compared with the 2013 period."
ED,steam sales,QK,E01_ED_QK_2014-08-07_000119312514300922.txt,"After adjusting for variations, principally weather and billing days, steam sales and deliveries increased 2.3 percent in the three months ended June 30, 2014 compared with the 2013 period."
ED,rate plan,QK,E01_ED_QK_2014-08-07_000119312514300922.txt,"55 Table of Contents O&R’s electric operating revenues increased $11 million in the three months ended June 30, 2014 compared with the 2013 period due primarily to higher revenues from the New York electric rate plan ($9 million) and higher purchased power costs ($1 million)."
ED,rate plan,QK,E01_ED_QK_2014-08-07_000119312514300922.txt,"CECONY’s electric operating revenues increased $367 million in the six months ended June 30, 2014 compared with the 2013 period due primarily to higher purchased power costs ($203 million), higher revenues from the electric rate plan ($132 million) and higher fuel costs ($18 million)."
ED,rate plan,QK,E01_ED_QK_2014-08-07_000119312514300922.txt,"CECONY’s gas operating revenues increased $158 million in the six months ended June 30, 2014 compared with the 2013 period due primarily to an increase in gas purchased for resale costs ($134 million) and higher revenues from the gas rate plan ($30 million)."
ED,steam sales,QK,E01_ED_QK_2014-08-07_000119312514300922.txt,"Steam sales and delivery volumes increased 13.3 percent in the six months ended June 30, 2014 compared with the 2013 period."
ED,steam sales,QK,E01_ED_QK_2014-08-07_000119312514300922.txt,"After adjusting for variations, principally weather and billing days, steam sales and deliveries increased 4.8 percent in the six months ended June 30, 2014, reflecting lower average normalized use per customer."
ED,rate plan,QK,E01_ED_QK_2014-08-07_000119312514300922.txt,"62 Table of Contents O&R’s electric operating revenues increased $29 million in the six months ended June 30, 2014 compared with the 2013 period due primarily to higher purchased power costs ($19 million) and higher revenues from the New York electric rate plan ($6 million)."
ED,rate plan,QK,E01_ED_QK_2014-11-06_000119312514401232.txt,"19 Table of Contents Note B — Regulatory Matters Rate Plans In July 2014, the New Jersey Board of Public Utilities (NJBPU) approved an electric rate increase, effective August 1, 2014, of $13 million for O&R’s New Jersey regulated utility subsidiary, Rockland Electric Company (RECO)."
ED,rate plan,QK,E01_ED_QK_2014-11-06_000119312514401232.txt,"Pursuant to the current rate plans, the company is applying $15 million of these recovered amounts for the benefit of customers to offset a like amount of regulatory assets."
ED,rate plan,QK,E01_ED_QK_2014-11-06_000119312514401232.txt,"CECONY’s electric operating revenues decreased $40 million in the three months ended September 30, 2014 compared with the 2013 period due primarily to lower purchased power costs ($51 million) and fuel costs ($8 million), offset in part by higher revenues from the electric rate plan ($33 million)."
ED,rate plan,QK,E01_ED_QK_2014-11-06_000119312514401232.txt,"CECONY’s gas operating revenues increased $11 million in the three months ended September 30, 2014 compared with the 2013 period due primarily to higher revenues from the gas rate plan ($26 million), offset in part by a decrease in gas purchased for resale costs ($22 million)."
ED,firm gas,QK,E01_ED_QK_2014-11-06_000119312514401232.txt,"After adjusting for variations, principally weather and billing days, firm gas sales and transportation volumes in the company’s service area increased 9.9 percent in the three months ended September 30, 2014 compared with the 2013 period, reflecting primarily oil-to-gas conversions and transfers to firm service."
ED,steam sales,QK,E01_ED_QK_2014-11-06_000119312514401232.txt,"Steam sales and delivery volumes decreased 9.7 percent in the three months ended September 30, 2014 compared with the 2013 period."
ED,steam sales,QK,E01_ED_QK_2014-11-06_000119312514401232.txt,"After adjusting for variations, principally weather and billing days, steam sales and deliveries decreased 4.2 percent in the three months ended September 30, 2014 compared with the 2013 period."
ED,rate plan,QK,E01_ED_QK_2014-11-06_000119312514401232.txt,"57 Table of Contents O&R’s electric operating revenues increased $5 million in the three months ended September 30, 2014 compared with the 2013 period due primarily to higher revenues from the New York electric rate plan ($5 million)."
ED,rate plan,QK,E01_ED_QK_2014-11-06_000119312514401232.txt,"The increase reflects primarily higher revenues from the New York electric rate plan ($5 million) and lower taxes other than income taxes ($2 million), offset in part by higher depreciation and amortization ($2 million) and higher operations and maintenance expenses ($1 million)."
ED,rate plan,QK,E01_ED_QK_2014-11-06_000119312514401232.txt,"CECONY’s electric operating revenues increased $326 million in the nine months ended September 30, 2014 compared with the 2013 period due primarily to higher revenues from the electric rate plan ($163 million), higher purchased power costs ($152 million) and higher fuel costs ($10 million)."
ED,rate plan,QK,E01_ED_QK_2014-11-06_000119312514401232.txt,"The increase reflects 61 Table of Contents primarily higher revenues from the electric rate plan ($163 million) and lower taxes other than income taxes ($5 million, principally sales and use tax refund, offset in part by higher property taxes and local revenue taxes), offset in part by higher operations and maintenance expenses ($38 million) and depreciation and amortization ($22 million)."
ED,rate plan,QK,E01_ED_QK_2014-11-06_000119312514401232.txt,"CECONY’s gas operating revenues increased $169 million in the nine months ended September 30, 2014 compared with the 2013 period due primarily to an increase in gas purchased for resale costs ($111 million) and higher revenues from the gas rate plan ($53 million)."
ED,steam sales,QK,E01_ED_QK_2014-11-06_000119312514401232.txt,"Steam sales and delivery volumes increased 7.7 percent in the nine months ended September 30, 2014 compared with the 2013 period."
ED,steam sales,QK,E01_ED_QK_2014-11-06_000119312514401232.txt,"After adjusting for variations, principally weather and billing days, steam sales and deliveries increased 2.6 percent in the nine months ended September 30, 2014, reflecting lower average normalized use per customer."
ED,rate plan,QK,E01_ED_QK_2014-11-06_000119312514401232.txt,"O&R’s electric operating revenues increased $33 million in the nine months ended September 30, 2014 compared with the 2013 period due primarily to higher purchased power costs ($18 million) and higher revenues from the New York electric rate plan ($11 million)."
SPG,comparable propert,ER,E01_SPG_ER_2013-07-29_000104746913007843.txt,"""Our portfolio continued to deliver strong results in the quarter, with 5.9% growth in comparable property net operating income for our U.S."
SPG,occupancy,ER,E01_SPG_ER_2013-07-29_000104746913007843.txt,"Malls and Premium Outlets Operational Statistics As of June 30, 2013 As of June 30, 2012 % Increase Occupancy (1) 95.1% 94.2% +90 basis points Total Sales per Sq."
SPG,base minimum rent,ER,E01_SPG_ER_2013-07-29_000104746913007843.txt,(2) $577 $554 4.2% Base Minimum Rent per Sq.
SPG,leasing spread,ER,E01_SPG_ER_2013-07-29_000104746913007843.txt,(1) $41.41 $39.99 3.6% Releasing Spread per Sq.
SPG,leasing spread,ER,E01_SPG_ER_2013-07-29_000104746913007843.txt,(1)(3) $7.49 $4.77 +$2.72 Releasing Spread (Percentage Change) (1)(3) 14.1% 10.0% +410 basis points (1) Represents mall stores in Malls and all owned square footage in Premium Outlets.
SPG,comparable propert,ER,E01_SPG_ER_2013-07-29_000104746913007843.txt,"Malls and Premium Outlets that are comparable properties 5.9% 5.4% (1) NOI excluded from comparable property NOI relates to The Mills, Community/Lifestyle Centers, International Properties, other retail properties, The Mills Limited Partnership properties, any of our non-retail holdings and results of our corporate and management company operations, NOI of U.S."
SPG,comparable propert,ER,E01_SPG_ER_2013-10-25_000104746913009922.txt,"""Our relentless focus on operating performance and executing our growth strategy through expansions, new Premium Outlets development and smart acquisitions delivered strong results, including 4.9% growth in comparable property net operating income for our U.S."
SPG,occupancy,ER,E01_SPG_ER_2013-10-25_000104746913009922.txt,"Malls and Premium Outlets Operating Statistics As of September 30, % Increase 2013 2012 Occupancy (1) 95.5% 94.6% +90 basis points Total Sales per sq."
SPG,base minimum rent,ER,E01_SPG_ER_2013-10-25_000104746913009922.txt,(2) $579 $562 3.0% Base Minimum Rent per sq.
SPG,leasing spread,ER,E01_SPG_ER_2013-10-25_000104746913009922.txt,(1) $41.73 $40.33 3.5% Releasing Spread per sq.
SPG,leasing spread,ER,E01_SPG_ER_2013-10-25_000104746913009922.txt,(1)(3) $8.05 $4.86 +$3.19 Releasing Spread (percentage change) (1)(3) 15.2% 10.4% +480 basis points (1) Represents mall stores in Malls and all owned square footage in Premium Outlets.
SPG,comparable propert,ER,E01_SPG_ER_2013-10-25_000104746913009922.txt,"Malls and Premium Outlets that are comparable properties 4.9% 5.2% (1) NOI excluded from comparable property NOI relates to The Mills, Community/Lifestyle Centers, International Properties, other retail properties, The Mills Limited Partnership properties, any of our non-retail holdings and results of our corporate and management company operations, NOI of U.S."
SPG,comparable propert,ER,E01_SPG_ER_2014-01-31_000104746914000474.txt,"""We produced strong financial and operating results in the fourth quarter, led by 5.5% growth in comparable property net operating income for our U.S."
SPG,occupancy,ER,E01_SPG_ER_2014-01-31_000104746914000474.txt,"Malls and Premium Outlets Operating Statistics As of December 31, % Increase 2013 2012 Occupancy (1) 96.1% 95.3% +80 basis points Total Sales per sq."
SPG,base minimum rent,ER,E01_SPG_ER_2014-01-31_000104746914000474.txt,(2) $582 $568 2.5% Base Minimum Rent per sq.
SPG,leasing spread,ER,E01_SPG_ER_2014-01-31_000104746914000474.txt,(1) $42.34 $40.73 4.0% Releasing Spread per sq.
SPG,leasing spread,ER,E01_SPG_ER_2014-01-31_000104746914000474.txt,(1)(3) $8.94 $5.21 +$3.73 Releasing Spread (percentage change) (1)(3) 16.8% 10.8% +600 basis points (1) Represents mall stores in Malls and all owned square footage in Premium Outlets.
SPG,occupancy,ER,E01_SPG_ER_2014-04-22_000104746914004015.txt,"""The increase in comparable property net operating income of 3.7% was driven by strong releasing spreads and occupancy gains, and demonstrates our ability to continue to increase our cash flow."
SPG,occupancy,ER,E01_SPG_ER_2014-04-22_000104746914004015.txt,"MALLS AND PREMIUM OUTLETS OPERATING STATISTICS AS OF MARCH 31, 2014 2013 YEAR-OVER-YEAR CHANGE Occupancy (1) 95.5% 94.7% +80 basis points Total Sales per sq."
SPG,base minimum rent,ER,E01_SPG_ER_2014-04-22_000104746914004015.txt,(2) $ 576 $ 575 +0.2% Base Minimum Rent per sq.
SPG,leasing spread,ER,E01_SPG_ER_2014-04-22_000104746914004015.txt,(1) $ 42.77 $ 41.05 +4.2% Releasing Spread per sq.
SPG,leasing spread,ER,E01_SPG_ER_2014-04-22_000104746914004015.txt,(1)(3) $ 9.90 $ 7.00 +$2.90 Releasing Spread (percentage change) (1)(3) 19.5% 13.4% +610 basis points (1) Represents mall stores in Malls and all owned square footage in Premium Outlets.
SPG,comparable propert,ER,E01_SPG_ER_2014-04-22_000104746914004015.txt,"Malls and Premium Outlets that are comparable properties 3.7% ​ ​ ​ ​ ​ ​ ​ ​ ​ ​ ​ ​ ​ ​ (1) NOI excluded from comparable property NOI relates to The Mills, community/lifestyle centers, international properties, other retail properties, The Mills Limited Partnership properties, any of our non-retail holdings and results of our corporate and management company operations, NOI of U.S."
SPG,comparable propert,ER,E01_SPG_ER_2014-07-23_000104746914006331.txt,"2Q 2014 SUPPLEMENTAL 2 Table of Contents EARNINGS RELEASE ""I am very pleased with our quarterly results as our strong momentum continued, with 5.6% quarterly growth in comparable property net operating income,"" said David Simon, Chairman and CEO."
SPG,comparable propert,ER,E01_SPG_ER_2014-07-23_000104746914006331.txt,"Based upon our results to date and expectations for the remainder of 2014, we are again increasing our full-year 2014 guidance."" COMPARABLE PROPERTY NET OPERATING INCOME Comparable property NOI growth for the three months ended June 30, 2014 was 5.6%."
SPG,occupancy,ER,E01_SPG_ER_2014-07-23_000104746914006331.txt,"MALLS AND PREMIUM OUTLETS OPERATING STATISTICS AS OF JUNE 30, 2014 (1) AS PREVIOUSLY REPORTED JUNE 30, 2013 CHANGE Occupancy (2) 96.5% 95.1% +140 bps Base Minimum Rent per sq."
SPG,leasing spread,ER,E01_SPG_ER_2014-07-23_000104746914006331.txt,(2) $ 45.83 $ 41.41 +10.7% Releasing Spread per sq.
SPG,leasing spread,ER,E01_SPG_ER_2014-07-23_000104746914006331.txt,(2)(3) $ 11.06 $ 7.49 +$3.57 Releasing Spread (percentage change) (2)(3) 20.0% 14.1% +590 bps Total Sales per sq.
SPG,FFO per share,ER,E01_SPG_ER_2014-07-23_000104746914006331.txt,"(F) Includes Basic and Diluted FFO per share related to WPG of $0.05 ($0.15 from operations net of $0.10 of transaction expenses) and $0.24 for the three months ended June 30, 2014 and 2013, respectively, and $0.30 and $0.48 for the six months ended June 30, 2014 and 2013, respectively."
SPG,FFO per share,ER,E01_SPG_ER_2014-07-23_000104746914006331.txt,"(2) Includes Basic and Diluted FFO per share related to WPG properties of $0.05 ($0.15 from operations net of $0.10 of transaction expenses) and $0.24 for the three months ended June 30, 2014 and 2013, respectively, and $0.30 and $0.48 for the six months ended June 30, 2014 and 2013, respectively."
SPG,comparable propert,ER,E01_SPG_ER_2014-07-23_000104746914006331.txt,"Malls, Premium Outlets and The Mills that are comparable properties 5.6% 5.5% (1) NOI excluded from comparable property NOI relates to WPG properties, international properties, other retail properties, TMLP properties, any of our non-retail holdings and results of our corporate and management company operations, NOI of U.S."
SPG,comparable propert,ER,E01_SPG_ER_2014-10-22_000104746914008442.txt,"""We continue to demonstrate our ability to grow our core business and allocate capital to generate growth in cash flow and FFO per share."" COMPARABLE PROPERTY NET OPERATING INCOME Comparable property NOI growth for the three months ended September 30, 2014 was 5.3%."
SPG,occupancy,ER,E01_SPG_ER_2014-10-22_000104746914008442.txt,"MALLS AND PREMIUM OUTLETS OPERATING STATISTICS AS OF SEPTEMBER 30, YEAR-OVER-YEAR CHANGE 2014 (1) 2013 Occupancy (2) 96.9% 95.5% +140 bps Base Minimum Rent per sq."
SPG,leasing spread,ER,E01_SPG_ER_2014-10-22_000104746914008442.txt,(2) $ 46.29 $ 41.73 +10.9% Releasing Spread per sq.
SPG,leasing spread,ER,E01_SPG_ER_2014-10-22_000104746914008442.txt,(2)(3) $ 9.67 $ 8.05 +$1.62 Releasing Spread (percentage change) (2)(3) 17.3% 15.2% +210 bps Total Sales per sq.
SPG,FFO per share,ER,E01_SPG_ER_2014-10-22_000104746914008442.txt,"(F) Includes Basic and Diluted FFO per share related to WPG operations and 2014 transaction expenses of $0.24 for the three months ended September 30, 2013, and $0.30 and $0.72 for the nine months ended September 30, 2014 and 2013, respectively."
SPG,FFO per share,ER,E01_SPG_ER_2014-10-22_000104746914008442.txt,"(2) Includes Basic and Diluted FFO per share related to WPG properties and 2014 transaction expenses of $0.24 for the three months ended September 30, 2013, and $0.30 and $0.72 for the nine months ended September 30, 2014 and 2013, respectively."
SPG,comparable propert,ER,E01_SPG_ER_2014-10-22_000104746914008442.txt,"Malls, Premium Outlets and The Mills that are comparable properties 5.3% 5.4% (1) NOI excluded from comparable property NOI relates to WPG properties, international properties, other retail properties, TMLP properties, any of our non-retail holdings and results of our corporate and management company operations, NOI of U.S."
SPG,comparable propert,ER,E01_SPG_ER_2015-01-30_000104746915000507.txt,"We are also pleased to again announce an increase in our quarterly dividend to $1.40 per share, growth of 7.7% from last quarter."" COMPARABLE PROPERTY NET OPERATING INCOME Comparable property NOI growth for the three months ended December 31, 2014 was 4.0%."
SPG,occupancy,ER,E01_SPG_ER_2015-01-30_000104746915000507.txt,"MALLS AND PREMIUM OUTLETS OPERATING STATISTICS AS OF DECEMBER 31, YEAR-OVER-YEAR CHANGE 2014 (1) 2013 Occupancy (2) 97.1% 96.1% +100 bps Base Minimum Rent per sq."
SPG,leasing spread,ER,E01_SPG_ER_2015-01-30_000104746915000507.txt,(2) $ 47.01 $ 42.34 +11.0% Releasing Spread per sq.
SPG,leasing spread,ER,E01_SPG_ER_2015-01-30_000104746915000507.txt,(2)(3) $ 9.59 $ 8.94 +$0.65 Releasing Spread (percentage change) (2)(3) 16.6% 16.8% -20 bps Total Sales per sq.
SPG,FFO per share,ER,E01_SPG_ER_2015-01-30_000104746915000507.txt,"(F) Includes Basic and Diluted FFO per share related to WPG operations and 2014 transaction expenses of $0.27 for the three months ended December 31, 2013, and $0.30 and $0.99 for the twelve months ended December 31, 2014 and 2013, respectively."
SPG,FFO per share,ER,E01_SPG_ER_2015-01-30_000104746915000507.txt,"(2) Includes Basic and Diluted FFO per share related to WPG properties and 2014 transaction expenses of $0.27 for the three months ended December 31, 2013, and $0.30 and $0.99 for the twelve months ended December 31, 2014 and 2013, respectively."
SPG,comparable propert,ER,E01_SPG_ER_2015-01-30_000104746915000507.txt,"Malls, Premium Outlets and The Mills that are comparable properties 4.0% 5.1% (1) NOI excluded from comparable property NOI relates to WPG properties, international properties, other retail properties, TMLP properties, any of our non-retail holdings and results of our corporate and management company operations, NOI of U.S."
SPG,comparable propert,QK,E01_SPG_QK_2013-08-07_000104746913008154.txt,Comparable property NOI also grew 5.4% for our portfolio of U.S.
SPG,base minimum rent,QK,E01_SPG_QK_2013-08-07_000104746913008154.txt,"malls and Premium Outlets as we were able to lease available square feet at higher rents than the expiring rental rates on the same space, resulting in a releasing spread (based on total tenant payments — base minimum rent plus common area maintenance) of $7.49 psf ($60.62 openings compared to $53.13 closings) as of June 30, 2013, representing a 14.1% increase over expiring payments."
SPG,base minimum rent,QK,E01_SPG_QK_2013-08-07_000104746913008154.txt,"The average annual initial base minimum rent for new leases was $44.35 psf in 2013 and $38.72 psf in 2012 with an average tenant allowance on new leases of $33.41 psf and $35.08 psf, respectively."
SPG,base minimum rent,QK,E01_SPG_QK_2013-08-07_000104746913008154.txt,"Comparable rents increased $17.2 million, or 2.6%, primarily attributable to a $17.9 million increase in base minimum rents."
SPG,comparable propert,QK,E01_SPG_QK_2013-08-07_000104746913008154.txt,"Overage rents increased $8.8 million, or 28.1%, as a result of the property transactions and an increase in tenant sales in 2013 at the comparable properties compared to 2012 of $7.2 million."
SPG,comparable propert,QK,E01_SPG_QK_2013-08-07_000104746913008154.txt,"Tenant reimbursements increased $22.7 million, due to a $6.9 million increase attributable to the property transactions and a $15.8 million, or 5.5%, increase in the comparable properties primarily due to real estate tax reimbursements and annual increases related to common area maintenance."
SPG,base minimum rent,QK,E01_SPG_QK_2013-08-07_000104746913008154.txt,"Comparable rents increased $36.9 million, or 2.8%, primarily attributable to a $37.5 million increase in base minimum rents."
SPG,comparable propert,QK,E01_SPG_QK_2013-08-07_000104746913008154.txt,"Overage rents increased $18.8 million, or 31.9%, as a result of the property transactions and an increase in tenant sales at the comparable properties in 2013 compared to 2012 of $13.8 million."
SPG,comparable propert,QK,E01_SPG_QK_2013-08-07_000104746913008154.txt,"Tenant reimbursements increased $55.3 million, due to a $29.4 million increase attributable to the property transactions and a $25.9 million, or 4.5%, increase in the comparable properties primarily due to real estate tax reimbursements and annual increases related to common area maintenance."
SPG,comparable propert,QK,E01_SPG_QK_2013-08-07_000104746913008154.txt,"Malls and Premium Outlets that are comparable properties 5.9% 5.4% (1) NOI excluded from comparable property NOI relates to the Mills, community/lifestyle centers, international properties, other retail properties, The Mills Limited Partnership properties, any of our non-retail holdings, and results of our corporate and management company operations, NOI of U.S."
SPG,comparable propert,QK,E01_SPG_QK_2013-11-06_000104746913010290.txt,Comparable property NOI also grew 5.2% for our portfolio of U.S.
SPG,base minimum rent,QK,E01_SPG_QK_2013-11-06_000104746913010290.txt,"malls and Premium Outlets as we were able to lease available square feet at higher rents than the expiring rental rates on the same space, resulting in a releasing spread (based on total tenant payments — base minimum rent plus common area maintenance) of $8.05 psf ($61.07 openings compared to $53.02 closings) as of September 30, 2013, representing a 15.2% increase over expiring payments."
SPG,base minimum rent,QK,E01_SPG_QK_2013-11-06_000104746913010290.txt,"The average annual initial base minimum rent for new leases was $44.43 per square foot in 2013 and $39.03 per square foot in 2012 with an average tenant allowance on new leases of $31.29 per square foot and $35.65 per square foot, respectively."
SPG,base minimum rent,QK,E01_SPG_QK_2013-11-06_000104746913010290.txt,"Comparable rents increased $21.5 million, or 3.2%, primarily attributable to a $21.3 million increase in base minimum rents."
SPG,comparable propert,QK,E01_SPG_QK_2013-11-06_000104746913010290.txt,"Overage rents increased $5.3 million, or 10.4%, as a result of the property transactions and an increase in tenant sales in 2013 at the comparable properties compared to 2012 of $3.6 million."
SPG,comparable propert,QK,E01_SPG_QK_2013-11-06_000104746913010290.txt,"Tenant reimbursements increased $25.3 million, due to a $6.2 million increase attributable to the property transactions and a $19.1 million, or 6.5%, increase in the comparable properties primarily due to real estate tax reimbursements and annual increases related to common area maintenance."
SPG,base minimum rent,QK,E01_SPG_QK_2013-11-06_000104746913010290.txt,"Comparable rents increased $58.1 million, or 2.9%, primarily attributable to a $58.7 million increase in base minimum rents."
SPG,comparable propert,QK,E01_SPG_QK_2013-11-06_000104746913010290.txt,"Overage rents increased $24.2 million, or 21.9%, as a result of the property transactions and an increase in tenant sales at the comparable properties in 2013 compared to 2012 of $17.4 million."
SPG,comparable propert,QK,E01_SPG_QK_2013-11-06_000104746913010290.txt,"Tenant reimbursements increased $80.5 million, due to a $35.5 million increase attributable to the property transactions and a $45.0 million, or 5.2%, increase in the comparable properties primarily due to real estate tax reimbursements and annual increases related to common area maintenance."
SPG,comparable propert,QK,E01_SPG_QK_2013-11-06_000104746913010290.txt,"Property operating expense increased $1.0 million primarily due to a $8.3 million increase related to the property transactions, offset by a $7.3 million decrease related to the comparable properties as a result of our ongoing cost savings efforts."
SPG,comparable propert,QK,E01_SPG_QK_2013-11-06_000104746913010290.txt,"Malls and Premium Outlets that are comparable properties 4.9% 5.2% (1) NOI from non comparable properties includes the Mills, community/lifestyle centers, international properties, other retail properties, The Mills Limited Partnership properties, any of our non-retail holdings and results of our corporate and management company operations, NOI of U.S."
SPG,comparable propert,QK,E01_SPG_QK_2014-02-27_000104746914001416.txt,Comparable property NOI also grew 5.2% for our portfolio of U.S.
SPG,base minimum rent,QK,E01_SPG_QK_2014-02-27_000104746914001416.txt,"malls and Premium Outlets as we were able to lease available square feet at higher rents than the expiring rental rates on the same space, resulting in a releasing spread (based on total tenant payments — base minimum rent plus common area maintenance) of $8.94 psf ($62.19 openings compared to $53.25 closings) as of December 31, 2013, representing a 16.8% increase over expiring payments."
SPG,base minimum rent,QK,E01_SPG_QK_2014-02-27_000104746914001416.txt,"The average annual initial base minimum rent for new leases was $45.13 psf in 2013 and $40.46 psf in 2012 with an average tenant allowance on new leases of $32.48 psf and $36.45 psf, respectively."
SPG,base minimum rent,QK,E01_SPG_QK_2014-02-27_000104746914001416.txt,"Comparable rents increased $86.4 million, or 3.2%, primarily attributable to an $83.9 million increase in base minimum rents."
SPG,comparable propert,QK,E01_SPG_QK_2014-02-27_000104746914001416.txt,"Overage rents increased $27.7 million, or 14.2%, as a result of an increase in tenant sales at the comparable properties in 2013 compared to 2012 of $20.7 million as well as an increase related to the property transactions of $7.0 million."
SPG,comparable propert,QK,E01_SPG_QK_2014-02-27_000104746914001416.txt,"53 Table of Contents Tenant reimbursements increased $102.6 million, due to a $40.4 million increase attributable to the property transactions and a $62.2 million, or 5.3%, increase in the comparable properties primarily due to annual fixed contractual increases related to common area maintenance and higher reimbursements for the tenants' pro rata share of real estate taxes."
SPG,base minimum rent,QK,E01_SPG_QK_2014-02-27_000104746914001416.txt,"Comparable rents increased $70.7 million, or 2.7%, primarily attributable to a $76.0 million increase in base minimum rents."
SPG,comparable propert,QK,E01_SPG_QK_2014-02-27_000104746914001416.txt,"Overage rents increased $54.9 million, or 39.0%, as a result of the property transactions and an increase in tenant sales in 2012 compared to 2011 at the comparable properties of $31.3 million."
SPG,comparable propert,QK,E01_SPG_QK_2014-02-27_000104746914001416.txt,Property operating expense increased $33.2 million primarily related to a $49.1 million increase attributable to the property transactions partially offset by a $15.9 million decrease in comparable property activity due primarily to our continued cost savings efforts.
SPG,comparable propert,QK,E01_SPG_QK_2014-02-27_000104746914001416.txt,"Malls and Premium Outlets that are comparable properties 5.2% ​ ​ ​ ​ ​ ​ ​ ​ ​ ​ ​ ​ ​ ​ ​ ​ (1) NOI from non comparable properties includes the Mills, community/lifestyle centers, international properties, other retail properties, The Mills Limited Partnership properties, any of our non-retail holdings and results of our corporate and management company operations, NOI of U.S."
SPG,comparable propert,QK,E01_SPG_QK_2014-05-07_000104746914004661.txt,Comparable property NOI also grew 3.7% for our portfolio of U.S.
SPG,base minimum rent,QK,E01_SPG_QK_2014-05-07_000104746914004661.txt,"Malls and Premium Outlets as we were able to lease available square feet at higher rents than the expiring rental rates on the same space, resulting in a releasing spread (based on total tenant payments — base minimum rent plus common area maintenance) of $9.90 psf ($60.79 openings compared to $50.89 closings) as of March 31, 2014, representing a 19.5% increase over expiring payments."
SPG,base minimum rent,QK,E01_SPG_QK_2014-05-07_000104746914004661.txt,"The average annual initial base minimum rent for new leases was $54.20 per square foot in 2014 and $43.71 per square foot in 2013 with an average tenant allowance on new leases of $38.75 per square foot and $40.30 per square foot, respectively."
SPG,base minimum rent,QK,E01_SPG_QK_2014-05-07_000104746914004661.txt,"Comparable rents increased $40.2 million, or 5.4%, primarily attributable to a $41.2 million increase in base minimum rents."
SPG,comparable propert,QK,E01_SPG_QK_2014-05-07_000104746914004661.txt,"Tenant reimbursements increased $33.7 million, due to a $2.6 million increase attributable to the property transactions and a $31.1 million, or 9.8%, increase in the comparable properties primarily due to utility reimbursements and annual fixed contractual increases related to common area maintenance."
SPG,comparable propert,QK,E01_SPG_QK_2014-05-07_000104746914004661.txt,"Malls and Premium Outlets that are comparable properties 3.7% ​ ​ ​ ​ ​ ​ ​ ​ ​ ​ ​ ​ ​ ​ (1) NOI from non comparable properties includes the Mills, community/lifestyle centers, international properties, other retail properties, The Mills Limited Partnership properties, any of our non-retail holdings and results of our corporate and management company operations, NOI of U.S."
SPG,comparable propert,QK,E01_SPG_QK_2014-08-07_000104746914006709.txt,Comparable property NOI also grew 5.5% for our portfolio of U.S.
SPG,base minimum rent,QK,E01_SPG_QK_2014-08-07_000104746914006709.txt,"Malls and Premium Outlets as we were able to lease available square feet at higher rents than the expiring rental rates on the same space, resulting in a releasing spread (based on total tenant payments — base minimum rent plus common area maintenance) of $11.06 psf ($66.28 openings compared to $55.22 closings) as of June 30, 2014, representing a 20.0% increase over expiring payments."
SPG,base minimum rent,QK,E01_SPG_QK_2014-08-07_000104746914006709.txt,"The average annual initial base minimum rent for new leases was $56.14 per square foot in 2014 and $49.36 per square foot in 2013 with an average tenant allowance on new leases of $36.79 per square foot and $35.12 per square foot, respectively."
SPG,base minimum rent,QK,E01_SPG_QK_2014-08-07_000104746914006709.txt,"Comparable rents increased $43.6 million, or 6.8%, primarily attributable to an increase in base minimum rents."
SPG,comparable propert,QK,E01_SPG_QK_2014-08-07_000104746914006709.txt,"Tenant reimbursements increased $34.9 million, due to a $5.5 million increase attributable to the property transactions and a $29.4 million, or 10.2%, increase in the comparable properties primarily due to annual fixed contractual increases related to common area maintenance and additional marketing recoveries as a result of costs incurred during our property rebranding initiative."
SPG,base minimum rent,QK,E01_SPG_QK_2014-08-07_000104746914006709.txt,"Comparable rents increased $82.7 million, or 6.4%, primarily attributable to an increase in base minimum rents."
SPG,FFO per share,QK,E01_SPG_QK_2014-08-07_000104746914006709.txt,"Includes Diluted FFO per share related to the Washington Prime properties of $0.05 ($0.15 from operations, net of $0.10 of transaction expenses) and $0.24 for the three months ended June 30, 2014 and 2013, respectively, and $0.30 and $0.48 for the six months ended June 30, 2014 and 2013, respectively."
SPG,comparable propert,QK,E01_SPG_QK_2014-08-07_000104746914006709.txt,"Malls, Premium Outlets, and The Mills that are comparable properties 5.6% 5.5% ​ ​ ​ ​ ​ ​ ​ ​ ​ ​ ​ ​ ​ ​ ​ ​ ​ ​ ​ ​ ​ ​ ​ ​ ​ ​ ​ ​ (1) NOI excluded from comparable property NOI relates to Washington Prime, international properties, other retail properties, TMLP properties, any of our non-retail holdings and results of our corporate and management company operations, NOI of U.S."
SPG,comparable propert,QK,E01_SPG_QK_2014-11-05_000104746914008827.txt,Comparable property NOI also grew 5.4% for our portfolio of U.S.
SPG,base minimum rent,QK,E01_SPG_QK_2014-11-05_000104746914008827.txt,"Malls and Premium Outlets as we were able to lease available square feet at higher rents than the expiring rental rates on the same space, resulting in a releasing spread (based on total tenant payments — base minimum rent plus common area maintenance) of $9.67 psf ($65.46 openings compared to $55.79 closings) as of September 30, 2014, representing a 17.3% increase over expiring payments."
SPG,base minimum rent,QK,E01_SPG_QK_2014-11-05_000104746914008827.txt,"The average annual initial base minimum rent for new leases was $59.14 per square foot in 2014 and $49.86 per square foot in 2013 with an average tenant allowance on new leases of $37.35 per square foot and $33.35 per square foot, respectively."
SPG,base minimum rent,QK,E01_SPG_QK_2014-11-05_000104746914008827.txt,"Comparable rents increased $41.6 million, or 6.3%, primarily attributable to an increase in base minimum rents."
SPG,comparable propert,QK,E01_SPG_QK_2014-11-05_000104746914008827.txt,"Tenant reimbursements increased $30.4 million, due to a $4.8 million increase attributable to the property transactions and a $25.6 million, or 8.5%, increase in the comparable properties primarily due to annual fixed contractual increases related to common area maintenance and additional marketing recoveries related to increased digital and social media advertising costs."
SPG,base minimum rent,QK,E01_SPG_QK_2014-11-05_000104746914008827.txt,"Comparable rents increased $124.4 million, or 6.4%, primarily attributable to an increase in base minimum rents."
SPG,comparable propert,QK,E01_SPG_QK_2014-11-05_000104746914008827.txt,"Property operating expense increased $17.8 million due to a $5.5 million increase related to the property transactions, and a $12.2 million increase related to the comparable properties primarily as a result of increased utility expenses partially due to the harsh winter."
SPG,FFO per share,QK,E01_SPG_QK_2014-11-05_000104746914008827.txt,"Includes Diluted FFO per share related to the Washington Prime properties, net of transaction expenses, of $0.24 for the three months ended September 30, 2013, and $0.30 and $0.72 for the nine months ended September 30, 2014 and 2013, respectively."
SPG,comparable propert,QK,E01_SPG_QK_2014-11-05_000104746914008827.txt,"Malls, Premium Outlets, and The Mills that are comparable properties 5.3% 5.4% ​ ​ ​ ​ ​ ​ ​ ​ ​ ​ ​ ​ ​ ​ ​ ​ ​ ​ ​ ​ ​ ​ ​ ​ ​ ​ ​ ​ (1) NOI excluded from comparable property NOI relates to Washington Prime properties, international properties, other retail properties, TMLP properties, any of our non-retail holdings and results of our corporate and management company operations, NOI of U.S."
T,postpaid,ER,E01_T_ER_2014-06-03_000073271714000043.txt,· Postpaid churn of 0.95 percent or lower;
T,upgrade,ER,E01_T_ER_2014-06-03_000073271714000048.txt,· The economics of this transaction will allow the combined company to upgrade 2 million additional locations to high speed broadband with Gigapower FTTP (fiber to the premise) and expand our high speed broadband footprint to an additional 13 million locations where AT&T will be able to offer a pay TV and high speed broadband bundle.
T,upgrade,ER,E01_T_ER_2014-06-03_000073271714000048.txt,"Together, these improved dynamics allow us to commit to expand or upgrade our broadband services to 15 million customer locations within four years after the deal closes."
T,upgrade,ER,E01_T_ER_2014-06-03_000073271714000048.txt,This will consist of an expansion of 13 million additional high-speed broadband locations and an upgrade of 2 million additional locations to high speed broadband with Gigapower FTTP (fiber to the premise).
T,postpaid,ER,E01_T_ER_2014-09-30_000073271714000117.txt,"For the third quarter of 2014, AT&T still expects wireless postpaid churn to be 1 percent or lower."
T,postpaid,ER,E01_T_ER_2014-09-30_000073271714000117.txt,"The company expects total AT&T Next take rates to be approximately 50 percent and to have over 400,000 postpaid smartphone gross adds from customers who “bring their own mobile devices” (commonly known as BYOD adds)."
T,postpaid,ER,E01_T_ER_2014-09-30_000073271714000117.txt,AT&T also expects approximately 58 percent of its postpaid smartphone base to be on Mobile Share Value plans at the end of the third quarter.
T,postpaid,QK,E01_T_QK_2013-08-02_000073271713000080.txt,"Of our total postpaid phone subscriber base, 73.3% (or 49.5 million subscribers) use smartphones, up from 64.0% (or 43.1 million subscribers) a year earlier."
T,postpaid,QK,E01_T_QK_2013-08-02_000073271713000080.txt,"About 90% of our postpaid smartphone subscribers are on FamilyTalk ® Plans (family plans), Mobile Share plans or business plans, which provide for service on multiple devices at reduced rates, and such subscribers tend to have higher retention and lower churn rates."
T,postpaid,QK,E01_T_QK_2013-08-02_000073271713000080.txt,Our postpaid subscribers on data plans increased 11.5% year over year.
T,postpaid,QK,E01_T_QK_2013-08-02_000073271713000080.txt,"A growing percentage of our postpaid smartphone subscribers are on usage-based data plans, with 71.0% (or 35.1 million) on these plans as of June 30, 2013, up from 61.6% (or 26.6 million) as of June 30, 2012."
T,postpaid,QK,E01_T_QK_2013-08-02_000073271713000080.txt,"As of June 30, 2013, about 65% of our postpaid smartphone subscribers use a 4G-capable device (i.e., a device that would operate on our HSPA+ or LTE network), and more than 35% of our postpaid smartphone subscribers use an LTE device."
T,postpaid,QK,E01_T_QK_2013-08-02_000073271713000080.txt,Average service revenue per user (ARPU) – Postpaid increased 1.8% in the second quarter and 1.3% for the first six months of 2013.
T,postpaid,QK,E01_T_QK_2013-08-02_000073271713000080.txt,"Postpaid data services ARPU increased 17.6% in the second quarter and 17.8% for the first six months of 2013, reflecting greater use of smartphones and data-centric devices by our subscribers."
T,postpaid,QK,E01_T_QK_2013-08-02_000073271713000080.txt,"The growth in postpaid data services ARPU was partially offset by a 4.8% decrease in postpaid voice, text and other service ARPU in the second quarter and 5.4% decrease for the first six months of 2013."
T,ARPU,QK,E01_T_QK_2013-08-02_000073271713000080.txt,"ARPU – Total increased 1.3% in the second quarter and 0.7% for the first six months of 2013, reflecting growth in data services as more subscribers are using smartphones and tablets and choosing higher-priced usage-based data plans."
T,ARPU,QK,E01_T_QK_2013-08-02_000073271713000080.txt,Data services ARPU increased 16.6% in the second quarter and 16.8% for the first six months of 2013.
T,ARPU,QK,E01_T_QK_2013-08-02_000073271713000080.txt,"Voice, text and other service ARPU declined 5.4% in the second quarter and 6.2% for the first six months of 2013 primarily due to voice access and usage trends and a shift toward a greater percentage of data-centric devices, as well as lower regulatory fees."
T,wireless service revenues,QK,E01_T_QK_2013-08-02_000073271713000080.txt,"Data service revenues accounted for 34.4% of our wireless service revenues for the first six months of 2013, compared to 29.7% last year."
T,postpaid,QK,E01_T_QK_2013-08-02_000073271713000080.txt,"Equipment revenues increased $333, or 21.0%, in the second quarter and $392, or 12.4%, for the first six months of 2013 due to year-over-year increases in smartphone sales as a percentage of total device sales to postpaid subscribers and higher device upgrades."
T,upgrade,QK,E01_T_QK_2013-08-02_000073271713000080.txt,"The increases in the second quarter and for the first six months were primarily due to the following: · Equipment costs increased $875 and $1,005 reflecting an increase in upgrade activity and total device sales, as well as the sales of more expensive smartphones."
T,upgrade,QK,E01_T_QK_2013-08-02_000073271713000080.txt,· Commission expenses increased $258 and $211 due primarily to higher upgrade activity and total device sales and a year-over-year increase in smartphone sales as a percentage of total device sales.
T,upgrade,QK,E01_T_QK_2013-08-02_000073271713000080.txt,"Depreciation expense increased $216, or 13.8%, in the second quarter and $457, or 14.8%, for the first six months primarily due to ongoing capital spending for network upgrades and expansion."
T,postpaid,QK,E01_T_QK_2013-11-01_000073271713000099.txt,"Of our total postpaid phone subscriber base, 74.7% (or 50.6 million subscribers) use smartphones, up from 66.1% (or 44.5 million subscribers) a year earlier."
T,postpaid,QK,E01_T_QK_2013-11-01_000073271713000099.txt,"About 90% of our postpaid smartphone subscribers are on FamilyTalk ® Plans (family plans), Mobile Share plans or business plans, which provide for service on multiple devices at reduced rates, and such subscribers tend to have higher retention and lower churn rates."
T,postpaid,QK,E01_T_QK_2013-11-01_000073271713000099.txt,Our postpaid subscribers on data plans increased 12.0% year over year.
T,postpaid,QK,E01_T_QK_2013-11-01_000073271713000099.txt,"A growing percentage of our postpaid smartphone subscribers are on usage-based data plans, with 72.0% (or 36.4 million) on these plans as of September 30, 2013, up from 63.9% (or 28.5 million) as of September 30, 2012."
T,postpaid,QK,E01_T_QK_2013-11-01_000073271713000099.txt,"As of September 30, 2013, about 70% of our postpaid smartphone subscribers use a 4G-capable device (i.e., a device that would operate on our HSPA+ or LTE network), and about 42% of our postpaid smartphone subscribers use an LTE device."
T,postpaid,QK,E01_T_QK_2013-11-01_000073271713000099.txt,Average service revenue per user (ARPU) – Postpaid increased 1.5% in the third quarter and 1.4% for the first nine months of 2013.
T,postpaid,QK,E01_T_QK_2013-11-01_000073271713000099.txt,"Postpaid data services ARPU increased 16.6% in the third quarter and 17.4% for the first nine months of 2013, reflecting greater use of smartphones and data-centric devices by our subscribers."
T,postpaid,QK,E01_T_QK_2013-11-01_000073271713000099.txt,"The growth in postpaid data services ARPU was partially offset by a 5.1% decrease in postpaid voice, text and other service ARPU in the third quarter and 5.3% decrease for the first nine months of 2013."
T,ARPU,QK,E01_T_QK_2013-11-01_000073271713000099.txt,"ARPU – Total increased 0.9% in the third quarter and 0.7% for the first nine months of 2013, reflecting growth in data services as more subscribers are using smartphones and tablets and choosing higher-priced usage-based data plans."
T,ARPU,QK,E01_T_QK_2013-11-01_000073271713000099.txt,Data services ARPU increased 14.3% in the third quarter and 15.9% for the first nine months of 2013.
T,ARPU,QK,E01_T_QK_2013-11-01_000073271713000099.txt,"Voice, text and other service ARPU declined 5.3% in the third quarter and 5.9% for the first nine months of 2013 primarily due to voice access and usage trends and a shift toward a greater percentage of data-centric devices, as well as lower regulatory fees."
T,wireless service revenues,QK,E01_T_QK_2013-11-01_000073271713000099.txt,"Data service revenues accounted for 34.8% of our wireless service revenues for the first nine months of 2013, compared to 30.3% last year."
T,postpaid,QK,E01_T_QK_2013-11-01_000073271713000099.txt,"Equipment revenues increased $294, or 17.0%, in the third quarter and $686, or 14.0%, for the first nine months of 2013 due to year-over-year increases in smartphone sales as a percentage of total device sales to postpaid subscribers and higher device upgrades."
T,upgrade,QK,E01_T_QK_2013-11-01_000073271713000099.txt,"The increases in the third quarter and for the first nine months were primarily due to the following: · Equipment costs increased $521 and $1,526 reflecting an increase in upgrade activity and total device sales, as well as the sales of more expensive smartphones."
T,upgrade,QK,E01_T_QK_2013-11-01_000073271713000099.txt,· Commission expenses increased $105 and $316 due primarily to higher upgrade activity and total device sales and a year-over-year increase in smartphone sales as a percentage of total device sales.
T,upgrade,QK,E01_T_QK_2013-11-01_000073271713000099.txt,"Depreciation expense increased $213, or 13.2%, in the third quarter and $670, or 14.3%, for the first nine months primarily due to ongoing capital spending for network upgrades and expansion."
T,postpaid,QK,E01_T_QK_2014-02-21_000073271714000010.txt,"As of December 31, 2013, about 4 percent of AT&T’s postpaid subscribers used 2G-capable handsets."
T,postpaid,QK,E01_T_QK_2014-05-02_000073271714000022.txt,Postpaid phone-only ARPU increased 0.4% versus the year-earlier quarter and postpaid phone-only ARPU plus AT&T Next increased 2.0%.
T,postpaid,QK,E01_T_QK_2014-05-02_000073271714000022.txt,Postpaid Postpaid subscribers increased 3.6% in the first quarter of 2014.
T,postpaid,QK,E01_T_QK_2014-05-02_000073271714000022.txt,"At March 31, 2014, 78% of our postpaid phone subscriber base used smartphones, compared to 72% at March 31, 2013."
T,postpaid,QK,E01_T_QK_2014-05-02_000073271714000022.txt,"About 94% of our postpaid smartphone subscribers are on plans that provide for service on multiple devices at reduced rates, and such subscribers tend to have higher retention and lower churn rates."
T,postpaid,QK,E01_T_QK_2014-05-02_000073271714000022.txt,"A growing percentage of our postpaid smartphone subscribers are on usage-based data plans, with approximately 81% on these plans as compared to 69% in the prior year, and about 46% of our Mobile Share subscribers have chosen the 10 gigabyte or higher plans."
T,postpaid,QK,E01_T_QK_2014-05-02_000073271714000022.txt,"As of March 31, 2014, approximately 81% of our postpaid smartphone subscribers use a 4G-capable device (i.e., a device that would operate on our HSPA+ or LTE network), and more than 55% of our postpaid smartphone subscribers use an LTE device."
T,upgrade,QK,E01_T_QK_2014-05-02_000073271714000022.txt,Partially offsetting these increases were the following: · Commission expenses decreased $100 primarily due to the decline in upgrade transactions and lower average commission rates.
T,upgrade,QK,E01_T_QK_2014-05-02_000073271714000022.txt,"Depreciation expense increased $146, or 8.3%, in the first quarter primarily due to ongoing capital spending for network upgrades and expansion, partially offset by fully depreciated assets."
T,upgrade,QK,E01_T_QK_2014-05-02_000073271714000022.txt,"Depreciation increased $32, or 1.2%, primarily due to ongoing capital spending for network upgrades and expansion."
T,ARPU,QK,E01_T_QK_2014-08-01_000073271714000110.txt,Management’s Discussion and Analysis of Financial Condition and Results of Operations - Continued Dollars in millions except per share amounts ARPU Total ARPU (average service revenue per average wireless subscribers) was down 8.9 % in the second quarter and 5.5% for the first six months of 2014.
T,postpaid,QK,E01_T_QK_2014-08-01_000073271714000110.txt,"Postpaid ARPU was down 9.6% and 5.5% when compared to the second quarter and first six months of 2013, primarily due to the attractive Mobile Share Value pricing."
T,postpaid,QK,E01_T_QK_2014-08-01_000073271714000110.txt,"For the quarter and six months, postpaid phone-only ARPU decreased 7.7% and 3.7% versus the year-ago periods and postpaid phone-only ARPU plus AT&T Next decreased 4.7% and 1.4% compared to the same periods last year."
T,postpaid,QK,E01_T_QK_2014-08-01_000073271714000110.txt,"Postpaid Postpaid subscribers increased 1.4% during the second quarter and 4.3% when compared to June 30, 2013."
T,postpaid,QK,E01_T_QK_2014-08-01_000073271714000110.txt,"At June 30, 2014, 80% of our postpaid phone subscriber base used smartphones, compared to 73% at June 30, 2013."
T,postpaid,QK,E01_T_QK_2014-08-01_000073271714000110.txt,"About 95% of our postpaid smartphone subscribers are on plans that provide for service on multiple devices at reduced rates, and such subscribers tend to have higher retention and lower churn rates."
T,postpaid,QK,E01_T_QK_2014-08-01_000073271714000110.txt,"A growing percentage of our postpaid smartphone subscribers are on usage-based data plans, with approximately 80% on these plans as compared to 71% in the prior year, and about 49% of our Mobile Share accounts have chosen the 10 gigabyte or higher plans."
T,postpaid,QK,E01_T_QK_2014-08-01_000073271714000110.txt,Device connections on our Mobile Share plans now represent about 56% of our postpaid customer base.
T,postpaid,QK,E01_T_QK_2014-08-01_000073271714000110.txt,"As of June 30, 2014, approximately 84% of our postpaid smartphone subscribers use a 4G-capable device (i.e., a device that would operate on our HSPA+ or LTE network), and about 63% of our postpaid smartphone subscribers use an LTE device."
T,upgrade,QK,E01_T_QK_2014-08-01_000073271714000110.txt,Partially offsetting these increases were lower commission expenses of $240 and $340 primarily due to the decline in upgrade transactions and lower average commission rates.
T,upgrade,QK,E01_T_QK_2014-08-01_000073271714000110.txt,"Depreciation expense increased $193, or 10.8%, in the second quarter and $339, or 9.6%, for the first six months primarily due to ongoing capital spending for network upgrades and expansion."
T,upgrade,QK,E01_T_QK_2014-08-01_000073271714000110.txt,"Depreciation expense decreased $172, or 6.6%, in the second quarter and $140, or 2.7%, for the first six months of 2014 primarily due to the increase in the useful life of non-network software, partially offset by ongoing capital spending for network upgrades and expansion."
T,ARPU,QK,E01_T_QK_2014-11-10_000073271714000129.txt,Management's Discussion and Analysis of Financial Condition and Results of Operations - Continued Dollars in millions except per share amounts ARPU Total ARPU (average service revenue per average wireless subscribers) was down 8.0% in the third quarter and 6.4% for the first nine months of 2014.
T,postpaid,QK,E01_T_QK_2014-11-10_000073271714000129.txt,"Postpaid ARPU was down 9.2% and 6.8% when compared to the third quarter and first nine months of 2013, primarily due to our transition to plans that result in lower service revenues in lieu of subsidized devices, which began in the first quarter of 2014."
T,postpaid,QK,E01_T_QK_2014-11-10_000073271714000129.txt,"For the quarter and nine months, postpaid phone-only ARPU decreased 8.0% and 5.2% versus the year-ago periods and postpaid phone-only ARPU plus AT&T Next decreased 3.4% and 2.1% compared to the same periods last year."
T,postpaid,QK,E01_T_QK_2014-11-10_000073271714000129.txt,"Compared to the second quarter of 2014, postpaid ARPU increased 0.6%, postpaid phone-only ARPU increased 0.3%, and postpaid phone-only ARPU plus AT&T Next increased 2.0%."
T,postpaid,QK,E01_T_QK_2014-11-10_000073271714000129.txt,"Postpaid Postpaid subscribers increased 1.0% during the third quarter and 4.3% when compared to September 30, 2013."
T,postpaid,QK,E01_T_QK_2014-11-10_000073271714000129.txt,"At September 30, 2014, 81% of our postpaid phone subscriber base used smartphones, compared to 75% at September 30, 2013."
T,postpaid,QK,E01_T_QK_2014-11-10_000073271714000129.txt,"About 96% of our postpaid smartphone subscribers are on plans that provide for service on multiple devices at reduced rates, and such subscribers tend to have higher retention and lower churn rates."
T,postpaid,QK,E01_T_QK_2014-11-10_000073271714000129.txt,"A growing percentage of our postpaid smartphone subscribers are on usage-based data plans, with approximately 82% on these plans as compared to 72% in the prior year, and about 51% of our Mobile Share accounts have chosen the 10 gigabyte or higher plans."
T,postpaid,QK,E01_T_QK_2014-11-10_000073271714000129.txt,Device connections on our Mobile Share plans now represent about 62% of our postpaid customer base.
T,postpaid,QK,E01_T_QK_2014-11-10_000073271714000129.txt,"As of September 30, 2014, approximately 86% of our postpaid smartphone subscribers use a 4G-capable device (i.e., a device that would operate on our HSPA+ or LTE network), and about 67% of our postpaid smartphone subscribers use an LTE device."
T,postpaid,QK,E01_T_QK_2014-11-10_000073271714000129.txt,Approximately 50% of all postpaid smartphone gross adds and upgrades during the quarter chose AT&T Next.
T,upgrade,QK,E01_T_QK_2014-11-10_000073271714000129.txt,"Depreciation expense increased $80, or 4.4%, in the third quarter and $419, or 7.8%, for the first nine months primarily due to ongoing capital spending for network upgrades and expansion and acquisition of Leap partially offset by extending the estimated useful life of software."
T,upgrade,QK,E01_T_QK_2014-11-10_000073271714000129.txt,"Depreciation expense decreased $130, or 4.9%, in the third quarter and $270, or 3.5%, for the first nine months of 2014 primarily due to extending the estimated useful life of software, partially offset by ongoing capital spending for network upgrades and expansion."
KO,unit case volume,ER,E06_KO_ER_2023-10-24_000002134423000057.txt,EX-99.1 2 a2023q3earningsreleaseex-9.htm EX-99.1 Document Exhibit 99.1 Coca-Cola Reports Third Quarter 2023 Results and Raises Full-Year Guidance Global Unit Case Volume Grew 2% Net Revenues Grew 8%;
KO,organic revenue,ER,E06_KO_ER_2023-10-24_000002134423000057.txt,Organic Revenues (Non-GAAP) Grew 11% Operating Income Grew 6%;
KO,organic revenue,ER,E06_KO_ER_2023-10-24_000002134423000057.txt,"“Our leading portfolio of brands, coupled with an aligned and motivated system, positions us to win in the marketplace today while also laying the groundwork for the long term.” Highlights Quarterly Performance • Revenues: Net revenues grew 8% to $12.0 billion, and organic revenues (non-GAAP) grew 11%."
KO,concentrate sales,ER,E06_KO_ER_2023-10-24_000002134423000057.txt,Revenue performance included 9% growth in price/mix and 2% growth in concentrate sales.
KO,share,ER,E06_KO_ER_2023-10-24_000002134423000057.txt,"• Earnings per share: EPS grew 9% to $0.71, and comparable EPS (non-GAAP) grew 7% to $0.74."
KO,unit case volume,ER,E06_KO_ER_2023-10-24_000002134423000057.txt,"In addition to the data in the preceding tables, operating results included the following: Consolidated • Unit case volume grew 2% for the quarter."
KO,unit case volume,ER,E06_KO_ER_2023-10-24_000002134423000057.txt,"3 Unit case volume performance included the following: ◦ Sparkling soft drinks grew 2%, primarily driven by growth in Latin America and Asia Pacific."
KO,price/mix,ER,E06_KO_ER_2023-10-24_000002134423000057.txt,"• Price/mix grew 9%, primarily driven by pricing actions in the marketplace, including the continued impact of hyperinflationary markets, and favorable segment mix."
KO,organic revenue,ER,E06_KO_ER_2023-10-24_000002134423000057.txt,"Comparable currency neutral operating income (non-GAAP) grew 13%, driven by organic revenue (non-GAAP) growth across all operating segments, partially offset by an increase in marketing investments."
KO,unit case volume,ER,E06_KO_ER_2023-10-24_000002134423000057.txt,"Europe, Middle East & Africa • Unit case volume declined 1%, as growth in water, sports, coffee and tea was more than offset by declines in other beverage categories."
KO,price/mix,ER,E06_KO_ER_2023-10-24_000002134423000057.txt,"• Price/mix grew 19%, approximately one-third of which was driven by the continued impact of pricing in hyperinflationary markets and the remaining driven by pricing actions across operating units, partially offset by unfavorable geographic mix."
KO,organic revenue,ER,E06_KO_ER_2023-10-24_000002134423000057.txt,"Comparable currency neutral operating income (non-GAAP) grew 22%, primarily driven by organic revenue (non-GAAP) growth across all operating units, partially offset by an increase in marketing investments and higher operating costs."
KO,unit case volume,ER,E06_KO_ER_2023-10-24_000002134423000057.txt,"Latin America • Unit case volume grew 7%, with strong growth across nearly all categories, led by Mexico and Brazil."
KO,price/mix,ER,E06_KO_ER_2023-10-24_000002134423000057.txt,"• Price/mix grew 15%, approximately half of which was driven by the continued impact of inflationary pricing in Argentina and the remaining driven by pricing actions in the marketplace and favorable channel mix."
KO,organic revenue,ER,E06_KO_ER_2023-10-24_000002134423000057.txt,"Comparable currency neutral operating income (non-GAAP) grew 31%, primarily driven by strong organic revenue (non-GAAP) growth, partially offset by an increase in marketing investments."
KO,price/mix,ER,E06_KO_ER_2023-10-24_000002134423000057.txt,"• Price/mix grew 5%, primarily driven by pricing actions already in the marketplace."
KO,organic revenue,ER,E06_KO_ER_2023-10-24_000002134423000057.txt,"Comparable currency neutral operating income (non-GAAP) grew 10%, driven by organic revenue (non-GAAP) growth, partially offset by an increase in marketing investments."
KO,price/mix,ER,E06_KO_ER_2023-10-24_000002134423000057.txt,"• Price/mix grew 1%, primarily driven by pricing actions in the marketplace."
KO,organic revenue,ER,E06_KO_ER_2023-10-24_000002134423000057.txt,"Comparable currency neutral operating income (non-GAAP) declined 19%, as organic revenue (non-GAAP) growth across all operating units was more than offset by higher operating costs and an increase in marketing investments."
KO,organic revenue,ER,E06_KO_ER_2023-10-24_000002134423000057.txt,"Global Ventures • Net revenues grew 15%, and organic revenues (non-GAAP) grew 9%."
KO,organic revenue,ER,E06_KO_ER_2023-10-24_000002134423000057.txt,"Comparable currency neutral operating income (non-GAAP) grew 18%, driven by solid organic revenue (non-GAAP) growth, partially offset by higher operating costs."
KO,unit case volume,ER,E06_KO_ER_2023-10-24_000002134423000057.txt,"Bottling Investments • Unit case volume grew 2%, primarily driven by growth in India and the Philippines, partially offset by the impact of refranchising bottling operations."
KO,price/mix,ER,E06_KO_ER_2023-10-24_000002134423000057.txt,"• Price/mix grew 9%, driven by pricing actions across most markets, partially offset by unfavorable geographic mix."
KO,organic revenue,ER,E06_KO_ER_2023-10-24_000002134423000057.txt,"Comparable currency neutral operating income (non-GAAP) grew 109%, driven by strong organic revenue (non-GAAP) growth, partially offset by higher operating costs."
KO,organic revenue,ER,E06_KO_ER_2023-10-24_000002134423000057.txt,Full Year 2023 The company expects to deliver organic revenue (non-GAAP) growth of 10% to 11%.
KO,bottling,ER,E06_KO_ER_2023-10-24_000002134423000057.txt,"1 During the three months ended September 29, 2023, intersegment revenues were $167 million for Europe, Middle East & Africa, $2 million for North America, $167 million for Asia Pacific and $4 million for Bottling Investments."
KO,bottling,ER,E06_KO_ER_2023-10-24_000002134423000057.txt,"During the three months ended September 30, 2022, intersegment revenues were $143 million for Europe, Middle East & Africa, $4 million for North America, $164 million for Asia Pacific and $2 million for Bottling Investments."
KO,bottling,ER,E06_KO_ER_2023-10-24_000002134423000057.txt,"1 During the nine months ended September 29, 2023, intersegment revenues were $505 million for Europe, Middle East & Africa, $6 million for North America, $571 million for Asia Pacific and $6 million for Bottling Investments."
KO,bottling,ER,E06_KO_ER_2023-10-24_000002134423000057.txt,"During the nine months ended September 30, 2022, intersegment revenues were $481 million for Europe, Middle East & Africa, $6 million for North America, $567 million for Asia Pacific and $6 million for Bottling Investments."
KO,bottling,ER,E06_KO_ER_2023-10-24_000002134423000057.txt,"Additionally, the company recognized gains of $34 million and $342 million, respectively, related to the sale of a portion of our ownership interest in an unconsolidated bottling operation."
KO,bottling,ER,E06_KO_ER_2023-10-24_000002134423000057.txt,"During the nine months ended September 29, 2023, the company recorded gains of $439 million and $3 million related to the refranchising of our bottling operations in Vietnam and Cambodia, respectively."
KO,bottling,ER,E06_KO_ER_2023-10-24_000002134423000057.txt,"Additionally, the company recognized gains of $37 million and $75 million, respectively, related to the sale of a portion of our ownership interest in an unconsolidated bottling operation."
KO,share,ER,E06_KO_ER_2023-10-24_000002134423000057.txt,"During the nine months ended September 30, 2022, the company recorded a net loss of $24 million as a result of one of our equity method investees issuing additional shares of its stock."
KO,unit case volume,ER,E06_KO_ER_2024-02-13_000002134424000004.txt,EX-99.1 2 a2023q4earningsreleaseex-9.htm EX-99.1 Document Exhibit 99.1 Coca-Cola Reports Fourth Quarter and Full-Year 2023 Results Global Unit Case Volume Grew 2% for the Quarter and 2% for the Full Year Net Revenues Grew 7% for the Quarter and 6% for the Full Year;
KO,organic revenue,ER,E06_KO_ER_2024-02-13_000002134424000004.txt,Organic Revenues (Non-GAAP) Grew 12% for the Quarter and 12% for the Full Year Operating Income Grew 10% for the Quarter and 4% for the Full Year;
KO,concentrate sales,ER,E06_KO_ER_2024-02-13_000002134424000004.txt,"For the full year, net revenues grew 6% to $45.8 billion, and organic revenues (non-GAAP) grew 12%, driven by 10% growth in price/mix and 2% growth in concentrate sales."
KO,share,ER,E06_KO_ER_2024-02-13_000002134424000004.txt,"• Earnings per share: For the quarter, EPS declined 2% to $0.46, while comparable EPS (non-GAAP) grew 10% to $0.49."
KO,share,ER,E06_KO_ER_2024-02-13_000002134424000004.txt,"Local initiatives generated buzz and excitement, such as the Coca-Cola Caravan Truck Tour, which travelled throughout nearly 60 countries around the world making over a thousand stops and meeting over 16 million consumers to share in the magic."
KO,unit case volume,ER,E06_KO_ER_2024-02-13_000002134424000004.txt,"In addition to the data in the preceding tables, operating results included the following: Consolidated • Unit case volume grew 2% for the quarter."
KO,unit case volume,ER,E06_KO_ER_2024-02-13_000002134424000004.txt,"For the full year, unit case volume grew 2%."
KO,unit case volume,ER,E06_KO_ER_2024-02-13_000002134424000004.txt,"4 Unit case volume performance included the following: ◦ Sparkling soft drinks grew 2% for both the quarter and the full year, primarily driven by growth in Latin America and Asia Pacific."
KO,price/mix,ER,E06_KO_ER_2024-02-13_000002134424000004.txt,"• Price/mix grew 9% for the quarter and 10% for the full year, primarily driven by pricing actions in the marketplace, including the continued impact of hyperinflationary markets, and favorable mix."
KO,unit case volume,ER,E06_KO_ER_2024-02-13_000002134424000004.txt,"Europe, Middle East & Africa • Unit case volume grew 1% for the quarter, driven by growth in water, sports, coffee and tea as well as juice, value-added dairy and plant-based beverages."
KO,price/mix,ER,E06_KO_ER_2024-02-13_000002134424000004.txt,"• Price/mix grew 24% for the quarter, approximately one-third of which was driven by the continued impact of pricing in hyperinflationary markets and the remaining driven primarily by pricing actions across operating units."
KO,organic revenue,ER,E06_KO_ER_2024-02-13_000002134424000004.txt,"Comparable currency neutral operating income (non-GAAP) grew 50% for the quarter, primarily driven by organic revenue (non-GAAP) growth across all operating units."
KO,unit case volume,ER,E06_KO_ER_2024-02-13_000002134424000004.txt,"Latin America • Unit case volume grew 4% for the quarter, driven by growth in Trademark Coca-Cola and water, sports, coffee and tea."
KO,price/mix,ER,E06_KO_ER_2024-02-13_000002134424000004.txt,"5 • Price/mix grew 14% for the quarter, primarily driven by the continued impact of inflationary pricing in Argentina and pricing actions, partially offset by incremental investments in the marketplace."
KO,organic revenue,ER,E06_KO_ER_2024-02-13_000002134424000004.txt,"Comparable currency neutral operating income (non-GAAP) grew 24% for the quarter, primarily driven by strong organic revenue (non-GAAP) growth, partially offset by an increase in marketing investments."
KO,unit case volume,ER,E06_KO_ER_2024-02-13_000002134424000004.txt,"North America • Unit case volume declined 1% for the quarter, as growth in juice, value-added dairy and plant-based beverages and Trademark Coca-Cola was more than offset by a decline in water, sports, coffee and tea."
KO,price/mix,ER,E06_KO_ER_2024-02-13_000002134424000004.txt,"• Price/mix grew 8% for the quarter, primarily driven by pricing actions already in the marketplace, timing related adjustments and favorable category mix."
KO,organic revenue,ER,E06_KO_ER_2024-02-13_000002134424000004.txt,"Comparable currency neutral operating income (non-GAAP) grew 5% for the quarter, primarily driven by organic revenue (non-GAAP) growth."
KO,unit case volume,ER,E06_KO_ER_2024-02-13_000002134424000004.txt,"Asia Pacific • Unit case volume grew 2% for the quarter, primarily driven by growth in juice, value-added dairy and plant-based beverages and sparkling flavors."
KO,price/mix,ER,E06_KO_ER_2024-02-13_000002134424000004.txt,"• Price/mix grew 10% for the quarter, primarily driven by pricing actions in the marketplace and favorable category mix."
KO,organic revenue,ER,E06_KO_ER_2024-02-13_000002134424000004.txt,"Comparable currency neutral operating income (non-GAAP) grew 18% for the quarter, driven by organic revenue (non-GAAP) growth across all operating units and lower operating costs, partially offset by an increase in marketing investments."
KO,organic revenue,ER,E06_KO_ER_2024-02-13_000002134424000004.txt,"Global Ventures • Net revenues grew 10%, and organic revenues (non-GAAP) grew 5% for the quarter, primarily driven by the strong performance of Costa® coffee in the United Kingdom and China."
KO,unit case volume,ER,E06_KO_ER_2024-02-13_000002134424000004.txt,"6 Bottling Investments • Unit case volume declined 1% for the quarter, as growth in India and the Philippines was more than offset by the impact of refranchising bottling operations."
KO,price/mix,ER,E06_KO_ER_2024-02-13_000002134424000004.txt,"• Price/mix grew 7% for the quarter, driven by pricing actions across most markets."
KO,organic revenue,ER,E06_KO_ER_2024-02-13_000002134424000004.txt,"Comparable currency neutral operating income (non-GAAP) grew 66% for the quarter, driven by organic revenue (non-GAAP) growth, partially offset by higher operating costs."
KO,share,ER,E06_KO_ER_2024-02-13_000002134424000004.txt,"• Share repurchases: In 2023, the company issued $0.5 billion of shares in connection with the exercise of stock options by employees and purchased $2.3 billion of shares."
KO,share,ER,E06_KO_ER_2024-02-13_000002134424000004.txt,"Consequently, net share repurchases (non-GAAP) were $1.7 billion."
KO,share,ER,E06_KO_ER_2024-02-13_000002134424000004.txt,The company’s remaining share repurchase authorization is approximately $6 billion.
KO,organic revenue,ER,E06_KO_ER_2024-02-13_000002134424000004.txt,Full Year 2024 The company expects to deliver organic revenue (non-GAAP) growth of 6% to 7%.
KO,bottling,ER,E06_KO_ER_2024-02-13_000002134424000004.txt,"1 During the three months ended December 31, 2023, intersegment revenues were $181 million for Europe, Middle East & Africa, $2 million for North America, $160 million for Asia Pacific and $2 million for Bottling Investments."
KO,bottling,ER,E06_KO_ER_2024-02-13_000002134424000004.txt,"During the three months ended December 31, 2022, intersegment revenues were $146 million for Europe, Middle East & Africa, $1 million for North America, $167 million for Asia Pacific and $2 million for Bottling Investments."
KO,bottling,ER,E06_KO_ER_2024-02-13_000002134424000004.txt,"1 During the year ended December 31, 2023, intersegment revenues were $686 million for Europe, Middle East & Africa, $8 million for North America, $731 million for Asia Pacific and $8 million for Bottling Investments."
KO,bottling,ER,E06_KO_ER_2024-02-13_000002134424000004.txt,"During the year ended December 31, 2022, intersegment revenues were $627 million for Europe, Middle East & Africa, $7 million for North America, $734 million for Asia Pacific and $8 million for Bottling Investments."
KO,bottling,ER,E06_KO_ER_2024-02-13_000002134424000004.txt,"During the year ended December 31, 2023, the company recognized gains of $342 million related to the sale of our ownership interest in an unconsolidated bottling operation."
KO,bottling,ER,E06_KO_ER_2024-02-13_000002134424000004.txt,"Additionally, the company recorded gains of $439 million and $3 million related to the refranchising of our bottling operations in Vietnam and Cambodia, respectively."
KO,bottling,ER,E06_KO_ER_2024-02-13_000002134424000004.txt,"Additionally, the company recognized gains of $94 million and $169 million, respectively, related to the sale of a portion of our ownership interest in an unconsolidated bottling operation and recognized a net gain of $153 million related to the refranchising of our bottling operations in Cambodia."
KO,share,ER,E06_KO_ER_2024-02-13_000002134424000004.txt,"During the year ended December 31, 2022, the company recorded a net loss of $24 million as a result of one of our equity method investees issuing additional shares of its stock."
KO,unit case volume,ER,E06_KO_ER_2024-04-30_000002134424000013.txt,EX-99.1 2 a2024q1earningsreleaseex-9.htm EX-99.1 Document Exhibit 99.1 Coca-Cola Reports First Quarter 2024 Results and Provides Updated Guidance Global Unit Case Volume Grew 1% Net Revenues Grew 3%;
KO,organic revenue,ER,E06_KO_ER_2024-04-30_000002134424000013.txt,Organic Revenues (Non-GAAP) Grew 11% Operating Income Declined 36%;
KO,organic revenue,ER,E06_KO_ER_2024-04-30_000002134424000013.txt,"“We believe our global system is primed for sustained success, thanks to the right strategies, clear alignment, a powerful portfolio and strong execution.” Highlights Quarterly Performance • Revenues: Net revenues grew 3% to $11.3 billion, and organic revenues (non-GAAP) grew 11%."
KO,concentrate sales,ER,E06_KO_ER_2024-04-30_000002134424000013.txt,Revenue performance included 13% growth in price/mix and a 2% decline in concentrate sales.
KO,share,ER,E06_KO_ER_2024-04-30_000002134424000013.txt,"1 • Earnings per share: EPS grew 3% to $0.74, while comparable EPS (non-GAAP) grew 7% to $0.72."
KO,unit case volume,ER,E06_KO_ER_2024-04-30_000002134424000013.txt,"In addition to the data in the preceding tables, operating results included the following: Consolidated • Unit case volume grew 1%."
KO,unit case volume,ER,E06_KO_ER_2024-04-30_000002134424000013.txt,"3 Unit case volume performance included the following: ◦ Sparkling soft drinks grew 2%, led by strong performance in Latin America."
KO,unit case volume,ER,E06_KO_ER_2024-04-30_000002134424000013.txt,"Europe, Middle East & Africa • Unit case volume grew 2%, driven by growth in water, sports, coffee and tea as well as sparkling flavors."
KO,organic revenue,ER,E06_KO_ER_2024-04-30_000002134424000013.txt,"Comparable currency neutral operating income (non-GAAP) grew 10%, primarily driven by strong organic revenue (non-GAAP) growth, partially offset by higher operating expenses and an increase in marketing investments."
KO,unit case volume,ER,E06_KO_ER_2024-04-30_000002134424000013.txt,"Latin America • Unit case volume grew 4%, driven by growth in Trademark Coca-Cola and water, sports, coffee and tea."
KO,organic revenue,ER,E06_KO_ER_2024-04-30_000002134424000013.txt,"Comparable currency neutral operating income (non-GAAP) grew 17%, primarily driven by strong organic revenue (non-GAAP) growth, partially offset by an increase in marketing investments."
KO,price/mix,ER,E06_KO_ER_2024-04-30_000002134424000013.txt,"• Price/mix grew 7%, driven by pricing actions in the marketplace and favorable category mix."
KO,organic revenue,ER,E06_KO_ER_2024-04-30_000002134424000013.txt,"Comparable currency neutral operating income (non-GAAP) grew 11%, primarily driven by organic revenue (non-GAAP) growth."
KO,unit case volume,ER,E06_KO_ER_2024-04-30_000002134424000013.txt,"Asia Pacific • Unit case volume declined 2%, as growth in Trademark Coca-Cola and juice, value-added dairy and plant-based beverages was more than offset by a decline in water, sports, coffee and tea."
KO,price/mix,ER,E06_KO_ER_2024-04-30_000002134424000013.txt,"• Price/mix grew 8%, primarily driven by favorable category mix and pricing actions in the marketplace."
KO,organic revenue,ER,E06_KO_ER_2024-04-30_000002134424000013.txt,"Comparable currency neutral operating income (non-GAAP) grew 17%, driven by organic revenue (non-GAAP) growth, partially offset by an increase in marketing investments."
KO,organic revenue,ER,E06_KO_ER_2024-04-30_000002134424000013.txt,"Global Ventures • Net revenues grew 3%, and organic revenues (non-GAAP) grew 1%."
KO,unit case volume,ER,E06_KO_ER_2024-04-30_000002134424000013.txt,"Bottling Investments • Unit case volume declined 7%, as growth in South Africa was more than offset by the impact of refranchising bottling operations."
KO,price/mix,ER,E06_KO_ER_2024-04-30_000002134424000013.txt,"• Price/mix grew 6%, driven by pricing actions across most markets as well as favorable mix."
KO,organic revenue,ER,E06_KO_ER_2024-04-30_000002134424000013.txt,"Comparable currency neutral operating income (non-GAAP) grew 19%, driven by organic revenue (non-GAAP) growth, partially offset by higher operating expenses."
KO,organic revenue,ER,E06_KO_ER_2024-04-30_000002134424000013.txt,"Full Year 2024 The company expects to deliver organic revenue (non-GAAP) growth of 8% to 9%, which consists of operating performance at the high end of the company’s long-term growth model and the anticipated pricing impact of a number of markets experiencing intense inflation."
KO,bottling,ER,E06_KO_ER_2024-04-30_000002134424000013.txt,"1 During the three months ended March 29, 2024, intersegment revenues were $197 million for Europe, Middle East & Africa, $2 million for North America, $216 million for Asia Pacific and $2 million for Bottling Investments."
KO,bottling,ER,E06_KO_ER_2024-04-30_000002134424000013.txt,"During the three months ended March 31, 2023, intersegment revenues were $193 million for Europe, Middle East & Africa, $2 million for North America, $186 million for Asia Pacific and $2 million for Bottling Investments."
KO,bottling,ER,E06_KO_ER_2024-04-30_000002134424000013.txt,"During the three months ended March 29, 2024, the company recorded net gains of $599 million and $293 million related to the refranchising of our bottling operations in the Philippines and in certain territories in India, respectively."
KO,bottling,ER,E06_KO_ER_2024-04-30_000002134424000013.txt,The company also incurred $7 million of transaction costs related to the refranchising of our bottling operations in certain territories in India and recorded a loss of $7 million related to post-closing adjustments for the refranchising of our bottling operations in Vietnam in 2023.
KO,bottling,ER,E06_KO_ER_2024-04-30_000002134424000013.txt,"During the three months ended March 31, 2023, the company recorded gains of $439 million and $3 million related to the refranchising of our bottling operations in Vietnam and Cambodia, respectively."
KO,bottling,ER,E06_KO_ER_2024-04-30_000002134424000013.txt,"Additionally, the company recognized a gain of $151 million related to the sale of a portion of our ownership interest in an unconsolidated bottling operation."
KO,organic revenue,ER,E06_KO_ER_2024-07-23_000002134424000037.txt,Organic Revenues (Non-GAAP) Grew 15% Operating Income Grew 10%;
KO,organic revenue,ER,E06_KO_ER_2024-07-23_000002134424000037.txt,"“Together with our bottling partners, we continue to execute our highly effective all-weather strategy, and we are confident in our ability to deliver on our raised 2024 guidance and longer-term objectives.” Highlights Quarterly Performance • Revenues: Net revenues grew 3% to $12.4 billion, and organic revenues (non-GAAP) grew 15%."
KO,concentrate sales,ER,E06_KO_ER_2024-07-23_000002134424000037.txt,Revenue performance included 9% growth in price/mix and 6% growth in concentrate sales.
KO,share,ER,E06_KO_ER_2024-07-23_000002134424000037.txt,"• Earnings per share: EPS declined 5% to $0.56, while comparable EPS (non-GAAP) grew 7% to $0.84."
KO,unit case volume,ER,E06_KO_ER_2024-07-23_000002134424000037.txt,"In addition to the data in the preceding tables, operating results included the following: Consolidated • Unit case volume grew 2%."
KO,unit case volume,ER,E06_KO_ER_2024-07-23_000002134424000037.txt,"3 Unit case volume performance included the following: ◦ Sparkling soft drinks grew 3%, led by strong performance in Asia Pacific and Latin America."
KO,organic revenue,ER,E06_KO_ER_2024-07-23_000002134424000037.txt,"Comparable currency neutral operating income (non-GAAP) grew 18%, primarily driven by organic revenue (non-GAAP) growth across all operating segments, partia lly offset by an increase in marketing investments."
KO,organic revenue,ER,E06_KO_ER_2024-07-23_000002134424000037.txt,"Comparable currency neutral operating income (non-GAAP) grew 32%, primarily driven by strong organic revenue (non-GAAP) growth, partially offset by higher operating expenses and an increase in marketing investments."
KO,unit case volume,ER,E06_KO_ER_2024-07-23_000002134424000037.txt,"Latin America • Unit case volume grew 5%, driven by growth in Trademark Coca-Cola and water, sports, coffee and tea."
KO,organic revenue,ER,E06_KO_ER_2024-07-23_000002134424000037.txt,"Comparable currency neutral operating income (non-GAAP) grew 28%, primarily driven by strong organic revenue (non-GAAP) growth, partially offset by an increase in marketing investments."
KO,unit case volume,ER,E06_KO_ER_2024-07-23_000002134424000037.txt,"4 North America • Unit case volume declined 1%, as growth in juice , value-added dairy and plant-based beverages was more than offset by declines in water, sports, coffee and tea, Trademark Coca-Cola and sparkling flavors."
KO,price/mix,ER,E06_KO_ER_2024-07-23_000002134424000037.txt,"• Price/mix grew 11%, driven by favorable mix and pricing actions in the marketplace."
KO,organic revenue,ER,E06_KO_ER_2024-07-23_000002134424000037.txt,"• Operating income and comparable currency neutral operating income (non-GAAP) both grew 8%, primarily driven by organic revenue (non-GAAP) growth, partially offset by an increase in marketing investments and higher input costs."
KO,unit case volume,ER,E06_KO_ER_2024-07-23_000002134424000037.txt,"Asia Pacific • Unit case volume grew 3%, driven by growth in sparkling flavors and Trademark Coca-Cola."
KO,price/mix,ER,E06_KO_ER_2024-07-23_000002134424000037.txt,"• Price/mix declined 3%, primarily driven by unfavorable mix, partially offset by pricing actions in the marketplace."
KO,organic revenue,ER,E06_KO_ER_2024-07-23_000002134424000037.txt,"Comparable currency neutral operating income (non-GAAP) declined 2%, as organic revenue (non-GAAP) growth was more than offset by an increase in marketing investments and higher input costs."
KO,organic revenue,ER,E06_KO_ER_2024-07-23_000002134424000037.txt,"Global Ventures • Net revenues were even, and organic revenues (non-GAAP) grew 1%."
KO,unit case volume,ER,E06_KO_ER_2024-07-23_000002134424000037.txt,"Bottling Investments • Unit case volume declined 27%, a s growth in South Africa was more than offset by the impact of refranchising bottling operations."
KO,bottling,ER,E06_KO_ER_2024-07-23_000002134424000037.txt,"• Operating inco me declined 20%, which included items impacting comparability, a 3-point curr ency headwind and the impact of refranchising bottling operations ."
KO,organic revenue,ER,E06_KO_ER_2024-07-23_000002134424000037.txt,"Full Year 2024 The company expects to deliver organic revenue (non-GAAP) growth o f 9% to 10%, which consists of operating performance at the high end of the company’s long-term growth model and the anticipated pricing impact of a number of markets experiencing intense inflation."
KO,bottling,ER,E06_KO_ER_2024-07-23_000002134424000037.txt,"1 During the three months ended June 28, 2024, intersegment revenues were $155 million for Europe, Middle East & Africa, $4 million for North America, $126 million for Asia Pacific and $2 million for Bottling Investments."
KO,bottling,ER,E06_KO_ER_2024-07-23_000002134424000037.txt,"1 During the six months ended June 28, 2024, intersegment revenues were $352 million for Europe, Middle East & Africa, $6 million for North America, $342 million for Asia Pacific and $4 million for Bottling Investments."
KO,bottling,ER,E06_KO_ER_2024-07-23_000002134424000037.txt,"During the six months ended June 30, 2023, intersegment revenues were $338 million for Europe, Middle East & Africa, $4 million for North America, $404 million for Asia Pacific and $2 million for Bottling Investments."
KO,bottling,ER,E06_KO_ER_2024-07-23_000002134424000037.txt,"Additionally, the company recorded a loss of $3 million and a net gain of $290 million, respectively, related to the refranchising of our bottling operations in certain territories in India, including the impact of post-closing adjustments."
KO,bottling,ER,E06_KO_ER_2024-07-23_000002134424000037.txt,"During the six months ended June 28, 2024, the company recorded a net gain of $599 million related to the refranchising of our bottling operations in the Philippines."
KO,bottling,ER,E06_KO_ER_2024-07-23_000002134424000037.txt,The company also incurred $7 million of transaction costs related to the refranchising of our bottling operations in certain territories in India and recorded a loss of $7 million related to post-closing adjustments for the refranchising of our bottling operations in Vietnam in 2023.
KO,bottling,ER,E06_KO_ER_2024-07-23_000002134424000037.txt,"Additionally, the company recognized gains of $157 million and $308 million, respectively, related to the sale of a portion of our ownership interest in an unconsolidated bottling operation."
KO,bottling,ER,E06_KO_ER_2024-07-23_000002134424000037.txt,"During the six months ended June 30, 2023, the company recorded gains of $439 million and $3 million related to the refranchising of our bottling operations in Vietnam and Cambodia, respectively."
KO,organic revenue,ER,E06_KO_ER_2024-10-23_000002134424000056.txt,Organic Revenues (Non-GAAP) Grew 9% Operating Income Declined 23%;
KO,organic revenue,ER,E06_KO_ER_2024-10-23_000002134424000056.txt,"“We are encouraged by our year-to-date performance and our system’s ability to manage near-term challenges while also remaining focused on long-term growth opportunities.” Highlights Quarterly Performance • Revenues: Net revenues declined 1% to $11.9 billion, and organic revenues (non-GAAP) grew 9%."
KO,concentrate sales,ER,E06_KO_ER_2024-10-23_000002134424000056.txt,Revenue performance included 10% growth in price/mix and a 2% decline in concentrate sales.
KO,share,ER,E06_KO_ER_2024-10-23_000002134424000056.txt,"1 • Earnings per share: EPS declined 7% to $0.66, while comparable EPS (non-GAAP) grew 5% to $0.77."
KO,share,ER,E06_KO_ER_2024-10-23_000002134424000056.txt,"During the opening and closing ceremonies in Paris, a special-edition smartwater gold bottle for athletes quickly garnered 42 million impressions and contributed to smartwater gaining both volume and value share during the quarter."
KO,unit case volume,ER,E06_KO_ER_2024-10-23_000002134424000056.txt,"In addition to the data in the preceding tables, operating results included the following: Consolidated • Unit case volume declined 1%."
KO,organic revenue,ER,E06_KO_ER_2024-10-23_000002134424000056.txt,"Comparable currency neutral operating income (non-GAAP) grew 14%, primarily driven by organic revenue (non-GAAP) growth across all geographic operating segments."
KO,unit case volume,ER,E06_KO_ER_2024-10-23_000002134424000056.txt,"Europe, Middle East & Africa • Unit case volume declined 2% as growth in water, sports, coffee and tea was more than offset by declines in Trademark Coca-Cola, sparkling flavors and juice, value-added dairy and plant-based beverages."
KO,price/mix,ER,E06_KO_ER_2024-10-23_000002134424000056.txt,"• Price/mix grew 9%, primarily driven by pricing from markets experiencing intense inflation as well as pricing actions across operating units, partially offset by unfavorable mix."
KO,organic revenue,ER,E06_KO_ER_2024-10-23_000002134424000056.txt,"Comparable currency neutral operating income (non-GAAP) declined 2%, as organic revenue (non-GAAP) growth and the timing of marketing investments was more than offset by higher input costs and operating expenses."
KO,organic revenue,ER,E06_KO_ER_2024-10-23_000002134424000056.txt,"Comparable currency neutral operating income (non-GAAP) grew 32%, primarily driven by strong organic revenue (non-GAAP) growth, partially offset by an increase in marketing investments and higher operating expenses."
KO,price/mix,ER,E06_KO_ER_2024-10-23_000002134424000056.txt,"• Price/mix grew 11%, driven by favorable mix and pricing actions in the marketplace."
KO,organic revenue,ER,E06_KO_ER_2024-10-23_000002134424000056.txt,"Comparable currency neutral operating income (non-GAAP) grew 16%, primarily driven by strong organic revenue (non-GAAP) growth, partially offset by higher input costs and an increase in marketing investments."
KO,unit case volume,ER,E06_KO_ER_2024-10-23_000002134424000056.txt,"Asia Pacific • Unit case volume declined 2%, as growth in Trademark Coca-Cola was more than offset by declines in water, sports, coffee and tea, and juice , value-added dairy and plant-based beverages."
KO,price/mix,ER,E06_KO_ER_2024-10-23_000002134424000056.txt,"• Price/mix grew 7%, driven by favorable mix and pricing actions in the marketplace."
KO,organic revenue,ER,E06_KO_ER_2024-10-23_000002134424000056.txt,"Comparable currency neutral operating income (non-GAAP) grew 12%, driven by organic revenue (non-GAAP) growth and the timing of marketing investments, partially offset by higher input costs."
KO,organic revenue,ER,E06_KO_ER_2024-10-23_000002134424000056.txt,"Global Ventures • Net revenues were even, and organic revenues (non-GAA P) declined 2%, as favorable pricing initiatives were offset by unfavorable product mix."
KO,unit case volume,ER,E06_KO_ER_2024-10-23_000002134424000056.txt,"Bottling Investments • Unit case volume declined 31%, largely due to the impact of refranchising bottling operations."
KO,bottling,ER,E06_KO_ER_2024-10-23_000002134424000056.txt,"• Operating inco me declined 68%, which included a 4-point curr ency headwind and the impact of refranchising bottling operations ."
KO,organic revenue,ER,E06_KO_ER_2024-10-23_000002134424000056.txt,"Full Year 2024 The company expects to deliver organic revenue (non-GAAP) growt h of approximately 10%, which consists of operating performance at the high end of the company’s long-term growth model and the anticipated pricing impact of a number of markets experiencing intense inflation."
KO,bottling,ER,E06_KO_ER_2024-10-23_000002134424000056.txt,"1 During the three months ended September 27, 2024, intersegment revenues were $172 million for Europe, Middle East & Africa, $1 million for North America, $77 million for Asia Pacific and $2 million for Bottling Investments."
KO,bottling,ER,E06_KO_ER_2024-10-23_000002134424000056.txt,"During the three months ended September 29, 2023, intersegment revenues were $167 million for Europe, Middle East & Africa, $2 million for North America, $167 million for Asia Pacific and $4 million for Bottling Investments."
KO,bottling,ER,E06_KO_ER_2024-10-23_000002134424000056.txt,"1 During the nine months ended September 27, 2024, intersegment revenues were $524 million for Europe, Middle East & Africa, $7 million for North America, $419 million for Asia Pacific and $6 million for Bottling Investments."
KO,bottling,ER,E06_KO_ER_2024-10-23_000002134424000056.txt,"During the nine months ended September 29, 2023, intersegment revenues were $505 million for Europe, Middle East & Africa, $6 million for North America, $571 million for Asia Pacific and $6 million for Bottling Investments."
KO,bottling,ER,E06_KO_ER_2024-10-23_000002134424000056.txt,"During the three and nine months ended September 27, 2024, the company recorded a charge of $4 million and a net gain of $595 million, respectively, related to the refranchising of our bottling operations in the Philippines, including the impact of post-closing adjustments."
KO,bottling,ER,E06_KO_ER_2024-10-23_000002134424000056.txt,"During the nine months ended September 27, 2024, the company recorded a net gain of $290 million related to the refranchising of our bottling operations in certain territories in India, including the impact of post-closing adjustments, and a gain of $6 million related to the sale of our ownership interest in one of our equity method investees in Latin America."
KO,bottling,ER,E06_KO_ER_2024-10-23_000002134424000056.txt,"Additionally, the company incurred $7 million of transaction costs related to the refranchising of our bottling operations in certain territories in India and recorded a loss of $7 million related to post-closing adjustments for the refranchising of our bottling operations in Vietnam in 2023."
KO,bottling,ER,E06_KO_ER_2024-10-23_000002134424000056.txt,"Additionally, the company recognized gains of $34 million and $342 million, respectively, related to the sale of a portion of our ownership interest in an unconsolidated bottling operation."
KO,bottling,ER,E06_KO_ER_2024-10-23_000002134424000056.txt,"During the nine months ended September 29, 2023, the company recorded gains of $439 million and $3 million related to the refranchising of our bottling operations in Vietnam and Cambodia, respectively."
KO,share,QK,E06_KO_QK_2023-10-24_000002134423000060.txt,"Class of Common Stock Shares Outstanding as of October 20, 2023 $0.25 Par Value 4,323,413,810 THE COCA-COLA COMPANY AND SUBSIDIARIES Table of Contents Page Forward-Looking Statements 1 Part I."
KO,bottling,QK,E06_KO_QK_2023-10-24_000002134423000060.txt,"In December 2022, the Company received cash proceeds of $ 823 million in advance of refranchising its bottling operations in Vietnam."
KO,bottling,QK,E06_KO_QK_2023-10-24_000002134423000060.txt,"The Company refranchised its bottling operations in Vietnam in January 2023 and recognized a net gain of $ 439 million as a result of the sale, which was recorded in the line item other income (loss) — net in our consolidated statement of income during the nine months ended September 29, 2023."
KO,bottling,QK,E06_KO_QK_2023-10-24_000002134423000060.txt,"During the nine months ended September 29, 2023, the Company recognized a net gain of $ 439 million related to the refranchising of our bottling operations in Vietnam."
KO,share,QK,E06_KO_QK_2023-10-24_000002134423000060.txt,The Company also recorded a net loss of $ 24 million as a result of one of our equity method investees issuing additional shares of its stock.
KO,bottling,QK,E06_KO_QK_2023-10-24_000002134423000060.txt,• Income (loss) before income taxes was reduced by $ 6 million for Asia Pacific and $ 42 million for Bottling Investments due to the Company’s proportionate share of significant operating and nonoperating items recorded by certain of our equity method investees.
KO,bottling,QK,E06_KO_QK_2023-10-24_000002134423000060.txt,• Income (loss) before income taxes was reduced by $ 14 million for Bottling Investments due to the Company’s proportionate share of significant operating and nonoperating items recorded by certain of our equity method investees.
KO,bottling,QK,E06_KO_QK_2023-10-24_000002134423000060.txt,• Income (loss) before income taxes was increased by $ 439 million for Corporate due to the refranchising of our bottling operations in Vietnam.
KO,bottling,QK,E06_KO_QK_2023-10-24_000002134423000060.txt,• Income (loss) before income taxes was reduced by $ 146 million for Asia Pacific and was increased by $ 14 million for Bottling Investments due to the Company’s proportionate share of significant operating and nonoperating items recorded by certain of our equity method investees.
KO,bottling,QK,E06_KO_QK_2023-10-24_000002134423000060.txt,• Income (loss) before income taxes was reduced by $ 44 million for Bottling Investments due to the Company’s proportionate share of significant operating and nonoperating items recorded by certain of our equity method investees.
KO,share,QK,E06_KO_QK_2023-10-24_000002134423000060.txt,• Income (loss) before income taxes was reduced by $ 24 million for Corporate due to one of our equity method investees issuing additional shares of its stock.
KO,unit case volume,QK,E06_KO_QK_2023-10-24_000002134423000060.txt,"34 5 After considering the impact of structural changes, unit case volume for Bottling Investments for the three and nine months ended September 29, 2023 grew 10% and 6%, respectively."
KO,concentrate sales,QK,E06_KO_QK_2023-10-24_000002134423000060.txt,"6 After considering the impact of structural changes, worldwide concentrate sales volume for the three and nine months ended September 29, 2023 grew 2% and 1%, respectively."
KO,concentrate sales,QK,E06_KO_QK_2023-10-24_000002134423000060.txt,"7 After considering the impact of structural changes, concentrate sales volume for Asia Pacific for the nine months ended September 29, 2023 declined 1%."
KO,unit case volume,QK,E06_KO_QK_2023-10-24_000002134423000060.txt,"Three Months Ended September 29, 2023 versus Three Months Ended September 30, 2022 Unit case volume in Europe, Middle East and Africa decreased 1%, which included a 2% decline in Trademark Coca-Cola, a 1% decline in sparkling flavors and a 5% decline in juice, value-added dairy and plant-based beverages, partially offset by 3% growth in water, sports, coffee and tea."
KO,unit case volume,QK,E06_KO_QK_2023-10-24_000002134423000060.txt,"The operating segment reported a decline in unit case volume of 7% in the Europe operating unit, partially offset by growth of 7% in the Africa operating unit and growth of 2% in the Eurasia and Middle East operating unit."
KO,unit case volume,QK,E06_KO_QK_2023-10-24_000002134423000060.txt,"Unit case volume in Latin America increased 7%, which included 7% growth in Trademark Coca-Cola, 10% growth in water, sports, coffee and tea, 4% growth in sparkling flavors and 6% growth in juice, value-added dairy and plant-based beverages."
KO,unit case volume,QK,E06_KO_QK_2023-10-24_000002134423000060.txt,"Unit case volume in North America was even, which included 2% growth in both sparkling flavors and juice, value-added dairy and plant-based beverages, offset by a 4% decline in water, sports, coffee and tea."
KO,unit case volume,QK,E06_KO_QK_2023-10-24_000002134423000060.txt,"Unit case volume in Asia Pacific was even, which included 4% growth in Trademark Coca-Cola, 1% growth in sparkling flavors and 3% growth in juice, value-added dairy and plant-based beverages, offset by a 4% decline in water, sports, coffee and tea."
KO,unit case volume,QK,E06_KO_QK_2023-10-24_000002134423000060.txt,"The operating segment reported growth in unit case volume of 8% in the India and Southwest Asia operating unit, 6% in the ASEAN and South Pacific operating unit, and 5% in the Japan and South Korea operating unit, offset by a decline of 6% in the Greater China and Mongolia operating unit."
KO,unit case volume,QK,E06_KO_QK_2023-10-24_000002134423000060.txt,"Unit case volume for Global Ventures increased 5%, driven by 4% growth in water, sports, coffee and tea, 1% growth in juice, value-added dairy and plant-based beverages, and growth in energy drinks."
KO,unit case volume,QK,E06_KO_QK_2023-10-24_000002134423000060.txt,"Unit case volume for Bottling Investments increased 2%, driven by growth in unit case volume in India, the Philippines and South Africa, partially offset by the impact of refranchising our bottling operations in Vietnam and Cambodia."
KO,unit case volume,QK,E06_KO_QK_2023-10-24_000002134423000060.txt,"Nine Months Ended September 29, 2023 versus Nine Months Ended September 30, 2022 Unit case volume in Europe, Middle East and Africa decreased 3%, which included a 20% decline in juice, value-added dairy and plant-based beverages, a 4% decline in sparkling flavors, a 1% decline in Trademark Coca-Cola and a 3% decline in water, sports, coffee and tea."
KO,unit case volume,QK,E06_KO_QK_2023-10-24_000002134423000060.txt,"Unit case volume in Latin America increased 5%, which included 4% growth in Trademark Coca-Cola, 10% growth in water, sports, coffee and tea, 3% growth in sparkling flavors and 5% growth in juice, value-added dairy and plant-based beverages."
KO,unit case volume,QK,E06_KO_QK_2023-10-24_000002134423000060.txt,"Unit case volume in North America was even, which included 3% growth in juice, value-added dairy and plant-based beverages and 1% growth in sparkling flavors, offset by a 4% decline in water, sports, coffee and tea."
KO,unit case volume,QK,E06_KO_QK_2023-10-24_000002134423000060.txt,"Unit case volume in Asia Pacific increased 4%, which included 4% growth in both sparkling flavors and Trademark Coca-Cola, 10% growth in juice, value-added dairy and plant-based beverages, and 1% growth in water, sports, coffee and tea."
KO,unit case volume,QK,E06_KO_QK_2023-10-24_000002134423000060.txt,"The operating segment reported growth in unit case volume of 11% in the India and Southwest Asia operating unit and growth of 2% in each of the Greater China and Mongolia, ASEAN and South Pacific, and Japan and South Korea operating units."
KO,unit case volume,QK,E06_KO_QK_2023-10-24_000002134423000060.txt,"Unit case volume for Global Ventures increased 5%, driven by 3% growth in water, sports, coffee and tea along with growth in energy drinks, partially offset by a 2% decline in juice, value-added dairy and plant-based beverages."
KO,unit case volume,QK,E06_KO_QK_2023-10-24_000002134423000060.txt,"Concentrate Sales Volume During the three months ended September 29, 2023, worldwide concentrate sales volume increased 3% and unit case volume increased 2% compared to the three months ended September 30, 2022."
KO,unit case volume,QK,E06_KO_QK_2023-10-24_000002134423000060.txt,"During the nine months ended September 29, 2023, worldwide concentrate sales volume and unit case volume both increased 2% compared to the nine months ended September 30, 2022."
KO,concentrate sales,QK,E06_KO_QK_2023-10-24_000002134423000060.txt,The increase was driven by concentrate sales volume growth of 2% and favorable pricing initiatives.
KO,concentrate sales,QK,E06_KO_QK_2023-10-24_000002134423000060.txt,"The increase in operating income was primarily driven by an increase in concentrate sales volume of 2% and favorable pricing initiatives, partially offset by higher commodity costs, increased marketing spending and an unfavorable foreign currency exchange rate impact of 13%."
KO,concentrate sales,QK,E06_KO_QK_2023-10-24_000002134423000060.txt,"The increase in operating income was primarily driven by concentrate sales volume growth of 5%, favorable pricing initiatives and a favorable foreign currency exchange rate impact of 7%, partially offset by increased marketing spending and higher operating expenses."
KO,concentrate sales,QK,E06_KO_QK_2023-10-24_000002134423000060.txt,"The increase in operating income was primarily driven by concentrate sales volume growth of 1% and favorable pricing initiatives, partially offset by increased marketing spending."
KO,concentrate sales,QK,E06_KO_QK_2023-10-24_000002134423000060.txt,"The decrease in operating income was primarily driven by higher commodity costs, increased marketing spending and an unfavorable foreign currency exchange rate impact of 6%, partially offset by concentrate sales volume growth of 1%, favorable pricing initiatives, lower other operating charges and the impact of acquired brands."
KO,concentrate sales,QK,E06_KO_QK_2023-10-24_000002134423000060.txt,"The increase in operating income was primarily driven by concentrate sales volume growth of 3%, favorable pricing initiatives and a favorable foreign currency exchange rate impact of 5%, partially offset by higher commodity costs and higher operating expenses."
KO,bottling,QK,E06_KO_QK_2023-10-24_000002134423000060.txt,"Bottling Investments’ operating income for the three months ended September 29, 2023 and September 30, 2022 was $132 million and $46 million, respectively."
KO,unit case volume,QK,E06_KO_QK_2023-10-24_000002134423000060.txt,"The increase in operating income was primarily driven by unit case volume growth of 10% and favorable pricing initiatives, partially offset by higher commodity costs, an unfavorable foreign currency exchange rate impact of 12% and the refranchising of our bottling operations in Vietnam and Cambodia."
KO,concentrate sales,QK,E06_KO_QK_2023-10-24_000002134423000060.txt,The increase was driven by concentrate sales volume growth of 1% and favorable pricing initiatives.
KO,concentrate sales,QK,E06_KO_QK_2023-10-24_000002134423000060.txt,"The increase in operating income was primarily driven by favorable pricing initiatives, partially offset by a decline in concentrate sales volume of 1%, higher commodity costs, increased marketing spending, higher operating expenses and an unfavorable foreign currency exchange rate impact of 13%."
KO,concentrate sales,QK,E06_KO_QK_2023-10-24_000002134423000060.txt,"The increase in operating income was primarily driven by concentrate sales volume growth of 4% and favorable pricing initiatives, partially offset by higher commodity costs, increased marketing spending, higher operating expenses and an unfavorable foreign currency exchange rate impact of 2%."
KO,concentrate sales,QK,E06_KO_QK_2023-10-24_000002134423000060.txt,"The decrease in operating income was primarily driven by a decline in concentrate sales volume of 1%, higher commodity costs, increased marketing spending, higher operating expenses and an unfavorable foreign currency exchange rate impact of 6%, partially offset by favorable pricing initiatives, lower other operating charges and the impact of acquired brands and structural changes."
KO,concentrate sales,QK,E06_KO_QK_2023-10-24_000002134423000060.txt,"The increase in operating income was primarily driven by concentrate sales volume growth of 6%, favorable pricing initiatives and a favorable foreign currency exchange rate impact of 1%, partially offset by higher commodity costs, higher operating expenses and the impact of no longer receiving COVID-related incentives in the current year."
KO,bottling,QK,E06_KO_QK_2023-10-24_000002134423000060.txt,"Bottling Investments’ operating income for the nine months ended September 29, 2023 and September 30, 2022 was $393 million and $352 million, respectively."
KO,unit case volume,QK,E06_KO_QK_2023-10-24_000002134423000060.txt,"The increase in operating income was primarily driven by unit case volume growth of 6% and favorable pricing initiatives, partially offset by higher commodity costs, an unfavorable foreign currency exchange rate impact of 6% and the refranchising of our bottling operations in Vietnam and Cambodia."
KO,share,QK,E06_KO_QK_2023-10-24_000002134423000060.txt,These favorable impacts were partially offset by a $34 million increase in net charges resulting from the Company’s proportionate share of significant operating and nonoperating items recorded by certain of our equity method investees.
KO,share,QK,E06_KO_QK_2023-10-24_000002134423000060.txt,These favorable impacts were partially offset by an $88 million increase in net charges resulting from the Company’s proportionate share of significant operating and nonoperating items recorded by certain of our equity method investees.
KO,bottling,QK,E06_KO_QK_2023-10-24_000002134423000060.txt,The Company recognized a net gain of $439 million related to the refranchising of our bottling operations in Vietnam.
KO,share,QK,E06_KO_QK_2023-10-24_000002134423000060.txt,The Company also recorded an other-than-temporary impairment charge of $96 million related to an equity method investee in Russia and a net loss of $24 million as a result of one of our equity method investees issuing additional shares of its stock.
KO,share,QK,E06_KO_QK_2023-10-24_000002134423000060.txt,"Share Repurchases During the nine months ended September 29, 2023, the total cash outflow for treasury stock purchases was $1,193 million."
KO,share,QK,E06_KO_QK_2023-10-24_000002134423000060.txt,The Company repurchased 17.9 million shares of common stock under the share repurchase plan authorized by our Board of Directors.
KO,share,QK,E06_KO_QK_2023-10-24_000002134423000060.txt,"These shares were repurchased at an average cost of $60.79 per share, for a total cost of $1,088 million."
KO,share,QK,E06_KO_QK_2023-10-24_000002134423000060.txt,"The net impact of the Company’s issuances of stock and share repurchases during the nine months ended September 29, 2023 resulted in a net cash outflow of $769 million."
KO,share,QK,E06_KO_QK_2023-10-24_000002134423000060.txt,The Company repurchased 21.3 million shares of common stock under the share repurchase plan authorized by our Board of Directors.
KO,share,QK,E06_KO_QK_2023-10-24_000002134423000060.txt,"These shares were repurchased at an average cost of $62.67 per share, for a total cost of $1,336 million."
KO,share,QK,E06_KO_QK_2023-10-24_000002134423000060.txt,"The net impact of the Company’s issuances of stock and share repurchases during the nine months ended September 30, 2022 resulted in a net cash outflow of $705 million."
KO,share,QK,E06_KO_QK_2023-10-24_000002134423000060.txt,Our Board of Directors approved the Company’s regular quarterly dividend of $0.46 per share at its October 2023 meeting.
KO,share,QK,E06_KO_QK_2023-10-24_000002134423000060.txt,"2 In February 2019, the Company publicly announced that our Board of Directors had authorized a plan (“2019 Plan”) for the Company to purchase up to 150 million shares of our common stock."
KO,unit case volume,QK,E06_KO_QK_2024-02-20_000002134424000009.txt,Sparkling soft drinks represented 69% of our worldwide unit case volume in both 2023 and 2022.
KO,unit case volume,QK,E06_KO_QK_2024-02-20_000002134424000009.txt,"Trademark Coca-Cola accounted for 47% and 46% of our worldwide unit case volume in 2023 and 2022, respectively."
KO,unit case volume,QK,E06_KO_QK_2024-02-20_000002134424000009.txt,"In 2023, unit case volume in the United States represented 16% of the Company’s worldwide unit case volume."
KO,unit case volume,QK,E06_KO_QK_2024-02-20_000002134424000009.txt,"unit case volume, 61% was attributable to sparkling soft drinks."
KO,unit case volume,QK,E06_KO_QK_2024-02-20_000002134424000009.txt,Unit case volume outside the United States represented 84% of the Company’s worldwide unit case volume in 2023.
KO,unit case volume,QK,E06_KO_QK_2024-02-20_000002134424000009.txt,"The countries outside the United States in which our unit case volumes were the largest were Mexico, China, Brazil and India, which together accounted for 33% of our worldwide unit case volume."
KO,unit case volume,QK,E06_KO_QK_2024-02-20_000002134424000009.txt,"unit case volume, 70% was attributable to sparkling soft drinks."
KO,unit case volume,QK,E06_KO_QK_2024-02-20_000002134424000009.txt,"In 2023, these five bottling partners combined represented 42% of our total worldwide unit case volume."
KO,share,QK,E06_KO_QK_2024-02-20_000002134424000009.txt,"2 In February 2019, the Company publicly announced that our Board of Directors had authorized a plan (“2019 Plan”) for the Company to purchase up to 150 million shares of our common stock."
KO,share,QK,E06_KO_QK_2024-02-20_000002134424000009.txt,"Food & Beverage Total Return Index 100 125 135 153 165 158 S&P 500 Index 100 131 156 200 164 207 The total shareowner return is based on a $100 investment on December 31, 2018 and assumes that dividends were reinvested on the day of issuance."
KO,unit case volume,QK,E06_KO_QK_2024-02-20_000002134424000009.txt,"3 After considering the impact of structural changes, unit case volume for Bottling Investments grew 6%."
KO,unit case volume,QK,E06_KO_QK_2024-02-20_000002134424000009.txt,"Unit Case Volume The Coca-Cola system sold 33.3 billion and 32.7 billion unit cases of our products in 2023 and 2022, respectively."
KO,unit case volume,QK,E06_KO_QK_2024-02-20_000002134424000009.txt,"Unit case volume in Europe, Middle East and Africa decreased 2%, which included a 3% decline in sparkling flavors, a 14% decline in juice, value-added dairy and plant-based beverages, a 1% decline in Trademark Coca-Cola, and a 2% decline in water, sports, coffee and tea."
KO,unit case volume,QK,E06_KO_QK_2024-02-20_000002134424000009.txt,"The operating segment reported declines in unit case volume of 6% in the Europe operating unit and 1% in the Eurasia and Middle East operating unit, partially offset by growth in unit case volume of 3% in the Africa operating unit."
KO,unit case volume,QK,E06_KO_QK_2024-02-20_000002134424000009.txt,"In Latin America, unit case volume increased 5%, which included 5% growth in Trademark Coca-Cola, 9% growth in water, sports, coffee and tea, 2% growth in sparkling flavors and 3% growth in juice, value-added dairy and plant-based beverages."
KO,unit case volume,QK,E06_KO_QK_2024-02-20_000002134424000009.txt,"Unit case volume in North America decreased 1%, which included a 5% decline in water, sports, coffee and tea, partially offset by 3% growth in juice, value-added dairy and plant-based beverages and 1% growth in sparkling flavors."
KO,unit case volume,QK,E06_KO_QK_2024-02-20_000002134424000009.txt,"In Asia Pacific, unit case volume increased 3%, which included 4% growth in both sparkling flavors and Trademark Coca-Cola, 10% growth in juice, value-added dairy and plant-based beverages, and 1% growth in water, sports, coffee and tea."
KO,unit case volume,QK,E06_KO_QK_2024-02-20_000002134424000009.txt,"The operating segment reported growth in unit case volume of 11% in the India and Southwest Asia operating unit, 2% in the Greater China and Mongolia operating unit, and 1% in both the ASEAN and South Pacific and the Japan and South Korea operating units."
KO,unit case volume,QK,E06_KO_QK_2024-02-20_000002134424000009.txt,"Unit case volume for Global Ventures increased 4%, driven by growth in energy drinks, partially offset by a 1% decline in both water, sports, coffee and tea as well as juice, value-added dairy and plant-based beverages."
KO,unit case volume,QK,E06_KO_QK_2024-02-20_000002134424000009.txt,"Unit case volume for Bottling Investments decreased 1%, which primarily reflects the impact of refranchising our bottling operations in Vietnam and Cambodia, partially offset by growth in India and South Africa."
KO,unit case volume,QK,E06_KO_QK_2024-02-20_000002134424000009.txt,"Concentrate Sales Volume In 2023, worldwide concentrate sales volume and unit case volume both grew 2% compared to 2022."
KO,bottling,QK,E06_KO_QK_2024-02-20_000002134424000009.txt,"Information about our operating margin on a consolidated basis and by operating segment and Corporate is as follows: Year Ended December 31, 2023 2022 Consolidated 24.7 % 25.4 % Europe, Middle East & Africa 56.8 57.4 Latin America 58.9 58.5 North America 26.4 23.9 Asia Pacific 43.2 48.9 Global Ventures 10.7 6.5 Bottling Investments 7.4 6.2 Corporate * * * Calculation is not meaningful."
KO,concentrate sales,QK,E06_KO_QK_2024-02-20_000002134424000009.txt,The increase in operating income was primarily driven by concentrate sales volume growth of 2% and favorable pricing initiatives.
KO,concentrate sales,QK,E06_KO_QK_2024-02-20_000002134424000009.txt,"The increase in operating income was primarily driven by concentrate sales volume growth of 6% and favorable pricing initiatives, partially offset by higher commodity costs, increased marketing spending, higher operating expenses and an unfavorable foreign currency exchange rate impact of 5%."
KO,concentrate sales,QK,E06_KO_QK_2024-02-20_000002134424000009.txt,"The increase in operating income was primarily driven by favorable pricing initiatives, partially offset by a decline in concentrate sales volume of 1%, higher commodity costs, increased marketing spending, higher operating expenses and higher other operating charges."
KO,concentrate sales,QK,E06_KO_QK_2024-02-20_000002134424000009.txt,"The increase in operating income was primarily driven by concentrate sales volume growth of 5%, favorable pricing initiatives, decreased marketing spending and a favorable foreign currency exchange rate impact of 3%, partially offset by higher operating expenses and the impact of no longer receiving COVID-related incentives in the current year."
KO,bottling,QK,E06_KO_QK_2024-02-20_000002134424000009.txt,"Bottling Investments’ operating income for the years ended December 31, 2023 and 2022 was $578 million and $487 million, respectively."
KO,unit case volume,QK,E06_KO_QK_2024-02-20_000002134424000009.txt,"The increase in operating income was primarily driven by unit case volume growth of 6% and favorable pricing initiatives, partially offset by higher commodity costs, higher operating expenses, an unfavorable foreign currency exchange rate impact of 7% and the refranchising of our bottling operations in Vietnam and Cambodia."
KO,share,QK,E06_KO_QK_2024-02-20_000002134424000009.txt,These favorable impacts were partially offset by a $125 million increase in net charges resulting from the Company’s proportionate share of significant operating and nonoperating items recorded by certain of our equity method investees.
KO,bottling,QK,E06_KO_QK_2024-02-20_000002134424000009.txt,"The Company recorded a net gain of $439 million related to the refranchising of our bottling operations in Vietnam, a net gain of $289 million related to realized and unrealized gains and losses on equity securities and trading debt securities as well as realized gains and losses on available-for-sale debt securities, and dividend income of $208 million."
KO,bottling,QK,E06_KO_QK_2024-02-20_000002134424000009.txt,"Additionally, other income (loss) — net included net income of $219 million related to the non-service cost components of net periodic benefit income, a net gain of $153 million related to the refranchising of our bottling operations in Cambodia and dividend income of $111 million."
KO,bottling,QK,E06_KO_QK_2024-02-20_000002134424000009.txt,The activities during 2022 included cash proceeds of $823 million received in advance of the refranchising of our bottling operations in Vietnam.
KO,share,QK,E06_KO_QK_2024-02-20_000002134424000009.txt,"Purchases of Stock for Treasury In 2012, our Board of Directors authorized a share repurchase plan of up to 500 million shares (“2012 Plan”) of the Company’s common stock."
KO,share,QK,E06_KO_QK_2024-02-20_000002134424000009.txt,"In 2019, our Board of Directors authorized a new share repurchase plan of up to 150 million shares (“2019 Plan”) of the Company’s common stock."
KO,share,QK,E06_KO_QK_2024-02-20_000002134424000009.txt,The Company repurchased 36.9 million shares of common stock under the 2019 Plan authorized by our Board of Directors.
KO,share,QK,E06_KO_QK_2024-02-20_000002134424000009.txt,"These shares were repurchased at an average price per share of $59.08, for a total cost of $2,177 million."
KO,share,QK,E06_KO_QK_2024-02-20_000002134424000009.txt,The Company repurchased 21.3 million shares of common stock under the share repurchase plans authorized by our Board of Directors.
KO,share,QK,E06_KO_QK_2024-02-20_000002134424000009.txt,"These shares were repurchased at an average price per share of $62.67, for a total cost of $1,336 million."
KO,share,QK,E06_KO_QK_2024-02-20_000002134424000009.txt,"Since the inception of our share repurchase program in 1984, we have repurchased 3.6 billion shares of our common stock at an average price per share of $17.96."
KO,share,QK,E06_KO_QK_2024-02-20_000002134424000009.txt,"At its February 2024 meeting, our Board of Directors increased our regular quarterly dividend to $0.485 per share, equivalent to a full year dividend of $1.94 per share in 2024."
KO,share,QK,E06_KO_QK_2024-02-20_000002134424000009.txt,"Our annualized common stock dividend was $1.84 per share and $1.76 per share in 2023 and 2022, respectively."
KO,share,QK,E06_KO_QK_2024-02-20_000002134424000009.txt,"We excluded 8 million, 8 million and 6 million stock options from the computation of diluted net income per share in 2023, 2022 and 2021, respectively, because the stock options would have been antidilutive."
KO,bottling,QK,E06_KO_QK_2024-02-20_000002134424000009.txt,"During 2022, proceeds from disposals of businesses, equity method investments and nonmarketable securities totaled $ 458 million, which primarily related to the refranchising of our bottling operations in Cambodia."
KO,bottling,QK,E06_KO_QK_2024-02-20_000002134424000009.txt,"In December 2022, the Company received cash proceeds of $ 823 million in advance of refranchising its bottling operations in Vietnam."
KO,bottling,QK,E06_KO_QK_2024-02-20_000002134424000009.txt,"The Company refranchised its bottling operations in Vietnam in January 2023 and recognized a net gain of $ 439 million as a result of the sale, which was recorded in the line item other income (loss) — net in our consolidated statement of income for the year ended December 31, 2023."
KO,share,QK,E06_KO_QK_2024-02-20_000002134424000009.txt,"As of December 31, 2023, we owned 19 %, 20 %, 20 %, 28 %, 21 % and 18 %, respectively, of these companies’ outstanding shares."
KO,share,QK,E06_KO_QK_2024-02-20_000002134424000009.txt,"As of December 31, 2023, our investments in our equity method investees in the aggregate exceeded our proportionate share of the net assets of these equity method investees by $ 8,634 million."
KO,bottling,QK,E06_KO_QK_2024-02-20_000002134424000009.txt,"2 Includes cash proceeds of $ 823 million as of December 31, 2022 received in advance of refranchising our bottling operations in Vietnam in January 2023."
KO,bottling,QK,E06_KO_QK_2024-02-20_000002134424000009.txt,"2 As of December 31, 2023 and 2022, the amounts include $ 1,211 million and $ 1,368 million, respectively, of debt instruments related to our bottling operations in Africa due through 2026."
KO,share,QK,E06_KO_QK_2024-02-20_000002134424000009.txt,"Under the 2014 Equity Plan, a maximum of 500 million shares of our common stock was approved to be issued through the grant of equity awards."
KO,share,QK,E06_KO_QK_2024-02-20_000002134424000009.txt,"As of December 31, 2023, there were 284 million shares available to be granted under the 2014 Equity Plan."
KO,share,QK,E06_KO_QK_2024-02-20_000002134424000009.txt,"In addition, there were 3 million shares available for stock option and restricted stock award grants under plans approved by shareowners prior to 2014."
KO,share,QK,E06_KO_QK_2024-02-20_000002134424000009.txt,"For performance share unit awards granted to executives in 2022, and for performance share unit awards granted to all participants in 2023, the performance criteria were weighted 30% for net operating revenues, 30% for earnings per share, 30% for free cash flow and 10% for environmental sustainability."
KO,share,QK,E06_KO_QK_2024-02-20_000002134424000009.txt,"The weighted-average grant date fair value of performance share unit awards granted in 2023, 2022 and 2021 was $ 56.63 , $ 59.61 and $ 47.04 , respectively."
KO,bottling,QK,E06_KO_QK_2024-02-20_000002134424000009.txt,Also includes a tax benefit of $ 88 million (or a 0.7 % impact on our effective tax rate) associated with the change in the Company’s indefinite reinvestment assertion for our Philippines and Bangladesh bottling operations.
KO,bottling,QK,E06_KO_QK_2024-02-20_000002134424000009.txt,"During 2022, the Company recorded a net gain of $ 153 million related to the refranchising of our bottling operations in Cambodia."
KO,bottling,QK,E06_KO_QK_2024-02-20_000002134424000009.txt,• Income (loss) before income taxes was increased by $ 439 million for Corporate due to the refranchising of our bottling operations in Vietnam.
KO,bottling,QK,E06_KO_QK_2024-02-20_000002134424000009.txt,"• Income (loss) before income taxes was reduced by $ 146 million for Asia Pacific, $ 7 million for Bottling Investments, $ 5 million for Latin America and $ 1 million for Corporate due to the Company’s proportionate share of significant operating and nonoperating items recorded by certain of our equity method investees."
KO,bottling,QK,E06_KO_QK_2024-02-20_000002134424000009.txt,• Income (loss) before income taxes was increased by $ 153 million for Corporate due to the refranchising of our bottling operations in Cambodia.
KO,bottling,QK,E06_KO_QK_2024-02-20_000002134424000009.txt,• Income (loss) before income taxes was reduced by $ 34 million for Bottling Investments due to the Company’s proportionate share of significant operating and nonoperating items recorded by certain of our equity method investees.
KO,share,QK,E06_KO_QK_2024-02-20_000002134424000009.txt,• Income (loss) before income taxes was reduced by $ 24 million for Corporate due to one of our equity method investees issuing additional shares of its stock.
KO,bottling,QK,E06_KO_QK_2024-02-20_000002134424000009.txt,"In addition, operating income (loss) and income (loss) before income taxes were reduced by $ 14 million for North America, and income (loss) before income taxes was reduced by $ 2 million for Bottling Investments due to the Company’s strategic realignment initiatives."
KO,bottling,QK,E06_KO_QK_2024-02-20_000002134424000009.txt,• Income (loss) before income taxes was reduced by $ 45 million for Bottling Investments and was increased by $ 32 million for Corporate due to the Company’s proportionate share of significant operating and nonoperating items recorded by certain of our equity method investees.
KO,share,QK,E06_KO_QK_2024-05-02_000002134424000017.txt,"Class of Common Stock Shares Outstanding as of April 30, 2024 $0.25 Par Value 4,307,955,307 THE COCA-COLA COMPANY AND SUBSIDIARIES Table of Contents Page Forward-Looking Statements 1 Part I."
KO,bottling,QK,E06_KO_QK_2024-05-02_000002134424000017.txt,"Divestitures Proceeds from disposals of businesses, equity method investments and nonmarketable securities during the three months ended March 29, 2024 totaled $ 2,893 million, which primarily related to the refranchising of the Company’s bottling operations that were classified as held for sale as of December 31, 2023."
KO,bottling,QK,E06_KO_QK_2024-05-02_000002134424000017.txt,The Company also refranchised its bottling operations in Vietnam in January 2023 and recognized a net gain of $ 439 million as a result of the sale.
KO,bottling,QK,E06_KO_QK_2024-05-02_000002134424000017.txt,"The Company refranchised its bottling operations in certain territories in India in January and February of 2024, for which we received net cash proceeds of $ 476 million and recognized a net gain of $ 293 million."
KO,bottling,QK,E06_KO_QK_2024-05-02_000002134424000017.txt,"Additionally, in February 2024, the Company refranchised its bottling operations in the Philippines to CCEP and a local business partner, for which we received net cash proceeds of $ 1,656 million and recognized a net gain of $ 599 million."
KO,bottling,QK,E06_KO_QK_2024-05-02_000002134424000017.txt,"In addition, other operating charges included $ 7 million for transaction costs related to the refranchising of our bottling operations in certain territories in India, $ 4 million for the amortization of noncompete agreements related to the BA Sports Nutrition, LLC (“BodyArmor”) acquisition in 2021 and $ 1 million related to tax litigation expense."
KO,bottling,QK,E06_KO_QK_2024-05-02_000002134424000017.txt,"Other Income (Loss) — Net During the three months ended March 29, 2024, the Company recognized net gains of $ 599 million and $ 293 million related to the refranchising of our bottling operations in the Philippines and certain territories in India, respectively."
KO,bottling,QK,E06_KO_QK_2024-05-02_000002134424000017.txt,The Company recorded a loss of $ 7 million related to post-closing adjustments for the refranchising of our bottling operations in Vietnam in 2023.
KO,bottling,QK,E06_KO_QK_2024-05-02_000002134424000017.txt,"During the three months ended March 31, 2023, the Company recognized a net gain of $ 439 million related to the refranchising of our bottling operations in Vietnam."
KO,bottling,QK,E06_KO_QK_2024-05-02_000002134424000017.txt,• Operating income (loss) and income (loss) before income taxes were reduced by $ 7 million for Corporate due to transaction costs related to the refranchising of our bottling operations in certain territories in India.
KO,bottling,QK,E06_KO_QK_2024-05-02_000002134424000017.txt,• Income (loss) before income taxes was increased by $ 599 million for Corporate due to the refranchising of our bottling operations in the Philippines.
KO,bottling,QK,E06_KO_QK_2024-05-02_000002134424000017.txt,• Income (loss) before income taxes was increased by $ 293 million for Corporate due to the refranchising of our bottling operations in certain territories in India.
KO,bottling,QK,E06_KO_QK_2024-05-02_000002134424000017.txt,• Income (loss) before income taxes was reduced by $ 23 million for Bottling Investments and $ 2 million for Corporate due to the Company’s proportionate share of significant operating and nonoperating items recorded by certain of our equity method investees.
KO,bottling,QK,E06_KO_QK_2024-05-02_000002134424000017.txt,• Income (loss) before income taxes was reduced by $ 7 million for Corporate related to post-closing adjustments for the refranchising of our bottling operations in Vietnam.
KO,bottling,QK,E06_KO_QK_2024-05-02_000002134424000017.txt,• Income (loss) before income taxes was increased by $ 439 million for Corporate due to the refranchising of our bottling operations in Vietnam.
KO,bottling,QK,E06_KO_QK_2024-05-02_000002134424000017.txt,• Income (loss) before income taxes was reduced by $ 140 million for Asia Pacific and was increased by $ 58 million for Bottling Investments due to the Company’s proportionate share of significant operating and nonoperating items recorded by certain of our equity method investees.
KO,unit case volume,QK,E06_KO_QK_2024-05-02_000002134424000017.txt,"5 After considering the impact of structural changes, unit case volume for Bottling Investments for the three months ended March 29, 2024 grew 8%."
KO,concentrate sales,QK,E06_KO_QK_2024-05-02_000002134424000017.txt,"6 After considering the impact of structural changes, concentrate sales volume for Asia Pacific for the three months ended March 29, 2024 declined 1%."
KO,unit case volume,QK,E06_KO_QK_2024-05-02_000002134424000017.txt,"Unit case volume in Europe, Middle East and Africa increased 2%, which included 9% growth in water, sports, coffee and tea, and 2% growth in both sparkling flavors and juice, value-added dairy and plant-based beverages."
KO,unit case volume,QK,E06_KO_QK_2024-05-02_000002134424000017.txt,"The operating segment reported an increase in unit case volume of 9% in the Africa operating unit, partially offset by a decline of 4% in the Eurasia and Middle East operating unit."
KO,unit case volume,QK,E06_KO_QK_2024-05-02_000002134424000017.txt,"Unit case volume in Latin America increased 4%, which included 5% growth in Trademark Coca-Cola, 4% growth in water, sports, coffee and tea, and 1% growth in sparkling flavors, partially offset by a 1% decline in juice, value-added dairy and plant-based beverages."
KO,unit case volume,QK,E06_KO_QK_2024-05-02_000002134424000017.txt,"Unit case volume in North America was even, which included 5% growth in juice, value-added dairy and plant-based beverages and 1% growth in Trademark Coca-Cola, offset by a 5% decline in water, sports, coffee and tea."
KO,unit case volume,QK,E06_KO_QK_2024-05-02_000002134424000017.txt,"29 Unit case volume in Asia Pacific decreased 2%, which included a 9% decline in water, sports, coffee and tea and a 1% decline in sparkling flavors, partially offset by 2% growth in Trademark Coca-Cola and 1% growth in juice, value-added dairy and plant-based beverages."
KO,unit case volume,QK,E06_KO_QK_2024-05-02_000002134424000017.txt,"The operating segment reported a decline in unit case volume of 11% in the Greater China and Mongolia operating unit, partially offset by 7% growth in the ASEAN and South Pacific operating unit, 2% growth in the India and Southwest Asia operating unit and 1% growth in the Japan and South Korea operating unit."
KO,unit case volume,QK,E06_KO_QK_2024-05-02_000002134424000017.txt,"Unit case volume for Global Ventures increased 1%, driven by 1% growth in juice, value-added dairy and plant-based beverages along with growth in energy drinks, partially offset by a 6% decline in water, sports, coffee and tea."
KO,unit case volume,QK,E06_KO_QK_2024-05-02_000002134424000017.txt,"Unit case volume for Bottling Investments decreased 7%, driven by the impact of refranchising our bottling operations in the Philippines, Bangladesh and certain territories in India."
KO,unit case volume,QK,E06_KO_QK_2024-05-02_000002134424000017.txt,"Concentrate Sales Volume During the three months ended March 29, 2024, worldwide concentrate sales volume declined 2% and unit case volume increased 1% compared to the three months ended March 31, 2023."
KO,bottling,QK,E06_KO_QK_2024-05-02_000002134424000017.txt,"In addition, other operating charges included $7 million of transaction costs related to the refranchising of our bottling operations in certain territories in India, $4 million for the amortization of noncompete agreements related to the BodyArmor acquisition and $1 million related to tax litigation expense."
KO,concentrate sales,QK,E06_KO_QK_2024-05-02_000002134424000017.txt,The decrease was driven by a decline in concentrate sales volume of 2%;
KO,concentrate sales,QK,E06_KO_QK_2024-05-02_000002134424000017.txt,"The decrease in operating income was primarily driven by a decline in concentrate sales volume of 6%, higher commodity costs, increased marketing spending, higher operating expenses and an unfavorable foreign currency exchange rate impact of 15%, partially offset by favorable pricing initiatives."
KO,concentrate sales,QK,E06_KO_QK_2024-05-02_000002134424000017.txt,"The increase in operating income was primarily driven by favorable pricing initiatives, partially 33 offset by a decline in concentrate sales volume of 1%, higher commodity costs, increased marketing spending, higher operating expenses and an unfavorable foreign currency exchange rate impact of 7%."
KO,concentrate sales,QK,E06_KO_QK_2024-05-02_000002134424000017.txt,"The increase in operating income was primarily driven by favorable pricing initiatives, lower operating expenses and the impact of acquired brands and structural changes, partially offset by a decline in concentrate sales volume of 1%, higher commodity costs and increased marketing spending."
KO,concentrate sales,QK,E06_KO_QK_2024-05-02_000002134424000017.txt,"The increase in operating income was primarily driven by concentrate sales volume growth of 2%, lower commodity costs and a favorable foreign currency exchange rate impact of 3%, partially offset by higher marketing spending and higher operating expenses."
KO,bottling,QK,E06_KO_QK_2024-05-02_000002134424000017.txt,"Bottling Investments’ operating income for the three months ended March 29, 2024 and March 31, 2023 was $156 million and $139 million, respectively."
KO,unit case volume,QK,E06_KO_QK_2024-05-02_000002134424000017.txt,"The increase in operating income was primarily driven by unit case volume growth of 6% and favorable pricing initiatives, partially offset by higher commodity costs, higher operating expenses, an unfavorable foreign currency exchange rate impact of 3% and the impact of refranchising our bottling operations in the Philippines, Bangladesh and certain territories in India."
KO,share,QK,E06_KO_QK_2024-05-02_000002134424000017.txt,"The increase reflects, among other items, the impact of more favorable operating results reported by some of our equity method investees in the current year, a favorable foreign currency exchange rate impact, and a $57 million decrease in net charges resulting from the Company’s proportionate share of significant operating and nonoperating items recorded by certain of our equity method investees."
KO,bottling,QK,E06_KO_QK_2024-05-02_000002134424000017.txt,"The Company recognized net gains of $599 million and $293 million related to the refranchising of our bottling operations in the Philippines and certain territories in India, respectively."
KO,bottling,QK,E06_KO_QK_2024-05-02_000002134424000017.txt,"Other income (loss) — net also included income of $15 million related to the non-service cost components of net periodic benefit cost, dividend income of $25 million and a loss of $7 million related to post-closing adjustments for the refranchising of our bottling operations in Vietnam in 2023."
KO,bottling,QK,E06_KO_QK_2024-05-02_000002134424000017.txt,The Company recognized a net gain of $439 million related to the refranchising of our bottling operations in Vietnam.
KO,share,QK,E06_KO_QK_2024-05-02_000002134424000017.txt,The Company repurchased 10.4 million shares of common stock under the share repurchase plan authorized by our Board of Directors.
KO,share,QK,E06_KO_QK_2024-05-02_000002134424000017.txt,"These shares were repurchased at an average cost of $60.04 per share, for a total cost of $622 million."
KO,share,QK,E06_KO_QK_2024-05-02_000002134424000017.txt,"The net impact of the Company’s issuances of stock and share repurchases during the three months ended March 29, 2024 resulted in a net cash outflow of $412 million."
KO,share,QK,E06_KO_QK_2024-05-02_000002134424000017.txt,The Company repurchased 12.4 million shares of common stock under the share repurchase plan authorized by our Board of Directors.
KO,share,QK,E06_KO_QK_2024-05-02_000002134424000017.txt,"These shares were repurchased at an average cost of $60.52 per share, for a total cost of $749 million."
KO,share,QK,E06_KO_QK_2024-05-02_000002134424000017.txt,"The net impact of the Company’s issuances of stock and share repurchases during the three months ended March 31, 2023 resulted in a net cash outflow of $619 million."
KO,share,QK,E06_KO_QK_2024-05-02_000002134424000017.txt,Our Board of Directors approved the Company’s regular quarterly dividend of $0.485 per share at its May 2024 meeting.
KO,share,QK,E06_KO_QK_2024-05-02_000002134424000017.txt,"2 In February 2019, the Company publicly announced that our Board of Directors had authorized a plan (“2019 Plan”) for the Company to purchase up to 150 million shares of our common stock."
KO,share,QK,E06_KO_QK_2024-07-29_000002134424000044.txt,"Class of Common Stock Shares Outstanding as of July 25, 2024 $0.25 Par Value 4,309,868,150 THE COCA-COLA COMPANY AND SUBSIDIARIES Table of Contents Page Forward-Looking Statements 1 Part I."
KO,bottling,QK,E06_KO_QK_2024-07-29_000002134424000044.txt,"Divestitures Proceeds from disposals of businesses, equity method investments and nonmarketable securities during the six months ended June 28, 2024 totaled $ 2,907 million, which primarily related to the refranchising of the Company’s bottling operations that were classified as held for sale as of December 31, 2023."
KO,bottling,QK,E06_KO_QK_2024-07-29_000002134424000044.txt,The Company also refranchised its bottling operations in Vietnam in January 2023 and recognized a net gain of $ 439 million as a result of the sale.
KO,bottling,QK,E06_KO_QK_2024-07-29_000002134424000044.txt,"The Company refranchised its bottling operations in certain territories in India in January and February of 2024, for which we received net cash proceeds of $ 476 million and recognized a net gain of $ 290 million, including the impact of post-closing adjustments."
KO,bottling,QK,E06_KO_QK_2024-07-29_000002134424000044.txt,"Additionally, in February 2024, the Company refranchised its bottling operations in the Philippines to CCEP and a local business partner, for which we received net cash proceeds of $ 1,656 million and recognized a net gain of $ 599 million."
KO,bottling,QK,E06_KO_QK_2024-07-29_000002134424000044.txt,"In addition, other operating charges included $ 7 million of transaction costs related to the refranchising of our bottling operations in certain territories in India and $ 7 million for the amortization of noncompete agreements related to the BodyArmor acquisition."
KO,bottling,QK,E06_KO_QK_2024-07-29_000002134424000044.txt,"During the six months ended June 28, 2024, the Company recognized net gains of $ 599 million and $ 290 million related to the refranchising of our bottling operations in the Philippines and certain territories in India, respectively."
KO,bottling,QK,E06_KO_QK_2024-07-29_000002134424000044.txt,These gains were partially offset by an other-than-temporary impairment charge of $ 34 million related to an equity method investee in Latin America and a loss of $ 7 million related to post-closing adjustments for the refranchising of our bottling operations in Vietnam in 2023.
KO,bottling,QK,E06_KO_QK_2024-07-29_000002134424000044.txt,"During the six months ended June 30, 2023, the Company recognized a net gain of $ 439 million related to the refranchising of our bottling operations in Vietnam."
KO,bottling,QK,E06_KO_QK_2024-07-29_000002134424000044.txt,• Income (loss) before income taxes was reduced by $ 21 million for Bottling Investments and $ 3 million for Latin America due to the Company’s proportionate share of significant operating and nonoperating items recorded by certain of our equity method investees.
KO,bottling,QK,E06_KO_QK_2024-07-29_000002134424000044.txt,• Income (loss) before income taxes was reduced by $ 2 million for Bottling Investments due to the Company’s proportionate share of significant operating and nonoperating items recorded by certain of our equity method investees.
KO,bottling,QK,E06_KO_QK_2024-07-29_000002134424000044.txt,• Operating income (loss) and income (loss) before income taxes were reduced by $ 7 million for Corporate due to transaction costs related to the refranchising of our bottling operations in certain territories in India.
KO,bottling,QK,E06_KO_QK_2024-07-29_000002134424000044.txt,• Income (loss) before income taxes was increased by $ 599 million for Corporate due to the refranchising of our bottling operations in the Philippines.
KO,bottling,QK,E06_KO_QK_2024-07-29_000002134424000044.txt,"• Income (loss) before income taxes was increased by $ 290 million for Corporate due to the refranchising of our bottling operations in certain territories in India, including the impact of post-closing adjustments."
KO,bottling,QK,E06_KO_QK_2024-07-29_000002134424000044.txt,"• Income (loss) before income taxes was reduced by $ 44 million for Bottling Investments, $ 3 million for Latin America and $ 2 million for Corporate due to the Company’s proportionate share of significant operating and nonoperating items recorded by certain of our equity method investees."
KO,bottling,QK,E06_KO_QK_2024-07-29_000002134424000044.txt,• Income (loss) before income taxes was reduced by $ 7 million for Corporate related to post-closing adjustments for the refranchising of our bottling operations in Vietnam.
KO,bottling,QK,E06_KO_QK_2024-07-29_000002134424000044.txt,• Income (loss) before income taxes was increased by $ 439 million for Corporate due to the refranchising of our bottling operations in Vietnam.
KO,bottling,QK,E06_KO_QK_2024-07-29_000002134424000044.txt,• Income (loss) before income taxes was reduced by $ 140 million for Asia Pacific and was increased by $ 56 million for Bottling Investments due to the Company’s proportionate share of significant operating and nonoperating items recorded by certain of our equity method investees.
KO,unit case volume,QK,E06_KO_QK_2024-07-29_000002134424000044.txt,"5 After considering the impact of structural changes, unit case volume for Bottling Investments for both the three and six months ended June 28, 2024 grew 7%."
KO,concentrate sales,QK,E06_KO_QK_2024-07-29_000002134424000044.txt,"6 After considering the impact of structural changes, worldwide concentrate sales volume for the three and six months ended June 28, 2024 grew 6% and 2%, respectively."
KO,concentrate sales,QK,E06_KO_QK_2024-07-29_000002134424000044.txt,"7 After considering the impact of structural changes, concentrate sales volume for Asia Pacific for the three and six months ended June 28, 2024 grew 7% and 3%, respectively."
KO,unit case volume,QK,E06_KO_QK_2024-07-29_000002134424000044.txt,"Three Months Ended June 28, 2024 versus Three Months Ended June 30, 2023 Unit case volume in Europe, Middle East and Africa was even, which included 5% growth in water, sports, coffee and tea, and 1% growth in sparkling flavors, offset by a 1% decline in Trademark Coca-Cola and a 3% decline in juice, value-added dairy and plant-based beverages."
KO,unit case volume,QK,E06_KO_QK_2024-07-29_000002134424000044.txt,"The operating segment reported an increase in unit case volume of 5% in the Africa operating unit, offset by declines of 1% in the Europe operating unit and 2% in the Eurasia and Middle East operating unit."
KO,unit case volume,QK,E06_KO_QK_2024-07-29_000002134424000044.txt,"Unit case volume in Latin America increased 5%, which included 6% growth in Trademark Coca-Cola, 5% growth in water, sports, coffee and tea, and 1% growth in both sparkling flavors and juice, value-added dairy and plant-based beverages."
KO,unit case volume,QK,E06_KO_QK_2024-07-29_000002134424000044.txt,"Unit case volume in North America decreased 1%, which included a 5% decline in water, sports, coffee and tea, a 1% decline in Trademark Coca-Cola and a 2% decline in sparkling flavors, partially offset by 4% growth in juice, value-added dairy and plant-based beverages."
KO,unit case volume,QK,E06_KO_QK_2024-07-29_000002134424000044.txt,"Unit case volume in Asia Pacific increased 3%, which included 8% growth in sparkling flavors and 4% growth in both Trademark Coca-Cola and juice, value-added dairy and plant-based beverages, partially offset by a 4% decline in water, sports, coffee and tea."
KO,unit case volume,QK,E06_KO_QK_2024-07-29_000002134424000044.txt,"The operating segment’s volume performance included 15% growth in the India and Southwest Asia operating unit and 5% growth in both the ASEAN and South Pacific operating unit and Japan and South Korea operating unit, partially offset by a decline in unit case volume of 7% in the Greater China and Mongolia operating unit."
KO,unit case volume,QK,E06_KO_QK_2024-07-29_000002134424000044.txt,"Unit case volume for Global Ventures increased 3%, driven by growth in energy drinks, partially offset by a 7% decline in water, sports, coffee and tea, and a 2% decline in juice, value-added dairy and plant-based beverages."
KO,unit case volume,QK,E06_KO_QK_2024-07-29_000002134424000044.txt,"Unit case volume for Bottling Investments decreased 27%, driven by the impact of refranchising our bottling operations in the Philippines, Bangladesh and certain territories in India."
KO,unit case volume,QK,E06_KO_QK_2024-07-29_000002134424000044.txt,"Six Months Ended June 28, 2024 versus Six Months Ended June 30, 2023 Unit case volume in Europe, Middle East and Africa increased 1%, which included 7% growth in water, sports, coffee and tea, and 1% growth in sparkling flavors, partially offset by a 1% decline in juice, value-added dairy and plant-based beverages."
KO,unit case volume,QK,E06_KO_QK_2024-07-29_000002134424000044.txt,"The operating segment reported an increase in unit case volume of 7% in the Africa operating unit, partially offset by declines of 2% in the Eurasia and Middle East operating unit and 1% in the Europe operating unit."
KO,unit case volume,QK,E06_KO_QK_2024-07-29_000002134424000044.txt,"Unit case volume in Latin America increased 4%, which included 6% growth in Trademark Coca-Cola, 5% growth in water, sports, coffee and tea, and 1% growth in sparkling flavors."
KO,unit case volume,QK,E06_KO_QK_2024-07-29_000002134424000044.txt,"Unit case volume in North America decreased 1%, which included a 5% decline in water, sports, coffee and tea, and a 1% decline in sparkling flavors, partially offset by 4% growth in juice, value-added dairy and plant-based beverages."
KO,unit case volume,QK,E06_KO_QK_2024-07-29_000002134424000044.txt,"Unit case volume in Asia Pacific increased 1%, which included 4% growth in sparkling flavors, 3% growth in Trademark Coca-Cola and 2% growth in juice, value-added dairy and plant-based beverages, partially offset by a 7% decline in water, sports, coffee and tea."
KO,unit case volume,QK,E06_KO_QK_2024-07-29_000002134424000044.txt,"The operating segment’s volume performance included 10% growth in the India and Southwest Asia operating unit, 6% growth in the ASEAN and South Pacific operating unit and 3% growth in the Japan and South Korea operating unit, partially offset by a decline in unit case volume of 9% in the Greater China and Mongolia operating unit."
KO,unit case volume,QK,E06_KO_QK_2024-07-29_000002134424000044.txt,"Unit case volume for Global Ventures increased 2%, driven by growth in energy drinks, partially offset by a 6% decline in water, sports, coffee and tea."
KO,unit case volume,QK,E06_KO_QK_2024-07-29_000002134424000044.txt,"Unit case volume for Bottling Investments decreased 17%, driven by the impact of refranchising our bottling operations in the Philippines, Bangladesh and certain territories in India."
KO,unit case volume,QK,E06_KO_QK_2024-07-29_000002134424000044.txt,"Concentrate Sales Volume During the three months ended June 28, 2024, worldwide concentrate sales volume increased 5% and unit case volume increased 2% compared to the three months ended June 30, 2023."
KO,unit case volume,QK,E06_KO_QK_2024-07-29_000002134424000044.txt,"During the six months ended June 28, 2024, worldwide concentrate sales volume increased 1% and unit case volume increased 2% compared to the six months ended June 30, 2023."
KO,bottling,QK,E06_KO_QK_2024-07-29_000002134424000044.txt,"In addition, other operating charges included $7 million of transaction costs related to the refranchising of our bottling operations in certain territories in India and $7 million for the amortization of noncompete agreements related to the BodyArmor acquisition."
KO,concentrate sales,QK,E06_KO_QK_2024-07-29_000002134424000044.txt,The increase was driven by an increase in concentrate sales volume of 6% and favorable pricing initiatives.
KO,concentrate sales,QK,E06_KO_QK_2024-07-29_000002134424000044.txt,"The increase in operating income was primarily driven by concentrate sales volume growth of 5% and favorable pricing initiatives, partially offset by higher commodity costs, increased marketing spending, higher operating expenses and an unfavorable foreign currency exchange rate impact of 22%."
KO,concentrate sales,QK,E06_KO_QK_2024-07-29_000002134424000044.txt,"The increase in operating income was primarily driven by an increase in concentrate sales volume of 9% and favorable pricing initiatives, partially offset by increased marketing spending, higher operating expenses and an unfavorable foreign currency exchange rate impact of 13%."
KO,concentrate sales,QK,E06_KO_QK_2024-07-29_000002134424000044.txt,"The increase in operating income was primarily driven by favorable pricing initiatives, partially offset by a decline in concentrate sales volume of 1%, higher commodity costs, increased marketing spending and higher operating expenses."
KO,concentrate sales,QK,E06_KO_QK_2024-07-29_000002134424000044.txt,"The decrease in operating income was primarily driven by higher commodity costs, increased marketing spending, the impact of acquired brands and structural changes, and an unfavorable foreign currency exchange rate impact of 7%, partially offset by an increase in concentrate sales volume of 7% and lower other operating charges."
KO,concentrate sales,QK,E06_KO_QK_2024-07-29_000002134424000044.txt,"The increase in operating income was primarily driven by concentrate sales volume growth of 3%, decreased marketing spending and a favorable foreign currency exchange rate impact of 1%, partially offset by higher operating expenses."
KO,bottling,QK,E06_KO_QK_2024-07-29_000002134424000044.txt,"Bottling Investments’ operating income for the three months ended June 28, 2024 and June 30, 2023 was $98 million and $122 million, respectively."
KO,unit case volume,QK,E06_KO_QK_2024-07-29_000002134424000044.txt,"and an unfavorable foreign currency exchange rate impact of 3%, partially offset by unit case volume growth of 7% and favorable pricing initiatives."
KO,concentrate sales,QK,E06_KO_QK_2024-07-29_000002134424000044.txt,These items were partially offset by an increase in concentrate sales volume of 2% and favorable pricing initiatives.
KO,concentrate sales,QK,E06_KO_QK_2024-07-29_000002134424000044.txt,"The increase in operating income was primarily driven by concentrate sales volume growth of 4% and favorable pricing initiatives, partially offset by higher commodity costs, increased marketing spending, higher operating expenses and an unfavorable foreign currency exchange rate impact of 10%."
KO,concentrate sales,QK,E06_KO_QK_2024-07-29_000002134424000044.txt,"The increase in operating income was primarily driven by concentrate sales volume growth of 3%, favorable pricing initiatives, lower other operating charges, and the impact of acquired brands and structural changes, partially offset by higher commodity costs, increased marketing spending and an unfavorable foreign currency exchange rate impact of 4%."
KO,concentrate sales,QK,E06_KO_QK_2024-07-29_000002134424000044.txt,"The increase in operating income was primarily driven by concentrate sales volume growth of 2% and a favorable foreign currency exchange rate impact of 1%, partially offset by increased marketing spending and higher operating expenses."
KO,bottling,QK,E06_KO_QK_2024-07-29_000002134424000044.txt,"Bottling Investments’ operating income for the six months ended June 28, 2024 and June 30, 2023 was $254 million and $261 million, respectively."
KO,share,QK,E06_KO_QK_2024-07-29_000002134424000044.txt,"The decrease reflects, among other items, the impact of the sale of our ownership interest in certain of our equity method investees, a $22 million increase in net charges resulting from the Company’s proportionate share of significant operating and nonoperating items recorded by certain of our equity method investees and an unfavorable foreign currency exchange rate impact."
KO,share,QK,E06_KO_QK_2024-07-29_000002134424000044.txt,"The increase reflects, among other items, the impact of more favorable operating results reported by certain of our equity method investees in the current year and a $35 million decrease in net charges resulting from the Company’s proportionate share of significant operating and nonoperating items recorded by certain of our equity method investees."
KO,bottling,QK,E06_KO_QK_2024-07-29_000002134424000044.txt,"The Company recognized net gains of $599 million and $290 million related to the refranchising of our bottling operations in the Philippines and certain territories in India, respectively."
KO,bottling,QK,E06_KO_QK_2024-07-29_000002134424000044.txt,The Company recognized a net gain of $439 million related to the refranchising of our bottling operations in Vietnam.
KO,bottling,QK,E06_KO_QK_2024-07-29_000002134424000044.txt,"The activity during the six months ended June 28, 2024 included the collection of $69 million of deferred proceeds related to the refranchising of our bottling operations in Vietnam."
KO,share,QK,E06_KO_QK_2024-07-29_000002134424000044.txt,The Company repurchased 12.9 million shares of common stock under the share repurchase plan authorized by our Board of Directors.
KO,share,QK,E06_KO_QK_2024-07-29_000002134424000044.txt,"These shares were repurchased at an average cost of $60.38 per share, for a total cost of $777 million."
KO,share,QK,E06_KO_QK_2024-07-29_000002134424000044.txt,"The net impact of the Company’s issuances of stock and share repurchases during the six months ended June 28, 2024 resulted in a net cash outflow of $437 million."
KO,share,QK,E06_KO_QK_2024-07-29_000002134424000044.txt,The Company repurchased 16.1 million shares of common stock under the share repurchase plan authorized by our Board of Directors.
KO,share,QK,E06_KO_QK_2024-07-29_000002134424000044.txt,"These shares were repurchased at an average cost of $60.94 per share, for a total cost of $980 million."
KO,share,QK,E06_KO_QK_2024-07-29_000002134424000044.txt,"The net impact of the Company’s issuances of stock and share repurchases during the six months ended June 30, 2023 resulted in a net cash outflow of $725 million."
KO,share,QK,E06_KO_QK_2024-07-29_000002134424000044.txt,Our Board of Directors approved the Company’s regular quarterly dividend of $0.485 per share at its July 2024 meeting.
KO,share,QK,E06_KO_QK_2024-07-29_000002134424000044.txt,"2 In February 2019, the Company publicly announced that our Board of Directors had authorized a plan (“2019 Plan”) for the Company to purchase up to 150 million shares of our common stock."
KO,share,QK,E06_KO_QK_2024-10-24_000002134424000060.txt,"Class of Common Stock Shares Outstanding as of October 22, 2024 $0.25 Par Value 4,307,797,138 THE COCA-COLA COMPANY AND SUBSIDIARIES Table of Contents Page Forward-Looking Statements 1 Part I."
KO,bottling,QK,E06_KO_QK_2024-10-24_000002134424000060.txt,"Divestitures Proceeds from disposals of businesses, equity method investments and nonmarketable securities during the nine months ended September 27, 2024 totaled $ 3,468 million, which primarily related to the refranchising of the Company’s bottling operations that were classified as held for sale as of December 31, 2023."
KO,bottling,QK,E06_KO_QK_2024-10-24_000002134424000060.txt,The Company also refranchised its bottling operations in Vietnam in January 2023 and recognized a net gain of $ 439 million as a result of the sale.
KO,bottling,QK,E06_KO_QK_2024-10-24_000002134424000060.txt,"The Company refranchised its bottling operations in certain territories in India in January and February of 2024, for which we received net cash proceeds of $ 474 million and recognized a net gain of $ 290 million, including the impact of post-closing adjustments."
KO,bottling,QK,E06_KO_QK_2024-10-24_000002134424000060.txt,"Additionally, in February 2024, the Company refranchised its bottling operations in the Philippines to CCEP and a local business partner, for which we received net cash proceeds of $ 1,652 million and recognized a net gain of $ 595 million, 7 including the impact of post-closing adjustments."
KO,bottling,QK,E06_KO_QK_2024-10-24_000002134424000060.txt,"In addition, other operating charges included $ 11 million for the amortization of noncompete agreements related to the BodyArmor acquisition, $ 7 million of transaction costs related to the refranchising of our bottling operations in certain territories in India and $ 2 million of transaction costs related to the sale of a portion of our interest in Coke Consolidated."
KO,bottling,QK,E06_KO_QK_2024-10-24_000002134424000060.txt,These gains were partially offset by a charge of $ 10 million related to post-closing adjustments for the sale of our ownership interest in an equity method investee in Thailand and a charge of $ 4 million related to post-closing adjustments for the refranchising of our bottling operations in the Philippines.
KO,bottling,QK,E06_KO_QK_2024-10-24_000002134424000060.txt,These gains were partially offset by an other-than-temporary impairment charge of $ 34 million related to an equity method investee in Latin America and a loss of $ 7 million related to post-closing adjustments for the refranchising of our bottling operations in Vietnam in 2023.
KO,bottling,QK,E06_KO_QK_2024-10-24_000002134424000060.txt,"During the nine months ended September 29, 2023, the Company recognized a net gain of $ 439 million related to the refranchising of our bottling operations in Vietnam."
KO,bottling,QK,E06_KO_QK_2024-10-24_000002134424000060.txt,• Income (loss) before income taxes was increased by $ 4 million for Bottling Investments due to the Company’s proportionate share of significant operating and nonoperating items recorded by certain of our equity method investees.
KO,bottling,QK,E06_KO_QK_2024-10-24_000002134424000060.txt,"• Income (loss) before income taxes was decreased by $ 10 million and $ 4 million for Corporate due to post-closing adjustments related to the sale of our ownership interest in an equity method investee in Thailand and related to the refranchising of our bottling operations in the Philippines, respectively."
KO,bottling,QK,E06_KO_QK_2024-10-24_000002134424000060.txt,• Income (loss) before income taxes was reduced by $ 6 million for Asia Pacific and $ 42 million for Bottling Investments due to the Company’s proportionate share of significant operating and nonoperating items recorded by certain of our equity method investees.
KO,bottling,QK,E06_KO_QK_2024-10-24_000002134424000060.txt,• Operating income (loss) and income (loss) before income taxes were reduced by $ 7 million for Corporate due to transaction costs related to the refranchising of our bottling operations in certain territories in India.
KO,bottling,QK,E06_KO_QK_2024-10-24_000002134424000060.txt,"• Income (loss) before income taxes was increased by $ 595 million for Corporate due to the refranchising of our bottling operations in the Philippines, including the impact of post-closing adjustments."
KO,bottling,QK,E06_KO_QK_2024-10-24_000002134424000060.txt,"• Income (loss) before income taxes was increased by $ 290 million for Corporate due to the refranchising of our bottling operations in certain territories in India, including the impact of post-closing adjustments."
KO,bottling,QK,E06_KO_QK_2024-10-24_000002134424000060.txt,"• Income (loss) before income taxes was reduced by $ 40 million for Bottling Investments, $ 3 million for Latin America and $ 2 million for Corporate due to the Company’s proportionate share of significant operating and nonoperating items recorded by certain of our equity method investees."
KO,bottling,QK,E06_KO_QK_2024-10-24_000002134424000060.txt,• Income (loss) before income taxes was reduced by $ 7 million for Corporate related to post-closing adjustments for the refranchising of our bottling operations in Vietnam.
KO,bottling,QK,E06_KO_QK_2024-10-24_000002134424000060.txt,• Income (loss) before income taxes was increased by $ 439 million for Corporate due to the refranchising of our bottling operations in Vietnam.
KO,bottling,QK,E06_KO_QK_2024-10-24_000002134424000060.txt,• Income (loss) before income taxes was reduced by $ 146 million for Asia Pacific and was increased by $ 14 million for Bottling Investments due to the Company’s proportionate share of significant operating and nonoperating items recorded by certain of our equity method investees.
KO,unit case volume,QK,E06_KO_QK_2024-10-24_000002134424000060.txt,"5 After considering the impact of structural changes, unit case volume for Bottling Investments for the three and nine months ended September 27, 2024 declined 1% and grew 5%, respectively."
KO,concentrate sales,QK,E06_KO_QK_2024-10-24_000002134424000060.txt,"6 After considering the impact of structural changes, worldwide concentrate sales volume for the three and nine months ended September 27, 2024 declined 2% and grew 1%, respectively."
KO,concentrate sales,QK,E06_KO_QK_2024-10-24_000002134424000060.txt,"7 After considering the impact of structural changes, concentrate sales volume for Asia Pacific for the three and nine months ended September 27, 2024 declined 4% and grew 1%, respectively."
KO,unit case volume,QK,E06_KO_QK_2024-10-24_000002134424000060.txt,"Three Months Ended September 27, 2024 versus Three Months Ended September 29, 2023 Unit case volume in Europe, Middle East and Africa decreased 2%, which included a 3% decline in Trademark Coca-Cola, a 2% decline in sparkling flavors and a 5% decline in juice, value-added dairy and plant-based beverages, partially offset by 1% growth in water, sports, coffee and tea."
KO,unit case volume,QK,E06_KO_QK_2024-10-24_000002134424000060.txt,"Unit case volume in Latin America was even, which included 2% growth in Trademark Coca-Cola, offset by a 3% decline in water, sports, coffee and tea, a 4% decline in sparkling flavors, and a 3% decline in juice, value-added dairy and plant-based 37 beverages."
KO,unit case volume,QK,E06_KO_QK_2024-10-24_000002134424000060.txt,"Unit case volume in North America was even, which included 2% growth in Trademark Coca-Cola and 1% growth in both juice, value-added dairy and plant-based beverages as well as sparkling flavors, offset by a 6% decline in water, sports, coffee and tea."
KO,unit case volume,QK,E06_KO_QK_2024-10-24_000002134424000060.txt,"Unit case volume in Asia Pacific decreased 2%, which included a 5% decline in both water, sports, coffee and tea as well as juice, value-added dairy and plant-based beverages, partially offset by 1% growth in Trademark Coca-Cola."
KO,unit case volume,QK,E06_KO_QK_2024-10-24_000002134424000060.txt,"The operating segment’s volume performance included a decline in unit case volume of 5% in the Greater China and Mongolia operating unit and a decline of 1% in the ASEAN and South Pacific operating unit, partially offset by growth of 4% in the Japan and South Korea operating unit."
KO,unit case volume,QK,E06_KO_QK_2024-10-24_000002134424000060.txt,"Unit case volume for Global Ventures increased 1%, driven by growth in energy drinks and 3% growth in juice, value-added dairy and plant-based beverages, partially offset by an 8% decline in water, sports, coffee and tea."
KO,unit case volume,QK,E06_KO_QK_2024-10-24_000002134424000060.txt,"Unit case volume for Bottling Investments decreased 31%, driven by the impact of refranchising our bottling operations in the Philippines, Bangladesh and certain territories in India."
KO,unit case volume,QK,E06_KO_QK_2024-10-24_000002134424000060.txt,"Nine Months Ended September 27, 2024 versus Nine Months Ended September 29, 2023 Unit case volume in Europe, Middle East and Africa was even, which included 4% growth in water, sports, coffee and tea, offset by a 1% decline in Trademark Coca-Cola and a 2% decline in juice, value-added dairy and plant-based beverages."
KO,unit case volume,QK,E06_KO_QK_2024-10-24_000002134424000060.txt,"The operating segment reported an increase in unit case volume of 4% in the Africa operating unit, offset by a decline of 4% in the Eurasia and Middle East operating unit."
KO,unit case volume,QK,E06_KO_QK_2024-10-24_000002134424000060.txt,"Unit case volume in Latin America increased 3%, which included 5% growth in Trademark Coca-Cola and 2% growth in water, sports, coffee and tea, partially offset by a 1% decline in both sparkling flavors and juice, value-added dairy and plant-based beverages."
KO,unit case volume,QK,E06_KO_QK_2024-10-24_000002134424000060.txt,"Unit case volume in North America decreased 1%, which included a 5% decline in water, sports, coffee and tea, partially offset by 3% growth in juice, value-added dairy and plant-based beverages."
KO,unit case volume,QK,E06_KO_QK_2024-10-24_000002134424000060.txt,"Unit case volume in Asia Pacific was even, which included 3% growth in sparkling flavors and 2% growth in Trademark Coca-Cola, offset by a 6% decline in water, sports, coffee and tea."
KO,unit case volume,QK,E06_KO_QK_2024-10-24_000002134424000060.txt,"The operating segment’s volume performance included 7% growth in the India and Southwest Asia operating unit, 3% growth in the ASEAN and South Pacific operating unit and 4% growth in the Japan and South Korea operating unit, offset by a decline in unit case volume of 7% in the Greater China and Mongolia operating unit."
KO,unit case volume,QK,E06_KO_QK_2024-10-24_000002134424000060.txt,"Unit case volume for Global Ventures increased 2%, driven by growth in energy drinks and 1% growth in juice, value-added dairy and plant-based beverages, partially offset by a 7% decline in water, sports, coffee and tea."
KO,unit case volume,QK,E06_KO_QK_2024-10-24_000002134424000060.txt,"Unit case volume for Bottling Investments decreased 22%, driven by the impact of refranchising our bottling operations in the Philippines, Bangladesh and certain territories in India."
KO,unit case volume,QK,E06_KO_QK_2024-10-24_000002134424000060.txt,"Concentrate Sales Volume During the three months ended September 27, 2024, worldwide concentrate sales volume and unit case volume both decreased 1% compared to the three months ended September 29, 2023."
KO,unit case volume,QK,E06_KO_QK_2024-10-24_000002134424000060.txt,"During the nine months ended September 27, 2024, worldwide concentrate sales volume was even and unit case volume increased 1% compared to the nine months ended September 29, 2023."
KO,bottling,QK,E06_KO_QK_2024-10-24_000002134424000060.txt,"In addition, other operating charges included $11 million for the amortization of noncompete agreements related to the BodyArmor acquisition, $7 million of transaction costs related to the refranchising of our bottling operations in certain territories in India and $2 million of transaction costs related to the sale of a portion of our interest in Coke Consolidated."
KO,concentrate sales,QK,E06_KO_QK_2024-10-24_000002134424000060.txt,a decrease in concentrate sales volume of 2%;
KO,concentrate sales,QK,E06_KO_QK_2024-10-24_000002134424000060.txt,"The decrease in operating income was primarily driven by a decline in concentrate sales volume of 7%, higher commodity costs, higher operating expenses and an unfavorable foreign currency exchange rate impact of 12%, partially offset by favorable pricing initiatives and the timing of marketing spending."
KO,concentrate sales,QK,E06_KO_QK_2024-10-24_000002134424000060.txt,"The decrease in operating income was primarily due to increased marketing spending, higher 43 operating expenses, higher other operating charges and an unfavorable foreign currency exchange rate impact of 28%, partially offset by an increase in concentrate sales volume of 2% and favorable pricing initiatives."
KO,concentrate sales,QK,E06_KO_QK_2024-10-24_000002134424000060.txt,"The increase in operating income was primarily driven by an increase in concentrate sales volume of 1% and favorable pricing initiatives, partially offset by higher commodity costs, increased marketing spending, higher operating expenses and an unfavorable foreign currency exchange rate impact of 1%."
KO,concentrate sales,QK,E06_KO_QK_2024-10-24_000002134424000060.txt,"The decrease in operating income was primarily driven by a decrease in concentrate sales volume of 4%, higher commodity costs and an unfavorable foreign currency exchange rate impact of 18%, partially offset by favorable pricing initiatives and the timing of marketing spending."
KO,concentrate sales,QK,E06_KO_QK_2024-10-24_000002134424000060.txt,"The decrease in operating income was primarily driven by higher operating expenses, partially offset by concentrate sales volume growth of 1% and lower commodity costs."
KO,bottling,QK,E06_KO_QK_2024-10-24_000002134424000060.txt,"Bottling Investments’ operating income for the three months ended September 27, 2024 and September 29, 2023 was $43 million and $132 million, respectively."
KO,concentrate sales,QK,E06_KO_QK_2024-10-24_000002134424000060.txt,These items were partially offset by an increase in concentrate sales volume of 1% and favorable pricing initiatives.
KO,concentrate sales,QK,E06_KO_QK_2024-10-24_000002134424000060.txt,"The decrease in operating income was primarily driven by a decrease in concentrate sales volume of 3%, higher commodity costs, increased marketing spending, higher operating expenses and an unfavorable foreign currency exchange rate impact of 16%, partially offset by favorable pricing initiatives."
KO,concentrate sales,QK,E06_KO_QK_2024-10-24_000002134424000060.txt,"The increase in operating income was primarily driven by concentrate sales volume growth of 4% and favorable pricing initiatives, partially offset by higher commodity costs, increased marketing spending, higher operating expenses, higher other operating charges and an unfavorable foreign currency exchange rate impact of 16%."
KO,concentrate sales,QK,E06_KO_QK_2024-10-24_000002134424000060.txt,"The increase in operating income was primarily driven by concentrate sales volume growth of 44 1%, favorable pricing initiatives, lower other operating charges and the impact of acquired brands and structural changes, partially offset by higher commodity costs and an unfavorable foreign currency exchange rate impact of 8%."
KO,concentrate sales,QK,E06_KO_QK_2024-10-24_000002134424000060.txt,"The increase in operating income was primarily driven by concentrate sales volume growth of 2%, lower commodity costs and a favorable foreign currency exchange rate impact of 1%, partially offset by higher operating expenses."
KO,bottling,QK,E06_KO_QK_2024-10-24_000002134424000060.txt,"Bottling Investments’ operating income for the nine months ended September 27, 2024 and September 29, 2023 was $297 million and $393 million, respectively."
KO,share,QK,E06_KO_QK_2024-10-24_000002134424000060.txt,"The increase reflects, among other items, the impact of more favorable operating results reported by certain of our equity method investees in the current year and a $52 million decrease in net charges resulting from the Company’s proportionate share of significant operating and nonoperating items recorded by certain of our equity method investees."
KO,bottling,QK,E06_KO_QK_2024-10-24_000002134424000060.txt,"The Company recognized a net gain of $595 million related to the refranchising of our bottling operations in the Philippines, including the impact of post-closing adjustments, and recognized a net gain of $506 million related to the sale of our ownership interest in an equity method investee in Thailand, including the impact of post-closing adjustments."
KO,bottling,QK,E06_KO_QK_2024-10-24_000002134424000060.txt,The Company recognized a net gain of $439 million related to the refranchising of our bottling operations in Vietnam.
KO,bottling,QK,E06_KO_QK_2024-10-24_000002134424000060.txt,"The activity during the nine months ended September 27, 2024 included the receipt of a $100 million installment payment on the note receivable related to the sale of our ownership interest in an equity method investee in Pakistan in 2023 and the collection of $69 million of deferred proceeds related to the refranchising of our bottling operations in Vietnam."
KO,share,QK,E06_KO_QK_2024-10-24_000002134424000060.txt,The Company repurchased 18.0 million shares of common stock under the share repurchase plan authorized by our Board of Directors.
KO,share,QK,E06_KO_QK_2024-10-24_000002134424000060.txt,"These shares were repurchased at an average cost of $63.03 per share, for a total cost of $1,135 million."
KO,share,QK,E06_KO_QK_2024-10-24_000002134424000060.txt,"The net impact of the Company’s issuances of stock and share repurchases during the nine months ended September 27, 2024 resulted in a net cash outflow of $511 million."
KO,share,QK,E06_KO_QK_2024-10-24_000002134424000060.txt,The Company repurchased 17.9 million shares of common stock under the share repurchase plan authorized by our Board of Directors.
KO,share,QK,E06_KO_QK_2024-10-24_000002134424000060.txt,"These shares were repurchased at an average cost of $60.79 per share, for a total cost of $1,088 million."
KO,share,QK,E06_KO_QK_2024-10-24_000002134424000060.txt,"The net impact of the Company’s issuances of stock and share repurchases during the nine months ended September 29, 2023 resulted in a net cash outflow of $769 million."
KO,share,QK,E06_KO_QK_2024-10-24_000002134424000060.txt,Our Board of Directors approved the Company’s regular quarterly dividend of $0.485 per share at its October 2024 meeting.
KO,share,QK,E06_KO_QK_2024-10-24_000002134424000060.txt,"2 In February 2019, the Company publicly announced that our Board of Directors had authorized a plan (“2019 Plan”) for the Company to purchase up to 150 million shares of our common stock."
MDLZ,organic net revenue,ER,E06_MDLZ_ER_2023-11-01_000110398223000073.txt,"Free Cash Flow 1 was $2.4 billion, up +$0.5 billion vs prior year • Return of capital to shareholders was $2.2 billion in the first nine months of the year • Closed the divestiture of our developed market gum business for $1.4 billion • Raising Organic Net Revenue outlook to 14% to 15% and Adjusted EPS growth outlook to ~16% CHICAGO, Ill."
MDLZ,pricing,ER,E06_MDLZ_ER_2023-11-01_000110398223000073.txt,"Adjusted Gross Profit increased $648 million at constant currency, and Adjusted Gross Profit margin increased 120 basis points to 38.6 percent due to pricing, lower manufacturing costs driven by productivity and favorable product mix, partially offset by higher raw material and transportation costs."
MDLZ,pricing,ER,E06_MDLZ_ER_2023-11-01_000110398223000073.txt,"Adjusted Operating Income increased $307 million at constant currency while Adjusted Operating Income margin increased 60 basis points to 16.7 percent, driven primarily by higher net pricing, lower manufacturing cost driven by productivity, SG&A leverage and favorable product mix, partially offset by input cost inflation."
MDLZ,organic net revenue,ER,E06_MDLZ_ER_2023-11-01_000110398223000073.txt,"For 2023, the company is updating its 2023 fiscal outlook and now expects 14 to 15 percent Organic Net Revenue growth versus the prior outlook of 12+ percent, which reflects the strength of its year-to-date performance."
MDLZ,biscuit,ER,E06_MDLZ_ER_2023-11-01_000110398223000073.txt,"With 2022 net revenues of approximately $31 billion, MDLZ is leading the future of snacking with iconic global and local brands such as Oreo , Ritz, LU, Clif Bar and Tate's Bake Shop biscuits and baked snacks, as well as Cadbury Dairy Milk , Milka and Toblerone chocolate."
MDLZ,gum,ER,E06_MDLZ_ER_2023-11-01_000110398223000073.txt,"On December 16, 2022, the company entered into an agreement to sell our developed market gum business in North America and Europe for $1.4 billion."
MDLZ,chocolate,ER,E06_MDLZ_ER_2023-11-01_000110398223000073.txt,"On January 4, 2021, the company acquired the remaining 93% of equity of Hu Master Holdings, a category leader in premium chocolate in the United States, which provides a strategic complement to the company's snacking portfolio in North America through growth opportunities in chocolate and other offerings in the well-being segment."
MDLZ,biscuit,ER,E06_MDLZ_ER_2023-11-01_000110398223000073.txt,"Intangible asset impairment charges During the company's 2023 annual testing of indefinite-life intangible assets, the company recorded intangible asset impairment charges of $26 million in the third quarter of 2023 related to a chocolate brand in the North America segment and a biscuit brand in the Europe segment."
MDLZ,biscuit,ER,E06_MDLZ_ER_2023-11-01_000110398223000073.txt,"During the first quarter of 2022, the company recorded a $78 million intangible asset impairment charge in AMEA related to one local biscuit brand sold in select markets in AMEA and Europe."
MDLZ,organic net revenue,ER,E06_MDLZ_ER_2024-01-30_000110398224000011.txt,EX-99.1 2 mdlzearningsreleasecontent.htm EX-99.1 Document Exhibit 99.1 Contacts: Tracey Noe (Media) Shep Dunlap (Investors) 1-847-943-5678 1-847-943-5454 news@mdlz.com ir@mdlz.com Mondelēz International Reports Q4 and FY 2023 Results Full Year Highlights • Net revenues for the full year increased +14.4% driven by Organic Net Revenue 1 growth of +14.7% with underlying Volume/Mix of +1.3%.
MDLZ,organic net revenue,ER,E06_MDLZ_ER_2024-01-30_000110398224000011.txt,"For the fourth quarter, Net revenues increased +7.1% driven by Organic Net Revenue 1 growth of +9.8% with underlying Volume/Mix of -0.4% • Diluted EPS was $3.62, up +84.7%;"
MDLZ,organic net revenue,ER,E06_MDLZ_ER_2024-01-30_000110398224000011.txt,"increased dividend per share by 10% • Closed the divestiture of our developed market gum business for $1.4 billion • Expecting for 2024 an on-algorithm year for Organic Net Revenue, Adjusted EPS and Free Cash Flow, with revenue growth at upper end of 3-5% range CHICAGO, Ill."
MDLZ,pricing,ER,E06_MDLZ_ER_2024-01-30_000110398224000011.txt,"Adjusted Gross Profit increased $2,171 million at constant currency, and Adjusted Gross Profit margin increased 30 basis points to 37.5 percent due to pricing, lower manufacturing costs driven by productivity and favorable product mix, partially offset by higher raw material and transportation costs."
MDLZ,pricing,ER,E06_MDLZ_ER_2024-01-30_000110398224000011.txt,"Adjusted Operating Income increased $939 million at constant currency while Adjusted Operating Income margin increased 10 basis points to 15.9 percent, driven primarily by higher net pricing, lower manufacturing cost driven by productivity, SG&A leverage and favorable product mix, partially offset by input cost inflation and higher advertising and consumer promotion costs."
MDLZ,organic net revenue,ER,E06_MDLZ_ER_2024-01-30_000110398224000011.txt,"Fourth Quarter Commentary ◦ Net revenues increased 7.1 percent driven by Organic Net Revenue growth of 9.8 percent, incremental sales from the company's 2022 acquisition of Ricolino and incremental sales from a short-term distributor agreement, partially offset by unfavorable currency and the impact of a divestiture."
MDLZ,pricing,ER,E06_MDLZ_ER_2024-01-30_000110398224000011.txt,"Adjusted Gross Profit increased $531 million at constant currency, and Adjusted Gross Profit margin increased 230 basis points to 38.0 percent due to pricing and lower manufacturing costs driven by productivity, partially offset by higher raw material and transportation costs."
MDLZ,pricing,ER,E06_MDLZ_ER_2024-01-30_000110398224000011.txt,"Adjusted Operating Income increased $153 million at constant currency while Adjusted Operating Income margin increased 40 basis points to 15.1 percent, driven primarily by higher net pricing and lower manufacturing cost driven by productivity, partially offset by input cost inflation, higher SG&A and higher advertising and consumer promotion costs."
MDLZ,organic net revenue,ER,E06_MDLZ_ER_2024-01-30_000110398224000011.txt,"For 2024, the company expects Organic Net Revenue growth of 3 to 5 percent, high single-digit Adjusted EPS growth on a constant currency basis based on 2023 Adjusted EPS incl."
MDLZ,biscuit,ER,E06_MDLZ_ER_2024-01-30_000110398224000011.txt,"With 2023 net revenues of approximately $36 billion, MDLZ is leading the future of snacking with iconic global and local brands such as Oreo , Ritz, LU, Clif Bar and Tate's Bake Shop biscuits and baked snacks, as well as Cadbury Dairy Milk , Milka and Toblerone chocolate."
MDLZ,chocolate,ER,E06_MDLZ_ER_2024-01-30_000110398224000011.txt,"On January 4, 2021, the company acquired the remaining 93% of equity of Hu Master Holdings, a category leader in premium chocolate in the United States, which provides a strategic complement to the company's snacking portfolio in North America through growth opportunities in chocolate and other offerings in the well-being segment."
MDLZ,biscuit,ER,E06_MDLZ_ER_2024-01-30_000110398224000011.txt,"Intangible asset impairment charges During the company's 2023 annual testing of indefinite-life intangible assets, the company recorded intangible asset impairment charges of $26 million in the third quarter of 2023 related to a chocolate brand in the North America segment and a biscuit brand in the Europe segment."
MDLZ,biscuit,ER,E06_MDLZ_ER_2024-01-30_000110398224000011.txt,"During the first quarter of 2022, the company recorded a $78 million intangible asset impairment charge in AMEA related to one local biscuit brand sold in select markets in AMEA and Europe."
MDLZ,pricing,ER,E06_MDLZ_ER_2024-04-30_000110398224000052.txt,"Adjusted Gross Profit increased $384 million at constant currency, and Adjusted Gross Profit margin increased 240 basis points to 39.2 percent due to higher pricing, lower manufacturing costs driven by productivity and favorable product mix, partially offset by higher raw material and transportation costs."
MDLZ,pricing,ER,E06_MDLZ_ER_2024-04-30_000110398224000052.txt,"Adjusted Operating Income increased $256 million at constant currency while Adjusted Operating Income margin increased 160 basis points to 18.5 percent, driven primarily by higher net pricing, lower manufacturing costs driven by productivity and favorable product mix, partially offset by input cost inflation and higher advertising and consumer promotion costs."
MDLZ,organic net revenue,ER,E06_MDLZ_ER_2024-04-30_000110398224000052.txt,"For 2024, the company expects Organic Net Revenue growth of 3 to 5 percent, high single-digit Adjusted EPS growth on a constant currency basis based on 2023 Adjusted EPS incl."
MDLZ,biscuit,ER,E06_MDLZ_ER_2024-04-30_000110398224000052.txt,"With 2023 net revenues of approximately $36 billion, MDLZ is leading the future of snacking with iconic global and local brands such as Oreo , Ritz, LU, Clif Bar and Tate's Bake Shop biscuits and baked snacks, as well as Cadbury Dairy Milk , Milka and Toblerone chocolate."
MDLZ,pricing,ER,E06_MDLZ_ER_2024-04-30_000110398224000052.txt,"Beginning in Q1 2024, due to a significant devaluation of the Argentinean peso that occurred in December 2023 and the resulting distortion it would cause on our non-GAAP constant currency growth rate measures, the company now excludes the impact of pricing in excess of 26% year-over-year (""extreme pricing"") in Argentina."
MDLZ,pricing,ER,E06_MDLZ_ER_2024-04-30_000110398224000052.txt,"The peso's devaluation and potential resulting distortion on the company's non-GAAP Organic Net Revenue, Organic Net Revenue growth and other constant currency growth rate measures resulted in the company's decision to exclude the impact of pricing in excess of 26% year-over-year (""extreme pricing"") in Argentina, from these measures beginning in Q1 2024."
MDLZ,pricing,ER,E06_MDLZ_ER_2024-04-30_000110398224000052.txt,"Currency-related items impacted our non-GAAP financial measures for the three months ended March 31, 2024, as follows: • Organic Net Revenue: In total, unfavorable currency-related items of $132 million (1.5pp) were driven by unfavorable currency translation rate changes of $513 million (5.7pp), partially offset by the adjustment for extreme pricing of $381 million (4.2pp)."
MDLZ,pricing,ER,E06_MDLZ_ER_2024-04-30_000110398224000052.txt,"In Emerging Markets, unfavorable currency-related items of $166 million (4.6pp) were driven by unfavorable currency translation rate changes of $547 million (15.2pp), partially offset by the adjustment for extreme pricing of $381 million (10.6pp).In Developed Markets, favorable currency-related items of $34 million (0.7pp) were driven by favorable currency translation rate changes."
MDLZ,pricing,ER,E06_MDLZ_ER_2024-04-30_000110398224000052.txt,"• Adjusted Operating Income: Unfavorable currency-related items of $70 million were driven by unfavorable currency translation rate changes of $190 million, partially offset by the adjustment for extreme pricing of $120 million."
MDLZ,pricing,ER,E06_MDLZ_ER_2024-04-30_000110398224000052.txt,"• Adjusted EPS: Unfavorable currency-related items of $0.05 were driven by unfavorable currency translation rate changes of $0.13, partially offset by the adjustment for extreme pricing of $0.08."
MDLZ,organic net revenue,ER,E06_MDLZ_ER_2024-07-30_000110398224000091.txt,"Organic Net Revenue 1 grew +2.5% with underlying Volume/Mix of -2.2% • Diluted EPS was $0.45, down -34.8%;"
MDLZ,gum,ER,E06_MDLZ_ER_2024-07-30_000110398224000091.txt,"• Gross profit decreased $557 million, and gross profit margin decreased 590 basis points to 33.5 percent primarily driven by unfavorable year-over-year change in mark-to-market impacts from derivatives and the impact of our 2023 divestiture of the developed market gum business, partially offset by an increase in Adjusted Gross Profit 1 margin."
MDLZ,pricing,ER,E06_MDLZ_ER_2024-07-30_000110398224000091.txt,"Adjusted Gross Profit increased $352 million at constant currency, and Adjusted Gross Profit margin increased 330 basis points to 40.5 percent due primarily to higher pricing and lower manufacturing costs driven by productivity, partially offset by higher raw material and transportation costs."
MDLZ,pricing,ER,E06_MDLZ_ER_2024-07-30_000110398224000091.txt,"Adjusted Operating Income increased $280 million at constant currency while Adjusted Operating Income margin increased 270 basis points to 17.9 percent, driven primarily by higher net pricing, lower manufacturing costs driven by productivity and overhead leverage partially offset by higher advertising and consumer promotion costs and input cost inflation."
MDLZ,organic net revenue,ER,E06_MDLZ_ER_2024-07-30_000110398224000091.txt,"For 2024, the company expects Organic Net Revenue growth to be at the upper end of 3 to 5 percent and high single-digit Adjusted EPS growth on a constant currency basis based on 2023 Adjusted EPS incl."
MDLZ,biscuit,ER,E06_MDLZ_ER_2024-07-30_000110398224000091.txt,"With 2023 net revenues of approximately $36 billion, MDLZ is leading the future of snacking with iconic global and local brands such as Oreo , Ritz, LU, Clif Bar and Tate's Bake Shop biscuits and baked snacks, as well as Cadbury Dairy Milk , Milka and Toblerone chocolate."
MDLZ,pricing,ER,E06_MDLZ_ER_2024-07-30_000110398224000091.txt,"Beginning in Q1 2024, due to a significant devaluation of the Argentinean peso that occurred in December 2023 and the resulting distortion it would cause on our non-GAAP constant currency growth rate measures, the company now excludes the impact of pricing in excess of 26% year-over-year (""extreme pricing"") in Argentina."
MDLZ,pricing,ER,E06_MDLZ_ER_2024-07-30_000110398224000091.txt,"The peso's devaluation and potential resulting distortion on the company's non-GAAP Organic Net Revenue, Organic Net Revenue growth and other constant currency growth rate measures resulted in the company's decision to exclude the impact of pricing in excess of 26% year-over-year (""extreme pricing"") in Argentina, from these measures beginning in Q1 2024."
MDLZ,pricing,ER,E06_MDLZ_ER_2024-07-30_000110398224000091.txt,"Currency-related items impacted the company's non-GAAP financial measures for the three months ended June 30, 2024, as follows: • Organic Net Revenue: In total, unfavorable currency-related items of $216 million (2.6pp) were driven by unfavorable currency translation rate changes of $544 million (6.5pp), partially offset by the adjustment for extreme pricing of $328 million (3.9pp)."
MDLZ,pricing,ER,E06_MDLZ_ER_2024-07-30_000110398224000091.txt,"In Emerging Markets, unfavorable currency-related items of $193 million (5.9pp) were driven by unfavorable currency translation rate changes of $521 million (15.8pp), partially offset by the adjustment for extreme pricing of $328 million (9.9pp)."
MDLZ,pricing,ER,E06_MDLZ_ER_2024-07-30_000110398224000091.txt,"• Adjusted Operating Income: Unfavorable currency-related items of $57 million were driven by unfavorable currency translation rate changes of $119 million, partially offset by the adjustment for extreme pricing of $62 million."
MDLZ,pricing,ER,E06_MDLZ_ER_2024-07-30_000110398224000091.txt,"• Adjusted EPS: Unfavorable currency-related items of $0.04 were driven by unfavorable currency translation rate changes of $0.08, partially offset by the adjustment for extreme pricing of $0.04."
MDLZ,pricing,ER,E06_MDLZ_ER_2024-07-30_000110398224000091.txt,"Currency-related items impacted the company's non-GAAP financial measures for the six months ended June 30, 2024, as follows: • Organic Net Revenue: In total, unfavorable currency-related items of $348 million (2.0pp) were driven by unfavorable currency translation rate changes of $1,057 million (6.1pp), partially offset by the adjustment for extreme pricing of $709 million (4.1pp)."
MDLZ,pricing,ER,E06_MDLZ_ER_2024-07-30_000110398224000091.txt,"In Emerging Markets, unfavorable currency-related items of $359 million (5.2pp) were driven by unfavorable currency translation rate changes of $1,068 million (15.5pp), partially offset by the adjustment for extreme pricing of $709 million (10.3pp)."
MDLZ,pricing,ER,E06_MDLZ_ER_2024-07-30_000110398224000091.txt,"• Adjusted Operating Income: Unfavorable currency-related items of $127 million were driven by unfavorable currency translation rate changes of $309 million, partially offset by the adjustment for extreme pricing of $182 million."
MDLZ,pricing,ER,E06_MDLZ_ER_2024-07-30_000110398224000091.txt,"• Adjusted EPS: Unfavorable currency-related items of $0.07 were driven by unfavorable currency translation rate changes of $0.21, partially offset by the adjustment for extreme pricing of $0.14."
MDLZ,gum,ER,E06_MDLZ_ER_2024-10-29_000110398224000102.txt,"• Gross profit decreased $495 million, and gross profit margin decreased 610 basis points to 32.6 percent primarily driven by unfavorable year-over-year change in mark-to-market impacts from derivatives and the impact of our 2023 divestiture of the developed market gum business, partially offset by an increase in Adjusted Gross Profit 1 margin."
MDLZ,pricing,ER,E06_MDLZ_ER_2024-10-29_000110398224000102.txt,"Adjusted Gross Profit increased $378 million at constant currency, and Adjusted Gross Profit margin increased 230 basis points to 40.5 percent due primarily to higher pricing and lower manufacturing costs driven by productivity, partially offset by higher raw material and transportation costs."
MDLZ,pricing,ER,E06_MDLZ_ER_2024-10-29_000110398224000102.txt,"Adjusted Operating Income increased $316 million at constant currency while Adjusted Operating Income margin increased 270 basis points to 18.9 percent, driven primarily by higher net pricing, lower manufacturing costs driven by productivity and overhead leverage, partially offset by higher input cost inflation."
MDLZ,organic net revenue,ER,E06_MDLZ_ER_2024-10-29_000110398224000102.txt,"For 2024, the company reaffirms Organic Net Revenue growth to be at the upper end of 3 to 5 percent and high single-digit Adjusted EPS growth on a constant currency basis based on 2023 Adjusted EPS incl."
MDLZ,biscuit,ER,E06_MDLZ_ER_2024-10-29_000110398224000102.txt,"With 2023 net revenues of approximately $36 billion, MDLZ is leading the future of snacking with iconic global and local brands such as Oreo , Ritz, LU, Clif Bar and Tate's Bake Shop biscuits and baked snacks, as well as Cadbury Dairy Milk , Milka and Toblerone chocolate."
MDLZ,pricing,ER,E06_MDLZ_ER_2024-10-29_000110398224000102.txt,"Beginning in Q1 2024, due to a significant devaluation of the Argentinean peso that occurred in December 2023 and the resulting distortion it would cause on our non-GAAP constant currency growth rate measures, the company now excludes the impact of pricing in excess of 26% year-over-year (""extreme pricing"") in Argentina."
MDLZ,biscuit,ER,E06_MDLZ_ER_2024-10-29_000110398224000102.txt,"Intangible asset impairment charges During the company's 2024 annual testing of indefinite-life intangible assets, the company recorded intangible asset impairment charges of $153 million in the third quarter of 2024 related to two biscuit brands in the Europe segment, one biscuit brand in the AMEA segment and one candy and one biscuit brand in the Latin America segment."
MDLZ,biscuit,ER,E06_MDLZ_ER_2024-10-29_000110398224000102.txt,"During the company's 2023 annual testing of indefinite-life intangible assets, the company recorded intangible asset impairment charges of $26 million in the third quarter of 2023 related to one chocolate brand in the North America segment and one biscuit brand in the Europe segment."
MDLZ,pricing,ER,E06_MDLZ_ER_2024-10-29_000110398224000102.txt,"The peso's devaluation and potential resulting distortion on the company's non-GAAP Organic Net Revenue, Organic Net Revenue growth and other constant currency growth rate measures resulted in the company's decision to exclude the impact of pricing in excess of 26% year-over-year (""extreme pricing"") in Argentina, from these measures beginning in Q1 2024."
MDLZ,pricing,ER,E06_MDLZ_ER_2024-10-29_000110398224000102.txt,"Currency-related items impacted the company's non-GAAP financial measures for the three months ended September 30, 2024, as follows: • Organic Net Revenue: In total, unfavorable currency-related items of $120 million (1.4 pp) were driven by unfavorable currency translation rate changes of $393 million (4.4 pp), partially offset by the adjustment for extreme pricing of $273 million (3.0 pp)."
MDLZ,pricing,ER,E06_MDLZ_ER_2024-10-29_000110398224000102.txt,"In Emerging Markets, unfavorable currency-related items of $170 million (4.8 pp) were driven by unfavorable currency translation rate changes of $443 million (12.6 pp), partially offset by the adjustment for extreme pricing of $273 million (7.8 pp)."
MDLZ,pricing,ER,E06_MDLZ_ER_2024-10-29_000110398224000102.txt,"• Adjusted Operating Income: Unfavorable currency-related items of $16 million were driven by unfavorable currency translation rate changes of $64 million, partially offset by the adjustment for extreme pricing of $48 million."
MDLZ,pricing,ER,E06_MDLZ_ER_2024-10-29_000110398224000102.txt,"• Adjusted EPS: Unfavorable currency-related items were flat as unfavorable currency translation rate changes of $0.04, partially offset by the adjustment for extreme pricing of $0.04."
MDLZ,pricing,ER,E06_MDLZ_ER_2024-10-29_000110398224000102.txt,"Currency-related items impacted the company's non-GAAP financial measures for the nine months ended September 30, 2024, as follows: • Organic Net Revenue: In total, unfavorable currency-related items of $468 million (1.7 pp) were driven by unfavorable currency translation rate changes of $1,450 million (5.5 pp), partially offset by the adjustment for extreme pricing of $982 million (3.8 pp)."
MDLZ,pricing,ER,E06_MDLZ_ER_2024-10-29_000110398224000102.txt,"In Emerging Markets, unfavorable currency-related items of $529 million (5.1 pp) were driven by unfavorable currency translation rate changes of $1,511 million (14.5 pp), partially offset by the adjustment for extreme pricing of $982 million (9.4 pp)."
MDLZ,pricing,ER,E06_MDLZ_ER_2024-10-29_000110398224000102.txt,"• Adjusted Operating Income: Unfavorable currency-related items of $143 million were driven by unfavorable currency translation rate changes of $373 million, partially offset by the adjustment for extreme pricing of $230 million."
MDLZ,pricing,ER,E06_MDLZ_ER_2024-10-29_000110398224000102.txt,"• Adjusted EPS: Unfavorable currency-related items of $0.09 were driven by unfavorable currency translation rate changes of $0.26, partially offset by the adjustment for extreme pricing of $0.17."
MDLZ,gum,QK,E06_MDLZ_QK_2023-11-01_000110398223000075.txt,"10 Table of Contents Divestitures Developed Market Gum - Held for Sale On December 16, 2022, we entered into an agreement to sell our developed market gum business in North America and Europe for $ 1.4 billion."
MDLZ,biscuit,QK,E06_MDLZ_QK_2023-11-01_000110398223000075.txt,"(2) In 2023, we recorded $ 26 million of intangible asset impairment charges related to a chocolate brand in the North America segment for $ 20 million and a biscuit brand in the Europe segment for $ 6 million in the third quarter."
MDLZ,biscuit,QK,E06_MDLZ_QK_2023-11-01_000110398223000075.txt,Our 2023 annual testing of indefinite-life intangible assets resulted in an impairment of $ 26 million related to a chocolate brand in the North America segment and a biscuit brand in the Europe segment.
MDLZ,organic net revenue,QK,E06_MDLZ_QK_2023-11-01_000110398223000075.txt,"• Organic Net Revenue, a non-GAAP financial measure, increased 15.7% to $9.0 billion in the third quarter of 2023 and increased 17.0% to $26.6 billion in the first nine months of 2023 as compared to same periods in the prior year."
MDLZ,organic net revenue,QK,E06_MDLZ_QK_2023-11-01_000110398223000075.txt,Emerging markets net revenues increased 14.0% and emerging markets Organic Net Revenue increased 19.0% (1) .
MDLZ,organic net revenue,QK,E06_MDLZ_QK_2023-11-01_000110398223000075.txt,Developed markets net revenues increased 17.8% and developed markets Organic Net Revenue increased 13.4% (1) .
MDLZ,organic net revenue,QK,E06_MDLZ_QK_2023-11-01_000110398223000075.txt,"Net revenue increase of 16.3% was driven by our underlying Organic Net Revenue growth of 15.7% and the impact of acquisitions, partially offset by unfavorable currency translation."
MDLZ,organic net revenue,QK,E06_MDLZ_QK_2023-11-01_000110398223000075.txt,Emerging markets net revenues increased 17.7% and emerging markets Organic Net Revenue increased 22.5% (1) .
MDLZ,organic net revenue,QK,E06_MDLZ_QK_2023-11-01_000110398223000075.txt,Developed markets net revenues increased 16.7% and developed markets Organic Net Revenue increased 13.5% (1) .
MDLZ,organic net revenue,QK,E06_MDLZ_QK_2023-11-01_000110398223000075.txt,"Net revenue increase of 17.1% was driven by our underlying Organic Net Revenue growth of 17.0% and the impact of acquisitions, partially offset by unfavorable currency translation and the impact of divestitures."
MDLZ,pricing,QK,E06_MDLZ_QK_2023-11-01_000110398223000075.txt,"Segment operating income increased $44 million (39.3%), primarily due to higher net pricing, the impact of our Ricolino acquisition, lower manufacturing costs driven by productivity, favorable currency and favorable volume/mix."
MDLZ,pricing,QK,E06_MDLZ_QK_2023-11-01_000110398223000075.txt,"Nine Months Ended September 30: Net revenues increased $1,129 million (43.2%), due to higher net pricing (32.7 pp), the impact of an acquisition (17.2 pp) and favorable volume/mix (4.5 pp), partially offset by unfavorable currency (10.0 pp) and the impact of divestitures (1.2 pp)."
MDLZ,pricing,QK,E06_MDLZ_QK_2023-11-01_000110398223000075.txt,"Segment operating income increased $124 million (40.7%), primarily due to higher net pricing, the impact of our Ricolino acquisition, favorable volume/mix and lower manufacturing costs driven by productivity."
MDLZ,pricing,QK,E06_MDLZ_QK_2023-11-01_000110398223000075.txt,"Segment operating income increased $45 million (17.5%), primarily due to higher net pricing, lower manufacturing costs driven by productivity, lapping prior-year intangible asset impairment charges and favorable volume/mix."
MDLZ,pricing,QK,E06_MDLZ_QK_2023-11-01_000110398223000075.txt,"Nine Months Ended September 30: Net revenues increased $233 million (4.6%), due to higher net pricing (8.8 pp) and favorable volume/mix (4.2 pp), partially offset by unfavorable currency (8.4 pp)."
MDLZ,pricing,QK,E06_MDLZ_QK_2023-11-01_000110398223000075.txt,"Segment operating income increased $129 million (17.4%), primarily due to higher net pricing, favorable volume/mix, lapping prior-year intangible asset impairment charges and lower manufacturing costs driven by productivity."
MDLZ,pricing,QK,E06_MDLZ_QK_2023-11-01_000110398223000075.txt,"Segment operating income increased $81 million (19.6%), primarily due to higher net pricing, favorable volume/mix, lower manufacturing costs driven by productivity, lower other selling, general and administrative expenses, lower acquisition integration costs and lower costs incurred for the Simplify to Grow program."
MDLZ,pricing,QK,E06_MDLZ_QK_2023-11-01_000110398223000075.txt,"Nine Months Ended September 30: Net revenues increased $1,109 million (13.5%), due to higher net pricing (15.9 pp), partially offset by unfavorable currency (2.4 pp), while volume/mix was flat."
MDLZ,pricing,QK,E06_MDLZ_QK_2023-11-01_000110398223000075.txt,"Segment operating income increased $280 million (23.9%), primarily due to higher net pricing, lapping the prior-year incremental costs incurred due to the war in Ukraine, lower other selling, general and administrative expenses, lower acquisition integration costs, favorable volume/mix and lower manufacturing costs driven by productivity."
MDLZ,pricing,QK,E06_MDLZ_QK_2023-11-01_000110398223000075.txt,"Segment operating income increased $67 million (14.4%), primarily due to higher net pricing, favorable volume/mix, lapping prior-year inventory step-up charges and the impact of our Clif Bar acquisition."
MDLZ,pricing,QK,E06_MDLZ_QK_2023-11-01_000110398223000075.txt,"Nine Months Ended September 30: Net revenues increased $1,430 million (20.8%), due to higher net pricing (10.6 pp), the impact of an acquisition (7.7 pp) and favorable volume/mix (3.0 pp), partially offset by unfavorable currency (0.5 pp)."
MDLZ,pricing,QK,E06_MDLZ_QK_2023-11-01_000110398223000075.txt,"Segment operating income increased $341 million (25.5%), primarily due to higher net pricing, favorable volume/mix, the impact of our Clif Bar acquisition, lapping prior-year inventory step-up charges, lower costs incurred for the Simplify to Grow Program and lower manufacturing costs driven by productivity."
MDLZ,organic net revenue,QK,E06_MDLZ_QK_2024-02-02_000110398224000019.txt,"• Organic Net Revenue, a non-GAAP financial measure, increased 14.7% to $35.6 billion in 2023 and increased 12.3% to $31.7 billion in 2022."
MDLZ,organic net revenue,QK,E06_MDLZ_QK_2024-02-02_000110398224000019.txt,Emerging markets net revenues increased 15.0% and emerging markets Organic Net Revenue increased 20.4% (1) .
MDLZ,organic net revenue,QK,E06_MDLZ_QK_2024-02-02_000110398224000019.txt,Developed markets net revenues increased 13.9% and developed markets Organic Net Revenue increased 11.1% (1) .
MDLZ,organic net revenue,QK,E06_MDLZ_QK_2024-02-02_000110398224000019.txt,"Net revenue increase of 14.4% was driven by our underlying Organic Net Revenue growth of 14.7%, the impact of acquisitions and the impact of a short-term distributor agreement, partially offset by unfavorable currency translation and the impact of divestitures."
MDLZ,gum,QK,E06_MDLZ_QK_2024-02-02_000110398224000019.txt,"The short-term distributor agreement related to the October 1, 2023 sale of our developed market gum business added incremental net revenues of $22 million."
MDLZ,organic net revenue,QK,E06_MDLZ_QK_2024-02-02_000110398224000019.txt,Emerging markets net revenues increased 20.3% and emerging markets Organic Net Revenue increased 22.0% (1) .
MDLZ,organic net revenue,QK,E06_MDLZ_QK_2024-02-02_000110398224000019.txt,Developed markets net revenues increased 3.9% and developed markets Organic Net Revenue increased 6.9% (1) .
MDLZ,organic net revenue,QK,E06_MDLZ_QK_2024-02-02_000110398224000019.txt,"Net revenue increase of 9.7% was driven by our underlying Organic Net Revenue growth of 12.3% and the impact of acquisitions, partially offset by unfavorable currency translation and the impact of divestitures."
MDLZ,pricing,QK,E06_MDLZ_QK_2024-02-02_000110398224000019.txt,"Segment operating income increased $141 million (36.3%), primarily due to higher net pricing, the impact of our Ricolino acquisition, favorable volume/mix, lower manufacturing costs driven by productivity and lapping prior year inventory step-up charges."
MDLZ,pricing,QK,E06_MDLZ_QK_2024-02-02_000110398224000019.txt,"2022 compared with 2021 Net revenues increased $832 million (29.7%), due to higher net pricing (23.7 pp), favorable volume/mix (8.2 pp) and the impact of acquisitions (3.5 pp), partially offset by unfavorable currency (4.4 pp) and the impact of divestitures (1.3 pp)."
MDLZ,pricing,QK,E06_MDLZ_QK_2024-02-02_000110398224000019.txt,"Segment operating income increased $127 million (48.7%), primarily due to higher net pricing, favorable volume/mix, lower manufacturing costs due to productivity, lower divestiture-related costs and lower costs incurred for the Simplify to Grow Program."
MDLZ,pricing,QK,E06_MDLZ_QK_2024-02-02_000110398224000019.txt,"Segment operating income increased $184 million (19.8%), primarily due to higher net pricing, favorable volume/mix, lapping prior-year intangible asset impairment charges, lower manufacturing costs driven by productivity and lower costs incurred for the Simplify to Grow Program."
MDLZ,pricing,QK,E06_MDLZ_QK_2024-02-02_000110398224000019.txt,"2022 compared with 2021 Net revenues increased $302 million (4.7%), due to favorable volume/mix (7.4 pp), higher net pricing (5.1 pp) and the impact of an acquisition (0.3 pp), partially offset by unfavorable currency (7.6 pp) and the impact of a divestiture (0.5 pp)."
MDLZ,gum,QK,E06_MDLZ_QK_2024-02-02_000110398224000019.txt,The impact of divestitures reflected a year-over-year decline in net revenues of $4 million from our 2023 divested developed market gum business.
MDLZ,pricing,QK,E06_MDLZ_QK_2024-02-02_000110398224000019.txt,"Segment operating income increased $497 million (33.6%), primarily due to higher net pricing, lower impact from the European Commission legal matter, lapping the prior year incremental costs incurred due to the war in Ukraine, lower acquisition integration costs and favorable volume/mix."
MDLZ,pricing,QK,E06_MDLZ_QK_2024-02-02_000110398224000019.txt,"2022 compared with 2021 Net revenues increased $264 million (2.4%), higher net pricing (7.4 pp) and the impact of acquisitions (6.4 pp), partially offset by unfavorable currency (11.3 pp) and unfavorable volume/mix (0.1 pp)."
MDLZ,gum,QK,E06_MDLZ_QK_2024-02-02_000110398224000019.txt,"While the impact of divestitures reflected a year-over-year increase in net revenues of $12 million (net of the loss of revenue for the fourth quarter) from our 2023 divested developed market gum business, it had a negative impact on the net revenue growth rate as the divested business did not grow as fast as the remaining segment."
MDLZ,pricing,QK,E06_MDLZ_QK_2024-02-02_000110398224000019.txt,"Segment operating income increased $323 million (18.3%), primarily due to higher net pricing, the impact of our Clif Bar acquisition, higher operating results from the divested developed market gum business, lower costs incurred for the Simplify to Grow Program and lapping prior year inventory step-up charges."
MDLZ,pricing,QK,E06_MDLZ_QK_2024-02-02_000110398224000019.txt,"2022 compared with 2021 Net revenues increased $1,378 million (16.6%), due to higher net pricing (11.8 pp), the impact of acquisitions (4.9 pp) and favorable volume/mix (0.6 pp), partially offset by unfavorable currency (0.4 pp) and the impact of divestitures (0.3 pp)."
MDLZ,gum,QK,E06_MDLZ_QK_2024-02-02_000110398224000019.txt,"While the impact of divestitures reflected a year-over-year increase in net revenues of $22 million from our 2023 divested developed market gum business, it had a negative impact on the net revenue growth rate as the divested business did not grow as fast as the remaining segment."
MDLZ,pricing,QK,E06_MDLZ_QK_2024-02-02_000110398224000019.txt,"Segment operating income increased $398 million (29.0%), primarily due to higher net pricing, lower costs incurred for the Simplify to Grow Program, lapping a prior year intangible asset impairment charge, the impact of acquisitions and the impact of divestitures."
MDLZ,biscuit,QK,E06_MDLZ_QK_2024-02-02_000110398224000019.txt,"In 2023, we recorded $26 million of intangible asset impairment charges related to a chocolate brand in the North America segment and a biscuit brand in the Europe segment."
MDLZ,biscuit,QK,E06_MDLZ_QK_2024-02-02_000110398224000019.txt,"In 2022, we recorded $101 million of intangible asset impairment charge related to two biscuit brands in AMEA."
MDLZ,biscuit,QK,E06_MDLZ_QK_2024-02-02_000110398224000019.txt,"In 2021, we recorded a $32 million of intangible asset impairment charge related to one biscuit brand in North America."
MDLZ,biscuit,QK,E06_MDLZ_QK_2024-02-02_000110398224000019.txt,"79 Table of Contents Other Acquisitions On April 1, 2021, we acquired Gourmet Food, a leading Australian food company in the premium biscuit and cracker category, for closing cash consideration of approximately $ 450 million Australian dollars ($ 343 million), net of cash received."
MDLZ,chocolate,QK,E06_MDLZ_QK_2024-02-02_000110398224000019.txt,"On January 4, 2021, we acquired the remaining 93 % of equity of Hu Master Holdings (“Hu”), a category leader in premium chocolate in the United States, which provides a strategic complement to our snacking portfolio in North America through growth opportunities in chocolate and other offerings in the well-being category."
MDLZ,biscuit,QK,E06_MDLZ_QK_2024-02-02_000110398224000019.txt,"In 2023, we recorded $ 26 million of intangible asset impairment charges related to a chocolate brand in North America and a biscuit brand in Europe."
MDLZ,biscuit,QK,E06_MDLZ_QK_2024-02-02_000110398224000019.txt,"In 2022, we recorded $ 101 million of intangible asset impairment charges related to two biscuit brands in AMEA."
MDLZ,biscuit,QK,E06_MDLZ_QK_2024-02-02_000110398224000019.txt,"In 2021, we recorded a $ 32 million of intangible asset impairment charge related to one biscuit brand in North America."
MDLZ,pricing,QK,E06_MDLZ_QK_2024-04-30_000110398224000055.txt,"The peso's devaluation and potential resulting distortion on our non-GAAP Organic Net Revenue, Organic Net Revenue growth and other constant currency growth rate measures resulted in our decision to exclude the impact of pricing in excess of 26% year-over-year (""extreme pricing"") in Argentina, from these measures beginning in Q1 2024."
MDLZ,pricing,QK,E06_MDLZ_QK_2024-04-30_000110398224000055.txt,"Currency-related items impacted our non-GAAP financial measures for the three months ended March 31, 2024 as follows: • Organic Net Revenue: In total, unfavorable currency-related items of $132 million (1.5pp) were driven by unfavorable currency translation rate changes of $513 million (5.7pp), partially offset by the adjustment for extreme pricing of $381 million (4.2pp)."
MDLZ,pricing,QK,E06_MDLZ_QK_2024-04-30_000110398224000055.txt,"In Emerging Markets, unfavorable currency-related items of $166 million (4.6pp) were driven by unfavorable currency translation rate changes of $547 million (15.2pp), partially offset by the adjustment for extreme pricing of $381 million (10.6pp)."
MDLZ,pricing,QK,E06_MDLZ_QK_2024-04-30_000110398224000055.txt,"• Adjusted Operating Income: Unfavorable currency-related items of $70 million were driven by unfavorable currency translation rate changes of $190 million, partially offset by the adjustment for extreme pricing of $120 million."
MDLZ,pricing,QK,E06_MDLZ_QK_2024-04-30_000110398224000055.txt,"• Adjusted EPS: Unfavorable currency-related items of $0.05 were driven by unfavorable currency translation rate changes of $0.13, partially offset by the adjustment for extreme pricing of $0.08."
MDLZ,organic net revenue,QK,E06_MDLZ_QK_2024-04-30_000110398224000055.txt,"• Organic Net Revenue, a non-GAAP financial measure, increased 4.2% to $9.4 billion in the first quarter of 2024 as compared to same period in the prior year."
MDLZ,organic net revenue,QK,E06_MDLZ_QK_2024-04-30_000110398224000055.txt,Emerging markets net revenues increased 3.8% and emerging markets Organic Net Revenue increased 8.3% (1) .
MDLZ,organic net revenue,QK,E06_MDLZ_QK_2024-04-30_000110398224000055.txt,Developed markets net revenues decreased (0.2)% and developed markets Organic Net Revenue increased 1.4% (1) .
MDLZ,organic net revenue,QK,E06_MDLZ_QK_2024-04-30_000110398224000055.txt,"Net revenue increase of 1.4% was driven by our underlying Organic Net Revenue growth of 4.2% and the impact of a short-term distributor agreement, partially offset by the impact of our 2023 divestiture of the developed market gum business and unfavorable currency-related items."
MDLZ,gum,QK,E06_MDLZ_QK_2024-04-30_000110398224000055.txt,"The short-term distributor agreement related to the October 1, 2023 sale of our developed market gum business added incremental net revenues of $25 million."
MDLZ,gum,QK,E06_MDLZ_QK_2024-04-30_000110398224000055.txt,The impact of our 2023 divestiture of the developed market gum business resulted in a year-over-year reduction in net revenues of $147 million.
MDLZ,pricing,QK,E06_MDLZ_QK_2024-04-30_000110398224000055.txt,"Currency-related items decreased net revenues by $132 million, driven by unfavorable currency translation rate changes, partially offset by the adjustment for extreme pricing in Argentina."
MDLZ,pricing,QK,E06_MDLZ_QK_2024-04-30_000110398224000055.txt,"Segment operating income increased $18 million (12.9%), primarily due to higher net pricing, lower other selling, general and administrative expenses, lower remeasurement loss on net monetary position and lower manufacturing costs driven by productivity."
MDLZ,pricing,QK,E06_MDLZ_QK_2024-04-30_000110398224000055.txt,"AMEA For the Three Months Ended March 31, 2024 2023 $ Change % Change (in millions) Net revenues $ 1,950 $ 1,939 $ 11 0.6 % Segment operating income 411 360 51 14.2 % Three Months Ended March 31: Net revenues increased $11 million (0.6%), due to higher net pricing (6.1 pp), mostly offset by unfavorable currency (5.3 pp) and unfavorable volume/mix (0.2 pp)."
MDLZ,pricing,QK,E06_MDLZ_QK_2024-04-30_000110398224000055.txt,"Segment operating income increased $51 million (14.2%), primarily due to higher net pricing and lower manufacturing costs driven by productivity."
MDLZ,pricing,QK,E06_MDLZ_QK_2024-04-30_000110398224000055.txt,"Segment operating income increased $84 million (16.6%), primarily due to higher net pricing, lower manufacturing costs driven by productivity, lower divestiture-related costs and lower acquisition integration costs."
MDLZ,gum,QK,E06_MDLZ_QK_2024-04-30_000110398224000055.txt,"Segment operating income decreased $17 million (3.0%), primarily due to lapping prior-year operating results from the developed market gum business divested in 2023, higher raw material costs, higher advertising and consumer promotion costs, unfavorable volume/mix, higher costs incurred for the Simplify to Grow Program and higher other selling, general and administrative expenses."
MDLZ,pricing,QK,E06_MDLZ_QK_2024-07-30_000110398224000092.txt,"The peso's devaluation and potential resulting distortion on our non-GAAP Organic Net Revenue, Organic Net Revenue growth and other constant currency growth rate measures resulted in our decision to exclude the impact of pricing in excess of 26% year-over-year (""extreme pricing"") in Argentina, from these measures beginning in Q1 2024."
MDLZ,pricing,QK,E06_MDLZ_QK_2024-07-30_000110398224000092.txt,"Currency-related items impacted our non-GAAP financial measures for the three months ended June 30, 2024 as follows: • Organic Net Revenue: In total, unfavorable currency-related items of $216 million (2.6pp) were driven by unfavorable currency translation rate changes of $544 million (6.5pp), partially offset by the adjustment for extreme pricing of $328 million (3.9pp)."
MDLZ,pricing,QK,E06_MDLZ_QK_2024-07-30_000110398224000092.txt,"In Emerging Markets, unfavorable currency-related items of $193 million (5.9pp) were driven by unfavorable currency translation rate changes of $521 million (15.8pp), partially offset by the adjustment for extreme pricing of $328 million (9.9pp)."
MDLZ,pricing,QK,E06_MDLZ_QK_2024-07-30_000110398224000092.txt,"• Adjusted Operating Income: Unfavorable currency-related items of $57 million were driven by unfavorable currency translation rate changes of $119 million, partially offset by the adjustment for extreme pricing of $62 million."
MDLZ,pricing,QK,E06_MDLZ_QK_2024-07-30_000110398224000092.txt,"• Adjusted EPS: Unfavorable currency-related items of $0.04 were driven by unfavorable currency translation rate changes of $0.08, partially offset by the adjustment for extreme pricing of $0.04."
MDLZ,pricing,QK,E06_MDLZ_QK_2024-07-30_000110398224000092.txt,"Currency-related items impacted our non-GAAP financial measures for the six months ended June 30, 2024 as follows: • Organic Net Revenue: In total, unfavorable currency-related items of $348 million (2.0pp) were driven by unfavorable currency translation rate changes of $1,057 million (6.1pp), partially offset by the adjustment for extreme pricing of $709 million (4.1pp)."
MDLZ,pricing,QK,E06_MDLZ_QK_2024-07-30_000110398224000092.txt,"In Emerging Markets, unfavorable currency-related items of $359 million (5.2pp) were driven by unfavorable currency translation rate changes of $1,068 million (15.5pp), partially offset by the adjustment for extreme pricing of $709 million (10.3pp)."
MDLZ,pricing,QK,E06_MDLZ_QK_2024-07-30_000110398224000092.txt,"30 Table of Contents • Adjusted Operating Income: Unfavorable currency-related items of $127 million were driven by unfavorable currency translation rate changes of $309 million, partially offset by the adjustment for extreme pricing of $182 million."
MDLZ,pricing,QK,E06_MDLZ_QK_2024-07-30_000110398224000092.txt,"• Adjusted EPS: Unfavorable currency-related items of $0.07 were driven by unfavorable currency translation rate changes of $0.21, partially offset by the adjustment for extreme pricing of $0.14."
MDLZ,organic net revenue,QK,E06_MDLZ_QK_2024-07-30_000110398224000092.txt,"• Organic Net Revenue, a non-GAAP financial measure, increased 2.5% to $8.6 billion in the second quarter of 2024 and increased 3.4% to $18.0 billion in the first six months of 2024 as compared to the same periods in the prior year."
MDLZ,organic net revenue,QK,E06_MDLZ_QK_2024-07-30_000110398224000092.txt,Emerging markets net revenues decreased (1.4)% and emerging markets Organic Net Revenue increased 4.5% (1) .
MDLZ,organic net revenue,QK,E06_MDLZ_QK_2024-07-30_000110398224000092.txt,Developed markets net revenues decreased (2.3)% and developed markets Organic Net Revenue increased 1.2% (1) .
MDLZ,organic net revenue,QK,E06_MDLZ_QK_2024-07-30_000110398224000092.txt,"Net revenue decrease of 1.9% was driven by unfavorable currency-related items and the impact of our 2023 divestiture of the developed market gum business, partially offset by our underlying Organic Net Revenue growth of 2.5%."
MDLZ,pricing,QK,E06_MDLZ_QK_2024-07-30_000110398224000092.txt,"Currency-related items decreased net revenues by $216 million, driven by unfavorable currency translation rate changes, partially offset by the adjustment for extreme pricing in Argentina."
MDLZ,gum,QK,E06_MDLZ_QK_2024-07-30_000110398224000092.txt,The impact of our 2023 divestiture of the developed market gum business resulted in a year-over-year reduction in net revenues of $157 million for the second quarter of 2024.
MDLZ,pricing,QK,E06_MDLZ_QK_2024-07-30_000110398224000092.txt,"Unfavorable currency-related items, net of the adjustment for extreme pricing in Argentina, decreased operating income by $57 million primarily due to the strength of the U.S."
MDLZ,organic net revenue,QK,E06_MDLZ_QK_2024-07-30_000110398224000092.txt,Emerging markets net revenues increased 1.3% and emerging markets Organic Net Revenue increased 6.5% (1) .
MDLZ,organic net revenue,QK,E06_MDLZ_QK_2024-07-30_000110398224000092.txt,Developed markets net revenues decreased (1.2)% and developed markets Organic Net Revenue increased 1.3% (1) .
MDLZ,organic net revenue,QK,E06_MDLZ_QK_2024-07-30_000110398224000092.txt,"Net revenue decrease of 0.2% was driven by unfavorable currency-related items and the impact of our 2023 divestiture of the developed market gum business, partially offset by our underlying Organic Net Revenue growth of 3.4% and the impact of a short-term distributor agreement."
MDLZ,pricing,QK,E06_MDLZ_QK_2024-07-30_000110398224000092.txt,"Currency-related items decreased net revenues by $348 million, driven by unfavorable currency translation rate changes, partially offset by the adjustment for extreme pricing in Argentina."
MDLZ,gum,QK,E06_MDLZ_QK_2024-07-30_000110398224000092.txt,"The short-term distributor agreement related to the October 1, 2023 sale of our developed market gum business added incremental net revenues of $25 million for the first six months of 2024."
MDLZ,pricing,QK,E06_MDLZ_QK_2024-07-30_000110398224000092.txt,"Unfavorable currency changes, net of the adjustment for extreme pricing in Argentina, decreased operating income by $127 million primarily due to the strength of the U.S."
MDLZ,pricing,QK,E06_MDLZ_QK_2024-07-30_000110398224000092.txt,"Segment operating income increased $10 million (7.5%), primarily due to higher net pricing and lower manufacturing costs driven by productivity."
MDLZ,pricing,QK,E06_MDLZ_QK_2024-07-30_000110398224000092.txt,"Six Months Ended June 30: Net revenues increased $112 million (4.6%), due to higher net pricing (8.0 pp), partially offset by unfavorable volume/mix (2.2 pp) and unfavorable impact of currency-related items (1.2 pp)."
MDLZ,pricing,QK,E06_MDLZ_QK_2024-07-30_000110398224000092.txt,"Segment operating income increased $28 million (10.3%), primarily due to higher net pricing, lower other selling, general and administrative expenses, lower remeasurement loss on net monetary position and lower manufacturing costs driven by productivity."
MDLZ,pricing,QK,E06_MDLZ_QK_2024-07-30_000110398224000092.txt,"Segment operating income increased $83 million (40.1%), primarily due to higher net pricing, lower manufacturing costs driven by productivity and lower other selling, general and administrative expenses."
MDLZ,pricing,QK,E06_MDLZ_QK_2024-07-30_000110398224000092.txt,"Six Months Ended June 30: Net revenues decreased $11 million (0.3%), due to unfavorable currency translation rate changes (5.5 pp) and unfavorable volume/mix (0.9 pp), mostly offset by higher net pricing (6.1 pp)."
MDLZ,pricing,QK,E06_MDLZ_QK_2024-07-30_000110398224000092.txt,"Segment operating income increased $134 million (23.6%), primarily due to higher net pricing and lower manufacturing costs driven by productivity."
MDLZ,pricing,QK,E06_MDLZ_QK_2024-07-30_000110398224000092.txt,"Segment operating income increased $101 million (22.5%), primarily due to higher net pricing, lower raw material costs including the benefit of realized gains from our forward purchasing and hedging contracts, lower remeasurement loss on net monetary position and lower divestiture-related costs."
MDLZ,pricing,QK,E06_MDLZ_QK_2024-07-30_000110398224000092.txt,"Six Months Ended June 30: Net revenues increased $9 million (0.1%), due to higher net pricing (6.9 pp), and the impact from short-term distributor agreements (0.4 pp ) , partially offset by unfavorable volume/mix (3.3 pp ) , unfavorable currency translation rate changes (2.0 pp) and the impact of divestitures (1.9 pp )."
MDLZ,pricing,QK,E06_MDLZ_QK_2024-07-30_000110398224000092.txt,"Segment operating income increased $185 million (19.4%), primarily due to higher net pricing, lower divestiture-related costs, lower manufacturing costs driven by productivity, lower remeasurement loss on net monetary position and lower acquisition integration costs."
MDLZ,gum,QK,E06_MDLZ_QK_2024-07-30_000110398224000092.txt,"Segment operating income decreased $35 million (6.0%), primarily due to lapping prior-year operating results from the developed market gum business divested in 2023, higher raw material costs, higher advertising and consumer promotion costs, higher acquisition integration costs and contingent consideration adjustments and unfavorable volume/mix."
MDLZ,pricing,QK,E06_MDLZ_QK_2024-07-30_000110398224000092.txt,"Six Months Ended June 30: Net revenues decreased $150 million (2.8%), due to the impact of divestitures (3.6 pp) and unfavorable volume/mix (1.6 pp), partially offset by higher net pricing (2.4 pp)."
MDLZ,gum,QK,E06_MDLZ_QK_2024-07-30_000110398224000092.txt,"Segment operating income decreased $52 million (4.5%), primarily due to lapping prior-year operating results from the developed market gum business divested in 2023, higher raw material costs, higher advertising and consumer promotion costs and unfavorable volume/mix."
MDLZ,biscuit,QK,E06_MDLZ_QK_2024-10-29_000110398224000104.txt,"(2) In the third quarter of 2024, we recorded $ 153 million of intangible asset impairment charges related to two biscuit brands in the Europe segment for $ 143 million, one biscuit brand in the AMEA segment for $ 5 million and one candy and one biscuit brand in the Latin America segment for a total of $ 5 million."
MDLZ,biscuit,QK,E06_MDLZ_QK_2024-10-29_000110398224000104.txt,"Our 2024 annual testing of indefinite-life intangible assets resulted in an impairment of $ 153 million related to two biscuit brands in the Europe segment, one biscuit brand in the AMEA segment and one candy and one biscuit brand in the Latin America segment."
MDLZ,pricing,QK,E06_MDLZ_QK_2024-10-29_000110398224000104.txt,"The peso's devaluation and potential resulting distortion on our non-GAAP Organic Net Revenue, Organic Net Revenue growth and other constant currency growth rate measures resulted in our decision to exclude the impact of pricing in excess of 26% year-over-year (""extreme pricing"") in Argentina, from these measures beginning in Q1 2024."
MDLZ,pricing,QK,E06_MDLZ_QK_2024-10-29_000110398224000104.txt,"Currency-related items impacted our non-GAAP financial measures for the three months ended September 30, 2024 as follows: • Organic Net Revenue: In total, unfavorable currency-related items of $120 million (1.4 pp) were driven by unfavorable currency translation rate changes of $393 million (4.4 pp), partially offset by the adjustment for extreme pricing of $273 million (3.0 pp)."
MDLZ,pricing,QK,E06_MDLZ_QK_2024-10-29_000110398224000104.txt,"In Emerging Markets, unfavorable currency-related items of $170 million (4.8 pp) were driven by unfavorable currency translation rate changes of $443 million (12.6 pp), partially offset by the adjustment for extreme pricing of $273 million (7.8 pp)."
MDLZ,pricing,QK,E06_MDLZ_QK_2024-10-29_000110398224000104.txt,"• Adjusted Operating Income: Unfavorable currency-related items of $16 million were driven by unfavorable currency translation rate changes of $64 million, partially offset by the adjustment for extreme pricing of $48 million."
MDLZ,pricing,QK,E06_MDLZ_QK_2024-10-29_000110398224000104.txt,• Adjusted EPS: Unfavorable currency-related items were flat as unfavorable currency translation rate changes of $0.04 were offset by the adjustment for extreme pricing of $0.04.
MDLZ,pricing,QK,E06_MDLZ_QK_2024-10-29_000110398224000104.txt,"Currency-related items impacted our non-GAAP financial measures for the nine months ended September 30, 2024 as follows: • Organic Net Revenue: In total, unfavorable currency-related items of $468 million (1.7 pp) were driven by unfavorable currency translation rate changes of $1,450 million (5.5 pp), partially offset by the adjustment for extreme pricing of $982 million (3.8 pp)."
MDLZ,pricing,QK,E06_MDLZ_QK_2024-10-29_000110398224000104.txt,"In Emerging Markets, unfavorable currency-related items of $529 million (5.1 pp) were driven by unfavorable currency translation rate changes of $1,511 million (14.5 pp), partially offset by the adjustment for extreme pricing of $982 million (9.4 pp)."
MDLZ,pricing,QK,E06_MDLZ_QK_2024-10-29_000110398224000104.txt,"30 Table of Contents • Adjusted Operating Income: Unfavorable currency-related items of $143 million were driven by unfavorable currency translation rate changes of $373 million, partially offset by the adjustment for extreme pricing of $230 million."
MDLZ,pricing,QK,E06_MDLZ_QK_2024-10-29_000110398224000104.txt,"• Adjusted EPS: Unfavorable currency-related items of $0.09 were driven by unfavorable currency translation rate changes of $0.26, partially offset by the adjustment for extreme pricing of $0.17."
MDLZ,organic net revenue,QK,E06_MDLZ_QK_2024-10-29_000110398224000104.txt,"• Organic Net Revenue, a non-GAAP financial measure, increased 5.4% to $9.3 billion in the third quarter of 2024 and increased 4.0% to $27.3 billion in the first nine months of 2024 as compared to the same periods in the prior year."
MDLZ,organic net revenue,QK,E06_MDLZ_QK_2024-10-29_000110398224000104.txt,Emerging markets net revenues increased 0.1% and emerging markets Organic Net Revenue increased 4.9% (1) .
MDLZ,organic net revenue,QK,E06_MDLZ_QK_2024-10-29_000110398224000104.txt,Developed markets net revenues increased 3.1% and developed markets Organic Net Revenue increased 5.6% (1) .
MDLZ,organic net revenue,QK,E06_MDLZ_QK_2024-10-29_000110398224000104.txt,"Net revenue increase of 1.9% was driven by our underlying Organic Net Revenue growth of 5.4%, partially offset by the impact of our 2023 divestiture of the developed market gum business and unfavorable currency-related items."
MDLZ,gum,QK,E06_MDLZ_QK_2024-10-29_000110398224000104.txt,The impact of our 2023 divestiture of the developed market gum business resulted in a year-over-year reduction in net revenues of $179 million for the third quarter of 2024.
MDLZ,pricing,QK,E06_MDLZ_QK_2024-10-29_000110398224000104.txt,"Currency-related items decreased net revenues by $120 million, driven by unfavorable currency translation rate changes, partially offset by the adjustment for extreme pricing in Argentina."
MDLZ,pricing,QK,E06_MDLZ_QK_2024-10-29_000110398224000104.txt,"Unfavorable currency-related items, net of the adjustment for extreme pricing in Argentina, decreased operating income by $16 million primarily due to the strength of the U.S."
MDLZ,organic net revenue,QK,E06_MDLZ_QK_2024-10-29_000110398224000104.txt,Emerging markets net revenues increased 0.9% and emerging markets Organic Net Revenue increased 6.0% (1) .
MDLZ,organic net revenue,QK,E06_MDLZ_QK_2024-10-29_000110398224000104.txt,Developed markets net revenues increased 0.3% and developed markets Organic Net Revenue increased 2.8% (1) .
MDLZ,organic net revenue,QK,E06_MDLZ_QK_2024-10-29_000110398224000104.txt,"Net revenue increase of 0.5% was driven by our underlying Organic Net Revenue growth of 4.0% and the impact of a short-term distributor agreement, partially offset by the impact of our 2023 divestiture of the developed market gum business and unfavorable currency-related items."
MDLZ,gum,QK,E06_MDLZ_QK_2024-10-29_000110398224000104.txt,"The short-term distributor agreement related to the October 1, 2023 sale of our developed market gum business added incremental net revenues of $25 million for the first nine months of 2024."
MDLZ,pricing,QK,E06_MDLZ_QK_2024-10-29_000110398224000104.txt,"Currency-related items decreased net revenues by $468 million, driven by unfavorable currency translation rate changes, partially offset by the adjustment for extreme pricing in Argentina."
MDLZ,pricing,QK,E06_MDLZ_QK_2024-10-29_000110398224000104.txt,"Unfavorable currency changes, net of the adjustment for extreme pricing in Argentina, decreased operating income by $143 million primarily due to the strength of the U.S."
MDLZ,pricing,QK,E06_MDLZ_QK_2024-10-29_000110398224000104.txt,"Nine Months Ended September 30: Net revenues increased $11 million (0.3%), due to higher net pricing (7.2 pp), partially offset by unfavorable impact of currency-related items (4.2 pp) and unfavorable volume/mix (2.7 pp)."
MDLZ,pricing,QK,E06_MDLZ_QK_2024-10-29_000110398224000104.txt,"Segment operating income increased $33 million (10.9%), primarily due to higher net pricing and lower manufacturing costs driven by productivity."
MDLZ,pricing,QK,E06_MDLZ_QK_2024-10-29_000110398224000104.txt,"Nine Months Ended September 30: Net revenues increased $49 million (0.9%), due to higher net pricing (5.8 pp), mostly offset by unfavorable currency translation rate changes (4.5 pp) and unfavorable volume/mix (0.4 pp)."
MDLZ,pricing,QK,E06_MDLZ_QK_2024-10-29_000110398224000104.txt,"Segment operating income increased $167 million (19.2%), primarily due to higher net pricing and lower manufacturing costs driven by productivity."
MDLZ,pricing,QK,E06_MDLZ_QK_2024-10-29_000110398224000104.txt,"Segment operating income increased $111 million (22.5%), primarily due to higher net pricing, favorable volume/mix, favorable currency translation rate changes, lower other selling, general and administrative expenses, lower divestiture-related costs and lower costs incurred for the Simplify to Grow Program."
MDLZ,pricing,QK,E06_MDLZ_QK_2024-10-29_000110398224000104.txt,"Nine Months Ended September 30: Net revenues increased $246 million (2.6%), due to higher net pricing (7.2 pp) and the impact from short-term distributor agreements (0.3 pp ) , partially offset by unfavorable volume/mix (2.1 pp ) , the impact of divestitures (2.0 pp ) and unfavorable currency translation rate changes (0.8 pp)."
MDLZ,pricing,QK,E06_MDLZ_QK_2024-10-29_000110398224000104.txt,"Segment operating income increased $296 million (20.4%), primarily due to higher net pricing, lower divestiture-related costs, lower remeasurement loss on net monetary position and lower acquisition integration costs."
MDLZ,pricing,QK,E06_MDLZ_QK_2024-10-29_000110398224000104.txt,"Segment operating income increased $386 million (72.6%), primarily due to a favorable contingent consideration adjustment related to Clif Bar as well as lower acquisition integration costs, higher net pricing, lapping prior-year intangible asset impairment charges, lower manufacturing costs due to productivity and favorable volume/mix."
MDLZ,pricing,QK,E06_MDLZ_QK_2024-10-29_000110398224000104.txt,"Nine Months Ended September 30: Net revenues decreased $171 million (2.1%), due to the impact of divestitures (3.8 pp), unfavorable volume/mix (0.5 pp) and unfavorable currency translation rate changes (0.1 pp), partially offset by higher net pricing (2.3 pp)."
RMD,gross margin,ER,E06_RMD_ER_2023-10-26_000119312523264072.txt,up 15% on a constant currency basis • Gross margin contracted 250 bps to 54.4%;
RMD,gross margin,ER,E06_RMD_ER_2023-10-26_000119312523264072.txt,non-GAAP gross margin contracted 160 bps to 56.0% • Income from operations increased 5%;
RMD,sleep,ER,E06_RMD_ER_2023-10-26_000119312523264072.txt,"non-GAAP diluted earnings per share of $1.64 “ResMed has started Fiscal Year 2024 with strong revenue growth driven by ongoing patient flow and solid demand across our global sleep and respiratory care markets, alongside increasing adoption of our outside hospital software solutions,” said Mick Farrell, ResMed’s CEO."
RMD,patients,ER,E06_RMD_ER_2023-10-26_000119312523264072.txt,"With these increasing rates of patients activated into the healthcare funnel, I am more confident than ever in our growth strategy and our ability to achieve our goal of improving 250 million lives in 2025.” RMD First Quarter 2024 Earnings Press Release – October 26, 2023 Page 2 of 10 Financial Results and Operating Metrics Unaudited;"
RMD,device,ER,E06_RMD_ER_2023-10-26_000119312523264072.txt,"Discussion of First Quarter Results All comparisons are to the prior year period unless otherwise noted • Revenue grew by 15 percent on a constant currency basis, driven by increased demand for our sleep and respiratory care devices."
RMD,device,ER,E06_RMD_ER_2023-10-26_000119312523264072.txt,"• Gross margin decreased by 250 basis points and non-GAAP gross margin decreased by 160 basis points, mainly due to costs associated with a field safety notification on Astral devices and higher component and manufacturing costs, partially offset by a favorable product mix and favorable foreign currency movements."
RMD,gross margin,ER,E06_RMD_ER_2023-10-26_000119312523264072.txt,"Non-GAAP net income increased by 9% to $241.2 million, and non-GAAP diluted earnings per share increased by 9% to $1.64, predominantly attributable to strong sales, partially offset by gross margin contraction."
RMD,gross margin,ER,E06_RMD_ER_2024-01-24_000119312524014223.txt,up 11% on a constant currency basis • Gross margin contracted 50 bps to 55.6%;
RMD,gross margin,ER,E06_RMD_ER_2024-01-24_000119312524014223.txt,non-GAAP gross margin grew 10 bps to 56.9% • Income from operations decreased 2%;
RMD,device,ER,E06_RMD_ER_2024-01-24_000119312524014223.txt,"non-GAAP diluted earnings per share of $1.88 “Our second-quarter fiscal year 2024 results reflect strong double-digit growth across our combined device, masks and accessories, and residential care software businesses, as well as cost discipline to support an acceleration in profitability,” said Mick Farrell, ResMed’s CEO."
RMD,device,ER,E06_RMD_ER_2024-01-24_000119312524014223.txt,"Discussion of Second Quarter Results All comparisons are to the prior year period unless otherwise noted • Revenue grew by 11 percent on a constant currency basis, driven by increased demand for our sleep devices, as well as strong growth across our mask product portfolio."
RMD,mask,ER,E06_RMD_ER_2024-01-24_000119312524014223.txt,• Gross margin decreased by 50 basis points mainly due to costs associated with a field safety notification for masks with magnets.
RMD,gross margin,ER,E06_RMD_ER_2024-01-24_000119312524014223.txt,"Non-GAAP gross margin increased by 10 basis points, primarily due to reduced freight costs and favorable foreign currency movements, partially offset by an unfavorable product mix and component cost increases."
RMD,patients,ER,E06_RMD_ER_2024-01-24_000119312524014223.txt,"The study estimates a 23% increase in COPD by 2050, representing 600 million patients globally, with disproportionate increases expected in women (47%) and low- and middle-income countries (32%)."
RMD,gross margin,ER,E06_RMD_ER_2024-04-25_000119312524113883.txt,up 7% on a constant currency basis • Gross margin grew 260 bps to 57.9%;
RMD,gross margin,ER,E06_RMD_ER_2024-04-25_000119312524113883.txt,non-GAAP gross margin grew 240 bps to 58.5% • Income from operations increased 25%;
RMD,sleep,ER,E06_RMD_ER_2024-04-25_000119312524113883.txt,"“Over 2 billion people worldwide can benefit from a ResMed solution to help them sleep better, breathe better, and receive best-in-class healthcare right where they live."
RMD,device,ER,E06_RMD_ER_2024-04-25_000119312524113883.txt,"Discussion of Third Quarter Results All comparisons are to the prior year period unless otherwise noted • Revenue grew by 7 percent on a constant currency basis, driven by increased demand for our sleep devices, as well as strong growth across our mask product portfolio."
RMD,gross margin,ER,E06_RMD_ER_2024-04-25_000119312524113883.txt,"RMD Third Quarter 2024 Earnings Press Release – April 25, 2024 Page 3 of 10 • Gross margin increased by 260 basis points mainly due to reduced freight and manufacturing cost improvements."
RMD,gross margin,ER,E06_RMD_ER_2024-04-25_000119312524113883.txt,Non-GAAP gross margin increased by 240 basis points due to the same factors.
RMD,gross margin,ER,E06_RMD_ER_2024-04-25_000119312524113883.txt,"Non-GAAP net income increased by 27 percent to $314 million, and non-GAAP diluted earnings per share increased by 27 percent to $2.13, predominantly attributable to strong sales and gross margin as well as modest growth in operating expenses."
RMD,sleep,ER,E06_RMD_ER_2024-04-25_000119312524113883.txt,Survey found 50% of respondents report feeling excessive daytime sleepiness and 40% report getting no more than three nights of good sleep per week.
RMD,sleep,ER,E06_RMD_ER_2024-04-25_000119312524113883.txt,"More than one-third of respondents are now actively tracking their sleep patterns, either through a smartphone app (44%) or wearable (31%)."
RMD,gross margin,ER,E06_RMD_ER_2024-08-01_000119312524191487.txt,up 10% on a constant currency basis • Gross margin improved 350 bps to 58.5%;
RMD,gross margin,ER,E06_RMD_ER_2024-08-01_000119312524191487.txt,non-GAAP gross margin improved 330 bps to 59.1% • Income from operations increased 38%;
RMD,gross margin,ER,E06_RMD_ER_2024-08-01_000119312524191487.txt,up 11% on a constant currency basis • Gross margin improved 90 bps to 56.7%;
RMD,gross margin,ER,E06_RMD_ER_2024-08-01_000119312524191487.txt,non-GAAP gross margin improved 120 bps to 57.7% • Income from operations increased 17%;
RMD,sleep,ER,E06_RMD_ER_2024-08-01_000119312524191487.txt,"RMD Fourth Quarter 2024 Earnings Press Release – August 1, 2024 Page 2 of 10 “Nearly 2.5 billion suffer from major sleep health and breathing disorders."
RMD,device,ER,E06_RMD_ER_2024-08-01_000119312524191487.txt,"RMD Fourth Quarter 2024 Earnings Press Release – August 1, 2024 Page 3 of 10 Discussion of Fourth Quarter Results All comparisons are to the prior year period unless otherwise noted • Revenue grew by 10 percent on a constant currency basis, driven by increased demand for our sleep devices and masks portfolio, as well as strong growth across our Software as a Service business."
RMD,gross margin,ER,E06_RMD_ER_2024-08-01_000119312524191487.txt,"• Gross margin increased by 350 basis points mainly due to reduced freight and manufacturing cost improvements, an increase in average selling prices as well as favorable product mix."
RMD,gross margin,ER,E06_RMD_ER_2024-08-01_000119312524191487.txt,Non-GAAP gross margin increased by 330 basis points due to the same factors.
RMD,gross margin,ER,E06_RMD_ER_2024-08-01_000119312524191487.txt,"Non-GAAP net income increased by 30 percent to $306 million, and non-GAAP diluted earnings per share increased by 30 percent to $2.08, predominantly attributable to strong sales and gross margin improvement as well as modest growth in operating expenses."
RMD,gross margin,ER,E06_RMD_ER_2024-10-24_000119312524242806.txt,up 11% on a constant currency basis • Gross margin improved 420 bps to 58.6%;
RMD,gross margin,ER,E06_RMD_ER_2024-10-24_000119312524242806.txt,non-GAAP gross margin improved 320 bps to 59.2% • Income from operations increased 34%;
RMD,device,ER,E06_RMD_ER_2024-10-24_000119312524242806.txt,"Discussion of First Quarter Results All comparisons are to the prior year period unless otherwise noted • Revenue grew by 11 percent on a constant currency basis, driven by increased demand for our sleep devices and masks portfolio, as well as strong growth across our Residential Care Software business."
RMD,gross margin,ER,E06_RMD_ER_2024-10-24_000119312524242806.txt,• Gross margin increased by 420 basis points mainly due to manufacturing efficiencies and component cost improvements and an increase in average selling prices.
RMD,gross margin,ER,E06_RMD_ER_2024-10-24_000119312524242806.txt,Non-GAAP gross margin increased by 320 basis points due to the same factors.
RMD,gross margin,ER,E06_RMD_ER_2024-10-24_000119312524242806.txt,"Non-GAAP net income increased by 35 percent to $325 million, and non-GAAP diluted earnings per share increased by 34 percent to $2.20, predominantly attributable to strong sales growth and gross margin improvement."
RMD,gross margin,ER,E06_RMD_ER_2025-01-30_000119312525017218.txt,up 10% on a constant currency basis • Gross margin improved 300 bps to 58.6%;
RMD,gross margin,ER,E06_RMD_ER_2025-01-30_000119312525017218.txt,non-GAAP gross margin improved 230 bps to 59.2% • Income from operations increased 52%;
RMD,sleep,ER,E06_RMD_ER_2025-01-30_000119312525017218.txt,"non-GAAP diluted earnings per share of $2.43 “Our second quarter fiscal year 2025 top-line growth, margin expansion, and double-digit EPS growth were the result of increased demand for our sleep health and breathing health products and digital health solutions that people love, as well as our laser-focus on operational excellence,” said ResMed’s Chairman and CEO, Mick Farrell."
RMD,gross margin,ER,E06_RMD_ER_2025-01-30_000119312525017218.txt,"“We delivered 10% year-over-year revenue growth, 230 bps improvement in gross margin, and $309 million of operating cash flow."
RMD,device,ER,E06_RMD_ER_2025-01-30_000119312525017218.txt,"Discussion of Second Quarter Results All comparisons are to the prior year period unless otherwise noted • Revenue grew by 10 percent on a constant currency basis, driven by increased demand for our sleep devices and masks portfolio, as well as solid growth across our Residential Care Software business."
RMD,gross margin,ER,E06_RMD_ER_2025-01-30_000119312525017218.txt,• Gross margin increased by 300 basis points mainly due to manufacturing and logistics efficiencies and component cost improvements.
RMD,gross margin,ER,E06_RMD_ER_2025-01-30_000119312525017218.txt,Non-GAAP gross margin increased by 230 basis points due to the same factors.
RMD,gross margin,ER,E06_RMD_ER_2025-01-30_000119312525017218.txt,"Non-GAAP net income increased by 29 percent to $358 million, and non-GAAP diluted earnings per share increased by 29 percent to $2.43, predominantly attributable to strong sales growth and gross margin improvement."
RMD,gross margin,QK,E06_RMD_QK_2023-10-27_000094381923000029.txt,"Gross margin was 54.4% for the three months ended September 30, 2023 compared to 56.9% for the three months ended September 30, 2022."
RMD,sleep,QK,E06_RMD_QK_2023-10-27_000094381923000029.txt,"Sleep and Respiratory Care Net revenue from our Sleep and Respiratory Care business for the three months ended September 30, 2023 was $963.0 million, an increase of 14% compared to net revenue for the three months ended September 30, 2022."
RMD,sleep,QK,E06_RMD_QK_2023-10-27_000094381923000029.txt,"Excluding the impact of currency movements, total Sleep and Respiratory Care net revenue for the three months ended September 30, 2023 increased by 13% compared to the three months ended September 30, 2022."
RMD,sleep,QK,E06_RMD_QK_2023-10-27_000094381923000029.txt,"Net revenue from our Sleep and Respiratory Care business in the U.S., Canada and Latin America for the three months ended September 30, 2023 increased to $638.4 million from $578.1 million for the three months ended September 30, 2022, an increase of $60.3 million or 10%."
RMD,device,QK,E06_RMD_QK_2023-10-27_000094381923000029.txt,"Net revenue from devices for the three months ended September 30, 2023 increased to $564.7 million from $517.6 million for the three months ended September 30, 2022, an increase of $47.2 million or 9%, including an increase of 2% in the U.S., Canada and Latin America and an increase of 23% in combined Europe, Asia and other markets (a 20% increase on a constant currency basis)."
RMD,device,QK,E06_RMD_QK_2023-10-27_000094381923000029.txt,"Excluding the impact of foreign currency movements, device sales for the three months ended September 30, 2023 increased by 8%."
RMD,mask,QK,E06_RMD_QK_2023-10-27_000094381923000029.txt,"Excluding the impact of foreign currency movements, masks and other sales for the three months ended September 30, 2023 increased by 21%."
RMD,gross margin,QK,E06_RMD_QK_2023-10-27_000094381923000029.txt,"Gross Profit and Gross Margin Gross profit increased for the three months ended September 30, 2023 to $600.1 million from $540.8 million for the three months ended September 30, 2022, an increase of $59.3 million or 11%."
RMD,gross margin,QK,E06_RMD_QK_2023-10-27_000094381923000029.txt,"Gross margin, which is gross profit as a percentage of net revenue, for the three months ended September 30, 2023 was 54.4% compared to 56.9% for the three months ended September 30, 2022."
RMD,device,QK,E06_RMD_QK_2023-10-27_000094381923000029.txt,"The decrease in gross margin for the three months ended September 30, 2023 compared to the three months ended September 30, 2022 was due primarily to a $7.9 million provision of expected costs associated with a field safety notification on Astral devices, in addition to higher component and manufacturing costs, partially offset by a favorable product mix and favorable foreign currency movements."
RMD,gross margin,QK,E06_RMD_QK_2024-01-25_000094381924000003.txt,"Gross margin was 55.6% for the three months ended December 31, 2023 compared to 56.1% for the three months ended December 31, 2022."
RMD,sleep,QK,E06_RMD_QK_2024-01-25_000094381924000003.txt,"Sleep and Respiratory Care Net revenue from our Sleep and Respiratory Care business for the three months ended December 31, 2023 was $1,017.9 million, an increase of 11% compared to net revenue for the three months ended December 31, 2022."
RMD,sleep,QK,E06_RMD_QK_2024-01-25_000094381924000003.txt,"Excluding the impact of currency movements, total Sleep and Respiratory Care net revenue for the three months ended December 31, 2023 increased by 10% compared to the three months ended December 31, 2022."
RMD,sleep,QK,E06_RMD_QK_2024-01-25_000094381924000003.txt,"Net revenue from our Sleep and Respiratory Care business in the U.S., Canada and Latin America for the three months ended December 31, 2023 increased to $669.3 million from $615.3 million for the three months ended December 31, 2022, an increase of $54.1 million or 9%."
RMD,device,QK,E06_RMD_QK_2024-01-25_000094381924000003.txt,"Net revenue from devices for the three months ended December 31, 2023 increased to $606.0 million from $542.8 million for the three months ended December 31, 2022, an increase of $63.2 million or 12%, including an increase of 7% in the U.S., Canada and Latin America and an increase of 19% in combined Europe, Asia and other markets (a 16% increase on a constant currency basis)."
RMD,device,QK,E06_RMD_QK_2024-01-25_000094381924000003.txt,"Excluding the impact of foreign currency movements, device sales for the three months ended December 31, 2023 increased by 11%."
RMD,mask,QK,E06_RMD_QK_2024-01-25_000094381924000003.txt,"Net revenue from masks and other for the three months ended December 31, 2023 increased to $411.9 million from $374.2 million for the three months ended December 31, 2022, an increase of $37.7 million or 10%, including an increase of 10% in the U.S., Canada and Latin America and an increase of 9% in combined Europe, Asia and other markets (a 4% increase on a constant currency basis)."
RMD,mask,QK,E06_RMD_QK_2024-01-25_000094381924000003.txt,"Excluding the impact of foreign currency movements, masks and other sales for the three months ended December 31, 2023 increased by 9%."
RMD,sleep,QK,E06_RMD_QK_2024-01-25_000094381924000003.txt,"Net revenue from our Sleep and Respiratory Care business in the U.S., Canada and Latin America for the six months ended December 31, 2023 increased to $1,307.7 million from $1,193.4 million for the six months ended December 31, 2022, an increase of $114.3 million or 10%."
RMD,device,QK,E06_RMD_QK_2024-01-25_000094381924000003.txt,"Excluding the impact of foreign currency movements, device sales for the six months ended December 31, 2023 increased by 9%."
RMD,mask,QK,E06_RMD_QK_2024-01-25_000094381924000003.txt,"Net revenue from masks and other for the six months ended December 31, 2023 increased to $810.2 million from $701.0 million for the six months ended December 31, 2022, an increase of $109.1 million or 16%, including an increase of 16% in the U.S., Canada and Latin America and an increase of 14% in combined Europe, Asia and other markets (a 9% increase on a constant currency basis)."
RMD,mask,QK,E06_RMD_QK_2024-01-25_000094381924000003.txt,"Excluding the impact of foreign currency movements, masks and other sales increased by 14%, compared to the six months ended December 31, 2022."
RMD,gross margin,QK,E06_RMD_QK_2024-01-25_000094381924000003.txt,"Gross Profit and Gross Margin Gross profit increased for the three months ended December 31, 2023 to $646.9 million from $579.7 million for the three months ended December 31, 2022, an increase of $67.2 million or 12%."
RMD,gross margin,QK,E06_RMD_QK_2024-01-25_000094381924000003.txt,"Gross margin, which is gross profit as a percentage of net revenue, for the three months ended December 31, 2023 was 55.6% compared to 56.1% for the three months ended December 31, 2022."
RMD,gross margin,QK,E06_RMD_QK_2024-01-25_000094381924000003.txt,"Gross margin for the six months ended December 31, 2023 was 55.1% compared to 56.5% for the six months ended December 31, 2022."
RMD,unit,QK,E06_RMD_QK_2024-01-25_000094381924000003.txt,"Our cash and cash equivalents held within the United States at December 31, 2023 and June 30, 2023 were $38.2 million and $49.3 million, respectively."
RMD,gross margin,QK,E06_RMD_QK_2024-04-26_000094381924000008.txt,"Gross margin was 57.9% for the three months ended March 31, 2024 compared to 55.3% for the three months ended March 31, 2023."
RMD,sleep,QK,E06_RMD_QK_2024-04-26_000094381924000008.txt,"Sleep and Respiratory Care Net revenue from our Sleep and Respiratory Care business for the three months ended March 31, 2024 was $1,049.0 million, an increase of 7% compared to net revenue for the three months ended March 31, 2023."
RMD,sleep,QK,E06_RMD_QK_2024-04-26_000094381924000008.txt,"Excluding the impact of currency movements, total Sleep and Respiratory Care net revenue for the three months ended March 31, 2024 increased by 7% compared to the three months ended March 31, 2023."
RMD,sleep,QK,E06_RMD_QK_2024-04-26_000094381924000008.txt,"Net revenue from our Sleep and Respiratory Care business in the U.S., Canada and Latin America for the three months ended March 31, 2024 increased to $687.5 million from $629.1 million for the three months ended March 31, 2023, an increase of $58.3 million or 9%."
RMD,device,QK,E06_RMD_QK_2024-04-26_000094381924000008.txt,"Excluding the impact of foreign currency movements, device sales for the three months ended March 31, 2024 increased by 5%."
RMD,mask,QK,E06_RMD_QK_2024-04-26_000094381924000008.txt,"Net revenue from masks and other for the three months ended March 31, 2024 increased to $410.8 million from $372.2 million for the three months ended March 31, 2023, an increase of $38.6 million or 10%, including an increase of 12% in the U.S., Canada and Latin America and an increase of 6% in combined Europe, Asia and other markets (a 6% increase on a constant currency basis)."
RMD,mask,QK,E06_RMD_QK_2024-04-26_000094381924000008.txt,"Excluding the impact of foreign currency movements, masks and other sales for the three months ended March 31, 2024 increased by 10%."
RMD,sleep,QK,E06_RMD_QK_2024-04-26_000094381924000008.txt,"Excluding the impact of currency movements, total Sleep and Respiratory Care net revenue for the nine months ended March 31, 2024 increased by 10% compared to the nine months ended March 31, 2023."
RMD,sleep,QK,E06_RMD_QK_2024-04-26_000094381924000008.txt,"AND SUBSIDIARIES Management’s Discussion and Analysis of Financial Condition and Results of Operations Net revenue from our Sleep and Respiratory Care business in the U.S., Canada and Latin America for the nine months ended March 31, 2024 increased to $1,995.2 million from $1,822.5 million for the nine months ended March 31, 2023, an increase of $172.7 million or 9%."
RMD,device,QK,E06_RMD_QK_2024-04-26_000094381924000008.txt,"Net revenue from devices for the nine months ended March 31, 2024 increased to $1,808.9 million from $1,668.3 million for the nine months ended March 31, 2023, an increase of $140.7 million or 8%, including an increase of 6% in the U.S., Canada and Latin America and an increase of 13% in combined Europe, Asia and other markets (an 11% increase on a constant currency basis)."
RMD,device,QK,E06_RMD_QK_2024-04-26_000094381924000008.txt,"Excluding the impact of foreign currency movements, device sales for the nine months ended March 31, 2024 increased by 8%."
RMD,mask,QK,E06_RMD_QK_2024-04-26_000094381924000008.txt,"Net revenue from masks and other for the nine months ended March 31, 2024 increased to $1,221.0 million from $1,073.3 million for the nine months ended March 31, 2023, an increase of $147.7 million or 14%, including an increase of 15% in the U.S., Canada and Latin America and an increase of 11% in combined Europe, Asia and other markets (an 8% increase on a constant currency basis)."
RMD,mask,QK,E06_RMD_QK_2024-04-26_000094381924000008.txt,"Excluding the impact of foreign currency movements, masks and other sales increased by 13%, compared to the nine months ended March 31, 2023."
RMD,gross margin,QK,E06_RMD_QK_2024-04-26_000094381924000008.txt,"Gross Profit and Gross Margin Gross profit increased for the three months ended March 31, 2024 to $692.8 million from $617.8 million for the three months ended March 31, 2023, an increase of $75.0 million or 12%."
RMD,gross margin,QK,E06_RMD_QK_2024-04-26_000094381924000008.txt,"Gross margin, which is gross profit as a percentage of net revenue, for the three months ended March 31, 2024 was 57.9% compared to 55.3% for the three months ended March 31, 2023."
RMD,gross margin,QK,E06_RMD_QK_2024-04-26_000094381924000008.txt,"Gross margin for the nine months ended March 31, 2024 was 56.0% compared to 56.1% for the nine months ended March 31, 2023."
RMD,unit,QK,E06_RMD_QK_2024-04-26_000094381924000008.txt,"Our cash and cash equivalents held within the United States at March 31, 2024 and June 30, 2023 were $55.8 million and $49.3 million, respectively."
RMD,sleep,QK,E06_RMD_QK_2024-08-09_000094381924000013.txt,"REM sleep, which is about 20-25% of total sleep experienced by adults, is characterized by a high level of brain activity, bursts of rapid eye movement, increased heart and respiration rates, and paralysis of many muscles."
RMD,sleep,QK,E06_RMD_QK_2024-08-09_000094381924000013.txt,A long-term epidemiology study published in 2013 estimated that 26% of adults age 30-70 have some form of obstructive sleep apnea.
RMD,sleep,QK,E06_RMD_QK_2024-08-09_000094381924000013.txt,"Of those impacted, it was estimated that more than 424 million would have moderate to severe sleep apnea."
RMD,sleep,QK,E06_RMD_QK_2024-08-09_000094381924000013.txt,"However, we believe the importance of sleep apnea in women is increasingly being recognized, with nearly 40% of new PAP patients being female."
RMD,sleep,QK,E06_RMD_QK_2024-08-09_000094381924000013.txt,"Studies have shown that sleep apnea is present in approximately 83% of patients with drug-resistant hypertension, approximately 77% of patients with obesity, approximately 76% of patients with chronic heart failure, and approximately 72% of patients with type 2 diabetes."
RMD,sleep,QK,E06_RMD_QK_2024-08-09_000094381924000013.txt,The study concluded that people with obstructive sleep apnea who started and continued PAP therapy were 39% more likely to survive over a three-year period than OSA patients who did not.
RMD,patients,QK,E06_RMD_QK_2024-08-09_000094381924000013.txt,An estimated 90% of patients with OHS also have OSA.
RMD,device,QK,E06_RMD_QK_2024-08-09_000094381924000013.txt,"Devices in total accounted for approximately 52%, 54%, and 52% of our net revenues in fiscal years 2024, 2023, and 2022, respectively."
RMD,mask,QK,E06_RMD_QK_2024-08-09_000094381924000013.txt,"Mask Systems, Diagnostic Products, Accessories and Other Products Masks, diagnostic products and accessories together accounted for approximately 35%, 34%, and 37% of our net revenues in fiscal years 2024, 2023, and 2022, respectively."
RMD,unit,QK,E06_RMD_QK_2024-08-09_000094381924000013.txt,"Of our employees and contingent workers, approximately 3,050 (31%) were located in the United States, Canada and Latin America, 2,980 (30%) in Asia, 1,530 (15%) in Australia and 2,420 (24%) in Europe."
RMD,device,QK,E06_RMD_QK_2024-08-09_000094381924000013.txt,"Beginning in 2013, entities that manufacture, produce or import medical devices were required to pay an excise tax in an amount equal to 2.3% of the price for such devices sold in the United States."
RMD,unit,QK,E06_RMD_QK_2024-08-09_000094381924000013.txt,"For example, in calendar year 2022, the United States passed the Inflation Reduction Act, which made a several changes to the Internal Revenue Code of 1986, as amended (""IRC""), including a 15% corporate minimum tax on adjusted financial statement income for companies whose average adjusted net income for any consecutive three-year period beginning after December 31, 2022 exceeds $1.0 billion."
RMD,sleep,QK,E06_RMD_QK_2024-08-09_000094381924000013.txt,"Sleep and Respiratory Care Net revenue from our Sleep and Respiratory Care business for the year ended June 30, 2024 increased to $4,101.2 million from $3,725.0 million for the year ended June 30, 2023, an increase of $376.2 million or 10%."
RMD,sleep,QK,E06_RMD_QK_2024-08-09_000094381924000013.txt,"Excluding the impact of currency movements, total net revenue from our Sleep and Respiratory Care business for the year ended June 30, 2024 increased by 10% compared to the year ended June 30, 2023."
RMD,unit,QK,E06_RMD_QK_2024-08-09_000094381924000013.txt,"AND SUBSIDIARIES Management’s Discussion and Analysis of Financial Condition and Results of Operations Net revenue from our Sleep and Respiratory Care business in the United States, Canada and Latin America for the year ended June 30, 2024 increased to $2,722.6 million from $2,483.4 million for the year ended June 30, 2023, an increase of $239.2 million or 10%."
RMD,sleep,QK,E06_RMD_QK_2024-08-09_000094381924000013.txt,"Net revenue from our Sleep and Respiratory Care business in combined Europe, Asia and other markets increased for the year ended June 30, 2024 to $1,378.6 million from $1,241.6 million for the year ended June 30, 2023, an increase of $137.0 million or 11% (a 10% increase on a constant currency basis)."
RMD,device,QK,E06_RMD_QK_2024-08-09_000094381924000013.txt,"Net revenue from devices for the year ended June 30, 2024 increased to $2,444.0 million from $2,270.7 million for the year ended June 30, 2023, an increase of $173.3 million or 8%, including an increase of 5% in the United States, Canada and Latin America and an increase of 11% in combined Europe, Asia and other markets (a 10% increase on a constant currency basis)."
RMD,device,QK,E06_RMD_QK_2024-08-09_000094381924000013.txt,"Excluding the impact of foreign currency movements, device sales for the year ended June 30, 2024 increased by 7%."
RMD,mask,QK,E06_RMD_QK_2024-08-09_000094381924000013.txt,"Net revenue from masks and other for the year ended June 30, 2024 increased to $1,657.2 million from $1,454.3 million for the year ended June 30, 2023, an increase of 14%, including an increase of 15% in the United States, Canada and Latin America and an increase of 10% in combined Europe, Asia and other markets (a 8% increase on a constant currency basis)."
RMD,mask,QK,E06_RMD_QK_2024-08-09_000094381924000013.txt,"Excluding the impact of foreign currency movements, masks and other sales increased by 13%, compared to the year ended June 30, 2023."
RMD,gross margin,QK,E06_RMD_QK_2024-08-09_000094381924000013.txt,"Gross margin, which is gross profit as a percentage of net revenue, was 56.7% for the year ended June 30, 2024, compared with the 55.8% for the year ended June 30, 2023."
RMD,unit,QK,E06_RMD_QK_2024-08-09_000094381924000013.txt,"Our cash and cash equivalents held within the United States at June 30, 2024 and June 30, 2023 were $51.2 million and $49.3 million, respectively."
RMD,unit,QK,E06_RMD_QK_2024-08-09_000094381924000013.txt,"We repatriated $800.0 million and $445.0 million to the United States during the years ended June 30, 2024 and 2023, respectively, from earnings generated in each of those years."
RMD,unit,QK,E06_RMD_QK_2024-08-09_000094381924000013.txt,"In the current year, the Company performed qualitative, or Step 0, assessments to determine whether there was a greater than 50 percent likelihood that the fair value of each reporting unit was less than its carrying value."
RMD,unit,QK,E06_RMD_QK_2024-08-09_000094381924000013.txt,"Long-lived assets by geographic area as of June 30, 2024 and 2023 is summarized below (in thousands): 2024 2023 Australia $ 197,017 $ 200,752 United States 160,606 164,448 Singapore 89,679 83,711 Rest of the World 100,723 88,945 Total $ 548,025 $ 537,856 (14) Employee Retirement Plans We contribute to a number of employee retirement plans for the benefit of our employees."
RMD,gross margin,QK,E06_RMD_QK_2024-10-25_000094381924000027.txt,"Gross margin was 58.6% for the three months ended September 30, 2024 compared to 54.4% for the three months ended September 30, 2023."
RMD,sleep,QK,E06_RMD_QK_2024-10-25_000094381924000027.txt,"Sleep and Breathing Health Net revenue from our Sleep and Breathing Health business for the three months ended September 30, 2024 was $1,067.7 million, an increase of 11% compared to net revenue for the three months ended September 30, 2023."
RMD,sleep,QK,E06_RMD_QK_2024-10-25_000094381924000027.txt,"Excluding the impact of currency movements, total Sleep and Breathing Health net revenue for the three months ended September 30, 2024 increased by 11% compared to the three months ended September 30, 2023."
RMD,sleep,QK,E06_RMD_QK_2024-10-25_000094381924000027.txt,"Net revenue from our Sleep and Breathing Health business in the U.S., Canada and Latin America for the three months ended September 30, 2024 increased to $707.3 million from $638.4 million for the three months ended September 30, 2023, an increase of $68.9 million or 11%."
RMD,device,QK,E06_RMD_QK_2024-10-25_000094381924000027.txt,"Net revenue from devices for the three months ended September 30, 2024 increased to $625.8 million from $564.7 million for the three months ended September 30, 2023, an increase of $61.1 million or 11%, including an increase of 11% in the U.S., Canada and Latin America and an increase of 10% in combined Europe, Asia and other markets (a 9% increase on a constant currency basis)."
RMD,device,QK,E06_RMD_QK_2024-10-25_000094381924000027.txt,"Excluding the impact of foreign currency movements, device sales for the three months ended September 30, 2024 increased by 10%."
RMD,mask,QK,E06_RMD_QK_2024-10-25_000094381924000027.txt,"Net revenue from masks and other for the three months ended September 30, 2024 increased to $442.0 million from $398.3 million for the three months ended September 30, 2023, an increase of $43.6 million or 11%, including an increase of 10% in the U.S., Canada and Latin America and an increase of 13% in combined Europe, Asia and other markets (a 11% increase on a constant currency basis)."
RMD,mask,QK,E06_RMD_QK_2024-10-25_000094381924000027.txt,"Excluding the impact of foreign currency movements, masks and other sales for the three months ended September 30, 2024 increased by 11%."
RMD,gross margin,QK,E06_RMD_QK_2024-10-25_000094381924000027.txt,"Gross Profit and Gross Margin Gross profit increased for the three months ended September 30, 2024 to $717.2 million from $600.1 million for the three months ended September 30, 2023, an increase of $117.2 million or 20%."
RMD,gross margin,QK,E06_RMD_QK_2024-10-25_000094381924000027.txt,"Gross margin, which is gross profit as a percentage of net revenue, for the three months ended September 30, 2024 was 58.6% compared to 54.4% for the three months ended September 30, 2023."
RMD,unit,QK,E06_RMD_QK_2024-10-25_000094381924000027.txt,"Our cash and cash equivalents held within the United States at September 30, 2024 and June 30, 2024 were $136.4 million and $51.2 million, respectively."
RMD,gross margin,QK,E06_RMD_QK_2025-01-31_000094381925000004.txt,"Gross margin was 58.6% for the three months ended December 31, 2024 compared to 55.6% for the three months ended December 31, 2023."
RMD,sleep,QK,E06_RMD_QK_2025-01-31_000094381925000004.txt,"Sleep and Breathing Health Net revenue from our Sleep and Breathing Health business for the three months ended December 31, 2024 was $1,125.6 million, an increase of 11% compared to net revenue for the three months ended December 31, 2023."
RMD,sleep,QK,E06_RMD_QK_2025-01-31_000094381925000004.txt,"Excluding the impact of currency movements, total Sleep and Breathing Health net revenue for the three months ended December 31, 2024 increased by 11% compared to the three months ended December 31, 2023."
RMD,sleep,QK,E06_RMD_QK_2025-01-31_000094381925000004.txt,"Net revenue from our Sleep and Breathing Health business in the U.S., Canada and Latin America for the three months ended December 31, 2024 increased to $748.9 million from $669.3 million for the three months ended December 31, 2023, an increase of $79.6 million or 12%."
RMD,device,QK,E06_RMD_QK_2025-01-31_000094381925000004.txt,"Net revenue from devices for the three months ended December 31, 2024 increased to $669.3 million from $606.0 million for the three months ended December 31, 2023, an increase of $63.3 million or 10%, including an increase of 12% in the U.S., Canada and Latin America and an increase of 9% in combined Europe, Asia and other markets (a 9% increase on a constant currency basis)."
RMD,device,QK,E06_RMD_QK_2025-01-31_000094381925000004.txt,"Excluding the impact of foreign currency movements, device sales for the three months ended December 31, 2024 increased by 11%."
RMD,mask,QK,E06_RMD_QK_2025-01-31_000094381925000004.txt,"Net revenue from masks and other for the three months ended December 31, 2024 increased to $456.3 million from $411.9 million for the three months ended December 31, 2023, an increase of $44.4 million or 11%, including an increase of 12% in the U.S., Canada and Latin America and an increase of 7% in combined Europe, Asia and other markets (a 7% increase on a constant currency basis)."
RMD,mask,QK,E06_RMD_QK_2025-01-31_000094381925000004.txt,"Excluding the impact of foreign currency movements, masks and other sales for the three months ended December 31, 2024 increased by 11%."
RMD,sleep,QK,E06_RMD_QK_2025-01-31_000094381925000004.txt,"Excluding the impact of currency movements, total Sleep and Breathing Health net revenue for the six months ended December 31, 2024 increased by 11% compared to the six months ended December 31, 27 Table of Contents PART I – FINANCIAL INFORMATION Item 2 RESMED INC."
RMD,sleep,QK,E06_RMD_QK_2025-01-31_000094381925000004.txt,"Net revenue from our Sleep and Breathing Health business in the U.S., Canada and Latin America for the six months ended December 31, 2024 increased to $1,456.3 million from $1,307.7 million for the six months ended December 31, 2023, an increase of $148.6 million or 11%."
RMD,device,QK,E06_RMD_QK_2025-01-31_000094381925000004.txt,"Net revenue from devices for the six months ended December 31, 2024 increased to $1,295.1 million from $1,170.7 million for the six months ended December 31, 2023, an increase of $124.4 million or 11%, including an increase of 11% in the U.S., Canada and Latin America and an increase of 9% in combined Europe, Asia and other markets (a 9% increase on a constant currency basis)."
RMD,device,QK,E06_RMD_QK_2025-01-31_000094381925000004.txt,"Excluding the impact of foreign currency movements, device sales for the six months ended December 31, 2024 increased by 10%."
RMD,mask,QK,E06_RMD_QK_2025-01-31_000094381925000004.txt,"Net revenue from masks and other for the six months ended December 31, 2024 increased to $898.2 million from $810.2 million for the six months ended December 31, 2023, an increase of $88.1 million or 11%, including an increase of 11% in the U.S., Canada and Latin America and an increase of 10% in combined Europe, Asia and other markets (a 9% increase on a constant currency basis)."
RMD,mask,QK,E06_RMD_QK_2025-01-31_000094381925000004.txt,"Excluding the impact of foreign currency movements, masks and other sales increased by 11%, compared to the six months ended December 31, 2023."
RMD,gross margin,QK,E06_RMD_QK_2025-01-31_000094381925000004.txt,"Gross Profit and Gross Margin Gross profit increased for the three months ended December 31, 2024 to $751.3 million from $646.9 million for the three months ended December 31, 2023, an increase of $104.3 million or 16%."
RMD,gross margin,QK,E06_RMD_QK_2025-01-31_000094381925000004.txt,"Gross margin, which is gross profit as a percentage of net revenue, for the three months ended December 31, 2024 was 58.6% compared to 55.6% for the three months ended December 31, 2023."
RMD,gross margin,QK,E06_RMD_QK_2025-01-31_000094381925000004.txt,"Gross margin for the six months ended December 31, 2024 was 58.6% compared to 55.1% for the six months ended December 31, 2023."
RMD,unit,QK,E06_RMD_QK_2025-01-31_000094381925000004.txt,"Our cash and cash equivalents held within the United States at December 31, 2024 and June 30, 2024 were $205.9 million and $51.2 million, respectively."
MU,DRAM,ER,E07_MU_ER_2025-03-20_000072312525000006.txt,"REPORTS RESULTS FOR THE SECOND QUARTER OF FISCAL 2025 Micron HBM revenue crosses $1 billion milestone in fiscal Q2 Strong execution and robust AI demand drives record data center DRAM revenue BOISE, Idaho, March 20, 2025 – Micron Technology, Inc."
MU,inventory,QK,E07_MU_QK_2025-03-21_000072312525000009.txt,"Stock-based compensation expense of $ 118 million and $ 99 million was capitalized and remained in inventory as of February 27, 2025 and August 29, 2024, respectively."
MU,DRAM,QK,E07_MU_QK_2025-03-21_000072312525000009.txt,"24 Table of Contents Revenue and Customer Contract Liabilities Revenue by Technology Quarter Ended Six months ended February 27, 2025 February 29, 2024 February 27, 2025 February 29, 2024 DRAM $ 6,123 $ 4,158 $ 12,523 $ 7,585 NAND 1,855 1,567 4,096 2,797 Other (primarily NOR) 75 99 143 168 $ 8,053 $ 5,824 $ 16,762 $ 10,550 See “Item 1."
MU,DRAM,QK,E07_MU_QK_2025-03-21_000072312525000009.txt,Total revenue for the second quarter of 2025 decreased 8% as compared to the first quarter of 2025 primarily due to decreases in sales of both DRAM and NAND products.
MU,bit shipments,QK,E07_MU_QK_2025-03-21_000072312525000009.txt,"• Sales of DRAM products decreased 4% primarily due to a high-single-digit percent range decrease in bit shipments, partially offset by a mid-single-digit percent range increase in average selling prices driven by an increased mix of HBM and other data center products."
MU,bit shipments,QK,E07_MU_QK_2025-03-21_000072312525000009.txt,"• Sales of NAND products decreased 17% primarily due to a high-teens percent range decrease in average selling prices due to industry conditions and a mix shift to consumer-oriented products, partially offset by modestly higher bit shipments."
MU,DRAM,QK,E07_MU_QK_2025-03-21_000072312525000009.txt,Total revenue for the second quarter of 2025 increased 38% as compared to the second quarter of 2024 primarily due to increases in sales of both DRAM and NAND products.
MU,bit shipments,QK,E07_MU_QK_2025-03-21_000072312525000009.txt,"• Sales of DRAM products increased 47% primarily due to a mid-50% range increase in average selling prices, partially offset by decreases in bit shipments in the mid-single-digit percent range."
MU,bit shipments,QK,E07_MU_QK_2025-03-21_000072312525000009.txt,• Sales of NAND products increased 18% primarily due to a mid-teens percent range increase in bit shipments and a low-single-digit percent range increase in average selling prices.
MU,DRAM,QK,E07_MU_QK_2025-03-21_000072312525000009.txt,Total revenue for the first six months of 2025 increased 59% as compared to the first six months of 2024 due to increases in both DRAM and NAND sales.
MU,DRAM,QK,E07_MU_QK_2025-03-21_000072312525000009.txt,• Sales of DRAM products increased 65% primarily due to a mid-60% range increase in average selling prices.
MU,bit shipments,QK,E07_MU_QK_2025-03-21_000072312525000009.txt,• Sales of NAND products increased 46% primarily due to a low-30% range increase in average selling prices and an approximate 10% increase in bit shipments.
MU,DRAM,QK,E07_MU_QK_2025-03-21_000072312525000009.txt,"Our consolidated gross margin percentage decreased to 37% for the second quarter of 2025 from 38% for the first quarter of 2025, primarily due to a decrease in margins for NAND products, partially offset by an improvement in margins for DRAM products."
MU,HBM,QK,E07_MU_QK_2025-03-21_000072312525000009.txt,"Changes in revenue for each business unit for the second quarter of 2025 as compared to the first quarter of 2025 were as follows: • CNBU revenue increased 4% primarily due to higher sales of HBM products, which increased more than 50%."
MU,NAND,QK,E07_MU_QK_2025-03-21_000072312525000009.txt,"• SBU revenue decreased 20% primarily due to lower storage investments by data center customers after several quarters of very strong growth, and overall NAND industry pricing declines."
MU,bit shipments,QK,E07_MU_QK_2025-03-21_000072312525000009.txt,"• MBU revenue decreased 30% primarily due to decreases in bit shipments, as mobile customers managed inventories lower, and declines in average selling prices for both mobile DRAM and NAND."
MU,bit shipments,QK,E07_MU_QK_2025-03-21_000072312525000009.txt,"Changes in revenue for each business unit for the second quarter and the first six months of 2025 as compared to the corresponding periods of 2024 were as follows: • CNBU revenue increased 109% and 128%, respectively, primarily due to increases in average selling prices and bit shipments driven by improved demand, particularly in cloud server markets, including HBM."
MU,bit shipments,QK,E07_MU_QK_2025-03-21_000072312525000009.txt,"• SBU revenue increased 54% and 100%, respectively, primarily due to increases in bit shipments and average selling prices for NAND."
MU,bit shipments,QK,E07_MU_QK_2025-03-21_000072312525000009.txt,"• MBU revenue decreased 33% and 10%, respectively, primarily due to decreases in bit shipments partially offset by increases in DRAM average selling prices."
MU,bit shipments,QK,E07_MU_QK_2025-03-21_000072312525000009.txt,"• EBU revenue decreased 8% and 3%, respectively, primarily due to decreases in DRAM bit shipments and declines in average selling prices for NAND, partially offset by increases in NAND bit shipments."
MU,DRAM,QK,E07_MU_QK_2025-03-21_000072312525000009.txt,"In the past five years, annual percentage changes in DRAM average selling prices have ranged from plus low-teen percentage range to a minus high-40% range."
MU,NAND,QK,E07_MU_QK_2025-03-21_000072312525000009.txt,"In the past five years, annual percentage changes in NAND average selling prices have ranged from plus low-30% to a minus low-50% range."
MU,inventory,QK,E07_MU_QK_2025-06-26_000072312525000021.txt,"Stock-based compensation expense of $ 109 million and $ 99 million was capitalized and remained in inventory as of May 29, 2025 and August 29, 2024, respectively."
MU,DRAM,QK,E07_MU_QK_2025-06-26_000072312525000021.txt,"Revenue and Customer Contract Liabilities Revenue by Technology Quarter Ended Nine Months Ended May 29, 2025 May 30, 2024 May 29, 2025 May 30, 2024 DRAM $ 7,071 $ 4,692 $ 19,594 $ 12,277 NAND 2,155 2,065 6,251 4,862 Other (primarily NOR) 75 54 218 222 $ 9,301 $ 6,811 $ 26,063 $ 17,361 See “Item 1."
MU,DRAM,QK,E07_MU_QK_2025-06-26_000072312525000021.txt,Total revenue for the third quarter of 2025 increased 15% as compared to the second quarter of 2025 primarily due to increases in sales of both DRAM and NAND products.
MU,bit shipments,QK,E07_MU_QK_2025-06-26_000072312525000021.txt,"• Sales of DRAM products increased 15% primarily due to an over 20% increase in bit shipments, partially offset by a low-single-digit percent range decrease in average selling prices primarily due to a higher consumer-oriented revenue mix."
MU,bit shipments,QK,E07_MU_QK_2025-06-26_000072312525000021.txt,"• Sales of NAND products increased 16% primarily due to a mid-20% range increase in bit shipments, partially offset by a high-single-digit percent range decrease in average selling prices."
MU,DRAM,QK,E07_MU_QK_2025-06-26_000072312525000021.txt,Total revenue for the third quarter of 2025 increased 37% as compared to the third quarter of 2024 primarily due to increases in sales of both DRAM and NAND products.
MU,bit shipments,QK,E07_MU_QK_2025-06-26_000072312525000021.txt,• Sales of DRAM products increased 51% primarily due to a mid-20% range increase in average selling prices and an increase in bit shipments in the low-20% range.
MU,bit shipments,QK,E07_MU_QK_2025-06-26_000072312525000021.txt,"• Sales of NAND products increased 4% primarily due to a low-30% range increase in bit shipments, partially offset by a low-20% range decrease in average selling prices."
MU,DRAM,QK,E07_MU_QK_2025-06-26_000072312525000021.txt,Total revenue for the first nine months of 2025 increased 50% as compared to the first nine months of 2024 due to increases in both DRAM and NAND sales.
MU,bit shipments,QK,E07_MU_QK_2025-06-26_000072312525000021.txt,• Sales of DRAM products increased 60% primarily due to a high-40% range increase in average selling prices and a high-single-digit percent range increase in bit shipments.
MU,bit shipments,QK,E07_MU_QK_2025-06-26_000072312525000021.txt,• Sales of NAND products increased 29% primarily due to a high-teen percentage range increase in bit shipments and a high-single-digit percent range increase in average selling prices.
MU,DRAM,QK,E07_MU_QK_2025-06-26_000072312525000021.txt,"Our consolidated gross margin percentage increased to 38% for the third quarter of 2025 from 37% for the second quarter of 2025, primarily due to an improvement in margins for DRAM products, partially offset by a decrease in margins for NAND products."
MU,DRAM,QK,E07_MU_QK_2025-06-26_000072312525000021.txt,"Changes in revenue for each business unit for the third quarter of 2025 as compared to the second quarter of 2025 were as follows: • CNBU revenue increased 11% primarily due to higher sales of HBM products, which increased nearly 50%, along with growth in our high-capacity DRAM and low-power server DRAM."
MU,bit shipments,QK,E07_MU_QK_2025-06-26_000072312525000021.txt,• SBU revenue increased 4% primarily due to increases in bit shipments driven by increased demand in consumer markets.
MU,bit shipments,QK,E07_MU_QK_2025-06-26_000072312525000021.txt,"• MBU revenue increased 45% primarily due to increases in bit shipments driven by reduced customer inventories and strong demand from DRAM content growth, partially offset by declines in average selling prices for both mobile DRAM and NAND."
MU,bit shipments,QK,E07_MU_QK_2025-06-26_000072312525000021.txt,• EBU revenue increased 20% primarily due to increases in bit shipments driven by demand in industrial and embedded consumer markets.
MU,bit shipments,QK,E07_MU_QK_2025-06-26_000072312525000021.txt,"Changes in revenue for each business unit for the third quarter and the first nine months of 2025 as compared to the corresponding periods of 2024 were as follows: • CNBU revenue increased 97% and 116%, respectively, primarily due to increases in average selling prices and bit shipments driven by improved demand, particularly in cloud server markets, including HBM."
MU,bit shipments,QK,E07_MU_QK_2025-06-26_000072312525000021.txt,"• SBU revenue increased 7% for the third quarter of 2025 as compared to the third quarter of 2024 primarily due to increases in bit shipments, partially offset by declines in average selling prices for NAND."
MU,bit shipments,QK,E07_MU_QK_2025-06-26_000072312525000021.txt,SBU revenue increased 57% for the first nine months of 2025 as compared to the first nine months of 2024 primarily due to increases in bit shipments and average selling prices for NAND.
MU,bit shipments,QK,E07_MU_QK_2025-06-26_000072312525000021.txt,"• MBU revenue decreased 2% for the third quarter of 2025 as compared to the third quarter of 2024 primarily due to declines in DRAM and NAND average selling prices, partially offset by increases in bit shipments."
MU,bit shipments,QK,E07_MU_QK_2025-06-26_000072312525000021.txt,"MBU revenue decreased 7% for the first nine months of 2025 as compared to the first nine months of 2024 primarily due to decreases in DRAM and NAND bit shipments, partially offset by in increases in average selling prices."
MU,bit shipments,QK,E07_MU_QK_2025-06-26_000072312525000021.txt,"• EBU revenue decreased 5% and 4%, respectively, primarily due to declines in average selling prices, partially offset by increases in bit shipments."
MU,DRAM,QK,E07_MU_QK_2025-06-26_000072312525000021.txt,"In the past five years, annual percentage changes in DRAM average selling prices have ranged from plus low-teen percentage range to a minus high-40% range."
MU,NAND,QK,E07_MU_QK_2025-06-26_000072312525000021.txt,"In the past five years, annual percentage changes in NAND average selling prices have ranged from plus low-30% to a minus low-50% range."
MU,DRAM,QK,E07_MU_QK_2025-10-03_000072312525000028.txt,"Total reported DRAM revenue was $28.58 billion in 2025, $17.60 billion in 2024, and $10.98 billion in 2023."
MU,NAND,QK,E07_MU_QK_2025-10-03_000072312525000028.txt,"Total reported NAND revenue was $8.50 billion in 2025, $7.23 billion in 2024, and $4.21 billion in 2023."
MU,DRAM,QK,E07_MU_QK_2025-10-03_000072312525000028.txt,"In the past five years, annual percentage changes in DRAM average selling prices have ranged from plus low 40% to a minus high 40% range."
MU,NAND,QK,E07_MU_QK_2025-10-03_000072312525000028.txt,"In the past five years, annual percentage changes in NAND average selling prices have ranged from plus low 30% to a minus low 50% range."
MU,DRAM,QK,E07_MU_QK_2025-10-03_000072312525000028.txt,Total revenue for 2025 increased 49% as compared to 2024 primarily due to increases in sales of both DRAM and NAND products.
MU,bit shipments,QK,E07_MU_QK_2025-10-03_000072312525000028.txt,• Sales of DRAM products increased 62% primarily due to a low-40% range increase in average selling prices and a mid-teen percentage increase in bit shipments.
MU,bit shipments,QK,E07_MU_QK_2025-10-03_000072312525000028.txt,• Sales of NAND products increased 18% primarily due to a high-teen percentage increase in bit shipments.
MU,DRAM,QK,E07_MU_QK_2025-10-03_000072312525000028.txt,Total revenue for 2024 increased 62% as compared to 2023 primarily due to increases in sales of both DRAM and NAND products.
MU,bit shipments,QK,E07_MU_QK_2025-10-03_000072312525000028.txt,• Sales of DRAM products increased 60% primarily due to a mid-40% range increase in bit shipments and a low-teen percentage range increase in average selling prices.
MU,bit shipments,QK,E07_MU_QK_2025-10-03_000072312525000028.txt,• Sales of NAND products increased 72% primarily due to a low-30% range increase in bit shipments and a low-30% percentage range increase in average selling prices.
MU,DRAM,QK,E07_MU_QK_2025-10-03_000072312525000028.txt,Our consolidated gross margin percentage improved to 40% for 2025 from 22% for 2024 as a result of improvements in margins for both DRAM and NAND products.
MU,inventory,QK,E07_MU_QK_2025-10-03_000072312525000028.txt,Our consolidated gross margin for 2024 reflected $987 million of benefit due to lower costs from the sale of inventories written down to their net realizable value in 2023 (as detailed in “Inventory NRV Write-Downs” below).
MU,bit shipments,QK,E07_MU_QK_2025-10-03_000072312525000028.txt,"Changes in revenue for each business unit for 2025 as compared to 2024 were as follows: • CMBU revenue increased 257% primarily due to increases in DRAM bit shipments and average selling prices driven by accelerating AI demand in cloud server markets for HBM, high-capacity dual in-line memory modules (“DIMMS”), and low-power server DRAM."
MU,bit shipments,QK,E07_MU_QK_2025-10-03_000072312525000028.txt,• CDBU revenue increased 45% primarily due to increases in average selling prices for both data center DRAM and NAND and NAND bit shipments due to increased demand for data center SSDs.
MU,DRAM,QK,E07_MU_QK_2025-10-03_000072312525000028.txt,• MCBU revenue increased 2% primarily due to increases in DRAM and NAND revenue.
MU,bit shipments,QK,E07_MU_QK_2025-10-03_000072312525000028.txt,"• AEBU revenue increased 3% primarily due to increases in DRAM and NAND bit shipments, partially offset by declines in average selling prices for both DRAM and NAND as a result of pricing pressure for certain legacy products."
MU,bit shipments,QK,E07_MU_QK_2025-10-03_000072312525000028.txt,Changes in revenue for each business unit for 2024 as compared to 2023 were as follows: • CMBU revenue increased 103% driven by increases in DRAM bit shipments and average selling prices.
MU,bit shipments,QK,E07_MU_QK_2025-10-03_000072312525000028.txt,• CDBU revenue increased 135% primarily due to increases in NAND and DRAM bit shipments and average selling prices.
MU,bit shipments,QK,E07_MU_QK_2025-10-03_000072312525000028.txt,• MCBU revenue increased 58% primarily due to increases in DRAM and NAND bit shipments and average selling prices for both mobile and client markets.
MU,bit shipments,QK,E07_MU_QK_2025-10-03_000072312525000028.txt,"• AEBU revenue increased 12% primarily due to increases in DRAM bit shipments, partially offset by declines in average selling prices."
MU,average selling price,QK,E07_MU_QK_2025-10-03_000072312525000028.txt,"For example, a 5% decrease in future average selling prices would have changed the estimated net realizable value of our finished goods and work in process inventories by approximately $750 million as of August 28, 2025."
MU,inventory,QK,E07_MU_QK_2025-10-03_000072312525000028.txt,"Stock-based compensation expense of $ 96 million and $ 99 million was capitalized and remained in inventory as of August 28, 2025 and August 29, 2024, respectively."
MU,DRAM,QK,E07_MU_QK_2025-10-03_000072312525000028.txt,"Revenue and Customer Contract Liabilities Revenue by Technology For the year ended 2025 2024 2023 DRAM $ 28,578 $ 17,603 $ 10,978 NAND 8,503 7,227 4,206 Other (primarily NOR) 297 281 356 $ 37,378 $ 25,111 $ 15,540 See Note 27."
MU,inventory,QK,E07_MU_QK_2025-12-18_000072312525000046.txt,"Stock-based compensation expense of $ 106 million and $ 96 million was capitalized and remained in inventory as of November 27, 2025 and August 28, 2025, respectively."
MU,DRAM,QK,E07_MU_QK_2025-12-18_000072312525000046.txt,"Revenue and Customer Contract Liabilities Revenue by Technology Three months ended November 27, 2025 November 28, 2024 DRAM $ 10,812 $ 6,400 NAND 2,743 2,241 Other (primarily NOR) 88 68 $ 13,643 $ 8,709 See Item 1."
MU,DRAM,QK,E07_MU_QK_2025-12-18_000072312525000046.txt,Total revenue for the first quarter of 2026 increased 21% as compared to the fourth quarter of 2025 primarily due to increases in sales of both DRAM and NAND products.
MU,DRAM,QK,E07_MU_QK_2025-12-18_000072312525000046.txt,• Sales of DRAM products increased 20% primarily due to an approximate 20% increase in average selling prices.
MU,bit shipments,QK,E07_MU_QK_2025-12-18_000072312525000046.txt,• Sales of NAND products increased 22% primarily due to a mid-teens percentage range increase in average selling prices and a mid-to-high single digit percentage range increase in bit shipments.
MU,DRAM,QK,E07_MU_QK_2025-12-18_000072312525000046.txt,Total revenue for the first quarter of 2026 increased 57% as compared to the first quarter of 2025 primarily due to increases in sales of both DRAM and NAND products.
MU,bit shipments,QK,E07_MU_QK_2025-12-18_000072312525000046.txt,• Sales of DRAM products increased 69% primarily due to a mid-30% range increase in average selling prices and a mid-20% range increase in bit shipments.
MU,bit shipments,QK,E07_MU_QK_2025-12-18_000072312525000046.txt,"• Sales of NAND products increased 22% primarily due to a high-20% range increase in bit shipments, partially offset by a mid-single-digit percent range decrease in average selling prices."
MU,DRAM,QK,E07_MU_QK_2025-12-18_000072312525000046.txt,Consolidated Gross Margin: Our consolidated gross margin has been impacted by the factors described in the section titled “Industry Conditions.” Our consolidated gross margin percentage increased to 56% for the first quarter of 2026 from 45% for the fourth quarter of 2025 as a result of improvements in margins for both DRAM and NAND products.
MU,DRAM,QK,E07_MU_QK_2025-12-18_000072312525000046.txt,Our consolidated gross margin percentage improved to 56% for the first quarter of 2026 from 38% for the first quarter of 2025 as a result of improvements in margins for both DRAM and NAND products.
MU,bit shipments,QK,E07_MU_QK_2025-12-18_000072312525000046.txt,Changes in revenue for each business unit for the first quarter of 2026 as compared to the fourth quarter of 2025 were as follows: • CMBU revenue increased 16% primarily due to increases in DRAM average selling prices and bit shipments driven by AI demand in cloud server markets.
MU,bit shipments,QK,E07_MU_QK_2025-12-18_000072312525000046.txt,• CDBU revenue increased 51% primarily due to increases in bit shipments and average selling prices for both data center DRAM and NAND.
MU,bit shipments,QK,E07_MU_QK_2025-12-18_000072312525000046.txt,"• MCBU revenue increased 13% primarily due to increases in DRAM and NAND average selling prices, partially offset by decreases in bit shipments."
MU,bit shipments,QK,E07_MU_QK_2025-12-18_000072312525000046.txt,• AEBU revenue increased 20% primarily due to increases in DRAM and NAND average selling prices and DRAM bit shipments.
MU,bit shipments,QK,E07_MU_QK_2025-12-18_000072312525000046.txt,"Changes in revenue for each business unit for the first quarter of 2026 as compared to the first quarter of 2025 were as follows: • CMBU revenue increased 100% primarily due to increases in DRAM bit shipments and average selling prices driven by AI demand in cloud server markets for HBM, high-capacity dual in-line memory modules (“DIMMS”), and low-power server DRAM."
MU,bit shipments,QK,E07_MU_QK_2025-12-18_000072312525000046.txt,"• CDBU revenue increased 4% primarily due to increases in DRAM average selling prices and higher NAND bit shipments, partially offset by decreases in NAND average selling prices."
MU,bit shipments,QK,E07_MU_QK_2025-12-18_000072312525000046.txt,• MCBU revenue increased 63% primarily due to increases in DRAM and NAND average selling prices and bit shipments.
MU,bit shipments,QK,E07_MU_QK_2025-12-18_000072312525000046.txt,"• AEBU revenue increased 49% primarily due to higher DRAM and NAND bit shipments and DRAM average selling prices, partially offset by decreases in NAND average selling prices."
MU,DRAM,QK,E07_MU_QK_2025-12-18_000072312525000046.txt,"In the past five years, annual percentage changes in DRAM average selling prices have ranged from plus low 40% to a minus high 40% range."
MU,NAND,QK,E07_MU_QK_2025-12-18_000072312525000046.txt,"In the past five years, annual percentage changes in NAND average selling prices have ranged from plus low 30% to a minus low 50% range."
MU,inventory,QK,E07_MU_QK_2026-03-19_000072312526000006.txt,"Stock-based compensation expense of $ 118 million and $ 96 million was capitalized and remained in inventory as of February 26, 2026 and August 28, 2025, respectively."
MU,DRAM,QK,E07_MU_QK_2026-03-19_000072312526000006.txt,"Revenue and Customer Contract Liabilities Revenue by Technology Quarter Ended Six Months Ended February 26, 2026 February 27, 2025 February 26, 2026 February 27, 2025 DRAM $ 18,768 $ 6,123 $ 29,580 $ 12,523 NAND 4,997 1,855 7,740 4,096 Other (primarily NOR) 95 75 183 143 $ 23,860 $ 8,053 $ 37,503 $ 16,762 See Item 1."
MU,DRAM,QK,E07_MU_QK_2026-03-19_000072312526000006.txt,"Total revenue for the second quarter of 2026 increased 75% as compared to the first quarter of 2026, primarily due to increases in sales of both DRAM and NAND products."
MU,bit shipments,QK,E07_MU_QK_2026-03-19_000072312526000006.txt,"• Sales of DRAM products increased 74%, primarily due to a mid-60% range increase in average selling prices and a mid-single-digit percentage range increase in bit shipments driven by tight industry conditions and favorable mix."
MU,bit shipments,QK,E07_MU_QK_2026-03-19_000072312526000006.txt,"• Sales of NAND products increased 82%, primarily due to a high-70% range increase in average selling prices and a low-single-digit percentage range increase in bit shipments driven by tight industry conditions and favorable mix."
MU,DRAM,QK,E07_MU_QK_2026-03-19_000072312526000006.txt,"Total revenue for the second quarter of 2026 increased 196% as compared to the second quarter of 2025, primarily due to increases in sales of both DRAM and NAND products."
MU,bit shipments,QK,E07_MU_QK_2026-03-19_000072312526000006.txt,"• Sales of DRAM products increased 207%, primarily due to a mid-110% range increase in average selling prices and a mid-40% range increase in bit shipments."
MU,bit shipments,QK,E07_MU_QK_2026-03-19_000072312526000006.txt,"• Sales of NAND products increased 169%, primarily due to a slightly more than 100% increase in average selling prices and an approximate 30% increase in bit shipments."
MU,DRAM,QK,E07_MU_QK_2026-03-19_000072312526000006.txt,"29 | 2026 Q2 10-Q Table of Contents Total revenue for the first six months of 2026 increased 124% as compared to the first six months of 2025, primarily due to increases in sales of both DRAM and NAND products."
MU,bit shipments,QK,E07_MU_QK_2026-03-19_000072312526000006.txt,"• Sales of DRAM products increased 136%, primarily due to a mid-70% range increase in average selling prices and a mid-30% range increase in bit shipments."
MU,bit shipments,QK,E07_MU_QK_2026-03-19_000072312526000006.txt,"• Sales of NAND products increased 89%, primarily due to a mid-40% range increase in average selling prices and an approximate 30% increase in bit shipments."
MU,DRAM,QK,E07_MU_QK_2026-03-19_000072312526000006.txt,Consolidated Gross Margin: Our consolidated gross margin has been impacted by the factors described in the section titled “Industry Conditions.” Our consolidated gross margin percentage increased to 74% for the second quarter of 2026 from 56% for the first quarter of 2026 as a result of improvements in margins for both DRAM and NAND products.
MU,average selling price,QK,E07_MU_QK_2026-03-19_000072312526000006.txt,"Changes in revenue for each business unit for the second quarter of 2026 as compared to the first quarter of 2026 were as follows: • CMBU revenue increased 47%, primarily due to increases in average selling prices and favorable mix."
MU,bit shipments,QK,E07_MU_QK_2026-03-19_000072312526000006.txt,"• CDBU revenue increased 139%, primarily due to increases in average selling prices and bit shipments."
MU,bit shipments,QK,E07_MU_QK_2026-03-19_000072312526000006.txt,"• MCBU revenue increased 81%, primarily due to increases in average selling prices, partially offset by lower bit shipments."
MU,bit shipments,QK,E07_MU_QK_2026-03-19_000072312526000006.txt,"• AEBU revenue increased 57%, primarily due to increases in average selling prices, partially offset by lower bit shipments."
MU,DRAM,QK,E07_MU_QK_2026-03-19_000072312526000006.txt,"In the past five fiscal years, annual percentage changes in DRAM average selling prices have ranged from plus low 40% to a minus high 40% range."
MU,NAND,QK,E07_MU_QK_2026-03-19_000072312526000006.txt,"In the past five fiscal years, annual percentage changes in NAND average selling prices have ranged from plus low 30% to a minus low 50% range."
MU,capacity,QK,E07_MU_QK_2026-06-25_000072312526000015.txt,"Revolving Credit Facility On May 6, 2026, we reduced our borrowing capacity under the Revolving Credit Facility from $ 3.50 billion to $ 2.00 billion."
MU,inventory,QK,E07_MU_QK_2026-06-25_000072312526000015.txt,"Stock-based compensation expense of $ 132 million and $ 96 million was capitalized and remained in inventory as of May 28, 2026 and August 28, 2025, respectively."
MU,DRAM,QK,E07_MU_QK_2026-06-25_000072312526000015.txt,"Revenue and Customer Contract Liabilities Revenue by Technology Quarter Ended Nine Months Ended May 28, 2026 May 29, 2025 May 28, 2026 May 29, 2025 DRAM $ 31,328 $ 7,071 $ 60,908 $ 19,594 NAND 9,943 2,155 17,683 6,251 Other (primarily NOR) 185 75 368 218 $ 41,456 $ 9,301 $ 78,959 $ 26,063 See Item 1."
MU,DRAM,QK,E07_MU_QK_2026-06-25_000072312526000015.txt,"Total revenue for the third quarter of 2026 increased 74% as compared to the second quarter of 2026, primarily due to increases in sales of both DRAM and NAND products."
MU,bit shipments,QK,E07_MU_QK_2026-06-25_000072312526000015.txt,"• Sales of DRAM products increased 67%, primarily due to a low-60% range increase in average selling prices and a low-single-digit percentage range increase in bit shipments."
MU,bit shipments,QK,E07_MU_QK_2026-06-25_000072312526000015.txt,"• Sales of NAND products increased 99%, primarily due to a mid-80% range increase in average selling prices and a mid-single-digit percentage range increase in bit shipments."
MU,DRAM,QK,E07_MU_QK_2026-06-25_000072312526000015.txt,"Total revenue for the third quarter of 2026 increased 346% as compared to the third quarter of 2025, primarily due to increases in sales of both DRAM and NAND products."
MU,bit shipments,QK,E07_MU_QK_2026-06-25_000072312526000015.txt,"• Sales of DRAM products increased 343%, primarily due to a low-260% range increase in average selling prices and a low-20% range increase in bit shipments."
MU,bit shipments,QK,E07_MU_QK_2026-06-25_000072312526000015.txt,"• Sales of NAND products increased 361%, primarily due to a mid-310% increase in average selling prices and a low-double-digit increase in bit shipments."
MU,DRAM,QK,E07_MU_QK_2026-06-25_000072312526000015.txt,"28 Table of Contents Total revenue for the first nine months of 2026 increased 203% as compared to the first nine months of 2025, primarily due to increases in sales of both DRAM and NAND products."
MU,bit shipments,QK,E07_MU_QK_2026-06-25_000072312526000015.txt,"• Sales of DRAM products increased 211%, primarily due to an approximate 140% increase in average selling prices and an approximate 30% increase in bit shipments."
MU,bit shipments,QK,E07_MU_QK_2026-06-25_000072312526000015.txt,"• Sales of NAND products increased 183%, primarily due to an approximate 130% increase in average selling prices and a low-20% range increase in bit shipments."
MU,DRAM,QK,E07_MU_QK_2026-06-25_000072312526000015.txt,Consolidated Gross Margin: Our consolidated gross margin has been impacted by the factors described in the section titled “Industry Conditions—Memory and Storage Demand.” Our consolidated gross margin percentage increased to 85% for the third quarter of 2026 from 74% for the second quarter of 2026 as a result of improvements in margins for both DRAM and NAND products.
MU,bit shipments,QK,E07_MU_QK_2026-06-25_000072312526000015.txt,"Changes in revenue for each business unit for the third quarter of 2026 as compared to the second quarter of 2026 were as follows: • CMBU revenue increased 78%, primarily due to increases in average selling prices and bit shipments."
MU,average selling price,QK,E07_MU_QK_2026-06-25_000072312526000015.txt,"• CDBU revenue increased 103%, primarily due to increases in average selling prices and favorable mix."
MU,bit shipments,QK,E07_MU_QK_2026-06-25_000072312526000015.txt,"• MCBU revenue increased 49%, primarily due to increases in average selling prices, partially offset by lower bit shipments."
MU,bit shipments,QK,E07_MU_QK_2026-06-25_000072312526000015.txt,"• AEBU revenue increased 71%, primarily due to increases in average selling prices and bit shipments."
MU,bit shipments,QK,E07_MU_QK_2026-06-25_000072312526000015.txt,"Changes in revenue for each business unit for the third quarter and first nine months of 2026 as compared to the corresponding periods of 2025 were as follows: • CMBU revenue increased 307% and 198%, respectively, primarily due to increases in average selling prices and bit shipments."
MU,bit shipments,QK,E07_MU_QK_2026-06-25_000072312526000015.txt,"• CDBU revenue increased 653% and 247%, respectively, primarily due to increases in average selling prices and bit shipments."
MU,bit shipments,QK,E07_MU_QK_2026-06-25_000072312526000015.txt,"• MCBU revenue increased 254% and 190%, respectively, primarily due to increases in average selling prices, partially offset by lower bit shipments."
MU,bit shipments,QK,E07_MU_QK_2026-06-25_000072312526000015.txt,"• AEBU revenue increased 311% and 173%, respectively, primarily due to increases in average selling prices and bit shipments."
MU,DRAM,QK,E07_MU_QK_2026-06-25_000072312526000015.txt,"Over the past five fiscal years, annual percentages changes in DRAM average selling prices have ranged from an increase in the low 40% range to a decrease in the high 40% range."
MU,DRAM,QK,E07_MU_QK_2026-06-25_000072312526000015.txt,DRAM average selling prices increased approximately 140% for the first nine months of 2026 compared to the first nine months of 2025.
MU,NAND,QK,E07_MU_QK_2026-06-25_000072312526000015.txt,"In the past five fiscal years, annual percentage changes in NAND average selling prices have ranged from an increase in the low 30% range to a decrease in the low 50% range."
MU,NAND,QK,E07_MU_QK_2026-06-25_000072312526000015.txt,NAND average selling prices increased approximately 130% for the first nine months of 2026 compared to the first nine months of 2025.
AAPL,installed base,ER,E08_AAPL_ER_2025-05-01_000032019325000055.txt,"“And thanks to our high levels of customer loyalty and satisfaction, our installed base of active devices once again reached a new all-time high across all product categories and geographic segments.” Apple’s board of directors has declared a cash dividend of $0.26 per share of the Company’s common stock, an increase of 4 percent."
AAPL,installed base,ER,E08_AAPL_ER_2025-07-31_000032019325000071.txt,"“Our installed base of active devices also reached a new all-time high across all product categories and geographic segments, thanks to our very high levels of customer satisfaction and loyalty.” Apple’s board of directors has declared a cash dividend of $0.26 per share of the Company’s common stock."
AAPL,iPhone,ER,E08_AAPL_ER_2025-10-30_000032019325000077.txt,"1 “Today, Apple is very proud to report a September quarter revenue record of $102.5 billion, including a September quarter revenue record for iPhone and an all-time revenue record for Services,” said Tim Cook, Apple’s CEO."
AAPL,Mac,ER,E08_AAPL_ER_2025-10-30_000032019325000077.txt,"When combined with the recently announced MacBook Pro and iPad Pro with the powerhouse M5 chip, we are excited to be sharing our most extraordinary lineup of products as we head into the holiday season.” “Our September quarter results capped off a record fiscal year, with revenue reaching $416 billion, as well as double-digit EPS growth,” said Kevan Parekh, Apple’s CFO."
AAPL,installed base,ER,E08_AAPL_ER_2025-10-30_000032019325000077.txt,"“And thanks to our very high levels of customer satisfaction and loyalty, our installed base of active devices also reached a new all-time high across all product categories and geographic segments.” Apple’s board of directors has declared a cash dividend of $0.26 per share of the Company’s common stock."
AAPL,iPhone,ER,E08_AAPL_ER_2026-01-29_000032019326000005.txt,"“iPhone had its best-ever quarter driven by unprecedented demand, with all-time records across every geographic segment, and Services also achieved an all-time revenue record, up 14 percent from a year ago."
AAPL,installed base,ER,E08_AAPL_ER_2026-01-29_000032019326000005.txt,"We are also excited to announce that our installed base now has more than 2.5 billion active devices, which is a testament to incredible customer satisfaction for the very best products and services in the world.” “During the December quarter, our record business performance and strong margins led to EPS growth of 19 percent, setting a new all-time EPS record,” said Kevan Parekh, Apple’s CFO."
AAPL,iPhone,ER,E08_AAPL_ER_2026-04-30_000032019326000011.txt,"That included the addition of the iPhone 17e and the M4-powered iPad Air, along with the launch of MacBook Neo, which is captivating customers all around the world.” “Our strong business performance during the March quarter generated over $28 billion in operating cash flow and drove new March quarter records for both operating cash flow and EPS,” said Kevan Parekh, Apple’s CFO."
AAPL,installed base,ER,E08_AAPL_ER_2026-04-30_000032019326000011.txt,"“Continued strong customer demand for our products and services once again helped us achieve a new all-time high for our installed base of active devices across all major product categories and geographic segments.” Apple’s board of directors has declared a cash dividend of $0.27 per share of the Company’s common stock, an increase of 4 percent."
AAPL,gross margin,ER,E08_AAPL_ER_2026-07-30_000032019326000018.txt,"Company gross margin was 50.1 percent, including a favorable impact of approximately 2 percentage points from tariff refunds."
AAPL,installed base,ER,E08_AAPL_ER_2026-07-30_000032019326000018.txt,“Our installed base of active devices also reached a new all-time high across all major product categories and geographic segments.” Apple’s board of directors has declared a cash dividend of $0.27 per share of the Company’s common stock.
SWKS,content,QK,E12_SWKS_QK_2019-08-07_000000412719000041.txt,"17 Table of Contents We generated net revenue of $767.0 million for the three months ended June 28, 2019 , a decrease of $127.3 million or 14.2% , as compared with $894.3 million for the corresponding period in fiscal 2018."
SWKS,average selling price,QK,E12_SWKS_QK_2019-08-07_000000412719000041.txt,"The $139.1 million decrease in gross profit for the three months ended June 28, 2019 , as compared with the corresponding period in fiscal 2018, was primarily the result of lower average selling prices and lower unit volumes with a gross profit impact of $106.9 million."
SWKS,Huawei,QK,E12_SWKS_QK_2019-08-07_000000412719000041.txt,"In addition, we incurred a $66.6 million inventory-related charge due to lower expected demand as a result of Huawei being added to the Entity List."
SWKS,average selling price,QK,E12_SWKS_QK_2019-08-07_000000412719000041.txt,"The $249.3 million decrease in gross profit for the nine months ended June 28, 2019 , as compared with the corresponding period in fiscal 2018, was primarily the result of lower average selling prices and lower unit volumes with a gross profit impact of $405.7 million."
SWKS,content,QK,E12_SWKS_QK_2019-08-07_000000412719000041.txt,"19 Table of Contents The effective tax rates for the three and nine months ended June 28, 2019 , were 11.0% and 11.6%, respectively, as compared with 7.8% and 36.0% for the three and nine months ended June 29, 2018 , respectively."
SWKS,5G,QK,E12_SWKS_QK_2019-11-14_000000412719000049.txt,"According to a June 2019 Ericsson “Mobility Report,” there are expected to be 1.9 billion mobile 5G subscriptions globally by the end of 2024 driven by “rapid early momentum and enthusiasm” in the global market."
SWKS,content,QK,E12_SWKS_QK_2019-11-14_000000412719000049.txt,"25 Table of Contents • Our ending cash, cash equivalents and marketable securities balance increased 3.1% to $1,082.2 million in fiscal 2019 from $1,050.2 million in fiscal 2018 ."
SWKS,average selling price,QK,E12_SWKS_QK_2019-11-14_000000412719000049.txt,"The $346.9 million decrease in gross profit in fiscal 2019 , as compared to fiscal 2018 , was primarily the result of lower unit volumes and lower average selling prices with a gross profit impact of $546.5 million."
SWKS,Huawei,QK,E12_SWKS_QK_2019-11-14_000000412719000049.txt,"In addition, we incurred a $66.1 million inventory-related charge due to lower expected demand as a result of Huawei being added to the Entity List."
SWKS,content,QK,E12_SWKS_QK_2019-11-14_000000412719000049.txt,"28 Table of Contents Liquidity: Cash, cash equivalents and marketable securities totaled $1,082.2 million as of September 27, 2019 , representing an increase of $32.0 million from September 28, 2018 ."
SWKS,content,QK,E12_SWKS_QK_2019-11-14_000000412719000049.txt,"Assets and liabilities recorded at fair value on a recurring basis consisted of the following (in millions): 45 Table of Contents As of September 27, 2019 As of September 28, 2018 Fair Value Measurements Fair Value Measurements Total Level 1 Level 2 Level 3 Total Level 1 Level 2 Level 3 Assets Cash and cash equivalents* $ 851.3 $ 809.5 $ 41.8 $ — $ 733.3 $ 683.7 $ 49.6 $ — U.S."
SWKS,content,QK,E12_SWKS_QK_2019-11-14_000000412719000049.txt,"GOODWILL AND INTANGIBLE ASSETS 46 Table of Contents The Company’s goodwill balance was $ 1,189.8 million as of September 27, 2019 , and September 28, 2018 ."
SWKS,content,QK,E12_SWKS_QK_2019-11-14_000000412719000049.txt,This 49 Table of Contents valuation allowance is comprised of $ 109.8 million related to United States state tax credits and $ 19.3 million are related to foreign deferred tax assets.
SWKS,content,QK,E12_SWKS_QK_2019-11-14_000000412719000049.txt,"55 Table of Contents During fiscal 2017, the Company implemented immaterial restructuring plans and recorded $ 0.6 million related to employee severance and other costs."
SWKS,Huawei,QK,E12_SWKS_QK_2019-11-14_000000412719000049.txt,"In fiscal 2017 , Samsung and Huawei in the aggregate accounted for 12 % and 10 % of the Company’s net revenue, respectively."
SWKS,content,QK,E12_SWKS_QK_2020-01-24_000000412720000007.txt,"Assets and liabilities recorded at fair value on a recurring basis consisted of the following (in millions): 8 Table of Contents As of December 27, 2019 As of September 27, 2019 Fair Value Measurements Fair Value Measurements Total Level 1 Level 2 Level 3 Total Level 1 Level 2 Level 3 Assets Cash and cash equivalents* $ 928.2 $ 852.5 $ 75.7 $ — $ 851.3 $ 809.5 $ 41.8 $ — U.S."
SWKS,content,QK,E12_SWKS_QK_2020-01-24_000000412720000007.txt,"10 Table of Contents Accrued taxes of $ 26.6 million and $ 29.7 million have been included in other current liabilities within the consolidated balance sheets as of December 27, 2019 , and September 27, 2019 , respectively."
SWKS,content,QK,E12_SWKS_QK_2020-01-24_000000412720000007.txt,"11 Table of Contents Share-based Compensation The following table summarizes the share-based compensation expense by line item in the Statements of Operations (in millions): Three Months Ended December 27, 2019 December 28, 2018 Cost of goods sold $ 4.2 $ 3.6 Research and development 14.8 12.5 Selling, general and administrative 14.6 4.7 Total share-based compensation $ 33.6 $ 20.8 11."
SWKS,average selling price,QK,E12_SWKS_QK_2020-01-24_000000412720000007.txt,"The $40.8 million decrease in gross profit for the three months ended December 27, 2019 , as compared with the corresponding period in fiscal 2019 , was primarily the result of lower average selling prices and unfavorable product mix with a gross profit impact of $86.4 million."
SWKS,content,QK,E12_SWKS_QK_2020-01-24_000000412720000007.txt,"15 Table of Contents Gross profit margin decreased to 49.6% of net revenue for the three months ended December 27, 2019 , as compared with 49.9% in the corresponding period in fiscal 2019 ."
SWKS,content,QK,E12_SWKS_QK_2020-05-05_000000412720000027.txt,"This increase in cash, cash equivalents and marketable securities 15 Table of Contents during the six months ended March 27, 2020 , was primarily the result of cash generated from operations of $678.8 million , partially offset by the repurchase of 4.0 million shares of common stock for $ 358.0 million , capital expenditures of $ 171.9 million , and dividend payments of $ 150.0 million ."
SWKS,content,QK,E12_SWKS_QK_2020-07-24_000000412720000046.txt,"11 Table of Contents Accrued taxes of $ 29.5 million and $ 29.7 million have been included in other current liabilities within the consolidated balance sheets as of June 26, 2020 , and September 27, 2019, respectively."
SWKS,content,QK,E12_SWKS_QK_2020-07-24_000000412720000046.txt,"Dividends 12 Table of Contents On July 23, 2020 , the Company announced that the Board of Directors had declared a cash dividend on the Company’s common stock of $ 0.50 per share."
SWKS,Huawei,QK,E12_SWKS_QK_2020-07-24_000000412720000046.txt,"This one-time charge was less than the $66.6 million inventory-related one-time charge incurred in the three months ended June 28, 2019, due to lower expected demand as a result of Huawei being added to the Entity List."
SWKS,Huawei,QK,E12_SWKS_QK_2020-07-24_000000412720000046.txt,"This one-time charge was less than the $66.6 million inventory-related one-time charge incurred in the nine months ended June 28, 2019, due to lower expected demand as a result of Huawei being added to the Entity List."
SWKS,5G,QK,E12_SWKS_QK_2020-11-17_000000412720000058.txt,"The transition from 4G to 5G has just started, and according to a June 2020 Ericsson “Mobility Report,” there are expected to be 2.8 billion mobile 5G subscriptions globally by the end of 2025."
SWKS,Huawei,QK,E12_SWKS_QK_2020-11-17_000000412720000058.txt,"This one-time charge was less than the $66.1 million inventory-related one-time charge incurred in fiscal 2019, due to lower expected demand as a result of Huawei being added to the Entity List."
SWKS,content,QK,E12_SWKS_QK_2021-01-29_000000412721000013.txt,"INVENTORY Inventory consists of the following (in millions): 8 Table of Contents As of January 1, 2021 October 2, 2020 Raw materials $ 39.9 $ 37.8 Work-in-process 547.0 566.4 Finished goods 129.7 198.9 Finished goods held on consignment by customers 1.9 2.9 Total inventory $ 718.5 $ 806.0 6."
SWKS,content,QK,E12_SWKS_QK_2021-01-29_000000412721000013.txt,"14 Table of Contents The increase in gross profit for the three months ended January 1, 2021 , as compared with the corresponding period in fiscal 2020, was primarily the result of a favorable product mix and higher unit volumes with a gross profit impact of $332.1 million, partially offset by lower average selling prices."
MSFT,commercial bookings,ER,E13_MSFT_ER_2022-07-26_000119312522202034.txt,"Commercial bookings grew 25% and Microsoft Cloud revenue was $25 billion, up 28% year over year,” said Amy Hood, executive vice president and chief financial officer of Microsoft."
MSFT,seat,ER,E13_MSFT_ER_2022-07-26_000119312522202034.txt,"Office 365 Commercial revenue grew 15% driven by seat growth of 14%, with continued momentum in small and medium business and frontline worker offerings, as well as growth in revenue per user."
MSFT,Microsoft 365,ER,E13_MSFT_ER_2022-07-26_000119312522202034.txt,• Office Consumer products and cloud services revenue increased $136 million or 9% driven by Microsoft 365 Consumer subscription revenue.
MSFT,Microsoft 365,ER,E13_MSFT_ER_2022-07-26_000119312522202034.txt,Microsoft 365 Consumer subscribers grew 15% to 59.7 million.
MSFT,Azure,ER,E13_MSFT_ER_2022-07-26_000119312522202034.txt,• Server products and cloud services revenue increased $3.4 billion or 22% driven by Azure and other cloud services.
MSFT,Azure,ER,E13_MSFT_ER_2022-07-26_000119312522202034.txt,Azure and other cloud services revenue grew 40% driven by growth in our consumption-based services.
MSFT,Azure,ER,E13_MSFT_ER_2022-07-26_000119312522202034.txt,• Gross margin increased $1.9 billion or 15% driven by growth in Azure and other cloud services.
MSFT,Azure,ER,E13_MSFT_ER_2022-07-26_000119312522202034.txt,• Operating expenses increased $981 million or 20% driven by investments in Azure and Nuance.
MSFT,Microsoft 365,ER,E13_MSFT_ER_2022-07-26_000119312522202034.txt,Windows Commercial products and cloud services revenue increased 6% driven by demand for Microsoft 365.
MSFT,remaining performance obligation,ER,E13_MSFT_ER_2022-07-26_000119312522202034.txt,"REMAINING PERFORMANCE OBLIGATIONS Revenue allocated to remaining performance obligations, which includes unearned revenue and amounts that will be invoiced and recognized as revenue in future periods, was $193 billion as of June 30, 2022, of which $189 billion is related to the commercial portion of revenue."
MSFT,seat,ER,E13_MSFT_ER_2023-07-25_000095017023034400.txt,"Office 365 Commercial revenue grew 15% with seat growth of 11%, driven by small and medium business and frontline worker offerings, as well as growth in revenue per user."
MSFT,Microsoft 365,ER,E13_MSFT_ER_2023-07-25_000095017023034400.txt,Microsoft 365 Consumer subscribers grew 12% to 67.0 million.
MSFT,Azure,ER,E13_MSFT_ER_2023-07-25_000095017023034400.txt,• Server products and cloud services revenue increased $3.1 billion or 17% driven by Azure and other cloud services.
MSFT,Azure,ER,E13_MSFT_ER_2023-07-25_000095017023034400.txt,Azure and other cloud services revenue grew 26% driven by growth in our consumption-based services.
MSFT,Azure,ER,E13_MSFT_ER_2023-07-25_000095017023034400.txt,• Gross margin increased $2.3 billion or 16% driven by growth in Azure and other cloud services and the change in accounting estimate.
MSFT,Microsoft 365,ER,E13_MSFT_ER_2023-07-25_000095017023034400.txt,Windows Commercial products and cloud services revenue increased 2% driven by demand for Microsoft 365.
MSFT,remaining performance obligation,ER,E13_MSFT_ER_2023-07-25_000095017023034400.txt,"REMAINING PERFORMANCE OBLIGATIONS Revenue allocated to remaining performance obligations, which includes unearned revenue and amounts that will be invoiced and recognized as revenue in future periods, was $229 billion as of June 30, 2023, of which $224 billion is related to the commercial portion of revenue."
MSFT,commercial cloud,QK,E13_MSFT_QK_2022-01-25_000156459022002324.txt,Highlights from the second quarter of fiscal year 2022 compared with the second quarter of fiscal year 2021 included: • Microsoft Cloud (formerly commercial cloud) revenue increased 32% to $22.1 billion.
MSFT,Microsoft 365,QK,E13_MSFT_QK_2022-01-25_000156459022002324.txt,• Office Consumer products and cloud services revenue increased 15% and Microsoft 365 Consumer subscribers grew to 56.4 million.
MSFT,Azure,QK,E13_MSFT_QK_2022-01-25_000156459022002324.txt,• Server products and cloud services revenue increased 29% driven by Azure and other cloud services growth of 46%.
MSFT,seat,QK,E13_MSFT_QK_2022-01-25_000156459022002324.txt,"Office 365 Commercial revenue grew 19% driven by seat growth of 16%, with continued momentum in small and medium business and frontline worker offerings, and growth in revenue per user."
MSFT,Microsoft 365,QK,E13_MSFT_QK_2022-01-25_000156459022002324.txt,• Office Consumer products and cloud services revenue increased $220 million or 15% driven by Microsoft 365 Consumer subscription revenue.
MSFT,Microsoft 365,QK,E13_MSFT_QK_2022-01-25_000156459022002324.txt,Microsoft 365 Consumer subscribers grew 19% to 56.4 million.
MSFT,Azure,QK,E13_MSFT_QK_2022-01-25_000156459022002324.txt,• Server products and cloud services revenue increased $3.6 billion or 29% driven by Azure and other cloud services.
MSFT,Azure,QK,E13_MSFT_QK_2022-01-25_000156459022002324.txt,Azure and other cloud services revenue grew 46% driven by growth in our consumption-based services.
MSFT,Azure,QK,E13_MSFT_QK_2022-01-25_000156459022002324.txt,• Gross margin increased $2.3 billion or 21% driven by growth in Azure and other cloud services.
MSFT,Azure,QK,E13_MSFT_QK_2022-01-25_000156459022002324.txt,• Operating expenses increased $569 million or 14% driven by investments in Azure and other cloud services.
MSFT,Microsoft 365,QK,E13_MSFT_QK_2022-01-25_000156459022002324.txt,Windows Commercial products and cloud services revenue increased 13% driven by demand for Microsoft 365.
MSFT,seat,QK,E13_MSFT_QK_2022-01-25_000156459022002324.txt,"Office 365 Commercial revenue grew 21% driven by seat growth of 16%, with continued momentum in small and medium business and frontline worker offerings, and growth in revenue per user."
MSFT,Microsoft 365,QK,E13_MSFT_QK_2022-01-25_000156459022002324.txt,• Office Consumer products and cloud services revenue increased $355 million or 13% driven by Microsoft 365 Consumer subscription revenue.
MSFT,Azure,QK,E13_MSFT_QK_2022-01-25_000156459022002324.txt,• Server products and cloud services revenue increased $7.5 billion or 31% driven by Azure and other cloud services.
MSFT,Azure,QK,E13_MSFT_QK_2022-01-25_000156459022002324.txt,Azure and other cloud services revenue grew 48% driven by growth in our consumption-based services.
MSFT,Azure,QK,E13_MSFT_QK_2022-01-25_000156459022002324.txt,• Gross margin increased $4.9 billion or 25% driven by growth in Azure and other cloud services.
MSFT,Azure,QK,E13_MSFT_QK_2022-01-25_000156459022002324.txt,• Operating expenses increased $1.1 billion or 13% driven by investments in Azure and other cloud services.
MSFT,commercial cloud,QK,E13_MSFT_QK_2022-04-26_000156459022015675.txt,Highlights from the third quarter of fiscal year 2022 compared with the third quarter of fiscal year 2021 included: • Microsoft Cloud (formerly commercial cloud) revenue increased 32% to $23.4 billion.
MSFT,Microsoft 365,QK,E13_MSFT_QK_2022-04-26_000156459022015675.txt,• Office Consumer products and cloud services revenue increased 11% and Microsoft 365 Consumer subscribers grew to 58.4 million.
MSFT,Azure,QK,E13_MSFT_QK_2022-04-26_000156459022015675.txt,• Server products and cloud services revenue increased 29% driven by Azure and other cloud services growth of 46%.
MSFT,seat,QK,E13_MSFT_QK_2022-04-26_000156459022015675.txt,"Office 365 Commercial revenue grew 17% driven by seat growth of 16%, with continued momentum in small and medium business and frontline worker offerings, as well as growth in revenue per user."
MSFT,Microsoft 365,QK,E13_MSFT_QK_2022-04-26_000156459022015675.txt,• Office Consumer products and cloud services revenue increased $150 million or 11% driven by Microsoft 365 Consumer subscription revenue.
MSFT,Microsoft 365,QK,E13_MSFT_QK_2022-04-26_000156459022015675.txt,Microsoft 365 Consumer subscribers grew 16% to 58.4 million.
MSFT,Azure,QK,E13_MSFT_QK_2022-04-26_000156459022015675.txt,• Server products and cloud services revenue increased $3.8 billion or 29% driven by Azure and other cloud services.
MSFT,Azure,QK,E13_MSFT_QK_2022-04-26_000156459022015675.txt,Azure and other cloud services revenue grew 46% driven by growth in our consumption-based services.
MSFT,Azure,QK,E13_MSFT_QK_2022-04-26_000156459022015675.txt,• Gross margin increased $2.6 billion or 24% driven by growth in Azure and other cloud services.
MSFT,Azure,QK,E13_MSFT_QK_2022-04-26_000156459022015675.txt,• Operating expenses increased $753 million or 17% driven by investments in Azure and other cloud services.
MSFT,Microsoft 365,QK,E13_MSFT_QK_2022-04-26_000156459022015675.txt,Windows Commercial products and cloud services revenue increased 14% driven by demand for Microsoft 365.
MSFT,seat,QK,E13_MSFT_QK_2022-04-26_000156459022015675.txt,"Office 365 Commercial revenue grew 20% driven by seat growth of 16%, with continued momentum in small and medium business and frontline worker offerings, as well as growth in revenue per user."
MSFT,Microsoft 365,QK,E13_MSFT_QK_2022-04-26_000156459022015675.txt,• Office Consumer products and cloud services revenue increased $505 million or 12% driven by Microsoft 365 Consumer subscription revenue.
MSFT,Azure,QK,E13_MSFT_QK_2022-04-26_000156459022015675.txt,• Server products and cloud services revenue increased $11.4 billion or 31% driven by Azure and other cloud services.
MSFT,Azure,QK,E13_MSFT_QK_2022-04-26_000156459022015675.txt,Azure and other cloud services revenue grew 47% driven by growth in our consumption-based services.
MSFT,Azure,QK,E13_MSFT_QK_2022-04-26_000156459022015675.txt,• Gross margin increased $7.5 billion or 24% driven by growth in Azure and other cloud services.
MSFT,Azure,QK,E13_MSFT_QK_2022-04-26_000156459022015675.txt,• Operating expenses increased $1.8 billion or 15% driven by investments in Azure and other cloud services.
MSFT,Microsoft 365,QK,E13_MSFT_QK_2022-04-26_000156459022015675.txt,Windows Commercial products and cloud services revenue increased 13% driven by demand for Microsoft 365.
MSFT,commercial cloud,QK,E13_MSFT_QK_2022-07-28_000156459022026876.txt,Highlights from fiscal year 2022 compared with fiscal year 2021 included: • Microsoft Cloud (formerly commercial cloud) revenue increased 32% to $91.2 billion.
MSFT,Microsoft 365,QK,E13_MSFT_QK_2022-07-28_000156459022026876.txt,• Office Consumer products and cloud services revenue increased 11% and Microsoft 365 Consumer subscribers grew to 59.7 million.
MSFT,Azure,QK,E13_MSFT_QK_2022-07-28_000156459022026876.txt,• Server products and cloud services revenue increased 28% driven by Azure and other cloud services growth of 45%.
MSFT,seat,QK,E13_MSFT_QK_2022-07-28_000156459022026876.txt,"Office 365 Commercial revenue grew 18% driven by seat growth of 14%, with continued momentum in small and medium business and frontline worker offerings, as well as growth in revenue per user."
MSFT,Microsoft 365,QK,E13_MSFT_QK_2022-07-28_000156459022026876.txt,• Office Consumer products and cloud services revenue increased $641 million or 11% driven by Microsoft 365 Consumer subscription revenue.
MSFT,Microsoft 365,QK,E13_MSFT_QK_2022-07-28_000156459022026876.txt,Microsoft 365 Consumer subscribers grew 15% to 59.7 million.
MSFT,Azure,QK,E13_MSFT_QK_2022-07-28_000156459022026876.txt,• Server products and cloud services revenue increased $14.7 billion or 28% driven by Azure and other cloud services.
MSFT,Azure,QK,E13_MSFT_QK_2022-07-28_000156459022026876.txt,Azure and other cloud services revenue grew 45% driven by growth in our consumption-based services.
MSFT,Azure,QK,E13_MSFT_QK_2022-07-28_000156459022026876.txt,• Gross margin increased $9.4 billion or 22% driven by growth in Azure and other cloud services.
MSFT,Azure,QK,E13_MSFT_QK_2022-07-28_000156459022026876.txt,• Operating expenses increased $2.8 billion or 16% driven by investments in Azure and other cloud services.
MSFT,Microsoft 365,QK,E13_MSFT_QK_2022-07-28_000156459022026876.txt,Windows Commercial products and cloud services revenue increased 11% driven by demand for Microsoft 365.
MSFT,Azure,QK,E13_MSFT_QK_2022-07-28_000156459022026876.txt,"Our Microsoft Cloud (formerly commercial cloud) revenue, which includes Azure and other cloud services, Office 365 Commercial, the commercial portion of LinkedIn, Dynamics 365, and other commercial cloud properties, was $ 91.2 billion, $ 69.1 billion and $ 51.7 billion in fiscal years 2022, 2021, and 2020, respectively."
MSFT,Microsoft 365,QK,E13_MSFT_QK_2022-10-25_000156459022035087.txt,• Office Consumer products and cloud services revenue increased 7% and Microsoft 365 Consumer subscribers increased to 61.3 million.
MSFT,Azure,QK,E13_MSFT_QK_2022-10-25_000156459022035087.txt,• Server products and cloud services revenue increased 22% driven by Azure and other cloud services growth of 35%.
MSFT,seat,QK,E13_MSFT_QK_2022-10-25_000156459022035087.txt,"Office 365 Commercial revenue grew 11% with seat growth of 14%, driven by small and medium business and frontline worker offerings, as well as growth in revenue per user."
MSFT,Microsoft 365,QK,E13_MSFT_QK_2022-10-25_000156459022035087.txt,• Office Consumer products and cloud services revenue increased $105 million or 7% driven by Microsoft 365 Consumer subscription revenue.
MSFT,Microsoft 365,QK,E13_MSFT_QK_2022-10-25_000156459022035087.txt,Microsoft 365 Consumer subscribers grew 13% to 61.3 million.
MSFT,Azure,QK,E13_MSFT_QK_2022-10-25_000156459022035087.txt,• Server products and cloud services revenue increased $3.3 billion or 22% driven by Azure and other cloud services.
MSFT,Azure,QK,E13_MSFT_QK_2022-10-25_000156459022035087.txt,Azure and other cloud services revenue grew 35% driven by growth in our consumption-based services.
MSFT,Azure,QK,E13_MSFT_QK_2022-10-25_000156459022035087.txt,• Gross margin increased $2.4 billion or 20% driven by growth in Azure and other cloud services and the change in accounting estimate.
MSFT,Azure,QK,E13_MSFT_QK_2022-10-25_000156459022035087.txt,• Operating expenses increased $1.1 billion or 25% driven by investments in Azure and Nuance.
MSFT,Microsoft 365,QK,E13_MSFT_QK_2022-10-25_000156459022035087.txt,Windows Commercial products and cloud services revenue increased 8% driven by demand for Microsoft 365.
MSFT,Microsoft 365,QK,E13_MSFT_QK_2023-01-24_000156459023000733.txt,• Office Consumer products and cloud services revenue decreased 2% and Microsoft 365 Consumer subscribers increased to 63.2 million.
MSFT,Azure,QK,E13_MSFT_QK_2023-01-24_000156459023000733.txt,• Server products and cloud services revenue increased 20% driven by Azure and other cloud services growth of 31%.
MSFT,seat,QK,E13_MSFT_QK_2023-01-24_000156459023000733.txt,"Office 365 Commercial revenue grew 11% with seat growth of 12%, driven by small and medium business and frontline worker offerings, as well as growth in revenue per user."
MSFT,Microsoft 365,QK,E13_MSFT_QK_2023-01-24_000156459023000733.txt,Microsoft 365 Consumer subscribers grew 12% to 63.2 million.
MSFT,Azure,QK,E13_MSFT_QK_2023-01-24_000156459023000733.txt,• Server products and cloud services revenue increased $3.2 billion or 20% driven by Azure and other cloud services.
MSFT,Azure,QK,E13_MSFT_QK_2023-01-24_000156459023000733.txt,Azure and other cloud services revenue grew 31% driven by growth in our consumption-based services.
MSFT,Azure,QK,E13_MSFT_QK_2023-01-24_000156459023000733.txt,• Gross margin increased $2.2 billion or 17% driven by growth in Azure and other cloud services and the change in accounting estimate.
MSFT,Azure,QK,E13_MSFT_QK_2023-01-24_000156459023000733.txt,"• Operating expenses increased $1.6 billion or 34% driven by employee severance expenses, investments in Azure, and the Nuance acquisition."
MSFT,Microsoft 365,QK,E13_MSFT_QK_2023-01-24_000156459023000733.txt,• Office Consumer products and cloud services revenue increased $66 million or 2% with continued growth in Microsoft 365 Consumer subscription revenue.
MSFT,Azure,QK,E13_MSFT_QK_2023-01-24_000156459023000733.txt,• Server products and cloud services revenue increased $6.5 billion or 21% driven by Azure and other cloud services.
MSFT,Azure,QK,E13_MSFT_QK_2023-01-24_000156459023000733.txt,Azure and other cloud services revenue grew 33% driven by growth in our consumption-based services.
MSFT,Azure,QK,E13_MSFT_QK_2023-01-24_000156459023000733.txt,• Gross margin increased $4.5 billion or 18% driven by growth in Azure and other cloud services and the change in accounting estimate.
MSFT,Azure,QK,E13_MSFT_QK_2023-01-24_000156459023000733.txt,"• Operating expenses increased $2.7 billion or 30% driven by investments in Azure, the Nuance acquisition, and employee severance expenses."
MSFT,Microsoft 365,QK,E13_MSFT_QK_2023-01-24_000156459023000733.txt,"Windows Commercial products and cloud services revenue increased 2% driven by demand for Microsoft 365, offset in part by a decline in standalone product sales."
MSFT,Microsoft 365,QK,E13_MSFT_QK_2023-04-25_000095017023014423.txt,• Office Consumer products and cloud services revenue increased 1% and Microsoft 365 Consumer subscribers increased to 65.4 million.
MSFT,Azure,QK,E13_MSFT_QK_2023-04-25_000095017023014423.txt,• Server products and cloud services revenue increased 17% driven by Azure and other cloud services growth of 27%.
MSFT,seat,QK,E13_MSFT_QK_2023-04-25_000095017023014423.txt,"Office 365 Commercial revenue grew 14% with seat growth of 11%, driven by small and medium business and frontline worker offerings, as well as growth in revenue per user."
MSFT,Microsoft 365,QK,E13_MSFT_QK_2023-04-25_000095017023014423.txt,Microsoft 365 Consumer subscribers grew 12% to 65.4 million.
MSFT,Azure,QK,E13_MSFT_QK_2023-04-25_000095017023014423.txt,• Server products and cloud services revenue increased $3.0 billion or 17% driven by Azure and other cloud services.
MSFT,Azure,QK,E13_MSFT_QK_2023-04-25_000095017023014423.txt,Azure and other cloud services revenue grew 27% driven by growth in our consumption-based services.
MSFT,Azure,QK,E13_MSFT_QK_2023-04-25_000095017023014423.txt,• Gross margin increased $2.0 billion or 15% driven by growth in Azure and other cloud services and the change in accounting estimate.
MSFT,Azure,QK,E13_MSFT_QK_2023-04-25_000095017023014423.txt,• Operating expenses increased $937 million or 19% driven by investments in Azure and 3 points of growth from the Nuance acquisition.
MSFT,seat,QK,E13_MSFT_QK_2023-04-25_000095017023014423.txt,"Office 365 Commercial revenue grew 12% with seat growth of 11%, driven by small and medium business and frontline worker offerings, as well as growth in revenue per user."
MSFT,Microsoft 365,QK,E13_MSFT_QK_2023-04-25_000095017023014423.txt,• Office Consumer products and cloud services revenue increased $86 million or 2% with continued growth in Microsoft 365 Consumer subscription revenue.
MSFT,Azure,QK,E13_MSFT_QK_2023-04-25_000095017023014423.txt,• Server products and cloud services revenue increased $9.5 billion or 20% driven by Azure and other cloud services.
MSFT,Azure,QK,E13_MSFT_QK_2023-04-25_000095017023014423.txt,Azure and other cloud services revenue grew 31% driven by growth in our consumption-based services.
MSFT,Azure,QK,E13_MSFT_QK_2023-04-25_000095017023014423.txt,• Gross margin increased $6.6 billion or 17% driven by growth in Azure and other cloud services and the change in accounting estimate.
MSFT,Azure,QK,E13_MSFT_QK_2023-04-25_000095017023014423.txt,"• Operating expenses increased $3.6 billion or 26% driven by investments in Azure, 6 points of growth from the Nuance acquisition, and employee severance expenses."
MSFT,Microsoft 365,QK,E13_MSFT_QK_2023-04-25_000095017023014423.txt,Windows Commercial products and cloud services revenue increased 6% driven by demand for Microsoft 365 with an increase in agreements that carry higher in-period revenue recognition.
MSFT,Microsoft 365,QK,E13_MSFT_QK_2023-07-27_000095017023035122.txt,• Office Consumer products and cloud services revenue increased 2% and Microsoft 365 Consumer subscribers increased to 67.0 million.
MSFT,Azure,QK,E13_MSFT_QK_2023-07-27_000095017023035122.txt,• Server products and cloud services revenue increased 19% driven by Azure and other cloud services growth of 29%.
MSFT,seat,QK,E13_MSFT_QK_2023-07-27_000095017023035122.txt,"Office 365 Commercial revenue grew 13% with seat growth of 11%, driven by small and medium business and frontline worker offerings, as well as growth in revenue per user."
MSFT,Microsoft 365,QK,E13_MSFT_QK_2023-07-27_000095017023035122.txt,Microsoft 365 Consumer subscribers grew 12% to 67.0 million.
MSFT,Azure,QK,E13_MSFT_QK_2023-07-27_000095017023035122.txt,• Server products and cloud services revenue increased $12.6 billion or 19% driven by Azure and other cloud services.
MSFT,Azure,QK,E13_MSFT_QK_2023-07-27_000095017023035122.txt,Azure and other cloud services revenue grew 29% driven by growth in our consumption-based services.
MSFT,Azure,QK,E13_MSFT_QK_2023-07-27_000095017023035122.txt,• Gross margin increased $8.9 billion or 17% driven by growth in Azure and other cloud services and the change in accounting estimate.
MSFT,Azure,QK,E13_MSFT_QK_2023-07-27_000095017023035122.txt,"• Operating expenses increased $4.2 billion or 21% driven by investments in Azure, 4 points of growth from the Nuance acquisition, and employee severance expenses."
MSFT,Microsoft 365,QK,E13_MSFT_QK_2023-07-27_000095017023035122.txt,Windows Commercial products and cloud services revenue increased 5% driven by demand for Microsoft 365.
MSFT,Azure,QK,E13_MSFT_QK_2023-10-24_000095017023054855.txt,"Our Microsoft Cloud revenue, which includes Azure and other cloud services, Office 365 Commercial, the commercial portion of LinkedIn, Dynamics 365, and other commercial cloud properties, was $ 31.8 billion and $ 25.7 billion for the three months ended September 30, 2023 and 2022, respectively."
MSFT,Microsoft 365,QK,E13_MSFT_QK_2023-10-24_000095017023054855.txt,• Office Consumer products and cloud services revenue increased 3% and Microsoft 365 Consumer subscribers grew to 76.7 million.
MSFT,Azure,QK,E13_MSFT_QK_2023-10-24_000095017023054855.txt,• Server products and cloud services revenue increased 21% driven by Azure and other cloud services growth of 29%.
MSFT,seat,QK,E13_MSFT_QK_2023-10-24_000095017023054855.txt,"Office 365 Commercial revenue grew 18% with seat growth of 10%, driven by small and medium business and frontline worker offerings, as well as growth in revenue per user."
MSFT,Microsoft 365,QK,E13_MSFT_QK_2023-10-24_000095017023054855.txt,Microsoft 365 Consumer subscribers grew 18% to 76.7 million.
MSFT,Azure,QK,E13_MSFT_QK_2023-10-24_000095017023054855.txt,• Server products and cloud services revenue increased $3.9 billion or 21% driven by Azure and other cloud services.
MSFT,Azure,QK,E13_MSFT_QK_2023-10-24_000095017023054855.txt,Azure and other cloud services revenue grew 29% driven by growth in our consumption-based services.
MSFT,Azure,QK,E13_MSFT_QK_2023-10-24_000095017023054855.txt,• Gross margin increased $2.9 billion or 20% driven by growth in Azure and other cloud services.
MSFT,Azure,QK,E13_MSFT_QK_2023-10-24_000095017023054855.txt,• Operating expenses increased $86 million or 2% driven by investments in Azure and other cloud services.
MSFT,Microsoft 365,QK,E13_MSFT_QK_2023-10-24_000095017023054855.txt,Windows Commercial products and cloud services revenue increased 8% driven by demand for Microsoft 365.
MSFT,Azure,QK,E13_MSFT_QK_2024-01-30_000095017024008814.txt,"Our Microsoft Cloud revenue, which includes Azure and other cloud services, Office 365 Commercial, the commercial portion of LinkedIn, Dynamics 365, and other commercial cloud properties, was $ 33.7 billion and $ 65.5 billion for the three and six months ended December 31, 2023, respectively, and $ 27.1 billion and $ 52.8 billion for the three and six months ended December 31, 2022, respectively."
MSFT,Microsoft 365,QK,E13_MSFT_QK_2024-01-30_000095017024008814.txt,• Office Consumer products and cloud services revenue increased 5% and Microsoft 365 Consumer subscribers grew to 78.4 million.
MSFT,Azure,QK,E13_MSFT_QK_2024-01-30_000095017024008814.txt,• Server products and cloud services revenue increased 22% driven by Azure and other cloud services growth of 30%.
MSFT,seat,QK,E13_MSFT_QK_2024-01-30_000095017024008814.txt,"Office 365 Commercial revenue grew 17% with seat growth of 9%, driven by small and medium business and frontline worker offerings, as well as growth in revenue per user."
MSFT,Microsoft 365,QK,E13_MSFT_QK_2024-01-30_000095017024008814.txt,Microsoft 365 Consumer subscribers grew 16% to 78.4 million.
MSFT,Azure,QK,E13_MSFT_QK_2024-01-30_000095017024008814.txt,• Server products and cloud services revenue increased $4.4 billion or 22% driven by Azure and other cloud services.
MSFT,Azure,QK,E13_MSFT_QK_2024-01-30_000095017024008814.txt,Azure and other cloud services revenue grew 30% driven by growth in our consumption-based services.
MSFT,Azure,QK,E13_MSFT_QK_2024-01-30_000095017024008814.txt,• Gross margin increased $3.1 billion or 20% driven by growth in Azure.
MSFT,Microsoft 365,QK,E13_MSFT_QK_2024-01-30_000095017024008814.txt,Windows Commercial products and cloud services revenue increased 9% driven by demand for Microsoft 365.
MSFT,seat,QK,E13_MSFT_QK_2024-01-30_000095017024008814.txt,"Office 365 Commercial revenue grew 18% with seat growth of 9%, driven by small and medium business and frontline worker offerings, as well as growth in revenue per user."
MSFT,Microsoft 365,QK,E13_MSFT_QK_2024-01-30_000095017024008814.txt,• Office Consumer products and cloud services revenue increased $118 million or 4% with continued growth in Microsoft 365 Consumer subscribers.
MSFT,Azure,QK,E13_MSFT_QK_2024-01-30_000095017024008814.txt,• Server products and cloud services revenue increased $8.3 billion or 22% driven by Azure and other cloud services.
MSFT,Azure,QK,E13_MSFT_QK_2024-01-30_000095017024008814.txt,• Gross margin increased $5.9 billion or 20% driven by growth in Azure.
DUOL,DAU,ER,E14_DUOL_ER_2023-05-09_000156208823000101.txt,"EX-99.1 2 q1fy23pressrelease.htm EX-99.1 Document Duolingo Reports 62% DAU Growth, 42% Revenue Growth, and Increased Profitability in First Quarter 2023;"
DUOL,bookings,ER,E14_DUOL_ER_2023-05-09_000156208823000101.txt,"“We continue to operate with discipline and, as a result, exceeded our expectations on profitability.” “We are also excited about our new AI-driven product, Duolingo Max, and are improving its features to teach better, drive engagement, and grow monetization.” First Quarter 2023 Highlights • Total bookings were $140.1 million, an increase of 37% from the prior year quarter;"
DUOL,bookings,ER,E14_DUOL_ER_2023-05-09_000156208823000101.txt,"• Subscription bookings were $110.1 million, an increase of 40% from the prior year quarter;"
DUOL,paid subscribers,ER,E14_DUOL_ER_2023-05-09_000156208823000101.txt,"• Paid Subscribers totaled 4.8 million at quarter end, an increase of 63% from the prior year quarter;"
DUOL,MAU,ER,E14_DUOL_ER_2023-05-09_000156208823000101.txt,• Monthly active users (MAUs) grew 47% to 72.6 million from the prior year quarter and Daily active users (DAUs) grew 62% to 20.3 million from the prior year quarter;
DUOL,DAU,ER,E14_DUOL_ER_2023-08-08_000156208823000173.txt,"EX-99.1 2 q2fy23pressrelease.htm EX-99.1 Document Duolingo Reports 62% DAU Growth, 44% Revenue Growth, and Stronger Profitability in Second Quarter 2023;"
DUOL,bookings,ER,E14_DUOL_ER_2023-08-08_000156208823000173.txt,"“We believe that our focus on product-led growth propelled us to record-high daily and monthly active users and subscribers, while our disciplined execution led to increased profitability.” Second Quarter 2023 Highlights • Total bookings were $137.5 million, an increase of 41% from the prior year quarter;"
DUOL,bookings,ER,E14_DUOL_ER_2023-08-08_000156208823000173.txt,"• Subscription bookings were $106.3 million, an increase of 43% from the prior year quarter;"
DUOL,paid subscribers,ER,E14_DUOL_ER_2023-08-08_000156208823000173.txt,"• Paid Subscribers totaled 5.2 million at quarter end, an increase of 59% from the prior year quarter;"
DUOL,MAU,ER,E14_DUOL_ER_2023-08-08_000156208823000173.txt,• Monthly active users (MAUs) grew 50% to 74.1 million from the prior year quarter and Daily active users (DAUs) grew 62% to 21.4 million from the prior year quarter;
DUOL,MAU,ER,E14_DUOL_ER_2023-11-08_000156208823000219.txt,"Here’s a summary of our Q3 2023 results: Third Quarter Highlights • DAUs increased 63% to 24.2 million and MAUs increased 47% to 83.1 million, compared to the prior year quarter;"
DUOL,paid subscribers,ER,E14_DUOL_ER_2023-11-08_000156208823000219.txt,"• The number of paid subscribers totaled 5.8 million at the end of Q3, an increase of 60% compared to the end of the prior year quarter;"
DUOL,bookings,ER,E14_DUOL_ER_2023-11-08_000156208823000219.txt,"• Total bookings grew 49% and revenue grew 43%, compared to the prior year quarter (48% and 42%, respectively, on a constant currency basis);"
DUOL,bookings,ER,E14_DUOL_ER_2023-11-08_000156208823000219.txt,• Subscription bookings increased 54% to $121.3 million compared to the prior year quarter (51% on a constant currency basis);
DUOL,bookings,ER,E14_DUOL_ER_2023-11-08_000156208823000219.txt,"Based on our strong performance year to date, we are raising our full-year 2023 guidance: total bookings are now expected to grow about 40% year over year, and Adjusted EBITDA margin is expected to fall within the range of 16.6—16.9%, representing a nearly 13 point increase over the prior year."
DUOL,DAU,ER,E14_DUOL_ER_2023-11-08_000156208823000219.txt,"We continue to see improvement in our engagement metrics and today, over 70% of DAUs have a streak longer than one week, and nearly 20% have a streak longer than a year! Our experimentation is not limited to A/B tests in the product."
DUOL,bookings,ER,E14_DUOL_ER_2023-11-08_000156208823000219.txt,"DUOLINGO Q3 2023 9 Bookings ($M) Revenue ($M) +49% +43% Subscription Non-Subscription In the third quarter, total bookings grew 49% year over year on a reported basis (and 48% on a constant currency basis) to $153.6 million, driven primarily by a 54% increase in subscription bookings (51% on a constant currency basis)."
DUOL,subscription,ER,E14_DUOL_ER_2023-11-08_000156208823000219.txt,"Revenues grew 43% year over year on a reported basis to $137.6 million in the third quarter (and 42% on a constant currency basis), driven primarily by growth in subscription revenue, which grew 47% year over year, and comprised 77% of revenues."
DUOL,subscription,ER,E14_DUOL_ER_2023-11-08_000156208823000219.txt,"Subscription revenue per subscriber declined 7% year over year, primarily due to stronger growth in non-U.S."
DUOL,bookings,ER,E14_DUOL_ER_2024-02-28_000156208824000048.txt,"Here’s a summary of our Q4 2023 results: Fourth Quarter Highlights • Total bookings were $191.0 million, an increase of 51% from the prior year quarter;"
DUOL,bookings,ER,E14_DUOL_ER_2024-02-28_000156208824000048.txt,"• Subscription bookings were $157.8 million, an increase of 57% from the prior year quarter;"
DUOL,paid subscribers,ER,E14_DUOL_ER_2024-02-28_000156208824000048.txt,"• Paid subscribers totaled 6.6 million at quarter end, an increase of 57% from the prior year quarter;"
DUOL,MAU,ER,E14_DUOL_ER_2024-02-28_000156208824000048.txt,"• Daily active users (DAUs) were 26.9 million, an increase of 65% from the prior year quarter, and monthly active users (MAUs) were 88.4 million, an increase of 46% from the prior year quarter;"
DUOL,DAU,ER,E14_DUOL_ER_2024-02-28_000156208824000048.txt,"By the numbers: DAU growth accelerated throughout the year, reaching 65% YoY in Q4;"
DUOL,bookings,ER,E14_DUOL_ER_2024-02-28_000156208824000048.txt,"for FY 2023, we achieved 45% bookings growth, 44% revenue growth, and a 13-point increase in Adjusted EBITDA margin."
DUOL,paid subscribers,ER,E14_DUOL_ER_2024-02-28_000156208824000048.txt,"Family plan bookings grew over 100% year over year in 2023, but family plan subscribers still only make up 18% of all our paid subscribers."
DUOL,DAU,ER,E14_DUOL_ER_2024-02-28_000156208824000048.txt,"This makes sense given how rapidly we’ve grown over the past couple of years, going from about 10 million DAUs in Q4 2021 to nearly 27 million in Q4 2023."
DUOL,DAU,ER,E14_DUOL_ER_2024-02-28_000156208824000048.txt,"So far in Q1 2024, our YoY DAU growth is closer to the mid-50s than the 60%+ it was throughout 2023."
DUOL,bookings,ER,E14_DUOL_ER_2024-02-28_000156208824000048.txt,"We expect strong financial performance in 2024 and estimate that we’ll deliver total bookings growth of 28%, revenue growth of 36% and an Adjusted EBITDA margin of 22.5% at the midpoint of our guidance."
DUOL,bookings,ER,E14_DUOL_ER_2024-02-28_000156208824000048.txt,Our recent performance reaffirms our belief that we can achieve our long-term bookings growth target of greater than 25% per year.
DUOL,bookings,ER,E14_DUOL_ER_2024-02-28_000156208824000048.txt,"DUOLINGO Q4 / FY 2023 8 Bookings ($M) Revenue ($M) YoY: +51% +45% YoY: +45% +44% Subscription Non-Subscription In Q4, total bookings reached a record high of $191.0 million, growing 51% year over year on a reported basis (and 49% on a constant currency basis) primarily driven by a 57% increase in subscription bookings."
DUOL,bookings,ER,E14_DUOL_ER_2024-02-28_000156208824000048.txt,"In FY 2023, total bookings were $622.2 million, up 45% year over year on both a reported and constant currency basis, driven primarily by a 49% increase in subscription bookings."
DUOL,subscription,ER,E14_DUOL_ER_2024-02-28_000156208824000048.txt,"Revenues grew 45% year over year on a reported basis to $151.0 million in Q4 (43% on a constant currency basis), driven primarily by an increase in subscription revenue, which grew 50% year over year, and comprised 78% of revenues."
DUOL,subscription,ER,E14_DUOL_ER_2024-02-28_000156208824000048.txt,"In FY 2023, revenues were $531.1 million, 44% higher year over year on both a reported and constant currency basis, driven primarily by growth in subscription revenue, which was up 48% year over year, and comprised 76% of revenues."
DUOL,subscription,ER,E14_DUOL_ER_2024-02-28_000156208824000048.txt,"In Q4, subscription revenue per subscriber declined 4% year over year, primarily due to stronger growth in non-U.S."
DUOL,bookings,ER,E14_DUOL_ER_2024-05-08_000156208824000110.txt,"Here’s a summary of our first quarter results: First quarter highlights • Total bookings were $197.5 million, an increase of 41% from the prior year quarter;"
DUOL,bookings,ER,E14_DUOL_ER_2024-05-08_000156208824000110.txt,"• Subscription bookings were $161.5 million, an increase of 47% from the prior year quarter;"
DUOL,paid subscribers,ER,E14_DUOL_ER_2024-05-08_000156208824000110.txt,"• Paid subscribers totaled 7.4 million at quarter end, an increase of 54% from the prior year quarter;"
DUOL,MAU,ER,E14_DUOL_ER_2024-05-08_000156208824000110.txt,"• Daily active users (DAUs) were 31.4 million, an increase of 54% from the prior year quarter, and monthly active users (MAUs) were 97.6 million, an increase of 35% from the prior year quarter;"
DUOL,MAU,ER,E14_DUOL_ER_2024-05-08_000156208824000110.txt,"In the first quarter, we saw our DAU/MAU ratio reach a record 32%, and we grew social media impressions significantly thanks to viral content and campaigns, including our Super Bowl ad, which helped drive brand buzz."
DUOL,bookings,ER,E14_DUOL_ER_2024-05-08_000156208824000110.txt,"DUOLINGO Q1 / FY 2024 8 Bookings ($M) Revenue ($M) +41% +45% Subscription Non-Subscription In Q1, total bookings were $197.5 million, growing 41% year over year on a reported basis (and 42% on a constant currency basis), driven primarily by a 47% increase in subscription bookings on both a reported and constant currency basis."
DUOL,subscription,ER,E14_DUOL_ER_2024-05-08_000156208824000110.txt,"Revenues totaled $167.6 million in Q1 , representing a 45% increase on both a reported and constant currency basis, driven primarily by growth in subscription revenue, which grew 53% year over year, and comprised 79% of revenues."
DUOL,subscription,ER,E14_DUOL_ER_2024-05-08_000156208824000110.txt,The table below provides revenues by product type: (in millions) Q1 2023 Q1 2024 Change % Change Subscription $86.2 $131.7 $45.5 53 % Advertising 11.6 13.0 1.3 11 Duolingo English Test 10.0 12.8 2.8 28 In-App Purchases 7.9 9.9 2.1 26 Other — 0.2 0.2 >100 Total revenues $115.7 $167.6 $51.9 45 % Gross margin increased by approximately 30 basis points year over year to 73.0% in Q1.
DUOL,bookings,ER,E14_DUOL_ER_2024-08-07_000156208824000203.txt,"Second quarter highlights • Total bookings were $190.1 million, an increase of 38% from the prior year quarter;"
DUOL,bookings,ER,E14_DUOL_ER_2024-08-07_000156208824000203.txt,"• Subscription bookings were $156.5 million, an increase of 47% from the prior year quarter;"
DUOL,paid subscribers,ER,E14_DUOL_ER_2024-08-07_000156208824000203.txt,"• Paid subscribers totaled 8.0 million at quarter end, an increase of 52% from the prior year quarter;"
DUOL,MAU,ER,E14_DUOL_ER_2024-08-07_000156208824000203.txt,"• Daily active users (DAUs) were 34.1 million, an increase of 59% from the prior year quarter, and monthly active users (MAUs) were 103.6 million, an increase of 40% from the prior year quarter;"
DUOL,DAU,ER,E14_DUOL_ER_2024-08-07_000156208824000203.txt,"In Q2, Japan had 93% DAU and 58% bookings growth compared to the prior year quarter."
DUOL,DAU,ER,E14_DUOL_ER_2024-08-07_000156208824000203.txt,"• Duolingo Max: This premium tier, which includes GenAI-enabled features, is now available in 5 courses and 27 countries, which together comprise about 15% of our DAUs."
DUOL,family plan,ER,E14_DUOL_ER_2024-08-07_000156208824000203.txt,"• Family Plan: Currently, our family plan accounts for approximately 20% of subscribers and has higher retention than individual plans."
DUOL,bookings,ER,E14_DUOL_ER_2024-08-07_000156208824000203.txt,"DUOLINGO Q2 / FY 2024 8 Bookings ($M) Revenue ($M) +38% +41% Subscription Non-Subscription In Q2, total bookings were $190.1 million, growing 38% year over year on a reported basis (and 41% on a constant currency basis), driven primarily by a 47% increase in subscription bookings on a reported basis (and 50% on a constant currency basis)."
DUOL,subscription,ER,E14_DUOL_ER_2024-08-07_000156208824000203.txt,"Revenues totaled $178.3 million in Q2 , representing a 41% increase on a reported basis (and 42% on a constant currency basis), driven primarily by growth in subscription revenue, which grew 51% year over year on a reported basis (and 52% on a constant currency basis), and comprised 81% of revenues."
DUOL,subscription,ER,E14_DUOL_ER_2024-08-07_000156208824000203.txt,"The table below provides revenues by product type: (in millions) Q2 2023 Q2 2024 Change % Change Subscription $95.2 $143.9 $48.8 51 % Other (1) $31.7 $34.4 $2.7 9 % Total revenues $126.8 $178.3 $51.5 41 % ________________ (1) Other revenue is comprised mainly of Advertising, Duolingo English Test, and In-App Purchases."
DUOL,bookings,ER,E14_DUOL_ER_2024-11-06_000156208824000248.txt,"Third quarter highlights • Total bookings were $211.5 million, an increase of 38% from the prior year quarter;"
DUOL,bookings,ER,E14_DUOL_ER_2024-11-06_000156208824000248.txt,"• Subscription bookings were $176.3 million, an increase of 45% from the prior year quarter;"
DUOL,paid subscribers,ER,E14_DUOL_ER_2024-11-06_000156208824000248.txt,"• Paid subscribers totaled 8.6 million at quarter end, an increase of 47% from the prior year quarter;"
DUOL,MAU,ER,E14_DUOL_ER_2024-11-06_000156208824000248.txt,"• Daily active users (DAUs) were 37.2 million, an increase of 54% from the prior year quarter, and monthly active users (MAUs) were 113.1 million, an increase of 36% from the prior year quarter;"
DUOL,DAU,ER,E14_DUOL_ER_2024-11-06_000156208824000248.txt,Compounding DAU growth Our 50%+ year over year DAU growth is especially impressive considering that we’re building on 60%+ growth in the third quarter of last year.
DUOL,DAU,ER,E14_DUOL_ER_2024-11-06_000156208824000248.txt,We now have over 2 million DAUs learning intermediate English on our platform.
DUOL,bookings,ER,E14_DUOL_ER_2024-11-06_000156208824000248.txt,"DUOLINGO Q3 / FY 2024 8 Bookings ($M) Revenue ($M) +38% +40% Subscription Non-Subscription In Q3, total bookings were $211.5 million, growing 38% year over year on a reported basis (39% on a constant currency basis), driven primarily by a 45% increase in subscription bookings on a reported basis (46% on a constant currency basis)."
DUOL,subscription,ER,E14_DUOL_ER_2024-11-06_000156208824000248.txt,"Revenues totaled $192.6 million in Q3 , representing a 40% increase on a reported basis (41% on a constant currency basis), driven primarily by growth in subscription revenue, which grew 49% year over year on a reported basis (50% on a constant currency basis), and comprised 82% of revenues."
DUOL,subscription,ER,E14_DUOL_ER_2024-11-06_000156208824000248.txt,"The table below provides revenues by product type: (in millions) Q3 2023 Q3 2024 Change % Change Subscription $105.9 $157.6 $51.7 49 % Other (1) $31.7 $35.0 $3.2 10 % Total revenues $137.6 $192.6 $55.0 40 % ________________ (1) Other revenue is comprised mainly of Advertising, Duolingo English Test, and In-App Purchases."
DUOL,subscription,QK,E14_DUOL_QK_2023-05-10_000156208823000103.txt,"Three Months Ended March 31, 2023 2022 Revenues: Subscription $ 86,185 $ 58,010 Advertising 11,635 11,748 Duolingo English Test 9,972 8,080 Other (1) 7,869 3,382 Total revenues $ 115,661 $ 81,220 ________________ (1) Other revenue is mainly comprised of in-app purchases of virtual goods."
DUOL,MAU,QK,E14_DUOL_QK_2023-05-10_000156208823000103.txt,"We had approximately 72.6 million and 49.2 million MAUs for the three months ended March 31, 2023 and 2022, respectively, representing an increase of 47% from the prior year period."
DUOL,DAU,QK,E14_DUOL_QK_2023-05-10_000156208823000103.txt,"We had approximately 20.3 million and 12.5 million DAUs for the three months ended March 31, 2023 and 2022, respectively, representing an increase of 62% from the prior year period."
DUOL,MAU,QK,E14_DUOL_QK_2023-05-10_000156208823000103.txt,"The DAU / MAU ratio, which we believe is an indicator of user engagement, increased to 28.0% from 25.4% a year ago."
DUOL,paid subscribers,QK,E14_DUOL_QK_2023-05-10_000156208823000103.txt,"As of March 31, 2023 and 2022, we had approximately 4.8 million and 2.9 million paid subscribers, respectively, representing an increase of 63% from the prior year period."
DUOL,bookings,QK,E14_DUOL_QK_2023-05-10_000156208823000103.txt,"For the three months ended March 31, 2023 and 2022, we generated $110.1 million and $78.5 million of subscription bookings, respectively, representing an increase of 40% from the prior year period."
DUOL,bookings,QK,E14_DUOL_QK_2023-05-10_000156208823000103.txt,"For the three months ended March 31, 2023 and 2022, we generated $140.1 million and $102.1 million of total bookings, respectively, representing an increase of 37% from the prior year period."
DUOL,subscription,QK,E14_DUOL_QK_2023-05-10_000156208823000103.txt,"Subscription revenues totaled $86.2 million for the three months ended March 31, 2023, an increase of 49% over the three months ended March 31, 2022 on a reported basis, and 53% on a constant currency basis."
DUOL,paid subscribers,QK,E14_DUOL_QK_2023-05-10_000156208823000103.txt,"The main drivers of the increase were: 28 • Subscription revenue increased $28.2 million during the three months ended March 31, 2023, primarily due to an increase in the average number of paid subscribers during the periods presented;"
DUOL,DAU,QK,E14_DUOL_QK_2023-05-10_000156208823000103.txt,"and • Other revenue increased $4.5 million during the three months ended March 31, 2023, primarily due to increase in DAUs and average in-app purchase revenue per user."
DUOL,subscription,QK,E14_DUOL_QK_2023-05-10_000156208823000103.txt,"The following table provides the changes in revenues by product type: Three Months Ended March 31, (in thousands) 2023 2022 Change % Change Subscription $ 86,185 $ 58,010 $ 28,175 49 % Advertising 11,635 11,748 (113) (1) Duolingo English Test 9,972 8,080 1,892 23 Other 7,869 3,382 4,487 133 Total revenues $ 115,661 $ 81,220 $ 34,441 42 % Cost of Revenues and Gross Margin."
DUOL,bookings,QK,E14_DUOL_QK_2023-05-10_000156208823000103.txt,"In the three months ended March 31, 2023, we derived 57% of our revenue and 60% of our total bookings from the Apple App Store, and 19% of our revenue and 19% of our total bookings from the Google Play Store."
DUOL,MAU,QK,E14_DUOL_QK_2023-08-09_000156208823000175.txt,"We had approximately 74.1 million and 49.5 million MAUs for the three months ended June 30, 2023 and 2022, respectively, representing an increase of 50% from the prior year period."
DUOL,DAU,QK,E14_DUOL_QK_2023-08-09_000156208823000175.txt,"We had approximately 21.4 million and 13.2 million DAUs for the three months ended June 30, 2023 and 2022, respectively, representing an increase of 62% from the prior year period."
DUOL,MAU,QK,E14_DUOL_QK_2023-08-09_000156208823000175.txt,"The DAU / MAU ratio, which we believe is an indicator of user engagement, increased to 28.9% from 26.6% a year ago."
DUOL,paid subscribers,QK,E14_DUOL_QK_2023-08-09_000156208823000175.txt,"As of June 30, 2023 and 2022, we had approximately 5.2 million and 3.3 million paid subscribers, respectively, representing an increase of 59% from the prior year period."
DUOL,bookings,QK,E14_DUOL_QK_2023-08-09_000156208823000175.txt,"For the three months ended June 30, 2023 and 2022, we generated $106.3 million and $74.1 million of subscription bookings, respectively, representing an increase of 43% from the prior year period."
DUOL,bookings,QK,E14_DUOL_QK_2023-08-09_000156208823000175.txt,"For the six months ended June 30, 2023 and 2022, we generated $216.4 million and $152.7 million of subscription bookings, respectively, representing an increase of 42% from the prior year period."
DUOL,bookings,QK,E14_DUOL_QK_2023-08-09_000156208823000175.txt,"For the three months ended June 30, 2023 and 2022, we generated $137.5 million and $97.5 million of total bookings, respectively, representing an increase of 41% from the prior year period."
DUOL,bookings,QK,E14_DUOL_QK_2023-08-09_000156208823000175.txt,"For the six months ended June 30, 2023 and 2022, we generated $277.6 million and $199.5 million total bookings, respectively, representing an increase of 39% from the prior year period."
DUOL,subscription,QK,E14_DUOL_QK_2023-08-09_000156208823000175.txt,"Subscription revenues totaled $95.2 million for the three months ended June 30, 2023, an increase of 46% over the three months ended June 30, 2022 on a reported basis, and 48% on a constant currency basis."
DUOL,subscription,QK,E14_DUOL_QK_2023-08-09_000156208823000175.txt,"Subscription revenues totaled $181.3 million for the six months ended June 30, 2023, an increase of 47% over the six months ended June 30, 2022 on a reported basis, and 51% on a constant currency basis."
DUOL,paid subscribers,QK,E14_DUOL_QK_2023-08-09_000156208823000175.txt,"The main drivers of the increase were: • Subscription revenue increased $30.0 million during the three months ended June 30, 2023 and $58.1 million during the six months ended June 30, 2023, primarily due to an increase in the average number of paid subscribers during the periods presented;"
DUOL,DAU,QK,E14_DUOL_QK_2023-08-09_000156208823000175.txt,"and • Other revenue increased $4.9 million during the three months ended June 30, 2023 and $9.4 million during the six months ended June 30, 2023, primarily due to the increase in DAUs and average in-app purchase revenue per user."
DUOL,subscription,QK,E14_DUOL_QK_2023-08-09_000156208823000175.txt,"Total gross margin increased to 73.4% from 73.0% during the three months ended June 30, 2023 and 2022, respectively, primarily due to increased subscription margins as a result of a reduction in third-party payment processing fees per subscriber, as well as higher margins on the Duolingo English Test as a result of an increase in the average test price."
DUOL,bookings,QK,E14_DUOL_QK_2023-08-09_000156208823000175.txt,"In the six months ended June 30, 2023, we derived 58% of our revenue and 60% of our total bookings from the Apple App Store, and 19% of our revenue and 19% of our total bookings from the Google Play Store."
DUOL,MAU,QK,E14_DUOL_QK_2023-11-09_000156208823000221.txt,"We had approximately 83.1 million and 56.5 million MAUs for the three months ended September 30, 2023 and 2022, respectively, representing an increase of 47% from the prior year period."
DUOL,DAU,QK,E14_DUOL_QK_2023-11-09_000156208823000221.txt,"We had approximately 24.2 million and 14.9 million DAUs for the three months ended September 30, 2023 and 2022, respectively, representing an increase of 63% from the prior year period."
DUOL,MAU,QK,E14_DUOL_QK_2023-11-09_000156208823000221.txt,"The DAU / MAU ratio, which we believe is an indicator of user engagement, increased to 29.1% from 26.3% a year ago."
DUOL,paid subscribers,QK,E14_DUOL_QK_2023-11-09_000156208823000221.txt,"As of September 30, 2023 and 2022, we had approximately 5.8 million and 3.7 million paid subscribers, respectively, representing an increase of 60% from the prior year period."
DUOL,bookings,QK,E14_DUOL_QK_2023-11-09_000156208823000221.txt,"For the three months ended September 30, 2023 and 2022, we generated $121.3 million and $78.9 million of subscription bookings, respectively, representing an increase of 54% from the prior year period."
DUOL,bookings,QK,E14_DUOL_QK_2023-11-09_000156208823000221.txt,"For the nine months ended September 30, 2023 and 2022, we generated $337.7 million and $231.5 million of subscription bookings, respectively, representing an increase of 46% from the prior year period."
DUOL,bookings,QK,E14_DUOL_QK_2023-11-09_000156208823000221.txt,"For the three months ended September 30, 2023 and 2022, we generated $153.6 million and $102.7 million of total bookings, respectively, representing an increase of 49% from the prior year period."
DUOL,bookings,QK,E14_DUOL_QK_2023-11-09_000156208823000221.txt,"For the nine months ended September 30, 2023 and 2022, we generated $431.1 million and $302.3 million total bookings, respectively, representing an increase of 43% from the prior year period."
DUOL,subscription,QK,E14_DUOL_QK_2023-11-09_000156208823000221.txt,"Subscription revenues totaled $105.9 million for the three months ended September 30, 2023, an increase of 47% over the three months ended September 30, 2022 on a reported basis, and 45% on a constant currency basis."
DUOL,subscription,QK,E14_DUOL_QK_2023-11-09_000156208823000221.txt,"Subscription revenues totaled $287.2 million for the nine months ended September 30, 2023, an increase of 47% over the nine months ended September 30, 2022 on a reported basis, and 49% on a constant currency basis."
DUOL,paid subscribers,QK,E14_DUOL_QK_2023-11-09_000156208823000221.txt,"The main drivers of the increase were: • Subscription revenue increased $33.7 million during the three months ended September 30, 2023 and $91.9 million during the nine months ended September 30, 2023, primarily due to an increase in the average number of paid subscribers during the periods presented;"
DUOL,DAU,QK,E14_DUOL_QK_2023-11-09_000156208823000221.txt,"and • Other revenue increased $4.4 million during the three months ended September 30, 2023 and $13.7 million during the nine months ended September 30, 2023, primarily due to the increase in DAUs and average in-app purchase revenue per user."
DUOL,bookings,QK,E14_DUOL_QK_2023-11-09_000156208823000221.txt,"In the nine months ended September 30, 2023, we derived 58% of our revenue and 60% of our total bookings from the Apple App Store, and 20% of our revenue and 20% of our total bookings from the Google Play Store."
DUOL,paid subscribers,QK,E14_DUOL_QK_2024-02-29_000156208824000050.txt,"As of December 31, 2023, approximately 8% of our monthly active users were paid subscribers."
DUOL,bookings,QK,E14_DUOL_QK_2024-02-29_000156208824000050.txt,"In the year ended December 31, 2023, we derived 59% of our revenue and 60% of our total bookings from the Apple App Store, and 20% of our revenue and 20% of our total bookings from the Google Play Store."
DUOL,MAU,QK,E14_DUOL_QK_2024-02-29_000156208824000050.txt,"This has allowed us to scale to more than 85 million MAUs for the three months ended December 31, 2023."
DUOL,MAU,QK,E14_DUOL_QK_2024-02-29_000156208824000050.txt,"As of December 31, 2023, subscribers made up 8.3% of our average MAUs over the last twelve months as compared to 7.8% of our average MAUs during the year ended December 31, 2022."
DUOL,MAU,QK,E14_DUOL_QK_2024-02-29_000156208824000050.txt,"We had approximately 88.4 million and 60.7 million MAUs for the three months ended December 31, 2023 and 2022, respectively, representing an increase of 46% from the prior year period."
DUOL,DAU,QK,E14_DUOL_QK_2024-02-29_000156208824000050.txt,"We had approximately 26.9 million and 16.3 million DAUs for the three months ended December 31, 2023 and 2022, respectively, representing an increase of 65% from the prior year period."
DUOL,MAU,QK,E14_DUOL_QK_2024-02-29_000156208824000050.txt,"The DAU / MAU ratio, which we believe is an indicator of user engagement, increased to 30.4% from 26.9% a year ago."
DUOL,paid subscribers,QK,E14_DUOL_QK_2024-02-29_000156208824000050.txt,"As of December 31, 2023 and 2022, we had approximately 6.6 million and 4.2 million paid subscribers, respectively, representing an increase of 57% from the prior year period."
DUOL,bookings,QK,E14_DUOL_QK_2024-02-29_000156208824000050.txt,"For the years ended December 31, 2023 and 2022, we generated $495.5 million and $331.8 million of subscription bookings, respectively, representing an increase of 49% from the prior year period."
DUOL,bookings,QK,E14_DUOL_QK_2024-02-29_000156208824000050.txt,"For the years ended December 31, 2023 and 2022, we generated $622.2 million and $428.6 million total bookings, respectively, representing an increase of 45% from the prior year period."
DUOL,subscription,QK,E14_DUOL_QK_2024-02-29_000156208824000050.txt,"Subscription revenues totaled $404.7 million for the year ended December 31, 2023, which represented an increase of 48% (on both a reported and constant currency basis) over the year ended December 31, 2022."
DUOL,paid subscribers,QK,E14_DUOL_QK_2024-02-29_000156208824000050.txt,"The main drivers of the increase were: • Subscription revenue increased by $131.2 million during the year ended December 31, 2023, primarily due to an increase in the average number of paid subscribers during the period;"
DUOL,DAU,QK,E14_DUOL_QK_2024-02-29_000156208824000050.txt,"This increase was driven primarily due to the increase in DAUs and average in-app purchase revenue per user, and • Other revenue increased by $0.1 million during the year ended December 31, 2023, primarily due to increases in revenue from Duo’s Taquería."
DUOL,subscription,QK,E14_DUOL_QK_2024-02-29_000156208824000050.txt,"Year Ended December 31, (In thousands) 2023 2022 2021 Revenues: Subscription $ 404,684 $ 273,507 $ 180,698 Advertising 49,858 44,731 38,501 Duolingo English Test 41,212 32,718 24,658 In-App Purchases 34,673 17,914 6,836 Other (1) 682 625 79 Total revenues $ 531,109 $ 369,495 $ 250,772 ________________ (1) Other revenue is mainly comprised of revenue from Duo’s Taquería."
DUOL,subscription,QK,E14_DUOL_QK_2024-05-09_000156208824000113.txt,"Three Months Ended March 31, (In thousands) 2024 2023 Revenues: Subscription $ 131,688 $ 86,185 Advertising 12,952 11,635 Duolingo English Test 12,755 9,972 In-App Purchases 9,924 7,852 Other (1) 234 17 Total revenues $ 167,553 $ 115,661 ________________ (1) Other revenue is mainly comprised of revenue from Duo’s Taquería."
DUOL,MAU,QK,E14_DUOL_QK_2024-05-09_000156208824000113.txt,"We had approximately 97.6 million and 72.6 million MAUs for the three months ended March 31, 2024 and 2023, respectively, representing an increase of 35% from the prior year period."
DUOL,DAU,QK,E14_DUOL_QK_2024-05-09_000156208824000113.txt,"We had approximately 31.4 million and 20.3 million DAUs for the three months ended March 31, 2024 and 2023, respectively, representing an increase of 54% from the prior year period."
DUOL,MAU,QK,E14_DUOL_QK_2024-05-09_000156208824000113.txt,"The DAU / MAU ratio, which we believe is an indicator of user engagement, increased to 32.1% from 28.0% a year ago."
DUOL,paid subscribers,QK,E14_DUOL_QK_2024-05-09_000156208824000113.txt,"As of March 31, 2024 and 2023, we had approximately 7.4 million and 4.8 million paid subscribers, respectively, representing an increase of 54% from the prior year period."
DUOL,bookings,QK,E14_DUOL_QK_2024-05-09_000156208824000113.txt,"For the three months ended March 31, 2024 and 2023, we generated $161.5 million and $110.1 million of subscription bookings, respectively, representing an increase of 47% from the prior year period."
DUOL,bookings,QK,E14_DUOL_QK_2024-05-09_000156208824000113.txt,"For the three months ended March 31, 2024 and 2023, we generated $197.5 million and $140.1 million total bookings, respectively, representing an increase of 41% from the prior year period."
DUOL,subscription,QK,E14_DUOL_QK_2024-05-09_000156208824000113.txt,"Subscription revenues totaled $131.7 million for the three months ended March 31, 2024, which represented an increase of 53% (on both a reported and constant currency basis) over the three months ended March 31, 2023."
DUOL,paid subscribers,QK,E14_DUOL_QK_2024-05-09_000156208824000113.txt,"The main drivers of the increase were: • Subscription revenue increased by $45.5 million during the three months ended March 31, 2024, primarily due to an increase in the average number of paid subscribers during the period;"
DUOL,bookings,QK,E14_DUOL_QK_2024-05-09_000156208824000113.txt,"In the three months ended March 31, 2024, we derived 59% of our revenue and 61% of our total bookings from the Apple App Store, and 20% of our revenue and 20% of our total bookings from the Google Play Store."
DUOL,subscription,QK,E14_DUOL_QK_2024-08-08_000156208824000207.txt,"Three Months Ended June 30, Six Months Ended June 30, (In thousands) 2024 2023 2024 2023 Revenues: Subscription $ 143,909 $ 95,158 $ 275,597 $ 181,343 Other (1) 34,418 31,681 70,283 61,157 Total revenues $ 178,327 $ 126,839 $ 345,880 $ 242,500 ________________ (1) Other revenue is comprised of the below."
DUOL,MAU,QK,E14_DUOL_QK_2024-08-08_000156208824000207.txt,"We had approximately 103.6 million and 74.1 million MAUs for the three months ended June 30, 2024 and 2023, respectively, representing an increase of 40% from the prior year period."
DUOL,DAU,QK,E14_DUOL_QK_2024-08-08_000156208824000207.txt,"We had approximately 34.1 million and 21.4 million DAUs for the three months ended June 30, 2024 and 2023, respectively, representing an increase of 59% from the prior year period."
DUOL,MAU,QK,E14_DUOL_QK_2024-08-08_000156208824000207.txt,"The DAU / MAU ratio, which we believe is an indicator of user engagement, increased to 32.9% from 28.9% a year ago."
DUOL,paid subscribers,QK,E14_DUOL_QK_2024-08-08_000156208824000207.txt,"As of June 30, 2024 and 2023, we had approximately 8.0 million and 5.2 million paid subscribers, respectively, representing an increase of 52% from the prior year period."
DUOL,bookings,QK,E14_DUOL_QK_2024-08-08_000156208824000207.txt,"For the three months ended June 30, 2024 and 2023, we generated $156.5 million and $106.3 million of subscription bookings, respectively, representing an increase of 47% from the prior year period."
DUOL,bookings,QK,E14_DUOL_QK_2024-08-08_000156208824000207.txt,"For the six months ended June 30, 2024 and 2023, we generated $318.0 million and $216.4 million of subscription bookings, respectively, representing an increase of 47% from the prior year period."
DUOL,bookings,QK,E14_DUOL_QK_2024-08-08_000156208824000207.txt,"For the three months ended June 30, 2024 and 2023, we generated $190.1 million and $137.5 million total bookings, respectively, representing an increase of 38% from the prior year period."
DUOL,bookings,QK,E14_DUOL_QK_2024-08-08_000156208824000207.txt,"For the six months ended June 30, 2024 and 2023, we generated $387.5 million and $277.6 million total bookings, respectively, representing an increase of 40% from the prior year period."
DUOL,subscription,QK,E14_DUOL_QK_2024-08-08_000156208824000207.txt,"Subscription revenues totaled $143.9 million for the three months ended June 30, 2024, which represented an increase of 51% on a reported basis and 52% on a constant currency basis over the three months ended June 30, 2023."
DUOL,subscription,QK,E14_DUOL_QK_2024-08-08_000156208824000207.txt,"Subscription revenues totaled $275.6 million for the six months ended June 30, 2024, which represented an increase of 52% on a reported basis and 53% on a constant currency basis over the six months ended June 30, 2023."
DUOL,paid subscribers,QK,E14_DUOL_QK_2024-08-08_000156208824000207.txt,"The main drivers of the increase were: • Subscription revenue increased $48.8 million, or 51%, to $143.9 million during the three months ended June 30, 2024, and $94.3 million, or 52%, to $275.6 million during the six months ended June 30, 2024, primarily due to an increase in the average number of paid subscribers during the period;"
DUOL,DAU,QK,E14_DUOL_QK_2024-08-08_000156208824000207.txt,"33 • Other revenue increased by $2.7 million, or 9%, to $34.4 million during the three months ended June 30, 2024, primarily due to increased In-App Purchases of $1.5 million which was driven by the increase in DAU."
DUOL,DAU,QK,E14_DUOL_QK_2024-08-08_000156208824000207.txt,"Additionally, In-App Purchases revenue increased by $3.6 million primarily driven by the increase in DAUs and Advertising revenue increased by $1.5 million driven by the increase in DAUs, which resulted in increased advertisements served, offset by decreases in average revenue per DAU."
DUOL,bookings,QK,E14_DUOL_QK_2024-08-08_000156208824000207.txt,"In the six months ended June 30, 2024, we derived 60% of our revenue and 62% of our total bookings from the Apple App Store, and 20% of our revenue and 20% of our total bookings from the Google Play Store."
DUOL,subscription,QK,E14_DUOL_QK_2024-11-07_000156208824000250.txt,"18 Three Months Ended September 30, Nine Months Ended September 30, (In thousands) 2024 2023 2024 2023 Revenues: Subscription $ 157,617 $ 105,887 $ 433,214 $ 287,230 Other (1) 34,977 31,737 105,260 92,894 Total revenues $ 192,594 $ 137,624 $ 538,474 $ 380,124 ________________ (1) Other revenue is comprised of the below."
DUOL,MAU,QK,E14_DUOL_QK_2024-11-07_000156208824000250.txt,"We had approximately 113.1 million and 83.1 million MAUs for the three months ended September 30, 2024 and 2023, respectively, representing an increase of 36% from the prior year period."
DUOL,DAU,QK,E14_DUOL_QK_2024-11-07_000156208824000250.txt,"We had approximately 37.2 million and 24.2 million DAUs for the three months ended September 30, 2024 and 2023, respectively, representing an increase of 54% from the prior year period."
DUOL,MAU,QK,E14_DUOL_QK_2024-11-07_000156208824000250.txt,"The DAU / MAU ratio, which we believe is an indicator of user engagement, increased to 32.9% from 29.1% a year ago."
DUOL,paid subscribers,QK,E14_DUOL_QK_2024-11-07_000156208824000250.txt,"As of September 30, 2024 and 2023, we had approximately 8.6 million and 5.8 million paid subscribers, respectively, representing an increase of 47% from the prior year period."
DUOL,bookings,QK,E14_DUOL_QK_2024-11-07_000156208824000250.txt,"For the three months ended September 30, 2024 and 2023, we generated $176.3 million and $121.3 million of subscription bookings, respectively, representing an increase of 45% from the prior year period."
DUOL,bookings,QK,E14_DUOL_QK_2024-11-07_000156208824000250.txt,"For the nine months ended September 30, 2024 and 2023, we generated $494.3 million and $337.7 million of subscription bookings, respectively, representing an increase of 46% from the prior year period."
DUOL,bookings,QK,E14_DUOL_QK_2024-11-07_000156208824000250.txt,"For the three months ended September 30, 2024 and 2023, we generated $211.5 million and $153.6 million total bookings, respectively, representing an increase of 38% from the prior year period."
DUOL,bookings,QK,E14_DUOL_QK_2024-11-07_000156208824000250.txt,"For the nine months ended September 30, 2024 and 2023, we generated $599.0 million and $431.1 million total 30 bookings, respectively, representing an increase of 39% from the prior year period."
DUOL,subscription,QK,E14_DUOL_QK_2024-11-07_000156208824000250.txt,"Subscription revenues totaled $157.6 million for the three months ended September 30, 2024, which represented an increase of 49% on a reported basis and 50% on a constant currency basis over the three months ended September 30, 2023."
DUOL,subscription,QK,E14_DUOL_QK_2024-11-07_000156208824000250.txt,"Subscription revenues totaled $433.2 million for the nine months ended September 30, 2024, which represented an increase of 51% on a reported basis and 52% on a constant currency basis over the nine months ended September 30, 2023."
DUOL,paid subscribers,QK,E14_DUOL_QK_2024-11-07_000156208824000250.txt,"The main drivers of the increase were: • Subscription revenue increased $51.7 million, or 49%, to $157.6 million during the three months ended September 30, 2024, and $146.0 million, or 51%, to $433.2 million during the nine months ended September 30, 2024, primarily due to an increase in the average number of paid subscribers during the period;"
DUOL,DAU,QK,E14_DUOL_QK_2024-11-07_000156208824000250.txt,"37 • Other revenue increased by $3.2 million, or 10%, to $35.0 million during the three months ended September 30, 2024, primarily due to increased advertising revenue of $2.7 million which was driven by the increase in DAUs which resulted in increased advertisements served."
DUOL,DAU,QK,E14_DUOL_QK_2024-11-07_000156208824000250.txt,"• Other revenue increased by $12.4 million, or 13%, to $105.3 million during the nine months ended September 30, 2024, driven by increased advertising revenue of $4.2 million and In-App Purchases of $3.8 million, primarily driven by the increase in DAUs."
DUOL,bookings,QK,E14_DUOL_QK_2024-11-07_000156208824000250.txt,"In the nine months ended September 30, 2024, we derived 60% of our revenue and 62% of our total bookings from the Apple App Store, and 20% of our revenue and 19% of our total bookings from the Google Play Store."
