weight_quality,weight_value,weight_momentum,weight_low_vol,cadence,value,trades,verdict,neighbours,valid_neighbours,neighbourhood_mean,neighbour_mean,lift,peak_over_neighbourhood,is_local_peak,layer,siblings,weakest_sibling_mean,layer_drop
0.0,0.0,0.0,1.0,monthly,-0.33098894490994046,1,無效,3,3,,,,,False,cadence=monthly,0,,
0.0,0.0,0.0,1.0,quarterly,-0.33098894490994046,1,無效,3,3,,,,,False,cadence=quarterly,0,,
0.0,0.0,0.1,0.9,monthly,-0.33187473178997773,280,平原,6,5,-0.33396487941737174,-0.3343829089428506,0.0020901476273940123,,True,cadence=monthly,1,-0.33385342540332424,-0.00011145401404749622
0.0,0.0,0.1,0.9,quarterly,-0.33189215751883583,94,平原,6,5,-0.33385342540332424,-0.33424567898022184,0.0019612678844884157,,False,cadence=quarterly,1,-0.33396487941737174,0.00011145401404749622
0.0,0.0,0.2,0.8,monthly,-0.3327597226782013,280,平原,6,6,-0.33442371153255784,-0.33470104300828396,0.001663988854356535,,False,cadence=monthly,1,-0.33434113646428315,-8.257506827469285e-05
0.0,0.0,0.2,0.8,quarterly,-0.3327906113141301,94,平原,6,6,-0.33434113646428315,-0.33459955732264196,0.001550525150153026,,False,cadence=quarterly,1,-0.33442371153255784,8.257506827469285e-05
0.0,0.0,0.3,0.7,monthly,-0.3336439205190377,280,平原,6,6,-0.3353068866734955,-0.3355840476992385,0.0016629661544578234,,False,cadence=monthly,1,-0.3352333322770486,-7.355439644690653e-05
0.0,0.0,0.3,0.7,quarterly,-0.3336843438066005,94,平原,6,6,-0.3352333322770486,-0.3354914970221233,0.0015489884704480983,,False,cadence=quarterly,1,-0.3353068866734955,7.355439644690653e-05
0.0,0.0,0.4,0.6,monthly,-0.3345273282424146,280,平原,6,6,-0.3362182649530543,-0.3365000877381609,0.00169093671063969,,False,cadence=monthly,1,-0.3361513439469875,-6.692100606681128e-05
0.0,0.0,0.4,0.6,quarterly,-0.3345733921138262,94,平原,6,6,-0.3361513439469875,-0.3364143359191811,0.001577951833161284,,False,cadence=quarterly,1,-0.3362182649530543,6.692100606681128e-05
0.0,0.0,0.5,0.5,monthly,-0.3355436989410111,280,平原,6,6,-0.33720198173477955,-0.33747836220040767,0.0016582827937684508,,False,cadence=monthly,1,-0.3371392967829244,-6.268495185512979e-05
0.0,0.0,0.5,0.5,quarterly,-0.33559769771381476,94,平原,6,6,-0.3371392967829244,-0.3373962299611093,0.001541599069109667,,False,cadence=quarterly,1,-0.33720198173477955,6.268495185512979e-05
0.0,0.0,0.6,0.4,monthly,-0.3366030528910623,280,普通,6,6,-0.33825061672686585,-0.33852521069949976,0.001647563835803556,,False,cadence=monthly,1,-0.33818771165346106,-6.290507340478424e-05
0.0,0.0,0.6,0.4,quarterly,-0.336654713135903,94,普通,6,6,-0.33818771165346106,-0.3384432114063874,0.0015329985175580596,,False,cadence=quarterly,1,-0.33825061672686585,6.290507340478424e-05
0.0,0.0,0.7,0.3,monthly,-0.33766062367141503,280,普通,6,6,-0.33930675873232324,-0.3395811145758079,0.001646135060908216,,False,cadence=monthly,1,-0.3392372487015566,-6.951003076666185e-05
0.0,0.0,0.7,0.3,quarterly,-0.3377056711033709,94,普通,6,6,-0.3392372487015566,-0.33949251163458755,0.0015315775981856738,,False,cadence=quarterly,1,-0.33930675873232324,6.951003076666185e-05
0.0,0.0,0.8,0.2,monthly,-0.3387164192607155,280,普通,6,6,-0.34036112987439865,-0.3406352483100125,0.0016447106136831535,,False,cadence=monthly,1,-0.34028077129056067,-8.035858383798056e-05
0.0,0.0,0.8,0.2,quarterly,-0.3387506235377692,94,普通,6,6,-0.34028077129056067,-0.34053579591602595,0.0015301477527914775,,False,cadence=quarterly,1,-0.34036112987439865,8.035858383798056e-05
0.0,0.0,0.9,0.1,monthly,-0.3397704475900746,280,普通,6,5,-0.34151224165144484,-0.34186060046371886,0.001741794061370261,,False,cadence=monthly,1,-0.34140093337775435,-0.00011130827369049134
0.0,0.0,0.9,0.1,quarterly,-0.33978962176894134,94,普通,6,5,-0.34140093337775435,-0.3417231956995169,0.0016113116088130042,,False,cadence=quarterly,1,-0.34151224165144484,0.00011130827369049134
0.0,0.0,1.0,0.0,monthly,-0.34082271654343366,1,無效,3,3,,,,,False,cadence=monthly,0,,
0.0,0.0,1.0,0.0,quarterly,-0.34082271654343366,1,無效,3,3,,,,,False,cadence=quarterly,0,,
0.0,0.1,0.0,0.9,monthly,-0.33678798398707543,280,平原,6,5,-0.3364179847830162,-0.33634398494220435,-0.0003699992040592237,,False,cadence=monthly,1,-0.33613549618265126,-0.0002824886003649496
0.0,0.1,0.0,0.9,quarterly,-0.33642997104805383,94,平原,6,5,-0.33613549618265126,-0.3360766012095707,-0.00029447486540257195,,False,cadence=quarterly,1,-0.3364179847830162,0.0002824886003649496
0.0,0.1,0.1,0.8,monthly,-0.33766938774881383,420,普通,9,9,-0.3372731838155817,-0.3372291611563336,-0.0003962039332321421,,False,cadence=monthly,1,-0.3369771658837382,-0.000296017931843473
0.0,0.1,0.1,0.8,quarterly,-0.3373234333670896,141,平原,9,9,-0.3369771658837382,-0.3369386917189214,-0.00034626748335137014,,False,cadence=quarterly,1,-0.3372731838155817,0.000296017931843473
0.0,0.1,0.2,0.7,monthly,-0.33855000699282656,420,普通,9,9,-0.3381543218196395,-0.33811035680039647,-0.00039568517318705476,,False,cadence=monthly,1,-0.3378671592335496,-0.0002871625860899063
0.0,0.1,0.2,0.7,quarterly,-0.338212163834121,141,普通,9,9,-0.3378671592335496,-0.33782882538904163,-0.000345004600571408,,False,cadence=quarterly,1,-0.3381543218196395,0.0002871625860899063
0.0,0.1,0.3,0.6,monthly,-0.3394298446186944,420,普通,9,9,-0.33903467690579353,-0.33899076938213785,-0.00039516771290087904,,False,cadence=monthly,1,-0.33875244962279843,-0.0002822272829950956
0.0,0.1,0.3,0.6,quarterly,-0.3390961999403034,141,普通,9,9,-0.33875244962279843,-0.3387142551430757,-0.0003437503175049428,,False,cadence=quarterly,1,-0.33903467690579353,0.0002822272829950956
0.0,0.1,0.4,0.5,monthly,-0.3403089035117244,420,普通,9,9,-0.339959842918904,-0.33992105840859066,-0.0003490605928203605,,False,cadence=monthly,1,-0.3396827114915507,-0.0002771314273533054
0.0,0.1,0.4,0.5,quarterly,-0.3399755787817702,141,普通,9,9,-0.3396827114915507,-0.33965017068152625,-0.00029286729021948954,,False,cadence=quarterly,1,-0.339959842918904,0.0002771314273533054
0.0,0.1,0.5,0.4,monthly,-0.34134371206784486,420,普通,9,9,-0.3409655262863177,-0.3409235056439258,-0.00037818578152715165,,False,cadence=monthly,1,-0.3406897058434005,-0.0002758204429171851
0.0,0.1,0.5,0.4,quarterly,-0.3410168998113049,141,普通,9,9,-0.3406897058434005,-0.34065335095807775,-0.00032719396790437116,,False,cadence=quarterly,1,-0.3409655262863177,0.0002758204429171851
0.0,0.1,0.6,0.3,monthly,-0.3423969756389128,420,普通,9,9,-0.3420173480995485,-0.3419751672618413,-0.0003796275393643245,,False,cadence=monthly,1,-0.3417366323715034,-0.0002807157280450556
0.0,0.1,0.6,0.3,quarterly,-0.3420636409891371,141,普通,9,9,-0.3417366323715034,-0.3417002980806552,-0.00032700861763368394,,False,cadence=quarterly,1,-0.3420173480995485,0.0002807157280450556
0.0,0.1,0.7,0.2,monthly,-0.34344847575394044,420,普通,9,9,-0.34306942735170703,-0.34302731086256993,-0.0003790484022334062,,False,cadence=monthly,1,-0.3427786700076248,-0.0002907573440822375
0.0,0.1,0.7,0.2,quarterly,-0.34310435316131727,141,普通,9,9,-0.3427786700076248,-0.3427424829905478,-0.0003256831536924687,,False,cadence=quarterly,1,-0.34306942735170703,0.0002907573440822375
0.0,0.1,0.8,0.1,monthly,-0.3444982202965834,420,普通,9,9,-0.34411974929411526,-0.3440776969605077,-0.00037847100246812815,,False,cadence=monthly,1,-0.3438147206293399,-0.00030502866477538637
0.0,0.1,0.8,0.1,quarterly,-0.34413908826694384,141,普通,9,9,-0.3438147206293399,-0.3437786797807172,-0.0003243676376039617,,False,cadence=quarterly,1,-0.34411974929411526,0.00030502866477538637
0.0,0.1,0.9,0.0,monthly,-0.34554621710357136,280,普通,6,5,-0.34439927803195786,-0.3441698902176351,-0.0011469390716135064,,False,cadence=monthly,1,-0.3441069506938588,-0.0002923273380990299
0.0,0.1,0.9,0.0,quarterly,-0.34516789765022493,94,普通,6,5,-0.3441069506938588,-0.34389476130258567,-0.0010609469563661045,,False,cadence=quarterly,1,-0.34439927803195786,0.0002923273380990299
0.0,0.2,0.0,0.8,monthly,-0.3425668531661511,280,普通,6,6,-0.3414252986375904,-0.34123503954949697,-0.0011415545285606843,,False,cadence=monthly,1,-0.3408841847931939,-0.0005411138443965346
0.0,0.2,0.0,0.8,quarterly,-0.3419280236460973,94,普通,6,6,-0.3408841847931939,-0.34071021165104326,-0.0010438388529034337,,False,cadence=quarterly,1,-0.3414252986375904,0.0005411138443965346
0.0,0.2,0.1,0.7,monthly,-0.34344390597946506,420,普通,9,9,-0.34304963301555974,-0.34300582490845916,-0.00039427296390531774,,False,cadence=monthly,1,-0.3424658610343487,-0.0005837719812110675
0.0,0.2,0.1,0.7,quarterly,-0.3428114815561569,141,普通,9,9,-0.3424658610343487,-0.34242745875414776,-0.0003456205218082542,,False,cadence=quarterly,1,-0.34304963301555974,0.0005837719812110675
0.0,0.2,0.2,0.6,monthly,-0.3443201856508137,420,普通,9,9,-0.34392642852241473,-0.34388267773037046,-0.0003937571283989527,,False,cadence=monthly,1,-0.34334587849227527,-0.0005805500301394595
0.0,0.2,0.2,0.6,quarterly,-0.34369023620973715,141,普通,9,9,-0.34334587849227527,-0.3433076165236683,-0.00034435771746188504,,False,cadence=quarterly,1,-0.34392642852241473,0.0005805500301394595
0.0,0.2,0.3,0.5,monthly,-0.34519569503536063,420,普通,9,9,-0.3448028381435554,-0.3447591873777992,-0.00039285689180523775,,False,cadence=monthly,1,-0.34422278637833315,-0.0005800517652222448
0.0,0.2,0.3,0.5,quarterly,-0.3445643250651522,141,普通,9,9,-0.34422278637833315,-0.34418483763535324,-0.0003415386868190762,,False,cadence=quarterly,1,-0.3448028381435554,0.0005800517652222448
0.0,0.2,0.4,0.4,monthly,-0.3460742938968602,420,普通,9,9,-0.3457351916646241,-0.34569751363882006,-0.00033910223223609925,,False,cadence=monthly,1,-0.3451565194216032,-0.0005786722430208835
0.0,0.2,0.4,0.4,quarterly,-0.34544943371971093,141,普通,9,9,-0.3451565194216032,-0.34512397338848005,-0.00029291429810773817,,False,cadence=quarterly,1,-0.3457351916646241,0.0005786722430208835
0.0,0.2,0.5,0.3,monthly,-0.3471232598775118,420,普通,9,9,-0.3467448531259176,-0.346702807931296,-0.0003784067515942291,,False,cadence=monthly,1,-0.34616397525964226,-0.0005808778662753089
0.0,0.2,0.5,0.3,quarterly,-0.3464916854922563,141,普通,9,9,-0.34616397525964226,-0.34612756301157405,-0.0003277102326140202,,False,cadence=quarterly,1,-0.3467448531259176,0.0005808778662753089
0.0,0.2,0.6,0.2,monthly,-0.3481704741232432,420,普通,9,9,-0.34779264502921564,-0.34775066401876814,-0.0003778290940275597,,False,cadence=monthly,1,-0.3472015113019055,-0.0005911337273101225
0.0,0.2,0.6,0.2,quarterly,-0.3475278859930283,141,普通,9,9,-0.3472015113019055,-0.34716524744733634,-0.0003263746911227883,,False,cadence=quarterly,1,-0.34779264502921564,0.0005911337273101225
0.0,0.2,0.7,0.1,monthly,-0.3492159444702485,420,普通,9,9,-0.3488386912998093,-0.34879677428087164,-0.0003772531704391846,,False,cadence=monthly,1,-0.3482330385298965,-0.0006056527699128122
0.0,0.2,0.7,0.1,quarterly,-0.34855808776964115,141,普通,9,9,-0.3482330385298965,-0.3481969219477026,-0.00032504923974463473,,False,cadence=quarterly,1,-0.3488386912998093,0.0006056527699128122
0.0,0.2,0.8,0.0,monthly,-0.3502596787080582,280,普通,6,6,-0.3486064946173542,-0.3483309639355702,-0.001653184090703974,,False,cadence=monthly,1,-0.3480400337191316,-0.0005664608982225983
0.0,0.2,0.8,0.0,quarterly,-0.3495823427630552,94,普通,6,6,-0.3480400337191316,-0.34778298221181103,-0.0015423090439236065,,False,cadence=quarterly,1,-0.3486064946173542,0.0005664608982225983
0.0,0.3,0.0,0.7,monthly,-0.3483256027172932,280,普通,6,6,-0.34718806909439737,-0.34699848015724805,-0.0011375336228958144,,False,cadence=monthly,1,-0.34642578223132225,-0.0007622868630751123
0.0,0.3,0.0,0.7,quarterly,-0.3474840039537813,94,普通,6,6,-0.34642578223132225,-0.3462494119442457,-0.0010582217224590629,,False,cadence=quarterly,1,-0.34718806909439737,0.0007622868630751123
0.0,0.3,0.1,0.6,monthly,-0.34919833661000177,420,普通,9,9,-0.3488059908998319,-0.34876239693203526,-0.0003923457101698835,,False,cadence=monthly,1,-0.34801225745035114,-0.0007937334494807491
0.0,0.3,0.1,0.6,quarterly,-0.3483571969123834,141,普通,9,9,-0.34801225745035114,-0.3479739308434586,-0.00034493946203228987,,False,cadence=quarterly,1,-0.3488059908998319,0.0007937334494807491
0.0,0.3,0.2,0.5,monthly,-0.3500703086387609,420,普通,9,9,-0.349678475849819,-0.3496349388732699,-0.00039183278894189266,,False,cadence=monthly,1,-0.34888203994491895,-0.000796435904900028
0.0,0.3,0.2,0.5,quarterly,-0.3492257169040165,141,普通,9,9,-0.34888203994491895,-0.3488438536161304,-0.0003436769590975386,,False,cadence=quarterly,1,-0.349678475849819,0.000796435904900028
0.0,0.3,0.3,0.4,monthly,-0.3509415216147602,420,普通,9,9,-0.350553334048856,-0.3505102020970889,-0.0003881875659041967,,False,cadence=monthly,1,-0.3497530052086134,-0.0008003288402426145
0.0,0.3,0.3,0.4,quarterly,-0.3500896013402497,141,普通,9,9,-0.3497530052086134,-0.34971560563843157,-0.00033659613163627977,,False,cadence=quarterly,1,-0.350553334048856,0.0008003288402426145
0.0,0.3,0.4,0.3,monthly,-0.351839457257212,420,普通,9,9,-0.351492678874989,-0.35145414794363083,-0.00034677838222302304,,False,cadence=monthly,1,-0.3506898587104911,-0.0008028201644978972
0.0,0.3,0.4,0.3,quarterly,-0.3509915084741383,141,普通,9,9,-0.3506898587104911,-0.35065634207008584,-0.00030164976364721596,,False,cadence=quarterly,1,-0.351492678874989,0.0008028201644978972
0.0,0.3,0.5,0.2,monthly,-0.35288239528542986,420,普通,9,9,-0.3525057870009859,-0.3524639416360477,-0.0003766082844439689,,False,cadence=monthly,1,-0.35169586990696927,-0.0008099170940166212
0.0,0.3,0.5,0.2,quarterly,-0.3520229143280731,141,普通,9,9,-0.35169586990696927,-0.35165953163795777,-0.00032704442110381704,,False,cadence=quarterly,1,-0.3525057870009859,0.0008099170940166212
0.0,0.3,0.6,0.1,monthly,-0.3539236010745246,420,普通,9,9,-0.35354756723342556,-0.3535057856955257,-0.0003760338410990216,,False,cadence=monthly,1,-0.3527225920200363,-0.0008249752133892563
0.0,0.3,0.6,0.1,quarterly,-0.35304830110261254,141,普通,9,9,-0.3527225920200363,-0.3526864021219723,-0.000325709082576231,,False,cadence=quarterly,1,-0.35354756723342556,0.0008249752133892563
0.0,0.3,0.7,0.0,monthly,-0.3549630823668216,280,普通,6,6,-0.35331459199018933,-0.35303984359408397,-0.0016484903766322834,,False,cadence=monthly,1,-0.35251303285917357,-0.000801559131015761
0.0,0.3,0.7,0.0,quarterly,-0.3540677213336869,94,普通,6,6,-0.35251303285917357,-0.3522539181134214,-0.0015546884745133438,,False,cadence=quarterly,1,-0.35331459199018933,0.000801559131015761
0.0,0.4,0.0,0.6,monthly,-0.35406428274372315,280,普通,6,6,-0.3530487289687971,-0.35287947000630937,-0.0010155537749260701,,False,cadence=monthly,1,-0.352113256332259,-0.0009354726365380928
0.0,0.4,0.0,0.6,quarterly,-0.35309883231260364,94,普通,6,6,-0.352113256332259,-0.3519489936688682,-0.000985575980344655,,False,cadence=quarterly,1,-0.3530487289687971,0.0009354726365380928
0.0,0.4,0.1,0.5,monthly,-0.3549327296022524,420,普通,9,9,-0.3546809281419274,-0.3546529502018913,-0.0002518014603249963,,False,cadence=monthly,1,-0.35372201761110117,-0.0009589105308262513
0.0,0.4,0.1,0.5,quarterly,-0.35396149316670156,141,普通,9,9,-0.35372201761110117,-0.3536954092160345,-0.00023947555560038802,,False,cadence=quarterly,1,-0.3546809281419274,0.0009589105308262513
0.0,0.4,0.2,0.4,monthly,-0.355800425777704,420,普通,9,9,-0.3555093728661419,-0.35547703365374617,-0.0002910529115620619,,False,cadence=monthly,1,-0.3545495831848016,-0.0009597896813403062
0.0,0.4,0.2,0.4,quarterly,-0.35481951309965987,141,普通,9,9,-0.3545495831848016,-0.35451959097203956,-0.0002699299148582468,,False,cadence=quarterly,1,-0.3555093728661419,0.0009597896813403062
0.0,0.4,0.3,0.3,monthly,-0.35666737403772064,420,普通,9,9,-0.3563582278080707,-0.3563238782269985,-0.0003091462296499481,,False,cadence=monthly,1,-0.3553873410711602,-0.0009708867369104812
0.0,0.4,0.3,0.3,quarterly,-0.3556729294616766,141,普通,9,9,-0.3553873410711602,-0.3553556090277695,-0.0002855883905164003,,False,cadence=quarterly,1,-0.3563582278080707,0.0009708867369104812
0.0,0.4,0.4,0.2,monthly,-0.3575842201090049,420,普通,9,9,-0.35727074456415675,-0.35723591394806253,-0.0003134755448481741,,False,cadence=monthly,1,-0.3562975769912681,-0.0009731675728886779
0.0,0.4,0.4,0.2,quarterly,-0.356591185610859,141,普通,9,9,-0.3562975769912681,-0.3562649538113135,-0.00029360861959093487,,False,cadence=quarterly,1,-0.35727074456415675,0.0009731675728886779
0.0,0.4,0.5,0.1,monthly,-0.35862117102474733,420,普通,9,9,-0.3582555437308236,-0.3582149184759432,-0.0003656272939237537,,False,cadence=monthly,1,-0.3572851179163936,-0.0009704258144299649
0.0,0.4,0.5,0.1,quarterly,-0.35761146370576624,141,普通,9,9,-0.3572851179163936,-0.35724885727313,-0.0003263457893726285,,False,cadence=quarterly,1,-0.3582555437308236,0.0009704258144299649
0.0,0.4,0.6,0.0,monthly,-0.35965640904187035,280,普通,6,6,-0.3580126137509612,-0.35773864786914306,-0.0016437952909091336,,False,cadence=monthly,1,-0.357058490741155,-0.0009541230098062403
0.0,0.4,0.6,0.0,quarterly,-0.3586257568995517,94,普通,6,6,-0.357058490741155,-0.35679727971475544,-0.0015672661583966963,,False,cadence=quarterly,1,-0.3580126137509612,0.0009541230098062403
0.0,0.5,0.0,0.5,monthly,-0.36047644255407285,280,普通,6,6,-0.35926782788060124,-0.3590663921016892,-0.0012086146734716086,,False,cadence=monthly,1,-0.35819940376359405,-0.001068424117007194
0.0,0.5,0.0,0.5,quarterly,-0.3593538977050783,94,普通,6,6,-0.35819940376359405,-0.35800698810668,-0.001154493941484258,,False,cadence=quarterly,1,-0.35926782788060124,0.001068424117007194
0.0,0.5,0.1,0.4,monthly,-0.3612076228209691,420,普通,9,9,-0.36095597497340104,-0.36092801410144904,-0.00025164784756803726,,False,cadence=monthly,1,-0.35986413092273484,-0.001091844050666202
0.0,0.5,0.1,0.4,quarterly,-0.36006186039817123,141,普通,9,9,-0.35986413092273484,-0.3598421609810197,-0.0001977294754363923,,False,cadence=quarterly,1,-0.36095597497340104,0.001091844050666202
0.0,0.5,0.2,0.3,monthly,-0.36193869098290266,420,普通,9,9,-0.3616742461166525,-0.3616448633537358,-0.0002644448662501575,,False,cadence=monthly,1,-0.36056535818661695,-0.0011088879300355514
0.0,0.5,0.2,0.3,quarterly,-0.36076630848818203,141,普通,9,9,-0.36056535818661695,-0.360543030375332,-0.00020095030156508376,,False,cadence=quarterly,1,-0.3616742461166525,0.0011088879300355514
0.0,0.5,0.3,0.2,monthly,-0.3626696473836928,420,普通,9,9,-0.36241486346791024,-0.3623865541439344,-0.00025478391578254156,,False,cadence=monthly,1,-0.3613078813466428,-0.0011069821212674191
0.0,0.5,0.3,0.2,quarterly,-0.36146726808210095,141,普通,9,9,-0.3613078813466428,-0.3612901717093697,-0.00015938673545812243,,False,cadence=quarterly,1,-0.36241486346791024,0.0011069821212674191
0.0,0.5,0.4,0.1,monthly,-0.3634004923657541,420,普通,9,9,-0.36323487679239486,-0.36321647506202154,-0.0001656155733592568,,False,cadence=monthly,1,-0.36213111852051527,-0.0011037582718795846
0.0,0.5,0.4,0.1,quarterly,-0.36224936786970785,141,普通,9,9,-0.36213111852051527,-0.3621179797039384,-0.00011824934919257846,,False,cadence=quarterly,1,-0.36323487679239486,0.0011037582718795846
0.0,0.5,0.5,0.0,monthly,-0.36433963964712646,280,普通,6,6,-0.3628501646695085,-0.3626019188399055,-0.0014894749776179772,,False,cadence=monthly,1,-0.3617658194646625,-0.00108434520484596
0.0,0.5,0.5,0.0,quarterly,-0.3632582292919171,94,普通,6,6,-0.3617658194646625,-0.36151708449345343,-0.0014924098272545705,,False,cadence=quarterly,1,-0.3628501646695085,0.00108434520484596
0.0,0.6,0.0,0.4,monthly,-0.36726636375600163,280,普通,6,6,-0.36594600624740403,-0.36572594666263775,-0.0013203575085976027,,False,cadence=monthly,1,-0.3648334050207106,-0.0011126012266934326
0.0,0.6,0.0,0.4,quarterly,-0.3661047664895237,94,普通,6,6,-0.3648334050207106,-0.36462151144257504,-0.0012713614688131258,,False,cadence=quarterly,1,-0.36594600624740403,0.0011126012266934326
0.0,0.6,0.1,0.3,monthly,-0.3678580088672464,420,普通,9,9,-0.3676300999605991,-0.3676047767487494,-0.00022790890664731167,,False,cadence=monthly,1,-0.36650382203743453,-0.0011262779231645537
0.0,0.6,0.1,0.3,quarterly,-0.3666529478150454,141,普通,9,9,-0.36650382203743453,-0.3664872525065889,-0.0001491257776108923,,False,cadence=quarterly,1,-0.3676300999605991,0.0011262779231645537
0.0,0.6,0.2,0.2,monthly,-0.36845007818534126,420,普通,9,9,-0.36825451461941544,-0.36823278533431253,-0.00019556356592581592,,False,cadence=monthly,1,-0.36710554169637966,-0.0011489729230357848
0.0,0.6,0.2,0.2,quarterly,-0.3672081400501498,141,普通,9,9,-0.36710554169637966,-0.3670941418792941,-0.0001025983537701336,,False,cadence=quarterly,1,-0.36825451461941544,0.0011489729230357848
0.0,0.6,0.3,0.1,monthly,-0.36908123363292744,420,普通,9,9,-0.3689047857227231,-0.368885180399367,-0.00017644791020432482,,False,cadence=monthly,1,-0.3677308688687725,-0.0011739168539506295
0.0,0.6,0.3,0.1,quarterly,-0.36789599405160744,141,普通,9,9,-0.3677308688687725,-0.36771252162623524,-0.00016512518283495758,,False,cadence=quarterly,1,-0.3689047857227231,0.0011739168539506295
0.0,0.6,0.4,0.0,monthly,-0.3698075826303271,280,普通,6,6,-0.3682352906294787,-0.3679732419626706,-0.0015722920008484076,,False,cadence=monthly,1,-0.36707111770635026,-0.001164172923128426
0.0,0.6,0.4,0.0,quarterly,-0.3685804360701206,94,普通,6,6,-0.36707111770635026,-0.3668195646457219,-0.001509318363770329,,False,cadence=quarterly,1,-0.3682352906294787,0.001164172923128426
0.0,0.7,0.0,0.3,monthly,-0.3742004242179915,280,普通,6,6,-0.372814780160729,-0.3725838394845186,-0.0013856440572624917,,False,cadence=monthly,1,-0.37179805331735377,-0.0010167268433752263
0.0,0.7,0.0,0.3,quarterly,-0.3731839385923357,94,普通,6,6,-0.37179805331735377,-0.37156707243819015,-0.0013858852749819017,,False,cadence=quarterly,1,-0.372814780160729,0.0010167268433752263
0.0,0.7,0.1,0.2,monthly,-0.3747882665760872,420,普通,9,9,-0.37448243934692915,-0.37444845854368936,-0.00030582722915806215,,False,cadence=monthly,1,-0.37346994837001357,-0.001012490976915581
0.0,0.7,0.1,0.2,quarterly,-0.3737178171089397,141,普通,9,9,-0.37346994837001357,-0.3734424073990218,-0.00024786873892612693,,False,cadence=quarterly,1,-0.37448243934692915,0.001012490976915581
0.0,0.7,0.2,0.1,monthly,-0.3753765380676084,420,普通,9,9,-0.37507477130544054,-0.37504124166519964,-0.00030176676216786547,,False,cadence=monthly,1,-0.37401749832274284,-0.001057272982697699
0.0,0.7,0.2,0.1,quarterly,-0.37424927111533,141,普通,9,9,-0.37401749832274284,-0.37399174579023314,-0.00023177279258718153,,False,cadence=quarterly,1,-0.37507477130544054,0.001057272982697699
0.0,0.7,0.3,0.0,monthly,-0.37596523765487966,280,普通,6,6,-0.3742770513397466,-0.3739956869538911,-0.0016881863151330667,,False,cadence=monthly,1,-0.3731648964574584,-0.0011121548822882188
0.0,0.7,0.3,0.0,quarterly,-0.37477831708978415,94,普通,6,6,-0.3731648964574584,-0.3728959930187374,-0.0016134206323257794,,False,cadence=quarterly,1,-0.3742770513397466,0.0011121548822882188
0.0,0.8,0.0,0.2,monthly,-0.38108461999633203,280,普通,6,6,-0.3797085611755054,-0.37947921803870094,-0.0013760588208266422,,False,cadence=monthly,1,-0.37891084558480115,-0.0007977155907042399
0.0,0.8,0.0,0.2,quarterly,-0.38031007301660447,94,普通,6,6,-0.37891084558480115,-0.3786776410128339,-0.0013992274318033182,,False,cadence=quarterly,1,-0.3797085611755054,0.0007977155907042399
0.0,0.8,0.1,0.1,monthly,-0.3816687213681036,420,普通,9,9,-0.3813645060613836,-0.38133070436063693,-0.0003042153067199793,,False,cadence=monthly,1,-0.38058187432125207,-0.0007826317401315452
0.0,0.8,0.1,0.1,quarterly,-0.3808294468262232,141,普通,9,9,-0.38058187432125207,-0.3805543662651442,-0.0002475725049711497,,False,cadence=quarterly,1,-0.3813645060613836,0.0007826317401315452
0.0,0.8,0.2,0.0,monthly,-0.38225325667251675,280,普通,6,6,-0.3805458261563026,-0.3802612544036003,-0.0017074305162141368,,False,cadence=monthly,1,-0.37965971869548376,-0.0008861074608188524
0.0,0.8,0.2,0.0,quarterly,-0.3813464542082524,94,普通,6,6,-0.37965971869548376,-0.3793785961100224,-0.0016867355127686556,,False,cadence=quarterly,1,-0.3805458261563026,0.0008861074608188524
0.0,0.9,0.0,0.1,monthly,-0.3879193755577204,280,普通,6,5,-0.3851941289242535,-0.3846490795975601,-0.0027252466334669045,,False,cadence=monthly,1,-0.3846318908898932,-0.0005622380343602851
0.0,0.9,0.0,0.1,quarterly,-0.3874836386305761,94,普通,6,5,-0.3846318908898932,-0.38406154134175663,-0.0028517477406829195,,False,cadence=quarterly,1,-0.3851941289242535,0.0005622380343602851
0.0,0.9,0.1,0.0,monthly,-0.3884997968438949,280,普通,6,5,-0.38548617035916344,-0.38488344506221717,-0.0030136264847314687,,False,cadence=monthly,1,-0.3848906496574185,-0.000595520701744956
0.0,0.9,0.1,0.0,quarterly,-0.3879883027498776,94,普通,6,5,-0.3848906496574185,-0.38427111903892663,-0.0030976530924591295,,False,cadence=quarterly,1,-0.38548617035916344,0.000595520701744956
0.0,1.0,0.0,0.0,monthly,-0.394705110564868,1,無效,3,3,,,,,False,cadence=monthly,0,,
0.0,1.0,0.0,0.0,quarterly,-0.394705110564868,1,無效,3,3,,,,,False,cadence=quarterly,0,,
0.1,0.0,0.0,0.9,monthly,-0.3319058361034317,280,平原,6,5,-0.3339811225853089,-0.3343961798816843,0.002075286481877159,,False,cadence=monthly,1,-0.3338586219530897,-0.00012250063221919127
0.1,0.0,0.0,0.9,quarterly,-0.33189078122964877,94,平原,6,5,-0.3338586219530897,-0.33425219009777785,0.0019678407234409168,,True,cadence=quarterly,1,-0.3339811225853089,0.00012250063221919127
0.1,0.0,0.1,0.8,monthly,-0.33279161419673053,420,平原,9,9,-0.3343498196420655,-0.33452295358043604,0.0015582054453349703,,False,cadence=monthly,1,-0.3342468083301629,-0.00010301131190260104
0.1,0.0,0.1,0.8,quarterly,-0.332793597942187,141,平原,9,9,-0.3342468083301629,-0.3344082761510491,0.0014532103879759117,,False,cadence=quarterly,1,-0.3343498196420655,0.00010301131190260104
0.1,0.0,0.2,0.7,monthly,-0.3336765968023173,420,平原,9,9,-0.3352335712600145,-0.33540656842198086,0.0015569744576972022,,False,cadence=monthly,1,-0.3351424483915883,-9.112286842621886e-05
0.1,0.0,0.2,0.7,quarterly,-0.3336916474670182,141,平原,9,9,-0.3351424483915883,-0.3353036484943183,0.001450800924570117,,False,cadence=quarterly,1,-0.3352335712600145,9.112286842621886e-05
0.1,0.0,0.3,0.6,monthly,-0.3345607868609768,420,平原,9,9,-0.33612390511874357,-0.3362975849251621,0.0015631182577667824,,False,cadence=monthly,1,-0.3360413982143344,-8.250690440919639e-05
0.1,0.0,0.3,0.6,quarterly,-0.334584967463341,141,平原,9,9,-0.3360413982143344,-0.3362032238533337,0.0014564307509933871,,False,cadence=quarterly,1,-0.33612390511874357,8.250690440919639e-05
0.1,0.0,0.4,0.5,monthly,-0.33551337197752096,420,平原,9,9,-0.3370716806123009,-0.33724482601616534,0.001558308634779959,,False,cadence=monthly,1,-0.33699550299106934,-7.617762123157679e-05
0.1,0.0,0.4,0.5,quarterly,-0.3355472278092565,141,平原,9,9,-0.33699550299106934,-0.33715642245571525,0.0014482751818128414,,False,cadence=quarterly,1,-0.3370716806123009,7.617762123157679e-05
0.1,0.0,0.5,0.4,monthly,-0.3365738045118788,420,普通,9,9,-0.33810462160218546,-0.33827471238999735,0.0015308170903066687,,False,cadence=monthly,1,-0.3380319235190682,-7.2698083117273e-05
0.1,0.0,0.5,0.4,quarterly,-0.3366095681145952,141,普通,9,9,-0.3380319235190682,-0.33818996300845405,0.001422355404472997,,False,cadence=quarterly,1,-0.33810462160218546,7.2698083117273e-05
0.1,0.0,0.6,0.3,monthly,-0.33763244936593595,420,普通,9,9,-0.33916169001549346,-0.33933160564322207,0.0015292406495575062,,False,cadence=monthly,1,-0.33908574678713965,-7.594322835380307e-05
0.1,0.0,0.6,0.3,quarterly,-0.3376657907061016,141,普通,9,9,-0.33908574678713965,-0.33924351968503275,0.0014199560810380651,,False,cadence=quarterly,1,-0.33916169001549346,7.594322835380307e-05
0.1,0.0,0.7,0.2,monthly,-0.33868931454428053,420,普通,9,9,-0.34021698351078083,-0.34038672450705865,0.0015276689665003063,,False,cadence=monthly,1,-0.34013350899764755,-8.347451313328591e-05
0.1,0.0,0.7,0.2,quarterly,-0.33871594827729723,141,普通,9,9,-0.34013350899764755,-0.34029101574435316,0.0014175607203503193,,False,cadence=quarterly,1,-0.34021698351078083,8.347451313328591e-05
0.1,0.0,0.8,0.1,monthly,-0.33974440800378125,420,普通,9,9,-0.3412705100234198,-0.3414400769144907,0.0015261020196385422,,False,cadence=monthly,1,-0.3411752622915956,-9.524773182417734e-05
0.1,0.0,0.8,0.1,quarterly,-0.339760092918285,141,普通,9,9,-0.3411752622915956,-0.3413325033330745,0.0014151693733105986,,False,cadence=quarterly,1,-0.3412705100234198,9.524773182417734e-05
0.1,0.0,0.9,0.0,monthly,-0.3407977376539427,280,普通,6,5,-0.34202580146463607,-0.34227141422677476,0.0012280638106933472,,False,cadence=monthly,1,-0.3419089939722986,-0.00011680749233744514
0.1,0.0,0.9,0.0,quarterly,-0.34079827612436164,94,普通,6,5,-0.3419089939722986,-0.34213113754188595,0.0011107178479369817,,False,cadence=quarterly,1,-0.34202580146463607,0.00011680749233744514
0.1,0.1,0.0,0.8,monthly,-0.33770311590264745,420,普通,9,9,-0.3372931976896794,-0.33724765122157185,-0.0004099182129680412,,False,cadence=monthly,1,-0.33698877506716796,-0.0003044226225114577
0.1,0.1,0.0,0.8,quarterly,-0.33734861028618235,141,普通,9,9,-0.33698877506716796,-0.33694879337616634,-0.00035983521901439275,,False,cadence=quarterly,1,-0.3372931976896794,0.0003044226225114577
0.1,0.1,0.1,0.7,monthly,-0.33858451571392745,560,普通,12,12,-0.33858079834573124,-0.33858048856504824,-3.717368196209936e-06,,False,cadence=monthly,1,-0.3382536228963167,-0.0003271754494145185
0.1,0.1,0.1,0.7,quarterly,-0.338241608324528,188,普通,12,12,-0.3382536228963167,-0.3382546241106325,1.2014571788732109e-05,,False,cadence=quarterly,1,-0.33858079834573124,0.0003271754494145185
0.1,0.1,0.2,0.6,monthly,-0.3394651314922975,560,普通,12,12,-0.33946141941450875,-0.339461110074693,-3.7120777887644785e-06,,False,cadence=monthly,1,-0.33914183559573746,-0.00031958381877128517
0.1,0.1,0.2,0.6,quarterly,-0.3391298665158109,188,普通,12,12,-0.33914183559573746,-0.33914283301906467,1.1969079926565929e-05,,False,cadence=quarterly,1,-0.33946141941450875,0.00031958381877128517
0.1,0.1,0.3,0.5,monthly,-0.34034496613378884,560,普通,12,12,-0.34035625032586775,-0.34035719067520764,1.1284192078908628e-05,,False,cadence=monthly,1,-0.3400418851329829,-0.00031436519288485787
0.1,0.1,0.3,0.5,quarterly,-0.3400134224973218,188,普通,12,12,-0.3400418851329829,-0.34004425701928803,2.84626356610862e-05,,False,cadence=quarterly,1,-0.34035625032586775,0.00031436519288485787
0.1,0.1,0.4,0.4,monthly,-0.3413166147638206,560,普通,12,12,-0.3413256668625199,-0.34132642120407825,9.052098699335875e-06,,False,cadence=monthly,1,-0.3410155300911508,-0.0003101367713690961
0.1,0.1,0.4,0.4,quarterly,-0.34099293746304604,188,普通,12,12,-0.3410155300911508,-0.34101741281015957,2.2592628104778356e-05,,False,cadence=quarterly,1,-0.3413256668625199,0.0003101367713690961
0.1,0.1,0.5,0.3,monthly,-0.3423709467625503,560,普通,12,12,-0.3423673569050268,-0.3423670577502332,-3.5898575235226993e-06,,False,cadence=monthly,1,-0.3420565890958219,-0.00031076780920491487
0.1,0.1,0.5,0.3,quarterly,-0.3420449032124665,188,普通,12,12,-0.3420565890958219,-0.34205756291943473,1.168588335537235e-05,,False,cadence=quarterly,1,-0.3423673569050268,0.00031076780920491487
0.1,0.1,0.6,0.2,monthly,-0.3434235108430681,560,普通,12,12,-0.34341992741181393,-0.3434196287925428,-3.5834312541727087e-06,,False,cadence=monthly,1,-0.34310242031849436,-0.00031750709331956894
0.1,0.1,0.6,0.2,quarterly,-0.3430907801101484,188,普通,12,12,-0.34310242031849436,-0.34310339033585646,1.1640208345986558e-05,,False,cadence=quarterly,1,-0.34341992741181393,0.00031750709331956894
0.1,0.1,0.7,0.1,monthly,-0.3444743149146626,560,普通,12,12,-0.34447073788612675,-0.3444704398004155,-3.577028535872717e-06,,False,cadence=monthly,1,-0.34414221560729413,-0.0003285222788326214
0.1,0.1,0.7,0.1,quarterly,-0.3441306208675946,188,普通,12,12,-0.34414221560729413,-0.34414318183560244,1.1594739699527512e-05,,False,cadence=quarterly,1,-0.34447073788612675,0.0003285222788326214
0.1,0.1,0.8,0.0,monthly,-0.3455233668395168,420,普通,9,9,-0.34473559200424353,-0.3446480614669909,-0.0007877748352732583,,False,cadence=monthly,1,-0.34442780385927174,-0.00030778814497178786
0.1,0.1,0.8,0.0,quarterly,-0.3451644775896261,141,普通,9,9,-0.34442780385927174,-0.34434595122256567,-0.0007366737303543536,,False,cadence=quarterly,1,-0.34473559200424353,0.00030778814497178786
0.1,0.2,0.0,0.7,monthly,-0.34348024096168683,420,普通,9,9,-0.343071212415607,-0.34302576479937597,-0.00040902854607982597,,False,cadence=monthly,1,-0.34249364050873876,-0.0005775719068682461
0.1,0.2,0.0,0.7,quarterly,-0.34286376969499566,141,普通,9,9,-0.34249364050873876,-0.3424525150435991,-0.0003701291862568956,,False,cadence=quarterly,1,-0.343071212415607,0.0005775719068682461
0.1,0.2,0.1,0.6,monthly,-0.34435729461461795,560,普通,12,12,-0.3443535837897978,-0.34435327455439607,-3.7108248201467298e-06,,False,cadence=monthly,1,-0.3437589481868566,-0.000594635602941207
0.1,0.2,0.1,0.6,quarterly,-0.34374669284459636,188,普通,12,12,-0.3437589481868566,-0.3437599694653783,1.2255342260236723e-05,,False,cadence=quarterly,1,-0.3443535837897978,0.000594635602941207
0.1,0.2,0.2,0.5,monthly,-0.34523357559130907,560,普通,12,12,-0.345229870037493,-0.34522956124134163,-3.7055538160690737e-06,,False,cadence=monthly,1,-0.34463711335827313,-0.0005927566792198746
0.1,0.2,0.2,0.5,quarterly,-0.3446249051404744,188,普通,12,12,-0.34463711335827313,-0.34463813070975635,1.2208217798737042e-05,,False,cadence=quarterly,1,-0.345229870037493,0.0005927566792198746
0.1,0.2,0.3,0.4,monthly,-0.3461090867434813,560,普通,12,12,-0.3461279030840514,-0.34612947111243225,1.8816340570104728e-05,,False,cadence=monthly,1,-0.345536677572262,-0.0005912255117894172
0.1,0.2,0.3,0.4,quarterly,-0.3454984441845952,188,普通,12,12,-0.345536677572262,-0.34553986368790085,3.823338766678619e-05,,False,cadence=quarterly,1,-0.3461279030840514,0.0005912255117894172
0.1,0.2,0.4,0.3,monthly,-0.3470993718776646,560,普通,12,12,-0.34710310821255397,-0.34710341957379476,3.7363348893704185e-06,,False,cadence=monthly,1,-0.3465125095504819,-0.0005905986620720616
0.1,0.2,0.4,0.3,quarterly,-0.34649477988380784,188,普通,12,12,-0.3465125095504819,-0.34651398702270475,1.7729666674071165e-05,,False,cadence=quarterly,1,-0.34710310821255397,0.0005905986620720616
0.1,0.2,0.5,0.2,monthly,-0.3481476444719461,560,普通,12,12,-0.3481440613425443,-0.3481437627484274,-3.5831294018517923e-06,,False,cadence=monthly,1,-0.34754802366742393,-0.0005960376751203422
0.1,0.2,0.5,0.2,quarterly,-0.3475361006924995,188,普通,12,12,-0.34754802366742393,-0.34754901724866766,1.1922974924416518e-05,,False,cadence=quarterly,1,-0.3481440613425443,0.0005960376751203422
0.1,0.2,0.6,0.1,monthly,-0.349194168753331,560,普通,12,12,-0.3491905920241276,-0.34919029396336065,-3.5767292033694886e-06,,False,cadence=monthly,1,-0.348583238957734,-0.00060735306639359
0.1,0.2,0.6,0.1,quarterly,-0.34857136338034167,188,普通,12,12,-0.348583238957734,-0.34858422858918336,1.1875577392350678e-05,,False,cadence=quarterly,1,-0.3491905920241276,0.00060735306639359
0.1,0.2,0.7,0.0,monthly,-0.3502389525366796,420,普通,9,9,-0.3494532481867712,-0.34936594770344803,-0.0007857043499083782,,False,cadence=monthly,1,-0.34885637371738765,-0.000596874469383557
0.1,0.2,0.7,0.0,quarterly,-0.34960062066074327,141,普通,9,9,-0.34885637371738765,-0.34877367961257033,-0.0007442469433556198,,False,cadence=quarterly,1,-0.3494532481867712,0.000596874469383557
0.1,0.3,0.0,0.6,monthly,-0.34923726148246037,420,普通,9,9,-0.3488423476207204,-0.34879846830274935,-0.0003949138617399539,,False,cadence=monthly,1,-0.3480595946656904,-0.0007827529550299972
0.1,0.3,0.0,0.6,quarterly,-0.34843716754323717,141,普通,9,9,-0.3480595946656904,-0.3480176421237407,-0.0003775728775467502,,False,cadence=quarterly,1,-0.3488423476207204,0.0007827529550299972
0.1,0.3,0.1,0.5,monthly,-0.3501100009589303,560,普通,12,12,-0.350116467387358,-0.3501170062563937,6.466428427720494e-06,,False,cadence=monthly,1,-0.34932459881501143,-0.0007918685723465879
0.1,0.3,0.1,0.5,quarterly,-0.34930975310029744,188,普通,12,12,-0.34932459881501143,-0.3493258359579043,1.4845714713995761e-05,,False,cadence=quarterly,1,-0.350116467387358,0.0007918685723465879
0.1,0.3,0.2,0.4,monthly,-0.35098197901829686,560,普通,12,12,-0.3509782799621683,-0.35097797170749095,-3.699056128569911e-06,,False,cadence=monthly,1,-0.3501901114500509,-0.000788168512117382
0.1,0.3,0.2,0.4,quarterly,-0.35017765851051763,188,普通,12,12,-0.3501901114500509,-0.35019114919501204,1.2452939533280638e-05,,False,cadence=quarterly,1,-0.3509782799621683,0.000788168512117382
0.1,0.3,0.3,0.3,monthly,-0.35185319846840357,560,普通,12,12,-0.35188092611188976,-0.3518832367488469,2.772764348618617e-05,,False,cadence=monthly,1,-0.35109000473284924,-0.0007909213790405212
0.1,0.3,0.3,0.3,quarterly,-0.35104092132641695,188,普通,12,12,-0.35109000473284924,-0.35109409501671857,4.908340643228204e-05,,False,cadence=quarterly,1,-0.35188092611188976,0.0007909213790405212
0.1,0.3,0.4,0.2,monthly,-0.35286169632532216,560,普通,12,12,-0.35286174400078035,-0.3528617479737352,4.767545819239771e-08,,False,cadence=monthly,1,-0.35206767102323094,-0.0007940729775494093
0.1,0.3,0.4,0.2,quarterly,-0.3520536274677222,188,普通,12,12,-0.35206767102323094,-0.35206884131952326,1.4043555508769234e-05,,False,cadence=quarterly,1,-0.35286174400078035,0.0007940729775494093
0.1,0.3,0.5,0.1,monthly,-0.35390395046091705,560,普通,12,12,-0.35390037402769564,-0.35390007599159384,-3.576433221408326e-06,,False,cadence=monthly,1,-0.3530961917749535,-0.0008041822527421472
0.1,0.3,0.5,0.1,quarterly,-0.3530840262027374,188,普通,12,12,-0.3530961917749535,-0.3530972055726382,1.216557221611625e-05,,False,cadence=quarterly,1,-0.35390037402769564,0.0008041822527421472
0.1,0.3,0.6,0.0,monthly,-0.35494447573312227,420,普通,9,9,-0.35416084133582404,-0.35407377084723535,-0.0007836343972982274,,False,cadence=monthly,1,-0.35335643150590784,-0.0008044098299161972
0.1,0.3,0.6,0.0,quarterly,-0.35410839948492423,141,普通,9,9,-0.35335643150590784,-0.3532728795082394,-0.000751967979016388,,False,cadence=quarterly,1,-0.35416084133582404,0.0008044098299161972
0.1,0.4,0.0,0.5,monthly,-0.35510644707177563,420,普通,9,9,-0.3548088293443771,-0.35477576070799943,-0.0002976177273985581,,False,cadence=monthly,1,-0.3538649213793126,-0.0009439079650644944
0.1,0.4,0.0,0.5,quarterly,-0.35410020273202736,141,普通,9,9,-0.3538649213793126,-0.35383877900678873,-0.0002352813527147779,,False,cadence=quarterly,1,-0.3548088293443771,0.0009439079650644944
0.1,0.4,0.1,0.4,monthly,-0.35584268464108404,560,普通,12,12,-0.35609581165860954,-0.35611690557673664,0.0002531270175255007,,False,cadence=monthly,1,-0.35513361199554977,-0.0009621996630597707
0.1,0.4,0.1,0.4,quarterly,-0.3549317097800725,188,普通,12,12,-0.35513361199554977,-0.35515043718017286,0.0002019022154772787,,False,cadence=quarterly,1,-0.35609581165860954,0.0009621996630597707
0.1,0.4,0.2,0.3,monthly,-0.3567103915269685,560,普通,12,12,-0.3568708789574846,-0.35688425291002757,0.0001604874305161097,,False,cadence=monthly,1,-0.3559183959979299,-0.0009524829595546902
0.1,0.4,0.2,0.3,quarterly,-0.3557890406987684,188,普通,12,12,-0.3559183959979299,-0.35592917560619336,0.00012935529916152655,,False,cadence=quarterly,1,-0.3568708789574846,0.0009524829595546902
0.1,0.4,0.3,0.2,monthly,-0.3575773509223381,560,普通,12,12,-0.3577232661596294,-0.357735425762737,0.00014591523729129419,,False,cadence=monthly,1,-0.35677618583839765,-0.0009470803212317525
0.1,0.4,0.3,0.2,quarterly,-0.35664513412955057,188,普通,12,12,-0.35677618583839765,-0.3567871068141349,0.00013105170884708528,,False,cadence=quarterly,1,-0.3577232661596294,0.0009470803212317525
0.1,0.4,0.4,0.1,monthly,-0.3586036409303456,560,普通,12,12,-0.3586559279982191,-0.3586602852538752,5.228706787352433e-05,,False,cadence=monthly,1,-0.35770658466299304,-0.0009493433352260605
0.1,0.4,0.4,0.1,quarterly,-0.3576703707830856,188,普通,12,12,-0.35770658466299304,-0.35770960248631867,3.6213879907431856e-05,,False,cadence=quarterly,1,-0.3586559279982191,0.0009493433352260605
0.1,0.4,0.5,0.0,monthly,-0.35963991736851597,420,普通,9,9,-0.35887442061147723,-0.3587893654162507,-0.0007654967570387416,,False,cadence=monthly,1,-0.35792972233631826,-0.0009446982751589728
0.1,0.4,0.5,0.0,quarterly,-0.35868956336962576,141,普通,9,9,-0.35792972233631826,-0.3578452955548396,-0.0007598410333075067,,False,cadence=quarterly,1,-0.35887442061147723,0.0009446982751589728
0.1,0.5,0.0,0.4,monthly,-0.36182090661541366,420,普通,9,9,-0.3612633239769857,-0.36120137035049366,-0.0005575826384279781,,False,cadence=monthly,1,-0.36020112108242175,-0.001062202894563935
0.1,0.5,0.0,0.4,quarterly,-0.36071477354105264,141,普通,9,9,-0.36020112108242175,-0.3601440485870183,-0.0005136524586308866,,False,cadence=quarterly,1,-0.3612633239769857,0.001062202894563935
0.1,0.5,0.1,0.3,monthly,-0.36241587411636356,560,普通,12,12,-0.36255756202859174,-0.3625693693546108,0.00014168791222818333,,False,cadence=monthly,1,-0.36149719286802817,-0.001060369160563568
0.1,0.5,0.1,0.3,quarterly,-0.3612740387438612,188,普通,12,12,-0.36149719286802817,-0.36151578904504206,0.00022315412416695768,,False,cadence=quarterly,1,-0.36255756202859174,0.001060369160563568
0.1,0.5,0.2,0.2,monthly,-0.363024347467616,560,普通,12,12,-0.363235816737853,-0.36325343917703945,0.0002114692702369636,,False,cadence=monthly,1,-0.362156980762598,-0.001078835975254988
0.1,0.5,0.2,0.2,quarterly,-0.3619415350285542,188,普通,12,12,-0.362156980762598,-0.36217493457376837,0.00021544573404380651,,False,cadence=quarterly,1,-0.363235816737853,0.001078835975254988
0.1,0.5,0.3,0.1,monthly,-0.36375519959180447,560,普通,12,12,-0.3639548452571563,-0.3639714823959357,0.00019964566535185524,,False,cadence=monthly,1,-0.3628707344935995,-0.0010841107635568004
0.1,0.5,0.3,0.1,quarterly,-0.36264095069404,188,普通,12,12,-0.3628707344935995,-0.3628898831435628,0.0002297837995595131,,False,cadence=quarterly,1,-0.3639548452571563,0.0010841107635568004
0.1,0.5,0.4,0.0,monthly,-0.36448594060821804,420,普通,9,9,-0.3639363911764035,-0.3638753301284241,-0.0005495494318145666,,False,cadence=monthly,1,-0.3628601112542492,-0.0010762799221542552
0.1,0.5,0.4,0.0,quarterly,-0.3633459190459484,141,普通,9,9,-0.3628601112542492,-0.3628061326107271,-0.00048580779169915544,,False,cadence=quarterly,1,-0.3639363911764035,0.0010762799221542552
0.1,0.6,0.0,0.3,monthly,-0.368792274900133,420,普通,9,9,-0.3681122655553359,-0.36803670896146956,-0.0006800093447971167,,False,cadence=monthly,1,-0.3670638275528185,-0.00104843800251736
0.1,0.6,0.0,0.3,quarterly,-0.367761650603767,141,普通,9,9,-0.3670638275528185,-0.3669862916582687,-0.000697823050948454,,False,cadence=quarterly,1,-0.3681122655553359,0.00104843800251736
0.1,0.6,0.1,0.2,monthly,-0.3693833951829546,560,普通,12,12,-0.36937489446474403,-0.36937418607155986,-8.50071821056897e-06,,False,cadence=monthly,1,-0.3683275770750099,-0.001047317389734126
0.1,0.6,0.1,0.2,quarterly,-0.3683067520843697,188,普通,12,12,-0.3683275770750099,-0.36832931249089657,2.082499064021137e-05,,False,cadence=quarterly,1,-0.36937489446474403,0.001047317389734126
0.1,0.6,0.2,0.1,monthly,-0.3699749398477774,560,普通,12,12,-0.3699808195928247,-0.36998130957157865,5.879745047288054e-06,,False,cadence=monthly,1,-0.36890170375846154,-0.0010791158343631535
0.1,0.6,0.2,0.1,quarterly,-0.3688493831395172,188,普通,12,12,-0.36890170375846154,-0.3689060638100403,5.232061894433482e-05,,False,cadence=quarterly,1,-0.3699808195928247,0.0010791158343631535
0.1,0.6,0.3,0.0,monthly,-0.3705669078671181,420,普通,9,9,-0.36971637172150823,-0.36962186770532934,-0.0008505361456098703,,False,cadence=monthly,1,-0.3685921735321076,-0.001124198189400627
0.1,0.6,0.3,0.0,quarterly,-0.3693895605253664,141,普通,9,9,-0.3685921735321076,-0.36850357497730113,-0.0007973869932588196,,False,cadence=quarterly,1,-0.36971637172150823,0.001124198189400627
0.1,0.7,0.0,0.2,monthly,-0.37571350281131133,420,普通,9,9,-0.3750387121213271,-0.3749637353779956,-0.0006747906899842171,,False,cadence=monthly,1,-0.3741470448229857,-0.000891667298341392
0.1,0.7,0.0,0.2,quarterly,-0.3748551795952605,141,普通,9,9,-0.3741470448229857,-0.37406836318162184,-0.0007081347722747711,,False,cadence=quarterly,1,-0.3750387121213271,0.000891667298341392
0.1,0.7,0.1,0.1,monthly,-0.3763008381963152,560,普通,12,12,-0.3762914060694912,-0.3762906200589225,-9.432126824027165e-06,,False,cadence=monthly,1,-0.375397640413923,-0.0008937656555682016
0.1,0.7,0.1,0.1,quarterly,-0.37538591749587724,188,普通,12,12,-0.375397640413923,-0.3753986173237602,1.1722918045742325e-05,,False,cadence=quarterly,1,-0.3762914060694912,0.0008937656555682016
0.1,0.7,0.2,0.0,monthly,-0.37688860285284864,420,普通,9,9,-0.37598021884828386,-0.37587928729222114,-0.0009083840045647773,,False,cadence=monthly,1,-0.374998756631262,-0.000981462217021889
0.1,0.7,0.2,0.0,quarterly,-0.3759142421417474,141,普通,9,9,-0.374998756631262,-0.37489703601898583,-0.0009154855104854254,,False,cadence=quarterly,1,-0.37598021884828386,0.000981462217021889
0.1,0.8,0.0,0.1,monthly,-0.3825850177009913,420,普通,9,9,-0.3819154055909566,-0.38184100424539724,-0.0006696121100346897,,False,cadence=monthly,1,-0.3812772573997396,-0.0006381481912169917
0.1,0.8,0.0,0.1,quarterly,-0.38199582532366827,141,普通,9,9,-0.3812772573997396,-0.3811974165193031,-0.0007185679239286591,,False,cadence=quarterly,1,-0.3819154055909566,0.0006381481912169917
0.1,0.8,0.1,0.0,monthly,-0.38316862963426646,420,普通,9,9,-0.38226650463161704,-0.3821662685202115,-0.0009021250026494121,,False,cadence=monthly,1,-0.3815900261705528,-0.0006764784610642227
0.1,0.8,0.1,0.0,quarterly,-0.38251199673717173,141,普通,9,9,-0.3815900261705528,-0.38148758499648405,-0.0009219705666189126,,False,cadence=quarterly,1,-0.38226650463161704,0.0006764784610642227
0.1,0.9,0.0,0.0,monthly,-0.38940724207847877,280,普通,6,5,-0.38594375955049465,-0.3852510630448978,-0.0034634825279841186,,False,cadence=monthly,1,-0.3854749407973665,-0.0004688187531281529
0.1,0.9,0.0,0.0,quarterly,-0.3891840587924096,94,普通,6,5,-0.3854749407973665,-0.3847331171983579,-0.0037091179950430875,,False,cadence=quarterly,1,-0.38594375955049465,0.0004688187531281529
0.2,0.0,0.0,0.8,monthly,-0.3328234535319903,280,平原,6,6,-0.33447057330646857,-0.33474509326888163,0.0016471197744782895,,False,cadence=monthly,1,-0.3343580622387492,-0.00011251106771936747
0.2,0.0,0.0,0.8,quarterly,-0.33279661369363034,94,平原,6,6,-0.3343580622387492,-0.3346183036629357,0.0015614485451188598,,False,cadence=quarterly,1,-0.33447057330646857,0.00011251106771936747
0.2,0.0,0.1,0.7,monthly,-0.33370922195261743,420,平原,9,9,-0.33526682933376695,-0.3354398968205613,0.0015576073811495172,,False,cadence=monthly,1,-0.33515692738931513,-0.00010990194445181789
0.2,0.0,0.1,0.7,quarterly,-0.3336990221583789,141,平原,9,9,-0.33515692738931513,-0.33531891685941917,0.0014579052309362517,,False,cadence=quarterly,1,-0.33526682933376695,0.00010990194445181789
0.2,0.0,0.2,0.6,monthly,-0.3345941953912127,420,平原,9,9,-0.33615102650424866,-0.33632400773903043,0.0015568311130359502,,False,cadence=monthly,1,-0.3360528032684384,-9.82232358102686e-05
0.2,0.0,0.2,0.6,quarterly,-0.33459665508976744,141,平原,9,9,-0.3360528032684384,-0.3362145975105129,0.0014561481786709574,,False,cadence=quarterly,1,-0.33615102650424866,9.82232358102686e-05
0.2,0.0,0.3,0.5,monthly,-0.3354829091491751,420,平原,9,9,-0.337073844218727,-0.3372506147820105,0.0015909350695518798,,False,cadence=monthly,1,-0.3369846481472069,-8.919607152008124e-05
0.2,0.0,0.3,0.5,quarterly,-0.335496259440098,141,平原,9,9,-0.3369846481472069,-0.337150024670219,0.0014883887071089341,,False,cadence=quarterly,1,-0.337073844218727,8.919607152008124e-05
0.2,0.0,0.4,0.4,monthly,-0.336544422030698,420,普通,9,9,-0.3380760048649464,-0.33824618073541846,0.0015315828342483684,,False,cadence=monthly,1,-0.33799329942984147,-8.27054351049128e-05
0.2,0.0,0.4,0.4,quarterly,-0.33656397851362396,141,普通,9,9,-0.33799329942984147,-0.3381521128649767,0.0014293209162175025,,False,cadence=quarterly,1,-0.3380760048649464,8.27054351049128e-05
0.2,0.0,0.5,0.3,monthly,-0.3376041427095319,420,普通,9,9,-0.3391341467881161,-0.33930414724129215,0.001530004078584224,,False,cadence=monthly,1,-0.3390524169380025,-8.1729850113621e-05
0.2,0.0,0.5,0.3,quarterly,-0.33762551871056934,141,普通,9,9,-0.3390524169380025,-0.339210961185495,0.0014268982274331377,,False,cadence=quarterly,1,-0.3391341467881161,8.1729850113621e-05
0.2,0.0,0.6,0.2,monthly,-0.33866207921629876,420,普通,9,9,-0.340190509307383,-0.340360334873059,0.0015284300910842208,,False,cadence=monthly,1,-0.34010541306880504,-8.509623857794191e-05
0.2,0.0,0.6,0.2,quarterly,-0.33868093351180695,141,普通,9,9,-0.34010541306880504,-0.34026368857513817,0.0014244795569980928,,False,cadence=quarterly,1,-0.340190509307383,8.509623857794191e-05
0.2,0.0,0.7,0.1,monthly,-0.3397182395337104,420,普通,9,9,-0.34124510038389966,-0.3414147515894762,0.001526860850189271,,False,cadence=monthly,1,-0.3411523407396453,-9.275964425436989e-05
0.2,0.0,0.7,0.1,quarterly,-0.33973027578278436,141,普通,9,9,-0.3411523407396453,-0.34131034795707427,0.0014220649568609245,,False,cadence=quarterly,1,-0.34124510038389966,9.275964425436989e-05
0.2,0.0,0.8,0.0,monthly,-0.3407726315969297,280,普通,6,6,-0.34182916773066524,-0.3420052570862879,0.0010565361337355195,,False,cadence=monthly,1,-0.3417337745990214,-9.539313164386165e-05
0.2,0.0,0.8,0.0,quarterly,-0.3407735977823526,94,普通,6,6,-0.3417337745990214,-0.3418938040684661,0.0009601768166687674,,False,cadence=quarterly,1,-0.34182916773066524,9.539313164386165e-05
0.2,0.1,0.0,0.7,monthly,-0.3386189755843395,420,普通,9,9,-0.33820916098148096,-0.3381636260256078,-0.0004098146028585492,,False,cadence=monthly,1,-0.337909319444766,-0.00029984153671497316
0.2,0.1,0.0,0.7,quarterly,-0.3382713414392665,141,普通,9,9,-0.337909319444766,-0.33786909477871035,-0.00036202199450052763,,False,cadence=quarterly,1,-0.33820916098148096,0.00029984153671497316
0.2,0.1,0.1,0.6,monthly,-0.33950037055221904,560,普通,12,12,-0.33949665564037057,-0.33949634606438317,-3.714911848473612e-06,,False,cadence=monthly,1,-0.33917594930754913,-0.000320706332821441
0.2,0.1,0.1,0.6,quarterly,-0.3391638622217863,188,普通,12,12,-0.33917594930754913,-0.33917695656469604,1.2087085762835237e-05,,False,cadence=quarterly,1,-0.33949665564037057,0.000320706332821441
0.2,0.1,0.2,0.5,monthly,-0.340380981973612,560,普通,12,12,-0.34037981896124553,-0.34037972204354827,-1.1630123664674308e-06,,False,cadence=monthly,1,-0.3400668108135653,-0.0003130081476802049
0.2,0.1,0.2,0.5,quarterly,-0.3400516351957812,188,普通,12,12,-0.3400668108135653,-0.3400680754483807,1.5175617784135564e-05,,False,cadence=quarterly,1,-0.34037981896124553,0.0003130081476802049
0.2,0.1,0.3,0.4,monthly,-0.341289386384519,560,普通,12,12,-0.34132055148399565,-0.3413231485756187,3.1165099476648805e-05,,False,cadence=monthly,1,-0.3410134876710007,-0.00030706381299494545
0.2,0.1,0.3,0.4,quarterly,-0.34096873723182686,188,普通,12,12,-0.3410134876710007,-0.34101721687426517,4.4750439173846246e-05,,False,cadence=quarterly,1,-0.34132055148399565,0.00030706381299494545
0.2,0.1,0.4,0.3,monthly,-0.3423447885504075,560,普通,12,12,-0.34234119547924924,-0.3423408960566527,-3.5930711582699004e-06,,False,cadence=monthly,1,-0.3420377814057542,-0.00030341407349504523
0.2,0.1,0.4,0.3,quarterly,-0.3420259799616351,188,普通,12,12,-0.3420377814057542,-0.3420387648594308,1.1801444119108329e-05,,False,cadence=quarterly,1,-0.34234119547924924,0.00030341407349504523
0.2,0.1,0.5,0.2,monthly,-0.3433984183242754,560,普通,12,12,-0.3433948316912571,-0.34339453280517224,-3.5866330183043083e-06,,False,cadence=monthly,1,-0.34308882818966785,-0.00030600350158926926
0.2,0.1,0.5,0.2,quarterly,-0.34307707309811597,188,普通,12,12,-0.34308882818966785,-0.34308980778063053,1.175509155187937e-05,,False,cadence=quarterly,1,-0.3433948316912571,0.00030600350158926926
0.2,0.1,0.6,0.1,monthly,-0.3444502836411363,560,普通,12,12,-0.3444467034226409,-0.34444640507109964,-3.580218495391474e-06,,False,cadence=monthly,1,-0.3441337790899931,-0.0003129243326477904
0.2,0.1,0.6,0.1,quarterly,-0.34412207014057117,188,普通,12,12,-0.3441337790899931,-0.34413475483577827,1.1708949421929127e-05,,False,cadence=quarterly,1,-0.3444467034226409,0.0003129243326477904
0.2,0.1,0.7,0.0,monthly,-0.3455003923887092,420,普通,9,9,-0.3447120978189061,-0.3446245095333724,-0.0007882945698031163,,False,cadence=monthly,1,-0.34442079804676917,-0.0002912997721369326
0.2,0.1,0.7,0.0,quarterly,-0.3451610239695301,141,普通,9,9,-0.34442079804676917,-0.3443385507220179,-0.0007402259227609065,,False,cadence=quarterly,1,-0.3447120978189061,0.0002912997721369326
0.2,0.2,0.0,0.6,monthly,-0.3443943580334814,420,普通,9,9,-0.3439854328632686,-0.34393999673324493,-0.00040892517021279273,,False,cadence=monthly,1,-0.3434313293944887,-0.0005541034687798763
0.2,0.2,0.0,0.6,quarterly,-0.3438037057985457,141,普通,9,9,-0.3434313293944887,-0.3433899542384824,-0.00037237640405696215,,False,cadence=quarterly,1,-0.3439854328632686,0.0005541034687798763
0.2,0.2,0.1,0.5,monthly,-0.3452714116261608,560,普通,12,12,-0.34526770324857853,-0.3452673942171134,-3.7083775822899234e-06,,False,cadence=monthly,1,-0.3446984103391738,-0.0005692929094047172
0.2,0.2,0.1,0.5,quarterly,-0.34468608056658634,188,普通,12,12,-0.3446984103391738,-0.3446994378202228,1.2329772587471588e-05,,False,cadence=quarterly,1,-0.34526770324857853,0.0005692929094047172
0.2,0.2,0.2,0.4,monthly,-0.3461476930099793,560,普通,12,12,-0.34615019960151056,-0.3461504084841382,2.5065915312816323e-06,,False,cadence=monthly,1,-0.345583344607376,-0.000566854994134558
0.2,0.2,0.2,0.4,quarterly,-0.3455637369226632,188,普通,12,12,-0.345583344607376,-0.34558497858110204,1.960768471281904e-05,,False,cadence=quarterly,1,-0.34615019960151056,0.000566854994134558
0.2,0.2,0.3,0.3,monthly,-0.34707535755442365,560,普通,12,12,-0.3470970365614363,-0.34709884314535405,2.1679007012664897e-05,,False,cadence=monthly,1,-0.34653229362290333,-0.0005647429385329805
0.2,0.2,0.3,0.3,quarterly,-0.34649790515362267,188,普通,12,12,-0.34653229362290333,-0.34653515932867673,3.438846928066619e-05,,False,cadence=quarterly,1,-0.3470970365614363,0.0005647429385329805
0.2,0.2,0.4,0.2,monthly,-0.3481246902135978,560,普通,12,12,-0.34812110388356987,-0.34812080502273424,-3.5863300279492805e-06,,False,cadence=monthly,1,-0.34755643920532214,-0.0005646646782477283
0.2,0.2,0.4,0.2,quarterly,-0.3475443971243477,188,普通,12,12,-0.34755643920532214,-0.34755744271207,1.2042080974439262e-05,,False,cadence=quarterly,1,-0.34812110388356987,0.0005646646782477283
0.2,0.2,0.5,0.1,monthly,-0.3491722701342178,560,普通,12,12,-0.34916869021618574,-0.34916839188968307,-3.5799180320705837e-06,,False,cadence=monthly,1,-0.3485967646624658,-0.0005719255537199319
0.2,0.2,0.5,0.1,quarterly,-0.3485847706909666,188,普通,12,12,-0.3485967646624658,-0.34859776416009075,1.1993971499202338e-05,,False,cadence=quarterly,1,-0.34916869021618574,0.0005719255537199319
0.2,0.2,0.6,0.0,monthly,-0.35021810515656204,420,普通,9,9,-0.3494318828998645,-0.3493445248713425,-0.0007862222566975552,,False,cadence=monthly,1,-0.3488712068786364,-0.0005606760212281126
0.2,0.2,0.6,0.0,quarterly,-0.34961907935473313,141,普通,9,9,-0.3488712068786364,-0.34878810993684783,-0.0007478724760967559,,False,cadence=quarterly,1,-0.3494318828998645,0.0005606760212281126
0.2,0.3,0.0,0.5,monthly,-0.35014965101323403,420,普通,9,9,-0.34980113851523303,-0.34976241490434407,-0.0003485124980009968,,False,cadence=monthly,1,-0.3490449135099511,-0.0007562250052819408
0.2,0.3,0.0,0.5,quarterly,-0.3493946217644358,141,普通,9,9,-0.3490449135099511,-0.34900605703723053,-0.0003497082544847152,,False,cadence=quarterly,1,-0.34980113851523303,0.0007562250052819408
0.2,0.3,0.1,0.4,monthly,-0.35102239516677036,560,普通,12,12,-0.35106914089352925,-0.3510730363707592,4.6745726758889994e-05,,False,cadence=monthly,1,-0.35030831744664526,-0.0007608234468839958
0.2,0.3,0.1,0.4,quarterly,-0.35026658562980206,188,普通,12,12,-0.35030831744664526,-0.3503117950980488,4.173181684319349e-05,,False,cadence=quarterly,1,-0.35106914089352925,0.0007608234468839958
0.2,0.3,0.2,0.3,monthly,-0.35189437835173987,560,普通,12,12,-0.35191992213855544,-0.35192205078745675,2.55437868155739e-05,,False,cadence=monthly,1,-0.3511654862349587,-0.0007544359035967507
0.2,0.3,0.2,0.3,quarterly,-0.3511338622131287,188,普通,12,12,-0.3511654862349587,-0.3511681215701112,3.1624021829990134e-05,,False,cadence=quarterly,1,-0.35191992213855544,0.0007544359035967507
0.2,0.3,0.3,0.2,monthly,-0.35284087575623535,560,普通,12,12,-0.3528578522076703,-0.35285926691195657,1.697645143494686e-05,,False,cadence=monthly,1,-0.3521106708802181,-0.0007471813274522177
0.2,0.3,0.3,0.2,quarterly,-0.3520846486828454,188,普通,12,12,-0.3521106708802181,-0.3521128393966659,2.6022197372688183e-05,,False,cadence=quarterly,1,-0.3528578522076703,0.0007471813274522177
0.2,0.3,0.4,0.1,monthly,-0.3538841799317276,560,普通,12,12,-0.3538806003108051,-0.3538803020090615,-3.579620922511406e-06,,False,cadence=monthly,1,-0.35313239692991605,-0.0007482033808890454
0.2,0.3,0.4,0.1,quarterly,-0.35312010859591847,188,普通,12,12,-0.35313239692991605,-0.3531334209577492,1.2288333997578782e-05,,False,cadence=quarterly,1,-0.3538806003108051,0.0007482033808890454
0.2,0.3,0.5,0.0,monthly,-0.35492575086589606,420,普通,9,9,-0.35414160039004816,-0.35405447255939837,-0.0007841504758479001,,False,cadence=monthly,1,-0.3533938142606444,-0.000747786129403738
0.2,0.3,0.5,0.0,quarterly,-0.3541494832701222,141,普通,9,9,-0.3533938142606444,-0.3533098510373691,-0.0007556690094777663,,False,cadence=quarterly,1,-0.35414160039004816,0.000747786129403738
0.2,0.4,0.0,0.4,monthly,-0.3563478867608241,420,普通,9,9,-0.3559549389847859,-0.35591127812078166,-0.000392947776038155,,False,cadence=monthly,1,-0.35504396612675265,-0.0009109728580332654
0.2,0.4,0.0,0.4,quarterly,-0.3553467621476194,141,普通,9,9,-0.35504396612675265,-0.3550103221244341,-0.00030279602086674684,,False,cadence=quarterly,1,-0.3559549389847859,0.0009109728580332654
0.2,0.4,0.1,0.3,monthly,-0.3569462074845714,560,普通,12,12,-0.3572674567953577,-0.35729422757125656,0.00032124931078630903,,False,cadence=monthly,1,-0.356348446050717,-0.0009190107446406803
0.2,0.4,0.1,0.3,quarterly,-0.3559835643935957,188,普通,12,12,-0.356348446050717,-0.3563788528554772,0.0003648816571213409,,False,cadence=quarterly,1,-0.3572674567953577,0.0009190107446406803
0.2,0.4,0.2,0.2,monthly,-0.35766852365158996,560,普通,12,12,-0.3580112544913025,-0.3580398153946119,0.00034273083971253504,,False,cadence=monthly,1,-0.3570955424512897,-0.0009157120400127838
0.2,0.4,0.2,0.2,quarterly,-0.3567629320991049,188,普通,12,12,-0.3570955424512897,-0.35712325998063843,0.0003326103521847923,,False,cadence=quarterly,1,-0.3580112544913025,0.0009157120400127838
0.2,0.4,0.3,0.1,monthly,-0.35858599390414003,560,普通,12,12,-0.3588360433952037,-0.3588568808527923,0.00025004949106366414,,False,cadence=monthly,1,-0.35792256477008194,-0.0009134786251217553
0.2,0.4,0.3,0.1,quarterly,-0.3577298718344446,188,普通,12,12,-0.35792256477008194,-0.35793862251471836,0.0001926929356373397,,False,cadence=quarterly,1,-0.3588360433952037,0.0009134786251217553
0.2,0.4,0.4,0.0,monthly,-0.3596233104340134,420,普通,9,9,-0.3589485172951707,-0.3588735402797438,-0.000674793138842722,,False,cadence=monthly,1,-0.35804921210203056,-0.0008993051931401319
0.2,0.4,0.4,0.0,quarterly,-0.3587540113095038,141,普通,9,9,-0.35804921210203056,-0.35797090107897794,-0.000704799207473239,,False,cadence=quarterly,1,-0.3589485172951707,0.0008993051931401319
0.2,0.5,0.0,0.3,monthly,-0.3633567365332191,420,普通,9,9,-0.362672943840871,-0.3625969668750545,-0.0006837926923480842,,False,cadence=monthly,1,-0.3616778726222244,-0.0009950712186466149
0.2,0.5,0.0,0.3,quarterly,-0.36236154868304427,141,普通,9,9,-0.3616778726222244,-0.3616019086154666,-0.0006836760608198711,,False,cadence=quarterly,1,-0.362672943840871,0.0009950712186466149
0.2,0.5,0.1,0.2,monthly,-0.363951165232251,560,普通,12,12,-0.3639521225812864,-0.3639522023603727,9.573490353798064e-07,,False,cadence=monthly,1,-0.3629642924649857,-0.0009878301163007142
0.2,0.5,0.1,0.2,quarterly,-0.3629177770258818,188,普通,12,12,-0.3629642924649857,-0.3629681687515776,4.651543910388911e-05,,False,cadence=quarterly,1,-0.3639521225812864,0.0009878301163007142
0.2,0.5,0.2,0.1,monthly,-0.36454601350048865,560,普通,12,12,-0.36459236984436316,-0.3645962328730194,4.63563438745096e-05,,False,cadence=monthly,1,-0.36358483851951084,-0.0010075313248523177
0.2,0.5,0.2,0.1,quarterly,-0.3634714896496938,188,普通,12,12,-0.36358483851951084,-0.3635942842586623,0.00011334886981706482,,False,cadence=quarterly,1,-0.36459236984436316,0.0010075313248523177
0.2,0.5,0.3,0.0,monthly,-0.3651412803208116,420,普通,9,9,-0.3643967411062943,-0.36431401452690343,-0.0007445392145173368,,False,cadence=monthly,1,-0.36337941249884004,-0.0010173286074542376
0.2,0.5,0.3,0.0,quarterly,-0.3640227035831767,141,普通,9,9,-0.36337941249884004,-0.3633079357116915,-0.0006432910843366391,,False,cadence=quarterly,1,-0.3643967411062943,0.0010173286074542376
0.2,0.6,0.0,0.2,monthly,-0.37031516855272417,420,普通,9,9,-0.3696366197077071,-0.36956122539159414,-0.0006785488450170574,,False,cadence=monthly,1,-0.3687221189456028,-0.0009145007621043089
0.2,0.6,0.0,0.2,quarterly,-0.36942267937992534,141,普通,9,9,-0.3687221189456028,-0.36864427889734475,-0.0007005604343225391,,False,cadence=quarterly,1,-0.3696366197077071,0.0009145007621043089
0.2,0.6,0.1,0.1,monthly,-0.37090576810555154,560,普通,12,12,-0.37089628831354265,-0.3708954983308752,-9.479792008881827e-06,,False,cadence=monthly,1,-0.3699763044656817,-0.0009199838478609612
0.2,0.6,0.1,0.1,quarterly,-0.3699646839039795,188,普通,12,12,-0.3699763044656817,-0.36997727284582355,1.1620561702174736e-05,,False,cadence=quarterly,1,-0.37089628831354265,0.0009199838478609612
0.2,0.6,0.2,0.0,monthly,-0.3714967922083696,420,普通,9,9,-0.3705833613669586,-0.3704818690512462,-0.0009134308414110448,,False,cadence=monthly,1,-0.3695917524473499,-0.0009916089196086997
0.2,0.6,0.2,0.0,quarterly,-0.37050422897976787,141,普通,9,9,-0.3695917524473499,-0.36949036616597014,-0.000912476532417994,,False,cadence=quarterly,1,-0.3705833613669586,0.0009916089196086997
0.2,0.7,0.0,0.1,monthly,-0.3772236130784312,420,普通,9,9,-0.3765502677537438,-0.3764754516065563,-0.0006733453246874355,,False,cadence=monthly,1,-0.37581970472515847,-0.0007305630285853182
0.2,0.7,0.0,0.1,quarterly,-0.37653061502910945,141,普通,9,9,-0.37581970472515847,-0.37574071469138615,-0.0007109103039509845,,False,cadence=quarterly,1,-0.3765502677537438,0.0007305630285853182
0.2,0.7,0.1,0.0,monthly,-0.37781044548113873,420,普通,9,9,-0.3769033096058162,-0.37680251673078036,-0.00090713587532254,,False,cadence=monthly,1,-0.37613927211677023,-0.0007640374890459656
0.2,0.7,0.1,0.0,quarterly,-0.3770581948798052,141,普通,9,9,-0.37613927211677023,-0.3760371695875441,-0.0009189227630349572,,False,cadence=quarterly,1,-0.3769033096058162,0.0007640374890459656
0.2,0.8,0.0,0.0,monthly,-0.38408249548761586,280,普通,6,6,-0.3818583160769446,-0.38148761950849946,-0.0022241794106712676,,False,cadence=monthly,1,-0.38131096771670997,-0.000547348360234623
0.2,0.8,0.0,0.0,quarterly,-0.38368582255049566,94,普通,6,6,-0.38131096771670997,-0.38091515857774566,-0.002374854833785689,,False,cadence=quarterly,1,-0.3818583160769446,0.000547348360234623
0.3,0.0,0.0,0.7,monthly,-0.33374179587352315,280,平原,6,6,-0.33538820345697,-0.3356626047208778,0.0016464075834468628,,False,cadence=monthly,1,-0.33527149550398566,-0.00011670795298435177
0.3,0.0,0.0,0.7,quarterly,-0.33370646892195077,94,平原,6,6,-0.33527149550398566,-0.33553233326765824,0.0015650265820348896,,False,cadence=quarterly,1,-0.33538820345697,0.00011670795298435177
0.3,0.0,0.1,0.6,monthly,-0.3346275537387917,420,平原,9,9,-0.336184563733792,-0.33635756484434765,0.0015570099950003025,,False,cadence=monthly,1,-0.33607108415775455,-0.00011347957603746739
0.3,0.0,0.1,0.6,quarterly,-0.3346084566346378,141,平原,9,9,-0.33607108415775455,-0.33623359832698974,0.0014626275231167662,,False,cadence=quarterly,1,-0.336184563733792,0.00011347957603746739
0.3,0.0,0.2,0.5,monthly,-0.3355125171292669,420,平原,9,9,-0.33708594324382324,-0.33726076836766283,0.0015734261145563533,,False,cadence=monthly,1,-0.33698376909635797,-0.00010217414746527265
0.3,0.0,0.2,0.5,quarterly,-0.3355056604977643,141,平原,9,9,-0.33698376909635797,-0.3371480033850906,0.0014781085985936526,,False,cadence=quarterly,1,-0.33708594324382324,0.00010217414746527265
0.3,0.0,0.3,0.4,monthly,-0.3365149051564994,420,普通,9,9,-0.33805682859004954,-0.33822815341599954,0.0015419234335501408,,False,cadence=monthly,1,-0.33796370038297524,-9.312820707430003e-05
0.3,0.0,0.3,0.4,quarterly,-0.336517937733288,141,普通,9,9,-0.33796370038297524,-0.3381243406773849,0.0014457626496872655,,False,cadence=quarterly,1,-0.33805682859004954,9.312820707430003e-05
0.3,0.0,0.4,0.3,monthly,-0.3375757034154129,420,普通,9,9,-0.33910647202905086,-0.33927655743056623,0.0015307686136379894,,False,cadence=monthly,1,-0.3390187579020082,-8.771412704267068e-05
0.3,0.0,0.4,0.3,quarterly,-0.3375848493204756,141,普通,9,9,-0.3390187579020082,-0.33917808107773406,0.0014339085815325836,,False,cadence=quarterly,1,-0.33910647202905086,8.771412704267068e-05
0.3,0.0,0.5,0.2,monthly,-0.3386347129941718,420,普通,9,9,-0.34016390531084073,-0.34033381556824843,0.0015291923166689259,,False,cadence=monthly,1,-0.3400770404901496,-8.686482069114598e-05
0.3,0.0,0.5,0.2,quarterly,-0.33864557423063435,141,普通,9,9,-0.3400770404901496,-0.34023609229676244,0.001431466259515235,,False,cadence=quarterly,1,-0.34016390531084073,8.686482069114598e-05
0.3,0.0,0.6,0.1,monthly,-0.3396919419014207,420,普通,9,9,-0.34121956267816567,-0.3413892983200262,0.0015276207767449534,,False,cadence=monthly,1,-0.34112919418553456,-9.036849263110991e-05
0.3,0.0,0.6,0.1,quarterly,-0.3397001661200212,141,普通,9,9,-0.34112919418553456,-0.34128797508170267,0.0014290280655133714,,False,cadence=quarterly,1,-0.34121956267816567,9.036849263110991e-05
0.3,0.0,0.7,0.0,monthly,-0.340747398098067,280,普通,6,6,-0.34180427626916693,-0.34198042263101697,0.0010568781710999509,,False,cadence=monthly,1,-0.34171354161007733,-9.073465908959744e-05
0.3,0.0,0.7,0.0,quarterly,-0.34074867802620956,94,普通,6,6,-0.34171354161007733,-0.34187435220738865,0.0009648635838677699,,False,cadence=quarterly,1,-0.34180427626916693,9.073465908959744e-05
0.3,0.1,0.0,0.6,monthly,-0.3395355617083773,420,普通,9,9,-0.3391258504253345,-0.33908032694944085,-0.0004097112830427907,,False,cadence=monthly,1,-0.33883396724991766,-0.0002918831754168405
0.3,0.1,0.0,0.6,quarterly,-0.3391981919083952,141,普通,9,9,-0.33883396724991766,-0.33879349784342017,-0.00036422465847751884,,False,cadence=quarterly,1,-0.3391258504253345,0.0002918831754168405
0.3,0.1,0.1,0.5,monthly,-0.34041695094316227,560,普通,12,12,-0.3404132384847958,-0.3404129291132653,-3.7124583664449595e-06,,False,cadence=monthly,1,-0.3401023825124866,-0.0003108559723092319
0.3,0.1,0.1,0.5,quarterly,-0.3400902223000585,188,普通,12,12,-0.3401023825124866,-0.3401033958635223,1.2160212428113937e-05,,False,cadence=quarterly,1,-0.3404132384847958,0.0003108559723092319
0.3,0.1,0.2,0.4,monthly,-0.34129755711948906,560,普通,12,12,-0.34132606745242494,-0.3413284433135029,2.8510332935882676e-05,,False,cadence=monthly,1,-0.34102295757658474,-0.00030310987584020177
0.3,0.1,0.2,0.4,quarterly,-0.34097749695641033,188,普通,12,12,-0.34102295757658474,-0.3410267459615992,4.5460620174408994e-05,,False,cadence=quarterly,1,-0.34132606745242494,0.00030310987584020177
0.3,0.1,0.3,0.3,monthly,-0.3423185007220497,560,普通,12,12,-0.3423185083107303,-0.3423185089431204,7.588680572823137e-09,,False,cadence=monthly,1,-0.3420217794321804,-0.00029672887854992336
0.3,0.1,0.3,0.3,quarterly,-0.34200686846909656,188,普通,12,12,-0.3420217794321804,-0.34202302201243734,1.491096308381401e-05,,False,cadence=quarterly,1,-0.3423185083107303,0.00029672887854992336
0.3,0.1,0.4,0.2,monthly,-0.3433731979212883,560,普通,12,12,-0.34336960808090455,-0.3433693089275393,-3.5898403837331117e-06,,False,cadence=monthly,1,-0.343075101816135,-0.0002945062647695673
0.3,0.1,0.4,0.2,quarterly,-0.343063230132171,188,普通,12,12,-0.343075101816135,-0.34307609112313203,1.1871683963993185e-05,,False,cadence=quarterly,1,-0.34336960808090455,0.0002945062647695673
0.3,0.1,0.5,0.1,monthly,-0.34442612620385216,560,普通,12,12,-0.34442254278982803,-0.3444222441719927,-3.583414024121989e-06,,False,cadence=monthly,1,-0.34412525970473334,-0.0002972830850946906
0.3,0.1,0.5,0.1,quarterly,-0.34411343484974977,188,普通,12,12,-0.34412525970473334,-0.3441262451093154,1.1824854983577548e-05,,False,cadence=quarterly,1,-0.34442254278982803,0.0002972830850946906
0.3,0.1,0.6,0.0,monthly,-0.3454772934830874,420,普通,9,9,-0.3446884783914796,-0.34460083227018984,-0.0007888150916078307,,False,cadence=monthly,1,-0.3444137237646788,-0.0002747546268007661
0.3,0.1,0.6,0.0,quarterly,-0.3451575362935465,141,普通,9,9,-0.3444137237646788,-0.344331077928138,-0.0007438125288676822,,False,cadence=quarterly,1,-0.3446884783914796,0.0002747546268007661
0.3,0.2,0.0,0.5,monthly,-0.3453092030561089,420,普通,9,9,-0.3449003809716592,-0.34485495629560925,-0.00040882208444970036,,False,cadence=monthly,1,-0.34437322015045446,-0.0005271608212047418
0.3,0.2,0.0,0.5,quarterly,-0.34474786016304215,141,普通,9,9,-0.34437322015045446,-0.3443315934823892,-0.0003746400125876903,,False,cadence=quarterly,1,-0.3449003809716592,0.0005271608212047418
0.3,0.2,0.1,0.4,monthly,-0.3461862556919356,560,普通,12,12,-0.3461825497587425,-0.34618224093097644,-3.705933193098865e-06,,False,cadence=monthly,1,-0.34564207759667076,-0.000540472162071759
0.3,0.2,0.1,0.4,quarterly,-0.34562967276119005,188,普通,12,12,-0.34564207759667076,-0.3456431113329608,1.2404835480706033e-05,,False,cadence=quarterly,1,-0.3461825497587425,0.000540472162071759
0.3,0.2,0.2,0.3,monthly,-0.34706253658792086,560,普通,12,12,-0.3471008966634235,-0.34710409333638204,3.836007550261922e-05,,False,cadence=monthly,1,-0.3465645452429975,-0.0005363514204259623
0.3,0.2,0.2,0.3,quarterly,-0.34650675942928955,188,普通,12,12,-0.3465645452429975,-0.34656936072747313,5.778581370796676e-05,,False,cadence=quarterly,1,-0.3471008966634235,0.0005363514204259623
0.3,0.2,0.3,0.2,monthly,-0.3481016110782498,560,普通,12,12,-0.34809889230770696,-0.348098665743495,-2.7187705428088904e-06,,False,cadence=monthly,1,-0.347565377776982,-0.0005335145307249767
0.3,0.2,0.3,0.2,quarterly,-0.3475527765144679,188,普通,12,12,-0.347565377776982,-0.3475664278821915,1.2601262514067013e-05,,False,cadence=quarterly,1,-0.34809889230770696,0.0005335145307249767
0.3,0.2,0.4,0.1,monthly,-0.3491502483470522,560,普通,12,12,-0.349146665234625,-0.3491463666419228,-3.5831124272078796e-06,,False,cadence=monthly,1,-0.34861042581605733,-0.0005362394185676744
0.3,0.2,0.4,0.1,quarterly,-0.34859831167106736,188,普通,12,12,-0.34861042581605733,-0.34861143532813993,1.2114144989971987e-05,,False,cadence=quarterly,1,-0.349146665234625,0.0005362394185676744
0.3,0.2,0.5,0.0,monthly,-0.350197136305903,420,普通,9,9,-0.34941039535821383,-0.34932297969735954,-0.0007867409476891574,,False,cadence=monthly,1,-0.3488861880482467,-0.0005242073099671063
0.3,0.2,0.5,0.0,quarterly,-0.3496377215408848,141,普通,9,9,-0.3488861880482467,-0.34880268432684247,-0.0007515334926380679,,False,cadence=quarterly,1,-0.34941039535821383,0.0005242073099671063
0.3,0.3,0.0,0.4,monthly,-0.35106276998258445,420,普通,9,9,-0.35085352328310415,-0.35083027364982855,-0.00020924669948030328,,False,cadence=monthly,1,-0.35012767402728334,-0.0007258492558208096
0.3,0.3,0.0,0.4,quarterly,-0.3503563956539174,141,普通,9,9,-0.35012767402728334,-0.3501022605132129,-0.00022872162663406526,,False,cadence=quarterly,1,-0.35085352328310415,0.0007258492558208096
0.3,0.3,0.1,0.3,monthly,-0.3519355179097695,560,普通,12,12,-0.352140329437451,-0.3521573970647578,0.00020481152768148103,,False,cadence=monthly,1,-0.3513973243236126,-0.000743005113838402
0.3,0.3,0.1,0.3,quarterly,-0.3512277233625616,188,普通,12,12,-0.3513973243236126,-0.35141145773703353,0.00016960096105100853,,False,cadence=quarterly,1,-0.352140329437451,0.000743005113838402
0.3,0.3,0.2,0.2,monthly,-0.35281993331455175,560,普通,12,12,-0.3529765915238574,-0.3529896463746329,0.0001566582093056601,,False,cadence=monthly,1,-0.3522436628495308,-0.0007329286743266161
0.3,0.3,0.2,0.2,quarterly,-0.35211598263214605,188,普通,12,12,-0.3522436628495308,-0.3522543028676462,0.00012768021738474022,,False,cadence=quarterly,1,-0.3529765915238574,0.0007329286743266161
0.3,0.3,0.3,0.1,monthly,-0.3538642892273943,560,普通,12,12,-0.3539070978197323,-0.35391066520242714,4.280859233796175e-05,,False,cadence=monthly,1,-0.35319400360551195,-0.0007130942142203334
0.3,0.3,0.3,0.1,quarterly,-0.35315655366911924,188,普通,12,12,-0.35319400360551195,-0.35319712443354473,3.744993639270833e-05,,False,cadence=quarterly,1,-0.3539070978197323,0.0007130942142203334
0.3,0.3,0.4,0.0,monthly,-0.3549069075096064,420,普通,9,9,-0.3541304064830153,-0.35404412859117185,-0.0007765010265911032,,False,cadence=monthly,1,-0.35343157215102444,-0.0006988343319908608
0.3,0.3,0.4,0.0,quarterly,-0.3541909787870282,141,普通,9,9,-0.35343157215102444,-0.35334719363591294,-0.0007594066360037677,,False,cadence=quarterly,1,-0.3541304064830153,0.0006988343319908608
0.3,0.4,0.0,0.3,monthly,-0.35789370457838254,420,普通,9,9,-0.3572763317179932,-0.3572077347335056,-0.0006173728603893203,,False,cadence=monthly,1,-0.3564074352740174,-0.0008688964439758085
0.3,0.4,0.0,0.3,quarterly,-0.3569834969419593,141,普通,9,9,-0.3564074352740174,-0.3563434284220238,-0.0005760616679418851,,False,cadence=quarterly,1,-0.3572763317179932,0.0008688964439758085
0.3,0.4,0.1,0.2,monthly,-0.35849147238611656,560,普通,12,12,-0.3585879538155862,-0.3585959939347087,9.648142946966365e-05,,False,cadence=monthly,1,-0.35771185842215886,-0.0008760953934273674
0.3,0.4,0.1,0.2,quarterly,-0.3575507569399222,188,普通,12,12,-0.35771185842215886,-0.35772528354567856,0.00016110148223663634,,False,cadence=quarterly,1,-0.3585879538155862,0.0008760953934273674
0.3,0.4,0.2,0.1,monthly,-0.359089654888326,560,普通,12,12,-0.35929419073483077,-0.3593112353887062,0.00020453584650476087,,False,cadence=monthly,1,-0.3584258634260799,-0.0008683273087508603
0.3,0.4,0.2,0.1,quarterly,-0.35811545653913,188,普通,12,12,-0.3584258634260799,-0.3584517306666591,0.0003104068869498877,,False,cadence=quarterly,1,-0.35929419073483077,0.0008683273087508603
0.3,0.4,0.3,0.0,monthly,-0.3596882510784325,420,普通,9,9,-0.3592496641483641,-0.35920093226724537,-0.00043858693006837424,,False,cadence=monthly,1,-0.35838881146306073,-0.0008608526853033927
0.3,0.4,0.3,0.0,quarterly,-0.35881911044145187,141,普通,9,9,-0.35838881146306073,-0.3583410004654617,-0.0004302989783911415,,False,cadence=quarterly,1,-0.3592496641483641,0.0008608526853033927
0.3,0.5,0.0,0.2,monthly,-0.36488951363482724,420,普通,9,9,-0.3642071914055478,-0.36413137782451677,-0.0006823222292794417,,False,cadence=monthly,1,-0.3633193927918308,-0.0008877986137170168
0.3,0.5,0.0,0.2,quarterly,-0.3640124347615372,141,普通,9,9,-0.3633193927918308,-0.36324238812853005,-0.0006930419697064316,,False,cadence=quarterly,1,-0.3642071914055478,0.0008877986137170168
0.3,0.5,0.1,0.1,monthly,-0.3654834077084489,560,普通,12,12,-0.36547387996535685,-0.36547308598676587,-9.527743092041518e-06,,False,cadence=monthly,1,-0.3645771285160936,-0.0008967514492632667
0.3,0.5,0.1,0.1,quarterly,-0.3645656093513435,188,普通,12,12,-0.3645771285160936,-0.3645780884464895,1.1519164750062316e-05,,False,cadence=quarterly,1,-0.36547387996535685,0.0008967514492632667
0.3,0.5,0.2,0.0,monthly,-0.3660777215495462,420,普通,9,9,-0.36515921663851875,-0.3650571605372935,-0.0009185049110274623,,False,cadence=monthly,1,-0.3642209444535342,-0.0009382721849845455
0.3,0.5,0.2,0.0,quarterly,-0.365116278925007,141,普通,9,9,-0.3642209444535342,-0.36412146284559277,-0.0008953344714727751,,False,cadence=quarterly,1,-0.36515921663851875,0.0009382721849845455
0.3,0.6,0.0,0.1,monthly,-0.3718350590456684,420,普通,9,9,-0.37115796541978013,-0.3710827327946814,-0.0006770936258882476,,False,cadence=monthly,1,-0.37038455907348133,-0.0007734063462987995
0.3,0.6,0.0,0.1,quarterly,-0.37108786838915353,141,普通,9,9,-0.37038455907348133,-0.3703064135939622,-0.0007033093156721959,,False,cadence=quarterly,1,-0.37115796541978013,0.0007734063462987995
0.3,0.6,0.1,0.0,monthly,-0.3724251419359348,420,普通,9,9,-0.3715129681764034,-0.37141161553645546,-0.0009121737595313983,,False,cadence=monthly,1,-0.37071086681943244,-0.0008021013569709523
0.3,0.6,0.1,0.0,quarterly,-0.37162675874543816,141,普通,9,9,-0.37071086681943244,-0.3706091010498762,-0.0009158919260057186,,False,cadence=quarterly,1,-0.3715129681764034,0.0008021013569709523
0.3,0.7,0.0,0.0,monthly,-0.3787307690776901,280,普通,6,6,-0.3764942121038179,-0.3761214526081726,-0.0022365569738722058,,False,cadence=monthly,1,-0.3758509647970028,-0.0006432473068150868
0.3,0.7,0.0,0.0,quarterly,-0.37821026070430985,94,普通,6,6,-0.3758509647970028,-0.3754577488124516,-0.0023592959073070463,,False,cadence=quarterly,1,-0.3764942121038179,0.0006432473068150868
0.4,0.0,0.0,0.6,monthly,-0.33466086180915067,280,平原,6,6,-0.33630655776383084,-0.3365808404229442,0.0016456959546801708,,False,cadence=monthly,1,-0.33618899485556825,-0.00011756290826259175
0.4,0.0,0.0,0.6,quarterly,-0.33462037377164056,94,平原,6,6,-0.33618899485556825,-0.3364504317028896,0.0015686210839276904,,False,cadence=quarterly,1,-0.33630655776383084,0.00011756290826259175
0.4,0.0,0.1,0.5,monthly,-0.33554660823959936,420,平原,9,9,-0.33710839081467714,-0.337281922211908,0.0015617825750777747,,False,cadence=monthly,1,-0.336994580445647,-0.00011381036903013175
0.4,0.0,0.1,0.5,quarterly,-0.33552192807316594,141,平原,9,9,-0.336994580445647,-0.3371582084870338,0.0014726523724810647,,False,cadence=quarterly,1,-0.33710839081467714,0.00011381036903013175
0.4,0.0,0.2,0.4,monthly,-0.3364852535974239,420,普通,9,9,-0.3380515120909205,-0.33822554081242007,0.0015662584934966195,,False,cadence=monthly,1,-0.33794882788909153,-0.00010268420182896199
0.4,0.0,0.2,0.4,quarterly,-0.3364714390426081,141,普通,9,9,-0.33794882788909153,-0.3381129822053675,0.0014773888464834073,,False,cadence=quarterly,1,-0.3380515120909205,0.00010268420182896199
0.4,0.0,0.3,0.3,monthly,-0.33754713119596136,420,普通,9,9,-0.33907866545308457,-0.3392488359260983,0.0015315342571232127,,False,cadence=monthly,1,-0.3389847647779981,-9.390067508646682e-05
0.4,0.0,0.3,0.3,quarterly,-0.3375437766245606,141,普通,9,9,-0.3389847647779981,-0.33914487457282444,0.0014409881534375168,,False,cadence=quarterly,1,-0.33907866545308457,9.390067508646682e-05
0.4,0.0,0.4,0.2,monthly,-0.3386072155944877,420,普通,9,9,-0.3401371712401315,-0.3403071663118697,0.001529955645643788,,False,cadence=monthly,1,-0.34004838715531405,-8.878408481743927e-05
0.4,0.0,0.4,0.2,quarterly,-0.3386098653240277,141,普通,9,9,-0.34004838715531405,-0.3402082229143459,0.0014385218312863435,,False,cadence=quarterly,1,-0.3401371712401315,8.878408481743927e-05
0.4,0.0,0.5,0.1,monthly,-0.3396655148276677,420,普通,9,9,-0.3411938966293485,-0.3413637168295353,0.0015283818016808004,,False,cadence=monthly,1,-0.3411058192998875,-8.807732946103375e-05
0.4,0.0,0.5,0.1,quarterly,-0.3396697596039243,141,普通,9,9,-0.3411058192998875,-0.3412653814883278,0.0014360596959631655,,False,cadence=quarterly,1,-0.3411938966293485,8.807732946103375e-05
0.4,0.0,0.6,0.0,monthly,-0.3407220368822441,280,普通,6,6,-0.3417792575314073,-0.34195546097293456,0.001057220649163193,,False,cadence=monthly,1,-0.34169310962244076,-8.614790896654956e-05
0.4,0.0,0.6,0.0,quarterly,-0.3407235132960973,94,普通,6,6,-0.34169310962244076,-0.3418547090101647,0.0009695963263434693,,False,cadence=quarterly,1,-0.3417792575314073,8.614790896654956e-05
0.4,0.1,0.0,0.5,monthly,-0.3404528729541909,420,普通,9,9,-0.34004326470149693,-0.33999775267341975,-0.0004096082526939826,,False,cadence=monthly,1,-0.3397627459815538,-0.0002805187199431125
0.4,0.1,0.0,0.5,quarterly,-0.34012918933985337,141,普通,9,9,-0.3397627459815538,-0.33972203005285384,-0.00036644335829955077,,False,cadence=quarterly,1,-0.34004326470149693,0.0002805187199431125
0.4,0.1,0.1,0.4,monthly,-0.34133425556943175,560,普通,12,12,-0.3413416357345914,-0.3413422507483547,7.3801651596649975e-06,,False,cadence=monthly,1,-0.34104414491144064,-0.0002974908231507811
0.4,0.1,0.1,0.4,quarterly,-0.34102071604365425,188,普通,12,12,-0.34104414491144064,-0.3410460973170895,2.3428867786390306e-05,,False,cadence=quarterly,1,-0.3413416357345914,0.0002974908231507811
0.4,0.1,0.2,0.3,monthly,-0.34229208299623515,560,普通,12,12,-0.3423055178954606,-0.342306637470396,1.3434899225450714e-05,,False,cadence=monthly,1,-0.342016007820047,-0.0002895100754136126
0.4,0.1,0.2,0.3,quarterly,-0.3419875659119702,188,普通,12,12,-0.342016007820047,-0.3420183779790534,2.8441908076770606e-05,,False,cadence=quarterly,1,-0.3423055178954606,0.0002895100754136126
0.4,0.1,0.3,0.2,monthly,-0.343347849357037,560,普通,12,12,-0.34334425630367094,-0.34334395688255714,-3.5930533660577524e-06,,False,cadence=monthly,1,-0.3430612391991874,-0.00028301710448352946
0.4,0.1,0.3,0.2,quarterly,-0.3430492491795304,188,普通,12,12,-0.3430612391991874,-0.34306223836749217,1.1990019657015516e-05,,False,cadence=quarterly,1,-0.34334425630367094,0.00028301710448352946
0.4,0.1,0.4,0.1,monthly,-0.34440184232987736,560,普通,12,12,-0.34439825571473837,-0.34439795683014346,-3.586615138995164e-06,,False,cadence=monthly,1,-0.34411665622456145,-0.0002815994901769203
0.4,0.1,0.4,0.1,quarterly,-0.34410471373443596,188,普通,12,12,-0.34411665622456145,-0.3441176514320719,1.1942490125482763e-05,,False,cadence=quarterly,1,-0.34439825571473837,0.0002815994901769203
0.4,0.1,0.5,0.0,monthly,-0.3454540698538142,420,普通,9,9,-0.3446647334513422,-0.34457702940662305,-0.0007893364024720295,,False,cadence=monthly,1,-0.3444065800043761,-0.000258153446966114
0.4,0.1,0.5,0.0,quarterly,-0.345154014055445,141,普通,9,9,-0.3444065800043761,-0.34432353177647956,-0.0007474340510689181,,False,cadence=quarterly,1,-0.3446647334513422,0.000258153446966114
0.4,0.2,0.0,0.4,monthly,-0.34622477470735624,420,普通,9,9,-0.3458587011091282,-0.3458180262648807,-0.00036607359822804497,,False,cadence=monthly,1,-0.3453498252928472,-0.000508875816281007
0.4,0.2,0.0,0.4,quarterly,-0.3456962612485205,141,普通,9,9,-0.3453498252928472,-0.3453113324088835,-0.00034643595567329655,,False,cadence=quarterly,1,-0.3458587011091282,0.000508875816281007
0.4,0.2,0.1,0.3,monthly,-0.3471018254929831,560,普通,12,12,-0.3471603557955635,-0.3471652333207785,5.853030258040626e-05,,False,cadence=monthly,1,-0.34663285780763275,-0.0005274979879307251
0.4,0.2,0.1,0.3,quarterly,-0.34657749771902346,188,普通,12,12,-0.34663285780763275,-0.3466374711483502,5.536008860929087e-05,,False,cadence=quarterly,1,-0.3471603557955635,0.0005274979879307251
0.4,0.2,0.2,0.2,monthly,-0.3480784067951783,560,普通,12,12,-0.34809724017371246,-0.3480988096219237,1.883337853414435e-05,,False,cadence=monthly,1,-0.3475840542121643,-0.000513185961548146
0.4,0.2,0.2,0.2,quarterly,-0.34756124011339684,188,普通,12,12,-0.3475840542121643,-0.34758595538706166,2.281409876747631e-05,,False,cadence=quarterly,1,-0.34809724017371246,0.000513185961548146
0.4,0.2,0.3,0.1,monthly,-0.34912810312521103,560,普通,12,12,-0.34912451681280837,-0.3491242179534415,-3.586312402659164e-06,,False,cadence=monthly,1,-0.3486242244633663,-0.0005002923494420997
0.4,0.2,0.3,0.1,quarterly,-0.34861198832966533,188,普通,12,12,-0.3486242244633663,-0.34862524414117474,1.2236133700938012e-05,,False,cadence=quarterly,1,-0.34912451681280837,0.0005002923494420997
0.4,0.2,0.4,0.0,monthly,-0.35017604572214744,420,普通,9,9,-0.34938878529748496,-0.34930131191696695,-0.0007872604246624837,,False,cadence=monthly,1,-0.3489013194526379,-0.0004874658448470459
0.4,0.2,0.4,0.0,quarterly,-0.3496565499689236,141,普通,9,9,-0.3489013194526379,-0.34881740495082836,-0.0007552305162856765,,False,cadence=quarterly,1,-0.34938878529748496,0.0004874658448470459
0.4,0.3,0.0,0.3,monthly,-0.35240307396407544,420,普通,9,9,-0.3520159208867585,-0.35197290387816776,-0.0003871530773169596,,False,cadence=monthly,1,-0.35132057079781137,-0.0006953500889471109
0.4,0.3,0.0,0.3,quarterly,-0.3516273605997854,141,普通,9,9,-0.35132057079781137,-0.35128648304203647,-0.00030678980197401673,,False,cadence=quarterly,1,-0.3520159208867585,0.0006953500889471109
0.4,0.3,0.1,0.2,monthly,-0.3530042117754616,560,普通,12,12,-0.3533627775783206,-0.3533926580618922,0.0003585658028589789,,False,cadence=monthly,1,-0.35265643896527243,-0.0007063386130481408
0.4,0.3,0.1,0.2,quarterly,-0.35220555793064223,188,普通,12,12,-0.35265643896527243,-0.352694012384825,0.0004508810346302017,,False,cadence=quarterly,1,-0.3533627775783206,0.0007063386130481408
0.4,0.3,0.2,0.1,monthly,-0.3538442780876129,560,普通,12,12,-0.35416933705440934,-0.35419642530164247,0.0003250589667964654,,False,cadence=monthly,1,-0.3534613140953565,-0.000708022959052812
0.4,0.3,0.2,0.1,quarterly,-0.35319336691814596,188,普通,12,12,-0.3534613140953565,-0.35348364302679075,0.00026794717721057015,,False,cadence=quarterly,1,-0.35416933705440934,0.000708022959052812
0.4,0.3,0.3,0.0,monthly,-0.3548879454079803,420,普通,9,9,-0.3542439325273884,-0.35417237554065595,-0.0006440128805919043,,False,cadence=monthly,1,-0.3535693295563376,-0.0006746029710508195
0.4,0.3,0.3,0.0,quarterly,-0.3542328922562249,141,普通,9,9,-0.3535693295563376,-0.3534956003674612,-0.0006635626998873212,,False,cadence=quarterly,1,-0.3542439325273884,0.0006746029710508195
0.4,0.4,0.0,0.2,monthly,-0.35943643394556213,420,普通,9,9,-0.358750323022716,-0.35867408847573307,-0.0006861109228461504,,False,cadence=monthly,1,-0.3579387303713893,-0.0008115926513266869
0.4,0.4,0.0,0.2,quarterly,-0.35862430925623157,141,普通,9,9,-0.3579387303713893,-0.3578625549397401,-0.000685578884842275,,False,cadence=quarterly,1,-0.358750323022716,0.0008115926513266869
0.4,0.4,0.1,0.1,monthly,-0.36003365309276236,560,普通,12,12,-0.36004242470634,-0.3600431556741382,8.77161357765166e-06,,False,cadence=monthly,1,-0.3592316859036748,-0.0008107388026651896
0.4,0.4,0.1,0.1,quarterly,-0.35918855825400875,188,普通,12,12,-0.3592316859036748,-0.3592352798744803,4.312764966607485e-05,,False,cadence=quarterly,1,-0.36004242470634,0.0008107388026651896
0.4,0.4,0.2,0.0,monthly,-0.36063128716339,420,普通,9,9,-0.3597995556388129,-0.359707141024971,-0.0008317315245771062,,False,cadence=monthly,1,-0.3589869937687988,-0.0008125618700141057
0.4,0.4,0.2,0.0,quarterly,-0.3597502572855209,141,普通,9,9,-0.3589869937687988,-0.35890218671138524,-0.0007632635167221236,,False,cadence=quarterly,1,-0.3597995556388129,0.0008125618700141057
0.4,0.5,0.0,0.1,monthly,-0.3664192524382782,420,普通,9,9,-0.3657383953455424,-0.36566274455746073,-0.0006808570927357982,,False,cadence=monthly,1,-0.3649716827320022,-0.0007667126135402214
0.4,0.5,0.0,0.1,quarterly,-0.3656674471893091,141,普通,9,9,-0.3649716827320022,-0.3648943755700792,-0.0006957644573069022,,False,cadence=quarterly,1,-0.3657383953455424,0.0007667126135402214
0.4,0.5,0.1,0.0,monthly,-0.3670126160314391,420,普通,9,9,-0.36609537721882573,-0.36599346179520204,-0.0009172388126133524,,False,cadence=monthly,1,-0.365304673109261,-0.0007907041095647216
0.4,0.5,0.1,0.0,quarterly,-0.3662175510348121,141,普通,9,9,-0.365304673109261,-0.3652032422286442,-0.0009128779255511144,,False,cadence=quarterly,1,-0.36609537721882573,0.0007907041095647216
0.4,0.6,0.0,0.0,monthly,-0.37335196062024656,280,普通,6,6,-0.37110296664556547,-0.3707281343164519,-0.0022489939746810905,,False,cadence=monthly,1,-0.3704133886857159,-0.0006895779598495855
0.4,0.6,0.0,0.0,quarterly,-0.37275723328070764,94,普通,6,6,-0.3704133886857159,-0.37002274791988393,-0.002343844594991762,,False,cadence=quarterly,1,-0.37110296664556547,0.0006895779598495855
0.5,0.0,0.0,0.5,monthly,-0.33558065002318305,280,平原,6,6,-0.33722563491088936,-0.3374997990588404,0.0016449848877063133,,False,cadence=monthly,1,-0.33711058750422473,-0.00011504740666462565
0.5,0.0,0.0,0.5,quarterly,-0.3355383553393345,94,平原,6,6,-0.33711058750422473,-0.3373726261983731,0.0015722321648902193,,False,cadence=quarterly,1,-0.33722563491088936,0.00011504740666462565
0.5,0.0,0.1,0.4,monthly,-0.336466384142571,420,普通,9,9,-0.33805587664597914,-0.3382324869241356,0.0015894925034081187,,False,cadence=monthly,1,-0.3379447465586888,-0.00011113008729035645
0.5,0.0,0.1,0.4,quarterly,-0.3364394634137531,141,普通,9,9,-0.3379447465586888,-0.3381120002414594,0.0015052831449356985,,False,cadence=quarterly,1,-0.33805587664597914,0.00011113008729035645
0.5,0.0,0.2,0.3,monthly,-0.33751842576272684,420,普通,9,9,-0.33905181848235977,-0.33922219545120785,0.0015333927196329311,,False,cadence=monthly,1,-0.3389519313508016,-9.988713155817397e-05
0.5,0.0,0.2,0.3,quarterly,-0.3375022945937408,141,普通,9,9,-0.3389519313508016,-0.33911300210158607,0.0014496367570607793,,False,cadence=quarterly,1,-0.33905181848235977,9.988713155817397e-05
0.5,0.0,0.3,0.2,monthly,-0.3385795867330117,420,普通,9,9,-0.34011030681342086,-0.3402803868223552,0.0015307200804091647,,False,cadence=monthly,1,-0.340019448876257,-9.085793716384627e-05
0.5,0.0,0.3,0.2,quarterly,-0.33857380158068273,141,普通,9,9,-0.340019448876257,-0.3401800763535431,0.0014456472955742816,,False,cadence=quarterly,1,-0.34011030681342086,9.085793716384627e-05
0.5,0.0,0.4,0.1,monthly,-0.3396389580323993,420,普通,9,9,-0.34116810195977987,-0.34133800684059995,0.0015291439273805718,,False,cadence=monthly,1,-0.34108221268731465,-8.588927246522271e-05
0.5,0.0,0.4,0.1,quarterly,-0.3396390518226976,141,普通,9,9,-0.34108221268731465,-0.3412425638944943,0.0014431608646170435,,False,cadence=quarterly,1,-0.34116810195977987,8.588927246522271e-05
0.5,0.0,0.5,0.0,monthly,-0.3406965476735503,280,普通,6,6,-0.3417541112423198,-0.3419303718371147,0.001057563568769515,,False,cadence=monthly,1,-0.3416724756857295,-8.16355565902982e-05
0.5,0.0,0.5,0.0,quarterly,-0.3406980999618415,94,普通,6,6,-0.3416724756857295,-0.3418348716397109,0.0009743757238879769,,False,cadence=quarterly,1,-0.3417541112423198,8.16355565902982e-05
0.5,0.1,0.0,0.4,monthly,-0.3413709080044084,420,普通,9,9,-0.34096272769082203,-0.34091737432264574,-0.0004081803135863593,,False,cadence=monthly,1,-0.34069695320766236,-0.00026577448315967533
0.5,0.1,0.0,0.4,quarterly,-0.34106436162787324,141,普通,9,9,-0.34069695320766236,-0.3406561300498611,-0.0003674084202108796,,False,cadence=quarterly,1,-0.34096272769082203,0.00026577448315967533
0.5,0.1,0.1,0.3,monthly,-0.3422655350909014,560,普通,12,12,-0.3423033813213618,-0.34230653517390014,3.784623046038105e-05,,False,cadence=monthly,1,-0.3420229863715255,-0.0002803949498362823
0.5,0.1,0.1,0.3,quarterly,-0.3419680694106474,188,普通,12,12,-0.3420229863715255,-0.342027562784932,5.491696087811526e-05,,False,cadence=quarterly,1,-0.3423033813213618,0.0002803949498362823
0.5,0.1,0.2,0.2,monthly,-0.34332237235364893,560,普通,12,12,-0.34331877608166983,-0.34331847639233826,-3.596271979100507e-06,,False,cadence=monthly,1,-0.34304723830024175,-0.0002715377814280773
0.5,0.1,0.2,0.2,quarterly,-0.3430351281666827,188,普通,12,12,-0.34304723830024175,-0.3430482474780383,1.211013355906232e-05,,False,cadence=quarterly,1,-0.34331877608166983,0.0002715377814280773
0.5,0.1,0.3,0.1,monthly,-0.3443774317454864,560,普通,12,12,-0.3443738419236342,-0.34437354277181315,-3.5898218522234515e-06,,False,cadence=monthly,1,-0.3441079673981823,-0.0002658745254519035
0.5,0.1,0.3,0.1,quarterly,-0.34409590550874847,188,普通,12,12,-0.3441079673981823,-0.34410897255563516,1.2061889433812034e-05,,False,cadence=quarterly,1,-0.3443738419236342,0.0002658745254519035
0.5,0.1,0.4,0.0,monthly,-0.34543072123127805,420,普通,9,9,-0.34464086272709077,-0.3445531006710699,-0.0007898585041872797,,False,cadence=monthly,1,-0.34439936573732843,-0.00024149698976233536
0.5,0.1,0.4,0.0,quarterly,-0.3451504567389121,141,普通,9,9,-0.34439936573732843,-0.344315911181597,-0.0007510910015836592,,False,cadence=quarterly,1,-0.34464086272709077,0.00024149698976233536
0.5,0.2,0.0,0.3,monthly,-0.3471410716682072,420,普通,9,9,-0.3469255337561841,-0.3469015850992927,-0.00021553791202305606,,False,cadence=monthly,1,-0.3464328057192333,-0.0004927280369508291
0.5,0.2,0.0,0.3,quarterly,-0.34664893777161243,141,普通,9,9,-0.3464328057192333,-0.3464087910467467,-0.00021613205237913657,,False,cadence=quarterly,1,-0.3469255337561841,0.0004927280369508291
0.5,0.2,0.1,0.2,monthly,-0.3480550770928692,560,普通,12,12,-0.34826264217110575,-0.3482799392609588,0.00020756507823654902,,False,cadence=monthly,1,-0.3477583141352092,-0.0005043280358965618
0.5,0.2,0.1,0.2,quarterly,-0.3475697891969318,188,普通,12,12,-0.3477583141352092,-0.3477740245467323,0.00018852493827736794,,False,cadence=quarterly,1,-0.34826264217110575,0.0005043280358965618
0.5,0.2,0.2,0.1,monthly,-0.34910583420130237,560,普通,12,12,-0.34918076576585366,-0.3491870100628996,7.49315645512949e-05,,False,cadence=monthly,1,-0.3486945967383696,-0.00048616902748405133
0.5,0.2,0.2,0.1,quarterly,-0.3486258027162441,188,普通,12,12,-0.3486945967383696,-0.34870032957354674,6.879402212550678e-05,,False,cadence=quarterly,1,-0.34918076576585366,0.00048616902748405133
0.5,0.2,0.3,0.0,monthly,-0.3501548331419799,420,普通,9,9,-0.34939590450319347,-0.3493115790988839,-0.0007589286387864602,,False,cadence=monthly,1,-0.34892968340703556,-0.00046622109615790386
0.5,0.2,0.3,0.0,quarterly,-0.3496755674437916,141,普通,9,9,-0.34892968340703556,-0.34884680740295154,-0.0007458840367560171,,False,cadence=quarterly,1,-0.34939590450319347,0.00046622109615790386
0.5,0.3,0.0,0.2,monthly,-0.3539558248432031,420,普通,9,9,-0.3533481230050748,-0.3532806005786161,-0.000607701838128305,,False,cadence=monthly,1,-0.35268436418324434,-0.0006637588218304513
0.5,0.3,0.0,0.2,quarterly,-0.35325816749385963,141,普通,9,9,-0.35268436418324434,-0.35262060825984265,-0.0005738033106152951,,False,cadence=quarterly,1,-0.3533481230050748,0.0006637588218304513
0.5,0.3,0.1,0.1,monthly,-0.3545563998180219,560,普通,12,12,-0.3546889159815513,-0.3546999589951787,0.00013251616352938367,,False,cadence=monthly,1,-0.35402910670199267,-0.0006598092795586097
0.5,0.3,0.1,0.1,quarterly,-0.3538333961318867,188,普通,12,12,-0.35402910670199267,-0.35404541591616817,0.00019571057010597803,,False,cadence=quarterly,1,-0.3546889159815513,0.0006598092795586097
0.5,0.3,0.2,0.0,monthly,-0.35515738481012904,420,普通,9,9,-0.3546149707873033,-0.3545547025625449,-0.0005424140228257324,,False,cadence=monthly,1,-0.353970780289643,-0.0006441904976602908
0.5,0.3,0.2,0.0,quarterly,-0.35440603046350416,141,普通,9,9,-0.353970780289643,-0.3539224191592141,-0.00043525017386114584,,False,cadence=quarterly,1,-0.3546149707873033,0.0006441904976602908
0.5,0.4,0.0,0.1,monthly,-0.3609760895684905,420,普通,9,9,-0.36029145376364774,-0.3602153831186652,-0.000684635804842737,,False,cadence=monthly,1,-0.3595809391142179,-0.0007105146494298387
0.5,0.4,0.0,0.1,quarterly,-0.3602692143466373,141,普通,9,9,-0.3595809391142179,-0.35950446408839354,-0.0006882752324193775,,False,cadence=quarterly,1,-0.36029145376364774,0.0007105146494298387
0.5,0.4,0.1,0.0,monthly,-0.3615727642785105,420,普通,9,9,-0.3606504330855299,-0.36054795184186544,-0.0009223311929805744,,False,cadence=monthly,1,-0.35992055493723046,-0.0007298781482994454
0.5,0.4,0.1,0.0,quarterly,-0.36083043557018213,141,普通,9,9,-0.35992055493723046,-0.3598194570891247,-0.0009098806329516651,,False,cadence=quarterly,1,-0.3606504330855299,0.0007298781482994454
0.5,0.5,0.0,0.0,monthly,-0.3679459673697011,280,普通,6,6,-0.3656844766238208,-0.3653075614995074,-0.002261490745880279,,False,cadence=monthly,1,-0.3649981014890732,-0.0006863751347476188
0.5,0.5,0.0,0.0,quarterly,-0.36732660145628104,94,普通,6,6,-0.3649981014890732,-0.36461001816120525,-0.0023284999672078532,,False,cadence=quarterly,1,-0.3656844766238208,0.0006863751347476188
0.6,0.0,0.0,0.4,monthly,-0.3365011592031223,280,普通,6,6,-0.3381655668344978,-0.3384429681063937,0.0016644076313754863,,False,cadence=monthly,1,-0.3380549761635188,-0.00011059067097896058
0.6,0.0,0.0,0.4,quarterly,-0.33646044096395245,94,普通,6,6,-0.3380549761635188,-0.3383207320301132,0.0015945351995663715,,False,cadence=quarterly,1,-0.3381655668344978,0.00011059067097896058
0.6,0.0,0.1,0.3,monthly,-0.3374895868264235,420,普通,9,9,-0.33903638969083194,-0.33920825667576626,0.0015468028644084475,,False,cadence=monthly,1,-0.33893113110609174,-0.00010525858474019767
0.6,0.0,0.1,0.3,quarterly,-0.33746039707815767,141,普通,9,9,-0.33893113110609174,-0.3390945459980844,0.001470734027934073,,False,cadence=quarterly,1,-0.33903638969083194,0.00010525858474019767
0.6,0.0,0.2,0.2,monthly,-0.3385518261246939,420,普通,9,9,-0.34008331174805995,-0.3402534768173228,0.0015314856233660246,,False,cadence=monthly,1,-0.33999022138122303,-9.309036683691208e-05
0.6,0.0,0.2,0.2,quarterly,-0.3385373776852125,141,普通,9,9,-0.33999022138122303,-0.3401516484585575,0.0014528436960105084,,False,cadence=quarterly,1,-0.34008331174805995,9.309036683691208e-05
0.6,0.0,0.3,0.1,monthly,-0.33961227123475524,420,普通,9,9,-0.34114217839099015,-0.34131216807501624,0.001529907156234911,,False,cadence=monthly,1,-0.3410583708847697,-8.380750622044575e-05
0.6,0.0,0.3,0.1,quarterly,-0.33960803827668695,141,普通,9,9,-0.3410583708847697,-0.34121951895233443,0.0014503326080827494,,False,cadence=quarterly,1,-0.34114217839099015,8.380750622044575e-05
0.6,0.0,0.4,0.0,monthly,-0.34067093019528505,280,普通,6,6,-0.3417288371260433,-0.3419051549478363,0.0010579069307582456,,False,cadence=monthly,1,-0.3416516367909475,-7.720033509578395e-05
0.6,0.0,0.4,0.0,quarterly,-0.340672434321189,94,普通,6,6,-0.3416516367909475,-0.34181483720257394,0.0009792024697585222,,False,cadence=quarterly,1,-0.3417288371260433,7.720033509578395e-05
0.6,0.1,0.0,0.3,monthly,-0.3422896655448481,420,普通,9,9,-0.34195339201342295,-0.3419160282877091,-0.00033627353142512417,,False,cadence=monthly,1,-0.34169652192153166,-0.0002568700918912925
0.6,0.1,0.0,0.3,quarterly,-0.34200373691742214,141,普通,9,9,-0.34169652192153166,-0.34166238692198825,-0.0003072149958904813,,False,cadence=quarterly,1,-0.34195339201342295,0.0002568700918912925
0.6,0.1,0.1,0.2,monthly,-0.3432967666324489,560,普通,12,12,-0.34332907238818244,-0.34333176453449354,3.230575573354155e-05,,False,cadence=monthly,1,-0.3430631594267588,-0.0002659129614236422
0.6,0.1,0.1,0.2,quarterly,-0.34302086497836215,188,普通,12,12,-0.3430631594267588,-0.3430666839641252,4.229444839665142e-05,,False,cadence=quarterly,1,-0.34332907238818244,0.0002659129614236422
0.6,0.1,0.2,0.1,monthly,-0.34435289417616766,560,普通,12,12,-0.3443493011419881,-0.34434900172247307,-3.593034179572019e-06,,False,cadence=monthly,1,-0.3440991919493533,-0.00025010919263479536
0.6,0.1,0.2,0.1,quarterly,-0.3440870088609924,188,普通,12,12,-0.3440991919493533,-0.3441002072067167,1.2183088360873118e-05,,False,cadence=quarterly,1,-0.3443493011419881,0.00025010919263479536
0.6,0.1,0.3,0.0,monthly,-0.34540724734508943,420,普通,9,9,-0.3446168659465399,-0.3445290457911455,-0.0007903813985495334,,False,cadence=monthly,1,-0.3443920799146032,-0.00022478603193670788
0.6,0.1,0.3,0.0,quarterly,-0.34514686381729986,141,普通,9,9,-0.3443920799146032,-0.34430821503652576,-0.0007547839026966763,,False,cadence=quarterly,1,-0.3446168659465399,0.00022478603193670788
0.6,0.2,0.0,0.2,monthly,-0.348447581152989,420,普通,9,9,-0.34810532040315023,-0.34806729143094595,-0.0003422607498387853,,False,cadence=monthly,1,-0.3476493390830955,-0.00045598132005475467
0.6,0.2,0.0,0.2,quarterly,-0.34791387520665684,141,普通,9,9,-0.3476493390830955,-0.3476199461804776,-0.00026453612356136524,,False,cadence=quarterly,1,-0.34810532040315023,0.00045598132005475467
0.6,0.2,0.1,0.1,monthly,-0.3490834413071596,560,普通,12,12,-0.3495068165545225,-0.34954209782513607,0.00042337524736285603,,False,cadence=monthly,1,-0.34903710135936084,-0.0004697151951616463
0.6,0.2,0.1,0.1,quarterly,-0.3486397569217735,188,普通,12,12,-0.34903710135936084,-0.3490702133958264,0.0003973444375873214,,False,cadence=quarterly,1,-0.3495068165545225,0.0004697151951616463
0.6,0.2,0.2,0.0,monthly,-0.3501334983013308,420,普通,9,9,-0.34954949305113053,-0.34948460357888605,-0.000584005250200248,,False,cadence=monthly,1,-0.3491006261294968,-0.000448866921633706
0.6,0.2,0.2,0.0,quarterly,-0.34969477682704153,141,普通,9,9,-0.3491006261294968,-0.3490346093853252,-0.0005941506975447042,,False,cadence=quarterly,1,-0.34954949305113053,0.000448866921633706
0.6,0.3,0.0,0.1,monthly,-0.35550546622186774,420,普通,9,9,-0.35482022621902554,-0.35474408844093197,-0.0006852400028422023,,False,cadence=monthly,1,-0.3542261694807618,-0.0005940567382637374
0.6,0.3,0.0,0.1,quarterly,-0.3548930338981999,141,普通,9,9,-0.3542261694807618,-0.35415207343437977,-0.0006668644174381289,,False,cadence=quarterly,1,-0.35482022621902554,0.0005940567382637374
0.6,0.3,0.1,0.0,monthly,-0.3561054826627753,420,普通,9,9,-0.35522898030028766,-0.35513159114890014,-0.0008765023624876522,,False,cadence=monthly,1,-0.35463348518386173,-0.0005954951164259259
0.6,0.3,0.1,0.0,quarterly,-0.35546527728388844,141,普通,9,9,-0.35463348518386173,-0.3545410638394143,-0.000831792100026707,,False,cadence=quarterly,1,-0.35522898030028766,0.0005954951164259259
0.6,0.4,0.0,0.0,monthly,-0.3625126860600797,280,普通,6,6,-0.360238638437591,-0.35985963050050956,-0.002274047622488673,,False,cadence=monthly,1,-0.35960496644146595,-0.0006336719961250736
0.6,0.4,0.0,0.0,quarterly,-0.361918227545583,94,普通,6,6,-0.35960496644146595,-0.359219422924113,-0.002313261104117059,,False,cadence=quarterly,1,-0.360238638437591,0.0006336719961250736
0.7,0.0,0.0,0.3,monthly,-0.3374606140969282,280,普通,6,6,-0.33914741422744593,-0.33942854758253227,0.0016868001305177516,,False,cadence=monthly,1,-0.339044732296551,-0.00010268193089491007
0.7,0.0,0.0,0.3,quarterly,-0.3374180778041387,94,普通,6,6,-0.339044732296551,-0.33931584137861975,0.0016266544924123383,,False,cadence=quarterly,1,-0.33914741422744593,0.00010268193089491007
0.7,0.0,0.1,0.2,monthly,-0.3385239334836554,420,普通,9,9,-0.3400561857605826,-0.34022643601357455,0.001532252276927215,,False,cadence=monthly,1,-0.33996070031263914,-9.548544794346636e-05
0.7,0.0,0.1,0.2,quarterly,-0.3385005882155303,141,普通,9,9,-0.33996070031263914,-0.3401229349900957,0.0014601120971088344,,False,cadence=quarterly,1,-0.3400561857605826,9.548544794346636e-05
0.7,0.0,0.2,0.1,monthly,-0.3395854541530673,420,普通,9,9,-0.3411161256437064,-0.3412862002537775,0.0015306714906391239,,False,cadence=monthly,1,-0.3410342903598552,-8.183528385119487e-05
0.7,0.0,0.2,0.1,quarterly,-0.3395767143761821,141,普通,9,9,-0.3410342903598552,-0.34119624324693004,0.0014575759836731317,,False,cadence=quarterly,1,-0.3411161256437064,8.183528385119487e-05
0.7,0.0,0.3,0.0,monthly,-0.3406451841699455,280,普通,6,6,-0.3417034349059224,-0.3418798100285853,0.0010582507359769289,,False,cadence=monthly,1,-0.341630589869022,-7.284503690041522e-05
0.7,0.0,0.3,0.0,quarterly,-0.3406465125980054,94,普通,6,6,-0.341630589869022,-0.34179460274752477,0.0009840772710166257,,False,cadence=quarterly,1,-0.3417034349059224,7.284503690041522e-05
0.7,0.1,0.0,0.2,monthly,-0.3432710319139529,420,普通,9,9,-0.3430602426935497,-0.3430368216690604,-0.00021078922040324022,,False,cadence=monthly,1,-0.34281501135253317,-0.00024523134101650523
0.7,0.1,0.0,0.2,quarterly,-0.3430064574564934,141,普通,9,9,-0.34281501135253317,-0.34279373956320425,-0.00019144610396021333,,False,cadence=quarterly,1,-0.3430602426935497,0.00024523134101650523
0.7,0.1,0.1,0.1,monthly,-0.34432822934661333,560,普通,12,12,-0.34444947623234284,-0.34445958013948696,0.00012124688572950904,,False,cadence=monthly,1,-0.34420033057803706,-0.0002491456543057824
0.7,0.1,0.1,0.1,quarterly,-0.3440780224530019,188,普通,12,12,-0.34420033057803706,-0.34421052292178994,0.0001223081250351643,,False,cadence=quarterly,1,-0.34444947623234284,0.0002491456543057824
0.7,0.1,0.2,0.0,monthly,-0.34538364792408105,420,普通,9,9,-0.3446426054073119,-0.3445602673498931,-0.0007410425167691526,,False,cadence=monthly,1,-0.3444254975832381,-0.00021710782407380336
0.7,0.1,0.2,0.0,quarterly,-0.3451432347533645,141,普通,9,9,-0.3444254975832381,-0.3443457490087796,-0.000717737170126409,,False,cadence=quarterly,1,-0.3446426054073119,0.00021710782407380336
0.7,0.2,0.0,0.1,monthly,-0.35000727765395667,420,普通,9,9,-0.34943509693043684,-0.3493715212944902,-0.0005721807235198328,,False,cadence=monthly,1,-0.3490097834329954,-0.00042531349744145963
0.7,0.2,0.0,0.1,quarterly,-0.34953877098964314,141,普通,9,9,-0.3490097834329954,-0.3489510070378123,-0.0005289875566477642,,False,cadence=quarterly,1,-0.34943509693043684,0.00042531349744145963
0.7,0.2,0.1,0.0,monthly,-0.3506106666412898,420,普通,9,9,-0.3499628023013133,-0.3498908173746493,-0.0006478643399764894,,False,cadence=monthly,1,-0.34955210337679765,-0.00041069892451567336
0.7,0.2,0.1,0.0,quarterly,-0.3501219422070684,141,普通,9,9,-0.34955210337679765,-0.3494887879512121,-0.0005698388302707302,,False,cadence=quarterly,1,-0.3499628023013133,0.00041069892451567336
0.7,0.3,0.0,0.0,monthly,-0.3570520129017122,280,普通,6,6,-0.3547653479599422,-0.3543842371363139,-0.002286664941769989,,False,cadence=monthly,1,-0.35423384789393986,-0.0005315000660023328
0.7,0.3,0.0,0.0,quarterly,-0.3565319749894895,94,普通,6,6,-0.35423384789393986,-0.35385082671134827,-0.0022981270955496624,,False,cadence=quarterly,1,-0.3547653479599422,0.0005315000660023328
0.8,0.0,0.0,0.2,monthly,-0.33849590852319134,280,普通,6,6,-0.34018897730232783,-0.3404711554321839,0.0016930687791364973,,False,cadence=monthly,1,-0.3400932907297573,-9.568657257053026e-05
0.8,0.0,0.0,0.2,quarterly,-0.3384634276401627,94,普通,6,6,-0.3400932907297573,-0.3403649345780231,0.0016298630895946187,,False,cadence=quarterly,1,-0.34018897730232783,9.568657257053026e-05
0.8,0.0,0.1,0.1,monthly,-0.3395585065048513,420,普通,9,9,-0.3411077415984668,-0.3412798788310908,0.0015492350936154864,,False,cadence=monthly,1,-0.3410237022035224,-8.403939494439072e-05
0.8,0.0,0.1,0.1,quarterly,-0.33954507543915025,141,普通,9,9,-0.3410237022035224,-0.3411879940662304,0.0014786267643721596,,False,cadence=quarterly,1,-0.3411077415984668,8.403939494439072e-05
0.8,0.0,0.2,0.0,monthly,-0.3406193093192338,280,普通,6,6,-0.3416779043045027,-0.3418543368020475,0.0010585949852688903,,False,cadence=monthly,1,-0.34160933178929614,-6.857251520653307e-05
0.8,0.0,0.2,0.0,quarterly,-0.3406203309404263,94,普通,6,6,-0.34160933178929614,-0.34177416526410775,0.0009890008488698254,,False,cadence=quarterly,1,-0.3416779043045027,6.857251520653307e-05
0.8,0.1,0.0,0.1,monthly,-0.34448141858691284,420,普通,9,9,-0.3442645640052124,-0.34424046905169015,-0.00021685458170045413,,False,cadence=monthly,1,-0.34404837331413984,-0.00021619069107253752
0.8,0.1,0.0,0.1,quarterly,-0.3442062918639204,141,普通,9,9,-0.34404837331413984,-0.34403082680860864,-0.00015791854978053355,,False,cadence=quarterly,1,-0.3442645640052124,0.00021619069107253752
0.8,0.1,0.1,0.0,monthly,-0.3453599226963002,420,普通,9,9,-0.3448546923202864,-0.3447985556118404,-0.0005052303760137988,,False,cadence=monthly,1,-0.34464413536859984,-0.00021055695168659128
0.8,0.1,0.1,0.0,quarterly,-0.3451395689989989,141,普通,9,9,-0.34464413536859984,-0.34458908718744435,-0.0004954336303990559,,False,cadence=quarterly,1,-0.3448546923202864,0.00021055695168659128
0.8,0.2,0.0,0.0,monthly,-0.35156384357791415,280,普通,6,6,-0.3493033164713877,-0.3489265619536333,-0.0022605271065264665,,False,cadence=monthly,1,-0.3489330786657489,-0.0003702378056387734
0.8,0.2,0.0,0.0,quarterly,-0.3511677083437068,94,普通,6,6,-0.3489330786657489,-0.34856064038608925,-0.0022346296779579,,False,cadence=quarterly,1,-0.3493033164713877,0.0003702378056387734
0.9,0.0,0.0,0.1,monthly,-0.3395314280068029,280,普通,6,5,-0.34145144003790434,-0.34183544244412467,0.0019200120311014257,,False,cadence=monthly,1,-0.3413578483864166,-9.359165148775661e-05
0.9,0.0,0.0,0.1,quarterly,-0.3395131166889055,94,普通,6,5,-0.3413578483864166,-0.3417267947259188,0.0018447316975110928,,False,cadence=quarterly,1,-0.34145144003790434,9.359165148775661e-05
0.9,0.0,0.1,0.0,monthly,-0.34059330536403964,280,普通,6,5,-0.3419517575221427,-0.34222344795376325,0.0013584521581030407,,False,cadence=monthly,1,-0.3418728784589737,-7.887906316900173e-05
0.9,0.0,0.1,0.0,quarterly,-0.34059388541894553,94,普通,6,5,-0.3418728784589737,-0.34212867706697925,0.0012789930400281535,,False,cadence=quarterly,1,-0.3419517575221427,7.887906316900173e-05
0.9,0.1,0.0,0.0,monthly,-0.3460480732416281,280,普通,6,5,-0.3445963319122663,-0.344305983646394,-0.001451741329361822,,False,cadence=monthly,1,-0.34440764409698205,-0.00018868781528424972
0.9,0.1,0.0,0.0,quarterly,-0.3458252932674153,94,普通,6,5,-0.34440764409698205,-0.3441241142628954,-0.001417649170433244,,False,cadence=quarterly,1,-0.3445963319122663,0.00018868781528424972
1.0,0.0,0.0,0.0,monthly,-0.3405671720244525,1,無效,3,3,,,,,False,cadence=monthly,0,,
1.0,0.0,0.0,0.0,quarterly,-0.3405671720244525,1,無效,3,3,,,,,False,cadence=quarterly,0,,
