copy,path,bytes,sha256,canon_twin
fundamentals-panel,C:\projects\Karst\experiments\2026-09-02-fundamentals-panel\data\submissions\CIK0000004281.json,166841,56cf76eb61c178071f2aa78096a28f9fa5dc3a42d110652770c5a9323218a6ea,C:\projects\Karst\data\sec\submissions\CIK0000004281.json
fundamentals-panel,C:\projects\Karst\experiments\2026-09-02-fundamentals-panel\data\submissions\CIK0000009389.json,168898,ff599307920ccd6201b095890a43825b3e65a6da5ad39b33dd148f6543e7d582,C:\projects\Karst\data\sec\submissions\CIK0000009389.json
fundamentals-panel,C:\projects\Karst\experiments\2026-09-02-fundamentals-panel\data\submissions\CIK0000036966.json,158869,d4e8afbfe23c40cfc1b7e81ede480bad3b493c087c2addd052dd6f9fbb5db46d,C:\projects\Karst\data\sec\submissions\CIK0000036966.json
fundamentals-panel,C:\projects\Karst\experiments\2026-09-02-fundamentals-panel\data\submissions\CIK0000052988.json,158225,9bff5099ba35b7cca5e037c21c948eec154ebdad2f4856b38f48e979110b6f8c,C:\projects\Karst\data\sec\submissions\CIK0000052988.json
fundamentals-panel,C:\projects\Karst\experiments\2026-09-02-fundamentals-panel\data\submissions\CIK0000062709.json,158339,14e44292e0eadd24485c88b243c155bb1b861f8df5e4fdff69be9aa99fd4aaba,C:\projects\Karst\data\sec\submissions\CIK0000062709.json
fundamentals-panel,C:\projects\Karst\experiments\2026-09-02-fundamentals-panel\data\submissions\CIK0000071691.json,160800,84e5dada0da0893156ec10ec23b94805957ffafe961415e2319a5424d509a5db,C:\projects\Karst\data\sec\submissions\CIK0000071691.json
fundamentals-panel,C:\projects\Karst\experiments\2026-09-02-fundamentals-panel\data\submissions\CIK0000101829.json,149712,64a89e4194541c25ec8b440e690ac38017849337679aa77b43ffa5e3acc6c2f6,C:\projects\Karst\data\sec\submissions\CIK0000101829.json
fundamentals-panel,C:\projects\Karst\experiments\2026-09-02-fundamentals-panel\data\submissions\CIK0000104889.json,162134,783ec56dd497838f7817d878ee1c37fdfe66d6742653a17bc29fc7acc9ce875d,C:\projects\Karst\data\sec\submissions\CIK0000104889.json
fundamentals-panel,C:\projects\Karst\experiments\2026-09-02-fundamentals-panel\data\submissions\CIK0000216228.json,163379,9c6efa33d7ad39c36c4c372f5572128b5fcdd398ea640569e1ab3e98405431fa,C:\projects\Karst\data\sec\submissions\CIK0000216228.json
fundamentals-panel,C:\projects\Karst\experiments\2026-09-02-fundamentals-panel\data\submissions\CIK0000314808.json,166519,262d446b3e806b9dc6ccc2dfe9e69b1eab2b730eb9822b23a09a8554aa920e46,C:\projects\Karst\data\sec\submissions\CIK0000314808.json
fundamentals-panel,C:\projects\Karst\experiments\2026-09-02-fundamentals-panel\data\submissions\CIK0000764065.json,165128,36e195aef2d83f3ddb73e4c187b5c0445a06333f63bbe753552c5c6aa477bd27,C:\projects\Karst\data\sec\submissions\CIK0000764065.json
fundamentals-panel,C:\projects\Karst\experiments\2026-09-02-fundamentals-panel\data\submissions\CIK0000813828.json,147988,bdb17feef9c7303a0ad11d4ce6a74caf168b4ff7c65249202331ba06e7524130,C:\projects\Karst\data\sec\submissions\CIK0000813828.json
fundamentals-panel,C:\projects\Karst\experiments\2026-09-02-fundamentals-panel\data\submissions\CIK0000827099.json,45566,2a03827ed966ff50498154dea1f80854762db2b1504568e9a5e4010830214074,C:\projects\Karst\data\sec\submissions\CIK0000827099.json
fundamentals-panel,C:\projects\Karst\experiments\2026-09-02-fundamentals-panel\data\submissions\CIK0000849399.json,161413,99da5c9a00f3a30855fdbee434a9e1b71ee088211e917459550622785a08ad4c,C:\projects\Karst\data\sec\submissions\CIK0000849399.json
fundamentals-panel,C:\projects\Karst\experiments\2026-09-02-fundamentals-panel\data\submissions\CIK0000887396.json,118055,323f962fef65fa976fcdaadd519b8c24d538ea4ac96dd1dc8077702e94438f33,C:\projects\Karst\data\sec\submissions\CIK0000887396.json
fundamentals-panel,C:\projects\Karst\experiments\2026-09-02-fundamentals-panel\data\submissions\CIK0000895126.json,166250,c971933b5be38827e22b46deafa3c264720ce49e00d345e6c8ebc483395b654e,C:\projects\Karst\data\sec\submissions\CIK0000895126.json
fundamentals-panel,C:\projects\Karst\experiments\2026-09-02-fundamentals-panel\data\submissions\CIK0000912093.json,157823,598948a14cc1032fb5cbb9a8eaef505711b9237213cd8a4ad67bb99a759edecd,C:\projects\Karst\data\sec\submissions\CIK0000912093.json
fundamentals-panel,C:\projects\Karst\experiments\2026-09-02-fundamentals-panel\data\submissions\CIK0001018840.json,151048,1f3f1f05a69ef33b904f9bcabd737012b41648fb993eeaf5ba72f117256f0850,C:\projects\Karst\data\sec\submissions\CIK0001018840.json
fundamentals-panel,C:\projects\Karst\experiments\2026-09-02-fundamentals-panel\data\submissions\CIK0001032033.json,162929,0d8bc1dd0e3269b5f5c5006ae32a563c20281b05edf20b7e36c7392fa6f679a9,C:\projects\Karst\data\sec\submissions\CIK0001032033.json
fundamentals-panel,C:\projects\Karst\experiments\2026-09-02-fundamentals-panel\data\submissions\CIK0001140536.json,157267,e057313afd3a9cacf6fae3e3af83a9012d20b9455af926f72c2cf41bf549a97c,C:\projects\Karst\data\sec\submissions\CIK0001140536.json
fundamentals-panel,C:\projects\Karst\experiments\2026-09-02-fundamentals-panel\data\submissions\CIK0001156039.json,160081,25926f6c160bb4b23a7bf46af85bacb92719983b30ab7a857fbae2cae2283569,C:\projects\Karst\data\sec\submissions\CIK0001156039.json
fundamentals-panel,C:\projects\Karst\experiments\2026-09-02-fundamentals-panel\data\submissions\CIK0001166691.json,148354,9618774090a5547a6397e338d354fffa07478622c04c3178de42ead5e30c7138,C:\projects\Karst\data\sec\submissions\CIK0001166691.json
fundamentals-panel,C:\projects\Karst\experiments\2026-09-02-fundamentals-panel\data\submissions\CIK0001437107.json,163701,9a2595ad4969bc83f6d13e066e51f42805637838c1cf81107b5753f6c8c218f8,C:\projects\Karst\data\sec\submissions\CIK0001437107.json
fundamentals-panel,C:\projects\Karst\experiments\2026-09-02-fundamentals-panel\data\submissions\CIK0001512920.json,61748,0054ab7bb06f25b61e1d721e5685f9342429962f550c601fbc2b5270fe5b59c0,C:\projects\Karst\data\sec\submissions\CIK0001512920.json
fundamentals-panel,C:\projects\Karst\experiments\2026-09-02-fundamentals-panel\data\submissions\CIK0001519751.json,159115,df8562d6eb5c7dc889a3dfa5f5b7f825af49815b146fb549f986faeedcd283e7,C:\projects\Karst\data\sec\submissions\CIK0001519751.json
fundamentals-panel,C:\projects\Karst\experiments\2026-09-02-fundamentals-panel\data\submissions\CIK0001552275.json,133070,a9b82ee17eac79288f7516a482138a30e35b2cd33c767fb8a34b01de47b7801d,C:\projects\Karst\data\sec\submissions\CIK0001552275.json
fundamentals-panel,C:\projects\Karst\experiments\2026-09-02-fundamentals-panel\data\submissions\CIK0001578732.json,128171,e87e911d3b42630eafb062cd05d3891006d0e6538198ebee78066d10480a3a54,C:\projects\Karst\data\sec\submissions\CIK0001578732.json
fundamentals-panel,C:\projects\Karst\experiments\2026-09-02-fundamentals-panel\data\submissions\CIK0001583708.json,124183,86f963c04e0b428f973108f3b16ef7c8148e8e5aeeb0f961f384f50b2be41f6a,C:\projects\Karst\data\sec\submissions\CIK0001583708.json
fundamentals-panel,C:\projects\Karst\experiments\2026-09-02-fundamentals-panel\data\submissions\CIK0001745999.json,80824,e3278febe52198802d734e15006373137d030c7c77d99bec0a07dc58baebc04f,C:\projects\Karst\data\sec\submissions\CIK0001745999.json
fundamentals-panel,C:\projects\Karst\experiments\2026-09-02-fundamentals-panel\data\submissions\CIK0001788451.json,20019,43119465c8ba552cde99c54a6b2e2a766f298389373eeb283ec4d85ecb07e3da,C:\projects\Karst\data\sec\submissions\CIK0001788451.json
fundamentals-panel,C:\projects\Karst\experiments\2026-09-02-fundamentals-panel\data\submissions\CIK0001958713.json,14816,c4e70ff44143da1c4ba42e438388cba9b3ef0f33477199f7b9a119eb2d1b9d95,C:\projects\Karst\data\sec\submissions\CIK0001958713.json
fundamentals-panel,C:\projects\Karst\experiments\2026-09-02-fundamentals-panel\data\submissions\CIK0002055116.json,14301,8b6517f4381e5f7d9fd5bea01d686b9389197caa1781fe4ef04948c483878dc2,C:\projects\Karst\data\sec\submissions\CIK0002055116.json
silent-revisions,C:\projects\Karst\experiments\2026-09-02-silent-revisions\data\submissions\CIK0000001800.json,155792,bf947fb6b2449cd72db320e57d64ed250ce49188289fef55f809de148d1c48dd,C:\projects\Karst\data\sec\submissions\CIK0000001800.json
silent-revisions,C:\projects\Karst\experiments\2026-09-02-silent-revisions\data\submissions\CIK0000002488.json,162408,8ac9c389acf86e343f4e81054c2e1a56055e22ae8b6b7f0fe18893da37785ca9,C:\projects\Karst\data\sec\submissions\CIK0000002488.json
silent-revisions,C:\projects\Karst\experiments\2026-09-02-silent-revisions\data\submissions\CIK0000002969.json,150917,cf626b494046db3e42f6387bb57b49d1b04289ff2861250ea501c8fe44937872,C:\projects\Karst\data\sec\submissions\CIK0000002969.json
silent-revisions,C:\projects\Karst\experiments\2026-09-02-silent-revisions\data\submissions\CIK0000004127.json,160604,91ea83a309e00c331f40a6044417c4c8ccbd423e08990621c641b12a988914a6,C:\projects\Karst\data\sec\submissions\CIK0000004127.json
silent-revisions,C:\projects\Karst\experiments\2026-09-02-silent-revisions\data\submissions\CIK0000004904.json,161727,c98d7362ad3c4d89258ab75e41d2caa2796bb4ed05cd6104b3e78550ed62f856,C:\projects\Karst\data\sec\submissions\CIK0000004904.json
silent-revisions,C:\projects\Karst\experiments\2026-09-02-silent-revisions\data\submissions\CIK0000004962.json,159449,e6972ae193e249cffd97bbaf776bbcbe01cd23f0a89a34de928c22e4f11dda7f,C:\projects\Karst\data\sec\submissions\CIK0000004962.json
silent-revisions,C:\projects\Karst\experiments\2026-09-02-silent-revisions\data\submissions\CIK0000004977.json,163046,b61f10906f52931094b25f3c72224b45d2212ff2d8843a57c0594bfbc22462cd,C:\projects\Karst\data\sec\submissions\CIK0000004977.json
silent-revisions,C:\projects\Karst\experiments\2026-09-02-silent-revisions\data\submissions\CIK0000005272.json,149767,ae64394ad66efe1802ca6b34753fbfd7ef4ace2b59a473cdf71f6a6e704f69f9,C:\projects\Karst\data\sec\submissions\CIK0000005272.json
silent-revisions,C:\projects\Karst\experiments\2026-09-02-silent-revisions\data\submissions\CIK0000006281.json,161724,2974b6f0fac6fa4d5499d05eada5e234cde89fd0dca0954ae8802f81e301aadd,C:\projects\Karst\data\sec\submissions\CIK0000006281.json
silent-revisions,C:\projects\Karst\experiments\2026-09-02-silent-revisions\data\submissions\CIK0000006951.json,159595,8b8404a725b4fcd5314eaea04b8bbfc73e62423d0ca20255c4a2aa7eec916993,C:\projects\Karst\data\sec\submissions\CIK0000006951.json
silent-revisions,C:\projects\Karst\experiments\2026-09-02-silent-revisions\data\submissions\CIK0000007084.json,143277,8b043b2b1d6e579fd93125c82b08ced13451125b45dec3434582b28f98e020c5,C:\projects\Karst\data\sec\submissions\CIK0000007084.json
silent-revisions,C:\projects\Karst\experiments\2026-09-02-silent-revisions\data\submissions\CIK0000008670.json,145681,88215c95b8d1b30cb0ec5f742a6fbaba38086189c9c87d43d285416e2d6e785a,C:\projects\Karst\data\sec\submissions\CIK0000008670.json
silent-revisions,C:\projects\Karst\experiments\2026-09-02-silent-revisions\data\submissions\CIK0000008818.json,158871,01ad5434ad83955797afb3bd6a864bd4b464c127eb60c5ae6cf3b825d1c03f92,C:\projects\Karst\data\sec\submissions\CIK0000008818.json
silent-revisions,C:\projects\Karst\experiments\2026-09-02-silent-revisions\data\submissions\CIK0000010456.json,167304,38f2f4495700296098e23bf237eeaa511fdbee4a8db482b0dcb46abfaacdc07c,C:\projects\Karst\data\sec\submissions\CIK0000010456.json
silent-revisions,C:\projects\Karst\experiments\2026-09-02-silent-revisions\data\submissions\CIK0000010795.json,168390,5b63dc3a7b551ae81af42df97dc887121007da2f393b959e4c6468443d5b5c30,C:\projects\Karst\data\sec\submissions\CIK0000010795.json
silent-revisions,C:\projects\Karst\experiments\2026-09-02-silent-revisions\data\submissions\CIK0000011544.json,167681,a2ebaad655bf0b00a28aa9aca526ba2bbf082d521f65dcc2eb44f041a79af0be,C:\projects\Karst\data\sec\submissions\CIK0000011544.json
silent-revisions,C:\projects\Karst\experiments\2026-09-02-silent-revisions\data\submissions\CIK0000012927.json,146883,8892f8403c90c4a081a4e6a7f6e4420933d37ad951cce6e1fcf9def6d0a3ffb8,C:\projects\Karst\data\sec\submissions\CIK0000012927.json
silent-revisions,C:\projects\Karst\experiments\2026-09-02-silent-revisions\data\submissions\CIK0000014272.json,164134,c185ab0a6dc6ecd24a9d9cb4c9b1b545da763d0b5212bc050537ed1c35311ac5,C:\projects\Karst\data\sec\submissions\CIK0000014272.json
silent-revisions,C:\projects\Karst\experiments\2026-09-02-silent-revisions\data\submissions\CIK0000014693.json,164924,fb84bb2f6b1bd54c25d5c2b927aae28f650d3ae9b4bf68067393a7e97f0cae7e,C:\projects\Karst\data\sec\submissions\CIK0000014693.json
silent-revisions,C:\projects\Karst\experiments\2026-09-02-silent-revisions\data\submissions\CIK0000016918.json,161039,f3c0162dd582db76062b096d7802f1c5b3d5a92f665c06f77bcfc1d585953e9d,C:\projects\Karst\data\sec\submissions\CIK0000016918.json
silent-revisions,C:\projects\Karst\experiments\2026-09-02-silent-revisions\data\submissions\CIK0000018230.json,167604,10f85df00c7188650eac7c288c7f6633c972a9bf76905387b0a0d4c3d922bd15,C:\projects\Karst\data\sec\submissions\CIK0000018230.json
silent-revisions,C:\projects\Karst\experiments\2026-09-02-silent-revisions\data\submissions\CIK0000019617.json,4632264,575d9a36cfea0f39cca2c924c3e88b1bfcf88bebe68e024f445526f080a8b7a8,C:\projects\Karst\data\sec\submissions\CIK0000019617.json
silent-revisions,C:\projects\Karst\experiments\2026-09-02-silent-revisions\data\submissions\CIK0000020286.json,167087,627a1b896c6764cdc09a86e5ca52ecfc16ec1af00baa5ae96ffc39db4fee62b4,C:\projects\Karst\data\sec\submissions\CIK0000020286.json
silent-revisions,C:\projects\Karst\experiments\2026-09-02-silent-revisions\data\submissions\CIK0000021076.json,149520,6e6e6fab863241cc34f507a47d88383c49832e863632036579b4ec80a4a4d6a6,C:\projects\Karst\data\sec\submissions\CIK0000021076.json
silent-revisions,C:\projects\Karst\experiments\2026-09-02-silent-revisions\data\submissions\CIK0000021344.json,158788,f3e144fdab520ef86dc9aea18d5b93485df2aceababe570cae9084a675beb652,C:\projects\Karst\data\sec\submissions\CIK0000021344.json
silent-revisions,C:\projects\Karst\experiments\2026-09-02-silent-revisions\data\submissions\CIK0000021665.json,147592,73e1308a7b2c4f7246ed1ba981e7a8e89e8fdd6a40b01c3374be95fabad45b9d,C:\projects\Karst\data\sec\submissions\CIK0000021665.json
silent-revisions,C:\projects\Karst\experiments\2026-09-02-silent-revisions\data\submissions\CIK0000024545.json,167599,006b16218c46cbd793db48efd9d21a7f69cff96356227cf2c571865468f6cac1,C:\projects\Karst\data\sec\submissions\CIK0000024545.json
silent-revisions,C:\projects\Karst\experiments\2026-09-02-silent-revisions\data\submissions\CIK0000024741.json,157184,a7c48ccae5e07337699a42ed7ee15979391c09c4d28575fa1b41305c56e09f64,C:\projects\Karst\data\sec\submissions\CIK0000024741.json
silent-revisions,C:\projects\Karst\experiments\2026-09-02-silent-revisions\data\submissions\CIK0000026172.json,147580,9c5fb0d104cdff64e9c3aa4224602fbeae9213e25e61314bdb550afbf5dc7398,C:\projects\Karst\data\sec\submissions\CIK0000026172.json
silent-revisions,C:\projects\Karst\experiments\2026-09-02-silent-revisions\data\submissions\CIK0000027419.json,149794,ae344f36dc7d7fe533a94b7209661ce538491e3c1cbbb9fe4bfbbdaef0ab7e65,C:\projects\Karst\data\sec\submissions\CIK0000027419.json
silent-revisions,C:\projects\Karst\experiments\2026-09-02-silent-revisions\data\submissions\CIK0000027904.json,154789,e9980cea6913fd09759e94cba1d45c3d14f20f30b4b66eaf965cad16c71d2485,C:\projects\Karst\data\sec\submissions\CIK0000027904.json
silent-revisions,C:\projects\Karst\experiments\2026-09-02-silent-revisions\data\submissions\CIK0000029534.json,171337,2394d926fa3ba458dc948499eb75ed002f9b2b01ea96310e8eec865207da08e9,C:\projects\Karst\data\sec\submissions\CIK0000029534.json
silent-revisions,C:\projects\Karst\experiments\2026-09-02-silent-revisions\data\submissions\CIK0000029905.json,168469,7415ac717bbe91f288f86e58039213bc275cc120ba1aa80198b5e9832c956784,C:\projects\Karst\data\sec\submissions\CIK0000029905.json
silent-revisions,C:\projects\Karst\experiments\2026-09-02-silent-revisions\data\submissions\CIK0000029989.json,157110,fa77c36385597afbc6752063fd008a8c287133acec4dca93e8838371e39bb69f,C:\projects\Karst\data\sec\submissions\CIK0000029989.json
silent-revisions,C:\projects\Karst\experiments\2026-09-02-silent-revisions\data\submissions\CIK0000030554.json,158458,328b24d16bb7c2167c2087d2325f093685fedb470a0fcc6573c3fd6ea7047e72,C:\projects\Karst\data\sec\submissions\CIK0000030554.json
silent-revisions,C:\projects\Karst\experiments\2026-09-02-silent-revisions\data\submissions\CIK0000031462.json,157270,890e7e91e19b85eb571cf2704684e75320cdc1b6ed8316cd1e4cf89bc082636b,C:\projects\Karst\data\sec\submissions\CIK0000031462.json
silent-revisions,C:\projects\Karst\experiments\2026-09-02-silent-revisions\data\submissions\CIK0000031791.json,159009,6fae9961f22a3071538e98a74cafa9aef7ebbeea93fcab3ea896ecd6e3cbb78c,C:\projects\Karst\data\sec\submissions\CIK0000031791.json
silent-revisions,C:\projects\Karst\experiments\2026-09-02-silent-revisions\data\submissions\CIK0000032604.json,163598,221bd29d873cef31b0f8387ceba93e82e0e744a7cacc603c3107a345701aacb9,C:\projects\Karst\data\sec\submissions\CIK0000032604.json
silent-revisions,C:\projects\Karst\experiments\2026-09-02-silent-revisions\data\submissions\CIK0000033185.json,148136,646f2e52779e30ffa5dca26f4be2d23cba170ced19898c8fe6a1d71374b1baaa,C:\projects\Karst\data\sec\submissions\CIK0000033185.json
silent-revisions,C:\projects\Karst\experiments\2026-09-02-silent-revisions\data\submissions\CIK0000034903.json,163357,ce3c9be2f794a0c9510a19923f600d31508ea7a3dd11d22222592d364b5f6956,C:\projects\Karst\data\sec\submissions\CIK0000034903.json
silent-revisions,C:\projects\Karst\experiments\2026-09-02-silent-revisions\data\submissions\CIK0000035527.json,162974,62d8df7db902cffa093cd2037b7f9a3e580163da0c126892d0b7a98bd6075970,C:\projects\Karst\data\sec\submissions\CIK0000035527.json
silent-revisions,C:\projects\Karst\experiments\2026-09-02-silent-revisions\data\submissions\CIK0000036104.json,158459,b02ace6ad81c88363a03fa2bba7fbf8d522f8359344deda873b0096ba96965ef,C:\projects\Karst\data\sec\submissions\CIK0000036104.json
silent-revisions,C:\projects\Karst\experiments\2026-09-02-silent-revisions\data\submissions\CIK0000036270.json,158461,dc2c7f079318d6a69697d9b80f42a99801a46413fc1cb6c8a7ac02913405294c,C:\projects\Karst\data\sec\submissions\CIK0000036270.json
silent-revisions,C:\projects\Karst\experiments\2026-09-02-silent-revisions\data\submissions\CIK0000037996.json,160015,2e312b9a7c22fc6b22a4c68dc2b2924274426be1e672178d40428ff655fcae53,C:\projects\Karst\data\sec\submissions\CIK0000037996.json
silent-revisions,C:\projects\Karst\experiments\2026-09-02-silent-revisions\data\submissions\CIK0000038777.json,157921,1b037a5e9d0b9baf9f4c601d33200c503738c9569680f52bd31896a05bfe5ce8,C:\projects\Karst\data\sec\submissions\CIK0000038777.json
silent-revisions,C:\projects\Karst\experiments\2026-09-02-silent-revisions\data\submissions\CIK0000040533.json,154950,9de78cc0f0dcca4dd42fc99630dc9c3cf457a102017c3322701c118fc900eab5,C:\projects\Karst\data\sec\submissions\CIK0000040533.json
silent-revisions,C:\projects\Karst\experiments\2026-09-02-silent-revisions\data\submissions\CIK0000040545.json,166111,12619750819eabb9117aa9ae1ab8b713d317ba566bbeab66cada993f682472cc,C:\projects\Karst\data\sec\submissions\CIK0000040545.json
silent-revisions,C:\projects\Karst\experiments\2026-09-02-silent-revisions\data\submissions\CIK0000040704.json,157684,6941617968c1153a5903ee8f74731e2503b3e0be66fdfda5c00979cb561053ce,C:\projects\Karst\data\sec\submissions\CIK0000040704.json
silent-revisions,C:\projects\Karst\experiments\2026-09-02-silent-revisions\data\submissions\CIK0000040987.json,158273,288fbe41216cc878f25b79693c8e0b5b08a264441fc4c4739eb4d3c95cd62bce,C:\projects\Karst\data\sec\submissions\CIK0000040987.json
silent-revisions,C:\projects\Karst\experiments\2026-09-02-silent-revisions\data\submissions\CIK0000045012.json,181359,98bdeef6f1c1e3592ad491901a4d9151404da2f23648b782f7dafb35734b7696,C:\projects\Karst\data\sec\submissions\CIK0000045012.json
silent-revisions,C:\projects\Karst\experiments\2026-09-02-silent-revisions\data\submissions\CIK0000046080.json,163755,6834f24c52096d858490d9376da81a6b6eef88d1e00eb3a71f1e08a16b3a853d,C:\projects\Karst\data\sec\submissions\CIK0000046080.json
silent-revisions,C:\projects\Karst\experiments\2026-09-02-silent-revisions\data\submissions\CIK0000047111.json,161084,547f8aeb451772131d8991259ed1cbdf12b6841a18377ef9336be563f0fb53c0,C:\projects\Karst\data\sec\submissions\CIK0000047111.json
silent-revisions,C:\projects\Karst\experiments\2026-09-02-silent-revisions\data\submissions\CIK0000047217.json,162839,7efe07566cb2f6fab555cd4b89bf51da84d92d6c050d3e525a50e2870e7a7ef4,C:\projects\Karst\data\sec\submissions\CIK0000047217.json
silent-revisions,C:\projects\Karst\experiments\2026-09-02-silent-revisions\data\submissions\CIK0000048465.json,155964,894d516e1e1d094e6c27dd9d44116749e296e0010781e4725da65a2eea4a2791,C:\projects\Karst\data\sec\submissions\CIK0000048465.json
silent-revisions,C:\projects\Karst\experiments\2026-09-02-silent-revisions\data\submissions\CIK0000048898.json,163725,978e2f497f6e6407210ea7a13a1ca72b01ed7fc789603cc6c846999ee52e9642,C:\projects\Karst\data\sec\submissions\CIK0000048898.json
silent-revisions,C:\projects\Karst\experiments\2026-09-02-silent-revisions\data\submissions\CIK0000049071.json,174447,8d4c57beef77ff50aa4aa8f3de39055aa64705a80ccf94c4b3d7b4a4cafef3f4,C:\projects\Karst\data\sec\submissions\CIK0000049071.json
silent-revisions,C:\projects\Karst\experiments\2026-09-02-silent-revisions\data\submissions\CIK0000049196.json,146298,205cbc97a5031bfc7332de10dc0cb9d580e1c6da23294c08902575bfdec819fc,C:\projects\Karst\data\sec\submissions\CIK0000049196.json
silent-revisions,C:\projects\Karst\experiments\2026-09-02-silent-revisions\data\submissions\CIK0000049826.json,163270,370cca865e25e38e156aa403b817b920c496705c7093c33651d2ad858140841c,C:\projects\Karst\data\sec\submissions\CIK0000049826.json
silent-revisions,C:\projects\Karst\experiments\2026-09-02-silent-revisions\data\submissions\CIK0000050863.json,159463,2571798058d2159930fc29f2071045d6f5f03251ba604d4fefda4dc7d8dfc5e9,C:\projects\Karst\data\sec\submissions\CIK0000050863.json
silent-revisions,C:\projects\Karst\experiments\2026-09-02-silent-revisions\data\submissions\CIK0000051143.json,166091,0d698f754c7aa7f9373bc90b65d73d801e018ad176b6ffb5e4ec0f6d18fa984f,C:\projects\Karst\data\sec\submissions\CIK0000051143.json
silent-revisions,C:\projects\Karst\experiments\2026-09-02-silent-revisions\data\submissions\CIK0000051253.json,146087,58b6c5d76e40163960ed38aba953325867c3e12be2041d13356a9fe38be859fa,C:\projects\Karst\data\sec\submissions\CIK0000051253.json
silent-revisions,C:\projects\Karst\experiments\2026-09-02-silent-revisions\data\submissions\CIK0000051434.json,160406,4f443bae48a6ceec2205284c5f1294fbefd1eb814651e306a663ec89773f76d7,C:\projects\Karst\data\sec\submissions\CIK0000051434.json
silent-revisions,C:\projects\Karst\experiments\2026-09-02-silent-revisions\data\submissions\CIK0000055785.json,147432,386b7437ebd72b893c1abbeff506a86ad3076d8429ac6b6597fce3829f4db9a8,C:\projects\Karst\data\sec\submissions\CIK0000055785.json
silent-revisions,C:\projects\Karst\experiments\2026-09-02-silent-revisions\data\submissions\CIK0000056873.json,155152,5880c246c8262731ea3b27305ee935c1f7733e46b1ee836de6dd2fb92abd0ad2,C:\projects\Karst\data\sec\submissions\CIK0000056873.json
silent-revisions,C:\projects\Karst\experiments\2026-09-02-silent-revisions\data\submissions\CIK0000059478.json,159541,ae40b1d26f42aa2459384ebe1fd2943b159fadca75805289aa1bb0ca33141cbe,C:\projects\Karst\data\sec\submissions\CIK0000059478.json
silent-revisions,C:\projects\Karst\experiments\2026-09-02-silent-revisions\data\submissions\CIK0000060086.json,155753,f5e6e543b9cfb162c745404a16920cb3d49206563735bf815bc39ae09a55bea5,C:\projects\Karst\data\sec\submissions\CIK0000060086.json
silent-revisions,C:\projects\Karst\experiments\2026-09-02-silent-revisions\data\submissions\CIK0000060667.json,163933,40f3d14010e121c90fb387f207f37af73fc64241ae5b51975109fba22aa03867,C:\projects\Karst\data\sec\submissions\CIK0000060667.json
silent-revisions,C:\projects\Karst\experiments\2026-09-02-silent-revisions\data\submissions\CIK0000062996.json,147854,5cd528d461b824cbb72398062bac5f7a9b81f36eb57d7d09770f3d436eb3fb90,C:\projects\Karst\data\sec\submissions\CIK0000062996.json
silent-revisions,C:\projects\Karst\experiments\2026-09-02-silent-revisions\data\submissions\CIK0000063754.json,183806,f3116a3a5ff56677d88679fd0055b7c59a69ced165709ea8b88433ef4e40ab22,C:\projects\Karst\data\sec\submissions\CIK0000063754.json
silent-revisions,C:\projects\Karst\experiments\2026-09-02-silent-revisions\data\submissions\CIK0000063908.json,157403,18a98eaa197fcb52b93d5f20f3b06e571442993cbdb837b688e45b1bef3241f4,C:\projects\Karst\data\sec\submissions\CIK0000063908.json
silent-revisions,C:\projects\Karst\experiments\2026-09-02-silent-revisions\data\submissions\CIK0000064040.json,164144,4ce44eb546467c2538e8ed4965e60b95cc4112c94c775d9c20b46ff431c710f1,C:\projects\Karst\data\sec\submissions\CIK0000064040.json
silent-revisions,C:\projects\Karst\experiments\2026-09-02-silent-revisions\data\submissions\CIK0000064803.json,158930,4412a456d8ef45ab2d20e1ca49d9e7b5e918da64f6db76cfd3e3cc942bc8bd59,C:\projects\Karst\data\sec\submissions\CIK0000064803.json
silent-revisions,C:\projects\Karst\experiments\2026-09-02-silent-revisions\data\submissions\CIK0000065984.json,167657,7d2d21b33d91d83372413f95136c1079d59ec21dfaa1a6514845bdb2dcfaa247,C:\projects\Karst\data\sec\submissions\CIK0000065984.json
silent-revisions,C:\projects\Karst\experiments\2026-09-02-silent-revisions\data\submissions\CIK0000066740.json,160005,9f5fa14f2d2f14fa2810523d7069aea72bcbbd70b0d01bb754fc7c097bcf3451,C:\projects\Karst\data\sec\submissions\CIK0000066740.json
silent-revisions,C:\projects\Karst\experiments\2026-09-02-silent-revisions\data\submissions\CIK0000068505.json,168552,e10d0351372e7783c3b47e6993f4a9c971cb0739eed72655b0c92002596cda18,C:\projects\Karst\data\sec\submissions\CIK0000068505.json
silent-revisions,C:\projects\Karst\experiments\2026-09-02-silent-revisions\data\submissions\CIK0000070858.json,1777412,810ec5a5a883a02865b4c12d7d0e0bc640ca232ebdd9fac89d5e19cb6e8ef1fb,C:\projects\Karst\data\sec\submissions\CIK0000070858.json
silent-revisions,C:\projects\Karst\experiments\2026-09-02-silent-revisions\data\submissions\CIK0000072331.json,163208,dde63e014cab5bdc6e2b2933f861ffdb87a665792b19ab33961c223ae8962af6,C:\projects\Karst\data\sec\submissions\CIK0000072331.json
silent-revisions,C:\projects\Karst\experiments\2026-09-02-silent-revisions\data\submissions\CIK0000072741.json,162371,60d078994720be6c481e29c9592a4b55ef485b15c5afa715f37efc6223039eb5,C:\projects\Karst\data\sec\submissions\CIK0000072741.json
silent-revisions,C:\projects\Karst\experiments\2026-09-02-silent-revisions\data\submissions\CIK0000072903.json,152494,2ce71326b5895cc69a20ed75989db5f0c2566d52cd07b41dd565dc760102844c,C:\projects\Karst\data\sec\submissions\CIK0000072903.json
silent-revisions,C:\projects\Karst\experiments\2026-09-02-silent-revisions\data\submissions\CIK0000072971.json,187697,e260367993a2cc43bee06b3ed0aa31d320ce3b9be07bb2fe56d28798ec264bc0,C:\projects\Karst\data\sec\submissions\CIK0000072971.json
silent-revisions,C:\projects\Karst\experiments\2026-09-02-silent-revisions\data\submissions\CIK0000073124.json,162521,bd36463886fadd15e908bafb959fdb355aad933eb2e8fe9d12b446b13c146beb,C:\projects\Karst\data\sec\submissions\CIK0000073124.json
silent-revisions,C:\projects\Karst\experiments\2026-09-02-silent-revisions\data\submissions\CIK0000073309.json,157640,717173c6bb895a21937a558a09a31d911e6a08e49726b76252ed4fa02fae8bfd,C:\projects\Karst\data\sec\submissions\CIK0000073309.json
silent-revisions,C:\projects\Karst\experiments\2026-09-02-silent-revisions\data\submissions\CIK0000074208.json,159080,a3c39a0a364d3d3e06759dacc8b545d49ac79fdaedc1150a5e71f573d68bd569,C:\projects\Karst\data\sec\submissions\CIK0000074208.json
silent-revisions,C:\projects\Karst\experiments\2026-09-02-silent-revisions\data\submissions\CIK0000075362.json,141578,4300992ac95c7572397eb2f815d87440aa4cb0ddaae95a5879fd1be90d047a01,C:\projects\Karst\data\sec\submissions\CIK0000075362.json
silent-revisions,C:\projects\Karst\experiments\2026-09-02-silent-revisions\data\submissions\CIK0000075677.json,158411,8170f1b989b48c5971c334c08587b3f0bd3d20c41d084c5c87548bd9c40f663a,C:\projects\Karst\data\sec\submissions\CIK0000075677.json
silent-revisions,C:\projects\Karst\experiments\2026-09-02-silent-revisions\data\submissions\CIK0000076334.json,172411,f5c3d30d4bd88882c740383dbec9d1b5ed047c460852f6529f0af8aaecfe89de,C:\projects\Karst\data\sec\submissions\CIK0000076334.json
silent-revisions,C:\projects\Karst\experiments\2026-09-02-silent-revisions\data\submissions\CIK0000077360.json,153198,7d3906be82655db4577ad99175f0450b6b8388b19305dd6ba619db384b16b14f,C:\projects\Karst\data\sec\submissions\CIK0000077360.json
silent-revisions,C:\projects\Karst\experiments\2026-09-02-silent-revisions\data\submissions\CIK0000077476.json,162290,78a5ef7e21df9d597bd3ae154fa1ecd4b1ec39de2241ddf3baadd577399f4ab9,C:\projects\Karst\data\sec\submissions\CIK0000077476.json
silent-revisions,C:\projects\Karst\experiments\2026-09-02-silent-revisions\data\submissions\CIK0000078003.json,145938,15aea7b65397e67dee18c9c2525002fcfbeb9c2f17872df53c301748d383299a,C:\projects\Karst\data\sec\submissions\CIK0000078003.json
silent-revisions,C:\projects\Karst\experiments\2026-09-02-silent-revisions\data\submissions\CIK0000079282.json,157643,a6de6e779e2dc5eefecc90e942cf1de1681ebb0e5cb1ad85b9848abd7d3ec64c,C:\projects\Karst\data\sec\submissions\CIK0000079282.json
silent-revisions,C:\projects\Karst\experiments\2026-09-02-silent-revisions\data\submissions\CIK0000079879.json,158749,83065253f460122f4df4210bc0f0af90fb24c3a09becbb87e92e01e45d4cea40,C:\projects\Karst\data\sec\submissions\CIK0000079879.json
silent-revisions,C:\projects\Karst\experiments\2026-09-02-silent-revisions\data\submissions\CIK0000080424.json,161009,dfc58906726a5530b50a4eca60a7130fc98878fd0cee0f31e2190cda88fe1ebc,C:\projects\Karst\data\sec\submissions\CIK0000080424.json
silent-revisions,C:\projects\Karst\experiments\2026-09-02-silent-revisions\data\submissions\CIK0000080661.json,155808,f220a9c26a6a02f334b63d6891211a51b91c6aa0d15e98e06684b359852d33f4,C:\projects\Karst\data\sec\submissions\CIK0000080661.json
silent-revisions,C:\projects\Karst\experiments\2026-09-02-silent-revisions\data\submissions\CIK0000084839.json,163249,c91339bb3fdcf5cac5593673ede92f514b1f8735be37a5453bc06e09a7a0eb32,C:\projects\Karst\data\sec\submissions\CIK0000084839.json
silent-revisions,C:\projects\Karst\experiments\2026-09-02-silent-revisions\data\submissions\CIK0000086312.json,158730,5fd4584fb7c1766cf8a5ea7a853a7fdd2ad40007c67b513418af97bbbaef74e9,C:\projects\Karst\data\sec\submissions\CIK0000086312.json
silent-revisions,C:\projects\Karst\experiments\2026-09-02-silent-revisions\data\submissions\CIK0000087347.json,158129,0ce6915e3b6c91ca2d1886aee624eb07265b13a4baa7d759ee82d8fd73ab25ff,C:\projects\Karst\data\sec\submissions\CIK0000087347.json
silent-revisions,C:\projects\Karst\experiments\2026-09-02-silent-revisions\data\submissions\CIK0000089800.json,158102,2d65a7632bc9dfe7177fd2f046a6de1bcc1e1ce2324d4930995d52820441e4ef,C:\projects\Karst\data\sec\submissions\CIK0000089800.json
silent-revisions,C:\projects\Karst\experiments\2026-09-02-silent-revisions\data\submissions\CIK0000091142.json,158200,1857624be6dbaadac5c4ac919b4490cea48d7a767c3bcf112921564a316a5730,C:\projects\Karst\data\sec\submissions\CIK0000091142.json
silent-revisions,C:\projects\Karst\experiments\2026-09-02-silent-revisions\data\submissions\CIK0000091419.json,160496,e5119d618ebb8a0ede23217fac131eb02d650943e0bd712376ec7744dfc3b731,C:\projects\Karst\data\sec\submissions\CIK0000091419.json
silent-revisions,C:\projects\Karst\experiments\2026-09-02-silent-revisions\data\submissions\CIK0000091440.json,158532,ea52285648396bb60a53cf6fd1365e49bab09b09a385d99b05206e321bdb4c1a,C:\projects\Karst\data\sec\submissions\CIK0000091440.json
silent-revisions,C:\projects\Karst\experiments\2026-09-02-silent-revisions\data\submissions\CIK0000091576.json,161362,4ac728dc9c5b3872097984d58eaa763fe489da2b9b1268c7feefc2ca4c85787e,C:\projects\Karst\data\sec\submissions\CIK0000091576.json
silent-revisions,C:\projects\Karst\experiments\2026-09-02-silent-revisions\data\submissions\CIK0000092122.json,155980,8e190ef719570adc1497824f274b64bbf982b8867f29f3217d06f2b2de18f832,C:\projects\Karst\data\sec\submissions\CIK0000092122.json
silent-revisions,C:\projects\Karst\experiments\2026-09-02-silent-revisions\data\submissions\CIK0000092230.json,163914,5b7ffdb2fc2597ec7581a560e4a5fd0ac8a5e8b63d0ed75ccedf2b6a8c6e61d5,C:\projects\Karst\data\sec\submissions\CIK0000092230.json
silent-revisions,C:\projects\Karst\experiments\2026-09-02-silent-revisions\data\submissions\CIK0000092380.json,170714,20ba4162130e0b94f8324947d4d20650affbe3e8697db7f6ee5347c3cacb98f0,C:\projects\Karst\data\sec\submissions\CIK0000092380.json
silent-revisions,C:\projects\Karst\experiments\2026-09-02-silent-revisions\data\submissions\CIK0000093410.json,157822,bf057bef16c6300d706fb699e86f92dd43d87751031d5080aa54aae61fdd54c3,C:\projects\Karst\data\sec\submissions\CIK0000093410.json
silent-revisions,C:\projects\Karst\experiments\2026-09-02-silent-revisions\data\submissions\CIK0000093556.json,157765,ec0869271d12f7120de7d5ff025114308c500ab03ea5da66ba4d3a4470c5526e,C:\projects\Karst\data\sec\submissions\CIK0000093556.json
silent-revisions,C:\projects\Karst\experiments\2026-09-02-silent-revisions\data\submissions\CIK0000093751.json,162980,baf97d7b4edbe8ca299cf67c45052cb69e96633c61095ed8d3b5cbc2e8d9202f,C:\projects\Karst\data\sec\submissions\CIK0000093751.json
silent-revisions,C:\projects\Karst\experiments\2026-09-02-silent-revisions\data\submissions\CIK0000096021.json,160997,0c01b829f6da073ceb1fb472f2e7df5d2583bfab3438670619ebb892ea0467bb,C:\projects\Karst\data\sec\submissions\CIK0000096021.json
silent-revisions,C:\projects\Karst\experiments\2026-09-02-silent-revisions\data\submissions\CIK0000097210.json,156897,9ab037f72377476966a7906f7c82a884ee09a75e6ae7e079963430facceeae54,C:\projects\Karst\data\sec\submissions\CIK0000097210.json
silent-revisions,C:\projects\Karst\experiments\2026-09-02-silent-revisions\data\submissions\CIK0000097476.json,157897,c6deae715c16966b751713037b53d6ec0f064838ecf06b465c82eb8893147330,C:\projects\Karst\data\sec\submissions\CIK0000097476.json
silent-revisions,C:\projects\Karst\experiments\2026-09-02-silent-revisions\data\submissions\CIK0000097745.json,158637,f224b0e56b7aa113309e801972ea3e961bba3aec3d0f70867cae77f847aac648,C:\projects\Karst\data\sec\submissions\CIK0000097745.json
silent-revisions,C:\projects\Karst\experiments\2026-09-02-silent-revisions\data\submissions\CIK0000100493.json,165272,6230741d948a81fd50b50ec50667af91c0358b854cee9c84e6da708a47a86777,C:\projects\Karst\data\sec\submissions\CIK0000100493.json
silent-revisions,C:\projects\Karst\experiments\2026-09-02-silent-revisions\data\submissions\CIK0000100517.json,162200,cae8ad329f5cbdc6d382e5cd6dbd4d8ff867405c5d1e769dd18051f18883ed7a,C:\projects\Karst\data\sec\submissions\CIK0000100517.json
silent-revisions,C:\projects\Karst\experiments\2026-09-02-silent-revisions\data\submissions\CIK0000100885.json,156489,979cc3b6707dfe100e8f020137fb7dda769b7af48feeb39dee3b30474aa59a0b,C:\projects\Karst\data\sec\submissions\CIK0000100885.json
silent-revisions,C:\projects\Karst\experiments\2026-09-02-silent-revisions\data\submissions\CIK0000104169.json,157449,e4a17a54047ace363371740b4325abe46dfc7638f3a18fc8e765d8afbb289553,C:\projects\Karst\data\sec\submissions\CIK0000104169.json
silent-revisions,C:\projects\Karst\experiments\2026-09-02-silent-revisions\data\submissions\CIK0000105634.json,172692,bcd33fce63b1cb9c39496500d4dcfcccb09777f402f5e5e7a7c71afbf8c448f2,C:\projects\Karst\data\sec\submissions\CIK0000105634.json
silent-revisions,C:\projects\Karst\experiments\2026-09-02-silent-revisions\data\submissions\CIK0000105770.json,159298,be376a1ffa83387fd7395b4c323f3700d774f9bc752eff63ef4e520e2f00c974,C:\projects\Karst\data\sec\submissions\CIK0000105770.json
silent-revisions,C:\projects\Karst\experiments\2026-09-02-silent-revisions\data\submissions\CIK0000106040.json,161057,6b7e2ec86217dc6b7fe38c0701bbb72a87d88ad866967d67fbdf229a70a19972,C:\projects\Karst\data\sec\submissions\CIK0000106040.json
silent-revisions,C:\projects\Karst\experiments\2026-09-02-silent-revisions\data\submissions\CIK0000106535.json,154912,c780eeb2698ecbb6033ebcbafc6ecc46c1ccd8bc5b8c270584aea3a5fe2777a2,C:\projects\Karst\data\sec\submissions\CIK0000106535.json
silent-revisions,C:\projects\Karst\experiments\2026-09-02-silent-revisions\data\submissions\CIK0000107263.json,160217,3d69b5a4773b0440d8ccdce100550862f71d48277b4dad0bacca29003fa77cd7,C:\projects\Karst\data\sec\submissions\CIK0000107263.json
silent-revisions,C:\projects\Karst\experiments\2026-09-02-silent-revisions\data\submissions\CIK0000109198.json,158022,5c2a17109127481d17becbc65916dda7e492259de54066b55980171f64dbce70,C:\projects\Karst\data\sec\submissions\CIK0000109198.json
silent-revisions,C:\projects\Karst\experiments\2026-09-02-silent-revisions\data\submissions\CIK0000200406.json,154164,b941aa649ba0a7b6d8cd20a0208bcbfa8f4129336d338dafee3c172fe241fc1f,C:\projects\Karst\data\sec\submissions\CIK0000200406.json
silent-revisions,C:\projects\Karst\experiments\2026-09-02-silent-revisions\data\submissions\CIK0000202058.json,159981,47eefa2d18d505fb5f58c31ec495385bdcfc9d22bc16e32ee18435d9d7dd28d8,C:\projects\Karst\data\sec\submissions\CIK0000202058.json
silent-revisions,C:\projects\Karst\experiments\2026-09-02-silent-revisions\data\submissions\CIK0000217346.json,161346,6a605c3dc5818bdf243a81ac052f7eae0a5f7b998df67c04fb6406869d3cdb36,C:\projects\Karst\data\sec\submissions\CIK0000217346.json
silent-revisions,C:\projects\Karst\experiments\2026-09-02-silent-revisions\data\submissions\CIK0000277135.json,159847,8498fbaff3add42cbd7ce6f3043781e5351fd2a1b65d7e8e76f090986c65d51d,C:\projects\Karst\data\sec\submissions\CIK0000277135.json
silent-revisions,C:\projects\Karst\experiments\2026-09-02-silent-revisions\data\submissions\CIK0000277948.json,158508,cccbed08ef0d640144a41c18c4a71cdbd763b34c24ca94a96789a217a70943f3,C:\projects\Karst\data\sec\submissions\CIK0000277948.json
silent-revisions,C:\projects\Karst\experiments\2026-09-02-silent-revisions\data\submissions\CIK0000310158.json,158732,6e4e799a4a644794448418dfe96d6416d3e7d0be12ae75c8f8f993b5130f1afe,C:\projects\Karst\data\sec\submissions\CIK0000310158.json
silent-revisions,C:\projects\Karst\experiments\2026-09-02-silent-revisions\data\submissions\CIK0000310764.json,163170,c0e8159628bda6163fe5885e2a88f35e8b21c828bfbf8d516842de877ff5c6db,C:\projects\Karst\data\sec\submissions\CIK0000310764.json
silent-revisions,C:\projects\Karst\experiments\2026-09-02-silent-revisions\data\submissions\CIK0000313616.json,160715,ad1f80ffd9907bd025879a4d5e9b87087877f216e25e1b8227299548e5f7cc98,C:\projects\Karst\data\sec\submissions\CIK0000313616.json
silent-revisions,C:\projects\Karst\experiments\2026-09-02-silent-revisions\data\submissions\CIK0000313927.json,156668,75702307f5b3104e028d2206646ac6884f4b942e9146ef434c7d4441240a6095,C:\projects\Karst\data\sec\submissions\CIK0000313927.json
silent-revisions,C:\projects\Karst\experiments\2026-09-02-silent-revisions\data\submissions\CIK0000315189.json,163702,d6de0156d390e12a2052ca6630ad07ea10aa39567e2f74362e491236ff19d72e,C:\projects\Karst\data\sec\submissions\CIK0000315189.json
silent-revisions,C:\projects\Karst\experiments\2026-09-02-silent-revisions\data\submissions\CIK0000315293.json,156763,c96344fc17e8fc94fc8664c4d7b287f9b19fb75c7d930bc967df8d7f32aecf2c,C:\projects\Karst\data\sec\submissions\CIK0000315293.json
silent-revisions,C:\projects\Karst\experiments\2026-09-02-silent-revisions\data\submissions\CIK0000316709.json,159100,d2a3218860f9899e98ca0f35342a66b89c6ed4b54b52990fbcbb97a81553d4bc,C:\projects\Karst\data\sec\submissions\CIK0000316709.json
silent-revisions,C:\projects\Karst\experiments\2026-09-02-silent-revisions\data\submissions\CIK0000318154.json,158612,1a5aa33054d8b4abc674578b170a6dd023c293c3cb2001d1a69588f1696f49b3,C:\projects\Karst\data\sec\submissions\CIK0000318154.json
silent-revisions,C:\projects\Karst\experiments\2026-09-02-silent-revisions\data\submissions\CIK0000319201.json,159167,8a8f2c4971ce09a8609c9fded98bed2a395c91d71b4a7bd7a4b64608709e3acd,C:\projects\Karst\data\sec\submissions\CIK0000319201.json
silent-revisions,C:\projects\Karst\experiments\2026-09-02-silent-revisions\data\submissions\CIK0000320187.json,160560,77c756a840e1d0a46f6c80a111a71ffa951123d11ec21fee964b6a80ef8293b4,C:\projects\Karst\data\sec\submissions\CIK0000320187.json
silent-revisions,C:\projects\Karst\experiments\2026-09-02-silent-revisions\data\submissions\CIK0000320193.json,164326,a8517ecc03287acf416567cbdf7c167dd729a4e5a6bcbce9a0e3ff1087f37b08,C:\projects\Karst\data\sec\submissions\CIK0000320193.json
silent-revisions,C:\projects\Karst\experiments\2026-09-02-silent-revisions\data\submissions\CIK0000320335.json,176988,1427361048b78f63d52d4ed289f7141e0e5791bca4f8bdf2968f61c080b6b434,C:\projects\Karst\data\sec\submissions\CIK0000320335.json
silent-revisions,C:\projects\Karst\experiments\2026-09-02-silent-revisions\data\submissions\CIK0000352541.json,164057,934863e99717a504b8b6e81f6a92afbccb8510d3725b6395ba573ba2770a68c8,C:\projects\Karst\data\sec\submissions\CIK0000352541.json
silent-revisions,C:\projects\Karst\experiments\2026-09-02-silent-revisions\data\submissions\CIK0000352915.json,162138,943ad55496cc8297bfeb979f620116ca030a8a6abe9e295cc17353c64d1774f1,C:\projects\Karst\data\sec\submissions\CIK0000352915.json
silent-revisions,C:\projects\Karst\experiments\2026-09-02-silent-revisions\data\submissions\CIK0000354190.json,158149,d4c232bd4a51d0a72118898bec15311b7542745e7c3a2e1f7f2e84885cb1870c,C:\projects\Karst\data\sec\submissions\CIK0000354190.json
silent-revisions,C:\projects\Karst\experiments\2026-09-02-silent-revisions\data\submissions\CIK0000354950.json,161982,8163e89b0eaef65f443982791c2b13f62f1c47bf89998da6263956a66ff3f0ea,C:\projects\Karst\data\sec\submissions\CIK0000354950.json
silent-revisions,C:\projects\Karst\experiments\2026-09-02-silent-revisions\data\submissions\CIK0000702165.json,148916,d2eda3872b32b39d9c5423f45c3e3aad0fc2bd3aa104c6f3fdb2463463172ee1,C:\projects\Karst\data\sec\submissions\CIK0000702165.json
silent-revisions,C:\projects\Karst\experiments\2026-09-02-silent-revisions\data\submissions\CIK0000707549.json,166011,62bc23a5d600f5012ac3c945a64e2d076fe1ebbe388a73adb01498b438029831,C:\projects\Karst\data\sec\submissions\CIK0000707549.json
silent-revisions,C:\projects\Karst\experiments\2026-09-02-silent-revisions\data\submissions\CIK0000711404.json,160871,3a761853bdaa4e799d0eb05beffff3ce03066b74f2bb0530adb4b80c298d820d,C:\projects\Karst\data\sec\submissions\CIK0000711404.json
silent-revisions,C:\projects\Karst\experiments\2026-09-02-silent-revisions\data\submissions\CIK0000713676.json,159855,6ba5f4f72ec0db05d25fd69d5dad6fefbd5cd8e3f586d702c97906ca0bd61015,C:\projects\Karst\data\sec\submissions\CIK0000713676.json
silent-revisions,C:\projects\Karst\experiments\2026-09-02-silent-revisions\data\submissions\CIK0000715957.json,155471,d8597dd036ee66f5bdbb1f2806df0ed5c5846acd93e2e2974e92f8b1c7ff90b2,C:\projects\Karst\data\sec\submissions\CIK0000715957.json
silent-revisions,C:\projects\Karst\experiments\2026-09-02-silent-revisions\data\submissions\CIK0000719955.json,157942,2e5b1559b4fb8ce377a447f7a784952960f6e27152b8a32871abde35ae4fd33b,C:\projects\Karst\data\sec\submissions\CIK0000719955.json
silent-revisions,C:\projects\Karst\experiments\2026-09-02-silent-revisions\data\submissions\CIK0000720005.json,148843,ca3007d55e1dfc938886564576f5a274233c1e3c03f3c44c2fa153a070947643,C:\projects\Karst\data\sec\submissions\CIK0000720005.json
silent-revisions,C:\projects\Karst\experiments\2026-09-02-silent-revisions\data\submissions\CIK0000721371.json,166842,183edff0348cfb4a0989265a7547c3e29f907d475d7c6fdb1891f47937c00201,C:\projects\Karst\data\sec\submissions\CIK0000721371.json
silent-revisions,C:\projects\Karst\experiments\2026-09-02-silent-revisions\data\submissions\CIK0000723125.json,164728,1792d677ccb061981e1d9c868502c9e2d05fd0ec583bc1dfec8b8be377518aae,C:\projects\Karst\data\sec\submissions\CIK0000723125.json
silent-revisions,C:\projects\Karst\experiments\2026-09-02-silent-revisions\data\submissions\CIK0000723254.json,154178,c6b2ab0705ad3b91becf364c3b40f7f5f1908d0183970b1a87a1a51109573012,C:\projects\Karst\data\sec\submissions\CIK0000723254.json
silent-revisions,C:\projects\Karst\experiments\2026-09-02-silent-revisions\data\submissions\CIK0000723531.json,157345,987dd1ae7e834c7771ee0f7ad2ccaac7ba204c05159d5eda3ddf038b3350f3fe,C:\projects\Karst\data\sec\submissions\CIK0000723531.json
silent-revisions,C:\projects\Karst\experiments\2026-09-02-silent-revisions\data\submissions\CIK0000726728.json,164287,1b1247199594bb795a2b0d867ac3a217aab5bb370b9a273fa8fba53ab612ca53,C:\projects\Karst\data\sec\submissions\CIK0000726728.json
silent-revisions,C:\projects\Karst\experiments\2026-09-02-silent-revisions\data\submissions\CIK0000726958.json,164328,92126cdc7edf7ada1e78d75968af680bac08265a54f4683f556a4af641417123,C:\projects\Karst\data\sec\submissions\CIK0000726958.json
silent-revisions,C:\projects\Karst\experiments\2026-09-02-silent-revisions\data\submissions\CIK0000728535.json,165800,58a607bd665b2407357a78ccd06260a467fd5ebdf0c1510ffb749f06be30670b,C:\projects\Karst\data\sec\submissions\CIK0000728535.json
silent-revisions,C:\projects\Karst\experiments\2026-09-02-silent-revisions\data\submissions\CIK0000731766.json,158762,2c6769b584ddd5ed5f2172fa1cb1abf596b9923fc6c8da050552fe9018285a01,C:\projects\Karst\data\sec\submissions\CIK0000731766.json
silent-revisions,C:\projects\Karst\experiments\2026-09-02-silent-revisions\data\submissions\CIK0000731802.json,158787,c74ca4d2956c366dada51037419d576d829667fd1945ab2f27cc1893f09b0358,C:\projects\Karst\data\sec\submissions\CIK0000731802.json
silent-revisions,C:\projects\Karst\experiments\2026-09-02-silent-revisions\data\submissions\CIK0000732712.json,175986,c02c25a699048178493e9eb4e43325290da208b413c471e2ee343eceb2c340ee,C:\projects\Karst\data\sec\submissions\CIK0000732712.json
silent-revisions,C:\projects\Karst\experiments\2026-09-02-silent-revisions\data\submissions\CIK0000732717.json,158959,0de83c46ae95aa232758678f4fd450eec09118eaf1c586b6141aeab95dafded9,C:\projects\Karst\data\sec\submissions\CIK0000732717.json
silent-revisions,C:\projects\Karst\experiments\2026-09-02-silent-revisions\data\submissions\CIK0000740260.json,162900,a9c4789edf348a2b0a7f5324cd5087d4a5c9c0153d2750756a07bd40113c8d81,C:\projects\Karst\data\sec\submissions\CIK0000740260.json
silent-revisions,C:\projects\Karst\experiments\2026-09-02-silent-revisions\data\submissions\CIK0000745732.json,155861,99827804d20506f693e026934d221214e8b790fed273a640a017a6ea89aaa853,C:\projects\Karst\data\sec\submissions\CIK0000745732.json
silent-revisions,C:\projects\Karst\experiments\2026-09-02-silent-revisions\data\submissions\CIK0000746515.json,158793,f6bdf7dac25968f9c504af168ff295c51aa0bba99bdef7fd81c35fa4fbf94d32,C:\projects\Karst\data\sec\submissions\CIK0000746515.json
silent-revisions,C:\projects\Karst\experiments\2026-09-02-silent-revisions\data\submissions\CIK0000749251.json,156070,6079a01f898099fe32f1747a772596010b8237fb5321ec629d44965d2bba2ee9,C:\projects\Karst\data\sec\submissions\CIK0000749251.json
silent-revisions,C:\projects\Karst\experiments\2026-09-02-silent-revisions\data\submissions\CIK0000753308.json,173077,7aab25153fdfac25649b59989ec2c07daeac7a92f5fc289190b52703ddc03c71,C:\projects\Karst\data\sec\submissions\CIK0000753308.json
silent-revisions,C:\projects\Karst\experiments\2026-09-02-silent-revisions\data\submissions\CIK0000759944.json,165376,97f6745ac40b71ffa5d9e1819715ccbdaf2fed030c15eef4afb11f53bf59b12c,C:\projects\Karst\data\sec\submissions\CIK0000759944.json
silent-revisions,C:\projects\Karst\experiments\2026-09-02-silent-revisions\data\submissions\CIK0000764180.json,160743,de022b7f3a5bef416aadc8da759284e8e321a6c1bffcb931edfe33e163ec4e4d,C:\projects\Karst\data\sec\submissions\CIK0000764180.json
silent-revisions,C:\projects\Karst\experiments\2026-09-02-silent-revisions\data\submissions\CIK0000764478.json,146189,012605f5a402dabba35b284a69fc63a581dbd9be485350aac5f6eeb9272dba11,C:\projects\Karst\data\sec\submissions\CIK0000764478.json
silent-revisions,C:\projects\Karst\experiments\2026-09-02-silent-revisions\data\submissions\CIK0000764622.json,163091,29ae31e7ff3de4d9c039361e270c56d911564829dfd2c61f5a290b7e54ee44c3,C:\projects\Karst\data\sec\submissions\CIK0000764622.json
silent-revisions,C:\projects\Karst\experiments\2026-09-02-silent-revisions\data\submissions\CIK0000765880.json,162953,b86a5b45e6915a478f6337f2056c7a2416d0a55acf524a604c7d23be8b6bca68,C:\projects\Karst\data\sec\submissions\CIK0000765880.json
silent-revisions,C:\projects\Karst\experiments\2026-09-02-silent-revisions\data\submissions\CIK0000766704.json,158181,54a93f9b7b580daf5a1af4ace0f279d6ce90e7f17562a7904a6859d7f3d178b9,C:\projects\Karst\data\sec\submissions\CIK0000766704.json
silent-revisions,C:\projects\Karst\experiments\2026-09-02-silent-revisions\data\submissions\CIK0000769397.json,161528,f41c194b06fba5e38b45eef81748f332d978ea89721b40ff983f85bbb2467069,C:\projects\Karst\data\sec\submissions\CIK0000769397.json
silent-revisions,C:\projects\Karst\experiments\2026-09-02-silent-revisions\data\submissions\CIK0000773840.json,159260,bb969eb537f64a604dd1b7f428333c918d0b4454930d59511feb3cfa2167705b,C:\projects\Karst\data\sec\submissions\CIK0000773840.json
silent-revisions,C:\projects\Karst\experiments\2026-09-02-silent-revisions\data\submissions\CIK0000779152.json,172471,14ee415bacda7f1ff5f19c9eeaf49828c35814a81ee79e2698ca8f5c3708a379,C:\projects\Karst\data\sec\submissions\CIK0000779152.json
silent-revisions,C:\projects\Karst\experiments\2026-09-02-silent-revisions\data\submissions\CIK0000783325.json,170702,ec6eac436e617774eb0d1c857e2f9cf480c0711afe02b248be5e6a65b60a2f60,C:\projects\Karst\data\sec\submissions\CIK0000783325.json
silent-revisions,C:\projects\Karst\experiments\2026-09-02-silent-revisions\data\submissions\CIK0000788784.json,149840,6a5d3d71903e68ee4a484ce6b297a575b5511f7d37cebbddebdf45678a570fa1,C:\projects\Karst\data\sec\submissions\CIK0000788784.json
silent-revisions,C:\projects\Karst\experiments\2026-09-02-silent-revisions\data\submissions\CIK0000789019.json,183830,8c7b08c892752404b2f24e815cf3266114a2f3109e0314061178c8aa5f6d7ff1,C:\projects\Karst\data\sec\submissions\CIK0000789019.json
silent-revisions,C:\projects\Karst\experiments\2026-09-02-silent-revisions\data\submissions\CIK0000789570.json,159229,7b739bad8962d5fdcdd67df337f7d7f1f10ba0f375bfb1191c722c49a44477fb,C:\projects\Karst\data\sec\submissions\CIK0000789570.json
silent-revisions,C:\projects\Karst\experiments\2026-09-02-silent-revisions\data\submissions\CIK0000796343.json,161981,cd5e23a96f8458f99ca9e8f6b7765a28b8b9a83f588d80a35cae769fe01e3112,C:\projects\Karst\data\sec\submissions\CIK0000796343.json
silent-revisions,C:\projects\Karst\experiments\2026-09-02-silent-revisions\data\submissions\CIK0000797468.json,156643,64826d530963d1179e9a492ee455e21e1d319c2296ce6bf9ff986c3826c8adc3,C:\projects\Karst\data\sec\submissions\CIK0000797468.json
silent-revisions,C:\projects\Karst\experiments\2026-09-02-silent-revisions\data\submissions\CIK0000804328.json,159500,48dbb8a81e616b4f0f7d641a4d53e09f48b0342aa4fb81e29dff84aca17d8155,C:\projects\Karst\data\sec\submissions\CIK0000804328.json
silent-revisions,C:\projects\Karst\experiments\2026-09-02-silent-revisions\data\submissions\CIK0000811156.json,163153,92345d295a64a640121cbc232d593248433108d9c9bb4399fb5402ac8dda13d8,C:\projects\Karst\data\sec\submissions\CIK0000811156.json
silent-revisions,C:\projects\Karst\experiments\2026-09-02-silent-revisions\data\submissions\CIK0000813672.json,157466,3022fb41961628b48a954ed182df10b296240b9864c9c4bb6224e03d6fcddca4,C:\projects\Karst\data\sec\submissions\CIK0000813672.json
silent-revisions,C:\projects\Karst\experiments\2026-09-02-silent-revisions\data\submissions\CIK0000814547.json,167110,0a1e69486adb0e05102198d155130b701c4eb95e16e86434336a30a84fbe8307,C:\projects\Karst\data\sec\submissions\CIK0000814547.json
silent-revisions,C:\projects\Karst\experiments\2026-09-02-silent-revisions\data\submissions\CIK0000815097.json,162460,f550fb092619c6bbde7b5929ca069a31ee311b93a8948b852404dc56be0b153d,C:\projects\Karst\data\sec\submissions\CIK0000815097.json
silent-revisions,C:\projects\Karst\experiments\2026-09-02-silent-revisions\data\submissions\CIK0000815556.json,158189,586fe4325d28f8c15df795be505f4b1b6aebe79d69e15a92b9e4626428386bd0,C:\projects\Karst\data\sec\submissions\CIK0000815556.json
silent-revisions,C:\projects\Karst\experiments\2026-09-02-silent-revisions\data\submissions\CIK0000820027.json,157029,7463c2fa4555a04eb792de6dc15adc09b3392091b0968679d125b2621ee27531,C:\projects\Karst\data\sec\submissions\CIK0000820027.json
silent-revisions,C:\projects\Karst\experiments\2026-09-02-silent-revisions\data\submissions\CIK0000820313.json,163274,90f2631c03cc632956333a50f910b9c5a030fc9fecd3459ba417c4e6f76e2c66,C:\projects\Karst\data\sec\submissions\CIK0000820313.json
silent-revisions,C:\projects\Karst\experiments\2026-09-02-silent-revisions\data\submissions\CIK0000820318.json,160327,8a8d796191d9522c4664deca014279dc2bb554be8baa0fc40389e9608664d56c,C:\projects\Karst\data\sec\submissions\CIK0000820318.json
silent-revisions,C:\projects\Karst\experiments\2026-09-02-silent-revisions\data\submissions\CIK0000821189.json,156640,82454e519210c3b702fdb82fa43f530ef1086aa93417e8c13d5458ebabd659e6,C:\projects\Karst\data\sec\submissions\CIK0000821189.json
silent-revisions,C:\projects\Karst\experiments\2026-09-02-silent-revisions\data\submissions\CIK0000822416.json,165206,ebf90fd93cda1d80e3ed062f137cfa32a190560338158743aa2c416682bdbbac,C:\projects\Karst\data\sec\submissions\CIK0000822416.json
silent-revisions,C:\projects\Karst\experiments\2026-09-02-silent-revisions\data\submissions\CIK0000823768.json,148050,8ca54edba6160b7c266f48a4336d1c761d06c6ec0b2e17aaade1f50ec253f3c0,C:\projects\Karst\data\sec\submissions\CIK0000823768.json
silent-revisions,C:\projects\Karst\experiments\2026-09-02-silent-revisions\data\submissions\CIK0000827052.json,167425,a64fa441abc62bb11b3265520a943660d9f7c4b36901854c644091b4f0ab24ce,C:\projects\Karst\data\sec\submissions\CIK0000827052.json
silent-revisions,C:\projects\Karst\experiments\2026-09-02-silent-revisions\data\submissions\CIK0000827054.json,162686,22a0d9ffff2dfde80683ad57ba7acc50693a81abc24a3c957dae3e6ec8cc8449,C:\projects\Karst\data\sec\submissions\CIK0000827054.json
silent-revisions,C:\projects\Karst\experiments\2026-09-02-silent-revisions\data\submissions\CIK0000829224.json,161719,a69bbce0af48202dd2c6efe19361de251853a7d4184253f4512bafbe43a2612b,C:\projects\Karst\data\sec\submissions\CIK0000829224.json
silent-revisions,C:\projects\Karst\experiments\2026-09-02-silent-revisions\data\submissions\CIK0000831001.json,2348227,270842d29aa9f0adb96886b24b65ebc7b9982a5d911d3ead9b40b076b6bcd15f,C:\projects\Karst\data\sec\submissions\CIK0000831001.json
silent-revisions,C:\projects\Karst\experiments\2026-09-02-silent-revisions\data\submissions\CIK0000831259.json,164820,c7bccbf902497da6656b64f01f1295087b3192eaab857336c8c0534c3167ab04,C:\projects\Karst\data\sec\submissions\CIK0000831259.json
silent-revisions,C:\projects\Karst\experiments\2026-09-02-silent-revisions\data\submissions\CIK0000832101.json,162175,5052aafc31b13312144bad25e180b42b3b2a3111714de672b18d1428f365c6fe,C:\projects\Karst\data\sec\submissions\CIK0000832101.json
silent-revisions,C:\projects\Karst\experiments\2026-09-02-silent-revisions\data\submissions\CIK0000833444.json,158696,fd5d4f42ab9a3df2cc74fc60ffefd3bc840173d249b95c554419390f95ac1980,C:\projects\Karst\data\sec\submissions\CIK0000833444.json
silent-revisions,C:\projects\Karst\experiments\2026-09-02-silent-revisions\data\submissions\CIK0000842023.json,168174,409d5d17665e1a34d4bdddc908a05cbd3a032e57b41bcf73aac61f7a9f4c8993,C:\projects\Karst\data\sec\submissions\CIK0000842023.json
silent-revisions,C:\projects\Karst\experiments\2026-09-02-silent-revisions\data\submissions\CIK0000849395.json,172408,c34868bee19e63670b96afafa2e9dcb0955c4efa504f673bc38b7698d47fe7de,C:\projects\Karst\data\sec\submissions\CIK0000849395.json
silent-revisions,C:\projects\Karst\experiments\2026-09-02-silent-revisions\data\submissions\CIK0000857005.json,160583,98dd2adf494b2ba446dfff7a6352f4579f0e0389a1bdf075bac9c7d9de370260,C:\projects\Karst\data\sec\submissions\CIK0000857005.json
silent-revisions,C:\projects\Karst\experiments\2026-09-02-silent-revisions\data\submissions\CIK0000858877.json,158422,3897202de32b33921657350795b9c07297632d2ba56456fd7d30d5e40dd92fe9,C:\projects\Karst\data\sec\submissions\CIK0000858877.json
silent-revisions,C:\projects\Karst\experiments\2026-09-02-silent-revisions\data\submissions\CIK0000860730.json,161760,d3f75fa789c9075b29cc8ee473bb95f9b8b7f2a494225ec7c1c7c3a3162f23df,C:\projects\Karst\data\sec\submissions\CIK0000860730.json
silent-revisions,C:\projects\Karst\experiments\2026-09-02-silent-revisions\data\submissions\CIK0000860731.json,161099,55461ec1f83eb091bd1c06523b1342373480f3ccb41f8fd34fbed15f84b135c8,C:\projects\Karst\data\sec\submissions\CIK0000860731.json
silent-revisions,C:\projects\Karst\experiments\2026-09-02-silent-revisions\data\submissions\CIK0000864749.json,163784,046c57a583683b354e9ddfc4c7c5fb8a71cd093afd07d1d6fde5100d720fc5cc,C:\projects\Karst\data\sec\submissions\CIK0000864749.json
silent-revisions,C:\projects\Karst\experiments\2026-09-02-silent-revisions\data\submissions\CIK0000865752.json,152953,fa5f6f472fbf99e926f8ab75743d7771424415a983565d622f50f149ed86e2ee,C:\projects\Karst\data\sec\submissions\CIK0000865752.json
silent-revisions,C:\projects\Karst\experiments\2026-09-02-silent-revisions\data\submissions\CIK0000866374.json,160391,7f39eda51e9e29dec0ad5b89f22e7d06f815b0d19017db3b9935eb3ed091ca5a,C:\projects\Karst\data\sec\submissions\CIK0000866374.json
silent-revisions,C:\projects\Karst\experiments\2026-09-02-silent-revisions\data\submissions\CIK0000866787.json,146836,45c6fb8dfbf6cefc2761e2983c90d1cb8508139df72ed1828ae550099544167c,C:\projects\Karst\data\sec\submissions\CIK0000866787.json
silent-revisions,C:\projects\Karst\experiments\2026-09-02-silent-revisions\data\submissions\CIK0000872589.json,160326,f6078c0986c615450ef88d1032c6a87fa1f11ba86e6415c5e1ae3d4558d2ea92,C:\projects\Karst\data\sec\submissions\CIK0000872589.json
silent-revisions,C:\projects\Karst\experiments\2026-09-02-silent-revisions\data\submissions\CIK0000874716.json,154197,98ca910b88c841983488df6951d68da65adcce15e69cd01121ff394c709b343c,C:\projects\Karst\data\sec\submissions\CIK0000874716.json
silent-revisions,C:\projects\Karst\experiments\2026-09-02-silent-revisions\data\submissions\CIK0000874761.json,161674,8ab695d1fe98ea0d790808167c3f98f5bbcc029307ee828dacec5e60443a863f,C:\projects\Karst\data\sec\submissions\CIK0000874761.json
silent-revisions,C:\projects\Karst\experiments\2026-09-02-silent-revisions\data\submissions\CIK0000874766.json,149328,bfea9f2d1bb25b56b15fccd9035084eaff3a8a5fe5ebcb81dc3246da18c77ede,C:\projects\Karst\data\sec\submissions\CIK0000874766.json
silent-revisions,C:\projects\Karst\experiments\2026-09-02-silent-revisions\data\submissions\CIK0000875045.json,158996,762e1a43305a3824ac119bf43a8a421748793e6f7c6d71459845bb0b2673ea28,C:\projects\Karst\data\sec\submissions\CIK0000875045.json
silent-revisions,C:\projects\Karst\experiments\2026-09-02-silent-revisions\data\submissions\CIK0000875320.json,157592,6a576c035cfbabb1f3365cdbe2478597e89c22deaf1c7b5492d682bfcaa8ae88,C:\projects\Karst\data\sec\submissions\CIK0000875320.json
silent-revisions,C:\projects\Karst\experiments\2026-09-02-silent-revisions\data\submissions\CIK0000877212.json,161525,a1a7385349c61d4dbdf5cf6b9ba85440872a4a2eeb7f57f77d833ef754468b60,C:\projects\Karst\data\sec\submissions\CIK0000877212.json
silent-revisions,C:\projects\Karst\experiments\2026-09-02-silent-revisions\data\submissions\CIK0000878927.json,154103,bfe7841da271222cc0bbb421aa683c561dae4b5d3a3627529b905b6a41caef78,C:\projects\Karst\data\sec\submissions\CIK0000878927.json
silent-revisions,C:\projects\Karst\experiments\2026-09-02-silent-revisions\data\submissions\CIK0000879101.json,161778,8a876aecc6f780df7c96c95f606f1f2aad199351d04949da4699c29229e05b3f,C:\projects\Karst\data\sec\submissions\CIK0000879101.json
silent-revisions,C:\projects\Karst\experiments\2026-09-02-silent-revisions\data\submissions\CIK0000879169.json,158565,21cbbb4ffc73dd6ab337076b62fb9254ff16b8078f39c0836966db035035bfeb,C:\projects\Karst\data\sec\submissions\CIK0000879169.json
silent-revisions,C:\projects\Karst\experiments\2026-09-02-silent-revisions\data\submissions\CIK0000882095.json,160782,16759d4f68be91ee3a351c4addbe50f6058ca00c8fd2483424e966cc5124051f,C:\projects\Karst\data\sec\submissions\CIK0000882095.json
silent-revisions,C:\projects\Karst\experiments\2026-09-02-silent-revisions\data\submissions\CIK0000882184.json,169520,8da392ee848b7a6a90fe86cbf55b4a20b50a4962e5f3dab90b3841ff6ecf3191,C:\projects\Karst\data\sec\submissions\CIK0000882184.json
silent-revisions,C:\projects\Karst\experiments\2026-09-02-silent-revisions\data\submissions\CIK0000882835.json,158255,3bcd2d78920aaaecc544e025edcbfcf46653a802e382beafb77d4ae7cba8ec1a,C:\projects\Karst\data\sec\submissions\CIK0000882835.json
silent-revisions,C:\projects\Karst\experiments\2026-09-02-silent-revisions\data\submissions\CIK0000883241.json,159410,4a67ed642c083c2bdd58a8fcae7df5650282bafe95562d31a6a754a4f5390cbb,C:\projects\Karst\data\sec\submissions\CIK0000883241.json
silent-revisions,C:\projects\Karst\experiments\2026-09-02-silent-revisions\data\submissions\CIK0000884887.json,155912,73c6d4fdee84c4419ccf05b4ec77998ec5b7f92e7351aa6c51392639d50b9bd7,C:\projects\Karst\data\sec\submissions\CIK0000884887.json
silent-revisions,C:\projects\Karst\experiments\2026-09-02-silent-revisions\data\submissions\CIK0000885725.json,145763,b55ab406ad6d0716e35629a7910521e5f598e078b0091fe9e606d034a1faf7d7,C:\projects\Karst\data\sec\submissions\CIK0000885725.json
silent-revisions,C:\projects\Karst\experiments\2026-09-02-silent-revisions\data\submissions\CIK0000886982.json,2550299,731a0012e459706b181d32c471b5dc78c519f4fa48ac17a38cea4fefebdd9ac2,C:\projects\Karst\data\sec\submissions\CIK0000886982.json
silent-revisions,C:\projects\Karst\experiments\2026-09-02-silent-revisions\data\submissions\CIK0000895421.json,3957740,e248ab91dc79c8a3f75a3dd0c0326083eb17ad646db8fb6d3306f726fd29cae3,C:\projects\Karst\data\sec\submissions\CIK0000895421.json
silent-revisions,C:\projects\Karst\experiments\2026-09-02-silent-revisions\data\submissions\CIK0000896159.json,158206,63d4f89913206ceb2794696b6ad5ee38b113bd381bd3f5e92e8f77d8062a7af7,C:\projects\Karst\data\sec\submissions\CIK0000896159.json
silent-revisions,C:\projects\Karst\experiments\2026-09-02-silent-revisions\data\submissions\CIK0000896878.json,170125,d231ef6643a2957d2778ddd864de181025c06279acf42031a44f00887d6edbe8,C:\projects\Karst\data\sec\submissions\CIK0000896878.json
silent-revisions,C:\projects\Karst\experiments\2026-09-02-silent-revisions\data\submissions\CIK0000898173.json,160090,0c75d06a5c64a7abb776511cb552af7abce265384d7f5140879e45ee9ed4a35d,C:\projects\Karst\data\sec\submissions\CIK0000898173.json
silent-revisions,C:\projects\Karst\experiments\2026-09-02-silent-revisions\data\submissions\CIK0000898293.json,145497,1c54004231d5f5de1b65ac79b3bd3ae5934567adf21fff492d7466d91b783496,C:\projects\Karst\data\sec\submissions\CIK0000898293.json
silent-revisions,C:\projects\Karst\experiments\2026-09-02-silent-revisions\data\submissions\CIK0000899051.json,162185,d8cd83acb49d2b2fb161f7583f2413522c85873496a2527898ed95bf152a1c34,C:\projects\Karst\data\sec\submissions\CIK0000899051.json
silent-revisions,C:\projects\Karst\experiments\2026-09-02-silent-revisions\data\submissions\CIK0000900075.json,159564,39c2623adb85b5fd076ecf116c89a0fed7d2017ca85679258e10e3ac4b0fbdab,C:\projects\Karst\data\sec\submissions\CIK0000900075.json
silent-revisions,C:\projects\Karst\experiments\2026-09-02-silent-revisions\data\submissions\CIK0000906107.json,157640,9bbc5099affe67bae6ff6d0476d59186cdd123d7e466a30d80b4ce0e7c66e94d,C:\projects\Karst\data\sec\submissions\CIK0000906107.json
silent-revisions,C:\projects\Karst\experiments\2026-09-02-silent-revisions\data\submissions\CIK0000906163.json,161440,0505aef48d3f45a1b59910ca31aeea5d0d80d1260db315678f7ee44a7479b2b1,C:\projects\Karst\data\sec\submissions\CIK0000906163.json
silent-revisions,C:\projects\Karst\experiments\2026-09-02-silent-revisions\data\submissions\CIK0000906345.json,159641,e7a48f4ff21e4dde62b88e0dad98de04960a4e52db6313899026118950ec2072,C:\projects\Karst\data\sec\submissions\CIK0000906345.json
silent-revisions,C:\projects\Karst\experiments\2026-09-02-silent-revisions\data\submissions\CIK0000909832.json,158811,0e77534d3aaf301a91769a2f1d26c5c7b4a5f4039c2c44ce6ec0877a0d2bb92c,C:\projects\Karst\data\sec\submissions\CIK0000909832.json
silent-revisions,C:\projects\Karst\experiments\2026-09-02-silent-revisions\data\submissions\CIK0000910521.json,160424,466cc0eea82da50a24cf46bf078df7847e856d4e0d5cd4c744f34aff9d946fec,C:\projects\Karst\data\sec\submissions\CIK0000910521.json
silent-revisions,C:\projects\Karst\experiments\2026-09-02-silent-revisions\data\submissions\CIK0000910606.json,154097,25fdb24c4a380dd68c0458851304cb434651076597ffc16fed41711a9353d9c4,C:\projects\Karst\data\sec\submissions\CIK0000910606.json
silent-revisions,C:\projects\Karst\experiments\2026-09-02-silent-revisions\data\submissions\CIK0000912595.json,159852,08facea3743eb5ffbf42af9075fd99063e298c4e533f5e418aa7057989b98d72,C:\projects\Karst\data\sec\submissions\CIK0000912595.json
silent-revisions,C:\projects\Karst\experiments\2026-09-02-silent-revisions\data\submissions\CIK0000914208.json,162666,7f2bdb4945a278479cc90a1347f3083b31c5fb837750654d5c92fd91c4743d80,C:\projects\Karst\data\sec\submissions\CIK0000914208.json
silent-revisions,C:\projects\Karst\experiments\2026-09-02-silent-revisions\data\submissions\CIK0000915913.json,162763,958ad40bd3c05c3091e8731be57289311fecc487fbfe7294b6a6ebcdb697b3b3,C:\projects\Karst\data\sec\submissions\CIK0000915913.json
silent-revisions,C:\projects\Karst\experiments\2026-09-02-silent-revisions\data\submissions\CIK0000916076.json,159811,c5fdb82fc811085dbcffa1cb87d7baf62a39a51cc0c06db42475ae216c800118,C:\projects\Karst\data\sec\submissions\CIK0000916076.json
silent-revisions,C:\projects\Karst\experiments\2026-09-02-silent-revisions\data\submissions\CIK0000916365.json,171116,cf960051dcc0131bb3a5928702f5173ab86b0d01f74ee92ca16a74ad8bdc82fb,C:\projects\Karst\data\sec\submissions\CIK0000916365.json
silent-revisions,C:\projects\Karst\experiments\2026-09-02-silent-revisions\data\submissions\CIK0000920148.json,159466,758217c3a1bfe12f0e5a8f301afd8582ca1e4b9879427c66c94b0cfdc2df9417,C:\projects\Karst\data\sec\submissions\CIK0000920148.json
silent-revisions,C:\projects\Karst\experiments\2026-09-02-silent-revisions\data\submissions\CIK0000920522.json,167681,720f98464f297eca0f9333cd09e74651547cad658771430cfec0849089d4093b,C:\projects\Karst\data\sec\submissions\CIK0000920522.json
silent-revisions,C:\projects\Karst\experiments\2026-09-02-silent-revisions\data\submissions\CIK0000920760.json,158273,61a8951a45a055d180b982a5dd404952f751c7df505fbfcd8a5040667b4aa60e,C:\projects\Karst\data\sec\submissions\CIK0000920760.json
silent-revisions,C:\projects\Karst\experiments\2026-09-02-silent-revisions\data\submissions\CIK0000922224.json,157057,b3db8d301d92efffb154522c2106bfa106c163ea7640cf06bb2a5a82dd1b3bab,C:\projects\Karst\data\sec\submissions\CIK0000922224.json
silent-revisions,C:\projects\Karst\experiments\2026-09-02-silent-revisions\data\submissions\CIK0000922621.json,156879,ffa68c1221def778ae1633f82bf80804f8c4b97910355401a9dbaffced081416,C:\projects\Karst\data\sec\submissions\CIK0000922621.json
silent-revisions,C:\projects\Karst\experiments\2026-09-02-silent-revisions\data\submissions\CIK0000927066.json,163993,017a48264e9442bd9a0edff897e63dce921115638492ecb5338d21c5ea463812,C:\projects\Karst\data\sec\submissions\CIK0000927066.json
silent-revisions,C:\projects\Karst\experiments\2026-09-02-silent-revisions\data\submissions\CIK0000927628.json,162707,3199173cab8ea4e038f5fb2c07d36531ac12bf305e2fa18effed083053696ce4,C:\projects\Karst\data\sec\submissions\CIK0000927628.json
silent-revisions,C:\projects\Karst\experiments\2026-09-02-silent-revisions\data\submissions\CIK0000927653.json,172064,508176e38d1d70e4cd13497546bd869feef83211374cae0162367960675a6f95,C:\projects\Karst\data\sec\submissions\CIK0000927653.json
silent-revisions,C:\projects\Karst\experiments\2026-09-02-silent-revisions\data\submissions\CIK0000935703.json,163439,32d6af26d0edc87c4a34ed66b815e981b2cea805699e656a2ca4abee8e828d29,C:\projects\Karst\data\sec\submissions\CIK0000935703.json
silent-revisions,C:\projects\Karst\experiments\2026-09-02-silent-revisions\data\submissions\CIK0000936340.json,167001,07ca0b4e747b3cff67bddf45df0f3a193acfefc1bf7ba98cc0b81c801293f836,C:\projects\Karst\data\sec\submissions\CIK0000936340.json
silent-revisions,C:\projects\Karst\experiments\2026-09-02-silent-revisions\data\submissions\CIK0000936395.json,158951,ec41aa4949116af27a1c9437caaebbe2b3a4fdb1787f0ab1cc7a444057730ed0,C:\projects\Karst\data\sec\submissions\CIK0000936395.json
silent-revisions,C:\projects\Karst\experiments\2026-09-02-silent-revisions\data\submissions\CIK0000936468.json,149562,08ce3c9b48429890e2a1429f6e9e452588344d713ad1cfd8c2e7a262d73caffc,C:\projects\Karst\data\sec\submissions\CIK0000936468.json
silent-revisions,C:\projects\Karst\experiments\2026-09-02-silent-revisions\data\submissions\CIK0000940944.json,144924,d9a2e504e288bd63b6e3b3b9a2ba9ecb98df153500986137a750eba6fcbd06b0,C:\projects\Karst\data\sec\submissions\CIK0000940944.json
silent-revisions,C:\projects\Karst\experiments\2026-09-02-silent-revisions\data\submissions\CIK0000943452.json,160985,922867ce760b71fa20048eab281052a7fd5bc07df02629e212cbc56e31eb4f2c,C:\projects\Karst\data\sec\submissions\CIK0000943452.json
silent-revisions,C:\projects\Karst\experiments\2026-09-02-silent-revisions\data\submissions\CIK0000943819.json,155705,ee4f597817b7e40f4e0ae6fc02379b2c0adcb0e0e958feae1e735beaba99142a,C:\projects\Karst\data\sec\submissions\CIK0000943819.json
silent-revisions,C:\projects\Karst\experiments\2026-09-02-silent-revisions\data\submissions\CIK0000946581.json,157537,a2486d40ac1f5b6ecacf0024a18ca225bdb8aa1eb97cefa8b516e312687db22b,C:\projects\Karst\data\sec\submissions\CIK0000946581.json
silent-revisions,C:\projects\Karst\experiments\2026-09-02-silent-revisions\data\submissions\CIK0000947484.json,159026,8d52005cd7a8020ba270b6eb2993b1bee3ce777176d5ced1b24c79e7de4aa3d0,C:\projects\Karst\data\sec\submissions\CIK0000947484.json
silent-revisions,C:\projects\Karst\experiments\2026-09-02-silent-revisions\data\submissions\CIK0001000228.json,162063,c7cd77193ca44c4b006b42f2b1254b4eeb9b70ceb52fb5af40ae00fdd99dc202,C:\projects\Karst\data\sec\submissions\CIK0001000228.json
silent-revisions,C:\projects\Karst\experiments\2026-09-02-silent-revisions\data\submissions\CIK0001000697.json,157944,3aa2a5313c9abcec8c4a5560dab8b7a59656ae79e336c4f1d73cc393fe7e4525,C:\projects\Karst\data\sec\submissions\CIK0001000697.json
silent-revisions,C:\projects\Karst\experiments\2026-09-02-silent-revisions\data\submissions\CIK0001001250.json,161986,f286d3c6b39b9a0b22174c622c1f8099df69eba870813a12ab6260ece9f0c832,C:\projects\Karst\data\sec\submissions\CIK0001001250.json
silent-revisions,C:\projects\Karst\experiments\2026-09-02-silent-revisions\data\submissions\CIK0001002047.json,157420,34a4500852b06b2efb8a6cab8e20d361a651d307ff343a9a2e232cb753653943,C:\projects\Karst\data\sec\submissions\CIK0001002047.json
silent-revisions,C:\projects\Karst\experiments\2026-09-02-silent-revisions\data\submissions\CIK0001002910.json,162457,576e555eafbc766a3f2f51902cd67fc5fc2998258d603b14c261824f8a4c19ed,C:\projects\Karst\data\sec\submissions\CIK0001002910.json
silent-revisions,C:\projects\Karst\experiments\2026-09-02-silent-revisions\data\submissions\CIK0001013237.json,162016,2d3cbff18e1bd91756ab8829b06fe5ca4c3a60f0523b6f5df5cc92b8244bc473,C:\projects\Karst\data\sec\submissions\CIK0001013237.json
silent-revisions,C:\projects\Karst\experiments\2026-09-02-silent-revisions\data\submissions\CIK0001013871.json,149962,cd844c1ca9229bb297c7e79b214d29f2f9e65ef5b83cf480682050a9d949e6e3,C:\projects\Karst\data\sec\submissions\CIK0001013871.json
silent-revisions,C:\projects\Karst\experiments\2026-09-02-silent-revisions\data\submissions\CIK0001014473.json,162303,3f5de29bc3a16b8cc2755e32978deaabd13d2ea9d3f6b595e77f1b9cf01708f4,C:\projects\Karst\data\sec\submissions\CIK0001014473.json
silent-revisions,C:\projects\Karst\experiments\2026-09-02-silent-revisions\data\submissions\CIK0001018724.json,159818,73c9acc85b4e857b74c97a9fd316fbff5c5a4dedbdaf91e4c52dee3eaf72d68d,C:\projects\Karst\data\sec\submissions\CIK0001018724.json
silent-revisions,C:\projects\Karst\experiments\2026-09-02-silent-revisions\data\submissions\CIK0001020569.json,164326,8b005d3ee68cfebc63bee74f7ff277e3b68ba1a25c5a5f89a2efadaa3e744a7e,C:\projects\Karst\data\sec\submissions\CIK0001020569.json
silent-revisions,C:\projects\Karst\experiments\2026-09-02-silent-revisions\data\submissions\CIK0001022079.json,163592,9b9741aba5352290addc6d897ec97ca9ffa57770ab772b867cf8179e5d24496e,C:\projects\Karst\data\sec\submissions\CIK0001022079.json
silent-revisions,C:\projects\Karst\experiments\2026-09-02-silent-revisions\data\submissions\CIK0001022671.json,179573,abb8ad67f116dd07dd8cb1e1a7cd6aab9b121213e978c1babe6bc4db2ae4ebf2,C:\projects\Karst\data\sec\submissions\CIK0001022671.json
silent-revisions,C:\projects\Karst\experiments\2026-09-02-silent-revisions\data\submissions\CIK0001024478.json,162645,0b2a43ad9b687bb4506f1c013f232a366a009b000ae103209b87f7c9d015ef03,C:\projects\Karst\data\sec\submissions\CIK0001024478.json
silent-revisions,C:\projects\Karst\experiments\2026-09-02-silent-revisions\data\submissions\CIK0001031296.json,159388,71af9930ecf8555d591d94142caef0de17bd61ff2620d008e28378296fc9f780,C:\projects\Karst\data\sec\submissions\CIK0001031296.json
silent-revisions,C:\projects\Karst\experiments\2026-09-02-silent-revisions\data\submissions\CIK0001032208.json,172902,98c4ec50f61c15122970047a5f726954a9a39c84822480d2160584335aed772e,C:\projects\Karst\data\sec\submissions\CIK0001032208.json
silent-revisions,C:\projects\Karst\experiments\2026-09-02-silent-revisions\data\submissions\CIK0001034054.json,160127,1f510c4bf25e94c1f9be5994a08996bfd0d13c8adae1aca098a52c115ca30bc0,C:\projects\Karst\data\sec\submissions\CIK0001034054.json
silent-revisions,C:\projects\Karst\experiments\2026-09-02-silent-revisions\data\submissions\CIK0001035002.json,165392,4900491c29336dc3b7fd5c39263a53f2897b838bd7a4cc98b869ff6fb72b7086,C:\projects\Karst\data\sec\submissions\CIK0001035002.json
silent-revisions,C:\projects\Karst\experiments\2026-09-02-silent-revisions\data\submissions\CIK0001035267.json,157866,15a769aa2c10a0a47d59923f7e6d5771607a53663b51a400e1498e887e9ad102,C:\projects\Karst\data\sec\submissions\CIK0001035267.json
silent-revisions,C:\projects\Karst\experiments\2026-09-02-silent-revisions\data\submissions\CIK0001035443.json,162318,330946926502a4b4b85ec38463c1e295d3906c1d464aac98bfba3de853c564c5,C:\projects\Karst\data\sec\submissions\CIK0001035443.json
silent-revisions,C:\projects\Karst\experiments\2026-09-02-silent-revisions\data\submissions\CIK0001035983.json,157772,5d7d7e9f44db586be152999f1d75dfddbdc0324bb5835732c628cd8c09ace161,C:\projects\Karst\data\sec\submissions\CIK0001035983.json
silent-revisions,C:\projects\Karst\experiments\2026-09-02-silent-revisions\data\submissions\CIK0001037038.json,167963,1273079cb7f0745c3a00a8ffc8562249ef6bd0cebd7ef32a229258e0ae0d3d57,C:\projects\Karst\data\sec\submissions\CIK0001037038.json
silent-revisions,C:\projects\Karst\experiments\2026-09-02-silent-revisions\data\submissions\CIK0001037540.json,162828,7ace4df1764a7b94a81ed9951c7459e6b89218fc755ae92e5fa7b8f95c568626,C:\projects\Karst\data\sec\submissions\CIK0001037540.json
silent-revisions,C:\projects\Karst\experiments\2026-09-02-silent-revisions\data\submissions\CIK0001037646.json,172453,49ea0b7c6f0fa23c26b349e61decd405b9fceab9824380fe18408d3da4597b5f,C:\projects\Karst\data\sec\submissions\CIK0001037646.json
silent-revisions,C:\projects\Karst\experiments\2026-09-02-silent-revisions\data\submissions\CIK0001037868.json,159641,c37fe320517d95f31b60cbf10d16a068547ccef7fae94ecc29b67c25d79437ad,C:\projects\Karst\data\sec\submissions\CIK0001037868.json
silent-revisions,C:\projects\Karst\experiments\2026-09-02-silent-revisions\data\submissions\CIK0001039684.json,167082,f597c73de78974b6a209c218428b78541c716d0724734240760445f9cb453d2c,C:\projects\Karst\data\sec\submissions\CIK0001039684.json
silent-revisions,C:\projects\Karst\experiments\2026-09-02-silent-revisions\data\submissions\CIK0001041061.json,159292,7c4144df810e04bf713f9d1c07a9ac82e8309e7ca76534a60b0332eb4bc5ff01,C:\projects\Karst\data\sec\submissions\CIK0001041061.json
silent-revisions,C:\projects\Karst\experiments\2026-09-02-silent-revisions\data\submissions\CIK0001043277.json,156440,6372b276e6b400d1457044b1349b7928755b93ec21550492f2dcee9a7a4e225c,C:\projects\Karst\data\sec\submissions\CIK0001043277.json
silent-revisions,C:\projects\Karst\experiments\2026-09-02-silent-revisions\data\submissions\CIK0001045609.json,156028,d442e442178c5b0dd94b5aef32d9d5d0148cf11ecc05e51004f7cb4cbb1b56d8,C:\projects\Karst\data\sec\submissions\CIK0001045609.json
silent-revisions,C:\projects\Karst\experiments\2026-09-02-silent-revisions\data\submissions\CIK0001045810.json,160273,2228d06c47c66f8e50b5f9ec5b500eade49bdb5649afbad947552f65303300b1,C:\projects\Karst\data\sec\submissions\CIK0001045810.json
silent-revisions,C:\projects\Karst\experiments\2026-09-02-silent-revisions\data\submissions\CIK0001047862.json,168840,83d8c0e06028f73938766ae3e75ef9ebe2959fedcd60df7602ddfafdaf25c47d,C:\projects\Karst\data\sec\submissions\CIK0001047862.json
silent-revisions,C:\projects\Karst\experiments\2026-09-02-silent-revisions\data\submissions\CIK0001048286.json,147714,e3eeefe33c9c7351788d22a96ca36d061230cd2dacadbf44ed6ef79035742bd8,C:\projects\Karst\data\sec\submissions\CIK0001048286.json
silent-revisions,C:\projects\Karst\experiments\2026-09-02-silent-revisions\data\submissions\CIK0001048695.json,157981,7ab9744560ff977957638ef1b0e2b908d03ba4028ae75e9e781d182d91bd9889,C:\projects\Karst\data\sec\submissions\CIK0001048695.json
silent-revisions,C:\projects\Karst\experiments\2026-09-02-silent-revisions\data\submissions\CIK0001048911.json,160964,7dcbcec842f6345c547b2ce88bb9e4dbe100d49026a629acd2f7f0d0ce261d1b,C:\projects\Karst\data\sec\submissions\CIK0001048911.json
silent-revisions,C:\projects\Karst\experiments\2026-09-02-silent-revisions\data\submissions\CIK0001050915.json,161945,c127e245e24bc2224d70399454fde9f95a4e0f67291c6bded8d1c7eb47543d72,C:\projects\Karst\data\sec\submissions\CIK0001050915.json
silent-revisions,C:\projects\Karst\experiments\2026-09-02-silent-revisions\data\submissions\CIK0001051470.json,167228,722b74a157165b692f4ab27d5ca2c8059377c3076f4f4d4bd9357af9d05b4b03,C:\projects\Karst\data\sec\submissions\CIK0001051470.json
silent-revisions,C:\projects\Karst\experiments\2026-09-02-silent-revisions\data\submissions\CIK0001053507.json,162135,77fd3b95266be6c4e30608a41957f58d3dc5579ac2e1d41e6dd3e9c21718dc5c,C:\projects\Karst\data\sec\submissions\CIK0001053507.json
silent-revisions,C:\projects\Karst\experiments\2026-09-02-silent-revisions\data\submissions\CIK0001057352.json,164461,c50e6d79b959b3de90885fe4430446549d853353ac4431f09ef887427e71050d,C:\projects\Karst\data\sec\submissions\CIK0001057352.json
silent-revisions,C:\projects\Karst\experiments\2026-09-02-silent-revisions\data\submissions\CIK0001058090.json,160082,3bab814b6f00cbd0ce6c68a56e69f447a882043c6bc30b898fd0e360790ddbe1,C:\projects\Karst\data\sec\submissions\CIK0001058090.json
silent-revisions,C:\projects\Karst\experiments\2026-09-02-silent-revisions\data\submissions\CIK0001058290.json,161753,cf113a8fd99531dc2a08305b447d20486394088cae3df83c231e4fa15840b6b6,C:\projects\Karst\data\sec\submissions\CIK0001058290.json
silent-revisions,C:\projects\Karst\experiments\2026-09-02-silent-revisions\data\submissions\CIK0001059556.json,159470,651790587236450ab45dadfc111467aa40344a0baf11251b5e763bd4f846245a,C:\projects\Karst\data\sec\submissions\CIK0001059556.json
silent-revisions,C:\projects\Karst\experiments\2026-09-02-silent-revisions\data\submissions\CIK0001060391.json,158619,7ec38a1add69b264bec168c47a000d470aa8458414a55678ff1b0c7a1d814738,C:\projects\Karst\data\sec\submissions\CIK0001060391.json
silent-revisions,C:\projects\Karst\experiments\2026-09-02-silent-revisions\data\submissions\CIK0001063761.json,157579,8f46723191c05739e3d631d8c8dc8845d61a7546e1b0a065b7d1b3a4c5543578,C:\projects\Karst\data\sec\submissions\CIK0001063761.json
silent-revisions,C:\projects\Karst\experiments\2026-09-02-silent-revisions\data\submissions\CIK0001065088.json,158152,3d70495c4af9caf2858ad6ab2878816991a03f91b1c69b7eff1a949dd58e3e6b,C:\projects\Karst\data\sec\submissions\CIK0001065088.json
silent-revisions,C:\projects\Karst\experiments\2026-09-02-silent-revisions\data\submissions\CIK0001065280.json,159784,a633dc22cb6010ca038c2b7a8d125abeb376869c59f4a8b4ee18578205dbd241,C:\projects\Karst\data\sec\submissions\CIK0001065280.json
silent-revisions,C:\projects\Karst\experiments\2026-09-02-silent-revisions\data\submissions\CIK0001067701.json,155706,bc16757bf5e4ef1dde2f848e0d6ccb0d4d900b6a8f3c0f794925e1cca78253c2,C:\projects\Karst\data\sec\submissions\CIK0001067701.json
silent-revisions,C:\projects\Karst\experiments\2026-09-02-silent-revisions\data\submissions\CIK0001067983.json,161425,ca619a37dc072dc39fd55adf7a825439255962e9b6be1b41cc632475d78957d7,C:\projects\Karst\data\sec\submissions\CIK0001067983.json
silent-revisions,C:\projects\Karst\experiments\2026-09-02-silent-revisions\data\submissions\CIK0001069183.json,162344,8fedd164d4f63020ac6b90063bae77b662bced062c82f9da5152212b05caca5a,C:\projects\Karst\data\sec\submissions\CIK0001069183.json
silent-revisions,C:\projects\Karst\experiments\2026-09-02-silent-revisions\data\submissions\CIK0001069202.json,157132,44a24a4ff6fb8338dd3f8f8a2693d56045fedf45c65157009a41744b9eca73bf,C:\projects\Karst\data\sec\submissions\CIK0001069202.json
silent-revisions,C:\projects\Karst\experiments\2026-09-02-silent-revisions\data\submissions\CIK0001070750.json,160644,da32c30d26e98103a97295226d0d1367154c4fc3e94d80ec4a432b43617b860d,C:\projects\Karst\data\sec\submissions\CIK0001070750.json
silent-revisions,C:\projects\Karst\experiments\2026-09-02-silent-revisions\data\submissions\CIK0001071739.json,163422,4c1e2025c0b4f360bf02c6305709f106bd29650c13fd61a543f6508b25728e02,C:\projects\Karst\data\sec\submissions\CIK0001071739.json
silent-revisions,C:\projects\Karst\experiments\2026-09-02-silent-revisions\data\submissions\CIK0001075531.json,158269,c146341a97cdeef2f1e521e93f3f70e3378726ac44c8ba3dae7d215848edfe59,C:\projects\Karst\data\sec\submissions\CIK0001075531.json
silent-revisions,C:\projects\Karst\experiments\2026-09-02-silent-revisions\data\submissions\CIK0001086222.json,162479,8c590255e01d0e4726b1d24e79dd25d466314152720ac8d8043ee1eb74702bcf,C:\projects\Karst\data\sec\submissions\CIK0001086222.json
silent-revisions,C:\projects\Karst\experiments\2026-09-02-silent-revisions\data\submissions\CIK0001090012.json,159177,5f325e5506c619719b77796e82259d4119a136c6d97e95eb402b5e7475b23f01,C:\projects\Karst\data\sec\submissions\CIK0001090012.json
silent-revisions,C:\projects\Karst\experiments\2026-09-02-silent-revisions\data\submissions\CIK0001090727.json,148505,6225f97541fda8502c226fb1907fe6a1cb862e4b42c7ed7bcd1600c6618a11e9,C:\projects\Karst\data\sec\submissions\CIK0001090727.json
silent-revisions,C:\projects\Karst\experiments\2026-09-02-silent-revisions\data\submissions\CIK0001090872.json,158854,370f8bee380263017e9e7d6ac2981498d7ea85646176df5e81f8b8422f8ce546,C:\projects\Karst\data\sec\submissions\CIK0001090872.json
silent-revisions,C:\projects\Karst\experiments\2026-09-02-silent-revisions\data\submissions\CIK0001091667.json,163079,344c05be0d99e3551970a609a1229b48ee453f23fd251719bfa0a7e21980dc6c,C:\projects\Karst\data\sec\submissions\CIK0001091667.json
silent-revisions,C:\projects\Karst\experiments\2026-09-02-silent-revisions\data\submissions\CIK0001093557.json,159196,9167ca5b1dfdc717ff8df8bcaad8256cde5707a182bfc3de2d4105e767631899,C:\projects\Karst\data\sec\submissions\CIK0001093557.json
silent-revisions,C:\projects\Karst\experiments\2026-09-02-silent-revisions\data\submissions\CIK0001094285.json,167601,447d38b6f3ea8dae24b31db6935265f3f778f145d4ab51d72d82eeda5da9bc04,C:\projects\Karst\data\sec\submissions\CIK0001094285.json
silent-revisions,C:\projects\Karst\experiments\2026-09-02-silent-revisions\data\submissions\CIK0001095073.json,158960,082e140da6e20b24e54aaf27938d8a8991e48f7ec7416d0efc87868c70c7958b,C:\projects\Karst\data\sec\submissions\CIK0001095073.json
silent-revisions,C:\projects\Karst\experiments\2026-09-02-silent-revisions\data\submissions\CIK0001097149.json,161659,0cc3b7b7b6b81087a6b6d0e1c283fa8b3bc90b41b38fe81d901f67148382be98,C:\projects\Karst\data\sec\submissions\CIK0001097149.json
silent-revisions,C:\projects\Karst\experiments\2026-09-02-silent-revisions\data\submissions\CIK0001097864.json,146714,f03b67668c66dd5ea891b809a1ee81f3d2abf1b98710863cbbdc4c891322d1f5,C:\projects\Karst\data\sec\submissions\CIK0001097864.json
silent-revisions,C:\projects\Karst\experiments\2026-09-02-silent-revisions\data\submissions\CIK0001099219.json,164256,1eda73c4dd307098235407ce6e1d1454fb7833b3518c91a98178dc81b606cf28,C:\projects\Karst\data\sec\submissions\CIK0001099219.json
silent-revisions,C:\projects\Karst\experiments\2026-09-02-silent-revisions\data\submissions\CIK0001099800.json,144427,57bdd70ee93712f9e660864bef4ec1d5678bcec994e8729b2a4590d0d955b4e4,C:\projects\Karst\data\sec\submissions\CIK0001099800.json
silent-revisions,C:\projects\Karst\experiments\2026-09-02-silent-revisions\data\submissions\CIK0001100682.json,159685,b61892658188b1028882cdf136ec9336044d69689c0e30eead0bc66e9ce417bb,C:\projects\Karst\data\sec\submissions\CIK0001100682.json
silent-revisions,C:\projects\Karst\experiments\2026-09-02-silent-revisions\data\submissions\CIK0001101239.json,158474,a53a0a1c1f62a4bef56b0dae753c51c5eae2e1dab14c4d35821ce82a76a01ae6,C:\projects\Karst\data\sec\submissions\CIK0001101239.json
silent-revisions,C:\projects\Karst\experiments\2026-09-02-silent-revisions\data\submissions\CIK0001103982.json,161384,f766ffecfb8ff3d24002ef939c448f8f4aef35d8ec22150fe8455b682c8b5714,C:\projects\Karst\data\sec\submissions\CIK0001103982.json
silent-revisions,C:\projects\Karst\experiments\2026-09-02-silent-revisions\data\submissions\CIK0001108524.json,156503,bbab0ea0d17548db44672ff445f014bf0f460aabdf88e0d090dd3786fcf0b29d,C:\projects\Karst\data\sec\submissions\CIK0001108524.json
silent-revisions,C:\projects\Karst\experiments\2026-09-02-silent-revisions\data\submissions\CIK0001109357.json,169977,59fd144a2ee311ead829f54d0add52828bd1d559cf6fc5e9991a36fe9ecd9819,C:\projects\Karst\data\sec\submissions\CIK0001109357.json
silent-revisions,C:\projects\Karst\experiments\2026-09-02-silent-revisions\data\submissions\CIK0001111711.json,159997,60c18e8650e76bd4e79447b9cf19d60788fd30afcf71875e365fab80e122a669,C:\projects\Karst\data\sec\submissions\CIK0001111711.json
silent-revisions,C:\projects\Karst\experiments\2026-09-02-silent-revisions\data\submissions\CIK0001113169.json,163720,ee7641faf105eb0072a340e97dd029b0a71b0b9f592fb4e5ff9ec50fd33ec27d,C:\projects\Karst\data\sec\submissions\CIK0001113169.json
silent-revisions,C:\projects\Karst\experiments\2026-09-02-silent-revisions\data\submissions\CIK0001116132.json,151066,95731d450f28fba3ea07a180bc568967360d2ff7f442bac7aee3ac70caa80ec1,C:\projects\Karst\data\sec\submissions\CIK0001116132.json
silent-revisions,C:\projects\Karst\experiments\2026-09-02-silent-revisions\data\submissions\CIK0001120193.json,157566,57fb3660edbd7aee69a1aaebe1d378e672313b499c4c5708202f9d4c05792951,C:\projects\Karst\data\sec\submissions\CIK0001120193.json
silent-revisions,C:\projects\Karst\experiments\2026-09-02-silent-revisions\data\submissions\CIK0001121788.json,160585,6faf5e2816b4c9cbb5a88adcebffd5ce17e0c2d882294ee6c38164577012de4e,C:\projects\Karst\data\sec\submissions\CIK0001121788.json
silent-revisions,C:\projects\Karst\experiments\2026-09-02-silent-revisions\data\submissions\CIK0001123360.json,157668,384924c1dd77a356c2a14a90d9c0395b9f749709749e8ab843ba4419786d3d76,C:\projects\Karst\data\sec\submissions\CIK0001123360.json
silent-revisions,C:\projects\Karst\experiments\2026-09-02-silent-revisions\data\submissions\CIK0001126328.json,184898,1037b3ea12b7d871a0e3df1473890b581675bbec8ac65cf42063aeed5d881581,C:\projects\Karst\data\sec\submissions\CIK0001126328.json
silent-revisions,C:\projects\Karst\experiments\2026-09-02-silent-revisions\data\submissions\CIK0001130310.json,162525,348b3dfb8b806ca5172f0e07d80e3e08e0e6562cb95053942b6a02e91774b08e,C:\projects\Karst\data\sec\submissions\CIK0001130310.json
silent-revisions,C:\projects\Karst\experiments\2026-09-02-silent-revisions\data\submissions\CIK0001133421.json,156092,3a6e53dc4913baab910f8088f8364d5c115649664ddb937a26fe53ec4fd204de,C:\projects\Karst\data\sec\submissions\CIK0001133421.json
silent-revisions,C:\projects\Karst\experiments\2026-09-02-silent-revisions\data\submissions\CIK0001136869.json,175190,9a695b1ef118cf9e52f832326be2fc58b7ca0b08501bf7f3483e7169dcb6b1d8,C:\projects\Karst\data\sec\submissions\CIK0001136869.json
silent-revisions,C:\projects\Karst\experiments\2026-09-02-silent-revisions\data\submissions\CIK0001136893.json,161784,4a49d69d629691a006faf4765b5ffcb1ecbfb9b84210bffd825a2b25f0f7e3a4,C:\projects\Karst\data\sec\submissions\CIK0001136893.json
silent-revisions,C:\projects\Karst\experiments\2026-09-02-silent-revisions\data\submissions\CIK0001137774.json,160908,847995cc1aad727fdef03514a8999b82b06de3b766782a930a3da3ce7a0e854a,C:\projects\Karst\data\sec\submissions\CIK0001137774.json
silent-revisions,C:\projects\Karst\experiments\2026-09-02-silent-revisions\data\submissions\CIK0001137789.json,163395,580bfe93ce0f6387736e407d38ba5e050fde5848dcc01fba5e7d80f5d062bb6e,C:\projects\Karst\data\sec\submissions\CIK0001137789.json
silent-revisions,C:\projects\Karst\experiments\2026-09-02-silent-revisions\data\submissions\CIK0001138118.json,147392,7b2a8b8606cbc0f4c8bb1db400cdb6c8a166246710f88aec36ca082cc2099995,C:\projects\Karst\data\sec\submissions\CIK0001138118.json
silent-revisions,C:\projects\Karst\experiments\2026-09-02-silent-revisions\data\submissions\CIK0001140859.json,160921,bf6ad094283b6040ed86c2dabf145f0fae65040d79251b48dac4661f7ba5aba2,C:\projects\Karst\data\sec\submissions\CIK0001140859.json
silent-revisions,C:\projects\Karst\experiments\2026-09-02-silent-revisions\data\submissions\CIK0001141391.json,160342,be6f7d8199727aea547e48f314cfc0978eec7a7a21d8515843c13e932ea56fa2,C:\projects\Karst\data\sec\submissions\CIK0001141391.json
silent-revisions,C:\projects\Karst\experiments\2026-09-02-silent-revisions\data\submissions\CIK0001145197.json,159634,0ea6c28e989d27498d1f606367da7cf6c38750802196d271d81aea47f8d50ef4,C:\projects\Karst\data\sec\submissions\CIK0001145197.json
silent-revisions,C:\projects\Karst\experiments\2026-09-02-silent-revisions\data\submissions\CIK0001156375.json,162684,f15b36fbe3c5515e9a14f7fffc9817ed841aac2f327f88939f4160765462c627,C:\projects\Karst\data\sec\submissions\CIK0001156375.json
silent-revisions,C:\projects\Karst\experiments\2026-09-02-silent-revisions\data\submissions\CIK0001163165.json,156151,3af6063f71c59bb3e9d15e389a1a2d1771e1db6fde42c4614b13c1d49a8c8148,C:\projects\Karst\data\sec\submissions\CIK0001163165.json
silent-revisions,C:\projects\Karst\experiments\2026-09-02-silent-revisions\data\submissions\CIK0001164727.json,173470,17816a16b88bcf30e7ed14e378c9979b129fac7f35d42791301bc2dd995de566,C:\projects\Karst\data\sec\submissions\CIK0001164727.json
silent-revisions,C:\projects\Karst\experiments\2026-09-02-silent-revisions\data\submissions\CIK0001174922.json,167827,ebffbe93e0ede03a714b8e2852ffd457d6ab565175ef04d2357e6d17b5852f57,C:\projects\Karst\data\sec\submissions\CIK0001174922.json
silent-revisions,C:\projects\Karst\experiments\2026-09-02-silent-revisions\data\submissions\CIK0001175454.json,158004,fef79296c53b9ae69b55cf6f00090ee636595874dc8b4e0dd4fff152a370bf64,C:\projects\Karst\data\sec\submissions\CIK0001175454.json
silent-revisions,C:\projects\Karst\experiments\2026-09-02-silent-revisions\data\submissions\CIK0001176948.json,165851,ce11501e8a3acb9c041ef03675fb145bbe93a606a783d8af9ce26e192b08f8a1,C:\projects\Karst\data\sec\submissions\CIK0001176948.json
silent-revisions,C:\projects\Karst\experiments\2026-09-02-silent-revisions\data\submissions\CIK0001260221.json,157157,de010783ff4dcf1cc736fe44ce4467ffe743f04aa37ffd905f084304ece77c6c,C:\projects\Karst\data\sec\submissions\CIK0001260221.json
silent-revisions,C:\projects\Karst\experiments\2026-09-02-silent-revisions\data\submissions\CIK0001262039.json,156406,09cfce08ba2fd0e4ee6f3c61a5183dd686afcb3d24fbbf470e93ea85a8a46127,C:\projects\Karst\data\sec\submissions\CIK0001262039.json
silent-revisions,C:\projects\Karst\experiments\2026-09-02-silent-revisions\data\submissions\CIK0001267238.json,158573,5e33b757f6cacb6b3f43210f1fcf301def1e0eb317bfdf9fa50db3032513122e,C:\projects\Karst\data\sec\submissions\CIK0001267238.json
silent-revisions,C:\projects\Karst\experiments\2026-09-02-silent-revisions\data\submissions\CIK0001280452.json,163306,7f0d54439a6f427f53ce5f4de4ed29020c034912a511a9596be6e5a434b7a45b,C:\projects\Karst\data\sec\submissions\CIK0001280452.json
silent-revisions,C:\projects\Karst\experiments\2026-09-02-silent-revisions\data\submissions\CIK0001281761.json,152051,adfff1673ffded1cdea15795168aee4f2f6058ab1757f1495ff0ce485799ac2f,C:\projects\Karst\data\sec\submissions\CIK0001281761.json
silent-revisions,C:\projects\Karst\experiments\2026-09-02-silent-revisions\data\submissions\CIK0001283699.json,161572,6a3ebcd60c237f77e9ead82914491997e22f5b608f89583b88d14a6548d8c473,C:\projects\Karst\data\sec\submissions\CIK0001283699.json
silent-revisions,C:\projects\Karst\experiments\2026-09-02-silent-revisions\data\submissions\CIK0001285785.json,174412,363f368a4d1bbf76888c3b4bbe2bde9569b5d0538fe452d4b92a3451ab76497a,C:\projects\Karst\data\sec\submissions\CIK0001285785.json
silent-revisions,C:\projects\Karst\experiments\2026-09-02-silent-revisions\data\submissions\CIK0001286681.json,155990,47382bda00bc4299507335fee34981e9336566e48f985c7c1e25129d08b58759,C:\projects\Karst\data\sec\submissions\CIK0001286681.json
silent-revisions,C:\projects\Karst\experiments\2026-09-02-silent-revisions\data\submissions\CIK0001289490.json,157076,90c090fb0fbb6284e46b79d6bfa24063cf401919608fc63dedd39d7db0e19c27,C:\projects\Karst\data\sec\submissions\CIK0001289490.json
silent-revisions,C:\projects\Karst\experiments\2026-09-02-silent-revisions\data\submissions\CIK0001297996.json,161227,72ac76d957ec40a612716975b248d9f72d57b9b0397ea8f5a143d204fd0d532d,C:\projects\Karst\data\sec\submissions\CIK0001297996.json
silent-revisions,C:\projects\Karst\experiments\2026-09-02-silent-revisions\data\submissions\CIK0001300514.json,166986,14cfacdaaf85842cfd3cbb58a9592a92d82d33eaf1fd281c17f62dbdb76835eb,C:\projects\Karst\data\sec\submissions\CIK0001300514.json
silent-revisions,C:\projects\Karst\experiments\2026-09-02-silent-revisions\data\submissions\CIK0001316835.json,155363,5cf9f6d7c5ef013fb78332b03f9f8a6ab9d2da4c42311047cd3286a1cdfa4789,C:\projects\Karst\data\sec\submissions\CIK0001316835.json
silent-revisions,C:\projects\Karst\experiments\2026-09-02-silent-revisions\data\submissions\CIK0001318605.json,162093,4478acfc395a7ae3e1766c9f436fafe2bd17a133335cae0c69de3110a5dcfac9,C:\projects\Karst\data\sec\submissions\CIK0001318605.json
silent-revisions,C:\projects\Karst\experiments\2026-09-02-silent-revisions\data\submissions\CIK0001321655.json,157938,600aabb1afbce586997e29e3689a7b11b38112aacaa2cb4844b2041dd2902c6b,C:\projects\Karst\data\sec\submissions\CIK0001321655.json
silent-revisions,C:\projects\Karst\experiments\2026-09-02-silent-revisions\data\submissions\CIK0001324404.json,159514,bfe2f751e73357f757f95c5305f631a779a552cd9fe54e5392cef4b426695cae,C:\projects\Karst\data\sec\submissions\CIK0001324404.json
silent-revisions,C:\projects\Karst\experiments\2026-09-02-silent-revisions\data\submissions\CIK0001324424.json,147429,5eefbdd1ebf236181150fd8afc0fe28081a0fa2251b6f14dbcab698e2cd7e879,C:\projects\Karst\data\sec\submissions\CIK0001324424.json
silent-revisions,C:\projects\Karst\experiments\2026-09-02-silent-revisions\data\submissions\CIK0001326160.json,165586,c405571cba9641f5a7fe13f9dcb7bf528d15a1cf97c3fb818cd7f6952ff29180,C:\projects\Karst\data\sec\submissions\CIK0001326160.json
silent-revisions,C:\projects\Karst\experiments\2026-09-02-silent-revisions\data\submissions\CIK0001326801.json,157733,2c11151eea83ce390d096daf3245c56c421ab3695af2cc6e1f59a218fbe6e645,C:\projects\Karst\data\sec\submissions\CIK0001326801.json
silent-revisions,C:\projects\Karst\experiments\2026-09-02-silent-revisions\data\submissions\CIK0001327567.json,154961,cb9013d46077d518364d6e2a4e93c05a1ea1c22959d473824280e9b125188cbe,C:\projects\Karst\data\sec\submissions\CIK0001327567.json
silent-revisions,C:\projects\Karst\experiments\2026-09-02-silent-revisions\data\submissions\CIK0001327811.json,162305,dbe523a0150aebe30bf3fc68c12a110f9d142253b065975aad9c03394e12cdad,C:\projects\Karst\data\sec\submissions\CIK0001327811.json
silent-revisions,C:\projects\Karst\experiments\2026-09-02-silent-revisions\data\submissions\CIK0001335258.json,162233,3aa7c59db55bfca32268139f0820aeca29d2a4db35ec6e037cdd2b4a8489cb5e,C:\projects\Karst\data\sec\submissions\CIK0001335258.json
silent-revisions,C:\projects\Karst\experiments\2026-09-02-silent-revisions\data\submissions\CIK0001336920.json,161628,4e356d1895e6d17600685b830e6742ae4cf96ae14a2ab506a5425a128bc1fee0,C:\projects\Karst\data\sec\submissions\CIK0001336920.json
silent-revisions,C:\projects\Karst\experiments\2026-09-02-silent-revisions\data\submissions\CIK0001341439.json,158561,c431ef8d2d24e1fdb729f77094bb9ccfde65ed89458237e10f18236ddb55ee89,C:\projects\Karst\data\sec\submissions\CIK0001341439.json
silent-revisions,C:\projects\Karst\experiments\2026-09-02-silent-revisions\data\submissions\CIK0001373715.json,159766,769b8a73b436233500337cb865b00713b436f179155f8c68c7525e4ffc9111df,C:\projects\Karst\data\sec\submissions\CIK0001373715.json
silent-revisions,C:\projects\Karst\experiments\2026-09-02-silent-revisions\data\submissions\CIK0001374310.json,153984,7aabbcb3aca9751280af6998944c1071be2b2354fd9049899fcbe5c9e3c4616b,C:\projects\Karst\data\sec\submissions\CIK0001374310.json
silent-revisions,C:\projects\Karst\experiments\2026-09-02-silent-revisions\data\submissions\CIK0001375365.json,163979,40fdf1d9abeb1fa66972c821b5e36a6fd4e6223eac6166c36ce3f1d39263fb95,C:\projects\Karst\data\sec\submissions\CIK0001375365.json
silent-revisions,C:\projects\Karst\experiments\2026-09-02-silent-revisions\data\submissions\CIK0001381197.json,149469,2f5ae55ea7b00685e78a1b208b5da941a4a48fc1a65885e51bc3cadb84c7b15d,C:\projects\Karst\data\sec\submissions\CIK0001381197.json
silent-revisions,C:\projects\Karst\experiments\2026-09-02-silent-revisions\data\submissions\CIK0001383312.json,144758,9315e23af82d5e8cca0db442b4080e730eeac1bf769c3d7d758d711e0de55e5b,C:\projects\Karst\data\sec\submissions\CIK0001383312.json
silent-revisions,C:\projects\Karst\experiments\2026-09-02-silent-revisions\data\submissions\CIK0001385157.json,149816,da88ea8453e096686afe788fcd1e8e25974792280604f28c46eac699a5113106,C:\projects\Karst\data\sec\submissions\CIK0001385157.json
silent-revisions,C:\projects\Karst\experiments\2026-09-02-silent-revisions\data\submissions\CIK0001389170.json,157313,9f975d22941f9ec4e7f4ec2ae9efa68171ec6b81d26096ea60f9be800a434860,C:\projects\Karst\data\sec\submissions\CIK0001389170.json
silent-revisions,C:\projects\Karst\experiments\2026-09-02-silent-revisions\data\submissions\CIK0001390777.json,156612,6a842e9f94b3c51da1b30231524f279e1253f642cdfacbe7e2d82ce6286f0ebd,C:\projects\Karst\data\sec\submissions\CIK0001390777.json
silent-revisions,C:\projects\Karst\experiments\2026-09-02-silent-revisions\data\submissions\CIK0001393052.json,160369,81eefe377ba541a3a1041ada7abb1b1f3b38de2f2d473425f45a630e4068cfc9,C:\projects\Karst\data\sec\submissions\CIK0001393052.json
silent-revisions,C:\projects\Karst\experiments\2026-09-02-silent-revisions\data\submissions\CIK0001393311.json,158055,e0e5995719794cf214ebb369974e600099e4028ff0efd4d4adc91a8fcc701ab6,C:\projects\Karst\data\sec\submissions\CIK0001393311.json
silent-revisions,C:\projects\Karst\experiments\2026-09-02-silent-revisions\data\submissions\CIK0001393818.json,164993,bfd4d9a7a106cf670f350b6112a644c8209ffbe36e859171e4f59c11eb3435cd,C:\projects\Karst\data\sec\submissions\CIK0001393818.json
silent-revisions,C:\projects\Karst\experiments\2026-09-02-silent-revisions\data\submissions\CIK0001396009.json,162337,5aca8d77031b958ecfef5a28f93d30056e130985d40cc231d4d79b8c29b6e029,C:\projects\Karst\data\sec\submissions\CIK0001396009.json
silent-revisions,C:\projects\Karst\experiments\2026-09-02-silent-revisions\data\submissions\CIK0001397187.json,171747,ac25af596dabf46acc3160ecf3979e5cdea53fb2f69829f1659c742057fb58f1,C:\projects\Karst\data\sec\submissions\CIK0001397187.json
silent-revisions,C:\projects\Karst\experiments\2026-09-02-silent-revisions\data\submissions\CIK0001402057.json,162781,752b8b4d36f4b0e5624b823e2ae494c146aa614a625779f0a387d2521232e792,C:\projects\Karst\data\sec\submissions\CIK0001402057.json
silent-revisions,C:\projects\Karst\experiments\2026-09-02-silent-revisions\data\submissions\CIK0001403161.json,159298,5e443824f85f755f4f69d54da580c56de60ef1a3af113157916a990134dccfb8,C:\projects\Karst\data\sec\submissions\CIK0001403161.json
silent-revisions,C:\projects\Karst\experiments\2026-09-02-silent-revisions\data\submissions\CIK0001403568.json,156417,1b99cd5d4962d7a8ce1a112eb36663e07ab3c26b05e4c9810c1d69f816fa1a48,C:\projects\Karst\data\sec\submissions\CIK0001403568.json
silent-revisions,C:\projects\Karst\experiments\2026-09-02-silent-revisions\data\submissions\CIK0001404912.json,158570,7bb3393a289004df45a52da3908f677e19cd91f802b50a454f102cf0c0fc4052,C:\projects\Karst\data\sec\submissions\CIK0001404912.json
silent-revisions,C:\projects\Karst\experiments\2026-09-02-silent-revisions\data\submissions\CIK0001408198.json,161098,60b222cde390d5fbba47aab618cac83372d4ec11acde96caaff7fc008c3d194d,C:\projects\Karst\data\sec\submissions\CIK0001408198.json
silent-revisions,C:\projects\Karst\experiments\2026-09-02-silent-revisions\data\submissions\CIK0001410636.json,169957,ecf62a1b0760d3be74107caa0ea2dd838089e102f51dc9ec66aa2b145cf8a2b2,C:\projects\Karst\data\sec\submissions\CIK0001410636.json
silent-revisions,C:\projects\Karst\experiments\2026-09-02-silent-revisions\data\submissions\CIK0001413329.json,158529,28749eba159a0cd218ead6b51f26d568de7a5a225bfc7d9d1fe948622693a7ac,C:\projects\Karst\data\sec\submissions\CIK0001413329.json
silent-revisions,C:\projects\Karst\experiments\2026-09-02-silent-revisions\data\submissions\CIK0001413447.json,163494,f33c3b60e1219576f2887e53d5cffaf0cefd0976ef92149c226be2cecdc739e2,C:\projects\Karst\data\sec\submissions\CIK0001413447.json
silent-revisions,C:\projects\Karst\experiments\2026-09-02-silent-revisions\data\submissions\CIK0001415404.json,164065,39ec7b9781ad4d067d5948d877fddb485a26fc3fd4ce66e49de615b9e615e5c3,C:\projects\Karst\data\sec\submissions\CIK0001415404.json
silent-revisions,C:\projects\Karst\experiments\2026-09-02-silent-revisions\data\submissions\CIK0001442145.json,157851,dfbd0b11371b7379e84066b4e52db258af3a55137da37a10df50721001e7389e,C:\projects\Karst\data\sec\submissions\CIK0001442145.json
silent-revisions,C:\projects\Karst\experiments\2026-09-02-silent-revisions\data\submissions\CIK0001466258.json,163658,004891993ff80bbc51888298fcbe9e697d90808d2aa2c39b371de588876ed4b8,C:\projects\Karst\data\sec\submissions\CIK0001466258.json
silent-revisions,C:\projects\Karst\experiments\2026-09-02-silent-revisions\data\submissions\CIK0001467373.json,159085,521d0124433c5339bea064329b825a6aabeb97a8382748bddce4f097efd0170b,C:\projects\Karst\data\sec\submissions\CIK0001467373.json
silent-revisions,C:\projects\Karst\experiments\2026-09-02-silent-revisions\data\submissions\CIK0001467858.json,164664,3b748d6fb8ed82a98a220f115b7c76edaec79a50c8a45d714df4a4938a2fcaac,C:\projects\Karst\data\sec\submissions\CIK0001467858.json
silent-revisions,C:\projects\Karst\experiments\2026-09-02-silent-revisions\data\submissions\CIK0001474735.json,152298,e1930a32ec8031c3793a3c626925f9501516adfc7dbe02da861ea6b298185d71,C:\projects\Karst\data\sec\submissions\CIK0001474735.json
silent-revisions,C:\projects\Karst\experiments\2026-09-02-silent-revisions\data\submissions\CIK0001478242.json,162484,0c75126985a615cc9007c61044b467a538394e9dc2f69393fd3ed11426398664,C:\projects\Karst\data\sec\submissions\CIK0001478242.json
silent-revisions,C:\projects\Karst\experiments\2026-09-02-silent-revisions\data\submissions\CIK0001489393.json,165939,92bf1201617163445ab273c1f6ef01deb7e0584bd69c3388c53176f531b4faae,C:\projects\Karst\data\sec\submissions\CIK0001489393.json
silent-revisions,C:\projects\Karst\experiments\2026-09-02-silent-revisions\data\submissions\CIK0001501585.json,156523,28daf425f37d34ad2cbd67ea787299d1f91d2fc1a1e478b1589103c7e300dd9b,C:\projects\Karst\data\sec\submissions\CIK0001501585.json
silent-revisions,C:\projects\Karst\experiments\2026-09-02-silent-revisions\data\submissions\CIK0001506307.json,164338,48bd029aababad44854036c2d419cdbb13898c4c6bb99ffdfd6cfe8d6be9c8d9,C:\projects\Karst\data\sec\submissions\CIK0001506307.json
silent-revisions,C:\projects\Karst\experiments\2026-09-02-silent-revisions\data\submissions\CIK0001510295.json,157556,e271fdba0d5bef81fcfa0266665cc8a1e75998a27b11ea710994e8c9b8d44fc2,C:\projects\Karst\data\sec\submissions\CIK0001510295.json
silent-revisions,C:\projects\Karst\experiments\2026-09-02-silent-revisions\data\submissions\CIK0001512673.json,157373,ae9ae55f3301bad060457c2d261b758e43ad4c0f408957ccd9994a797cbb9d7b,C:\projects\Karst\data\sec\submissions\CIK0001512673.json
silent-revisions,C:\projects\Karst\experiments\2026-09-02-silent-revisions\data\submissions\CIK0001513761.json,167639,9b48ae562ee0054b1608380d2dafe7907d87b97a9a19097e74748f10bab2a1cd,C:\projects\Karst\data\sec\submissions\CIK0001513761.json
silent-revisions,C:\projects\Karst\experiments\2026-09-02-silent-revisions\data\submissions\CIK0001521332.json,157259,a7c5310e7d2e64963c4f468938e56847859bfc3a0a237aec293303e596514c4f,C:\projects\Karst\data\sec\submissions\CIK0001521332.json
silent-revisions,C:\projects\Karst\experiments\2026-09-02-silent-revisions\data\submissions\CIK0001524472.json,159975,a6778312a38362615bcb879d759efa1043a3f5d30777fe1d77dd17857974dd33,C:\projects\Karst\data\sec\submissions\CIK0001524472.json
silent-revisions,C:\projects\Karst\experiments\2026-09-02-silent-revisions\data\submissions\CIK0001534701.json,163495,b0efaf64906afa28a3e71c78c7fbcb942f56ada17a480c700dee1e9f62369cd7,C:\projects\Karst\data\sec\submissions\CIK0001534701.json
silent-revisions,C:\projects\Karst\experiments\2026-09-02-silent-revisions\data\submissions\CIK0001535527.json,157533,f3f41799c44c8585813a16be34bdfb449bb93497184a5bf1adaefa7b959e4d8d,C:\projects\Karst\data\sec\submissions\CIK0001535527.json
silent-revisions,C:\projects\Karst\experiments\2026-09-02-silent-revisions\data\submissions\CIK0001539838.json,165346,41ba940f178731e255a4cab30e979c43c6b948f089ebd486f2ff492801ef71cb,C:\projects\Karst\data\sec\submissions\CIK0001539838.json
silent-revisions,C:\projects\Karst\experiments\2026-09-02-silent-revisions\data\submissions\CIK0001543151.json,163714,e52707f75d46db59439f1d503d70d4f22d038b1770fa8765f71d49b0642cd7a6,C:\projects\Karst\data\sec\submissions\CIK0001543151.json
silent-revisions,C:\projects\Karst\experiments\2026-09-02-silent-revisions\data\submissions\CIK0001551152.json,156037,991814713f66597a0da89f55789137e3fb897d02d71fdaba8313b6cd9810dcbf,C:\projects\Karst\data\sec\submissions\CIK0001551152.json
silent-revisions,C:\projects\Karst\experiments\2026-09-02-silent-revisions\data\submissions\CIK0001551182.json,166809,ab57ee76eca5e184522c1e08d28d2c6c10fa7c38c779d83511bca2d0181394bc,C:\projects\Karst\data\sec\submissions\CIK0001551182.json
silent-revisions,C:\projects\Karst\experiments\2026-09-02-silent-revisions\data\submissions\CIK0001555280.json,163898,9f5c2b5dd2be883f7f0b68cf5119d7210d04a67c7baa42ec4ca334acd70e8b5b,C:\projects\Karst\data\sec\submissions\CIK0001555280.json
silent-revisions,C:\projects\Karst\experiments\2026-09-02-silent-revisions\data\submissions\CIK0001559720.json,151250,659c418a51efa25701c7cdff4cd461c6206e645e3cae200f80187e2ec8caa606,C:\projects\Karst\data\sec\submissions\CIK0001559720.json
silent-revisions,C:\projects\Karst\experiments\2026-09-02-silent-revisions\data\submissions\CIK0001561550.json,156800,fcdbfd1df3ee17017101cdc15ab442c866c7d608422c4e973ee30f7f320243a7,C:\projects\Karst\data\sec\submissions\CIK0001561550.json
silent-revisions,C:\projects\Karst\experiments\2026-09-02-silent-revisions\data\submissions\CIK0001564708.json,169324,c366693cbc0010ad965631bbc43afb8a52a2ed291763fe505667d9f43885dde1,C:\projects\Karst\data\sec\submissions\CIK0001564708.json
silent-revisions,C:\projects\Karst\experiments\2026-09-02-silent-revisions\data\submissions\CIK0001571949.json,154166,2fdffdda46e6086c1bfa4f62a31039d1bb8cc8ea47f249a1b66c03e5d79d9bd5,C:\projects\Karst\data\sec\submissions\CIK0001571949.json
silent-revisions,C:\projects\Karst\experiments\2026-09-02-silent-revisions\data\submissions\CIK0001571996.json,157732,62143da45043a4574633dc8aff311383afe6f55191439383f07487cb4c6fdf1d,C:\projects\Karst\data\sec\submissions\CIK0001571996.json
silent-revisions,C:\projects\Karst\experiments\2026-09-02-silent-revisions\data\submissions\CIK0001579241.json,159498,d12beaad3a08b4e1672dd9adc814565c85dca74cab75b9a6ffabbf57b754eab5,C:\projects\Karst\data\sec\submissions\CIK0001579241.json
silent-revisions,C:\projects\Karst\experiments\2026-09-02-silent-revisions\data\submissions\CIK0001585689.json,163768,fc74f842da060ae24515ec1566a4a47c17443997138af9a0c86a1818bd3e3353,C:\projects\Karst\data\sec\submissions\CIK0001585689.json
silent-revisions,C:\projects\Karst\experiments\2026-09-02-silent-revisions\data\submissions\CIK0001596532.json,157974,e953bb8c8c8d3e37315fb7358800b9b0da4245458e6f6b4b2a76ab03520c48a8,C:\projects\Karst\data\sec\submissions\CIK0001596532.json
silent-revisions,C:\projects\Karst\experiments\2026-09-02-silent-revisions\data\submissions\CIK0001601046.json,161588,c2d65b976193235241205a2c3b25392adc5830154f12ad6a290f42b40a7614a1,C:\projects\Karst\data\sec\submissions\CIK0001601046.json
silent-revisions,C:\projects\Karst\experiments\2026-09-02-silent-revisions\data\submissions\CIK0001601712.json,162674,d7c62e09bf9b3e94940fc7747d0c09e24be4dbc8db492bfac3f60f16e7abddbf,C:\projects\Karst\data\sec\submissions\CIK0001601712.json
silent-revisions,C:\projects\Karst\experiments\2026-09-02-silent-revisions\data\submissions\CIK0001609711.json,163352,e3e5336ae7c37dd5a463784f37a0f01d2fea01d46f6b27d4853255f263f0fe45,C:\projects\Karst\data\sec\submissions\CIK0001609711.json
silent-revisions,C:\projects\Karst\experiments\2026-09-02-silent-revisions\data\submissions\CIK0001613103.json,160931,bb787fba598b841ff71d15b487ee677fefec1ebb47680e34fdc36ae84aeab068,C:\projects\Karst\data\sec\submissions\CIK0001613103.json
silent-revisions,C:\projects\Karst\experiments\2026-09-02-silent-revisions\data\submissions\CIK0001633917.json,159505,5bf2a4a4b6128854f81f935ace7b4a32f419be4776ca60859e1822a0da54be32,C:\projects\Karst\data\sec\submissions\CIK0001633917.json
silent-revisions,C:\projects\Karst\experiments\2026-09-02-silent-revisions\data\submissions\CIK0001633978.json,159608,f70a1cc7be570c15e309b19d57bac77d09edb4ea81128d0cc15555a368b29a90,C:\projects\Karst\data\sec\submissions\CIK0001633978.json
silent-revisions,C:\projects\Karst\experiments\2026-09-02-silent-revisions\data\submissions\CIK0001637459.json,143191,daeefbbbcea946bcd29c728949dfc285d912f286fc9b23c26547f9f882ba3dab,C:\projects\Karst\data\sec\submissions\CIK0001637459.json
silent-revisions,C:\projects\Karst\experiments\2026-09-02-silent-revisions\data\submissions\CIK0001645590.json,177490,98efba6dfad3298f53ebae40cca26521da63507445ec97c5ca4a208d6e1f9a7d,C:\projects\Karst\data\sec\submissions\CIK0001645590.json
silent-revisions,C:\projects\Karst\experiments\2026-09-02-silent-revisions\data\submissions\CIK0001652044.json,153508,7a175ef53b95a2a2d91e7e7cd4925483834dbf2cf8b800f23f6639c2e85edd02,C:\projects\Karst\data\sec\submissions\CIK0001652044.json
silent-revisions,C:\projects\Karst\experiments\2026-09-02-silent-revisions\data\submissions\CIK0001659166.json,162422,e8544e2264c5018d0cc33f180aefd40b0da0a3024bbc21497b3c8370fc3371cd,C:\projects\Karst\data\sec\submissions\CIK0001659166.json
silent-revisions,C:\projects\Karst\experiments\2026-09-02-silent-revisions\data\submissions\CIK0001671933.json,159376,9c4eecf5284f8c2a2765ecb72be05dcff7328b21406e9fcb8aa270e34bf323d9,C:\projects\Karst\data\sec\submissions\CIK0001671933.json
silent-revisions,C:\projects\Karst\experiments\2026-09-02-silent-revisions\data\submissions\CIK0001674101.json,140406,4325aee3cb582bab0cf4852810bab2bdaffd737f52d7b39c4af939f5205de530,C:\projects\Karst\data\sec\submissions\CIK0001674101.json
silent-revisions,C:\projects\Karst\experiments\2026-09-02-silent-revisions\data\submissions\CIK0001679788.json,159386,3c1c318a35e4806bcc42c1194d9fb53fa0f08e2b64909391b846bbdb9f45f2db,C:\projects\Karst\data\sec\submissions\CIK0001679788.json
silent-revisions,C:\projects\Karst\experiments\2026-09-02-silent-revisions\data\submissions\CIK0001682852.json,156782,f8e2cd994ba83c087f90e231c97fe5578978ccb9e53fd91b4a6fe38288f693a4,C:\projects\Karst\data\sec\submissions\CIK0001682852.json
silent-revisions,C:\projects\Karst\experiments\2026-09-02-silent-revisions\data\submissions\CIK0001687229.json,115136,5a0f2c889543559617201142d15876615b7205a198b07b3024ea05b67da26b77,C:\projects\Karst\data\sec\submissions\CIK0001687229.json
silent-revisions,C:\projects\Karst\experiments\2026-09-02-silent-revisions\data\submissions\CIK0001690820.json,157989,adcf326dabdd85ae1df77aba96ba05703bc5d513268a18f825aa2cf45a5a0599,C:\projects\Karst\data\sec\submissions\CIK0001690820.json
silent-revisions,C:\projects\Karst\experiments\2026-09-02-silent-revisions\data\submissions\CIK0001692819.json,158295,71662d13ec75598a87dcaa66d5d7de33e0c143d0e825099f3ac0f9cb6ff418b7,C:\projects\Karst\data\sec\submissions\CIK0001692819.json
silent-revisions,C:\projects\Karst\experiments\2026-09-02-silent-revisions\data\submissions\CIK0001699150.json,141031,d0d3758b1c638b098df0f7f5b2e8e106ff3a15cc2c5290fdf7f0e7be0b39f5ae,C:\projects\Karst\data\sec\submissions\CIK0001699150.json
silent-revisions,C:\projects\Karst\experiments\2026-09-02-silent-revisions\data\submissions\CIK0001701605.json,158795,bee346bd520196d1be61685e8e805f441c14f298b86d06a7a19c609388838c31,C:\projects\Karst\data\sec\submissions\CIK0001701605.json
silent-revisions,C:\projects\Karst\experiments\2026-09-02-silent-revisions\data\submissions\CIK0001705696.json,128688,438eda7c52744e3203ffc6875f2fd56a2ff6653782062194e2714520d3633478,C:\projects\Karst\data\sec\submissions\CIK0001705696.json
silent-revisions,C:\projects\Karst\experiments\2026-09-02-silent-revisions\data\submissions\CIK0001707925.json,125449,2dfc71802252307ae10aed3278b22b8acb6c75dda1ca018be59fb2c626427975,C:\projects\Karst\data\sec\submissions\CIK0001707925.json
silent-revisions,C:\projects\Karst\experiments\2026-09-02-silent-revisions\data\submissions\CIK0001711269.json,119399,b3a33d4558ea765046ac9a2db3b9fec2144e4dfd69e7ce2f7275c9272ceb86f8,C:\projects\Karst\data\sec\submissions\CIK0001711269.json
silent-revisions,C:\projects\Karst\experiments\2026-09-02-silent-revisions\data\submissions\CIK0001713445.json,76236,eacb2d85d7f815b05e3653b90834eda75f6583f05c3553712e55ff287bcb0a90,C:\projects\Karst\data\sec\submissions\CIK0001713445.json
silent-revisions,C:\projects\Karst\experiments\2026-09-02-silent-revisions\data\submissions\CIK0001730168.json,158202,10f2d83f37ed2c97c0255f2ea020d64b96d94741c30204c782ba0ae28b0366c8,C:\projects\Karst\data\sec\submissions\CIK0001730168.json
silent-revisions,C:\projects\Karst\experiments\2026-09-02-silent-revisions\data\submissions\CIK0001739940.json,150138,80de5de737e51add8d1570dbef460412a8f546527ec45fd305cda17c2556ce83,C:\projects\Karst\data\sec\submissions\CIK0001739940.json
silent-revisions,C:\projects\Karst\experiments\2026-09-02-silent-revisions\data\submissions\CIK0001744489.json,166250,a56102bf6aa5167c9149be35bca7a4f53185baf89ef4af8e86e6c64720008dc1,C:\projects\Karst\data\sec\submissions\CIK0001744489.json
silent-revisions,C:\projects\Karst\experiments\2026-09-02-silent-revisions\data\submissions\CIK0001748790.json,107359,dc14431da392b1af867b92766edcabdf995bf6227cd2229f843f6962afd2e0d7,C:\projects\Karst\data\sec\submissions\CIK0001748790.json
silent-revisions,C:\projects\Karst\experiments\2026-09-02-silent-revisions\data\submissions\CIK0001751008.json,130473,622a27d3a1fce9089ddd1fac7012531dcc39b2c177d754e7463227dd4da9ac22,C:\projects\Karst\data\sec\submissions\CIK0001751008.json
silent-revisions,C:\projects\Karst\experiments\2026-09-02-silent-revisions\data\submissions\CIK0001754301.json,104184,94d7fcc30000e45af390805349bf7551139de8d580e3d7f8ad30e82c29aeb3d9,C:\projects\Karst\data\sec\submissions\CIK0001754301.json
silent-revisions,C:\projects\Karst\experiments\2026-09-02-silent-revisions\data\submissions\CIK0001755672.json,99503,57e05a51b16ebd58b3d8f64f5a037a0a7b225b8f4ab1961b18f13b5c995c2b67,C:\projects\Karst\data\sec\submissions\CIK0001755672.json
silent-revisions,C:\projects\Karst\experiments\2026-09-02-silent-revisions\data\submissions\CIK0001757898.json,107691,dfc33696e07ea2532e3d72916f0cdf587bcd184b894a2f680f9f2361a623f5cc,C:\projects\Karst\data\sec\submissions\CIK0001757898.json
silent-revisions,C:\projects\Karst\experiments\2026-09-02-silent-revisions\data\submissions\CIK0001781335.json,96146,15b41b6b9b910004b5eaca8186158e0ee0fbffcb918f5a30e2d7addc9575a747,C:\projects\Karst\data\sec\submissions\CIK0001781335.json
silent-revisions,C:\projects\Karst\experiments\2026-09-02-silent-revisions\data\submissions\CIK0001783180.json,86993,a97109781b74aa86e24063294ab56f73bea86511509fd8bad91494d4f459f460,C:\projects\Karst\data\sec\submissions\CIK0001783180.json
silent-revisions,C:\projects\Karst\experiments\2026-09-02-silent-revisions\data\submissions\CIK0001783879.json,159799,abbc187c257a362f07884789e730e108b4dbacffca7cc1407d34398073c740b4,C:\projects\Karst\data\sec\submissions\CIK0001783879.json
silent-revisions,C:\projects\Karst\experiments\2026-09-02-silent-revisions\data\submissions\CIK0001792044.json,84418,606834394623ae62890e2b49a0bf8e519188da0d0f9eb064fce59a4286747340,C:\projects\Karst\data\sec\submissions\CIK0001792044.json
silent-revisions,C:\projects\Karst\experiments\2026-09-02-silent-revisions\data\submissions\CIK0001792789.json,157532,37b269c402604e39e38a96f23552f0f3556ac20db7c6467d464aee48887d9164,C:\projects\Karst\data\sec\submissions\CIK0001792789.json
silent-revisions,C:\projects\Karst\experiments\2026-09-02-silent-revisions\data\submissions\CIK0001811074.json,150980,3e904d00b8917f4014b69f9e3dea63f20f2cef95610fb61622279ce65d3a20f6,C:\projects\Karst\data\sec\submissions\CIK0001811074.json
silent-revisions,C:\projects\Karst\experiments\2026-09-02-silent-revisions\data\submissions\CIK0001835632.json,132146,45f2bc090c91dfc140cb77ce33f51994e8cd52a2f80f421f88a1fe784a6bd14a,C:\projects\Karst\data\sec\submissions\CIK0001835632.json
silent-revisions,C:\projects\Karst\experiments\2026-09-02-silent-revisions\data\submissions\CIK0001841666.json,128609,b0c33a1211aaca81dfb5074c3e267c52ba718b6f0a0029a3ed369626775beca1,C:\projects\Karst\data\sec\submissions\CIK0001841666.json
silent-revisions,C:\projects\Karst\experiments\2026-09-02-silent-revisions\data\submissions\CIK0001858681.json,120550,3e37ad8d3ceebb95ff9e382e957bef853f3dd7ec387d2afee40b3514a120de1f,C:\projects\Karst\data\sec\submissions\CIK0001858681.json
silent-revisions,C:\projects\Karst\experiments\2026-09-02-silent-revisions\data\submissions\CIK0001868275.json,61286,cdf3672599be75ea59665d2442bd714070aa612f2919eee7b0a7535143b2d5d6,C:\projects\Karst\data\sec\submissions\CIK0001868275.json
silent-revisions,C:\projects\Karst\experiments\2026-09-02-silent-revisions\data\submissions\CIK0001932393.json,69413,a210cb7f06bc63f6f24e26d28b29a8bd7933a3ff7d076cef4548374488275bf0,C:\projects\Karst\data\sec\submissions\CIK0001932393.json
silent-revisions,C:\projects\Karst\experiments\2026-09-02-silent-revisions\data\submissions\CIK0001944048.json,78525,bd9a16de0968a5fc2aa6f50ef43c4914e84d88666babdce7e2232940b5c697d4,C:\projects\Karst\data\sec\submissions\CIK0001944048.json
silent-revisions,C:\projects\Karst\experiments\2026-09-02-silent-revisions\data\submissions\CIK0001964738.json,42436,f5231795a3219dbad4b330b146f2d843e6dd49e67b185a24d5038dd55742c8ce,C:\projects\Karst\data\sec\submissions\CIK0001964738.json
silent-revisions,C:\projects\Karst\experiments\2026-09-02-silent-revisions\data\submissions\CIK0001967680.json,49028,ab3713d9a8d0f174abaeef4e3dfdec8b6bc692d274b7d88654e4b6b86d6e70ce,C:\projects\Karst\data\sec\submissions\CIK0001967680.json
silent-revisions,C:\projects\Karst\experiments\2026-09-02-silent-revisions\data\submissions\CIK0001973266.json,62001,7fd02f160d65f32e5b72670153f1648353cf2fdf162ab02387ab624ae44e1d2a,C:\projects\Karst\data\sec\submissions\CIK0001973266.json
silent-revisions,C:\projects\Karst\experiments\2026-09-02-silent-revisions\data\submissions\CIK0001996810.json,34763,69d23bd2f4977a560227761ef5947e4ee3fbfeff853191c19cb02a6f39e723e9,C:\projects\Karst\data\sec\submissions\CIK0001996810.json
silent-revisions,C:\projects\Karst\experiments\2026-09-02-silent-revisions\data\submissions\CIK0001996862.json,68542,6c7fa3e2aee2249c269b9b055199a9e5417cfcad604200ede961e526041a26f1,C:\projects\Karst\data\sec\submissions\CIK0001996862.json
silent-revisions,C:\projects\Karst\experiments\2026-09-02-silent-revisions\data\submissions\CIK0002005951.json,65527,18daedf71ed0babacb3a75b610d98c63174b7e86eafdb5e8d6ce0c17401fdf89,C:\projects\Karst\data\sec\submissions\CIK0002005951.json
silent-revisions,C:\projects\Karst\experiments\2026-09-02-silent-revisions\data\submissions\CIK0002011641.json,39930,c341e8ea9286f4c24268bd7e5858997fd89e4598e036ff2f77d28929668227a9,C:\projects\Karst\data\sec\submissions\CIK0002011641.json
silent-revisions,C:\projects\Karst\experiments\2026-09-02-silent-revisions\data\submissions\CIK0002012383.json,289015,e2d849e4e5675e216ebfbc0f96dabd81a21210af296b7a44a54147c7e0d6c6a0,C:\projects\Karst\data\sec\submissions\CIK0002012383.json
silent-revisions,C:\projects\Karst\experiments\2026-09-02-silent-revisions\data\submissions\CIK0002041610.json,32702,322c91378d5446587fa712417a24557a507ea0fb3b3590e1e90b4516560ad103,C:\projects\Karst\data\sec\submissions\CIK0002041610.json
silent-revisions,C:\projects\Karst\experiments\2026-09-02-silent-revisions\data\submissions\CIK0002058873.json,23063,009ca930c8c3b3696e4b0bb137816d6427f53fba68ae90e67fe44f1c7e18a7fc,C:\projects\Karst\data\sec\submissions\CIK0002058873.json
silent-revisions,C:\projects\Karst\experiments\2026-09-02-silent-revisions\data\submissions\CIK0002082247.json,12227,ef081840d2d16709c637e12e51d4ac3271eee8723204389fa0cfb73f7a586d99,C:\projects\Karst\data\sec\submissions\CIK0002082247.json
silent-revisions,C:\projects\Karst\experiments\2026-09-02-silent-revisions\data\submissions\CIK0002089271.json,13357,2f345e9dbe5dd21fafd45187f9dcbb45f0f41e6c7fe0d099ea5846ccbfa28b9e,C:\projects\Karst\data\sec\submissions\CIK0002089271.json
silent-revisions,C:\projects\Karst\experiments\2026-09-02-silent-revisions\data\submissions\CIK0002115436.json,6154,c8aee4327ac005e1db4dc0294f3af5a40300a1a06e373df76af16b3bec260db8,C:\projects\Karst\data\sec\submissions\CIK0002115436.json
