name,cik,filingFrom,filingTo,filingCount
CIK0000001750-submissions-001.json,0000001750,1994-01-13,2014-03-23,1357
CIK0000002098-submissions-001.json,0000002098,1994-02-10,2004-01-25,112
CIK0000002186-submissions-001.json,0000002186,1995-05-17,2004-07-19,173
CIK0000002230-submissions-001.json,0000002230,1996-01-26,2005-02-02,146
CIK0000003197-submissions-001.json,0000003197,1995-08-14,2008-03-01,314
CIK0000003453-submissions-001.json,0000003453,1994-05-06,2017-05-02,1298
CIK0000003545-submissions-001.json,0000003545,1994-02-14,2011-10-01,891
CIK0000003570-submissions-001.json,0000003570,1996-06-03,2015-04-21,1594
CIK0000005981-submissions-001.json,0000005981,1995-05-15,2010-05-11,500
CIK0000006176-submissions-001.json,0000006176,1994-03-15,2007-12-09,441
CIK0000006845-submissions-001.json,0000006845,1994-01-11,2015-06-30,1234
CIK0000006955-submissions-001.json,0000006955,1994-01-13,2014-04-07,1011
CIK0000007431-submissions-001.json,0000007431,1994-02-08,2011-03-21,555
CIK0000007536-submissions-001.json,0000007536,1994-03-30,2017-08-01,1960
CIK0000007789-submissions-001.json,0000007789,2014-10-16,2022-10-16,2000
CIK0000007789-submissions-002.json,0000007789,2008-10-02,2014-10-14,2000
CIK0000007789-submissions-003.json,0000007789,2004-04-15,2008-09-30,2009
CIK0000007789-submissions-004.json,0000007789,1995-05-15,2004-04-13,607
CIK0000008063-submissions-001.json,0000008063,1995-03-22,2013-12-10,620
CIK0000008146-submissions-001.json,0000008146,1995-04-10,2014-04-12,648
CIK0000008504-submissions-001.json,0000008504,1999-08-30,2008-12-10,153
CIK0000008858-submissions-001.json,0000008858,1994-01-06,2014-08-06,1316
CIK0000008947-submissions-001.json,0000008947,1994-02-14,2014-04-29,1055
CIK0000009092-submissions-001.json,0000009092,1994-02-09,2013-11-06,1169
CIK0000009326-submissions-001.json,0000009326,1995-08-11,2008-01-01,270
CIK0000009631-submissions-001.json,0000009631,2025-01-31,2025-08-31,2016
CIK0000009631-submissions-002.json,0000009631,2024-04-30,2025-01-29,2002
CIK0000009631-submissions-003.json,0000009631,2023-04-13,2024-04-28,2003
CIK0000009631-submissions-004.json,0000009631,2021-04-19,2023-04-11,2003
CIK0000009631-submissions-005.json,0000009631,2018-04-16,2021-04-17,2001
CIK0000009631-submissions-006.json,0000009631,2000-11-08,2018-04-14,1931
CIK0000010048-submissions-001.json,0000010048,1995-05-12,2001-08-11,38
CIK0000010329-submissions-001.json,0000010329,1995-01-06,2008-02-04,519
CIK0000012239-submissions-001.json,0000012239,1995-05-15,2008-05-12,290
CIK0000014707-submissions-001.json,0000014707,1994-01-28,2013-06-01,1104
CIK0000014846-submissions-001.json,0000014846,1994-01-26,2013-12-31,765
CIK0000014930-submissions-001.json,0000014930,1994-02-28,2015-08-01,1509
CIK0000015615-submissions-001.json,0000015615,1994-01-20,2012-08-15,734
CIK0000016040-submissions-001.json,0000016040,1994-02-14,2017-11-12,1436
CIK0000016058-submissions-001.json,0000016058,1994-09-26,2017-02-27,1504
CIK0000016160-submissions-001.json,0000016160,1996-10-25,2003-11-10,62
CIK0000016868-submissions-001.json,0000016868,1997-02-10,2000-04-17,83
CIK0000016875-submissions-001.json,0000016875,2000-02-08,2015-10-25,581
CIK0000017313-submissions-001.json,0000017313,1994-02-14,2010-05-15,355
CIK0000017843-submissions-001.json,0000017843,1994-01-12,2014-04-23,1376
CIK0000018255-submissions-001.json,0000018255,1994-02-14,2003-10-19,155
CIK0000018498-submissions-001.json,0000018498,1994-01-31,2013-06-29,975
CIK0000019584-submissions-001.json,0000019584,1994-02-10,2013-02-25,873
CIK0000019745-submissions-001.json,0000019745,1995-02-03,2012-02-12,787
CIK0000020212-submissions-001.json,0000020212,1995-04-25,2014-04-22,1070
CIK0000021175-submissions-001.json,0000021175,1994-03-29,2004-03-23,233
CIK0000021535-submissions-001.json,0000021535,1994-02-14,2013-07-30,577
CIK0000022356-submissions-001.json,0000022356,2008-11-04,2021-01-03,2007
CIK0000022356-submissions-002.json,0000022356,1995-04-17,2008-11-02,971
CIK0000022444-submissions-001.json,0000022444,1994-01-14,2016-01-12,1475
CIK0000022701-submissions-001.json,0000022701,1994-02-14,2010-10-17,474
CIK0000023194-submissions-001.json,0000023194,1995-04-12,2014-02-04,812
CIK0000023197-submissions-001.json,0000023197,1995-03-13,2015-01-20,872
CIK0000023795-submissions-001.json,0000023795,1995-03-01,2015-04-18,692
CIK0000024090-submissions-001.json,0000024090,1995-04-20,2006-12-17,286
CIK0000025232-submissions-001.json,0000025232,1994-03-09,2011-02-05,1010
CIK0000025445-submissions-001.json,0000025445,1994-01-12,2015-01-27,1398
CIK0000025475-submissions-001.json,0000025475,1995-02-08,2013-02-05,759
CIK0000025743-submissions-001.json,0000025743,1995-08-16,2008-06-21,176
CIK0000025895-submissions-001.json,0000025895,1994-02-15,2003-05-07,106
CIK0000026058-submissions-001.json,0000026058,1994-03-16,2009-09-14,600
CIK0000026324-submissions-001.json,0000026324,1994-02-15,2014-01-06,986
CIK0000026780-submissions-001.json,0000026780,2002-07-01,2019-02-17,2000
CIK0000026780-submissions-002.json,0000026780,1994-02-10,2002-06-29,122
CIK0000027093-submissions-001.json,0000027093,1995-09-14,2003-10-15,199
CIK0000027996-submissions-001.json,0000027996,1994-02-10,2015-04-21,1147
CIK0000028823-submissions-001.json,0000028823,1994-02-14,2016-02-09,1113
CIK0000028917-submissions-001.json,0000028917,2012-11-21,2022-01-30,2000
CIK0000028917-submissions-002.json,0000028917,1994-02-14,2012-11-19,1579
CIK0000029002-submissions-001.json,0000029002,1995-05-23,2016-12-11,1027
CIK0000029332-submissions-001.json,0000029332,1994-02-09,2007-03-07,371
CIK0000029644-submissions-001.json,0000029644,2005-10-06,2015-12-19,2002
CIK0000029644-submissions-002.json,0000029644,1994-02-09,2005-10-04,902
CIK0000030305-submissions-001.json,0000030305,1995-03-15,2012-05-01,597
CIK0000030697-submissions-001.json,0000030697,2001-01-10,2018-09-29,2001
CIK0000030697-submissions-002.json,0000030697,1994-03-10,2001-01-08,282
CIK0000031107-submissions-001.json,0000031107,1995-03-20,2008-10-20,378
CIK0000031235-submissions-001.json,0000031235,1994-03-11,2013-09-01,1501
CIK0000033002-submissions-001.json,0000033002,1994-02-15,2002-06-25,73
CIK0000033488-submissions-001.json,0000033488,1995-03-24,2008-02-23,305
CIK0000033533-submissions-001.json,0000033533,1995-05-11,2000-11-04,48
CIK0000033992-submissions-001.json,0000033992,1995-11-13,2006-11-11,215
CIK0000034067-submissions-001.json,0000034067,1995-06-22,2008-06-09,372
CIK0000034782-submissions-001.json,0000034782,1995-05-11,2010-02-06,370
CIK0000036029-submissions-001.json,0000036029,1994-01-07,2014-12-09,640
CIK0000036146-submissions-001.json,0000036146,1994-02-09,2014-01-28,1445
CIK0000037472-submissions-001.json,0000037472,1995-02-13,2013-08-27,713
CIK0000037808-submissions-001.json,0000037808,2002-06-28,2017-04-03,2001
CIK0000037808-submissions-002.json,0000037808,1995-05-11,2002-06-26,193
CIK0000038264-submissions-001.json,0000038264,1996-05-09,2004-01-27,123
CIK0000038725-submissions-001.json,0000038725,1995-03-14,2017-05-07,1408
CIK0000039263-submissions-001.json,0000039263,1994-02-09,2014-04-23,929
CIK0000039311-submissions-001.json,0000039311,1995-03-17,2014-03-08,1134
CIK0000039368-submissions-001.json,0000039368,2007-12-21,2021-02-06,2000
CIK0000039368-submissions-002.json,0000039368,1994-08-04,2007-12-19,1241
CIK0000039911-submissions-001.json,0000039911,1994-02-08,2017-02-01,1965
CIK0000040211-submissions-001.json,0000040211,1994-02-14,2018-07-31,1887
CIK0000040417-submissions-001.json,0000040417,1996-02-05,2014-03-01,1166
CIK0000040729-submissions-001.json,0000040729,2012-08-03,2020-02-08,2001
CIK0000040729-submissions-002.json,0000040729,1996-04-19,2012-08-01,2001
CIK0000040729-submissions-003.json,0000040729,1994-01-05,1996-04-17,466
CIK0000041091-submissions-001.json,0000041091,1994-01-28,1995-05-13,41
CIK0000041719-submissions-001.json,0000041719,1994-02-14,2013-03-05,893
CIK0000042682-submissions-001.json,0000042682,1994-02-15,2006-12-27,288
CIK0000042888-submissions-001.json,0000042888,1994-02-10,2017-02-19,1359
CIK0000043196-submissions-001.json,0000043196,1996-05-13,2013-03-19,921
CIK0000043920-submissions-001.json,0000043920,1994-03-09,2013-12-21,1196
CIK0000045919-submissions-001.json,0000045919,1994-02-14,2009-03-31,669
CIK0000046129-submissions-001.json,0000046129,1995-05-15,2001-09-19,50
CIK0000046195-submissions-001.json,0000046195,1994-02-09,2015-02-01,1546
CIK0000046250-submissions-001.json,0000046250,1995-05-15,2001-02-11,36
CIK0000046619-submissions-001.json,0000046619,1995-02-16,2009-07-25,434
CIK0000048287-submissions-001.json,0000048287,1994-02-11,2016-09-04,1901
CIK0000049600-submissions-001.json,0000049600,1994-02-14,2009-03-07,534
CIK0000049754-submissions-001.json,0000049754,1994-02-14,2017-10-08,1371
CIK0000050471-submissions-001.json,0000050471,1996-08-07,2002-05-13,247
CIK0000050493-submissions-001.json,0000050493,1994-01-18,2004-01-26,134
CIK0000050725-submissions-001.json,0000050725,1994-01-21,2009-12-16,502
CIK0000052827-submissions-001.json,0000052827,1994-02-04,2012-05-02,981
CIK0000055135-submissions-001.json,0000055135,1994-02-15,2014-12-22,894
CIK0000055242-submissions-001.json,0000055242,1994-02-11,2015-08-31,1609
CIK0000055529-submissions-001.json,0000055529,1995-03-17,2004-07-31,79
CIK0000056047-submissions-001.json,0000056047,1994-03-15,2015-04-28,1472
CIK0000056679-submissions-001.json,0000056679,1998-08-18,2006-07-08,341
CIK0000056978-submissions-001.json,0000056978,1994-02-10,2014-07-01,1167
CIK0000057131-submissions-001.json,0000057131,1994-02-14,2010-01-26,545
CIK0000058361-submissions-001.json,0000058361,1994-02-03,2009-07-08,681
CIK0000059255-submissions-001.json,0000059255,1994-02-14,2009-01-25,836
CIK0000059527-submissions-001.json,0000059527,1994-02-14,2013-06-02,723
CIK0000060519-submissions-001.json,0000060519,1994-02-14,2011-01-01,625
CIK0000060714-submissions-001.json,0000060714,1994-01-27,2011-01-19,936
CIK0000061004-submissions-001.json,0000061004,1995-04-10,2004-07-14,141
CIK0000061986-submissions-001.json,0000061986,1994-02-14,2014-01-07,1915
CIK0000062234-submissions-001.json,0000062234,1994-02-14,2013-06-26,922
CIK0000063296-submissions-001.json,0000063296,1995-02-08,2014-07-30,862
CIK0000063330-submissions-001.json,0000063330,1995-02-08,2001-05-12,129
CIK0000064463-submissions-001.json,0000064463,1995-02-14,2007-09-03,567
CIK0000065270-submissions-001.json,0000065270,1994-02-14,2010-06-29,577
CIK0000065770-submissions-001.json,0000065770,1996-08-14,2009-04-25,421
CIK0000066004-submissions-001.json,0000066004,1995-02-06,2008-08-04,570
CIK0000066382-submissions-001.json,0000066382,1994-01-04,2014-01-19,952
CIK0000066570-submissions-001.json,0000066570,1994-02-07,2015-05-16,1135
CIK0000067088-submissions-001.json,0000067088,2002-01-24,2011-02-06,686
CIK0000067215-submissions-001.json,0000067215,1995-03-16,2013-11-27,858
CIK0000067347-submissions-001.json,0000067347,1995-01-27,2013-06-09,1645
CIK0000067716-submissions-001.json,0000067716,1994-02-11,2010-12-06,798
CIK0000067887-submissions-001.json,0000067887,1994-01-12,2013-11-11,923
CIK0000069488-submissions-001.json,0000069488,1995-03-24,2009-06-20,460
CIK0000070145-submissions-001.json,0000070145,1998-01-27,2017-03-15,2000
CIK0000070145-submissions-002.json,0000070145,1994-01-10,1998-01-25,322
CIK0000070487-submissions-001.json,0000070487,1997-08-08,2007-12-25,303
CIK0000070502-submissions-001.json,0000070502,2019-12-12,2024-07-10,2013
CIK0000070502-submissions-002.json,0000070502,2015-06-11,2019-12-10,2006
CIK0000070502-submissions-003.json,0000070502,2011-08-10,2015-06-09,2003
CIK0000070502-submissions-004.json,0000070502,2008-03-13,2011-08-08,2008
CIK0000070502-submissions-005.json,0000070502,2000-08-29,2008-03-11,2000
CIK0000070502-submissions-006.json,0000070502,1994-04-25,2000-08-27,2048
CIK0000070502-submissions-007.json,0000070502,1994-01-14,1994-04-23,23
CIK0000070866-submissions-001.json,0000070866,1996-09-26,2016-02-24,1421
CIK0000071829-submissions-001.json,0000071829,1995-02-06,2011-05-08,594
CIK0000072162-submissions-001.json,0000072162,1994-01-28,1994-02-28,4
CIK0000072444-submissions-001.json,0000072444,1994-11-08,2011-04-18,767
CIK0000072573-submissions-001.json,0000072573,1996-05-24,2014-03-31,996
CIK0000073756-submissions-001.json,0000073756,1994-02-14,2012-02-19,628
CIK0000074046-submissions-001.json,0000074046,1994-10-21,2003-10-29,153
CIK0000074260-submissions-001.json,0000074260,1994-01-28,2011-01-25,679
CIK0000074303-submissions-001.json,0000074303,1994-01-10,2016-08-17,1634
CIK0000075252-submissions-001.json,0000075252,2000-04-11,2017-03-20,2000
CIK0000075252-submissions-002.json,0000075252,1994-01-06,2000-04-09,94
CIK0000075288-submissions-001.json,0000075288,1994-01-07,2010-03-29,605
CIK0000076282-submissions-001.json,0000076282,1994-02-14,2011-08-23,562
CIK0000076605-submissions-001.json,0000076605,1994-02-14,2015-12-22,958
CIK0000077543-submissions-001.json,0000077543,1994-02-14,2010-06-07,671
CIK0000078128-submissions-001.json,0000078128,1994-03-08,2014-02-25,791
CIK0000078150-submissions-001.json,0000078150,1995-02-08,2005-04-03,179
CIK0000078749-submissions-001.json,0000078749,1994-02-14,2012-02-12,883
CIK0000078890-submissions-001.json,0000078890,2010-03-03,2021-11-30,2003
CIK0000078890-submissions-002.json,0000078890,1994-01-28,2010-03-01,1648
CIK0000080035-submissions-001.json,0000080035,2001-04-30,2010-04-18,306
CIK0000080420-submissions-001.json,0000080420,1995-02-09,2005-12-17,198
CIK0000081362-submissions-001.json,0000081362,1994-02-14,2015-01-06,962
CIK0000082811-submissions-001.json,0000082811,1994-02-14,2016-12-28,912
CIK0000084246-submissions-001.json,0000084246,1994-01-28,2017-01-23,1924
CIK0000084748-submissions-001.json,0000084748,1994-02-11,2014-11-02,1627
CIK0000085535-submissions-001.json,0000085535,1995-05-11,2012-05-01,965
CIK0000086115-submissions-001.json,0000086115,1994-04-06,2011-01-16,727
CIK0000087050-submissions-001.json,0000087050,1994-02-14,1999-10-10,46
CIK0000088205-submissions-001.json,0000088205,1994-02-11,2013-03-17,1107
CIK0000088941-submissions-001.json,0000088941,2002-12-11,2018-06-11,2000
CIK0000088941-submissions-002.json,0000088941,1995-04-24,2002-12-09,138
CIK0000089089-submissions-001.json,0000089089,1994-02-14,2015-03-15,1521
CIK0000089439-submissions-001.json,0000089439,1994-02-14,2012-05-02,653
CIK0000090498-submissions-001.json,0000090498,2001-07-19,2020-04-01,2000
CIK0000090498-submissions-002.json,0000090498,1994-02-14,2001-07-17,120
CIK0000090896-submissions-001.json,0000090896,1994-01-14,2006-12-16,142
CIK0000091388-submissions-001.json,0000091388,1994-03-08,2007-05-07,504
CIK0000091767-submissions-001.json,0000091767,2014-06-12,2022-02-08,2000
CIK0000091767-submissions-002.json,0000091767,2007-06-12,2014-06-10,2013
CIK0000091767-submissions-003.json,0000091767,1994-02-22,2007-06-10,1371
CIK0000092103-submissions-001.json,0000092103,1994-01-13,1997-03-08,58
CIK0000093314-submissions-001.json,0000093314,1999-12-06,2012-10-23,137
CIK0000093389-submissions-001.json,0000093389,1994-02-14,2009-09-08,517
CIK0000094049-submissions-001.json,0000094049,1994-02-10,2016-02-24,1598
CIK0000094344-submissions-001.json,0000094344,1994-02-04,2014-01-14,627
CIK0000094845-submissions-001.json,0000094845,2000-05-04,2021-01-31,852
CIK0000095029-submissions-001.json,0000095029,1994-02-14,2012-10-29,578
CIK0000095304-submissions-001.json,0000095304,1994-01-14,2005-05-08,538
CIK0000095574-submissions-001.json,0000095574,1994-08-10,2004-10-30,121
CIK0000095953-submissions-001.json,0000095953,1995-02-14,2011-03-21,419
CIK0000096869-submissions-001.json,0000096869,1995-03-03,2013-04-01,631
CIK0000097134-submissions-001.json,0000097134,1994-02-10,2010-06-29,578
CIK0000097216-submissions-001.json,0000097216,2009-03-10,2018-05-15,2006
CIK0000097216-submissions-002.json,0000097216,2003-05-19,2009-03-08,2002
CIK0000097216-submissions-003.json,0000097216,1994-01-28,2003-05-17,781
CIK0000098222-submissions-001.json,0000098222,1994-01-26,2014-12-13,1261
CIK0000098362-submissions-001.json,0000098362,1994-02-10,2013-06-29,1372
CIK0000099302-submissions-001.json,0000099302,1995-07-05,2007-06-25,277
CIK0000099614-submissions-001.json,0000099614,1994-03-02,1998-01-07,63
CIK0000099780-submissions-001.json,0000099780,1994-02-09,2014-09-20,1715
CIK0000100378-submissions-001.json,0000100378,1994-02-14,2006-08-12,238
CIK0000100591-submissions-001.json,0000100591,1995-06-16,2009-07-29,409
CIK0000100726-submissions-001.json,0000100726,1994-02-04,2009-07-27,388
CIK0000101199-submissions-001.json,0000101199,1995-02-10,2015-06-01,1366
CIK0000101382-submissions-001.json,0000101382,2007-01-26,2021-10-26,2010
CIK0000101382-submissions-002.json,0000101382,1994-02-14,2007-01-24,532
CIK0000101594-submissions-001.json,0000101594,1995-04-17,2007-08-12,714
CIK0000101984-submissions-001.json,0000101984,1995-02-10,2016-03-30,1280
CIK0000102037-submissions-001.json,0000102037,1994-02-11,2012-11-04,1426
CIK0000102212-submissions-001.json,0000102212,1994-05-10,2015-03-17,1031
CIK0000102729-submissions-001.json,0000102729,1994-03-25,2012-12-17,660
CIK0000102752-submissions-001.json,0000102752,1995-04-06,2009-04-29,453
CIK0000103145-submissions-001.json,0000103145,1996-01-26,2012-05-20,736
CIK0000103595-submissions-001.json,0000103595,1994-06-06,2008-12-21,232
CIK0000103730-submissions-001.json,0000103730,1994-02-14,2010-03-20,480
CIK0000104894-submissions-001.json,0000104894,1994-08-15,2011-03-20,713
CIK0000104918-submissions-001.json,0000104918,1994-01-20,2017-12-03,1733
CIK0000105016-submissions-001.json,0000105016,1994-02-14,2007-01-29,252
CIK0000105132-submissions-001.json,0000105132,1995-04-14,2010-07-26,523
CIK0000105319-submissions-001.json,0000105319,1999-12-02,2016-05-15,1171
CIK0000106532-submissions-001.json,0000106532,1995-02-14,2014-01-06,542
CIK0000107140-submissions-001.json,0000107140,1994-02-17,2017-10-15,1957
CIK0000107687-submissions-001.json,0000107687,1994-01-11,2015-10-13,1670
CIK0000108312-submissions-001.json,0000108312,1994-02-11,2014-05-18,1040
CIK0000108385-submissions-001.json,0000108385,1994-02-14,2010-11-07,595
CIK0000108516-submissions-001.json,0000108516,1996-11-15,2018-06-30,2000
CIK0000108516-submissions-002.json,0000108516,1994-01-13,1996-11-13,28
CIK0000108985-submissions-001.json,0000108985,1994-02-10,2017-06-19,1435
CIK0000109177-submissions-001.json,0000109177,1994-02-08,2012-01-03,498
CIK0000109563-submissions-001.json,0000109563,1994-02-09,2013-06-29,1600
CIK0000110471-submissions-001.json,0000110471,2003-02-05,2017-08-01,2000
CIK0000110471-submissions-002.json,0000110471,1994-02-15,2003-02-03,151
CIK0000110621-submissions-001.json,0000110621,1994-01-07,2013-04-02,944
CIK0000201533-submissions-001.json,0000201533,1994-01-10,1994-03-23,18
CIK0000203596-submissions-001.json,0000203596,1994-01-11,2019-10-01,1810
CIK0000215466-submissions-001.json,0000215466,1994-02-14,2014-11-17,1309
CIK0000216085-submissions-001.json,0000216085,1994-02-14,2013-05-08,946
CIK0000216851-submissions-001.json,0000216851,1996-02-08,2005-07-19,163
CIK0000217410-submissions-001.json,0000217410,1999-02-09,2007-10-02,827
CIK0000230557-submissions-001.json,0000230557,1996-04-02,2011-12-06,1045
CIK0000275053-submissions-001.json,0000275053,1995-03-28,2011-06-08,458
CIK0000275694-submissions-001.json,0000275694,1994-02-24,2016-05-14,948
CIK0000277509-submissions-001.json,0000277509,1994-02-10,2010-02-24,709
CIK0000278166-submissions-001.json,0000278166,1994-02-14,2005-07-18,117
CIK0000310142-submissions-001.json,0000310142,1994-02-09,2014-03-08,938
CIK0000310354-submissions-001.json,0000310354,1994-02-07,2014-02-01,1171
CIK0000310522-submissions-001.json,0000310522,2021-02-11,2024-05-11,2103
CIK0000310522-submissions-002.json,0000310522,2016-05-12,2021-02-09,2016
CIK0000310522-submissions-003.json,0000310522,2003-03-31,2016-05-10,2003
CIK0000310522-submissions-004.json,0000310522,1995-01-10,2003-03-29,11
CIK0000311094-submissions-001.json,0000311094,1994-03-21,2006-04-26,274
CIK0000312069-submissions-001.json,0000312069,2006-02-09,2021-02-09,2167
CIK0000312069-submissions-002.json,0000312069,1999-02-03,2006-02-07,252
CIK0000312070-submissions-001.json,0000312070,2025-06-04,2025-08-31,2022
CIK0000312070-submissions-002.json,0000312070,2025-03-05,2025-06-02,2017
CIK0000312070-submissions-003.json,0000312070,2024-12-23,2025-03-03,2029
CIK0000312070-submissions-004.json,0000312070,2024-09-27,2024-12-21,2004
CIK0000312070-submissions-005.json,0000312070,2024-06-26,2024-09-25,2007
CIK0000312070-submissions-006.json,0000312070,2024-04-02,2024-06-24,2019
CIK0000312070-submissions-007.json,0000312070,2024-01-26,2024-03-31,2038
CIK0000312070-submissions-008.json,0000312070,2023-10-23,2024-01-24,2003
CIK0000312070-submissions-009.json,0000312070,2023-08-02,2023-10-21,2033
CIK0000312070-submissions-010.json,0000312070,2023-04-28,2023-07-31,2040
CIK0000312070-submissions-011.json,0000312070,2023-01-19,2023-04-26,2001
CIK0000312070-submissions-012.json,0000312070,2022-08-24,2023-01-17,2018
CIK0000312070-submissions-013.json,0000312070,2021-12-02,2022-08-22,2011
CIK0000312070-submissions-014.json,0000312070,2021-08-12,2021-11-30,2018
CIK0000312070-submissions-015.json,0000312070,2021-05-04,2021-08-10,2068
CIK0000312070-submissions-016.json,0000312070,2021-01-20,2021-05-02,2053
CIK0000312070-submissions-017.json,0000312070,2020-08-07,2021-01-18,2014
CIK0000312070-submissions-018.json,0000312070,2020-03-31,2020-08-05,2012
CIK0000312070-submissions-019.json,0000312070,2019-11-29,2020-03-29,2015
CIK0000312070-submissions-020.json,0000312070,2019-06-18,2019-11-27,2008
CIK0000312070-submissions-021.json,0000312070,2019-01-29,2019-06-16,2016
CIK0000312070-submissions-022.json,0000312070,2018-07-05,2019-01-27,2007
CIK0000312070-submissions-023.json,0000312070,2017-12-29,2018-07-03,2011
CIK0000312070-submissions-024.json,0000312070,2017-06-02,2017-12-27,2033
CIK0000312070-submissions-025.json,0000312070,2016-10-03,2017-05-31,2002
CIK0000312070-submissions-026.json,0000312070,2015-08-11,2016-10-01,2003
CIK0000312070-submissions-027.json,0000312070,2014-07-24,2015-08-09,2003
CIK0000312070-submissions-028.json,0000312070,2013-09-09,2014-07-22,2005
CIK0000312070-submissions-029.json,0000312070,2012-11-29,2013-09-07,2002
CIK0000312070-submissions-030.json,0000312070,2012-02-28,2012-11-27,2027
CIK0000312070-submissions-031.json,0000312070,2011-05-31,2012-02-26,2010
CIK0000312070-submissions-032.json,0000312070,2010-10-06,2011-05-29,2000
CIK0000312070-submissions-033.json,0000312070,2010-02-08,2010-10-04,2006
CIK0000312070-submissions-034.json,0000312070,2008-12-22,2010-02-06,2007
CIK0000312070-submissions-035.json,0000312070,2007-09-19,2008-12-20,2001
CIK0000312070-submissions-036.json,0000312070,2000-03-17,2007-09-17,1988
CIK0000313143-submissions-001.json,0000313143,1996-06-07,2013-02-26,897
CIK0000313807-submissions-001.json,0000313807,1997-02-26,2013-03-03,1000
CIK0000313838-submissions-001.json,0000313838,1996-09-25,2011-04-26,387
CIK0000314203-submissions-001.json,0000314203,1994-01-10,2012-07-15,780
CIK0000314489-submissions-001.json,0000314489,1996-02-13,2020-04-07,1699
CIK0000315374-submissions-001.json,0000315374,1995-01-20,1997-02-10,23
CIK0000315545-submissions-001.json,0000315545,2000-03-31,2004-07-05,72
CIK0000317788-submissions-001.json,0000317788,1995-12-22,2010-07-13,397
CIK0000318300-submissions-001.json,0000318300,2005-10-06,2020-05-12,2003
CIK0000318300-submissions-002.json,0000318300,1994-02-14,2005-10-04,745
CIK0000318306-submissions-001.json,0000318306,1995-08-15,2008-08-12,304
CIK0000318833-submissions-001.json,0000318833,1995-02-14,2010-08-02,489
CIK0000320017-submissions-001.json,0000320017,1995-11-24,2011-04-04,568
CIK0000320121-submissions-001.json,0000320121,1995-04-21,2001-05-12,55
CIK0000350852-submissions-001.json,0000350852,1995-05-15,2012-08-07,788
CIK0000350894-submissions-001.json,0000350894,1995-02-14,2014-02-25,972
CIK0000351569-submissions-001.json,0000351569,1995-03-23,2013-01-13,792
CIK0000351998-submissions-001.json,0000351998,1995-02-10,2002-08-12,100
CIK0000352825-submissions-001.json,0000352825,1995-02-10,2015-01-11,844
CIK0000353184-submissions-001.json,0000353184,1995-11-07,2004-11-08,132
CIK0000353278-submissions-001.json,0000353278,2001-01-18,2016-02-21,1039
CIK0000354647-submissions-001.json,0000354647,1994-03-29,2013-06-18,697
CIK0000354707-submissions-001.json,0000354707,1994-02-14,2011-08-02,844
CIK0000354963-submissions-001.json,0000354963,1994-11-14,2019-10-29,1725
CIK0000355811-submissions-001.json,0000355811,1995-03-31,2008-06-30,354
CIK0000355948-submissions-001.json,0000355948,1994-01-14,2005-09-17,374
CIK0000356171-submissions-001.json,0000356171,1995-04-20,2016-05-04,1779
CIK0000356309-submissions-001.json,0000356309,1994-01-18,2013-10-15,1371
CIK0000357173-submissions-001.json,0000357173,1995-08-15,2015-10-27,855
CIK0000357294-submissions-001.json,0000357294,1994-01-12,2010-06-12,690
CIK0000357301-submissions-001.json,0000357301,1994-01-28,2014-11-17,997
CIK0000700564-submissions-001.json,0000700564,1995-08-14,2016-02-14,1915
CIK0000700565-submissions-001.json,0000700565,1995-08-11,2017-04-30,1327
CIK0000700923-submissions-001.json,0000700923,1995-04-04,2010-03-22,174
CIK0000701347-submissions-001.json,0000701347,1994-03-23,2013-02-26,1331
CIK0000701818-submissions-001.json,0000701818,1994-02-11,2002-02-10,28
CIK0000703351-submissions-001.json,0000703351,1994-02-14,2018-01-02,1375
CIK0000703604-submissions-001.json,0000703604,1995-01-30,2009-03-30,306
CIK0000704532-submissions-001.json,0000704532,1995-02-15,2013-12-24,850
CIK0000705432-submissions-001.json,0000705432,1995-03-31,2020-06-17,1412
CIK0000706129-submissions-001.json,0000706129,1995-08-14,2014-02-04,732
CIK0000707179-submissions-001.json,0000707179,2012-11-02,2020-12-14,2007
CIK0000707179-submissions-002.json,0000707179,2002-04-11,2012-10-31,2000
CIK0000707179-submissions-003.json,0000707179,1995-07-05,2002-04-09,126
CIK0000707605-submissions-001.json,0000707605,1994-02-08,2012-03-17,1209
CIK0000708781-submissions-001.json,0000708781,1996-05-14,2010-08-01,344
CIK0000708821-submissions-001.json,0000708821,1995-04-12,2008-02-09,325
CIK0000708955-submissions-001.json,0000708955,2004-04-14,2018-03-07,2006
CIK0000708955-submissions-002.json,0000708955,1995-05-08,2004-04-12,244
CIK0000709283-submissions-001.json,0000709283,1994-01-28,2013-05-13,1018
CIK0000709337-submissions-001.json,0000709337,1995-11-03,2017-03-15,1438
CIK0000711377-submissions-001.json,0000711377,1995-08-31,2013-08-14,914
CIK0000711669-submissions-001.json,0000711669,1995-11-08,2008-04-30,433
CIK0000712034-submissions-001.json,0000712034,2005-05-13,2019-06-19,1261
CIK0000712534-submissions-001.json,0000712534,2003-11-14,2019-09-30,2000
CIK0000712534-submissions-002.json,0000712534,1994-02-09,2003-11-12,541
CIK0000712537-submissions-001.json,0000712537,1994-03-07,2011-04-20,686
CIK0000712770-submissions-001.json,0000712770,1995-04-24,2011-05-02,814
CIK0000712771-submissions-001.json,0000712771,1995-11-14,2012-10-02,919
CIK0000714310-submissions-001.json,0000714310,1994-02-28,2015-03-15,1383
CIK0000714395-submissions-001.json,0000714395,1995-11-13,2019-06-17,1948
CIK0000715072-submissions-001.json,0000715072,1997-11-12,2017-04-02,2001
CIK0000715072-submissions-002.json,0000715072,1994-04-27,1997-11-10,24
CIK0000715579-submissions-001.json,0000715579,1994-04-15,2017-09-18,846
CIK0000715787-submissions-001.json,0000715787,1994-01-14,2013-01-12,1084
CIK0000716314-submissions-001.json,0000716314,1994-02-14,2006-03-04,204
CIK0000716634-submissions-001.json,0000716634,1994-01-11,2015-08-30,648
CIK0000716643-submissions-001.json,0000716643,1994-02-08,2011-02-09,1003
CIK0000717538-submissions-001.json,0000717538,1995-08-10,2016-05-30,1132
CIK0000717605-submissions-001.json,0000717605,1994-03-31,2017-01-29,1604
CIK0000717806-submissions-001.json,0000717806,1995-04-03,2015-02-23,760
CIK0000717954-submissions-001.json,0000717954,1994-01-10,2011-01-16,872
CIK0000718413-submissions-001.json,0000718413,1995-04-06,2004-08-21,143
CIK0000718937-submissions-001.json,0000718937,1995-05-02,2013-08-05,752
CIK0000719220-submissions-001.json,0000719220,1995-08-01,2015-05-20,1741
CIK0000719245-submissions-001.json,0000719245,2002-04-29,2010-07-24,344
CIK0000719402-submissions-001.json,0000719402,1996-08-14,2008-09-17,244
CIK0000719413-submissions-001.json,0000719413,1994-03-18,2012-02-19,902
CIK0000720672-submissions-001.json,0000720672,1994-04-11,2017-06-07,1722
CIK0000721994-submissions-001.json,0000721994,2003-12-10,2019-05-07,2006
CIK0000721994-submissions-002.json,0000721994,1995-03-24,2003-12-08,243
CIK0000723188-submissions-001.json,0000723188,1994-03-18,2015-07-12,1473
CIK0000723603-submissions-001.json,0000723603,1994-02-10,2012-03-07,567
CIK0000723612-submissions-001.json,0000723612,1998-10-28,2016-03-27,2000
CIK0000723612-submissions-002.json,0000723612,1995-02-09,1998-10-26,273
CIK0000723646-submissions-001.json,0000723646,1995-08-10,2019-08-05,1123
CIK0000724004-submissions-001.json,0000724004,1995-12-11,2011-01-01,312
CIK0000724742-submissions-001.json,0000724742,1994-05-13,2000-04-09,57
CIK0000725363-submissions-001.json,0000725363,1996-04-10,2012-06-10,801
CIK0000726601-submissions-001.json,0000726601,1994-03-29,2009-10-19,381
CIK0000726854-submissions-001.json,0000726854,1995-02-21,2014-06-03,862
CIK0000727273-submissions-001.json,0000727273,1994-05-26,2006-03-08,285
CIK0000727510-submissions-001.json,0000727510,1995-03-03,2004-11-13,511
CIK0000728387-submissions-001.json,0000728387,1995-08-22,2006-06-25,128
CIK0000729580-submissions-001.json,0000729580,1994-02-14,2000-04-19,66
CIK0000729986-submissions-001.json,0000729986,1994-04-08,2016-04-25,1140
CIK0000730263-submissions-001.json,0000730263,1994-02-14,2007-07-01,274
CIK0000730272-submissions-001.json,0000730272,1995-06-29,2009-06-09,352
CIK0000730464-submissions-001.json,0000730464,1995-02-07,2016-08-30,1711
CIK0000730708-submissions-001.json,0000730708,1995-02-13,2017-04-08,1664
CIK0000731012-submissions-001.json,0000731012,1994-01-21,2007-01-20,330
CIK0000733269-submissions-001.json,0000733269,1994-07-26,2018-10-01,1970
CIK0000736772-submissions-001.json,0000736772,1995-05-15,2013-06-24,663
CIK0000737468-submissions-001.json,0000737468,1994-02-11,2011-04-24,787
CIK0000737758-submissions-001.json,0000737758,1994-01-20,2015-03-17,1375
CIK0000739421-submissions-001.json,0000739421,1995-03-09,2016-05-25,1107
CIK0000740806-submissions-001.json,0000740806,1995-05-12,2012-06-30,334
CIK0000742278-submissions-001.json,0000742278,1995-03-10,2008-03-16,381
CIK0000743367-submissions-001.json,0000743367,1995-05-15,2014-11-18,1075
CIK0000744187-submissions-001.json,0000744187,1994-06-09,2005-04-11,193
CIK0000744218-submissions-001.json,0000744218,1995-04-06,2007-10-21,292
CIK0000744452-submissions-001.json,0000744452,1998-03-06,2004-09-27,156
CIK0000745308-submissions-001.json,0000745308,1994-02-22,2007-03-07,582
CIK0000746210-submissions-001.json,0000746210,1996-05-15,2005-01-24,234
CIK0000746598-submissions-001.json,0000746598,2005-10-06,2014-09-27,2000
CIK0000746598-submissions-002.json,0000746598,1994-03-10,2005-10-04,1012
CIK0000746838-submissions-001.json,0000746838,1994-02-04,2015-02-07,1442
CIK0000748592-submissions-001.json,0000748592,1994-02-14,2010-05-24,518
CIK0000749647-submissions-001.json,0000749647,1996-08-07,2011-05-09,452
CIK0000750004-submissions-001.json,0000750004,1995-03-20,2016-06-15,1588
CIK0000750574-submissions-001.json,0000750574,1996-08-07,2008-01-20,359
CIK0000750577-submissions-001.json,0000750577,1994-01-25,2016-11-20,1904
CIK0000750686-submissions-001.json,0000750686,1996-05-14,2018-12-19,1145
CIK0000751364-submissions-001.json,0000751364,1995-05-11,2013-04-07,946
CIK0000751978-submissions-001.json,0000751978,1995-02-13,2016-07-24,609
CIK0000752642-submissions-001.json,0000752642,1995-05-12,2020-09-15,1849
CIK0000752714-submissions-001.json,0000752714,1995-02-01,2014-05-07,737
CIK0000754811-submissions-001.json,0000754811,1995-05-15,2013-09-11,1081
CIK0000755001-submissions-001.json,0000755001,1995-03-16,2006-12-02,430
CIK0000760498-submissions-001.json,0000760498,1994-02-14,2012-11-06,538
CIK0000761648-submissions-001.json,0000761648,1995-03-31,2007-06-18,289
CIK0000763532-submissions-001.json,0000763532,1994-02-14,2016-02-07,1115
CIK0000763563-submissions-001.json,0000763563,1995-03-17,2014-12-17,894
CIK0000763744-submissions-001.json,0000763744,1994-02-14,2016-12-11,1694
CIK0000763901-submissions-001.json,0000763901,1999-01-29,2019-08-21,2000
CIK0000763901-submissions-002.json,0000763901,1994-02-15,1999-01-27,128
CIK0000763907-submissions-001.json,0000763907,1994-02-16,2014-11-17,665
CIK0000764038-submissions-001.json,0000764038,1995-11-13,2019-09-25,1926
CIK0000764401-submissions-001.json,0000764401,1994-02-14,2011-02-02,555
CIK0000765207-submissions-001.json,0000765207,1995-05-15,2006-09-30,314
CIK0000766829-submissions-001.json,0000766829,1994-03-01,2014-08-06,614
CIK0000767405-submissions-001.json,0000767405,1995-03-29,2007-04-22,248
CIK0000768899-submissions-001.json,0000768899,1995-11-22,2013-02-05,968
CIK0000769218-submissions-001.json,0000769218,1997-05-16,2006-04-24,212
CIK0000769520-submissions-001.json,0000769520,1995-04-04,2007-05-08,391
CIK0000770460-submissions-001.json,0000770460,1996-05-13,2005-02-27,155
CIK0000771266-submissions-001.json,0000771266,1996-05-14,2007-05-20,264
CIK0000771497-submissions-001.json,0000771497,1994-01-28,2018-02-04,1980
CIK0000771999-submissions-001.json,0000771999,1997-11-17,2005-04-06,82
CIK0000772406-submissions-001.json,0000772406,1994-02-14,2013-07-23,801
CIK0000775158-submissions-001.json,0000775158,2009-06-23,2020-02-10,2000
CIK0000775158-submissions-002.json,0000775158,1994-02-07,2009-06-21,876
CIK0000776867-submissions-001.json,0000776867,1994-02-09,2010-03-27,753
CIK0000776901-submissions-001.json,0000776901,1994-02-14,2017-01-28,1713
CIK0000778164-submissions-001.json,0000778164,1995-08-16,2010-04-05,572
CIK0000780571-submissions-001.json,0000780571,1996-02-13,2019-01-29,1637
CIK0000783324-submissions-001.json,0000783324,1996-05-13,2010-07-18,576
CIK0000784199-submissions-001.json,0000784199,1996-01-09,2017-05-16,1386
CIK0000784977-submissions-001.json,0000784977,1994-02-17,2009-07-20,528
CIK0000785161-submissions-001.json,0000785161,1994-02-10,2018-05-05,1825
CIK0000785557-submissions-001.json,0000785557,1995-08-14,2004-08-01,179
CIK0000785786-submissions-001.json,0000785786,1995-05-11,2017-11-18,1609
CIK0000785956-submissions-001.json,0000785956,1995-05-03,2003-05-07,90
CIK0000788329-submissions-001.json,0000788329,1994-01-10,2000-01-22,80
CIK0000788920-submissions-001.json,0000788920,1995-11-03,1996-09-28,12
CIK0000789460-submissions-001.json,0000789460,1994-01-28,2010-05-10,594
CIK0000789933-submissions-001.json,0000789933,2006-05-16,2020-01-01,2000
CIK0000789933-submissions-002.json,0000789933,1994-02-14,2006-05-14,802
CIK0000790051-submissions-001.json,0000790051,1994-02-14,2016-02-09,1019
CIK0000790359-submissions-001.json,0000790359,1995-03-16,2016-01-20,1134
CIK0000790526-submissions-001.json,0000790526,1996-03-21,2011-01-05,364
CIK0000790816-submissions-001.json,0000790816,1995-05-11,2011-08-07,1150
CIK0000792987-submissions-001.json,0000792987,2003-11-14,2017-05-28,2000
CIK0000792987-submissions-002.json,0000792987,1994-02-14,2003-11-12,164
CIK0000793074-submissions-001.json,0000793074,1994-01-14,2011-03-02,650
CIK0000793733-submissions-001.json,0000793733,1994-02-04,2009-08-15,468
CIK0000794170-submissions-001.json,0000794170,1994-01-07,2013-12-22,1042
CIK0000795266-submissions-001.json,0000795266,1994-02-04,2010-04-03,770
CIK0000795403-submissions-001.json,0000795403,1994-02-09,2014-01-28,1018
CIK0000796505-submissions-001.json,0000796505,1995-07-10,2007-08-22,186
CIK0000797721-submissions-001.json,0000797721,1996-10-01,2017-09-03,1485
CIK0000798081-submissions-001.json,0000798081,1995-06-09,2008-05-04,212
CIK0000798359-submissions-001.json,0000798359,1995-07-27,2011-06-21,724
CIK0000798528-submissions-001.json,0000798528,1995-10-16,2006-05-07,214
CIK0000798941-submissions-001.json,0000798941,1995-08-14,2011-11-21,934
CIK0000799165-submissions-001.json,0000799165,1995-11-13,2004-11-08,148
CIK0000799167-submissions-001.json,0000799167,1994-08-09,2006-05-03,198
CIK0000799233-submissions-001.json,0000799233,1995-05-12,2002-08-12,71
CIK0000799292-submissions-001.json,0000799292,1995-01-30,2010-05-19,819
CIK0000799850-submissions-001.json,0000799850,1995-03-17,2007-02-13,311
CIK0000800457-submissions-001.json,0000800457,1995-05-12,2020-11-28,1880
CIK0000802481-submissions-001.json,0000802481,1994-01-07,2003-11-22,142
CIK0000803164-submissions-001.json,0000803164,1995-04-07,2015-11-18,765
CIK0000805676-submissions-001.json,0000805676,1996-05-10,2010-10-16,595
CIK0000805928-submissions-001.json,0000805928,1995-05-12,2014-06-02,358
CIK0000806968-submissions-001.json,0000806968,1996-05-14,2012-12-31,1003
CIK0000807863-submissions-001.json,0000807863,1995-05-15,2003-12-28,85
CIK0000807882-submissions-001.json,0000807882,1994-01-10,2017-02-28,1154
CIK0000810136-submissions-001.json,0000810136,1995-03-13,2012-08-04,724
CIK0000810332-submissions-001.json,0000810332,1994-02-14,2003-04-01,224
CIK0000810958-submissions-001.json,0000810958,2009-10-23,2021-01-06,2014
CIK0000810958-submissions-002.json,0000810958,1995-03-20,2009-10-21,1174
CIK0000811589-submissions-001.json,0000811589,1995-03-28,2012-01-02,885
CIK0000811596-submissions-001.json,0000811596,1994-01-27,2012-09-04,695
CIK0000811809-submissions-001.json,0000811809,2001-03-20,2014-01-26,2000
CIK0000811809-submissions-002.json,0000811809,1996-01-17,2001-03-18,153
CIK0000811830-submissions-001.json,0000811830,1995-03-17,2006-06-05,631
CIK0000812011-submissions-001.json,0000812011,1996-05-15,2011-06-07,853
CIK0000812796-submissions-001.json,0000812796,1995-08-08,2008-03-31,411
CIK0000813298-submissions-001.json,0000813298,1994-02-11,2017-08-05,1910
CIK0000813762-submissions-001.json,0000813762,1994-04-14,2005-01-31,148
CIK0000814052-submissions-001.json,0000814052,2002-02-15,2010-04-05,554
CIK0000814585-submissions-001.json,0000814585,1994-02-04,2010-08-08,1109
CIK0000814586-submissions-001.json,0000814586,1995-11-13,2004-04-24,108
CIK0000816956-submissions-001.json,0000816956,1995-02-09,2015-03-03,1248
CIK0000817720-submissions-001.json,0000817720,2001-02-22,2015-10-25,1298
CIK0000818033-submissions-001.json,0000818033,1994-02-01,2011-05-11,512
CIK0000818686-submissions-001.json,0000818686,1996-02-02,2017-08-05,1519
CIK0000819793-submissions-001.json,0000819793,1994-02-09,2010-03-01,817
CIK0000821002-submissions-001.json,0000821002,1994-02-14,2010-06-05,500
CIK0000821026-submissions-001.json,0000821026,2005-12-07,2017-02-28,2000
CIK0000821026-submissions-002.json,0000821026,1994-03-29,2005-12-05,389
CIK0000821130-submissions-001.json,0000821130,1994-01-18,2009-08-17,763
CIK0000821483-submissions-001.json,0000821483,1995-09-05,2017-09-11,1435
CIK0000822370-submissions-001.json,0000822370,1999-06-07,2009-08-31,247
CIK0000822663-submissions-001.json,0000822663,1995-05-12,2009-12-29,740
CIK0000822818-submissions-001.json,0000822818,1994-02-25,2018-03-31,1661
CIK0000824142-submissions-001.json,0000824142,1995-11-13,2016-02-23,615
CIK0000825313-submissions-001.json,0000825313,1994-02-09,2010-12-18,864
CIK0000825324-submissions-001.json,0000825324,1994-02-11,2005-01-11,172
CIK0000825542-submissions-001.json,0000825542,2012-05-30,2021-09-12,2000
CIK0000825542-submissions-002.json,0000825542,1994-01-26,2012-05-28,1551
CIK0000826020-submissions-001.json,0000826020,1996-02-02,2001-01-08,162
CIK0000826154-submissions-001.json,0000826154,1995-11-14,2015-12-16,657
CIK0000826675-submissions-001.json,0000826675,1994-01-28,2008-04-15,418
CIK0000827187-submissions-001.json,0000827187,1998-09-03,2015-05-24,1353
CIK0000828944-submissions-001.json,0000828944,1995-11-14,2015-05-31,1163
CIK0000829323-submissions-001.json,0000829323,1996-11-07,2010-12-08,569
CIK0000831641-submissions-001.json,0000831641,1995-02-10,2014-12-02,1120
CIK0000832428-submissions-001.json,0000832428,1998-11-16,2017-09-09,2000
CIK0000832428-submissions-002.json,0000832428,1994-03-28,1998-11-14,60
CIK0000832489-submissions-001.json,0000832489,1996-08-13,2008-06-04,176
CIK0000833079-submissions-001.json,0000833079,1994-03-31,2012-01-17,782
CIK0000833640-submissions-001.json,0000833640,1997-09-11,2017-02-12,1871
CIK0000834365-submissions-001.json,0000834365,1995-05-15,2020-06-01,700
CIK0000835011-submissions-001.json,0000835011,1994-09-09,2017-02-26,1259
CIK0000835324-submissions-001.json,0000835324,2009-05-28,2019-08-14,2003
CIK0000835324-submissions-002.json,0000835324,1996-02-13,2009-05-26,1361
CIK0000836157-submissions-001.json,0000836157,1995-01-31,2004-02-03,162
CIK0000837465-submissions-001.json,0000837465,1994-02-14,2017-01-18,1011
CIK0000839470-submissions-001.json,0000839470,1995-01-26,2008-06-18,438
CIK0000839923-submissions-001.json,0000839923,1996-05-14,2009-11-29,394
CIK0000840489-submissions-001.json,0000840489,1996-06-05,2006-08-02,272
CIK0000840715-submissions-001.json,0000840715,1995-11-16,2005-08-01,156
CIK0000842162-submissions-001.json,0000842162,1994-01-12,2014-05-17,1395
CIK0000842180-submissions-001.json,0000842180,2002-01-23,2013-07-30,676
CIK0000842517-submissions-001.json,0000842517,1995-11-13,2019-03-06,996
CIK0000842633-submissions-001.json,0000842633,1994-02-11,2012-04-01,483
CIK0000844059-submissions-001.json,0000844059,1995-02-13,2011-10-29,594
CIK0000844150-submissions-001.json,0000844150,2011-08-11,2022-05-17,2006
CIK0000844150-submissions-002.json,0000844150,2000-08-14,2011-08-09,1064
CIK0000844965-submissions-001.json,0000844965,1996-02-08,2015-01-13,1015
CIK0000845877-submissions-001.json,0000845877,1995-02-09,2017-10-09,1641
CIK0000845982-submissions-001.json,0000845982,2002-02-15,2016-01-03,1421
CIK0000846617-submissions-001.json,0000846617,1996-08-05,2016-05-08,959
CIK0000846913-submissions-001.json,0000846913,1997-06-16,2003-07-27,27
CIK0000849146-submissions-001.json,0000849146,1996-05-16,2009-06-09,296
CIK0000849869-submissions-001.json,0000849869,1994-01-05,2011-03-01,603
CIK0000850141-submissions-001.json,0000850141,1996-05-15,2011-10-02,1399
CIK0000850429-submissions-001.json,0000850429,1994-02-22,2013-11-17,934
CIK0000851205-submissions-001.json,0000851205,1994-02-14,2005-11-29,233
CIK0000851310-submissions-001.json,0000851310,1996-02-13,2014-02-09,679
CIK0000851520-submissions-001.json,0000851520,1996-04-12,2014-05-31,1052
CIK0000853816-submissions-001.json,0000853816,1994-02-14,2006-02-04,283
CIK0000854560-submissions-001.json,0000854560,1996-05-15,2012-07-23,906
CIK0000854775-submissions-001.json,0000854775,1995-05-10,2008-01-27,286
CIK0000855658-submissions-001.json,0000855658,1994-07-07,2021-02-08,1501
CIK0000856982-submissions-001.json,0000856982,1996-05-14,2011-04-18,662
CIK0000857855-submissions-001.json,0000857855,1996-05-14,2016-03-13,1172
CIK0000858446-submissions-001.json,0000858446,2000-03-10,2003-06-03,56
CIK0000858706-submissions-001.json,0000858706,1994-08-30,2000-08-23,69
CIK0000859014-submissions-001.json,0000859014,1994-05-06,2005-08-24,276
CIK0000859070-submissions-001.json,0000859070,1996-05-15,2009-03-21,400
CIK0000860413-submissions-001.json,0000860413,1996-06-14,2018-06-02,1959
CIK0000860546-submissions-001.json,0000860546,1996-08-14,2011-12-20,815
CIK0000860748-submissions-001.json,0000860748,1995-02-14,2014-02-02,1291
CIK0000861459-submissions-001.json,0000861459,1995-02-08,2011-05-24,707
CIK0000861842-submissions-001.json,0000861842,1996-05-14,2013-05-12,737
CIK0000861884-submissions-001.json,0000861884,1996-08-08,2011-06-21,666
CIK0000862831-submissions-001.json,0000862831,1999-04-23,2014-11-02,813
CIK0000863064-submissions-001.json,0000863064,1995-05-22,2008-02-03,224
CIK0000863110-submissions-001.json,0000863110,1996-05-03,2005-02-09,173
CIK0000863436-submissions-001.json,0000863436,1996-05-15,2011-05-08,508
CIK0000863894-submissions-001.json,0000863894,1996-02-06,2007-05-07,261
CIK0000864240-submissions-001.json,0000864240,1996-05-14,2006-07-01,312
CIK0000866273-submissions-001.json,0000866273,1995-02-13,2010-11-13,731
CIK0000866706-submissions-001.json,0000866706,1994-02-14,2011-10-01,590
CIK0000866729-submissions-001.json,0000866729,1995-04-04,2014-01-21,902
CIK0000866829-submissions-001.json,0000866829,1996-09-04,2011-01-02,854
CIK0000868671-submissions-001.json,0000868671,1996-02-13,2007-07-07,392
CIK0000868780-submissions-001.json,0000868780,1996-08-08,2012-02-15,471
CIK0000868857-submissions-001.json,0000868857,2002-08-23,2013-03-25,900
CIK0000871763-submissions-001.json,0000871763,1994-02-14,2011-03-29,751
CIK0000872912-submissions-001.json,0000872912,2000-06-16,2011-09-26,642
CIK0000873303-submissions-001.json,0000873303,1997-01-28,2011-03-08,529
CIK0000873860-submissions-001.json,0000873860,1996-06-04,2013-03-13,1044
CIK0000874015-submissions-001.json,0000874015,1996-06-12,2020-06-15,1681
CIK0000874238-submissions-001.json,0000874238,1995-02-10,2008-09-17,443
CIK0000874396-submissions-001.json,0000874396,1996-05-15,2009-04-05,371
CIK0000874499-submissions-001.json,0000874499,1996-11-06,2012-12-02,444
CIK0000874501-submissions-001.json,0000874501,1994-02-09,2010-06-30,1299
CIK0000874866-submissions-001.json,0000874866,1995-01-20,2018-08-04,1139
CIK0000875355-submissions-001.json,0000875355,1996-08-02,2007-07-01,285
CIK0000875357-submissions-001.json,0000875357,2007-07-16,2018-12-31,2006
CIK0000875357-submissions-002.json,0000875357,1996-05-13,2007-07-14,1169
CIK0000875657-submissions-001.json,0000875657,1995-10-06,2006-09-26,710
CIK0000876167-submissions-001.json,0000876167,1995-02-15,2014-04-01,1399
CIK0000876343-submissions-001.json,0000876343,1996-04-17,2012-07-01,801
CIK0000876427-submissions-001.json,0000876427,1994-02-14,2010-02-02,653
CIK0000876437-submissions-001.json,0000876437,1994-02-16,2018-02-18,1801
CIK0000876523-submissions-001.json,0000876523,1996-05-14,2010-07-25,589
CIK0000876883-submissions-001.json,0000876883,1997-12-31,2012-02-25,750
CIK0000877860-submissions-001.json,0000877860,1994-02-01,2012-02-08,554
CIK0000879407-submissions-001.json,0000879407,1998-01-02,2010-04-17,359
CIK0000879526-submissions-001.json,0000879526,1994-02-14,2010-05-12,650
CIK0000879585-submissions-001.json,0000879585,1994-02-11,2009-07-29,287
CIK0000879635-submissions-001.json,0000879635,1996-08-08,2018-05-29,685
CIK0000880117-submissions-001.json,0000880117,1994-04-08,2009-02-07,412
CIK0000880242-submissions-001.json,0000880242,1996-08-20,2005-03-22,151
CIK0000880266-submissions-001.json,0000880266,1994-02-14,2015-01-21,1008
CIK0000880631-submissions-001.json,0000880631,1996-05-14,2013-05-29,291
CIK0000880641-submissions-001.json,0000880641,1996-06-03,2011-08-13,450
CIK0000880807-submissions-001.json,0000880807,1996-07-29,2008-01-28,324
CIK0000880984-submissions-001.json,0000880984,1996-05-13,2003-05-13,128
CIK0000882291-submissions-001.json,0000882291,1997-09-23,2001-06-24,36
CIK0000882508-submissions-001.json,0000882508,1997-06-09,2007-11-11,230
CIK0000882796-submissions-001.json,0000882796,1995-02-14,2016-03-01,959
CIK0000883107-submissions-001.json,0000883107,1997-03-13,2006-01-03,228
CIK0000883948-submissions-001.json,0000883948,2005-02-25,2019-12-02,2000
CIK0000883948-submissions-002.json,0000883948,1996-06-21,2005-02-23,176
CIK0000883975-submissions-001.json,0000883975,1994-02-14,2011-04-27,520
CIK0000883984-submissions-001.json,0000883984,1995-09-08,2013-06-08,1076
CIK0000884144-submissions-001.json,0000884144,1996-02-09,2005-05-23,189
CIK0000884219-submissions-001.json,0000884219,1994-01-13,2009-02-25,736
CIK0000884614-submissions-001.json,0000884614,1994-02-14,2013-04-14,816
CIK0000884624-submissions-001.json,0000884624,1998-01-12,2012-07-30,739
CIK0000885245-submissions-001.json,0000885245,1996-06-14,2010-04-19,636
CIK0000885275-submissions-001.json,0000885275,1996-08-12,2010-07-20,698
CIK0000885508-submissions-001.json,0000885508,1994-02-11,2005-05-11,155
CIK0000885550-submissions-001.json,0000885550,1996-02-13,2017-01-30,1168
CIK0000885590-submissions-001.json,0000885590,1996-05-22,2016-04-27,1411
CIK0000885978-submissions-001.json,0000885978,1996-05-14,2013-05-14,669
CIK0000886128-submissions-001.json,0000886128,1996-06-13,2012-04-07,642
CIK0000886136-submissions-001.json,0000886136,1994-02-14,2009-08-05,490
CIK0000886163-submissions-001.json,0000886163,1994-09-13,2015-04-08,1275
CIK0000886206-submissions-001.json,0000886206,1994-02-14,2007-11-28,302
CIK0000886346-submissions-001.json,0000886346,1996-05-03,2014-03-09,847
CIK0000886744-submissions-001.json,0000886744,1996-06-12,2009-10-28,558
CIK0000886986-submissions-001.json,0000886986,1997-04-21,2008-10-08,402
CIK0000887225-submissions-001.json,0000887225,1996-07-25,2003-12-16,58
CIK0000887343-submissions-001.json,0000887343,1996-05-22,2017-04-19,884
CIK0000887359-submissions-001.json,0000887359,1996-11-01,2013-05-07,697
CIK0000887596-submissions-001.json,0000887596,1996-05-15,2011-07-09,697
CIK0000887733-submissions-001.json,0000887733,1996-02-22,2015-02-11,994
CIK0000887905-submissions-001.json,0000887905,1994-07-20,2004-07-18,229
CIK0000887936-submissions-001.json,0000887936,1996-08-14,2013-05-12,1007
CIK0000888491-submissions-001.json,0000888491,1994-02-11,2014-11-17,1354
CIK0000889132-submissions-001.json,0000889132,1998-02-12,2008-04-02,270
CIK0000889331-submissions-001.json,0000889331,1996-02-13,2018-03-11,1619
CIK0000889348-submissions-001.json,0000889348,1996-05-13,2003-02-22,102
CIK0000889609-submissions-001.json,0000889609,1996-02-13,2014-04-07,1017
CIK0000889900-submissions-001.json,0000889900,1995-02-15,2010-06-27,474
CIK0000889971-submissions-001.json,0000889971,1996-05-22,2006-10-30,408
CIK0000890394-submissions-001.json,0000890394,2000-08-04,2005-04-27,165
CIK0000890564-submissions-001.json,0000890564,1996-05-15,2013-01-05,1052
CIK0000890821-submissions-001.json,0000890821,1996-05-14,2001-05-09,56
CIK0000890926-submissions-001.json,0000890926,1996-02-13,2015-06-07,1594
CIK0000891014-submissions-001.json,0000891014,2004-07-06,2018-09-05,2004
CIK0000891014-submissions-002.json,0000891014,1994-02-14,2004-07-04,447
CIK0000891166-submissions-001.json,0000891166,1996-07-19,2012-09-04,415
CIK0000891478-submissions-001.json,0000891478,1994-03-30,2017-07-25,1222
CIK0000891482-submissions-001.json,0000891482,1996-05-15,1999-05-11,30
CIK0000891532-submissions-001.json,0000891532,1996-02-14,2011-06-04,599
CIK0000893538-submissions-001.json,0000893538,1996-07-05,2013-12-29,1305
CIK0000893949-submissions-001.json,0000893949,1996-05-10,2009-05-05,459
CIK0000894158-submissions-001.json,0000894158,1996-05-07,1998-06-07,33
CIK0000894315-submissions-001.json,0000894315,1994-02-14,2013-05-06,1351
CIK0000894405-submissions-001.json,0000894405,1994-02-10,2013-11-25,1126
CIK0000894627-submissions-001.json,0000894627,1996-05-15,2007-11-05,281
CIK0000894671-submissions-001.json,0000894671,1996-08-14,2012-05-09,1384
CIK0000895417-submissions-001.json,0000895417,1994-12-09,2013-10-01,1468
CIK0000895419-submissions-001.json,0000895419,1996-01-26,2012-04-24,621
CIK0000895447-submissions-001.json,0000895447,1994-02-14,2004-05-11,114
CIK0000895456-submissions-001.json,0000895456,1996-05-14,2010-05-03,434
CIK0000895728-submissions-001.json,0000895728,1998-02-18,2010-03-27,245
CIK0000896156-submissions-001.json,0000896156,1996-02-09,2010-02-06,640
CIK0000896264-submissions-001.json,0000896264,1996-05-15,2017-10-23,1081
CIK0000896493-submissions-001.json,0000896493,1996-10-16,2021-04-13,1035
CIK0000896622-submissions-001.json,0000896622,1995-05-26,2014-05-11,952
CIK0000897077-submissions-001.json,0000897077,1996-02-07,2010-10-16,485
CIK0000897322-submissions-001.json,0000897322,1997-02-13,2009-04-06,410
CIK0000897448-submissions-001.json,0000897448,1998-01-28,2012-02-01,524
CIK0000897723-submissions-001.json,0000897723,1994-02-14,2010-08-30,823
CIK0000898171-submissions-001.json,0000898171,1996-07-25,2013-04-14,554
CIK0000898174-submissions-001.json,0000898174,1996-02-12,2014-02-04,937
CIK0000898437-submissions-001.json,0000898437,1996-02-22,2003-12-17,92
CIK0000899460-submissions-001.json,0000899460,2004-01-21,2013-06-30,667
CIK0000899629-submissions-001.json,0000899629,1996-05-15,2009-04-12,639
CIK0000899715-submissions-001.json,0000899715,1994-02-01,2013-02-12,883
CIK0000899751-submissions-001.json,0000899751,1994-02-14,2006-12-19,281
CIK0000899923-submissions-001.json,0000899923,1996-10-15,2015-02-15,1055
CIK0000901491-submissions-001.json,0000901491,1995-11-13,2018-01-17,1776
CIK0000901832-submissions-001.json,0000901832,1995-03-13,2019-04-02,1036
CIK0000902791-submissions-001.json,0000902791,1994-02-08,2008-04-12,338
CIK0000903129-submissions-001.json,0000903129,1996-01-05,2014-04-26,817
CIK0000903651-submissions-001.json,0000903651,1996-08-12,1998-09-07,20
CIK0000904851-submissions-001.json,0000904851,1995-06-19,2011-03-26,235
CIK0000906465-submissions-001.json,0000906465,1996-09-18,2015-02-02,1214
CIK0000906553-submissions-001.json,0000906553,1996-05-13,2016-02-27,1112
CIK0000907254-submissions-001.json,0000907254,1996-05-15,2014-07-08,1368
CIK0000907471-submissions-001.json,0000907471,1996-05-21,2015-04-28,675
CIK0000907654-submissions-001.json,0000907654,1997-06-12,2009-03-29,518
CIK0000908259-submissions-001.json,0000908259,1996-04-04,2005-07-17,211
CIK0000908311-submissions-001.json,0000908311,1996-03-29,2014-06-09,574
CIK0000908315-submissions-001.json,0000908315,1996-08-13,2010-06-28,743
CIK0000908937-submissions-001.json,0000908937,1996-05-15,2019-06-01,1715
CIK0000909494-submissions-001.json,0000909494,1996-06-07,2010-07-11,447
CIK0000910073-submissions-001.json,0000910073,1996-07-12,2016-04-06,1407
CIK0000910108-submissions-001.json,0000910108,1996-05-15,2013-07-02,1101
CIK0000910329-submissions-001.json,0000910329,1996-08-14,2007-03-14,213
CIK0000910406-submissions-001.json,0000910406,1996-05-10,2010-11-20,553
CIK0000910612-submissions-001.json,0000910612,1995-02-09,2014-02-04,1928
CIK0000910638-submissions-001.json,0000910638,1996-05-08,2014-06-08,1049
CIK0000911177-submissions-001.json,0000911177,1997-08-07,2014-06-24,903
CIK0000911216-submissions-001.json,0000911216,1996-05-16,2003-04-28,154
CIK0000911421-submissions-001.json,0000911421,1995-02-14,2009-11-30,804
CIK0000912562-submissions-001.json,0000912562,1996-05-15,2015-01-04,1541
CIK0000912593-submissions-001.json,0000912593,1996-06-05,2015-02-10,768
CIK0000912728-submissions-001.json,0000912728,1995-02-09,2015-02-09,929
CIK0000912766-submissions-001.json,0000912766,1994-02-14,2007-07-17,514
CIK0000912767-submissions-001.json,0000912767,2011-07-13,2021-01-02,2000
CIK0000912767-submissions-002.json,0000912767,1996-08-12,2011-07-11,1015
CIK0000913142-submissions-001.json,0000913142,1994-02-14,2014-02-26,1028
CIK0000913144-submissions-001.json,0000913144,1996-05-14,2015-01-31,1240
CIK0000913241-submissions-001.json,0000913241,1996-05-14,2010-05-02,502
CIK0000913341-submissions-001.json,0000913341,1996-05-15,2007-04-30,224
CIK0000913760-submissions-001.json,0000913760,1996-05-09,2017-02-25,1360
CIK0000914122-submissions-001.json,0000914122,1994-05-06,1998-07-08,36
CIK0000914139-submissions-001.json,0000914139,1996-08-07,2018-09-19,1052
CIK0000914156-submissions-001.json,0000914156,1996-02-05,2010-08-22,580
CIK0000914475-submissions-001.json,0000914475,1996-05-10,2017-12-04,1162
CIK0000915191-submissions-001.json,0000915191,1995-02-13,2010-01-27,442
CIK0000915779-submissions-001.json,0000915779,1996-09-17,2011-02-22,595
CIK0000915840-submissions-001.json,0000915840,1995-04-06,2009-02-15,677
CIK0000916540-submissions-001.json,0000916540,1995-11-29,2014-03-19,809
CIK0000916789-submissions-001.json,0000916789,1996-07-09,2012-09-05,509
CIK0000916907-submissions-001.json,0000916907,1996-05-14,1999-05-15,23
CIK0000917251-submissions-001.json,0000917251,1996-05-10,2008-03-23,160
CIK0000917273-submissions-001.json,0000917273,1997-03-06,2011-08-09,807
CIK0000917520-submissions-001.json,0000917520,1996-02-14,2014-06-30,1102
CIK0000917851-submissions-001.json,0000917851,2008-04-25,2021-11-29,2002
CIK0000917851-submissions-002.json,0000917851,2001-10-26,2008-04-23,694
CIK0000918251-submissions-001.json,0000918251,1995-12-12,2013-07-27,565
CIK0000918541-submissions-001.json,0000918541,1996-08-12,2011-05-29,512
CIK0000918608-submissions-001.json,0000918608,2000-02-08,2005-01-08,76
CIK0000918646-submissions-001.json,0000918646,1994-09-09,2016-08-03,1474
CIK0000918965-submissions-001.json,0000918965,1996-09-24,2009-03-02,414
CIK0000919012-submissions-001.json,0000919012,2004-06-22,2019-07-01,2003
CIK0000919012-submissions-002.json,0000919012,1996-05-07,2004-06-20,350
CIK0000919567-submissions-001.json,0000919567,1996-04-01,2022-11-29,1199
CIK0000919864-submissions-001.json,0000919864,1996-08-05,2011-02-20,518
CIK0000920371-submissions-001.json,0000920371,1996-05-14,2011-04-12,504
CIK0000920427-submissions-001.json,0000920427,1996-09-24,2012-12-05,573
CIK0000921082-submissions-001.json,0000921082,1995-09-08,2007-10-29,799
CIK0000921114-submissions-001.json,0000921114,1996-02-06,2004-01-11,156
CIK0000921299-submissions-001.json,0000921299,2002-08-14,2016-02-07,178
CIK0000921557-submissions-001.json,0000921557,1996-05-15,2019-11-18,1105
CIK0000921582-submissions-001.json,0000921582,1997-01-31,2012-08-12,772
CIK0000921638-submissions-001.json,0000921638,1997-11-07,2011-01-26,367
CIK0000921825-submissions-001.json,0000921825,1996-05-15,2008-07-07,734
CIK0000922358-submissions-001.json,0000922358,1994-04-29,1994-10-18,11
CIK0000923120-submissions-001.json,0000923120,1996-07-12,2016-05-22,1302
CIK0000923796-submissions-001.json,0000923796,1996-05-08,2013-05-08,998
CIK0000924168-submissions-001.json,0000924168,1996-08-14,2006-08-09,291
CIK0000924383-submissions-001.json,0000924383,1996-06-12,2002-10-13,68
CIK0000924515-submissions-001.json,0000924515,1997-02-27,2004-04-10,160
CIK0000924613-submissions-001.json,0000924613,1994-12-09,2012-03-06,444
CIK0000925528-submissions-001.json,0000925528,1996-05-15,2005-09-11,195
CIK0000925741-submissions-001.json,0000925741,1996-08-02,2007-01-22,148
CIK0000926282-submissions-001.json,0000926282,1996-02-07,2017-08-15,1101
CIK0000926326-submissions-001.json,0000926326,2000-04-20,2014-06-16,1096
CIK0000926423-submissions-001.json,0000926423,1996-06-13,1997-02-01,14
CIK0000926617-submissions-001.json,0000926617,2000-03-20,2011-08-07,548
CIK0000927003-submissions-001.json,0000927003,1996-05-13,2012-04-22,995
CIK0000927971-submissions-001.json,0000927971,2025-05-27,2025-08-31,2017
CIK0000927971-submissions-002.json,0000927971,2025-02-28,2025-05-25,2070
CIK0000927971-submissions-003.json,0000927971,2024-11-26,2025-02-26,2038
CIK0000927971-submissions-004.json,0000927971,2024-08-08,2024-11-24,2000
CIK0000927971-submissions-005.json,0000927971,2024-04-30,2024-08-06,2034
CIK0000927971-submissions-006.json,0000927971,2023-11-29,2024-04-28,2014
CIK0000927971-submissions-007.json,0000927971,2023-03-28,2023-11-27,2004
CIK0000927971-submissions-008.json,0000927971,2022-05-27,2023-03-26,2001
CIK0000927971-submissions-009.json,0000927971,2021-08-30,2022-05-25,2010
CIK0000927971-submissions-010.json,0000927971,2020-08-14,2021-08-28,2001
CIK0000927971-submissions-011.json,0000927971,2018-07-16,2020-08-12,2001
CIK0000927971-submissions-012.json,0000927971,2015-03-03,2018-07-14,2003
CIK0000927971-submissions-013.json,0000927971,1998-02-18,2015-03-01,1741
CIK0000928054-submissions-001.json,0000928054,1997-11-10,2012-08-06,816
CIK0000928658-submissions-001.json,0000928658,1996-08-13,2011-11-15,630
CIK0000928876-submissions-001.json,0000928876,1996-03-12,2008-06-21,277
CIK0000929008-submissions-001.json,0000929008,1997-12-24,2019-02-13,1389
CIK0000929351-submissions-001.json,0000929351,1999-02-12,2017-10-08,1802
CIK0000929869-submissions-001.json,0000929869,2007-02-12,2019-03-13,2001
CIK0000929869-submissions-002.json,0000929869,1998-03-27,2007-02-10,221
CIK0000930236-submissions-001.json,0000930236,1996-02-14,2015-06-29,1263
CIK0000930420-submissions-001.json,0000930420,1996-05-09,2018-06-10,1714
CIK0000931015-submissions-001.json,0000931015,1994-10-05,2016-01-27,1548
CIK0000931148-submissions-001.json,0000931148,1996-04-10,2014-04-23,1283
CIK0000932470-submissions-001.json,0000932470,1997-02-14,2003-06-28,67
CIK0000932696-submissions-001.json,0000932696,1996-05-14,2014-02-09,1001
CIK0000932781-submissions-001.json,0000932781,1996-08-01,2009-02-02,236
CIK0000933034-submissions-001.json,0000933034,1996-01-10,2002-02-11,73
CIK0000933036-submissions-001.json,0000933036,1996-05-13,2014-09-06,730
CIK0000933267-submissions-001.json,0000933267,1998-05-14,2014-03-03,725
CIK0000933974-submissions-001.json,0000933974,1996-02-12,2014-10-15,1074
CIK0000934549-submissions-001.json,0000934549,1995-08-18,2012-09-29,961
CIK0000935036-submissions-001.json,0000935036,1996-02-09,2012-02-12,735
CIK0000936528-submissions-001.json,0000936528,1996-05-10,2010-03-08,414
CIK0000937098-submissions-001.json,0000937098,2000-03-02,2019-02-12,551
CIK0000938323-submissions-001.json,0000938323,2000-07-31,2015-03-30,835
CIK0000939767-submissions-001.json,0000939767,2000-02-07,2018-02-28,1512
CIK0000939930-submissions-001.json,0000939930,1995-07-21,2011-02-02,816
CIK0000940942-submissions-001.json,0000940942,1996-05-15,2007-11-13,549
CIK0000943034-submissions-001.json,0000943034,1996-05-10,1999-08-15,20
CIK0000944075-submissions-001.json,0000944075,1996-07-05,2005-12-26,196
CIK0000944148-submissions-001.json,0000944148,1996-05-13,2013-10-26,1399
CIK0000944695-submissions-001.json,0000944695,1996-05-14,2017-05-15,1389
CIK0000944745-submissions-001.json,0000944745,1996-08-12,2015-08-24,922
CIK0000944809-submissions-001.json,0000944809,1997-03-28,2016-08-21,2000
CIK0000944809-submissions-002.json,0000944809,1996-05-13,1997-03-26,6
CIK0000945114-submissions-001.json,0000945114,1996-05-15,2006-02-12,161
CIK0000945394-submissions-001.json,0000945394,1995-07-26,2007-04-29,310
CIK0000945983-submissions-001.json,0000945983,1996-05-15,2008-11-10,335
CIK0000946486-submissions-001.json,0000946486,1996-05-15,2010-09-27,781
CIK0000946563-submissions-001.json,0000946563,2000-06-23,2005-08-21,129
CIK0000946644-submissions-001.json,0000946644,1996-05-14,2013-07-31,616
CIK0000946673-submissions-001.json,0000946673,1996-06-11,2018-03-07,1921
CIK0000947263-submissions-001.json,0000947263,2025-01-13,2025-08-31,2007
CIK0000947263-submissions-002.json,0000947263,2024-03-11,2025-01-11,2018
CIK0000947263-submissions-003.json,0000947263,2023-06-20,2024-03-09,2002
CIK0000947263-submissions-004.json,0000947263,2022-07-27,2023-06-18,2011
CIK0000947263-submissions-005.json,0000947263,2021-06-21,2022-07-25,2003
CIK0000947263-submissions-006.json,0000947263,2020-05-26,2021-06-19,2001
CIK0000947263-submissions-007.json,0000947263,2017-06-12,2020-05-24,2000
CIK0000947263-submissions-008.json,0000947263,1996-04-19,2017-06-10,1608
CIK0000948708-submissions-001.json,0000948708,1996-05-10,2011-02-28,622
CIK0000949157-submissions-001.json,0000949157,1996-05-08,2009-12-05,651
CIK0000949858-submissions-001.json,0000949858,1996-05-24,2009-03-31,353
CIK0000949870-submissions-001.json,0000949870,1996-09-18,2016-02-16,1738
CIK0001000209-submissions-001.json,0001000209,1996-04-30,2009-10-27,427
CIK0001000275-submissions-001.json,0001000275,2025-03-07,2025-08-31,2005
CIK0001000275-submissions-002.json,0001000275,2024-10-04,2025-03-05,2010
CIK0001000275-submissions-003.json,0001000275,2024-05-03,2024-10-02,2014
CIK0001000275-submissions-004.json,0001000275,2023-12-15,2024-05-01,2000
CIK0001000275-submissions-005.json,0001000275,2023-06-30,2023-12-13,2020
CIK0001000275-submissions-006.json,0001000275,2022-12-01,2023-06-28,2018
CIK0001000275-submissions-007.json,0001000275,2022-04-06,2022-11-29,2007
CIK0001000275-submissions-008.json,0001000275,2021-05-28,2022-04-04,2001
CIK0001000275-submissions-009.json,0001000275,2020-05-04,2021-05-26,2001
CIK0001000275-submissions-010.json,0001000275,2019-03-29,2020-05-02,2005
CIK0001000275-submissions-011.json,0001000275,2017-12-04,2019-03-27,2000
CIK0001000275-submissions-012.json,0001000275,2016-05-31,2017-12-02,2001
CIK0001000275-submissions-013.json,0001000275,2014-06-24,2016-05-29,2010
CIK0001000275-submissions-014.json,0001000275,2012-08-24,2014-06-22,2000
CIK0001000275-submissions-015.json,0001000275,2010-04-12,2012-08-22,2002
CIK0001000275-submissions-016.json,0001000275,1996-07-05,2010-04-10,1761
CIK0001000623-submissions-001.json,0001000623,1996-08-06,2014-03-31,1007
CIK0001000694-submissions-001.json,0001000694,1996-06-06,2013-01-28,643
CIK0001000753-submissions-001.json,0001000753,1996-10-23,2014-02-16,1470
CIK0001001085-submissions-001.json,0001001085,1998-02-10,2018-03-19,961
CIK0001001115-submissions-001.json,0001001115,1997-09-30,1997-12-13,25
CIK0001001171-submissions-001.json,0001001171,1996-05-15,2003-02-12,96
CIK0001001233-submissions-001.json,0001001233,2000-02-11,2013-01-02,609
CIK0001001316-submissions-001.json,0001001316,1996-07-03,2003-02-23,144
CIK0001001385-submissions-001.json,0001001385,1996-02-08,2009-04-15,384
CIK0001001614-submissions-001.json,0001001614,1996-07-03,2004-01-19,102
CIK0001001838-submissions-001.json,0001001838,1996-01-12,2007-06-23,334
CIK0001001907-submissions-001.json,0001001907,1996-02-08,2002-09-15,90
CIK0001003078-submissions-001.json,0001003078,1996-02-07,2017-10-24,1751
CIK0001004315-submissions-001.json,0001004315,2000-03-15,2002-11-24,106
CIK0001004702-submissions-001.json,0001004702,1996-05-08,2015-06-01,786
CIK0001004724-submissions-001.json,0001004724,2005-07-18,2011-01-17,490
CIK0001004989-submissions-001.json,0001004989,1996-05-14,2005-04-10,311
CIK0001005210-submissions-001.json,0001005210,1996-05-14,2010-05-12,424
CIK0001005229-submissions-001.json,0001005229,1996-07-10,2020-05-16,1922
CIK0001005284-submissions-001.json,0001005284,1996-05-28,2014-01-29,835
CIK0001005286-submissions-001.json,0001005286,1996-02-13,2012-04-08,733
CIK0001005731-submissions-001.json,0001005731,1996-06-14,2008-02-11,776
CIK0001005817-submissions-001.json,0001005817,1996-05-15,2017-04-09,1520
CIK0001006045-submissions-001.json,0001006045,1996-08-14,2007-08-12,282
CIK0001006655-submissions-001.json,0001006655,1996-05-28,2004-06-13,84
CIK0001006830-submissions-001.json,0001006830,1998-09-29,2013-09-22,548
CIK0001006837-submissions-001.json,0001006837,1996-08-27,2013-06-10,761
CIK0001007587-submissions-001.json,0001007587,1996-05-13,2013-08-04,919
CIK0001009759-submissions-001.json,0001009759,2000-03-22,2011-11-15,611
CIK0001009829-submissions-001.json,0001009829,1996-06-07,2004-12-11,205
CIK0001009891-submissions-001.json,0001009891,2000-01-31,2007-04-08,158
CIK0001010086-submissions-001.json,0001010086,1997-03-10,2003-07-09,110
CIK0001010470-submissions-001.json,0001010470,1996-05-23,2003-02-04,97
CIK0001011509-submissions-001.json,0001011509,1997-08-29,2006-09-20,418
CIK0001012019-submissions-001.json,0001012019,1996-05-13,2011-10-29,723
CIK0001013272-submissions-001.json,0001013272,1996-08-09,2011-04-26,391
CIK0001013488-submissions-001.json,0001013488,1996-08-01,2015-02-25,1197
CIK0001013857-submissions-001.json,0001013857,2004-01-27,2019-09-09,2000
CIK0001013857-submissions-002.json,0001013857,1996-05-15,2004-01-25,158
CIK0001013880-submissions-001.json,0001013880,1996-05-20,2009-01-24,364
CIK0001013934-submissions-001.json,0001013934,1996-05-17,2007-12-10,383
CIK0001014739-submissions-001.json,0001014739,1996-06-06,2013-08-28,808
CIK0001014763-submissions-001.json,0001014763,1996-05-23,1998-08-12,21
CIK0001015328-submissions-001.json,0001015328,1996-05-28,2017-10-24,1834
CIK0001015739-submissions-001.json,0001015739,1996-06-25,2007-02-12,200
CIK0001016281-submissions-001.json,0001016281,1996-06-07,2013-12-17,1052
CIK0001017303-submissions-001.json,0001017303,1996-06-26,2007-11-05,316
CIK0001018164-submissions-001.json,0001018164,1996-11-01,2016-10-04,1381
CIK0001018979-submissions-001.json,0001018979,1996-08-13,2005-11-15,19
CIK0001019034-submissions-001.json,0001019034,1996-11-20,2006-09-26,216
CIK0001019849-submissions-001.json,0001019849,1996-08-02,2013-06-02,816
CIK0001020214-submissions-001.json,0001020214,1996-09-04,2011-01-10,508
CIK0001020710-submissions-001.json,0001020710,1996-08-12,2011-10-26,494
CIK0001020859-submissions-001.json,0001020859,1996-09-04,2014-09-16,1017
CIK0001021561-submissions-001.json,0001021561,1996-09-16,2013-08-05,1197
CIK0001021635-submissions-001.json,0001021635,2009-07-02,2014-02-24,2000
CIK0001021635-submissions-002.json,0001021635,1995-09-29,2009-06-30,1994
CIK0001022321-submissions-001.json,0001022321,1996-09-06,2012-07-03,618
CIK0001022408-submissions-001.json,0001022408,1996-09-11,2013-06-16,762
CIK0001022652-submissions-001.json,0001022652,2000-07-28,2010-05-03,607
CIK0001023024-submissions-001.json,0001023024,1999-12-23,2014-06-29,770
CIK0001023128-submissions-001.json,0001023128,1996-10-15,2013-04-24,880
CIK0001023313-submissions-001.json,0001023313,1996-09-26,2012-08-18,628
CIK0001023459-submissions-001.json,0001023459,1996-11-01,2007-04-22,166
CIK0001023514-submissions-001.json,0001023514,2002-01-22,2005-02-01,246
CIK0001023731-submissions-001.json,0001023731,1996-11-06,2015-11-22,1031
CIK0001024795-submissions-001.json,0001024795,1996-10-15,2015-12-12,1446
CIK0001025378-submissions-001.json,0001025378,1997-10-15,2013-03-14,1108
CIK0001025835-submissions-001.json,0001025835,1996-10-24,2017-01-21,1572
CIK0001025996-submissions-001.json,0001025996,1996-11-05,2018-02-05,1662
CIK0001026214-submissions-001.json,0001026214,1996-11-01,2017-04-30,760
CIK0001026655-submissions-001.json,0001026655,1996-11-08,2008-11-10,236
CIK0001027664-submissions-001.json,0001027664,2002-02-05,2004-10-13,82
CIK0001029199-submissions-001.json,0001029199,1996-12-18,2010-02-27,678
CIK0001030469-submissions-001.json,0001030469,1997-01-10,2012-07-29,824
CIK0001031203-submissions-001.json,0001031203,1997-06-24,2015-01-04,1219
CIK0001032220-submissions-001.json,0001032220,2001-02-08,2016-11-30,2000
CIK0001032220-submissions-002.json,0001032220,1997-02-12,2001-02-06,53
CIK0001032975-submissions-001.json,0001032975,1997-06-30,2009-08-31,252
CIK0001034670-submissions-001.json,0001034670,1997-03-24,2019-12-07,1528
CIK0001034842-submissions-001.json,0001034842,2000-02-04,2007-08-01,458
CIK0001034957-submissions-001.json,0001034957,1997-04-03,2014-04-12,844
CIK0001035092-submissions-001.json,0001035092,1997-04-03,2013-08-12,467
CIK0001035201-submissions-001.json,0001035201,1997-03-06,2019-08-27,1696
CIK0001035354-submissions-001.json,0001035354,1997-03-27,2008-12-03,354
CIK0001036044-submissions-001.json,0001036044,1997-06-12,2010-04-07,417
CIK0001036262-submissions-001.json,0001036262,1997-05-02,2000-07-17,84
CIK0001037976-submissions-001.json,0001037976,1997-04-24,2017-03-04,1640
CIK0001038074-submissions-001.json,0001038074,2000-01-18,2013-05-21,1485
CIK0001038683-submissions-001.json,0001038683,2003-06-17,2020-12-27,2000
CIK0001038683-submissions-002.json,0001038683,1998-02-11,2003-06-15,84
CIK0001038773-submissions-001.json,0001038773,1997-05-08,2008-03-02,246
CIK0001039065-submissions-001.json,0001039065,1997-06-13,2015-07-06,956
CIK0001039280-submissions-001.json,0001039280,1997-06-10,2008-11-08,446
CIK0001039399-submissions-001.json,0001039399,2002-01-29,2010-06-21,598
CIK0001039765-submissions-001.json,0001039765,1997-08-22,2011-10-01,734
CIK0001039828-submissions-001.json,0001039828,1999-05-06,2012-12-12,733
CIK0001040130-submissions-001.json,0001040130,2000-01-10,2005-11-05,226
CIK0001040161-submissions-001.json,0001040161,2000-02-25,2007-04-18,343
CIK0001040470-submissions-001.json,0001040470,1997-06-11,2018-08-18,1096
CIK0001040829-submissions-001.json,0001040829,1997-06-11,2017-01-11,1394
CIK0001040896-submissions-001.json,0001040896,1999-09-24,2007-08-11,279
CIK0001041024-submissions-001.json,0001041024,1997-07-24,2009-09-28,269
CIK0001041514-submissions-001.json,0001041514,2000-08-01,2008-02-05,221
CIK0001041657-submissions-001.json,0001041657,1997-07-03,2002-05-05,137
CIK0001041792-submissions-001.json,0001041792,1998-02-02,2019-07-16,1207
CIK0001041803-submissions-001.json,0001041803,1997-07-03,2018-01-21,1144
CIK0001041859-submissions-001.json,0001041859,1997-07-18,2013-04-16,980
CIK0001042046-submissions-001.json,0001042046,1997-07-16,2015-02-15,1343
CIK0001042729-submissions-001.json,0001042729,1997-08-07,2004-10-30,148
CIK0001042776-submissions-001.json,0001042776,1997-07-25,2013-06-02,833
CIK0001042893-submissions-001.json,0001042893,1997-08-12,2010-02-24,534
CIK0001043000-submissions-001.json,0001043000,1997-08-12,2012-09-04,547
CIK0001043219-submissions-001.json,0001043219,1997-08-05,2012-05-07,833
CIK0001043337-submissions-001.json,0001043337,1997-08-08,2009-10-13,395
CIK0001043509-submissions-001.json,0001043509,1997-08-08,2010-04-21,670
CIK0001043961-submissions-001.json,0001043961,2000-03-10,2008-03-26,283
CIK0001044777-submissions-001.json,0001044777,1997-09-12,2009-02-21,267
CIK0001045450-submissions-001.json,0001045450,1997-09-10,2012-04-15,647
CIK0001045520-submissions-001.json,0001045520,2023-09-05,2025-08-31,2011
CIK0001045520-submissions-002.json,0001045520,2021-12-17,2023-09-03,2001
CIK0001045520-submissions-003.json,0001045520,2019-11-07,2021-12-15,2000
CIK0001045520-submissions-004.json,0001045520,2015-06-26,2019-11-05,2002
CIK0001045520-submissions-005.json,0001045520,1997-11-21,2015-06-24,787
CIK0001045742-submissions-001.json,0001045742,1998-05-06,1998-07-22,4
CIK0001046025-submissions-001.json,0001046025,1997-09-15,2014-07-23,641
CIK0001046102-submissions-001.json,0001046102,1997-09-26,2021-03-07,1230
CIK0001046179-submissions-001.json,0001046179,1998-02-11,2012-09-23,695
CIK0001046257-submissions-001.json,0001046257,1997-09-19,2020-10-03,1785
CIK0001046311-submissions-001.json,0001046311,1999-02-10,2018-03-26,2000
CIK0001046311-submissions-002.json,0001046311,1997-09-19,1999-02-08,76
CIK0001046568-submissions-001.json,0001046568,1997-10-10,2013-05-04,1038
CIK0001047127-submissions-001.json,0001047127,1997-10-06,2019-05-15,1269
CIK0001047335-submissions-001.json,0001047335,1997-10-03,2012-05-02,737
CIK0001047340-submissions-001.json,0001047340,1999-02-05,2019-03-03,1590
CIK0001048268-submissions-001.json,0001048268,1997-10-24,2011-02-06,682
CIK0001048477-submissions-001.json,0001048477,1999-05-04,2016-11-21,1731
CIK0001049502-submissions-001.json,0001049502,1997-11-14,2014-10-22,1474
CIK0001049521-submissions-001.json,0001049521,1997-11-26,2013-08-04,891
CIK0001049659-submissions-001.json,0001049659,2002-01-22,2006-11-28,195
CIK0001050377-submissions-001.json,0001050377,1997-11-26,2010-03-13,409
CIK0001050441-submissions-001.json,0001050441,1997-12-12,2013-02-17,659
CIK0001050446-submissions-001.json,0001050446,1998-04-10,2021-02-23,989
CIK0001050743-submissions-001.json,0001050743,1997-12-23,2014-03-11,625
CIK0001050797-submissions-001.json,0001050797,1997-12-24,2015-04-06,1102
CIK0001051512-submissions-001.json,0001051512,1997-12-18,2014-12-01,1774
CIK0001051627-submissions-001.json,0001051627,1998-03-17,2000-10-25,36
CIK0001052752-submissions-001.json,0001052752,1998-01-12,2004-05-19,114
CIK0001053092-submissions-001.json,0001053092,2022-01-28,2022-07-25,2013
CIK0001053092-submissions-002.json,0001053092,2021-07-23,2022-01-26,2003
CIK0001053092-submissions-003.json,0001053092,2020-12-22,2021-07-21,2001
CIK0001053092-submissions-004.json,0001053092,2020-06-30,2020-12-20,2001
CIK0001053092-submissions-005.json,0001053092,2020-01-15,2020-06-28,2002
CIK0001053092-submissions-006.json,0001053092,2019-08-07,2020-01-13,2006
CIK0001053092-submissions-007.json,0001053092,2019-03-01,2019-08-05,2004
CIK0001053092-submissions-008.json,0001053092,2018-10-01,2019-02-27,2006
CIK0001053092-submissions-009.json,0001053092,2018-04-30,2018-09-29,2056
CIK0001053092-submissions-010.json,0001053092,2017-12-14,2018-04-28,2010
CIK0001053092-submissions-011.json,0001053092,2017-06-08,2017-12-12,2012
CIK0001053092-submissions-012.json,0001053092,2016-11-17,2017-06-06,2001
CIK0001053092-submissions-013.json,0001053092,2016-03-29,2016-11-15,2010
CIK0001053092-submissions-014.json,0001053092,2015-09-22,2016-03-27,2016
CIK0001053092-submissions-015.json,0001053092,2015-03-05,2015-09-20,2009
CIK0001053092-submissions-016.json,0001053092,2014-08-04,2015-03-03,2003
CIK0001053092-submissions-017.json,0001053092,2013-12-03,2014-08-02,2001
CIK0001053092-submissions-018.json,0001053092,2013-03-05,2013-12-01,2011
CIK0001053092-submissions-019.json,0001053092,2012-04-03,2013-03-03,2006
CIK0001053092-submissions-020.json,0001053092,2011-02-04,2012-04-01,2002
CIK0001053092-submissions-021.json,0001053092,2008-09-17,2011-02-02,2002
CIK0001053092-submissions-022.json,0001053092,2002-01-17,2008-09-15,633
CIK0001053369-submissions-001.json,0001053369,1998-01-30,2005-03-12,220
CIK0001053706-submissions-001.json,0001053706,1998-02-26,2012-12-09,615
CIK0001054102-submissions-001.json,0001054102,1998-02-13,2003-07-27,128
CIK0001054905-submissions-001.json,0001054905,1998-02-13,2011-02-22,760
CIK0001055160-submissions-001.json,0001055160,1998-02-12,2012-05-30,650
CIK0001055726-submissions-001.json,0001055726,1999-06-29,2008-02-11,289
CIK0001056288-submissions-001.json,0001056288,2000-04-10,2016-11-19,2001
CIK0001056288-submissions-002.json,0001056288,1998-03-20,2000-04-08,115
CIK0001056358-submissions-001.json,0001056358,1998-04-10,2004-06-30,183
CIK0001056696-submissions-001.json,0001056696,1998-02-27,2011-07-24,721
CIK0001056903-submissions-001.json,0001056903,1998-03-10,2014-03-04,1147
CIK0001056943-submissions-001.json,0001056943,1998-03-04,2011-04-10,464
CIK0001057060-submissions-001.json,0001057060,1998-03-12,2014-03-03,901
CIK0001057706-submissions-001.json,0001057706,2005-03-15,2017-08-02,2002
CIK0001057706-submissions-002.json,0001057706,1998-04-24,2005-03-13,192
CIK0001057877-submissions-001.json,0001057877,1998-03-16,2012-03-03,843
CIK0001058623-submissions-001.json,0001058623,1998-03-30,2008-09-06,424
CIK0001058811-submissions-001.json,0001058811,1999-09-01,2009-11-08,358
CIK0001059142-submissions-001.json,0001059142,1998-04-20,2008-11-05,260
CIK0001060822-submissions-001.json,0001060822,1998-04-30,2016-02-20,893
CIK0001061219-submissions-001.json,0001061219,1998-05-13,2013-03-26,1459
CIK0001061630-submissions-001.json,0001061630,1998-05-14,2016-04-16,1294
CIK0001061983-submissions-001.json,0001061983,2003-04-03,2021-02-20,1508
CIK0001062231-submissions-001.json,0001062231,1998-05-26,2012-05-02,892
CIK0001062822-submissions-001.json,0001062822,2000-02-09,2010-01-06,402
CIK0001064728-submissions-001.json,0001064728,1998-07-14,2017-05-23,1615
CIK0001065059-submissions-001.json,0001065059,1998-06-29,2011-05-01,880
CIK0001065078-submissions-001.json,0001065078,1998-07-22,1999-11-13,16
CIK0001066107-submissions-001.json,0001066107,1998-08-03,2005-07-04,979
CIK0001066119-submissions-001.json,0001066119,1998-09-18,2012-11-03,389
CIK0001067294-submissions-001.json,0001067294,1998-08-28,2012-10-28,1101
CIK0001068851-submissions-001.json,0001068851,1998-09-11,2011-12-07,545
CIK0001069157-submissions-001.json,0001069157,1998-09-17,2010-08-22,558
CIK0001069258-submissions-001.json,0001069258,1999-08-18,2020-05-05,1460
CIK0001069530-submissions-001.json,0001069530,2000-03-14,2006-10-31,215
CIK0001069533-submissions-001.json,0001069533,2005-06-03,2019-04-30,2005
CIK0001069533-submissions-002.json,0001069533,1998-10-16,2005-06-01,326
CIK0001069878-submissions-001.json,0001069878,1998-09-11,2012-08-15,1375
CIK0001070081-submissions-001.json,0001070081,2004-01-02,2017-04-08,315
CIK0001070235-submissions-001.json,0001070235,1999-07-12,2012-02-27,714
CIK0001070423-submissions-001.json,0001070423,1998-09-23,2011-06-11,906
CIK0001070494-submissions-001.json,0001070494,2000-12-21,2010-08-07,375
CIK0001070680-submissions-001.json,0001070680,1998-09-23,2004-02-25,118
CIK0001070985-submissions-001.json,0001070985,1998-09-30,2013-08-26,1359
CIK0001071321-submissions-001.json,0001071321,2001-02-14,2009-10-18,353
CIK0001071438-submissions-001.json,0001071438,2002-05-22,2020-06-21,1631
CIK0001072627-submissions-001.json,0001072627,1998-10-30,2017-09-30,990
CIK0001074828-submissions-001.json,0001074828,1999-03-11,2007-05-21,86
CIK0001075415-submissions-001.json,0001075415,1998-12-24,2005-12-03,150
CIK0001075736-submissions-001.json,0001075736,1999-06-01,2016-08-13,971
CIK0001075880-submissions-001.json,0001075880,2002-02-01,2007-03-19,179
CIK0001076378-submissions-001.json,0001076378,2000-10-02,2012-08-13,394
CIK0001076930-submissions-001.json,0001076930,1999-01-29,2010-07-26,548
CIK0001077183-submissions-001.json,0001077183,1999-02-10,2013-02-12,277
CIK0001077428-submissions-001.json,0001077428,2000-05-01,2012-07-25,661
CIK0001077688-submissions-001.json,0001077688,1999-02-03,2004-10-19,110
CIK0001078075-submissions-001.json,0001078075,1999-04-22,2012-09-09,662
CIK0001078271-submissions-001.json,0001078271,1999-02-05,2012-08-27,681
CIK0001080014-submissions-001.json,0001080014,2000-03-21,2012-11-18,664
CIK0001082554-submissions-001.json,0001082554,2010-12-02,2023-01-16,2003
CIK0001082554-submissions-002.json,0001082554,1999-04-16,2010-11-30,1348
CIK0001083301-submissions-001.json,0001083301,1999-04-07,2009-08-11,234
CIK0001083446-submissions-001.json,0001083446,1999-04-19,2004-11-13,22
CIK0001083522-submissions-001.json,0001083522,1999-04-08,2006-03-20,169
CIK0001084048-submissions-001.json,0001084048,1999-04-16,2014-02-12,857
CIK0001084554-submissions-001.json,0001084554,1999-12-17,2006-09-17,111
CIK0001084765-submissions-001.json,0001084765,2000-09-01,2006-10-03,246
CIK0001084869-submissions-001.json,0001084869,1999-05-21,2012-12-10,719
CIK0001084961-submissions-001.json,0001084961,1999-04-30,2011-12-11,684
CIK0001084991-submissions-001.json,0001084991,2002-05-15,2007-03-21,261
CIK0001085913-submissions-001.json,0001085913,1999-05-14,2008-05-31,188
CIK0001086600-submissions-001.json,0001086600,1999-05-20,2012-08-14,1166
CIK0001086745-submissions-001.json,0001086745,1999-06-04,2007-04-15,240
CIK0001086888-submissions-001.json,0001086888,2002-02-06,2012-02-11,523
CIK0001087294-submissions-001.json,0001087294,2002-05-02,2008-08-10,34
CIK0001088034-submissions-001.json,0001088034,1999-06-11,2007-06-13,371
CIK0001088856-submissions-001.json,0001088856,2001-12-21,2015-08-26,1021
CIK0001089063-submissions-001.json,0001089063,2002-07-17,2012-12-03,621
CIK0001089113-submissions-001.json,0001089113,2014-10-06,2023-10-30,2000
CIK0001089113-submissions-002.json,0001089113,2005-09-07,2014-10-04,2000
CIK0001089113-submissions-003.json,0001089113,2002-02-25,2005-09-05,425
CIK0001089872-submissions-001.json,0001089872,1999-07-20,2005-05-10,126
CIK0001089907-submissions-001.json,0001089907,1999-07-09,2005-05-21,227
CIK0001090009-submissions-001.json,0001090009,1999-07-27,2005-12-26,77
CIK0001090425-submissions-001.json,0001090425,1999-07-19,2007-10-20,345
CIK0001091596-submissions-001.json,0001091596,1999-12-10,2005-06-05,162
CIK0001092699-submissions-001.json,0001092699,2002-11-06,2010-03-31,14
CIK0001092796-submissions-001.json,0001092796,2000-01-19,2012-03-26,682
CIK0001093672-submissions-001.json,0001093672,1999-08-31,2006-07-01,524
CIK0001093691-submissions-001.json,0001093691,1999-08-27,2017-04-03,1276
CIK0001094517-submissions-001.json,0001094517,2002-02-27,2002-08-21,5
CIK0001094831-submissions-001.json,0001094831,1999-09-21,2011-06-26,614
CIK0001095565-submissions-001.json,0001095565,1999-10-13,2014-03-11,610
CIK0001095651-submissions-001.json,0001095651,1999-10-05,2013-08-07,682
CIK0001095981-submissions-001.json,0001095981,2001-03-30,2011-01-02,451
CIK0001096343-submissions-001.json,0001096343,1999-10-07,2016-05-17,1159
CIK0001096752-submissions-001.json,0001096752,1999-10-15,2014-01-04,1412
CIK0001097362-submissions-001.json,0001097362,2000-06-13,2004-11-10,99
CIK0001098151-submissions-001.json,0001098151,1999-11-03,2004-06-05,50
CIK0001098972-submissions-001.json,0001098972,1999-11-30,2014-04-01,1368
CIK0001099160-submissions-001.json,0001099160,1999-11-24,2007-02-12,254
CIK0001101215-submissions-001.json,0001101215,2000-01-13,2015-11-15,1776
CIK0001101302-submissions-001.json,0001101302,1999-12-23,2017-05-24,1542
CIK0001102993-submissions-001.json,0001102993,2000-01-28,2012-06-06,537
CIK0001103838-submissions-001.json,0001103838,2000-02-11,2010-10-27,341
CIK0001104485-submissions-001.json,0001104485,2000-07-06,2018-03-07,768
CIK0001104506-submissions-001.json,0001104506,2000-02-11,2017-05-01,816
CIK0001104657-submissions-001.json,0001104657,2000-02-01,2017-06-06,1272
CIK0001107421-submissions-001.json,0001107421,2001-02-13,2010-01-03,281
CIK0001107843-submissions-001.json,0001107843,2002-07-23,2017-04-30,414
CIK0001108109-submissions-001.json,0001108109,2000-03-06,2014-01-25,1000
CIK0001108134-submissions-001.json,0001108134,2000-03-10,2014-11-16,917
CIK0001108205-submissions-001.json,0001108205,2000-03-06,2005-06-01,205
CIK0001108426-submissions-001.json,0001108426,2000-03-10,2011-05-16,1369
CIK0001109116-submissions-001.json,0001109116,2000-04-21,2007-08-26,336
CIK0001109242-submissions-001.json,0001109242,2000-03-17,2009-09-12,355
CIK0001109354-submissions-001.json,0001109354,2000-04-14,2009-06-21,389
CIK0001111335-submissions-001.json,0001111335,2000-04-14,2014-05-06,1182
CIK0001113232-submissions-001.json,0001113232,2000-05-05,2012-05-21,618
CIK0001113809-submissions-001.json,0001113809,2004-08-12,2011-03-22,517
CIK0001114446-submissions-001.json,0001114446,2025-07-08,2025-08-31,2062
CIK0001114446-submissions-002.json,0001114446,2025-04-21,2025-07-06,2046
CIK0001114446-submissions-003.json,0001114446,2025-02-07,2025-04-19,2040
CIK0001114446-submissions-004.json,0001114446,2024-11-27,2025-02-05,2062
CIK0001114446-submissions-005.json,0001114446,2024-09-17,2024-11-25,2021
CIK0001114446-submissions-006.json,0001114446,2024-07-10,2024-09-15,2024
CIK0001114446-submissions-007.json,0001114446,2024-04-29,2024-07-08,2013
CIK0001114446-submissions-008.json,0001114446,2024-02-29,2024-04-27,2037
CIK0001114446-submissions-009.json,0001114446,2023-12-22,2024-02-27,2008
CIK0001114446-submissions-010.json,0001114446,2023-09-25,2023-12-20,2009
CIK0001114446-submissions-011.json,0001114446,2023-07-12,2023-09-23,2014
CIK0001114446-submissions-012.json,0001114446,2023-04-17,2023-07-10,2005
CIK0001114446-submissions-013.json,0001114446,2022-12-13,2023-04-15,2003
CIK0001114446-submissions-014.json,0001114446,2022-08-01,2022-12-11,2003
CIK0001114446-submissions-015.json,0001114446,2022-04-25,2022-07-30,2023
CIK0001114446-submissions-016.json,0001114446,2022-02-17,2022-04-23,2021
CIK0001114446-submissions-017.json,0001114446,2021-12-21,2022-02-15,2001
CIK0001114446-submissions-018.json,0001114446,2021-11-02,2021-12-19,2038
CIK0001114446-submissions-019.json,0001114446,2021-09-10,2021-10-31,2001
CIK0001114446-submissions-020.json,0001114446,2021-07-16,2021-09-08,2007
CIK0001114446-submissions-021.json,0001114446,2021-05-24,2021-07-14,2043
CIK0001114446-submissions-022.json,0001114446,2021-04-05,2021-05-22,2018
CIK0001114446-submissions-023.json,0001114446,2021-02-11,2021-04-03,2034
CIK0001114446-submissions-024.json,0001114446,2020-12-21,2021-02-09,2000
CIK0001114446-submissions-025.json,0001114446,2020-10-14,2020-12-19,2031
CIK0001114446-submissions-026.json,0001114446,2020-07-28,2020-10-12,2023
CIK0001114446-submissions-027.json,0001114446,2020-04-16,2020-07-26,2015
CIK0001114446-submissions-028.json,0001114446,2020-01-16,2020-04-14,2009
CIK0001114446-submissions-029.json,0001114446,2019-10-02,2020-01-14,2026
CIK0001114446-submissions-030.json,0001114446,2019-05-14,2019-09-30,2030
CIK0001114446-submissions-031.json,0001114446,2019-01-03,2019-05-12,2005
CIK0001114446-submissions-032.json,0001114446,2018-08-17,2019-01-01,2015
CIK0001114446-submissions-033.json,0001114446,2018-04-27,2018-08-15,2014
CIK0001114446-submissions-034.json,0001114446,2018-01-25,2018-04-25,2010
CIK0001114446-submissions-035.json,0001114446,2017-10-05,2018-01-23,2011
CIK0001114446-submissions-036.json,0001114446,2017-06-02,2017-10-03,2031
CIK0001114446-submissions-037.json,0001114446,2017-02-24,2017-05-31,2042
CIK0001114446-submissions-038.json,0001114446,2016-11-10,2017-02-22,2024
CIK0001114446-submissions-039.json,0001114446,2016-06-27,2016-11-08,2005
CIK0001114446-submissions-040.json,0001114446,2015-09-30,2016-06-25,2011
CIK0001114446-submissions-041.json,0001114446,2015-03-26,2015-09-28,2022
CIK0001114446-submissions-042.json,0001114446,2014-11-14,2015-03-24,2010
CIK0001114446-submissions-043.json,0001114446,2014-07-25,2014-11-12,2016
CIK0001114446-submissions-044.json,0001114446,2014-03-20,2014-07-23,2029
CIK0001114446-submissions-045.json,0001114446,2013-11-25,2014-03-18,2001
CIK0001114446-submissions-046.json,0001114446,2013-07-17,2013-11-23,2007
CIK0001114446-submissions-047.json,0001114446,2013-02-11,2013-07-15,2011
CIK0001114446-submissions-048.json,0001114446,2012-09-28,2013-02-09,2036
CIK0001114446-submissions-049.json,0001114446,2012-05-21,2012-09-26,2014
CIK0001114446-submissions-050.json,0001114446,2012-01-27,2012-05-19,2009
CIK0001114446-submissions-051.json,0001114446,2011-09-08,2012-01-25,2010
CIK0001114446-submissions-052.json,0001114446,2010-01-20,2011-09-06,2000
CIK0001114446-submissions-053.json,0001114446,2006-05-26,2010-01-18,2001
CIK0001114446-submissions-054.json,0001114446,2000-07-28,2006-05-24,941
CIK0001114448-submissions-001.json,0001114448,2001-04-11,2009-03-25,426
CIK0001114483-submissions-001.json,0001114483,2000-05-22,2014-01-04,780
CIK0001114925-submissions-001.json,0001114925,2000-05-19,2011-09-05,588
CIK0001114927-submissions-001.json,0001114927,2000-05-24,2006-09-12,335
CIK0001114995-submissions-001.json,0001114995,2005-12-08,2019-05-05,225
CIK0001116463-submissions-001.json,0001116463,2000-06-14,2010-02-09,479
CIK0001116578-submissions-001.json,0001116578,2001-03-12,2021-05-11,1821
CIK0001116942-submissions-001.json,0001116942,2000-06-22,2017-05-15,1256
CIK0001117297-submissions-001.json,0001117297,2009-08-17,2011-02-05,118
CIK0001119639-submissions-001.json,0001119639,2015-12-16,2022-06-19,2000
CIK0001119639-submissions-002.json,0001119639,2001-03-27,2015-12-14,1849
CIK0001120370-submissions-001.json,0001120370,2000-08-11,2009-07-21,243
CIK0001120914-submissions-001.json,0001120914,2000-08-07,2007-02-11,454
CIK0001121404-submissions-001.json,0001121404,2001-01-08,2010-06-23,511
CIK0001121484-submissions-001.json,0001121484,2000-08-10,2010-02-21,575
CIK0001122904-submissions-001.json,0001122904,2000-09-08,2017-10-31,1538
CIK0001122976-submissions-001.json,0001122976,2000-08-31,2015-06-16,1337
CIK0001123494-submissions-001.json,0001123494,2000-09-18,2007-11-17,297
CIK0001124105-submissions-001.json,0001124105,2002-12-16,2013-08-12,601
CIK0001124524-submissions-001.json,0001124524,2005-10-20,2008-08-13,70
CIK0001125376-submissions-001.json,0001125376,2007-05-14,2016-07-30,793
CIK0001126956-submissions-001.json,0001126956,2000-10-27,2011-01-25,540
CIK0001127371-submissions-001.json,0001127371,2000-11-16,2013-05-06,568
CIK0001128361-submissions-001.json,0001128361,2000-11-16,2011-10-30,454
CIK0001128928-submissions-001.json,0001128928,2000-12-01,2013-09-23,852
CIK0001129928-submissions-001.json,0001129928,2002-01-28,2007-11-25,247
CIK0001130144-submissions-001.json,0001130144,2001-01-04,2008-07-20,354
CIK0001130166-submissions-001.json,0001130166,2000-12-22,2010-01-23,502
CIK0001130464-submissions-001.json,0001130464,2003-04-22,2016-07-06,2004
CIK0001130464-submissions-002.json,0001130464,2000-12-22,2003-04-20,89
CIK0001130713-submissions-001.json,0001130713,2002-03-05,2018-02-04,1287
CIK0001131312-submissions-001.json,0001131312,2002-01-24,2011-01-09,585
CIK0001131343-submissions-001.json,0001131343,2002-05-29,2007-07-28,151
CIK0001131399-submissions-001.json,0001131399,2013-08-22,2022-05-30,2000
CIK0001131399-submissions-002.json,0001131399,2007-08-02,2013-08-20,2004
CIK0001131399-submissions-003.json,0001131399,2001-01-12,2007-07-31,1812
CIK0001132597-submissions-001.json,0001132597,2002-02-19,2019-11-12,1341
CIK0001132651-submissions-001.json,0001132651,2001-02-01,2007-06-13,276
CIK0001133311-submissions-001.json,0001133311,2001-02-06,2005-04-11,125
CIK0001133416-submissions-001.json,0001133416,2001-06-13,2011-10-04,573
CIK0001135951-submissions-001.json,0001135951,2001-04-20,2016-06-25,345
CIK0001138723-submissions-001.json,0001138723,2002-03-06,2011-12-12,453
CIK0001140215-submissions-001.json,0001140215,2001-10-25,2002-08-28,4
CIK0001140625-submissions-001.json,0001140625,2002-02-20,2016-10-25,922
CIK0001141197-submissions-001.json,0001141197,2001-06-29,2005-06-22,71
CIK0001141688-submissions-001.json,0001141688,2001-06-07,2001-08-14,2
CIK0001142417-submissions-001.json,0001142417,2001-06-13,2020-06-02,1344
CIK0001142750-submissions-001.json,0001142750,2001-07-16,2010-11-16,573
CIK0001144800-submissions-001.json,0001144800,2001-10-26,2004-07-24,79
CIK0001144980-submissions-001.json,0001144980,2001-07-27,2013-12-09,1195
CIK0001145255-submissions-001.json,0001145255,2001-08-06,2004-11-03,70
CIK0001157408-submissions-001.json,0001157408,2002-07-02,2013-11-10,733
CIK0001157601-submissions-001.json,0001157601,2002-05-31,2010-09-28,212
CIK0001157647-submissions-001.json,0001157647,2001-08-28,2014-05-06,495
CIK0001158114-submissions-001.json,0001158114,2006-12-15,2017-10-23,396
CIK0001158172-submissions-001.json,0001158172,2002-06-21,2015-03-25,1056
CIK0001158324-submissions-001.json,0001158324,2001-08-29,2018-03-31,1529
CIK0001158463-submissions-001.json,0001158463,2002-02-12,2016-12-03,1809
CIK0001158895-submissions-001.json,0001158895,2002-07-31,2016-05-07,864
CIK0001159036-submissions-001.json,0001159036,2001-09-21,2011-07-06,503
CIK0001159152-submissions-001.json,0001159152,2002-02-20,2006-12-10,266
CIK0001159508-submissions-001.json,0001159508,2015-09-22,2024-09-25,2001
CIK0001159508-submissions-002.json,0001159508,2014-01-28,2015-09-20,2007
CIK0001159508-submissions-003.json,0001159508,2011-07-05,2014-01-26,2000
CIK0001159508-submissions-004.json,0001159508,2009-02-02,2011-07-03,2001
CIK0001159508-submissions-005.json,0001159508,2002-01-30,2009-01-31,1859
CIK0001160106-submissions-001.json,0001160106,2012-03-27,2023-03-04,2002
CIK0001160106-submissions-002.json,0001160106,2002-02-25,2012-03-25,895
CIK0001160308-submissions-001.json,0001160308,2001-10-02,2009-07-19,338
CIK0001160330-submissions-001.json,0001160330,2002-01-18,2012-04-01,798
CIK0001161611-submissions-001.json,0001161611,2002-02-08,2013-12-25,718
CIK0001162194-submissions-001.json,0001162194,2002-01-18,2016-05-07,600
CIK0001163370-submissions-001.json,0001163370,2002-01-14,2006-07-17,176
CIK0001163653-submissions-001.json,0001163653,2002-01-22,2025-05-13,1978
CIK0001164863-submissions-001.json,0001164863,2002-01-29,2017-03-25,1379
CIK0001165002-submissions-001.json,0001165002,2002-02-08,2009-06-30,602
CIK0001166003-submissions-001.json,0001166003,2002-01-30,2013-05-06,497
CIK0001166928-submissions-001.json,0001166928,2002-03-11,2007-01-09,116
CIK0001167419-submissions-001.json,0001167419,2002-02-07,2013-01-23,587
CIK0001168455-submissions-001.json,0001168455,2002-03-19,2005-03-27,107
CIK0001169561-submissions-001.json,0001169561,2002-02-22,2016-04-13,1014
CIK0001169770-submissions-001.json,0001169770,2002-03-28,2015-04-06,952
CIK0001170858-submissions-001.json,0001170858,2002-04-08,2010-05-04,258
CIK0001171486-submissions-001.json,0001171486,2002-04-19,2007-04-02,369
CIK0001171759-submissions-001.json,0001171759,2002-04-26,2013-11-06,807
CIK0001172052-submissions-001.json,0001172052,2002-04-26,2006-12-10,239
CIK0001172724-submissions-001.json,0001172724,2002-05-06,2005-05-15,286
CIK0001173204-submissions-001.json,0001173204,2002-05-02,2008-09-10,334
CIK0001173420-submissions-001.json,0001173420,2002-05-03,2017-01-01,964
CIK0001173489-submissions-001.json,0001173489,2002-06-03,2004-08-01,97
CIK0001173514-submissions-001.json,0001173514,2019-03-06,2021-01-24,2024
CIK0001173514-submissions-002.json,0001173514,2018-10-19,2019-03-04,2050
CIK0001173514-submissions-003.json,0001173514,2014-04-03,2018-10-17,2013
CIK0001173514-submissions-004.json,0001173514,2002-05-28,2014-04-01,472
CIK0001174850-submissions-001.json,0001174850,2002-06-07,2018-12-09,504
CIK0001174940-submissions-001.json,0001174940,2002-10-16,2007-06-18,141
CIK0001175680-submissions-001.json,0001175680,2002-06-05,2015-06-01,389
CIK0001176334-submissions-001.json,0001176334,2002-07-01,2013-01-02,769
CIK0001177394-submissions-001.json,0001177394,2006-04-18,2019-11-16,2001
CIK0001177394-submissions-002.json,0001177394,2003-09-05,2006-04-16,277
CIK0001177609-submissions-001.json,0001177609,2002-06-24,2014-04-01,228
CIK0001177702-submissions-001.json,0001177702,2002-07-19,2011-05-02,492
CIK0001178670-submissions-001.json,0001178670,2002-07-09,2014-08-13,677
CIK0001178970-submissions-001.json,0001178970,2002-08-16,2015-03-11,1015
CIK0001180262-submissions-001.json,0001180262,2002-08-12,2015-02-11,1384
CIK0001185348-submissions-001.json,0001185348,2002-09-06,2014-01-06,690
CIK0001192448-submissions-001.json,0001192448,2002-09-17,2015-06-28,56
CIK0001196298-submissions-001.json,0001196298,2002-10-22,2004-09-26,30
CIK0001200375-submissions-001.json,0001200375,2002-10-11,2008-09-01,9
CIK0001201792-submissions-001.json,0001201792,2002-10-25,2015-04-01,788
CIK0001203464-submissions-001.json,0001203464,2002-11-01,2007-04-03,211
CIK0001206264-submissions-001.json,0001206264,2002-11-14,2015-03-31,1041
CIK0001210677-submissions-001.json,0001210677,2003-01-17,2003-06-14,16
CIK0001210708-submissions-001.json,0001210708,2002-12-19,2013-08-25,641
CIK0001212545-submissions-001.json,0001212545,2002-12-31,2018-02-14,1521
CIK0001213037-submissions-001.json,0001213037,2003-01-07,2012-05-13,192
CIK0001214816-submissions-001.json,0001214816,2003-01-16,2015-02-03,1017
CIK0001217234-submissions-001.json,0001217234,2003-01-31,2017-10-28,388
CIK0001219601-submissions-001.json,0001219601,2003-02-26,2017-04-29,1315
CIK0001224133-submissions-001.json,0001224133,2003-03-20,2010-04-21,476
CIK0001224608-submissions-001.json,0001224608,2003-03-31,2016-02-23,1199
CIK0001227654-submissions-001.json,0001227654,2003-04-17,2017-09-17,1449
CIK0001228454-submissions-001.json,0001228454,2003-05-01,2011-01-16,321
CIK0001228627-submissions-001.json,0001228627,2003-04-29,2005-05-15,37
CIK0001230245-submissions-001.json,0001230245,2003-06-25,2016-05-16,1206
CIK0001232524-submissions-001.json,0001232524,2003-05-12,2017-03-04,1151
CIK0001232582-submissions-001.json,0001232582,2003-05-15,2018-01-06,1563
CIK0001233681-submissions-001.json,0001233681,2003-05-19,2006-05-24,60
CIK0001235468-submissions-001.json,0001235468,2003-05-22,2015-09-30,857
CIK0001243429-submissions-001.json,0001243429,2003-04-30,2007-12-15,96
CIK0001253986-submissions-001.json,0001253986,2003-07-11,2013-06-19,558
CIK0001257640-submissions-001.json,0001257640,2003-08-08,2004-05-22,119
CIK0001258602-submissions-001.json,0001258602,2003-08-19,2010-01-04,479
CIK0001259429-submissions-001.json,0001259429,2003-09-23,2004-08-18,40
CIK0001261333-submissions-001.json,0001261333,2003-08-25,2018-12-15,120
CIK0001261654-submissions-001.json,0001261654,2003-10-03,2014-03-10,930
CIK0001262104-submissions-001.json,0001262104,2003-09-25,2003-12-16,13
CIK0001262823-submissions-001.json,0001262823,2003-09-22,2015-02-18,714
CIK0001262976-submissions-001.json,0001262976,2003-09-08,2014-02-04,1543
CIK0001263043-submissions-001.json,0001263043,2003-09-15,2004-04-11,30
CIK0001265131-submissions-001.json,0001265131,2003-10-20,2018-03-05,1178
CIK0001267395-submissions-001.json,0001267395,2003-11-12,2013-01-30,362
CIK0001268896-submissions-001.json,0001268896,2003-11-20,2009-03-15,198
CIK0001270436-submissions-001.json,0001270436,2003-12-08,2006-09-18,183
CIK0001273441-submissions-001.json,0001273441,2003-12-31,2021-04-03,1300
CIK0001273685-submissions-001.json,0001273685,2003-12-31,2008-03-23,247
CIK0001273813-submissions-001.json,0001273813,2003-12-23,2014-06-15,1343
CIK0001275014-submissions-001.json,0001275014,2004-01-14,2014-03-02,701
CIK0001275187-submissions-001.json,0001275187,2004-03-05,2011-08-03,665
CIK0001276187-submissions-001.json,0001276187,2004-01-22,2011-10-19,354
CIK0001277902-submissions-001.json,0001277902,2004-02-02,2013-05-28,511
CIK0001278027-submissions-001.json,0001278027,2004-02-11,2006-10-30,119
CIK0001279495-submissions-001.json,0001279495,2004-02-19,2005-10-16,65
CIK0001279704-submissions-001.json,0001279704,2004-06-21,2011-11-05,216
CIK0001280058-submissions-001.json,0001280058,2004-02-20,2014-12-13,1033
CIK0001280263-submissions-001.json,0001280263,2004-02-12,2016-11-01,464
CIK0001280784-submissions-001.json,0001280784,2004-02-18,2017-01-24,1578
CIK0001282637-submissions-001.json,0001282637,2004-03-05,2006-07-01,99
CIK0001282648-submissions-001.json,0001282648,2004-03-12,2013-05-06,685
CIK0001284812-submissions-001.json,0001284812,2006-02-10,2020-03-11,2003
CIK0001284812-submissions-002.json,0001284812,2004-03-30,2006-02-08,204
CIK0001285550-submissions-001.json,0001285550,2004-03-30,2014-06-30,286
CIK0001286043-submissions-001.json,0001286043,2004-04-06,2011-08-07,675
CIK0001286613-submissions-001.json,0001286613,2005-03-29,2009-09-01,258
CIK0001287032-submissions-001.json,0001287032,2012-04-05,2021-07-20,2000
CIK0001287032-submissions-002.json,0001287032,2004-04-16,2012-04-03,620
CIK0001287750-submissions-001.json,0001287750,2004-04-20,2013-04-17,553
CIK0001287865-submissions-001.json,0001287865,2004-04-16,2010-05-18,379
CIK0001288403-submissions-001.json,0001288403,2004-05-03,2006-08-12,110
CIK0001288469-submissions-001.json,0001288469,2004-04-22,2017-03-28,752
CIK0001288847-submissions-001.json,0001288847,2004-04-27,2017-11-12,335
CIK0001289308-submissions-001.json,0001289308,2004-05-17,2019-06-18,1624
CIK0001289340-submissions-001.json,0001289340,2004-05-07,2011-01-02,551
CIK0001289419-submissions-001.json,0001289419,2008-11-10,2019-08-27,2000
CIK0001289419-submissions-002.json,0001289419,2004-05-06,2008-11-08,1379
CIK0001289460-submissions-001.json,0001289460,2004-05-07,2010-12-04,266
CIK0001289848-submissions-001.json,0001289848,2004-05-13,2014-09-14,719
CIK0001289945-submissions-001.json,0001289945,2004-05-21,2013-09-17,697
CIK0001290900-submissions-001.json,0001290900,2004-05-21,2008-08-11,222
CIK0001293613-submissions-001.json,0001293613,2004-06-15,2004-09-14,7
CIK0001294133-submissions-001.json,0001294133,2004-06-16,2006-01-08,2
CIK0001295401-submissions-001.json,0001295401,2004-07-15,2012-12-15,437
CIK0001295810-submissions-001.json,0001295810,2004-07-02,2009-01-18,331
CIK0001295947-submissions-001.json,0001295947,2004-07-28,2008-11-04,251
CIK0001296445-submissions-001.json,0001296445,2004-07-21,2013-02-12,427
CIK0001297989-submissions-001.json,0001297989,2004-12-06,2017-09-23,1183
CIK0001298675-submissions-001.json,0001298675,2004-08-02,2011-04-24,599
CIK0001298946-submissions-001.json,0001298946,2004-07-27,2011-01-18,424
CIK0001299709-submissions-001.json,0001299709,2004-12-16,2017-08-27,902
CIK0001301787-submissions-001.json,0001301787,2004-09-02,2008-03-08,171
CIK0001303523-submissions-001.json,0001303523,2004-09-17,2019-05-20,316
CIK0001306965-submissions-001.json,0001306965,2004-10-28,2014-02-10,969
CIK0001307748-submissions-001.json,0001307748,2005-02-11,2009-05-25,434
CIK0001307954-submissions-001.json,0001307954,2004-11-24,2014-05-31,1032
CIK0001308547-submissions-001.json,0001308547,2004-11-19,2015-02-02,1363
CIK0001309082-submissions-001.json,0001309082,2004-11-17,2005-12-13,10
CIK0001309108-submissions-001.json,0001309108,2004-11-23,2018-02-07,1367
CIK0001309402-submissions-001.json,0001309402,2004-08-23,2015-05-11,787
CIK0001311370-submissions-001.json,0001311370,2004-12-17,2014-07-26,878
CIK0001314102-submissions-001.json,0001314102,2005-01-20,2009-11-23,338
CIK0001315098-submissions-001.json,0001315098,2005-01-19,2022-08-22,236
CIK0001315257-submissions-001.json,0001315257,2005-02-14,2015-05-13,1020
CIK0001318008-submissions-001.json,0001318008,2005-02-17,2010-02-03,306
CIK0001318220-submissions-001.json,0001318220,2005-02-14,2016-03-30,284
CIK0001318484-submissions-001.json,0001318484,2005-02-28,2010-11-20,315
CIK0001318885-submissions-001.json,0001318885,2005-03-01,2012-07-01,289
CIK0001319947-submissions-001.json,0001319947,2005-03-14,2018-10-08,1546
CIK0001320461-submissions-001.json,0001320461,2005-03-31,2013-05-08,325
CIK0001320854-submissions-001.json,0001320854,2005-03-17,2005-09-21,64
CIK0001323468-submissions-001.json,0001323468,2005-05-10,2009-11-23,183
CIK0001323885-submissions-001.json,0001323885,2005-04-20,2012-12-31,554
CIK0001324948-submissions-001.json,0001324948,2005-05-11,2012-11-18,506
CIK0001325670-submissions-001.json,0001325670,2005-04-28,2010-08-11,262
CIK0001326190-submissions-001.json,0001326190,2005-05-06,2010-12-25,452
CIK0001326200-submissions-001.json,0001326200,2005-05-09,2014-08-18,524
CIK0001327978-submissions-001.json,0001327978,2005-05-27,2013-04-13,428
CIK0001331520-submissions-001.json,0001331520,2005-06-24,2013-05-14,623
CIK0001331875-submissions-001.json,0001331875,2005-07-06,2016-08-01,1199
CIK0001332283-submissions-001.json,0001332283,2005-07-06,2007-07-15,73
CIK0001332349-submissions-001.json,0001332349,2005-08-10,2014-09-06,855
CIK0001332551-submissions-001.json,0001332551,2005-07-11,2010-10-12,312
CIK0001333274-submissions-001.json,0001333274,2005-07-18,2009-07-11,161
CIK0001333493-submissions-001.json,0001333493,2006-04-25,2014-08-09,770
CIK0001333986-submissions-001.json,0001333986,2005-08-19,2018-12-11,124
CIK0001334036-submissions-001.json,0001334036,2005-08-15,2012-01-16,521
CIK0001334933-submissions-001.json,0001334933,2005-08-04,2015-03-10,639
CIK0001334978-submissions-001.json,0001334978,2005-08-10,2010-10-19,277
CIK0001335730-submissions-001.json,0001335730,2005-08-01,2013-08-04,393
CIK0001337013-submissions-001.json,0001337013,2005-10-14,2010-04-10,219
CIK0001341766-submissions-001.json,0001341766,2005-11-21,2011-01-02,216
CIK0001342958-submissions-001.json,0001342958,2005-10-27,2007-08-06,16
CIK0001345016-submissions-001.json,0001345016,2005-11-16,2018-08-07,971
CIK0001345126-submissions-001.json,0001345126,2005-12-14,2009-02-03,179
CIK0001347178-submissions-001.json,0001347178,2005-12-29,2009-05-27,331
CIK0001347426-submissions-001.json,0001347426,2006-01-06,2008-06-07,118
CIK0001348362-submissions-001.json,0001348362,2006-03-01,2009-07-12,93
CIK0001349436-submissions-001.json,0001349436,2006-01-05,2013-02-05,1066
CIK0001350102-submissions-001.json,0001350102,2006-01-23,2008-02-27,240
CIK0001350593-submissions-001.json,0001350593,2006-02-03,2014-12-08,860
CIK0001350653-submissions-001.json,0001350653,2006-02-06,2015-05-17,646
CIK0001355444-submissions-001.json,0001355444,2006-03-09,2007-03-10,44
CIK0001356090-submissions-001.json,0001356090,2006-03-09,2015-12-05,316
CIK0001356115-submissions-001.json,0001356115,2006-03-15,2006-08-20,26
CIK0001356576-submissions-001.json,0001356576,2006-03-06,2014-04-28,181
CIK0001357459-submissions-001.json,0001357459,2006-04-03,2011-10-04,269
CIK0001357615-submissions-001.json,0001357615,2006-04-14,2016-03-01,878
CIK0001360604-submissions-001.json,0001360604,2006-04-28,2012-01-01,445
CIK0001360901-submissions-001.json,0001360901,2006-05-12,2013-02-06,533
CIK0001361538-submissions-001.json,0001361538,2006-06-02,2012-03-07,312
CIK0001361658-submissions-001.json,0001361658,2006-05-11,2018-12-16,1314
CIK0001362004-submissions-001.json,0001362004,2006-05-11,2014-09-30,837
CIK0001362468-submissions-001.json,0001362468,2006-05-15,2013-08-06,527
CIK0001362988-submissions-001.json,0001362988,2006-06-02,2010-08-08,319
CIK0001364479-submissions-001.json,0001364479,2006-05-17,2014-06-04,1274
CIK0001364954-submissions-001.json,0001364954,2006-05-22,2015-12-12,426
CIK0001366868-submissions-001.json,0001366868,2006-07-17,2010-09-18,335
CIK0001367644-submissions-001.json,0001367644,2006-08-14,2014-11-12,724
CIK0001367859-submissions-001.json,0001367859,2006-06-30,2006-09-20,24
CIK0001368265-submissions-001.json,0001368265,2006-09-06,2010-11-10,301
CIK0001368458-submissions-001.json,0001368458,2006-08-02,2012-10-28,505
CIK0001368622-submissions-001.json,0001368622,2006-09-28,2013-04-22,374
CIK0001370450-submissions-001.json,0001370450,2006-08-09,2009-06-08,161
CIK0001370946-submissions-001.json,0001370946,2006-08-07,2020-05-03,1986
CIK0001371285-submissions-001.json,0001371285,2006-07-24,2020-05-25,597
CIK0001372612-submissions-001.json,0001372612,2006-08-10,2016-03-28,178
CIK0001372807-submissions-001.json,0001372807,2006-08-18,2007-02-11,37
CIK0001375205-submissions-001.json,0001375205,2006-09-07,2011-03-30,113
CIK0001376139-submissions-001.json,0001376139,2006-09-26,2009-03-26,126
CIK0001376339-submissions-001.json,0001376339,2007-03-06,2012-10-31,271
CIK0001377630-submissions-001.json,0001377630,2006-10-13,2014-01-20,545
CIK0001377789-submissions-001.json,0001377789,2006-10-13,2009-10-05,231
CIK0001378140-submissions-001.json,0001378140,2006-11-13,2009-04-11,100
CIK0001378789-submissions-001.json,0001378789,2006-11-02,2009-06-21,93
CIK0001378950-submissions-001.json,0001378950,2006-11-02,2012-12-31,344
CIK0001379041-submissions-001.json,0001379041,2006-10-25,2015-03-17,915
CIK0001379384-submissions-001.json,0001379384,2006-10-31,2008-02-17,94
CIK0001379785-submissions-001.json,0001379785,2006-11-03,2009-03-25,128
CIK0001381668-submissions-001.json,0001381668,2006-12-12,2013-12-10,365
CIK0001384101-submissions-001.json,0001384101,2006-12-06,2015-04-04,154
CIK0001384905-submissions-001.json,0001384905,2006-12-20,2019-02-20,582
CIK0001385280-submissions-001.json,0001385280,2007-02-01,2010-03-31,260
CIK0001385849-submissions-001.json,0001385849,2006-12-22,2012-07-01,1
CIK0001386278-submissions-001.json,0001386278,2007-01-05,2016-04-03,532
CIK0001389050-submissions-001.json,0001389050,2007-03-30,2012-07-31,529
CIK0001389207-submissions-001.json,0001389207,2007-02-22,2009-11-11,188
CIK0001389545-submissions-001.json,0001389545,2007-02-14,2010-11-13,316
CIK0001390478-submissions-001.json,0001390478,2007-02-07,2011-04-19,271
CIK0001392380-submissions-001.json,0001392380,2007-03-01,2016-07-12,819
CIK0001393726-submissions-001.json,0001393726,2007-03-29,2015-05-11,643
CIK0001393883-submissions-001.json,0001393883,2007-04-04,2013-10-21,482
CIK0001395942-submissions-001.json,0001395942,2008-01-25,2016-02-09,730
CIK0001396440-submissions-001.json,0001396440,2014-02-07,2021-08-07,2000
CIK0001396440-submissions-002.json,0001396440,2007-05-11,2014-02-05,1137
CIK0001396814-submissions-001.json,0001396814,2007-04-16,2014-02-23,291
CIK0001397911-submissions-001.json,0001397911,2007-04-30,2017-02-26,765
CIK0001398659-submissions-001.json,0001398659,2007-05-11,2013-05-07,510
CIK0001400891-submissions-001.json,0001400891,2007-05-30,2008-07-28,19
CIK0001401257-submissions-001.json,0001401257,2007-05-21,2012-05-28,77
CIK0001401521-submissions-001.json,0001401521,2007-06-04,2012-12-05,257
CIK0001401667-submissions-001.json,0001401667,2007-09-14,2012-10-20,117
CIK0001403475-submissions-001.json,0001403475,2007-06-29,2016-01-23,798
CIK0001404655-submissions-001.json,0001404655,2007-06-25,2018-04-23,528
CIK0001405495-submissions-001.json,0001405495,2007-07-09,2018-06-02,1246
CIK0001406587-submissions-001.json,0001406587,2007-08-10,2013-05-14,555
CIK0001406666-submissions-001.json,0001406666,2007-07-11,2010-12-06,109
CIK0001408075-submissions-001.json,0001408075,2007-08-31,2013-02-05,393
CIK0001409375-submissions-001.json,0001409375,2007-08-20,2007-12-16,15
CIK0001409493-submissions-001.json,0001409493,2007-08-17,2009-02-11,98
CIK0001409970-submissions-001.json,0001409970,2019-07-02,2020-09-21,2005
CIK0001409970-submissions-002.json,0001409970,2018-04-10,2019-06-30,2003
CIK0001409970-submissions-003.json,0001409970,2017-01-23,2018-04-08,2004
CIK0001409970-submissions-004.json,0001409970,2015-11-02,2017-01-21,2008
CIK0001409970-submissions-005.json,0001409970,2014-08-11,2015-10-31,2005
CIK0001409970-submissions-006.json,0001409970,2013-05-09,2014-08-09,2002
CIK0001409970-submissions-007.json,0001409970,2012-01-23,2013-05-07,2002
CIK0001409970-submissions-008.json,0001409970,2010-10-06,2012-01-21,2006
CIK0001409970-submissions-009.json,0001409970,2007-08-15,2010-10-04,1224
CIK0001410098-submissions-001.json,0001410098,2007-08-14,2012-09-22,133
CIK0001410384-submissions-001.json,0001410384,2007-08-20,2018-06-03,522
CIK0001410428-submissions-001.json,0001410428,2007-08-20,2010-07-26,45
CIK0001411207-submissions-001.json,0001411207,2007-08-28,2020-05-31,1394
CIK0001411342-submissions-001.json,0001411342,2007-08-28,2010-09-29,31
CIK0001411579-submissions-001.json,0001411579,2007-09-12,2017-04-01,344
CIK0001412408-submissions-001.json,0001412408,2007-09-11,2021-03-15,241
CIK0001414932-submissions-001.json,0001414932,2007-10-16,2010-06-01,173
CIK0001418121-submissions-001.json,0001418121,2007-11-15,2015-05-05,403
CIK0001418819-submissions-001.json,0001418819,2007-11-30,2017-06-03,1155
CIK0001420800-submissions-001.json,0001420800,2008-01-04,2015-11-15,663
CIK0001421461-submissions-001.json,0001421461,2007-12-20,2010-08-18,214
CIK0001421517-submissions-001.json,0001421517,2008-04-01,2012-03-12,238
CIK0001422183-submissions-001.json,0001422183,2008-02-25,2014-02-17,378
CIK0001423221-submissions-001.json,0001423221,2008-01-11,2010-03-10,305
CIK0001423689-submissions-001.json,0001423689,2008-02-11,2010-03-29,86
CIK0001425205-submissions-001.json,0001425205,2008-01-29,2010-03-20,30
CIK0001425287-submissions-001.json,0001425287,2008-02-04,2012-08-28,132
CIK0001428205-submissions-001.json,0001428205,2009-07-29,2019-03-11,1113
CIK0001428336-submissions-001.json,0001428336,2008-02-22,2016-07-13,199
CIK0001428439-submissions-001.json,0001428439,2008-02-26,2019-03-03,185
CIK0001430306-submissions-001.json,0001430306,2008-04-09,2017-04-11,510
CIK0001433270-submissions-001.json,0001433270,2008-04-21,2016-03-23,313
CIK0001433607-submissions-001.json,0001433607,2009-09-28,2013-02-09,159
CIK0001433660-submissions-001.json,0001433660,2008-04-30,2013-03-18,329
CIK0001434588-submissions-001.json,0001434588,2008-05-13,2009-03-03,64
CIK0001434621-submissions-001.json,0001434621,2008-05-13,2014-11-05,532
CIK0001434728-submissions-001.json,0001434728,2008-05-13,2021-06-30,833
CIK0001436126-submissions-001.json,0001436126,2008-06-10,2010-08-17,78
CIK0001437402-submissions-001.json,0001437402,2008-06-09,2016-01-12,176
CIK0001437578-submissions-001.json,0001437578,2008-06-11,2015-08-02,303
CIK0001438133-submissions-001.json,0001438133,2008-06-13,2016-12-14,258
CIK0001438533-submissions-001.json,0001438533,2008-06-27,2015-04-26,258
CIK0001439124-submissions-001.json,0001439124,2013-11-12,2022-08-13,2000
CIK0001439124-submissions-002.json,0001439124,2008-07-21,2013-11-10,443
CIK0001439222-submissions-001.json,0001439222,2008-07-01,2015-11-16,296
CIK0001439288-submissions-001.json,0001439288,2008-07-18,2017-02-12,344
CIK0001441236-submissions-001.json,0001441236,2008-08-01,2010-01-13,119
CIK0001441816-submissions-001.json,0001441816,2008-07-31,2019-04-01,192
CIK0001443646-submissions-001.json,0001443646,2008-08-19,2015-07-11,422
CIK0001446159-submissions-001.json,0001446159,2008-11-12,2014-09-07,322
CIK0001446847-submissions-001.json,0001446847,2008-09-26,2014-09-08,427
CIK0001447028-submissions-001.json,0001447028,2008-09-30,2011-06-01,31
CIK0001447669-submissions-001.json,0001447669,2008-10-07,2019-06-18,385
CIK0001448431-submissions-001.json,0001448431,2008-11-12,2010-09-13,44
CIK0001448893-submissions-001.json,0001448893,2008-10-27,2017-02-08,262
CIK0001451809-submissions-001.json,0001451809,2008-12-03,2019-11-18,26
CIK0001453593-submissions-001.json,0001453593,2009-04-06,2011-07-30,105
CIK0001460329-submissions-001.json,0001460329,2009-03-31,2010-02-06,59
CIK0001462120-submissions-001.json,0001462120,2009-04-17,2015-11-30,69
CIK0001462418-submissions-001.json,0001462418,2009-05-13,2010-07-11,51
CIK0001464423-submissions-001.json,0001464423,2009-05-22,2013-07-10,259
CIK0001464790-submissions-001.json,0001464790,2009-06-01,2019-10-16,736
CIK0001465740-submissions-001.json,0001465740,2009-06-11,2014-06-01,467
CIK0001466026-submissions-001.json,0001466026,2009-06-12,2018-01-01,295
CIK0001467623-submissions-001.json,0001467623,2009-07-07,2018-12-31,121
CIK0001468174-submissions-001.json,0001468174,2012-01-04,2021-05-19,2002
CIK0001468174-submissions-002.json,0001468174,2009-08-05,2012-01-02,992
CIK0001469367-submissions-001.json,0001469367,2009-08-07,2020-05-04,449
CIK0001469395-submissions-001.json,0001469395,2009-08-03,2009-08-12,5
CIK0001471055-submissions-001.json,0001471055,2009-09-03,2016-04-27,872
CIK0001471265-submissions-001.json,0001471265,2009-09-09,2014-04-22,314
CIK0001472033-submissions-001.json,0001472033,2009-10-06,2019-07-24,1620
CIK0001472787-submissions-001.json,0001472787,2009-12-14,2010-05-10,8
CIK0001474098-submissions-001.json,0001474098,2009-10-09,2012-02-08,214
CIK0001474432-submissions-001.json,0001474432,2009-11-03,2015-12-06,70
CIK0001475841-submissions-001.json,0001475841,2009-11-04,2014-11-03,179
CIK0001475922-submissions-001.json,0001475922,2009-11-05,2016-05-25,714
CIK0001476204-submissions-001.json,0001476204,2010-01-13,2010-02-10,1
CIK0001476765-submissions-001.json,0001476765,2009-11-20,2012-12-08,190
CIK0001477294-submissions-001.json,0001477294,2009-11-25,2013-01-28,319
CIK0001477333-submissions-001.json,0001477333,2009-11-23,2021-02-21,217
CIK0001477449-submissions-001.json,0001477449,2009-11-24,2020-06-17,566
CIK0001479094-submissions-001.json,0001479094,2010-07-29,2014-04-15,329
CIK0001481792-submissions-001.json,0001481792,2010-01-26,2012-01-02,136
CIK0001482512-submissions-001.json,0001482512,2010-02-16,2014-12-29,381
CIK0001486159-submissions-001.json,0001486159,2010-03-04,2013-02-17,326
CIK0001486957-submissions-001.json,0001486957,2010-03-12,2016-09-13,646
CIK0001488139-submissions-001.json,0001488139,2010-03-31,2011-12-10,142
CIK0001488813-submissions-001.json,0001488813,2010-04-22,2018-05-22,541
CIK0001490281-submissions-001.json,0001490281,2010-04-28,2015-04-28,556
CIK0001492298-submissions-001.json,0001492298,2010-05-24,2016-02-28,568
CIK0001492691-submissions-001.json,0001492691,2010-07-22,2017-05-24,474
CIK0001493594-submissions-001.json,0001493594,2010-06-08,2017-10-17,553
CIK0001493761-submissions-001.json,0001493761,2010-06-24,2011-11-27,81
CIK0001494259-submissions-001.json,0001494259,2010-07-14,2020-02-02,686
CIK0001494904-submissions-001.json,0001494904,2010-07-02,2013-03-12,218
CIK0001495320-submissions-001.json,0001495320,2010-07-01,2014-12-13,386
CIK0001495932-submissions-001.json,0001495932,2010-07-07,2019-07-07,212
CIK0001497770-submissions-001.json,0001497770,2010-08-04,2013-04-01,287
CIK0001499961-submissions-001.json,0001499961,2010-09-03,2014-04-14,179
CIK0001503274-submissions-001.json,0001503274,2010-10-12,2018-05-12,73
CIK0001503802-submissions-001.json,0001503802,2010-11-05,2015-01-20,136
CIK0001505732-submissions-001.json,0001505732,2010-11-17,2016-02-07,206
CIK0001506293-submissions-001.json,0001506293,2010-12-02,2020-03-16,160
CIK0001506492-submissions-001.json,0001506492,2010-11-24,2013-01-05,84
CIK0001507605-submissions-001.json,0001507605,2010-12-16,2013-04-29,106
CIK0001509991-submissions-001.json,0001509991,2011-01-14,2013-01-02,125
CIK0001511337-submissions-001.json,0001511337,2011-02-02,2014-06-30,323
CIK0001512499-submissions-001.json,0001512499,2011-02-15,2014-05-19,58
CIK0001514416-submissions-001.json,0001514416,2011-03-09,2018-07-16,99
CIK0001514705-submissions-001.json,0001514705,2011-03-23,2013-07-21,220
CIK0001514991-submissions-001.json,0001514991,2011-03-17,2012-11-11,187
CIK0001515673-submissions-001.json,0001515673,2011-03-16,2015-06-10,135
CIK0001517175-submissions-001.json,0001517175,2011-04-12,2011-08-02,35
CIK0001517228-submissions-001.json,0001517228,2011-04-04,2015-06-16,233
CIK0001517413-submissions-001.json,0001517413,2014-11-04,2020-02-22,136
CIK0001518715-submissions-001.json,0001518715,2011-05-06,2018-05-01,981
CIK0001519061-submissions-001.json,0001519061,2011-06-27,2015-05-06,99
CIK0001519401-submissions-001.json,0001519401,2011-05-16,2013-08-12,109
CIK0001520006-submissions-001.json,0001520006,2011-08-12,2017-02-15,583
CIK0001520262-submissions-001.json,0001520262,2011-05-09,2017-03-27,913
CIK0001520697-submissions-001.json,0001520697,2011-05-24,2013-12-02,303
CIK0001521036-submissions-001.json,0001521036,2014-03-25,2016-03-06,93
CIK0001521951-submissions-001.json,0001521951,2011-07-29,2014-10-14,266
CIK0001524358-submissions-001.json,0001524358,2011-06-28,2018-09-10,785
CIK0001525769-submissions-001.json,0001525769,2011-07-15,2016-05-15,256
CIK0001526113-submissions-001.json,0001526113,2011-10-27,2014-10-22,127
CIK0001526119-submissions-001.json,0001526119,2011-07-26,2012-02-01,35
CIK0001527166-submissions-001.json,0001527166,2011-09-06,2016-02-14,358
CIK0001527541-submissions-001.json,0001527541,2011-08-17,2018-09-19,840
CIK0001528396-submissions-001.json,0001528396,2011-09-02,2018-09-15,1125
CIK0001529864-submissions-001.json,0001529864,2011-09-15,2016-05-17,220
CIK0001530249-submissions-001.json,0001530249,2011-10-03,2012-05-01,3
CIK0001530766-submissions-001.json,0001530766,2011-09-22,2014-01-19,16
CIK0001530804-submissions-001.json,0001530804,2011-09-26,2012-10-03,89
CIK0001530950-submissions-001.json,0001530950,2011-09-26,2021-11-16,1536
CIK0001533924-submissions-001.json,0001533924,2011-11-14,2012-02-14,9
CIK0001534120-submissions-001.json,0001534120,2012-04-04,2017-04-02,208
CIK0001534504-submissions-001.json,0001534504,2011-11-14,2016-05-31,371
CIK0001535929-submissions-001.json,0001535929,2012-11-09,2019-02-04,840
CIK0001537054-submissions-001.json,0001537054,2011-12-23,2017-05-29,472
CIK0001543418-submissions-001.json,0001543418,2012-03-01,2014-02-17,114
CIK0001544227-submissions-001.json,0001544227,2012-04-09,2012-08-12,24
CIK0001546417-submissions-001.json,0001546417,2012-04-06,2013-04-23,102
CIK0001552000-submissions-001.json,0001552000,2012-07-02,2016-12-19,528
CIK0001552033-submissions-001.json,0001552033,2012-07-25,2017-02-20,251
CIK0001553846-submissions-001.json,0001553846,2012-10-01,2013-02-11,18
CIK0001559053-submissions-001.json,0001559053,2012-10-01,2012-12-19,11
CIK0001560385-submissions-001.json,0001560385,2012-10-19,2019-08-06,774
CIK0001561894-submissions-001.json,0001561894,2012-11-09,2013-04-14,19
CIK0001562401-submissions-001.json,0001562401,2012-12-07,2014-08-11,142
CIK0001564408-submissions-001.json,0001564408,2013-02-12,2018-11-04,209
CIK0001564902-submissions-001.json,0001564902,2012-12-27,2019-09-14,638
CIK0001565025-submissions-001.json,0001565025,2012-12-20,2014-07-13,92
CIK0001567683-submissions-001.json,0001567683,2013-02-13,2017-02-04,295
CIK0001570585-submissions-001.json,0001570585,2013-03-07,2019-09-30,1463
CIK0001571123-submissions-001.json,0001571123,2013-03-07,2016-04-10,357
CIK0001573516-submissions-001.json,0001573516,2013-05-06,2018-02-07,326
CIK0001574085-submissions-001.json,0001574085,2013-06-17,2016-10-31,439
CIK0001575515-submissions-001.json,0001575515,2013-05-09,2015-03-17,223
CIK0001576280-submissions-001.json,0001576280,2014-02-14,2020-04-05,215
CIK0001579298-submissions-001.json,0001579298,2013-06-27,2014-06-04,89
CIK0001581280-submissions-001.json,0001581280,2013-07-12,2022-04-03,582
CIK0001582982-submissions-001.json,0001582982,2013-09-09,2014-04-05,7
CIK0001583107-submissions-001.json,0001583107,2013-08-01,2015-06-02,124
CIK0001584509-submissions-001.json,0001584509,2013-09-09,2019-11-16,1109
CIK0001585521-submissions-001.json,0001585521,2013-09-04,2020-01-29,120
CIK0001585608-submissions-001.json,0001585608,2013-09-05,2016-02-07,92
CIK0001587987-submissions-001.json,0001587987,2013-10-01,2015-08-25,96
CIK0001591698-submissions-001.json,0001591698,2013-12-05,2019-02-10,362
CIK0001595974-submissions-001.json,0001595974,2014-01-16,2018-08-15,289
CIK0001596967-submissions-001.json,0001596967,2014-01-17,2017-08-19,412
CIK0001597033-submissions-001.json,0001597033,2014-01-21,2015-11-07,160
CIK0001604028-submissions-001.json,0001604028,2014-04-02,2014-07-22,17
CIK0001604464-submissions-001.json,0001604464,2014-04-10,2015-07-07,128
CIK0001604821-submissions-001.json,0001604821,2014-05-14,2022-03-12,796
CIK0001609253-submissions-001.json,0001609253,2014-06-05,2016-07-10,233
CIK0001610520-submissions-001.json,0001610520,2014-06-17,2016-03-08,332
CIK0001611647-submissions-001.json,0001611647,2014-06-27,2014-11-04,21
CIK0001614178-submissions-001.json,0001614178,2014-08-13,2018-06-26,257
CIK0001616707-submissions-001.json,0001616707,2014-05-07,2020-06-15,1872
CIK0001616862-submissions-001.json,0001616862,2014-08-20,2015-08-12,112
CIK0001617640-submissions-001.json,0001617640,2014-09-12,2020-08-03,657
CIK0001618673-submissions-001.json,0001618673,2014-09-09,2016-11-14,113
CIK0001618732-submissions-001.json,0001618732,2014-09-09,2016-08-14,14
CIK0001618756-submissions-001.json,0001618756,2014-09-16,2019-02-12,427
CIK0001620533-submissions-001.json,0001620533,2014-09-30,2015-12-12,293
CIK0001630805-submissions-001.json,0001630805,2015-03-16,2016-04-11,123
CIK0001635282-submissions-001.json,0001635282,2015-03-13,2017-10-18,159
CIK0001639825-submissions-001.json,0001639825,2015-04-22,2020-03-01,91
CIK0001640147-submissions-001.json,0001640147,2017-04-11,2022-02-08,261
CIK0001640428-submissions-001.json,0001640428,2015-04-30,2020-03-31,257
CIK0001642896-submissions-001.json,0001642896,2015-05-20,2023-01-24,183
CIK0001645113-submissions-001.json,0001645113,2015-06-24,2017-05-16,168
CIK0001646972-submissions-001.json,0001646972,2015-07-08,2020-06-30,166
CIK0001649749-submissions-001.json,0001649749,2015-09-25,2016-09-13,16
CIK0001650164-submissions-001.json,0001650164,2015-08-06,2022-02-12,106
CIK0001650372-submissions-001.json,0001650372,2015-08-21,2024-09-22,1509
CIK0001651308-submissions-001.json,0001651308,2015-08-28,2018-08-29,260
CIK0001660134-submissions-001.json,0001660134,2016-12-20,2017-08-09,55
CIK0001664703-submissions-001.json,0001664703,2016-03-25,2018-08-01,97
CIK0001665918-submissions-001.json,0001665918,2016-02-09,2016-06-05,45
CIK0001666071-submissions-001.json,0001666071,2017-04-05,2018-02-06,26
CIK0001666134-submissions-001.json,0001666134,2016-02-12,2016-10-25,15
CIK0001666700-submissions-001.json,0001666700,2016-03-01,2018-09-16,260
CIK0001673358-submissions-001.json,0001673358,2016-05-03,2017-12-24,201
CIK0001674862-submissions-001.json,0001674862,2016-05-31,2016-11-14,75
CIK0001679049-submissions-001.json,0001679049,2016-07-15,2018-05-12,167
CIK0001692115-submissions-001.json,0001692115,2017-01-03,2018-02-28,114
CIK0001694426-submissions-001.json,0001694426,2017-02-28,2017-04-04,2
CIK0001703056-submissions-001.json,0001703056,2017-04-11,2018-01-16,20
CIK0001709164-submissions-001.json,0001709164,2017-06-16,2021-10-02,848
CIK0001712184-submissions-001.json,0001712184,2017-07-21,2018-03-19,70
CIK0001720592-submissions-001.json,0001720592,2017-10-30,2018-06-16,13
CIK0001722684-submissions-001.json,0001722684,2017-11-21,2018-12-02,89
CIK0001726978-submissions-001.json,0001726978,2018-01-16,2020-02-23,566
CIK0001735707-submissions-001.json,0001735707,2018-05-01,2018-06-06,2
CIK0001739104-submissions-001.json,0001739104,2018-05-25,2018-09-04,9
CIK0001745916-submissions-001.json,0001745916,2018-08-02,2019-05-04,94
CIK0001769628-submissions-001.json,0001769628,2019-03-11,2025-07-07,105
CIK0001773751-submissions-001.json,0001773751,2019-05-02,2022-03-27,273
CIK0001794515-submissions-001.json,0001794515,2019-11-25,2021-07-26,348
CIK0001819848-submissions-001.json,0001819848,2020-08-12,2023-06-14,434
CIK0001830214-submissions-001.json,0001830214,2020-10-30,2023-05-30,555
